Segment,Start,End,NGS_read_count,ACC_num,Context,Compartment,Resolution,Replicate
PB1,100,223,1,SRR15183338,in vivo,extracellular,bulk,1-1
PB1,102,330,1,SRR15183338,in vivo,extracellular,bulk,1-1
PB1,1036,2109,2,SRR15183338,in vivo,extracellular,bulk,1-1
PB1,108,1939,1,SRR15183338,in vivo,extracellular,bulk,1-1
PB1,109,142,376,SRR15183338,in vivo,extracellular,bulk,1-1
PB1,110,2185,47,SRR15183338,in vivo,extracellular,bulk,1-1
PB1,119,2262,6,SRR15183338,in vivo,extracellular,bulk,1-1
PB1,129,2158,7,SRR15183338,in vivo,extracellular,bulk,1-1
PB1,1359,2042,1,SRR15183338,in vivo,extracellular,bulk,1-1
PB1,136,345,2,SRR15183338,in vivo,extracellular,bulk,1-1
PB1,142,223,2,SRR15183338,in vivo,extracellular,bulk,1-1
PB1,145,305,1,SRR15183338,in vivo,extracellular,bulk,1-1
PB1,1469,1934,2,SRR15183338,in vivo,extracellular,bulk,1-1
PB1,1511,1686,1,SRR15183338,in vivo,extracellular,bulk,1-1
PB1,153,515,1,SRR15183338,in vivo,extracellular,bulk,1-1
PB1,1548,2033,2,SRR15183338,in vivo,extracellular,bulk,1-1
PB1,1566,2235,1,SRR15183338,in vivo,extracellular,bulk,1-1
PB1,159,942,2,SRR15183338,in vivo,extracellular,bulk,1-1
PB1,165,910,2,SRR15183338,in vivo,extracellular,bulk,1-1
PB1,1803,2165,1,SRR15183338,in vivo,extracellular,bulk,1-1
PB1,1837,1939,2,SRR15183338,in vivo,extracellular,bulk,1-1
PB1,1837,2162,1,SRR15183338,in vivo,extracellular,bulk,1-1
PB1,185,2059,1,SRR15183338,in vivo,extracellular,bulk,1-1
PB1,1875,2061,1,SRR15183338,in vivo,extracellular,bulk,1-1
PB1,1943,2001,1,SRR15183338,in vivo,extracellular,bulk,1-1
PB1,2011,2042,1,SRR15183338,in vivo,extracellular,bulk,1-1
PB1,2041,2122,2,SRR15183338,in vivo,extracellular,bulk,1-1
PB1,2127,2186,89,SRR15183338,in vivo,extracellular,bulk,1-1
PB1,2128,2186,2,SRR15183338,in vivo,extracellular,bulk,1-1
PB1,2128,2187,27,SRR15183338,in vivo,extracellular,bulk,1-1
PB1,2131,2190,9488,SRR15183338,in vivo,extracellular,bulk,1-1
PB1,2132,2191,5,SRR15183338,in vivo,extracellular,bulk,1-1
PB1,2137,2191,1,SRR15183338,in vivo,extracellular,bulk,1-1
PB1,2189,2213,2,SRR15183338,in vivo,extracellular,bulk,1-1
PB1,233,282,2,SRR15183338,in vivo,extracellular,bulk,1-1
PB1,234,1917,2,SRR15183338,in vivo,extracellular,bulk,1-1
PB1,236,1850,1,SRR15183338,in vivo,extracellular,bulk,1-1
PB1,240,2171,234,SRR15183338,in vivo,extracellular,bulk,1-1
PB1,242,375,2,SRR15183338,in vivo,extracellular,bulk,1-1
PB1,266,1944,1,SRR15183338,in vivo,extracellular,bulk,1-1
PB1,278,1834,1,SRR15183338,in vivo,extracellular,bulk,1-1
PB1,280,1836,559,SRR15183338,in vivo,extracellular,bulk,1-1
PB1,280,2207,4,SRR15183338,in vivo,extracellular,bulk,1-1
PB1,286,2123,10,SRR15183338,in vivo,extracellular,bulk,1-1
PB1,290,2005,1,SRR15183338,in vivo,extracellular,bulk,1-1
PB1,294,410,1,SRR15183338,in vivo,extracellular,bulk,1-1
PB1,297,319,1,SRR15183338,in vivo,extracellular,bulk,1-1
PB1,305,1776,34,SRR15183338,in vivo,extracellular,bulk,1-1
PB1,305,2017,70,SRR15183338,in vivo,extracellular,bulk,1-1
PB1,308,2020,1,SRR15183338,in vivo,extracellular,bulk,1-1
PB1,310,2002,2,SRR15183338,in vivo,extracellular,bulk,1-1
PB1,310,2195,2,SRR15183338,in vivo,extracellular,bulk,1-1
PB1,311,2118,2,SRR15183338,in vivo,extracellular,bulk,1-1
PB1,322,2075,2,SRR15183338,in vivo,extracellular,bulk,1-1
PB1,323,1946,51,SRR15183338,in vivo,extracellular,bulk,1-1
PB1,334,1975,9,SRR15183338,in vivo,extracellular,bulk,1-1
PB1,334,2028,6,SRR15183338,in vivo,extracellular,bulk,1-1
PB1,337,1934,1,SRR15183338,in vivo,extracellular,bulk,1-1
PB1,337,1977,2,SRR15183338,in vivo,extracellular,bulk,1-1
PB1,337,1978,14616,SRR15183338,in vivo,extracellular,bulk,1-1
PB1,337,1979,4,SRR15183338,in vivo,extracellular,bulk,1-1
PB1,337,2051,9,SRR15183338,in vivo,extracellular,bulk,1-1
PB1,337,426,2,SRR15183338,in vivo,extracellular,bulk,1-1
PB1,338,1979,36,SRR15183338,in vivo,extracellular,bulk,1-1
PB1,345,1915,1,SRR15183338,in vivo,extracellular,bulk,1-1
PB1,346,1916,1,SRR15183338,in vivo,extracellular,bulk,1-1
PB1,349,1984,23,SRR15183338,in vivo,extracellular,bulk,1-1
PB1,357,2019,2,SRR15183338,in vivo,extracellular,bulk,1-1
PB1,366,1944,1,SRR15183338,in vivo,extracellular,bulk,1-1
PB1,368,1978,470,SRR15183338,in vivo,extracellular,bulk,1-1
PB1,375,1939,90,SRR15183338,in vivo,extracellular,bulk,1-1
PB1,378,1940,1,SRR15183338,in vivo,extracellular,bulk,1-1
PB1,383,1818,180,SRR15183338,in vivo,extracellular,bulk,1-1
PB1,385,1918,3,SRR15183338,in vivo,extracellular,bulk,1-1
PB1,387,1920,1458,SRR15183338,in vivo,extracellular,bulk,1-1
PB1,388,2045,88,SRR15183338,in vivo,extracellular,bulk,1-1
PB1,398,683,2,SRR15183338,in vivo,extracellular,bulk,1-1
PB1,404,2168,1,SRR15183338,in vivo,extracellular,bulk,1-1
PB1,417,2014,1,SRR15183338,in vivo,extracellular,bulk,1-1
PB1,419,1923,17,SRR15183338,in vivo,extracellular,bulk,1-1
PB1,420,1808,346,SRR15183338,in vivo,extracellular,bulk,1-1
PB1,420,1817,3,SRR15183338,in vivo,extracellular,bulk,1-1
PB1,420,2041,114,SRR15183338,in vivo,extracellular,bulk,1-1
PB1,424,1902,1,SRR15183338,in vivo,extracellular,bulk,1-1
PB1,424,949,1,SRR15183338,in vivo,extracellular,bulk,1-1
PB1,425,1997,1,SRR15183338,in vivo,extracellular,bulk,1-1
PB1,427,1905,20,SRR15183338,in vivo,extracellular,bulk,1-1
PB1,428,1214,1,SRR15183338,in vivo,extracellular,bulk,1-1
PB1,435,1863,164,SRR15183338,in vivo,extracellular,bulk,1-1
PB1,435,982,1,SRR15183338,in vivo,extracellular,bulk,1-1
PB1,438,1628,1,SRR15183338,in vivo,extracellular,bulk,1-1
PB1,440,1271,1,SRR15183338,in vivo,extracellular,bulk,1-1
PB1,441,2002,95,SRR15183338,in vivo,extracellular,bulk,1-1
PB1,452,2046,2,SRR15183338,in vivo,extracellular,bulk,1-1
PB1,454,1989,4,SRR15183338,in vivo,extracellular,bulk,1-1
PB1,455,1990,427,SRR15183338,in vivo,extracellular,bulk,1-1
PB1,457,1992,1,SRR15183338,in vivo,extracellular,bulk,1-1
PB1,460,1123,2,SRR15183338,in vivo,extracellular,bulk,1-1
PB1,461,1920,1,SRR15183338,in vivo,extracellular,bulk,1-1
PB1,462,1619,1,SRR15183338,in vivo,extracellular,bulk,1-1
PB1,462,1775,230,SRR15183338,in vivo,extracellular,bulk,1-1
PB1,463,1776,5,SRR15183338,in vivo,extracellular,bulk,1-1
PB1,491,1916,1,SRR15183338,in vivo,extracellular,bulk,1-1
PB1,492,1869,1,SRR15183338,in vivo,extracellular,bulk,1-1
PB1,497,1905,2,SRR15183338,in vivo,extracellular,bulk,1-1
PB1,504,1885,1,SRR15183338,in vivo,extracellular,bulk,1-1
PB1,505,1740,12,SRR15183338,in vivo,extracellular,bulk,1-1
PB1,506,1821,44,SRR15183338,in vivo,extracellular,bulk,1-1
PB1,507,1735,2,SRR15183338,in vivo,extracellular,bulk,1-1
PB1,509,1744,6472,SRR15183338,in vivo,extracellular,bulk,1-1
PB1,509,1776,4,SRR15183338,in vivo,extracellular,bulk,1-1
PB1,509,1890,41,SRR15183338,in vivo,extracellular,bulk,1-1
PB1,509,2207,1,SRR15183338,in vivo,extracellular,bulk,1-1
PB1,510,1745,8,SRR15183338,in vivo,extracellular,bulk,1-1
PB1,510,1901,45,SRR15183338,in vivo,extracellular,bulk,1-1
PB1,529,1729,64,SRR15183338,in vivo,extracellular,bulk,1-1
PB1,529,1840,1,SRR15183338,in vivo,extracellular,bulk,1-1
PB1,52,1676,1,SRR15183338,in vivo,extracellular,bulk,1-1
PB1,530,1432,1,SRR15183338,in vivo,extracellular,bulk,1-1
PB1,530,1587,66,SRR15183338,in vivo,extracellular,bulk,1-1
PB1,530,1760,90,SRR15183338,in vivo,extracellular,bulk,1-1
PB1,531,1780,2,SRR15183338,in vivo,extracellular,bulk,1-1
PB1,535,1782,4,SRR15183338,in vivo,extracellular,bulk,1-1
PB1,535,2041,2,SRR15183338,in vivo,extracellular,bulk,1-1
PB1,538,1834,190,SRR15183338,in vivo,extracellular,bulk,1-1
PB1,538,2237,1,SRR15183338,in vivo,extracellular,bulk,1-1
PB1,539,1835,1,SRR15183338,in vivo,extracellular,bulk,1-1
PB1,541,1589,47,SRR15183338,in vivo,extracellular,bulk,1-1
PB1,542,1768,155,SRR15183338,in vivo,extracellular,bulk,1-1
PB1,577,1779,4,SRR15183338,in vivo,extracellular,bulk,1-1
PB1,579,1737,1,SRR15183338,in vivo,extracellular,bulk,1-1
PB1,580,1769,7,SRR15183338,in vivo,extracellular,bulk,1-1
PB1,582,1811,128,SRR15183338,in vivo,extracellular,bulk,1-1
PB1,582,1815,72,SRR15183338,in vivo,extracellular,bulk,1-1
PB1,585,1750,1,SRR15183338,in vivo,extracellular,bulk,1-1
PB1,585,1934,2,SRR15183338,in vivo,extracellular,bulk,1-1
PB1,586,1756,95,SRR15183338,in vivo,extracellular,bulk,1-1
PB1,588,1775,2,SRR15183338,in vivo,extracellular,bulk,1-1
PB1,588,2031,2,SRR15183338,in vivo,extracellular,bulk,1-1
PB1,593,1768,105,SRR15183338,in vivo,extracellular,bulk,1-1
PB1,597,1746,2,SRR15183338,in vivo,extracellular,bulk,1-1
PB1,597,1776,1,SRR15183338,in vivo,extracellular,bulk,1-1
PB1,598,1738,69,SRR15183338,in vivo,extracellular,bulk,1-1
PB1,59,504,1,SRR15183338,in vivo,extracellular,bulk,1-1
PB1,610,1743,1,SRR15183338,in vivo,extracellular,bulk,1-1
PB1,611,1741,55,SRR15183338,in vivo,extracellular,bulk,1-1
PB1,611,1744,152,SRR15183338,in vivo,extracellular,bulk,1-1
PB1,623,1757,103,SRR15183338,in vivo,extracellular,bulk,1-1
PB1,624,1745,51,SRR15183338,in vivo,extracellular,bulk,1-1
PB1,627,1772,145,SRR15183338,in vivo,extracellular,bulk,1-1
PB1,630,1777,1,SRR15183338,in vivo,extracellular,bulk,1-1
PB1,633,1708,4,SRR15183338,in vivo,extracellular,bulk,1-1
PB1,641,1720,7,SRR15183338,in vivo,extracellular,bulk,1-1
PB1,644,1700,3,SRR15183338,in vivo,extracellular,bulk,1-1
PB1,644,1737,30,SRR15183338,in vivo,extracellular,bulk,1-1
PB1,644,1758,115,SRR15183338,in vivo,extracellular,bulk,1-1
PB1,645,1759,1,SRR15183338,in vivo,extracellular,bulk,1-1
PB1,670,1630,1,SRR15183338,in vivo,extracellular,bulk,1-1
PB1,676,1708,1,SRR15183338,in vivo,extracellular,bulk,1-1
PB1,686,1943,2,SRR15183338,in vivo,extracellular,bulk,1-1
PB1,690,1695,1,SRR15183338,in vivo,extracellular,bulk,1-1
PB1,694,1736,6,SRR15183338,in vivo,extracellular,bulk,1-1
PB1,695,1724,59,SRR15183338,in vivo,extracellular,bulk,1-1
PB1,697,1594,8,SRR15183338,in vivo,extracellular,bulk,1-1
PB1,701,1585,1,SRR15183338,in vivo,extracellular,bulk,1-1
PB1,702,1595,53,SRR15183338,in vivo,extracellular,bulk,1-1
PB1,715,1916,48,SRR15183338,in vivo,extracellular,bulk,1-1
PB1,722,1574,34,SRR15183338,in vivo,extracellular,bulk,1-1
PB1,728,1561,63,SRR15183338,in vivo,extracellular,bulk,1-1
PB1,728,1737,59,SRR15183338,in vivo,extracellular,bulk,1-1
PB1,730,1675,28,SRR15183338,in vivo,extracellular,bulk,1-1
PB1,769,1512,10,SRR15183338,in vivo,extracellular,bulk,1-1
PB1,770,2059,2,SRR15183338,in vivo,extracellular,bulk,1-1
PB1,772,1698,1,SRR15183338,in vivo,extracellular,bulk,1-1
PB1,775,1701,3,SRR15183338,in vivo,extracellular,bulk,1-1
PB1,794,1495,2,SRR15183338,in vivo,extracellular,bulk,1-1
PB1,795,1490,19,SRR15183338,in vivo,extracellular,bulk,1-1
PB1,795,1535,20,SRR15183338,in vivo,extracellular,bulk,1-1
PB1,796,1518,14,SRR15183338,in vivo,extracellular,bulk,1-1
PB1,798,1489,15,SRR15183338,in vivo,extracellular,bulk,1-1
PB1,798,1534,19,SRR15183338,in vivo,extracellular,bulk,1-1
PB1,799,1496,25,SRR15183338,in vivo,extracellular,bulk,1-1
PB1,799,1576,1,SRR15183338,in vivo,extracellular,bulk,1-1
PB1,800,1611,15,SRR15183338,in vivo,extracellular,bulk,1-1
PB1,801,1699,1,SRR15183338,in vivo,extracellular,bulk,1-1
PB1,822,1445,1,SRR15183338,in vivo,extracellular,bulk,1-1
PB1,829,1495,59,SRR15183338,in vivo,extracellular,bulk,1-1
PB1,832,1506,2,SRR15183338,in vivo,extracellular,bulk,1-1
PB1,832,1836,3,SRR15183338,in vivo,extracellular,bulk,1-1
PB1,840,1448,76,SRR15183338,in vivo,extracellular,bulk,1-1
PB1,848,1488,24,SRR15183338,in vivo,extracellular,bulk,1-1
PB1,848,1560,5,SRR15183338,in vivo,extracellular,bulk,1-1
PB1,848,1568,14,SRR15183338,in vivo,extracellular,bulk,1-1
PB1,867,1589,12,SRR15183338,in vivo,extracellular,bulk,1-1
PB1,871,1448,12,SRR15183338,in vivo,extracellular,bulk,1-1
PB1,872,1611,4,SRR15183338,in vivo,extracellular,bulk,1-1
PB1,875,1942,1,SRR15183338,in vivo,extracellular,bulk,1-1
PB1,89,1938,1,SRR15183338,in vivo,extracellular,bulk,1-1
PB1,904,1497,10,SRR15183338,in vivo,extracellular,bulk,1-1
PB1,906,1446,25,SRR15183338,in vivo,extracellular,bulk,1-1
PB1,909,1625,12,SRR15183338,in vivo,extracellular,bulk,1-1
PB1,90,2215,8,SRR15183338,in vivo,extracellular,bulk,1-1
PB1,91,502,1,SRR15183338,in vivo,extracellular,bulk,1-1
PB1,92,2030,225,SRR15183338,in vivo,extracellular,bulk,1-1
PB1,945,1771,2,SRR15183338,in vivo,extracellular,bulk,1-1
PB1,946,2047,3,SRR15183338,in vivo,extracellular,bulk,1-1
PB1,950,1775,1,SRR15183338,in vivo,extracellular,bulk,1-1
PB1,961,1626,1,SRR15183338,in vivo,extracellular,bulk,1-1
PB2,1006,1638,2,SRR15183338,in vivo,extracellular,bulk,1-1
PB2,1006,1862,1,SRR15183338,in vivo,extracellular,bulk,1-1
PB2,1015,2129,1,SRR15183338,in vivo,extracellular,bulk,1-1
PB2,1018,1881,1,SRR15183338,in vivo,extracellular,bulk,1-1
PB2,1042,2291,1,SRR15183338,in vivo,extracellular,bulk,1-1
PB2,1115,1398,1,SRR15183338,in vivo,extracellular,bulk,1-1
PB2,1121,2002,4,SRR15183338,in vivo,extracellular,bulk,1-1
PB2,1168,1682,2,SRR15183338,in vivo,extracellular,bulk,1-1
PB2,1173,2266,2,SRR15183338,in vivo,extracellular,bulk,1-1
PB2,1180,1860,1,SRR15183338,in vivo,extracellular,bulk,1-1
PB2,1186,1366,1,SRR15183338,in vivo,extracellular,bulk,1-1
PB2,1205,1870,1,SRR15183338,in vivo,extracellular,bulk,1-1
PB2,1207,1437,2,SRR15183338,in vivo,extracellular,bulk,1-1
PB2,1239,1970,1,SRR15183338,in vivo,extracellular,bulk,1-1
PB2,1313,1992,1,SRR15183338,in vivo,extracellular,bulk,1-1
PB2,1346,2035,1,SRR15183338,in vivo,extracellular,bulk,1-1
PB2,1347,1660,1,SRR15183338,in vivo,extracellular,bulk,1-1
PB2,135,586,2,SRR15183338,in vivo,extracellular,bulk,1-1
PB2,1387,1878,2,SRR15183338,in vivo,extracellular,bulk,1-1
PB2,1392,1994,2,SRR15183338,in vivo,extracellular,bulk,1-1
PB2,1394,2227,2,SRR15183338,in vivo,extracellular,bulk,1-1
PB2,149,286,2,SRR15183338,in vivo,extracellular,bulk,1-1
PB2,152,1402,1,SRR15183338,in vivo,extracellular,bulk,1-1
PB2,1544,2122,1,SRR15183338,in vivo,extracellular,bulk,1-1
PB2,164,2144,27,SRR15183338,in vivo,extracellular,bulk,1-1
PB2,164,2211,30,SRR15183338,in vivo,extracellular,bulk,1-1
PB2,1696,2256,1,SRR15183338,in vivo,extracellular,bulk,1-1
PB2,1698,1792,1,SRR15183338,in vivo,extracellular,bulk,1-1
PB2,1738,2089,1,SRR15183338,in vivo,extracellular,bulk,1-1
PB2,176,1304,1,SRR15183338,in vivo,extracellular,bulk,1-1
PB2,178,2270,1,SRR15183338,in vivo,extracellular,bulk,1-1
PB2,191,2191,26,SRR15183338,in vivo,extracellular,bulk,1-1
PB2,192,2192,1,SRR15183338,in vivo,extracellular,bulk,1-1
PB2,2005,2325,2,SRR15183338,in vivo,extracellular,bulk,1-1
PB2,2016,2052,2,SRR15183338,in vivo,extracellular,bulk,1-1
PB2,203,2146,8,SRR15183338,in vivo,extracellular,bulk,1-1
PB2,213,1524,1,SRR15183338,in vivo,extracellular,bulk,1-1
PB2,213,338,1,SRR15183338,in vivo,extracellular,bulk,1-1
PB2,214,251,2,SRR15183338,in vivo,extracellular,bulk,1-1
PB2,216,1456,2,SRR15183338,in vivo,extracellular,bulk,1-1
PB2,2237,2265,10,SRR15183338,in vivo,extracellular,bulk,1-1
PB2,236,1974,1,SRR15183338,in vivo,extracellular,bulk,1-1
PB2,243,2142,6,SRR15183338,in vivo,extracellular,bulk,1-1
PB2,244,1912,30,SRR15183338,in vivo,extracellular,bulk,1-1
PB2,244,2125,12,SRR15183338,in vivo,extracellular,bulk,1-1
PB2,244,2144,122,SRR15183338,in vivo,extracellular,bulk,1-1
PB2,244,2206,70,SRR15183338,in vivo,extracellular,bulk,1-1
PB2,245,2213,5,SRR15183338,in vivo,extracellular,bulk,1-1
PB2,250,299,1,SRR15183338,in vivo,extracellular,bulk,1-1
PB2,251,2123,48,SRR15183338,in vivo,extracellular,bulk,1-1
PB2,270,1836,2,SRR15183338,in vivo,extracellular,bulk,1-1
PB2,277,1090,1,SRR15183338,in vivo,extracellular,bulk,1-1
PB2,291,1632,2,SRR15183338,in vivo,extracellular,bulk,1-1
PB2,301,836,1,SRR15183338,in vivo,extracellular,bulk,1-1
PB2,303,1911,1,SRR15183338,in vivo,extracellular,bulk,1-1
PB2,304,1309,2,SRR15183338,in vivo,extracellular,bulk,1-1
PB2,304,891,1,SRR15183338,in vivo,extracellular,bulk,1-1
PB2,312,2020,81,SRR15183338,in vivo,extracellular,bulk,1-1
PB2,316,2024,1,SRR15183338,in vivo,extracellular,bulk,1-1
PB2,330,1980,18,SRR15183338,in vivo,extracellular,bulk,1-1
PB2,335,1411,1,SRR15183338,in vivo,extracellular,bulk,1-1
PB2,342,1524,2,SRR15183338,in vivo,extracellular,bulk,1-1
PB2,356,906,1,SRR15183338,in vivo,extracellular,bulk,1-1
PB2,364,1956,130,SRR15183338,in vivo,extracellular,bulk,1-1
PB2,391,1392,1,SRR15183338,in vivo,extracellular,bulk,1-1
PB2,394,1936,1,SRR15183338,in vivo,extracellular,bulk,1-1
PB2,395,1937,1237,SRR15183338,in vivo,extracellular,bulk,1-1
PB2,397,1927,206,SRR15183338,in vivo,extracellular,bulk,1-1
PB2,398,1868,184,SRR15183338,in vivo,extracellular,bulk,1-1
PB2,401,2210,2,SRR15183338,in vivo,extracellular,bulk,1-1
PB2,405,1889,101,SRR15183338,in vivo,extracellular,bulk,1-1
PB2,406,1890,1,SRR15183338,in vivo,extracellular,bulk,1-1
PB2,411,1958,68,SRR15183338,in vivo,extracellular,bulk,1-1
PB2,418,2036,5,SRR15183338,in vivo,extracellular,bulk,1-1
PB2,425,2139,1,SRR15183338,in vivo,extracellular,bulk,1-1
PB2,428,1959,5,SRR15183338,in vivo,extracellular,bulk,1-1
PB2,433,1877,2,SRR15183338,in vivo,extracellular,bulk,1-1
PB2,443,1907,29,SRR15183338,in vivo,extracellular,bulk,1-1
PB2,444,1878,11,SRR15183338,in vivo,extracellular,bulk,1-1
PB2,446,2022,533,SRR15183338,in vivo,extracellular,bulk,1-1
PB2,448,617,2,SRR15183338,in vivo,extracellular,bulk,1-1
PB2,449,2055,8,SRR15183338,in vivo,extracellular,bulk,1-1
PB2,44,2070,2,SRR15183338,in vivo,extracellular,bulk,1-1
PB2,453,1777,468,SRR15183338,in vivo,extracellular,bulk,1-1
PB2,454,1778,1,SRR15183338,in vivo,extracellular,bulk,1-1
PB2,457,2058,1,SRR15183338,in vivo,extracellular,bulk,1-1
PB2,457,2080,1,SRR15183338,in vivo,extracellular,bulk,1-1
PB2,459,2064,1,SRR15183338,in vivo,extracellular,bulk,1-1
PB2,45,1501,1,SRR15183338,in vivo,extracellular,bulk,1-1
PB2,461,493,1,SRR15183338,in vivo,extracellular,bulk,1-1
PB2,481,2007,1,SRR15183338,in vivo,extracellular,bulk,1-1
PB2,50,617,2,SRR15183338,in vivo,extracellular,bulk,1-1
PB2,528,1739,6,SRR15183338,in vivo,extracellular,bulk,1-1
PB2,537,1880,2,SRR15183338,in vivo,extracellular,bulk,1-1
PB2,564,1784,75,SRR15183338,in vivo,extracellular,bulk,1-1
PB2,576,1087,1,SRR15183338,in vivo,extracellular,bulk,1-1
PB2,577,1963,2,SRR15183338,in vivo,extracellular,bulk,1-1
PB2,583,992,1,SRR15183338,in vivo,extracellular,bulk,1-1
PB2,594,2080,2,SRR15183338,in vivo,extracellular,bulk,1-1
PB2,600,1711,1,SRR15183338,in vivo,extracellular,bulk,1-1
PB2,605,1655,10,SRR15183338,in vivo,extracellular,bulk,1-1
PB2,608,1747,1,SRR15183338,in vivo,extracellular,bulk,1-1
PB2,610,2070,2,SRR15183338,in vivo,extracellular,bulk,1-1
PB2,612,765,1,SRR15183338,in vivo,extracellular,bulk,1-1
PB2,613,706,2,SRR15183338,in vivo,extracellular,bulk,1-1
PB2,618,1736,12,SRR15183338,in vivo,extracellular,bulk,1-1
PB2,631,1283,1,SRR15183338,in vivo,extracellular,bulk,1-1
PB2,635,1707,347,SRR15183338,in vivo,extracellular,bulk,1-1
PB2,647,1740,16,SRR15183338,in vivo,extracellular,bulk,1-1
PB2,706,2314,2,SRR15183338,in vivo,extracellular,bulk,1-1
PB2,723,1436,1,SRR15183338,in vivo,extracellular,bulk,1-1
PB2,734,2055,1,SRR15183338,in vivo,extracellular,bulk,1-1
PB2,740,1152,1,SRR15183338,in vivo,extracellular,bulk,1-1
PB2,748,2068,1,SRR15183338,in vivo,extracellular,bulk,1-1
PB2,771,1541,7,SRR15183338,in vivo,extracellular,bulk,1-1
PB2,77,238,1,SRR15183338,in vivo,extracellular,bulk,1-1
PB2,854,1413,1,SRR15183338,in vivo,extracellular,bulk,1-1
PB2,965,1176,1,SRR15183338,in vivo,extracellular,bulk,1-1
PB2,994,1363,1,SRR15183338,in vivo,extracellular,bulk,1-1
PB2,997,1370,2,SRR15183338,in vivo,extracellular,bulk,1-1
PB2,999,2008,1,SRR15183338,in vivo,extracellular,bulk,1-1
PA,1588,2063,1,SRR15183338,in vivo,extracellular,bulk,1-1
PA,178,1519,4,SRR15183338,in vivo,extracellular,bulk,1-1
PA,213,1448,124,SRR15183338,in vivo,extracellular,bulk,1-1
PA,213,2035,1,SRR15183338,in vivo,extracellular,bulk,1-1
PA,222,2127,44,SRR15183338,in vivo,extracellular,bulk,1-1
PA,223,2069,41,SRR15183338,in vivo,extracellular,bulk,1-1
PA,244,2044,5,SRR15183338,in vivo,extracellular,bulk,1-1
PA,372,1857,1,SRR15183338,in vivo,extracellular,bulk,1-1
PA,413,1856,77,SRR15183338,in vivo,extracellular,bulk,1-1
PA,416,1904,28,SRR15183338,in vivo,extracellular,bulk,1-1
PA,418,1854,1,SRR15183338,in vivo,extracellular,bulk,1-1
PA,418,1884,7,SRR15183338,in vivo,extracellular,bulk,1-1
PA,421,1857,308,SRR15183338,in vivo,extracellular,bulk,1-1
PA,426,1856,10,SRR15183338,in vivo,extracellular,bulk,1-1
PA,42,72,17,SRR15183338,in vivo,extracellular,bulk,1-1
PA,437,1635,1,SRR15183338,in vivo,extracellular,bulk,1-1
PA,438,1862,99,SRR15183338,in vivo,extracellular,bulk,1-1
PA,439,1637,34,SRR15183338,in vivo,extracellular,bulk,1-1
PA,439,1812,5,SRR15183338,in vivo,extracellular,bulk,1-1
PA,439,1863,1,SRR15183338,in vivo,extracellular,bulk,1-1
PA,455,1863,18,SRR15183338,in vivo,extracellular,bulk,1-1
PA,463,1822,28,SRR15183338,in vivo,extracellular,bulk,1-1
PA,502,1906,5,SRR15183338,in vivo,extracellular,bulk,1-1
PA,503,1811,28,SRR15183338,in vivo,extracellular,bulk,1-1
PA,505,1079,2,SRR15183338,in vivo,extracellular,bulk,1-1
PA,514,1811,37,SRR15183338,in vivo,extracellular,bulk,1-1
PA,514,1856,164,SRR15183338,in vivo,extracellular,bulk,1-1
PA,514,1860,113,SRR15183338,in vivo,extracellular,bulk,1-1
PA,516,1810,80,SRR15183338,in vivo,extracellular,bulk,1-1
PA,518,1728,58,SRR15183338,in vivo,extracellular,bulk,1-1
PA,531,1792,4,SRR15183338,in vivo,extracellular,bulk,1-1
PA,541,1781,3,SRR15183338,in vivo,extracellular,bulk,1-1
PA,581,1734,32,SRR15183338,in vivo,extracellular,bulk,1-1
PA,635,1833,21,SRR15183338,in vivo,extracellular,bulk,1-1
PA,63,1150,1,SRR15183338,in vivo,extracellular,bulk,1-1
PA,708,1682,35,SRR15183338,in vivo,extracellular,bulk,1-1
PA,717,1752,1,SRR15183338,in vivo,extracellular,bulk,1-1
PA,763,1564,2,SRR15183338,in vivo,extracellular,bulk,1-1
PA,793,1504,2,SRR15183338,in vivo,extracellular,bulk,1-1
PA,799,1632,5,SRR15183338,in vivo,extracellular,bulk,1-1
HA,1007,1414,1,SRR15183338,in vivo,extracellular,bulk,1-1
HA,1026,1081,2,SRR15183338,in vivo,extracellular,bulk,1-1
HA,1080,1318,2,SRR15183338,in vivo,extracellular,bulk,1-1
HA,1082,1323,2,SRR15183338,in vivo,extracellular,bulk,1-1
HA,1120,1488,1,SRR15183338,in vivo,extracellular,bulk,1-1
HA,1124,1581,1,SRR15183338,in vivo,extracellular,bulk,1-1
HA,116,1068,2,SRR15183338,in vivo,extracellular,bulk,1-1
HA,1212,1580,1,SRR15183338,in vivo,extracellular,bulk,1-1
HA,1279,1322,1,SRR15183338,in vivo,extracellular,bulk,1-1
HA,1298,1485,1,SRR15183338,in vivo,extracellular,bulk,1-1
HA,1347,1689,2,SRR15183338,in vivo,extracellular,bulk,1-1
HA,1358,1479,1,SRR15183338,in vivo,extracellular,bulk,1-1
HA,1437,1802,1,SRR15183338,in vivo,extracellular,bulk,1-1
HA,144,870,1,SRR15183338,in vivo,extracellular,bulk,1-1
HA,1498,1556,1,SRR15183338,in vivo,extracellular,bulk,1-1
HA,175,1428,1,SRR15183338,in vivo,extracellular,bulk,1-1
HA,180,994,1,SRR15183338,in vivo,extracellular,bulk,1-1
HA,212,1532,1,SRR15183338,in vivo,extracellular,bulk,1-1
HA,220,1587,23,SRR15183338,in vivo,extracellular,bulk,1-1
HA,230,921,2,SRR15183338,in vivo,extracellular,bulk,1-1
HA,234,1653,1,SRR15183338,in vivo,extracellular,bulk,1-1
HA,282,816,2,SRR15183338,in vivo,extracellular,bulk,1-1
HA,294,1316,1,SRR15183338,in vivo,extracellular,bulk,1-1
HA,30,362,1,SRR15183338,in vivo,extracellular,bulk,1-1
HA,375,1084,1,SRR15183338,in vivo,extracellular,bulk,1-1
HA,377,979,2,SRR15183338,in vivo,extracellular,bulk,1-1
HA,390,701,2,SRR15183338,in vivo,extracellular,bulk,1-1
HA,407,1470,2,SRR15183338,in vivo,extracellular,bulk,1-1
HA,416,984,2,SRR15183338,in vivo,extracellular,bulk,1-1
HA,502,1273,1,SRR15183338,in vivo,extracellular,bulk,1-1
HA,508,1253,1,SRR15183338,in vivo,extracellular,bulk,1-1
HA,66,1639,2,SRR15183338,in vivo,extracellular,bulk,1-1
HA,69,401,1,SRR15183338,in vivo,extracellular,bulk,1-1
HA,708,847,2,SRR15183338,in vivo,extracellular,bulk,1-1
HA,714,1084,2,SRR15183338,in vivo,extracellular,bulk,1-1
HA,714,1108,1,SRR15183338,in vivo,extracellular,bulk,1-1
HA,719,1486,2,SRR15183338,in vivo,extracellular,bulk,1-1
HA,768,838,2,SRR15183338,in vivo,extracellular,bulk,1-1
HA,822,1808,1,SRR15183338,in vivo,extracellular,bulk,1-1
HA,835,1053,2,SRR15183338,in vivo,extracellular,bulk,1-1
HA,839,1319,2,SRR15183338,in vivo,extracellular,bulk,1-1
HA,866,1155,2,SRR15183338,in vivo,extracellular,bulk,1-1
HA,891,1200,1,SRR15183338,in vivo,extracellular,bulk,1-1
HA,951,1153,1,SRR15183338,in vivo,extracellular,bulk,1-1
NP,1006,1564,2,SRR15183338,in vivo,extracellular,bulk,1-1
NP,1014,1219,2,SRR15183338,in vivo,extracellular,bulk,1-1
NP,1034,1168,2,SRR15183338,in vivo,extracellular,bulk,1-1
NP,1034,1599,1,SRR15183338,in vivo,extracellular,bulk,1-1
NP,1105,1424,1,SRR15183338,in vivo,extracellular,bulk,1-1
NP,1110,1214,1,SRR15183338,in vivo,extracellular,bulk,1-1
NP,1112,1630,2,SRR15183338,in vivo,extracellular,bulk,1-1
NP,1156,1532,1,SRR15183338,in vivo,extracellular,bulk,1-1
NP,1184,1367,1,SRR15183338,in vivo,extracellular,bulk,1-1
NP,1199,1249,2,SRR15183338,in vivo,extracellular,bulk,1-1
NP,1212,1253,2,SRR15183338,in vivo,extracellular,bulk,1-1
NP,121,160,1,SRR15183338,in vivo,extracellular,bulk,1-1
NP,1235,1371,1,SRR15183338,in vivo,extracellular,bulk,1-1
NP,1250,1293,2,SRR15183338,in vivo,extracellular,bulk,1-1
NP,125,689,2,SRR15183338,in vivo,extracellular,bulk,1-1
NP,1261,1299,1,SRR15183338,in vivo,extracellular,bulk,1-1
NP,1286,1610,2,SRR15183338,in vivo,extracellular,bulk,1-1
NP,1289,1713,1,SRR15183338,in vivo,extracellular,bulk,1-1
NP,130,976,1,SRR15183338,in vivo,extracellular,bulk,1-1
NP,131,214,2,SRR15183338,in vivo,extracellular,bulk,1-1
NP,136,1136,2,SRR15183338,in vivo,extracellular,bulk,1-1
NP,136,1686,2,SRR15183338,in vivo,extracellular,bulk,1-1
NP,1441,1539,2,SRR15183338,in vivo,extracellular,bulk,1-1
NP,1526,1703,1,SRR15183338,in vivo,extracellular,bulk,1-1
NP,157,642,1,SRR15183338,in vivo,extracellular,bulk,1-1
NP,159,688,2,SRR15183338,in vivo,extracellular,bulk,1-1
NP,177,883,1,SRR15183338,in vivo,extracellular,bulk,1-1
NP,177,911,2,SRR15183338,in vivo,extracellular,bulk,1-1
NP,184,1560,4,SRR15183338,in vivo,extracellular,bulk,1-1
NP,189,648,2,SRR15183338,in vivo,extracellular,bulk,1-1
NP,199,1113,1,SRR15183338,in vivo,extracellular,bulk,1-1
NP,283,1637,1,SRR15183338,in vivo,extracellular,bulk,1-1
NP,291,482,3,SRR15183338,in vivo,extracellular,bulk,1-1
NP,34,349,1,SRR15183338,in vivo,extracellular,bulk,1-1
NP,356,1522,1,SRR15183338,in vivo,extracellular,bulk,1-1
NP,35,650,1,SRR15183338,in vivo,extracellular,bulk,1-1
NP,373,501,1,SRR15183338,in vivo,extracellular,bulk,1-1
NP,377,1754,1,SRR15183338,in vivo,extracellular,bulk,1-1
NP,430,474,1,SRR15183338,in vivo,extracellular,bulk,1-1
NP,431,993,1,SRR15183338,in vivo,extracellular,bulk,1-1
NP,435,1104,1,SRR15183338,in vivo,extracellular,bulk,1-1
NP,490,1490,2,SRR15183338,in vivo,extracellular,bulk,1-1
NP,492,1234,1,SRR15183338,in vivo,extracellular,bulk,1-1
NP,495,1294,207,SRR15183338,in vivo,extracellular,bulk,1-1
NP,496,1295,4,SRR15183338,in vivo,extracellular,bulk,1-1
NP,515,927,2,SRR15183338,in vivo,extracellular,bulk,1-1
NP,515,980,1,SRR15183338,in vivo,extracellular,bulk,1-1
NP,535,931,1,SRR15183338,in vivo,extracellular,bulk,1-1
NP,602,1344,1,SRR15183338,in vivo,extracellular,bulk,1-1
NP,607,1714,1,SRR15183338,in vivo,extracellular,bulk,1-1
NP,660,1241,2,SRR15183338,in vivo,extracellular,bulk,1-1
NP,665,827,2,SRR15183338,in vivo,extracellular,bulk,1-1
NP,670,1182,2,SRR15183338,in vivo,extracellular,bulk,1-1
NP,676,1262,2,SRR15183338,in vivo,extracellular,bulk,1-1
NP,680,993,1,SRR15183338,in vivo,extracellular,bulk,1-1
NP,686,1023,2,SRR15183338,in vivo,extracellular,bulk,1-1
NP,689,1141,2,SRR15183338,in vivo,extracellular,bulk,1-1
NP,693,1180,2,SRR15183338,in vivo,extracellular,bulk,1-1
NP,701,1378,1,SRR15183338,in vivo,extracellular,bulk,1-1
NP,710,1287,1,SRR15183338,in vivo,extracellular,bulk,1-1
NP,716,1106,1,SRR15183338,in vivo,extracellular,bulk,1-1
NP,717,899,1,SRR15183338,in vivo,extracellular,bulk,1-1
NP,718,1363,2,SRR15183338,in vivo,extracellular,bulk,1-1
NP,815,1019,2,SRR15183338,in vivo,extracellular,bulk,1-1
NP,822,934,2,SRR15183338,in vivo,extracellular,bulk,1-1
NP,86,416,1,SRR15183338,in vivo,extracellular,bulk,1-1
NP,897,993,2,SRR15183338,in vivo,extracellular,bulk,1-1
NP,901,1239,2,SRR15183338,in vivo,extracellular,bulk,1-1
NP,934,1500,2,SRR15183338,in vivo,extracellular,bulk,1-1
NP,981,1530,2,SRR15183338,in vivo,extracellular,bulk,1-1
NP,987,1519,1,SRR15183338,in vivo,extracellular,bulk,1-1
NA,102,1300,1,SRR15183338,in vivo,extracellular,bulk,1-1
NA,1036,1320,2,SRR15183338,in vivo,extracellular,bulk,1-1
NA,1046,1087,1,SRR15183338,in vivo,extracellular,bulk,1-1
NA,1052,1483,1,SRR15183338,in vivo,extracellular,bulk,1-1
NA,105,1023,2,SRR15183338,in vivo,extracellular,bulk,1-1
NA,1061,1481,1,SRR15183338,in vivo,extracellular,bulk,1-1
NA,1116,1320,1,SRR15183338,in vivo,extracellular,bulk,1-1
NA,1126,1482,1,SRR15183338,in vivo,extracellular,bulk,1-1
NA,1138,1289,1,SRR15183338,in vivo,extracellular,bulk,1-1
NA,117,922,1,SRR15183338,in vivo,extracellular,bulk,1-1
NA,1182,1302,1,SRR15183338,in vivo,extracellular,bulk,1-1
NA,1186,1209,1,SRR15183338,in vivo,extracellular,bulk,1-1
NA,1213,1449,1,SRR15183338,in vivo,extracellular,bulk,1-1
NA,122,153,1,SRR15183338,in vivo,extracellular,bulk,1-1
NA,1239,1467,1,SRR15183338,in vivo,extracellular,bulk,1-1
NA,1347,1492,1,SRR15183338,in vivo,extracellular,bulk,1-1
NA,1353,1502,1,SRR15183338,in vivo,extracellular,bulk,1-1
NA,135,979,1,SRR15183338,in vivo,extracellular,bulk,1-1
NA,1401,1458,1,SRR15183338,in vivo,extracellular,bulk,1-1
NA,145,1021,1,SRR15183338,in vivo,extracellular,bulk,1-1
NA,244,1215,1,SRR15183338,in vivo,extracellular,bulk,1-1
NA,246,340,1,SRR15183338,in vivo,extracellular,bulk,1-1
NA,261,423,1,SRR15183338,in vivo,extracellular,bulk,1-1
NA,262,595,1,SRR15183338,in vivo,extracellular,bulk,1-1
NA,313,457,2,SRR15183338,in vivo,extracellular,bulk,1-1
NA,314,894,1,SRR15183338,in vivo,extracellular,bulk,1-1
NA,316,731,1,SRR15183338,in vivo,extracellular,bulk,1-1
NA,352,1095,2,SRR15183338,in vivo,extracellular,bulk,1-1
NA,353,680,2,SRR15183338,in vivo,extracellular,bulk,1-1
NA,362,906,1,SRR15183338,in vivo,extracellular,bulk,1-1
NA,364,1215,1,SRR15183338,in vivo,extracellular,bulk,1-1
NA,364,977,1,SRR15183338,in vivo,extracellular,bulk,1-1
NA,365,734,2,SRR15183338,in vivo,extracellular,bulk,1-1
NA,365,736,2,SRR15183338,in vivo,extracellular,bulk,1-1
NA,365,962,1,SRR15183338,in vivo,extracellular,bulk,1-1
NA,367,932,2,SRR15183338,in vivo,extracellular,bulk,1-1
NA,384,1089,1,SRR15183338,in vivo,extracellular,bulk,1-1
NA,384,676,1,SRR15183338,in vivo,extracellular,bulk,1-1
NA,400,1025,1,SRR15183338,in vivo,extracellular,bulk,1-1
NA,401,625,1,SRR15183338,in vivo,extracellular,bulk,1-1
NA,401,939,1,SRR15183338,in vivo,extracellular,bulk,1-1
NA,407,921,2,SRR15183338,in vivo,extracellular,bulk,1-1
NA,410,1096,2,SRR15183338,in vivo,extracellular,bulk,1-1
NA,411,1028,1,SRR15183338,in vivo,extracellular,bulk,1-1
NA,414,751,1,SRR15183338,in vivo,extracellular,bulk,1-1
NA,423,940,2,SRR15183338,in vivo,extracellular,bulk,1-1
NA,429,1277,2,SRR15183338,in vivo,extracellular,bulk,1-1
NA,435,654,1,SRR15183338,in vivo,extracellular,bulk,1-1
NA,439,693,1,SRR15183338,in vivo,extracellular,bulk,1-1
NA,473,1458,2,SRR15183338,in vivo,extracellular,bulk,1-1
NA,474,1476,1,SRR15183338,in vivo,extracellular,bulk,1-1
NA,474,804,1,SRR15183338,in vivo,extracellular,bulk,1-1
NA,491,1021,2,SRR15183338,in vivo,extracellular,bulk,1-1
NA,493,974,2,SRR15183338,in vivo,extracellular,bulk,1-1
NA,52,416,1,SRR15183338,in vivo,extracellular,bulk,1-1
NA,539,644,1,SRR15183338,in vivo,extracellular,bulk,1-1
NA,539,892,1,SRR15183338,in vivo,extracellular,bulk,1-1
NA,545,932,1,SRR15183338,in vivo,extracellular,bulk,1-1
NA,548,1271,2,SRR15183338,in vivo,extracellular,bulk,1-1
NA,590,974,1,SRR15183338,in vivo,extracellular,bulk,1-1
NA,594,681,1,SRR15183338,in vivo,extracellular,bulk,1-1
NA,597,1029,2,SRR15183338,in vivo,extracellular,bulk,1-1
NA,607,726,1,SRR15183338,in vivo,extracellular,bulk,1-1
NA,608,1275,2,SRR15183338,in vivo,extracellular,bulk,1-1
NA,610,974,2,SRR15183338,in vivo,extracellular,bulk,1-1
NA,612,891,2,SRR15183338,in vivo,extracellular,bulk,1-1
NA,613,1470,1,SRR15183338,in vivo,extracellular,bulk,1-1
NA,650,1298,1,SRR15183338,in vivo,extracellular,bulk,1-1
NA,652,1321,1,SRR15183338,in vivo,extracellular,bulk,1-1
NA,655,1279,1,SRR15183338,in vivo,extracellular,bulk,1-1
NA,676,979,1,SRR15183338,in vivo,extracellular,bulk,1-1
NA,683,1045,1,SRR15183338,in vivo,extracellular,bulk,1-1
NA,704,1303,2,SRR15183338,in vivo,extracellular,bulk,1-1
NA,706,1029,2,SRR15183338,in vivo,extracellular,bulk,1-1
NA,706,1270,1,SRR15183338,in vivo,extracellular,bulk,1-1
NA,709,1095,1,SRR15183338,in vivo,extracellular,bulk,1-1
NA,737,910,2,SRR15183338,in vivo,extracellular,bulk,1-1
NA,751,1462,2,SRR15183338,in vivo,extracellular,bulk,1-1
NA,752,1103,2,SRR15183338,in vivo,extracellular,bulk,1-1
NA,754,1503,1,SRR15183338,in vivo,extracellular,bulk,1-1
NA,755,1310,2,SRR15183338,in vivo,extracellular,bulk,1-1
NA,756,1451,1,SRR15183338,in vivo,extracellular,bulk,1-1
NA,775,1099,1,SRR15183338,in vivo,extracellular,bulk,1-1
NA,780,1029,2,SRR15183338,in vivo,extracellular,bulk,1-1
NA,827,1479,41,SRR15183338,in vivo,extracellular,bulk,1-1
NA,83,957,1,SRR15183338,in vivo,extracellular,bulk,1-1
NA,843,1105,1,SRR15183338,in vivo,extracellular,bulk,1-1
NA,850,1214,1,SRR15183338,in vivo,extracellular,bulk,1-1
NA,858,912,2,SRR15183338,in vivo,extracellular,bulk,1-1
NA,866,1479,1,SRR15183338,in vivo,extracellular,bulk,1-1
NA,937,1277,2,SRR15183338,in vivo,extracellular,bulk,1-1
NA,977,1019,1,SRR15183338,in vivo,extracellular,bulk,1-1
NA,977,1105,1,SRR15183338,in vivo,extracellular,bulk,1-1
NA,983,1028,1,SRR15183338,in vivo,extracellular,bulk,1-1
NA,999,1206,1,SRR15183338,in vivo,extracellular,bulk,1-1
M,1036,1135,1,SRR15183338,in vivo,extracellular,bulk,1-1
M,103,991,25,SRR15183338,in vivo,extracellular,bulk,1-1
M,1078,1112,37,SRR15183338,in vivo,extracellular,bulk,1-1
M,116,323,1,SRR15183338,in vivo,extracellular,bulk,1-1
M,121,1028,77,SRR15183338,in vivo,extracellular,bulk,1-1
M,122,1029,1,SRR15183338,in vivo,extracellular,bulk,1-1
M,129,1029,95,SRR15183338,in vivo,extracellular,bulk,1-1
M,130,1030,1,SRR15183338,in vivo,extracellular,bulk,1-1
M,132,172,1,SRR15183338,in vivo,extracellular,bulk,1-1
M,152,1058,11,SRR15183338,in vivo,extracellular,bulk,1-1
M,156,1008,479,SRR15183338,in vivo,extracellular,bulk,1-1
M,161,689,2,SRR15183338,in vivo,extracellular,bulk,1-1
M,166,1063,1,SRR15183338,in vivo,extracellular,bulk,1-1
M,178,1047,1,SRR15183338,in vivo,extracellular,bulk,1-1
M,179,746,1,SRR15183338,in vivo,extracellular,bulk,1-1
M,184,371,1,SRR15183338,in vivo,extracellular,bulk,1-1
M,187,1056,345,SRR15183338,in vivo,extracellular,bulk,1-1
M,189,1086,4,SRR15183338,in vivo,extracellular,bulk,1-1
M,198,861,1,SRR15183338,in vivo,extracellular,bulk,1-1
M,199,1035,1,SRR15183338,in vivo,extracellular,bulk,1-1
M,200,1036,89,SRR15183338,in vivo,extracellular,bulk,1-1
M,202,1060,12,SRR15183338,in vivo,extracellular,bulk,1-1
M,202,865,41,SRR15183338,in vivo,extracellular,bulk,1-1
M,204,1085,1,SRR15183338,in vivo,extracellular,bulk,1-1
M,210,723,1,SRR15183338,in vivo,extracellular,bulk,1-1
M,224,1079,7,SRR15183338,in vivo,extracellular,bulk,1-1
M,235,984,2,SRR15183338,in vivo,extracellular,bulk,1-1
M,25,73,35,SRR15183338,in vivo,extracellular,bulk,1-1
M,25,82,1,SRR15183338,in vivo,extracellular,bulk,1-1
M,370,653,2,SRR15183338,in vivo,extracellular,bulk,1-1
M,441,1067,1,SRR15183338,in vivo,extracellular,bulk,1-1
M,456,572,1,SRR15183338,in vivo,extracellular,bulk,1-1
M,492,639,1,SRR15183338,in vivo,extracellular,bulk,1-1
M,518,733,4,SRR15183338,in vivo,extracellular,bulk,1-1
M,64,644,1,SRR15183338,in vivo,extracellular,bulk,1-1
M,748,1083,1,SRR15183338,in vivo,extracellular,bulk,1-1
M,80,737,1,SRR15183338,in vivo,extracellular,bulk,1-1
M,83,696,1,SRR15183338,in vivo,extracellular,bulk,1-1
M,930,979,2,SRR15183338,in vivo,extracellular,bulk,1-1
M,94,386,1,SRR15183338,in vivo,extracellular,bulk,1-1
NS,179,855,2,SRR15183338,in vivo,extracellular,bulk,1-1
NS,277,1010,1,SRR15183338,in vivo,extracellular,bulk,1-1
NS,490,532,1,SRR15183338,in vivo,extracellular,bulk,1-1
NS,506,838,1,SRR15183338,in vivo,extracellular,bulk,1-1
NS,515,1075,1,SRR15183338,in vivo,extracellular,bulk,1-1
NS,541,836,2,SRR15183338,in vivo,extracellular,bulk,1-1
NS,680,1024,1,SRR15183338,in vivo,extracellular,bulk,1-1
NS,791,919,1,SRR15183338,in vivo,extracellular,bulk,1-1
NS,806,898,2,SRR15183338,in vivo,extracellular,bulk,1-1
NS,856,937,2,SRR15183338,in vivo,extracellular,bulk,1-1
NS,946,1042,1,SRR15183338,in vivo,extracellular,bulk,1-1
PB1,102,2030,1,SRR15183343,in vivo,extracellular,bulk,3-2
PB1,1030,1694,1,SRR15183343,in vivo,extracellular,bulk,3-2
PB1,1031,1564,2,SRR15183343,in vivo,extracellular,bulk,3-2
PB1,1032,1781,1,SRR15183343,in vivo,extracellular,bulk,3-2
PB1,1036,1857,1,SRR15183343,in vivo,extracellular,bulk,3-2
PB1,1043,1813,2,SRR15183343,in vivo,extracellular,bulk,3-2
PB1,110,1745,1,SRR15183343,in vivo,extracellular,bulk,3-2
PB1,110,2185,1,SRR15183343,in vivo,extracellular,bulk,3-2
PB1,1137,2026,1,SRR15183343,in vivo,extracellular,bulk,3-2
PB1,1163,1337,2,SRR15183343,in vivo,extracellular,bulk,3-2
PB1,120,142,2,SRR15183343,in vivo,extracellular,bulk,3-2
PB1,120,2193,4,SRR15183343,in vivo,extracellular,bulk,3-2
PB1,1264,2015,1,SRR15183343,in vivo,extracellular,bulk,3-2
PB1,127,1247,1,SRR15183343,in vivo,extracellular,bulk,3-2
PB1,127,1988,1,SRR15183343,in vivo,extracellular,bulk,3-2
PB1,128,1990,2,SRR15183343,in vivo,extracellular,bulk,3-2
PB1,132,2115,1,SRR15183343,in vivo,extracellular,bulk,3-2
PB1,132,2193,2,SRR15183343,in vivo,extracellular,bulk,3-2
PB1,142,1997,1,SRR15183343,in vivo,extracellular,bulk,3-2
PB1,142,2157,1,SRR15183343,in vivo,extracellular,bulk,3-2
PB1,142,2161,5,SRR15183343,in vivo,extracellular,bulk,3-2
PB1,150,2194,4,SRR15183343,in vivo,extracellular,bulk,3-2
PB1,1524,1695,1,SRR15183343,in vivo,extracellular,bulk,3-2
PB1,1524,2250,1,SRR15183343,in vivo,extracellular,bulk,3-2
PB1,155,2157,2,SRR15183343,in vivo,extracellular,bulk,3-2
PB1,156,2103,1,SRR15183343,in vivo,extracellular,bulk,3-2
PB1,156,2180,6,SRR15183343,in vivo,extracellular,bulk,3-2
PB1,1579,2110,2,SRR15183343,in vivo,extracellular,bulk,3-2
PB1,1579,2182,2,SRR15183343,in vivo,extracellular,bulk,3-2
PB1,159,2120,2,SRR15183343,in vivo,extracellular,bulk,3-2
PB1,163,2224,3,SRR15183343,in vivo,extracellular,bulk,3-2
PB1,166,1577,27,SRR15183343,in vivo,extracellular,bulk,3-2
PB1,1686,1795,1,SRR15183343,in vivo,extracellular,bulk,3-2
PB1,173,2163,1,SRR15183343,in vivo,extracellular,bulk,3-2
PB1,1754,2015,2,SRR15183343,in vivo,extracellular,bulk,3-2
PB1,176,2026,3,SRR15183343,in vivo,extracellular,bulk,3-2
PB1,176,2072,1,SRR15183343,in vivo,extracellular,bulk,3-2
PB1,1789,2252,1,SRR15183343,in vivo,extracellular,bulk,3-2
PB1,1832,1859,3,SRR15183343,in vivo,extracellular,bulk,3-2
PB1,185,1766,1,SRR15183343,in vivo,extracellular,bulk,3-2
PB1,1873,2282,2,SRR15183343,in vivo,extracellular,bulk,3-2
PB1,1875,2213,1,SRR15183343,in vivo,extracellular,bulk,3-2
PB1,188,2057,10,SRR15183343,in vivo,extracellular,bulk,3-2
PB1,190,1642,2,SRR15183343,in vivo,extracellular,bulk,3-2
PB1,2146,2187,1,SRR15183343,in vivo,extracellular,bulk,3-2
PB1,232,2165,1,SRR15183343,in vivo,extracellular,bulk,3-2
PB1,233,1820,1,SRR15183343,in vivo,extracellular,bulk,3-2
PB1,233,2004,38,SRR15183343,in vivo,extracellular,bulk,3-2
PB1,233,2174,1,SRR15183343,in vivo,extracellular,bulk,3-2
PB1,233,2192,3,SRR15183343,in vivo,extracellular,bulk,3-2
PB1,234,1917,2,SRR15183343,in vivo,extracellular,bulk,3-2
PB1,234,2075,15,SRR15183343,in vivo,extracellular,bulk,3-2
PB1,235,2180,2,SRR15183343,in vivo,extracellular,bulk,3-2
PB1,236,2117,2,SRR15183343,in vivo,extracellular,bulk,3-2
PB1,237,2074,1,SRR15183343,in vivo,extracellular,bulk,3-2
PB1,237,2109,34,SRR15183343,in vivo,extracellular,bulk,3-2
PB1,237,2123,2,SRR15183343,in vivo,extracellular,bulk,3-2
PB1,239,2015,1,SRR15183343,in vivo,extracellular,bulk,3-2
PB1,239,2016,3,SRR15183343,in vivo,extracellular,bulk,3-2
PB1,239,2071,2,SRR15183343,in vivo,extracellular,bulk,3-2
PB1,239,2107,2,SRR15183343,in vivo,extracellular,bulk,3-2
PB1,240,2120,1,SRR15183343,in vivo,extracellular,bulk,3-2
PB1,240,2156,6,SRR15183343,in vivo,extracellular,bulk,3-2
PB1,240,2171,25,SRR15183343,in vivo,extracellular,bulk,3-2
PB1,240,2185,1272,SRR15183343,in vivo,extracellular,bulk,3-2
PB1,241,2049,8,SRR15183343,in vivo,extracellular,bulk,3-2
PB1,241,2186,5,SRR15183343,in vivo,extracellular,bulk,3-2
PB1,242,2014,5,SRR15183343,in vivo,extracellular,bulk,3-2
PB1,242,2113,3,SRR15183343,in vivo,extracellular,bulk,3-2
PB1,242,2163,4,SRR15183343,in vivo,extracellular,bulk,3-2
PB1,252,2019,1,SRR15183343,in vivo,extracellular,bulk,3-2
PB1,253,2157,2,SRR15183343,in vivo,extracellular,bulk,3-2
PB1,253,2160,1,SRR15183343,in vivo,extracellular,bulk,3-2
PB1,254,2208,1,SRR15183343,in vivo,extracellular,bulk,3-2
PB1,255,2029,1,SRR15183343,in vivo,extracellular,bulk,3-2
PB1,255,2047,34,SRR15183343,in vivo,extracellular,bulk,3-2
PB1,256,2217,1,SRR15183343,in vivo,extracellular,bulk,3-2
PB1,257,2065,2,SRR15183343,in vivo,extracellular,bulk,3-2
PB1,269,2107,38,SRR15183343,in vivo,extracellular,bulk,3-2
PB1,26,93,1,SRR15183343,in vivo,extracellular,bulk,3-2
PB1,270,1942,3,SRR15183343,in vivo,extracellular,bulk,3-2
PB1,273,1762,2,SRR15183343,in vivo,extracellular,bulk,3-2
PB1,274,2209,1,SRR15183343,in vivo,extracellular,bulk,3-2
PB1,276,1669,1,SRR15183343,in vivo,extracellular,bulk,3-2
PB1,276,1769,59,SRR15183343,in vivo,extracellular,bulk,3-2
PB1,276,2092,10,SRR15183343,in vivo,extracellular,bulk,3-2
PB1,277,1753,2,SRR15183343,in vivo,extracellular,bulk,3-2
PB1,281,2065,17,SRR15183343,in vivo,extracellular,bulk,3-2
PB1,285,2119,6,SRR15183343,in vivo,extracellular,bulk,3-2
PB1,287,2043,2,SRR15183343,in vivo,extracellular,bulk,3-2
PB1,287,2051,1,SRR15183343,in vivo,extracellular,bulk,3-2
PB1,287,2075,9,SRR15183343,in vivo,extracellular,bulk,3-2
PB1,287,2170,2,SRR15183343,in vivo,extracellular,bulk,3-2
PB1,287,2179,2,SRR15183343,in vivo,extracellular,bulk,3-2
PB1,287,2202,1,SRR15183343,in vivo,extracellular,bulk,3-2
PB1,288,1994,5,SRR15183343,in vivo,extracellular,bulk,3-2
PB1,288,2051,26,SRR15183343,in vivo,extracellular,bulk,3-2
PB1,288,2065,4,SRR15183343,in vivo,extracellular,bulk,3-2
PB1,288,2094,13,SRR15183343,in vivo,extracellular,bulk,3-2
PB1,288,2161,1,SRR15183343,in vivo,extracellular,bulk,3-2
PB1,289,2002,6,SRR15183343,in vivo,extracellular,bulk,3-2
PB1,290,1944,4,SRR15183343,in vivo,extracellular,bulk,3-2
PB1,290,2005,6,SRR15183343,in vivo,extracellular,bulk,3-2
PB1,290,2029,23,SRR15183343,in vivo,extracellular,bulk,3-2
PB1,290,2030,33,SRR15183343,in vivo,extracellular,bulk,3-2
PB1,290,2048,3,SRR15183343,in vivo,extracellular,bulk,3-2
PB1,291,1734,3,SRR15183343,in vivo,extracellular,bulk,3-2
PB1,291,1943,91,SRR15183343,in vivo,extracellular,bulk,3-2
PB1,292,2017,2,SRR15183343,in vivo,extracellular,bulk,3-2
PB1,292,2042,2,SRR15183343,in vivo,extracellular,bulk,3-2
PB1,292,2043,1,SRR15183343,in vivo,extracellular,bulk,3-2
PB1,292,2199,1,SRR15183343,in vivo,extracellular,bulk,3-2
PB1,292,314,5,SRR15183343,in vivo,extracellular,bulk,3-2
PB1,292,413,2,SRR15183343,in vivo,extracellular,bulk,3-2
PB1,293,2043,2853,SRR15183343,in vivo,extracellular,bulk,3-2
PB1,294,2044,4,SRR15183343,in vivo,extracellular,bulk,3-2
PB1,296,1674,5,SRR15183343,in vivo,extracellular,bulk,3-2
PB1,296,1943,65,SRR15183343,in vivo,extracellular,bulk,3-2
PB1,296,2047,4,SRR15183343,in vivo,extracellular,bulk,3-2
PB1,296,2051,1,SRR15183343,in vivo,extracellular,bulk,3-2
PB1,297,1924,3,SRR15183343,in vivo,extracellular,bulk,3-2
PB1,297,1999,12,SRR15183343,in vivo,extracellular,bulk,3-2
PB1,298,2168,1,SRR15183343,in vivo,extracellular,bulk,3-2
PB1,299,2005,4,SRR15183343,in vivo,extracellular,bulk,3-2
PB1,299,2018,5,SRR15183343,in vivo,extracellular,bulk,3-2
PB1,299,2120,101,SRR15183343,in vivo,extracellular,bulk,3-2
PB1,300,1983,9,SRR15183343,in vivo,extracellular,bulk,3-2
PB1,300,1993,15,SRR15183343,in vivo,extracellular,bulk,3-2
PB1,300,2002,6,SRR15183343,in vivo,extracellular,bulk,3-2
PB1,300,2015,7,SRR15183343,in vivo,extracellular,bulk,3-2
PB1,300,2036,2,SRR15183343,in vivo,extracellular,bulk,3-2
PB1,300,2050,12,SRR15183343,in vivo,extracellular,bulk,3-2
PB1,300,2104,3,SRR15183343,in vivo,extracellular,bulk,3-2
PB1,300,2260,11,SRR15183343,in vivo,extracellular,bulk,3-2
PB1,301,1928,11,SRR15183343,in vivo,extracellular,bulk,3-2
PB1,301,2040,237,SRR15183343,in vivo,extracellular,bulk,3-2
PB1,301,2048,77,SRR15183343,in vivo,extracellular,bulk,3-2
PB1,301,2060,19,SRR15183343,in vivo,extracellular,bulk,3-2
PB1,301,2066,5,SRR15183343,in vivo,extracellular,bulk,3-2
PB1,301,2171,2,SRR15183343,in vivo,extracellular,bulk,3-2
PB1,301,2185,4,SRR15183343,in vivo,extracellular,bulk,3-2
PB1,301,2208,1,SRR15183343,in vivo,extracellular,bulk,3-2
PB1,303,2018,1,SRR15183343,in vivo,extracellular,bulk,3-2
PB1,303,2057,3,SRR15183343,in vivo,extracellular,bulk,3-2
PB1,303,2182,3,SRR15183343,in vivo,extracellular,bulk,3-2
PB1,304,2021,4,SRR15183343,in vivo,extracellular,bulk,3-2
PB1,305,2019,14,SRR15183343,in vivo,extracellular,bulk,3-2
PB1,306,1994,409,SRR15183343,in vivo,extracellular,bulk,3-2
PB1,306,1999,22,SRR15183343,in vivo,extracellular,bulk,3-2
PB1,306,2034,2,SRR15183343,in vivo,extracellular,bulk,3-2
PB1,306,2051,5,SRR15183343,in vivo,extracellular,bulk,3-2
PB1,306,338,2,SRR15183343,in vivo,extracellular,bulk,3-2
PB1,307,2003,3,SRR15183343,in vivo,extracellular,bulk,3-2
PB1,307,2013,1,SRR15183343,in vivo,extracellular,bulk,3-2
PB1,308,2058,3,SRR15183343,in vivo,extracellular,bulk,3-2
PB1,309,1817,2,SRR15183343,in vivo,extracellular,bulk,3-2
PB1,309,1980,4,SRR15183343,in vivo,extracellular,bulk,3-2
PB1,309,2004,6,SRR15183343,in vivo,extracellular,bulk,3-2
PB1,309,2019,2,SRR15183343,in vivo,extracellular,bulk,3-2
PB1,309,2051,3,SRR15183343,in vivo,extracellular,bulk,3-2
PB1,30,64,2,SRR15183343,in vivo,extracellular,bulk,3-2
PB1,310,1781,2,SRR15183343,in vivo,extracellular,bulk,3-2
PB1,310,1935,1,SRR15183343,in vivo,extracellular,bulk,3-2
PB1,310,1994,1,SRR15183343,in vivo,extracellular,bulk,3-2
PB1,310,1998,7,SRR15183343,in vivo,extracellular,bulk,3-2
PB1,310,1999,67,SRR15183343,in vivo,extracellular,bulk,3-2
PB1,310,2002,2,SRR15183343,in vivo,extracellular,bulk,3-2
PB1,310,2003,7,SRR15183343,in vivo,extracellular,bulk,3-2
PB1,310,2016,439,SRR15183343,in vivo,extracellular,bulk,3-2
PB1,310,2195,9,SRR15183343,in vivo,extracellular,bulk,3-2
PB1,311,1998,4,SRR15183343,in vivo,extracellular,bulk,3-2
PB1,311,2002,22,SRR15183343,in vivo,extracellular,bulk,3-2
PB1,311,2039,2,SRR15183343,in vivo,extracellular,bulk,3-2
PB1,311,2050,1,SRR15183343,in vivo,extracellular,bulk,3-2
PB1,311,2052,4,SRR15183343,in vivo,extracellular,bulk,3-2
PB1,321,1999,3,SRR15183343,in vivo,extracellular,bulk,3-2
PB1,322,1768,2,SRR15183343,in vivo,extracellular,bulk,3-2
PB1,322,2199,3,SRR15183343,in vivo,extracellular,bulk,3-2
PB1,323,1938,32,SRR15183343,in vivo,extracellular,bulk,3-2
PB1,323,1994,35,SRR15183343,in vivo,extracellular,bulk,3-2
PB1,326,1848,1,SRR15183343,in vivo,extracellular,bulk,3-2
PB1,326,1995,1,SRR15183343,in vivo,extracellular,bulk,3-2
PB1,326,2038,26,SRR15183343,in vivo,extracellular,bulk,3-2
PB1,326,2060,3,SRR15183343,in vivo,extracellular,bulk,3-2
PB1,326,2179,1,SRR15183343,in vivo,extracellular,bulk,3-2
PB1,326,2184,8,SRR15183343,in vivo,extracellular,bulk,3-2
PB1,327,1994,14,SRR15183343,in vivo,extracellular,bulk,3-2
PB1,327,2003,39,SRR15183343,in vivo,extracellular,bulk,3-2
PB1,327,2065,4,SRR15183343,in vivo,extracellular,bulk,3-2
PB1,327,2108,2,SRR15183343,in vivo,extracellular,bulk,3-2
PB1,328,1998,8,SRR15183343,in vivo,extracellular,bulk,3-2
PB1,328,2000,18,SRR15183343,in vivo,extracellular,bulk,3-2
PB1,328,2225,4,SRR15183343,in vivo,extracellular,bulk,3-2
PB1,329,1126,2,SRR15183343,in vivo,extracellular,bulk,3-2
PB1,330,2118,1,SRR15183343,in vivo,extracellular,bulk,3-2
PB1,332,1900,5,SRR15183343,in vivo,extracellular,bulk,3-2
PB1,332,2028,2,SRR15183343,in vivo,extracellular,bulk,3-2
PB1,332,2107,4,SRR15183343,in vivo,extracellular,bulk,3-2
PB1,333,1830,2,SRR15183343,in vivo,extracellular,bulk,3-2
PB1,333,2004,1,SRR15183343,in vivo,extracellular,bulk,3-2
PB1,333,2014,2,SRR15183343,in vivo,extracellular,bulk,3-2
PB1,333,2017,4,SRR15183343,in vivo,extracellular,bulk,3-2
PB1,333,2024,4,SRR15183343,in vivo,extracellular,bulk,3-2
PB1,333,2030,11,SRR15183343,in vivo,extracellular,bulk,3-2
PB1,334,1264,1,SRR15183343,in vivo,extracellular,bulk,3-2
PB1,334,1934,1,SRR15183343,in vivo,extracellular,bulk,3-2
PB1,334,2028,3,SRR15183343,in vivo,extracellular,bulk,3-2
PB1,338,1990,1,SRR15183343,in vivo,extracellular,bulk,3-2
PB1,342,1846,8,SRR15183343,in vivo,extracellular,bulk,3-2
PB1,342,1979,3,SRR15183343,in vivo,extracellular,bulk,3-2
PB1,342,2262,1,SRR15183343,in vivo,extracellular,bulk,3-2
PB1,343,2002,3,SRR15183343,in vivo,extracellular,bulk,3-2
PB1,344,2171,2,SRR15183343,in vivo,extracellular,bulk,3-2
PB1,345,1934,15,SRR15183343,in vivo,extracellular,bulk,3-2
PB1,345,2160,2,SRR15183343,in vivo,extracellular,bulk,3-2
PB1,345,2161,4,SRR15183343,in vivo,extracellular,bulk,3-2
PB1,346,1942,22,SRR15183343,in vivo,extracellular,bulk,3-2
PB1,348,1814,5,SRR15183343,in vivo,extracellular,bulk,3-2
PB1,348,2051,3,SRR15183343,in vivo,extracellular,bulk,3-2
PB1,349,1984,3,SRR15183343,in vivo,extracellular,bulk,3-2
PB1,349,2016,1,SRR15183343,in vivo,extracellular,bulk,3-2
PB1,351,1847,2,SRR15183343,in vivo,extracellular,bulk,3-2
PB1,351,1993,2,SRR15183343,in vivo,extracellular,bulk,3-2
PB1,353,1574,5,SRR15183343,in vivo,extracellular,bulk,3-2
PB1,353,2187,2,SRR15183343,in vivo,extracellular,bulk,3-2
PB1,354,1830,2,SRR15183343,in vivo,extracellular,bulk,3-2
PB1,354,1924,1,SRR15183343,in vivo,extracellular,bulk,3-2
PB1,354,2043,6,SRR15183343,in vivo,extracellular,bulk,3-2
PB1,356,1432,2,SRR15183343,in vivo,extracellular,bulk,3-2
PB1,356,1634,1,SRR15183343,in vivo,extracellular,bulk,3-2
PB1,356,1852,5,SRR15183343,in vivo,extracellular,bulk,3-2
PB1,356,2052,2,SRR15183343,in vivo,extracellular,bulk,3-2
PB1,356,807,2,SRR15183343,in vivo,extracellular,bulk,3-2
PB1,357,1583,2,SRR15183343,in vivo,extracellular,bulk,3-2
PB1,357,1847,5,SRR15183343,in vivo,extracellular,bulk,3-2
PB1,357,2019,122,SRR15183343,in vivo,extracellular,bulk,3-2
PB1,359,1920,22,SRR15183343,in vivo,extracellular,bulk,3-2
PB1,359,2252,1,SRR15183343,in vivo,extracellular,bulk,3-2
PB1,360,2092,1,SRR15183343,in vivo,extracellular,bulk,3-2
PB1,362,1587,2,SRR15183343,in vivo,extracellular,bulk,3-2
PB1,362,1930,1,SRR15183343,in vivo,extracellular,bulk,3-2
PB1,362,1993,4,SRR15183343,in vivo,extracellular,bulk,3-2
PB1,362,2117,27,SRR15183343,in vivo,extracellular,bulk,3-2
PB1,362,2194,76,SRR15183343,in vivo,extracellular,bulk,3-2
PB1,363,1823,75,SRR15183343,in vivo,extracellular,bulk,3-2
PB1,363,1866,8,SRR15183343,in vivo,extracellular,bulk,3-2
PB1,363,1942,5,SRR15183343,in vivo,extracellular,bulk,3-2
PB1,363,2052,5,SRR15183343,in vivo,extracellular,bulk,3-2
PB1,364,1945,19,SRR15183343,in vivo,extracellular,bulk,3-2
PB1,365,1856,5,SRR15183343,in vivo,extracellular,bulk,3-2
PB1,365,1939,4,SRR15183343,in vivo,extracellular,bulk,3-2
PB1,365,1940,1,SRR15183343,in vivo,extracellular,bulk,3-2
PB1,365,1941,3,SRR15183343,in vivo,extracellular,bulk,3-2
PB1,365,1943,8,SRR15183343,in vivo,extracellular,bulk,3-2
PB1,365,2084,1,SRR15183343,in vivo,extracellular,bulk,3-2
PB1,366,1830,6,SRR15183343,in vivo,extracellular,bulk,3-2
PB1,366,1935,277,SRR15183343,in vivo,extracellular,bulk,3-2
PB1,366,1946,4,SRR15183343,in vivo,extracellular,bulk,3-2
PB1,366,2017,1,SRR15183343,in vivo,extracellular,bulk,3-2
PB1,367,1994,3,SRR15183343,in vivo,extracellular,bulk,3-2
PB1,368,1978,4,SRR15183343,in vivo,extracellular,bulk,3-2
PB1,368,2004,2,SRR15183343,in vivo,extracellular,bulk,3-2
PB1,368,2040,4,SRR15183343,in vivo,extracellular,bulk,3-2
PB1,368,2044,7,SRR15183343,in vivo,extracellular,bulk,3-2
PB1,368,2075,1,SRR15183343,in vivo,extracellular,bulk,3-2
PB1,369,1720,5,SRR15183343,in vivo,extracellular,bulk,3-2
PB1,369,1933,5,SRR15183343,in vivo,extracellular,bulk,3-2
PB1,369,1934,2,SRR15183343,in vivo,extracellular,bulk,3-2
PB1,370,1930,1,SRR15183343,in vivo,extracellular,bulk,3-2
PB1,370,1937,4,SRR15183343,in vivo,extracellular,bulk,3-2
PB1,370,1940,9,SRR15183343,in vivo,extracellular,bulk,3-2
PB1,370,1944,5,SRR15183343,in vivo,extracellular,bulk,3-2
PB1,372,1934,2,SRR15183343,in vivo,extracellular,bulk,3-2
PB1,372,2230,26,SRR15183343,in vivo,extracellular,bulk,3-2
PB1,373,1864,3,SRR15183343,in vivo,extracellular,bulk,3-2
PB1,373,1944,22,SRR15183343,in vivo,extracellular,bulk,3-2
PB1,375,1917,1,SRR15183343,in vivo,extracellular,bulk,3-2
PB1,375,1936,30,SRR15183343,in vivo,extracellular,bulk,3-2
PB1,375,1939,40,SRR15183343,in vivo,extracellular,bulk,3-2
PB1,375,1940,4,SRR15183343,in vivo,extracellular,bulk,3-2
PB1,375,1941,25,SRR15183343,in vivo,extracellular,bulk,3-2
PB1,375,1943,8,SRR15183343,in vivo,extracellular,bulk,3-2
PB1,375,2065,1,SRR15183343,in vivo,extracellular,bulk,3-2
PB1,376,1935,26,SRR15183343,in vivo,extracellular,bulk,3-2
PB1,376,1946,1,SRR15183343,in vivo,extracellular,bulk,3-2
PB1,377,1935,17,SRR15183343,in vivo,extracellular,bulk,3-2
PB1,377,1942,4,SRR15183343,in vivo,extracellular,bulk,3-2
PB1,377,2036,5,SRR15183343,in vivo,extracellular,bulk,3-2
PB1,378,1937,1,SRR15183343,in vivo,extracellular,bulk,3-2
PB1,378,1941,10,SRR15183343,in vivo,extracellular,bulk,3-2
PB1,378,1981,1,SRR15183343,in vivo,extracellular,bulk,3-2
PB1,378,2005,12,SRR15183343,in vivo,extracellular,bulk,3-2
PB1,378,2030,5,SRR15183343,in vivo,extracellular,bulk,3-2
PB1,378,2048,6,SRR15183343,in vivo,extracellular,bulk,3-2
PB1,379,1934,10,SRR15183343,in vivo,extracellular,bulk,3-2
PB1,379,1946,7,SRR15183343,in vivo,extracellular,bulk,3-2
PB1,380,1756,4,SRR15183343,in vivo,extracellular,bulk,3-2
PB1,380,1944,4,SRR15183343,in vivo,extracellular,bulk,3-2
PB1,381,2027,7,SRR15183343,in vivo,extracellular,bulk,3-2
PB1,382,1833,1,SRR15183343,in vivo,extracellular,bulk,3-2
PB1,382,1923,41,SRR15183343,in vivo,extracellular,bulk,3-2
PB1,384,1979,7,SRR15183343,in vivo,extracellular,bulk,3-2
PB1,384,2026,7,SRR15183343,in vivo,extracellular,bulk,3-2
PB1,385,1933,1,SRR15183343,in vivo,extracellular,bulk,3-2
PB1,386,1923,2,SRR15183343,in vivo,extracellular,bulk,3-2
PB1,386,1934,17,SRR15183343,in vivo,extracellular,bulk,3-2
PB1,386,1942,1,SRR15183343,in vivo,extracellular,bulk,3-2
PB1,386,1998,2,SRR15183343,in vivo,extracellular,bulk,3-2
PB1,387,1846,5,SRR15183343,in vivo,extracellular,bulk,3-2
PB1,387,1849,2,SRR15183343,in vivo,extracellular,bulk,3-2
PB1,387,1918,11,SRR15183343,in vivo,extracellular,bulk,3-2
PB1,387,2041,2,SRR15183343,in vivo,extracellular,bulk,3-2
PB1,387,2048,1,SRR15183343,in vivo,extracellular,bulk,3-2
PB1,387,2050,13,SRR15183343,in vivo,extracellular,bulk,3-2
PB1,387,2061,4,SRR15183343,in vivo,extracellular,bulk,3-2
PB1,387,2123,3,SRR15183343,in vivo,extracellular,bulk,3-2
PB1,388,1903,1,SRR15183343,in vivo,extracellular,bulk,3-2
PB1,388,1933,4,SRR15183343,in vivo,extracellular,bulk,3-2
PB1,388,1941,21,SRR15183343,in vivo,extracellular,bulk,3-2
PB1,388,2045,6,SRR15183343,in vivo,extracellular,bulk,3-2
PB1,388,2051,2,SRR15183343,in vivo,extracellular,bulk,3-2
PB1,389,2032,2,SRR15183343,in vivo,extracellular,bulk,3-2
PB1,391,1922,2,SRR15183343,in vivo,extracellular,bulk,3-2
PB1,393,2004,1,SRR15183343,in vivo,extracellular,bulk,3-2
PB1,394,2119,4,SRR15183343,in vivo,extracellular,bulk,3-2
PB1,397,2032,4,SRR15183343,in vivo,extracellular,bulk,3-2
PB1,398,1938,3,SRR15183343,in vivo,extracellular,bulk,3-2
PB1,398,1993,1,SRR15183343,in vivo,extracellular,bulk,3-2
PB1,399,1849,3,SRR15183343,in vivo,extracellular,bulk,3-2
PB1,399,1903,1,SRR15183343,in vivo,extracellular,bulk,3-2
PB1,399,1904,11,SRR15183343,in vivo,extracellular,bulk,3-2
PB1,399,1982,1,SRR15183343,in vivo,extracellular,bulk,3-2
PB1,399,2020,3,SRR15183343,in vivo,extracellular,bulk,3-2
PB1,400,1840,4,SRR15183343,in vivo,extracellular,bulk,3-2
PB1,401,1903,1,SRR15183343,in vivo,extracellular,bulk,3-2
PB1,401,1905,1,SRR15183343,in vivo,extracellular,bulk,3-2
PB1,402,1935,2,SRR15183343,in vivo,extracellular,bulk,3-2
PB1,403,1903,1,SRR15183343,in vivo,extracellular,bulk,3-2
PB1,403,1904,1,SRR15183343,in vivo,extracellular,bulk,3-2
PB1,403,1920,2,SRR15183343,in vivo,extracellular,bulk,3-2
PB1,403,1992,5,SRR15183343,in vivo,extracellular,bulk,3-2
PB1,403,2027,2,SRR15183343,in vivo,extracellular,bulk,3-2
PB1,403,2235,35,SRR15183343,in vivo,extracellular,bulk,3-2
PB1,404,1832,1,SRR15183343,in vivo,extracellular,bulk,3-2
PB1,404,1897,1,SRR15183343,in vivo,extracellular,bulk,3-2
PB1,404,1919,6,SRR15183343,in vivo,extracellular,bulk,3-2
PB1,405,2043,5,SRR15183343,in vivo,extracellular,bulk,3-2
PB1,407,1885,120,SRR15183343,in vivo,extracellular,bulk,3-2
PB1,417,1814,2,SRR15183343,in vivo,extracellular,bulk,3-2
PB1,417,1817,1,SRR15183343,in vivo,extracellular,bulk,3-2
PB1,419,1934,11,SRR15183343,in vivo,extracellular,bulk,3-2
PB1,420,1815,23,SRR15183343,in vivo,extracellular,bulk,3-2
PB1,420,1823,3,SRR15183343,in vivo,extracellular,bulk,3-2
PB1,420,1825,15,SRR15183343,in vivo,extracellular,bulk,3-2
PB1,420,2020,1,SRR15183343,in vivo,extracellular,bulk,3-2
PB1,421,1768,3,SRR15183343,in vivo,extracellular,bulk,3-2
PB1,421,1793,98,SRR15183343,in vivo,extracellular,bulk,3-2
PB1,421,1808,2,SRR15183343,in vivo,extracellular,bulk,3-2
PB1,421,1812,1,SRR15183343,in vivo,extracellular,bulk,3-2
PB1,421,1814,24,SRR15183343,in vivo,extracellular,bulk,3-2
PB1,421,1825,7,SRR15183343,in vivo,extracellular,bulk,3-2
PB1,421,1826,10,SRR15183343,in vivo,extracellular,bulk,3-2
PB1,421,1856,1,SRR15183343,in vivo,extracellular,bulk,3-2
PB1,422,1781,1,SRR15183343,in vivo,extracellular,bulk,3-2
PB1,424,1809,4,SRR15183343,in vivo,extracellular,bulk,3-2
PB1,424,1815,3,SRR15183343,in vivo,extracellular,bulk,3-2
PB1,425,1836,4,SRR15183343,in vivo,extracellular,bulk,3-2
PB1,426,1809,3,SRR15183343,in vivo,extracellular,bulk,3-2
PB1,426,1813,1,SRR15183343,in vivo,extracellular,bulk,3-2
PB1,426,1869,2,SRR15183343,in vivo,extracellular,bulk,3-2
PB1,426,2006,1,SRR15183343,in vivo,extracellular,bulk,3-2
PB1,427,1798,1,SRR15183343,in vivo,extracellular,bulk,3-2
PB1,427,1809,1,SRR15183343,in vivo,extracellular,bulk,3-2
PB1,427,1857,1,SRR15183343,in vivo,extracellular,bulk,3-2
PB1,427,1865,1,SRR15183343,in vivo,extracellular,bulk,3-2
PB1,427,1945,213,SRR15183343,in vivo,extracellular,bulk,3-2
PB1,427,2031,4,SRR15183343,in vivo,extracellular,bulk,3-2
PB1,427,2074,2,SRR15183343,in vivo,extracellular,bulk,3-2
PB1,427,2118,5,SRR15183343,in vivo,extracellular,bulk,3-2
PB1,428,2020,2,SRR15183343,in vivo,extracellular,bulk,3-2
PB1,431,1495,1,SRR15183343,in vivo,extracellular,bulk,3-2
PB1,432,1847,6,SRR15183343,in vivo,extracellular,bulk,3-2
PB1,432,1978,3,SRR15183343,in vivo,extracellular,bulk,3-2
PB1,432,2156,1,SRR15183343,in vivo,extracellular,bulk,3-2
PB1,435,1746,4,SRR15183343,in vivo,extracellular,bulk,3-2
PB1,435,1796,2,SRR15183343,in vivo,extracellular,bulk,3-2
PB1,435,1807,4,SRR15183343,in vivo,extracellular,bulk,3-2
PB1,435,1814,7,SRR15183343,in vivo,extracellular,bulk,3-2
PB1,435,1863,3,SRR15183343,in vivo,extracellular,bulk,3-2
PB1,435,1943,1,SRR15183343,in vivo,extracellular,bulk,3-2
PB1,435,2004,2,SRR15183343,in vivo,extracellular,bulk,3-2
PB1,436,1978,3,SRR15183343,in vivo,extracellular,bulk,3-2
PB1,436,1999,3,SRR15183343,in vivo,extracellular,bulk,3-2
PB1,436,2003,4,SRR15183343,in vivo,extracellular,bulk,3-2
PB1,436,2004,2,SRR15183343,in vivo,extracellular,bulk,3-2
PB1,437,1995,5,SRR15183343,in vivo,extracellular,bulk,3-2
PB1,438,1744,1,SRR15183343,in vivo,extracellular,bulk,3-2
PB1,438,1768,2,SRR15183343,in vivo,extracellular,bulk,3-2
PB1,438,1776,7,SRR15183343,in vivo,extracellular,bulk,3-2
PB1,438,1796,4,SRR15183343,in vivo,extracellular,bulk,3-2
PB1,438,1814,2,SRR15183343,in vivo,extracellular,bulk,3-2
PB1,438,1824,2,SRR15183343,in vivo,extracellular,bulk,3-2
PB1,438,1856,2,SRR15183343,in vivo,extracellular,bulk,3-2
PB1,438,1943,1,SRR15183343,in vivo,extracellular,bulk,3-2
PB1,438,1991,1,SRR15183343,in vivo,extracellular,bulk,3-2
PB1,438,2004,2,SRR15183343,in vivo,extracellular,bulk,3-2
PB1,439,1737,2,SRR15183343,in vivo,extracellular,bulk,3-2
PB1,439,1799,2,SRR15183343,in vivo,extracellular,bulk,3-2
PB1,439,1859,3,SRR15183343,in vivo,extracellular,bulk,3-2
PB1,439,1867,5,SRR15183343,in vivo,extracellular,bulk,3-2
PB1,439,1997,1,SRR15183343,in vivo,extracellular,bulk,3-2
PB1,439,2003,2,SRR15183343,in vivo,extracellular,bulk,3-2
PB1,440,1934,1,SRR15183343,in vivo,extracellular,bulk,3-2
PB1,441,1942,11,SRR15183343,in vivo,extracellular,bulk,3-2
PB1,441,2003,1,SRR15183343,in vivo,extracellular,bulk,3-2
PB1,442,1794,10,SRR15183343,in vivo,extracellular,bulk,3-2
PB1,442,1817,2,SRR15183343,in vivo,extracellular,bulk,3-2
PB1,442,2180,2,SRR15183343,in vivo,extracellular,bulk,3-2
PB1,444,1490,1,SRR15183343,in vivo,extracellular,bulk,3-2
PB1,444,1939,7,SRR15183343,in vivo,extracellular,bulk,3-2
PB1,445,1822,2,SRR15183343,in vivo,extracellular,bulk,3-2
PB1,445,1852,5,SRR15183343,in vivo,extracellular,bulk,3-2
PB1,445,2029,2,SRR15183343,in vivo,extracellular,bulk,3-2
PB1,447,1940,9,SRR15183343,in vivo,extracellular,bulk,3-2
PB1,447,1979,9,SRR15183343,in vivo,extracellular,bulk,3-2
PB1,449,1513,2,SRR15183343,in vivo,extracellular,bulk,3-2
PB1,449,1866,2,SRR15183343,in vivo,extracellular,bulk,3-2
PB1,449,1867,2,SRR15183343,in vivo,extracellular,bulk,3-2
PB1,449,2015,5,SRR15183343,in vivo,extracellular,bulk,3-2
PB1,450,1745,1,SRR15183343,in vivo,extracellular,bulk,3-2
PB1,450,1779,4,SRR15183343,in vivo,extracellular,bulk,3-2
PB1,450,1857,13,SRR15183343,in vivo,extracellular,bulk,3-2
PB1,450,1860,21,SRR15183343,in vivo,extracellular,bulk,3-2
PB1,450,1992,1,SRR15183343,in vivo,extracellular,bulk,3-2
PB1,450,1996,1,SRR15183343,in vivo,extracellular,bulk,3-2
PB1,451,1736,2,SRR15183343,in vivo,extracellular,bulk,3-2
PB1,451,1793,1,SRR15183343,in vivo,extracellular,bulk,3-2
PB1,451,1865,2,SRR15183343,in vivo,extracellular,bulk,3-2
PB1,451,1933,12,SRR15183343,in vivo,extracellular,bulk,3-2
PB1,451,1942,14,SRR15183343,in vivo,extracellular,bulk,3-2
PB1,452,1771,4,SRR15183343,in vivo,extracellular,bulk,3-2
PB1,452,1992,2,SRR15183343,in vivo,extracellular,bulk,3-2
PB1,452,2092,17,SRR15183343,in vivo,extracellular,bulk,3-2
PB1,453,1780,1,SRR15183343,in vivo,extracellular,bulk,3-2
PB1,454,1849,2,SRR15183343,in vivo,extracellular,bulk,3-2
PB1,455,1676,1,SRR15183343,in vivo,extracellular,bulk,3-2
PB1,455,1935,2,SRR15183343,in vivo,extracellular,bulk,3-2
PB1,455,1990,4,SRR15183343,in vivo,extracellular,bulk,3-2
PB1,456,1756,1,SRR15183343,in vivo,extracellular,bulk,3-2
PB1,456,1781,2,SRR15183343,in vivo,extracellular,bulk,3-2
PB1,456,1851,4,SRR15183343,in vivo,extracellular,bulk,3-2
PB1,456,1982,1,SRR15183343,in vivo,extracellular,bulk,3-2
PB1,456,1994,4,SRR15183343,in vivo,extracellular,bulk,3-2
PB1,457,1942,2,SRR15183343,in vivo,extracellular,bulk,3-2
PB1,457,1945,4,SRR15183343,in vivo,extracellular,bulk,3-2
PB1,457,1979,2,SRR15183343,in vivo,extracellular,bulk,3-2
PB1,458,1993,3,SRR15183343,in vivo,extracellular,bulk,3-2
PB1,459,1780,44,SRR15183343,in vivo,extracellular,bulk,3-2
PB1,460,1860,61,SRR15183343,in vivo,extracellular,bulk,3-2
PB1,461,1780,1,SRR15183343,in vivo,extracellular,bulk,3-2
PB1,461,1866,5,SRR15183343,in vivo,extracellular,bulk,3-2
PB1,461,1977,1,SRR15183343,in vivo,extracellular,bulk,3-2
PB1,461,1983,3,SRR15183343,in vivo,extracellular,bulk,3-2
PB1,461,1993,4,SRR15183343,in vivo,extracellular,bulk,3-2
PB1,462,1777,1,SRR15183343,in vivo,extracellular,bulk,3-2
PB1,462,1779,6,SRR15183343,in vivo,extracellular,bulk,3-2
PB1,462,1835,1,SRR15183343,in vivo,extracellular,bulk,3-2
PB1,462,1942,1,SRR15183343,in vivo,extracellular,bulk,3-2
PB1,463,1779,14,SRR15183343,in vivo,extracellular,bulk,3-2
PB1,463,1937,2,SRR15183343,in vivo,extracellular,bulk,3-2
PB1,463,1941,5,SRR15183343,in vivo,extracellular,bulk,3-2
PB1,463,1944,6,SRR15183343,in vivo,extracellular,bulk,3-2
PB1,464,1990,1,SRR15183343,in vivo,extracellular,bulk,3-2
PB1,499,1812,2,SRR15183343,in vivo,extracellular,bulk,3-2
PB1,500,1818,3,SRR15183343,in vivo,extracellular,bulk,3-2
PB1,500,1905,4,SRR15183343,in vivo,extracellular,bulk,3-2
PB1,501,1605,1,SRR15183343,in vivo,extracellular,bulk,3-2
PB1,502,1746,3,SRR15183343,in vivo,extracellular,bulk,3-2
PB1,503,1759,29,SRR15183343,in vivo,extracellular,bulk,3-2
PB1,504,1734,2,SRR15183343,in vivo,extracellular,bulk,3-2
PB1,504,1744,2,SRR15183343,in vivo,extracellular,bulk,3-2
PB1,504,1746,4,SRR15183343,in vivo,extracellular,bulk,3-2
PB1,504,1814,2,SRR15183343,in vivo,extracellular,bulk,3-2
PB1,504,1888,2,SRR15183343,in vivo,extracellular,bulk,3-2
PB1,505,1738,2,SRR15183343,in vivo,extracellular,bulk,3-2
PB1,505,1748,2,SRR15183343,in vivo,extracellular,bulk,3-2
PB1,505,1814,3,SRR15183343,in vivo,extracellular,bulk,3-2
PB1,505,1830,1,SRR15183343,in vivo,extracellular,bulk,3-2
PB1,505,1834,5,SRR15183343,in vivo,extracellular,bulk,3-2
PB1,505,1841,2,SRR15183343,in vivo,extracellular,bulk,3-2
PB1,505,1868,1,SRR15183343,in vivo,extracellular,bulk,3-2
PB1,506,1630,2,SRR15183343,in vivo,extracellular,bulk,3-2
PB1,506,2212,8,SRR15183343,in vivo,extracellular,bulk,3-2
PB1,507,1739,1,SRR15183343,in vivo,extracellular,bulk,3-2
PB1,508,1758,2,SRR15183343,in vivo,extracellular,bulk,3-2
PB1,508,1839,18,SRR15183343,in vivo,extracellular,bulk,3-2
PB1,509,1603,3,SRR15183343,in vivo,extracellular,bulk,3-2
PB1,509,1845,5,SRR15183343,in vivo,extracellular,bulk,3-2
PB1,509,1890,4,SRR15183343,in vivo,extracellular,bulk,3-2
PB1,510,1738,9,SRR15183343,in vivo,extracellular,bulk,3-2
PB1,510,1852,6,SRR15183343,in vivo,extracellular,bulk,3-2
PB1,510,1888,3,SRR15183343,in vivo,extracellular,bulk,3-2
PB1,510,2065,12,SRR15183343,in vivo,extracellular,bulk,3-2
PB1,512,1945,4,SRR15183343,in vivo,extracellular,bulk,3-2
PB1,513,1586,1,SRR15183343,in vivo,extracellular,bulk,3-2
PB1,513,1733,3,SRR15183343,in vivo,extracellular,bulk,3-2
PB1,513,1846,2,SRR15183343,in vivo,extracellular,bulk,3-2
PB1,514,1832,25,SRR15183343,in vivo,extracellular,bulk,3-2
PB1,520,1633,2,SRR15183343,in vivo,extracellular,bulk,3-2
PB1,520,1712,2,SRR15183343,in vivo,extracellular,bulk,3-2
PB1,520,1778,1,SRR15183343,in vivo,extracellular,bulk,3-2
PB1,520,1796,2,SRR15183343,in vivo,extracellular,bulk,3-2
PB1,520,1808,6,SRR15183343,in vivo,extracellular,bulk,3-2
PB1,520,1830,6,SRR15183343,in vivo,extracellular,bulk,3-2
PB1,520,1834,1,SRR15183343,in vivo,extracellular,bulk,3-2
PB1,520,1845,1,SRR15183343,in vivo,extracellular,bulk,3-2
PB1,520,1856,1,SRR15183343,in vivo,extracellular,bulk,3-2
PB1,521,1738,1,SRR15183343,in vivo,extracellular,bulk,3-2
PB1,521,1799,3,SRR15183343,in vivo,extracellular,bulk,3-2
PB1,521,1822,1,SRR15183343,in vivo,extracellular,bulk,3-2
PB1,521,1943,12,SRR15183343,in vivo,extracellular,bulk,3-2
PB1,523,1821,4,SRR15183343,in vivo,extracellular,bulk,3-2
PB1,523,1838,2,SRR15183343,in vivo,extracellular,bulk,3-2
PB1,525,1748,3,SRR15183343,in vivo,extracellular,bulk,3-2
PB1,525,1830,3,SRR15183343,in vivo,extracellular,bulk,3-2
PB1,525,1857,2,SRR15183343,in vivo,extracellular,bulk,3-2
PB1,526,1821,9,SRR15183343,in vivo,extracellular,bulk,3-2
PB1,526,1855,1,SRR15183343,in vivo,extracellular,bulk,3-2
PB1,527,1777,2,SRR15183343,in vivo,extracellular,bulk,3-2
PB1,527,1825,5,SRR15183343,in vivo,extracellular,bulk,3-2
PB1,527,1831,1,SRR15183343,in vivo,extracellular,bulk,3-2
PB1,527,1842,13,SRR15183343,in vivo,extracellular,bulk,3-2
PB1,528,1836,3,SRR15183343,in vivo,extracellular,bulk,3-2
PB1,528,1867,1,SRR15183343,in vivo,extracellular,bulk,3-2
PB1,529,1695,1,SRR15183343,in vivo,extracellular,bulk,3-2
PB1,529,1747,6,SRR15183343,in vivo,extracellular,bulk,3-2
PB1,529,1769,1,SRR15183343,in vivo,extracellular,bulk,3-2
PB1,529,1774,5,SRR15183343,in vivo,extracellular,bulk,3-2
PB1,529,1777,8,SRR15183343,in vivo,extracellular,bulk,3-2
PB1,529,1815,36,SRR15183343,in vivo,extracellular,bulk,3-2
PB1,529,1827,93,SRR15183343,in vivo,extracellular,bulk,3-2
PB1,529,1831,7,SRR15183343,in vivo,extracellular,bulk,3-2
PB1,529,1846,2,SRR15183343,in vivo,extracellular,bulk,3-2
PB1,529,1864,2,SRR15183343,in vivo,extracellular,bulk,3-2
PB1,530,1757,19,SRR15183343,in vivo,extracellular,bulk,3-2
PB1,530,1819,7,SRR15183343,in vivo,extracellular,bulk,3-2
PB1,531,1837,1,SRR15183343,in vivo,extracellular,bulk,3-2
PB1,531,2002,13,SRR15183343,in vivo,extracellular,bulk,3-2
PB1,534,1778,2,SRR15183343,in vivo,extracellular,bulk,3-2
PB1,534,1808,2,SRR15183343,in vivo,extracellular,bulk,3-2
PB1,534,1810,1,SRR15183343,in vivo,extracellular,bulk,3-2
PB1,534,1814,25,SRR15183343,in vivo,extracellular,bulk,3-2
PB1,534,1845,17,SRR15183343,in vivo,extracellular,bulk,3-2
PB1,534,1856,2,SRR15183343,in vivo,extracellular,bulk,3-2
PB1,535,1781,4,SRR15183343,in vivo,extracellular,bulk,3-2
PB1,535,1867,28,SRR15183343,in vivo,extracellular,bulk,3-2
PB1,535,1994,2,SRR15183343,in vivo,extracellular,bulk,3-2
PB1,536,1739,2,SRR15183343,in vivo,extracellular,bulk,3-2
PB1,538,1834,3,SRR15183343,in vivo,extracellular,bulk,3-2
PB1,539,1716,2,SRR15183343,in vivo,extracellular,bulk,3-2
PB1,539,2002,4,SRR15183343,in vivo,extracellular,bulk,3-2
PB1,541,1746,8,SRR15183343,in vivo,extracellular,bulk,3-2
PB1,541,1765,4,SRR15183343,in vivo,extracellular,bulk,3-2
PB1,541,1776,2,SRR15183343,in vivo,extracellular,bulk,3-2
PB1,541,1816,4,SRR15183343,in vivo,extracellular,bulk,3-2
PB1,542,1554,2,SRR15183343,in vivo,extracellular,bulk,3-2
PB1,542,1569,2,SRR15183343,in vivo,extracellular,bulk,3-2
PB1,542,1605,1,SRR15183343,in vivo,extracellular,bulk,3-2
PB1,542,1608,2,SRR15183343,in vivo,extracellular,bulk,3-2
PB1,542,1768,10,SRR15183343,in vivo,extracellular,bulk,3-2
PB1,542,1776,35,SRR15183343,in vivo,extracellular,bulk,3-2
PB1,542,1794,5,SRR15183343,in vivo,extracellular,bulk,3-2
PB1,542,1807,2,SRR15183343,in vivo,extracellular,bulk,3-2
PB1,542,1814,4,SRR15183343,in vivo,extracellular,bulk,3-2
PB1,542,1856,42,SRR15183343,in vivo,extracellular,bulk,3-2
PB1,542,1917,8,SRR15183343,in vivo,extracellular,bulk,3-2
PB1,543,1999,2,SRR15183343,in vivo,extracellular,bulk,3-2
PB1,543,2017,3,SRR15183343,in vivo,extracellular,bulk,3-2
PB1,545,2005,1,SRR15183343,in vivo,extracellular,bulk,3-2
PB1,577,1745,461,SRR15183343,in vivo,extracellular,bulk,3-2
PB1,578,1746,1,SRR15183343,in vivo,extracellular,bulk,3-2
PB1,578,1770,1,SRR15183343,in vivo,extracellular,bulk,3-2
PB1,579,1757,2,SRR15183343,in vivo,extracellular,bulk,3-2
PB1,579,1759,2,SRR15183343,in vivo,extracellular,bulk,3-2
PB1,579,1771,2,SRR15183343,in vivo,extracellular,bulk,3-2
PB1,579,1780,1,SRR15183343,in vivo,extracellular,bulk,3-2
PB1,579,2002,5,SRR15183343,in vivo,extracellular,bulk,3-2
PB1,580,1609,1,SRR15183343,in vivo,extracellular,bulk,3-2
PB1,580,1769,15,SRR15183343,in vivo,extracellular,bulk,3-2
PB1,580,1809,1,SRR15183343,in vivo,extracellular,bulk,3-2
PB1,580,1815,7,SRR15183343,in vivo,extracellular,bulk,3-2
PB1,580,1831,3,SRR15183343,in vivo,extracellular,bulk,3-2
PB1,580,2044,2,SRR15183343,in vivo,extracellular,bulk,3-2
PB1,581,1757,40,SRR15183343,in vivo,extracellular,bulk,3-2
PB1,581,1983,1,SRR15183343,in vivo,extracellular,bulk,3-2
PB1,581,2002,5,SRR15183343,in vivo,extracellular,bulk,3-2
PB1,581,2164,1,SRR15183343,in vivo,extracellular,bulk,3-2
PB1,582,1756,1,SRR15183343,in vivo,extracellular,bulk,3-2
PB1,582,1764,6,SRR15183343,in vivo,extracellular,bulk,3-2
PB1,582,1779,3,SRR15183343,in vivo,extracellular,bulk,3-2
PB1,582,1795,5,SRR15183343,in vivo,extracellular,bulk,3-2
PB1,582,1815,4,SRR15183343,in vivo,extracellular,bulk,3-2
PB1,582,1823,1,SRR15183343,in vivo,extracellular,bulk,3-2
PB1,582,2006,3,SRR15183343,in vivo,extracellular,bulk,3-2
PB1,583,1775,1,SRR15183343,in vivo,extracellular,bulk,3-2
PB1,584,1760,2,SRR15183343,in vivo,extracellular,bulk,3-2
PB1,585,1750,1,SRR15183343,in vivo,extracellular,bulk,3-2
PB1,585,1758,2,SRR15183343,in vivo,extracellular,bulk,3-2
PB1,585,1772,23,SRR15183343,in vivo,extracellular,bulk,3-2
PB1,585,1998,1,SRR15183343,in vivo,extracellular,bulk,3-2
PB1,586,1598,7,SRR15183343,in vivo,extracellular,bulk,3-2
PB1,586,1752,1,SRR15183343,in vivo,extracellular,bulk,3-2
PB1,586,1756,4,SRR15183343,in vivo,extracellular,bulk,3-2
PB1,586,1777,1,SRR15183343,in vivo,extracellular,bulk,3-2
PB1,587,1809,1,SRR15183343,in vivo,extracellular,bulk,3-2
PB1,587,2092,1,SRR15183343,in vivo,extracellular,bulk,3-2
PB1,590,1750,6,SRR15183343,in vivo,extracellular,bulk,3-2
PB1,590,2003,1,SRR15183343,in vivo,extracellular,bulk,3-2
PB1,591,1769,2,SRR15183343,in vivo,extracellular,bulk,3-2
PB1,591,1854,56,SRR15183343,in vivo,extracellular,bulk,3-2
PB1,592,1757,1,SRR15183343,in vivo,extracellular,bulk,3-2
PB1,593,1510,2,SRR15183343,in vivo,extracellular,bulk,3-2
PB1,593,1746,1,SRR15183343,in vivo,extracellular,bulk,3-2
PB1,593,1751,1,SRR15183343,in vivo,extracellular,bulk,3-2
PB1,593,1755,8,SRR15183343,in vivo,extracellular,bulk,3-2
PB1,593,1760,2,SRR15183343,in vivo,extracellular,bulk,3-2
PB1,593,1761,2,SRR15183343,in vivo,extracellular,bulk,3-2
PB1,593,1794,4,SRR15183343,in vivo,extracellular,bulk,3-2
PB1,594,1758,1,SRR15183343,in vivo,extracellular,bulk,3-2
PB1,594,1759,2,SRR15183343,in vivo,extracellular,bulk,3-2
PB1,594,1760,2,SRR15183343,in vivo,extracellular,bulk,3-2
PB1,594,1773,1,SRR15183343,in vivo,extracellular,bulk,3-2
PB1,594,1799,1,SRR15183343,in vivo,extracellular,bulk,3-2
PB1,594,1999,2,SRR15183343,in vivo,extracellular,bulk,3-2
PB1,594,2003,1,SRR15183343,in vivo,extracellular,bulk,3-2
PB1,597,1734,4,SRR15183343,in vivo,extracellular,bulk,3-2
PB1,597,1746,11,SRR15183343,in vivo,extracellular,bulk,3-2
PB1,597,1943,7,SRR15183343,in vivo,extracellular,bulk,3-2
PB1,597,1991,6,SRR15183343,in vivo,extracellular,bulk,3-2
PB1,597,2259,4,SRR15183343,in vivo,extracellular,bulk,3-2
PB1,598,1738,5,SRR15183343,in vivo,extracellular,bulk,3-2
PB1,598,1751,1,SRR15183343,in vivo,extracellular,bulk,3-2
PB1,598,1759,2,SRR15183343,in vivo,extracellular,bulk,3-2
PB1,598,1760,34,SRR15183343,in vivo,extracellular,bulk,3-2
PB1,599,1936,3,SRR15183343,in vivo,extracellular,bulk,3-2
PB1,59,1568,3,SRR15183343,in vivo,extracellular,bulk,3-2
PB1,600,1829,1,SRR15183343,in vivo,extracellular,bulk,3-2
PB1,608,1737,1,SRR15183343,in vivo,extracellular,bulk,3-2
PB1,609,1844,2,SRR15183343,in vivo,extracellular,bulk,3-2
PB1,611,1732,2,SRR15183343,in vivo,extracellular,bulk,3-2
PB1,611,1904,4,SRR15183343,in vivo,extracellular,bulk,3-2
PB1,612,1735,2,SRR15183343,in vivo,extracellular,bulk,3-2
PB1,612,1991,2,SRR15183343,in vivo,extracellular,bulk,3-2
PB1,613,1731,1,SRR15183343,in vivo,extracellular,bulk,3-2
PB1,613,1751,1,SRR15183343,in vivo,extracellular,bulk,3-2
PB1,614,1562,1,SRR15183343,in vivo,extracellular,bulk,3-2
PB1,614,1738,2,SRR15183343,in vivo,extracellular,bulk,3-2
PB1,614,1781,1,SRR15183343,in vivo,extracellular,bulk,3-2
PB1,615,1925,1,SRR15183343,in vivo,extracellular,bulk,3-2
PB1,619,1759,2,SRR15183343,in vivo,extracellular,bulk,3-2
PB1,620,1760,373,SRR15183343,in vivo,extracellular,bulk,3-2
PB1,621,1867,1,SRR15183343,in vivo,extracellular,bulk,3-2
PB1,621,1998,2,SRR15183343,in vivo,extracellular,bulk,3-2
PB1,622,1793,3,SRR15183343,in vivo,extracellular,bulk,3-2
PB1,622,1900,1,SRR15183343,in vivo,extracellular,bulk,3-2
PB1,623,1993,1,SRR15183343,in vivo,extracellular,bulk,3-2
PB1,62,1205,1,SRR15183343,in vivo,extracellular,bulk,3-2
PB1,633,1730,1,SRR15183343,in vivo,extracellular,bulk,3-2
PB1,633,1739,2,SRR15183343,in vivo,extracellular,bulk,3-2
PB1,633,1756,1,SRR15183343,in vivo,extracellular,bulk,3-2
PB1,633,1762,1,SRR15183343,in vivo,extracellular,bulk,3-2
PB1,633,1904,3,SRR15183343,in vivo,extracellular,bulk,3-2
PB1,634,1816,2,SRR15183343,in vivo,extracellular,bulk,3-2
PB1,636,1594,1,SRR15183343,in vivo,extracellular,bulk,3-2
PB1,636,1657,1,SRR15183343,in vivo,extracellular,bulk,3-2
PB1,637,1740,3,SRR15183343,in vivo,extracellular,bulk,3-2
PB1,638,1501,1,SRR15183343,in vivo,extracellular,bulk,3-2
PB1,638,1731,1,SRR15183343,in vivo,extracellular,bulk,3-2
PB1,638,1734,2,SRR15183343,in vivo,extracellular,bulk,3-2
PB1,638,1738,2,SRR15183343,in vivo,extracellular,bulk,3-2
PB1,638,1740,3,SRR15183343,in vivo,extracellular,bulk,3-2
PB1,638,1741,70,SRR15183343,in vivo,extracellular,bulk,3-2
PB1,638,1744,3,SRR15183343,in vivo,extracellular,bulk,3-2
PB1,638,1746,28,SRR15183343,in vivo,extracellular,bulk,3-2
PB1,638,1755,12,SRR15183343,in vivo,extracellular,bulk,3-2
PB1,639,1737,2,SRR15183343,in vivo,extracellular,bulk,3-2
PB1,639,1753,2,SRR15183343,in vivo,extracellular,bulk,3-2
PB1,641,1745,1,SRR15183343,in vivo,extracellular,bulk,3-2
PB1,641,1933,1,SRR15183343,in vivo,extracellular,bulk,3-2
PB1,642,1741,202,SRR15183343,in vivo,extracellular,bulk,3-2
PB1,642,1763,2,SRR15183343,in vivo,extracellular,bulk,3-2
PB1,644,1722,1,SRR15183343,in vivo,extracellular,bulk,3-2
PB1,644,1737,25,SRR15183343,in vivo,extracellular,bulk,3-2
PB1,645,1745,3,SRR15183343,in vivo,extracellular,bulk,3-2
PB1,645,1756,1,SRR15183343,in vivo,extracellular,bulk,3-2
PB1,646,1736,6,SRR15183343,in vivo,extracellular,bulk,3-2
PB1,647,1742,1,SRR15183343,in vivo,extracellular,bulk,3-2
PB1,647,1749,3,SRR15183343,in vivo,extracellular,bulk,3-2
PB1,647,1934,1,SRR15183343,in vivo,extracellular,bulk,3-2
PB1,649,1720,2,SRR15183343,in vivo,extracellular,bulk,3-2
PB1,649,1737,8,SRR15183343,in vivo,extracellular,bulk,3-2
PB1,650,1625,1,SRR15183343,in vivo,extracellular,bulk,3-2
PB1,650,1731,1,SRR15183343,in vivo,extracellular,bulk,3-2
PB1,650,1739,1,SRR15183343,in vivo,extracellular,bulk,3-2
PB1,650,1740,2,SRR15183343,in vivo,extracellular,bulk,3-2
PB1,650,1745,8,SRR15183343,in vivo,extracellular,bulk,3-2
PB1,650,1941,1,SRR15183343,in vivo,extracellular,bulk,3-2
PB1,651,1767,1,SRR15183343,in vivo,extracellular,bulk,3-2
PB1,653,1595,2,SRR15183343,in vivo,extracellular,bulk,3-2
PB1,683,1677,1,SRR15183343,in vivo,extracellular,bulk,3-2
PB1,686,1608,1,SRR15183343,in vivo,extracellular,bulk,3-2
PB1,686,1682,4,SRR15183343,in vivo,extracellular,bulk,3-2
PB1,686,1696,12,SRR15183343,in vivo,extracellular,bulk,3-2
PB1,686,1940,5,SRR15183343,in vivo,extracellular,bulk,3-2
PB1,687,1758,4,SRR15183343,in vivo,extracellular,bulk,3-2
PB1,692,1678,2,SRR15183343,in vivo,extracellular,bulk,3-2
PB1,692,1923,1,SRR15183343,in vivo,extracellular,bulk,3-2
PB1,692,1977,2,SRR15183343,in vivo,extracellular,bulk,3-2
PB1,693,1584,1,SRR15183343,in vivo,extracellular,bulk,3-2
PB1,693,1594,2,SRR15183343,in vivo,extracellular,bulk,3-2
PB1,693,1601,1,SRR15183343,in vivo,extracellular,bulk,3-2
PB1,693,1675,1,SRR15183343,in vivo,extracellular,bulk,3-2
PB1,693,1683,1,SRR15183343,in vivo,extracellular,bulk,3-2
PB1,693,1831,1,SRR15183343,in vivo,extracellular,bulk,3-2
PB1,693,1835,5,SRR15183343,in vivo,extracellular,bulk,3-2
PB1,695,1594,3,SRR15183343,in vivo,extracellular,bulk,3-2
PB1,695,1611,4,SRR15183343,in vivo,extracellular,bulk,3-2
PB1,695,1749,1,SRR15183343,in vivo,extracellular,bulk,3-2
PB1,695,1981,1,SRR15183343,in vivo,extracellular,bulk,3-2
PB1,696,1595,1,SRR15183343,in vivo,extracellular,bulk,3-2
PB1,697,1448,2,SRR15183343,in vivo,extracellular,bulk,3-2
PB1,697,1543,7,SRR15183343,in vivo,extracellular,bulk,3-2
PB1,697,1594,4,SRR15183343,in vivo,extracellular,bulk,3-2
PB1,698,1561,1,SRR15183343,in vivo,extracellular,bulk,3-2
PB1,701,1624,1,SRR15183343,in vivo,extracellular,bulk,3-2
PB1,701,2040,2,SRR15183343,in vivo,extracellular,bulk,3-2
PB1,702,1517,2,SRR15183343,in vivo,extracellular,bulk,3-2
PB1,702,1758,6,SRR15183343,in vivo,extracellular,bulk,3-2
PB1,703,1582,7,SRR15183343,in vivo,extracellular,bulk,3-2
PB1,703,1586,1,SRR15183343,in vivo,extracellular,bulk,3-2
PB1,703,1680,1,SRR15183343,in vivo,extracellular,bulk,3-2
PB1,705,1586,13,SRR15183343,in vivo,extracellular,bulk,3-2
PB1,706,1604,2,SRR15183343,in vivo,extracellular,bulk,3-2
PB1,708,1697,1,SRR15183343,in vivo,extracellular,bulk,3-2
PB1,709,1658,2,SRR15183343,in vivo,extracellular,bulk,3-2
PB1,710,1575,2,SRR15183343,in vivo,extracellular,bulk,3-2
PB1,710,1606,6,SRR15183343,in vivo,extracellular,bulk,3-2
PB1,710,2060,1,SRR15183343,in vivo,extracellular,bulk,3-2
PB1,711,1574,3,SRR15183343,in vivo,extracellular,bulk,3-2
PB1,711,1585,2,SRR15183343,in vivo,extracellular,bulk,3-2
PB1,711,1662,2,SRR15183343,in vivo,extracellular,bulk,3-2
PB1,712,1569,2,SRR15183343,in vivo,extracellular,bulk,3-2
PB1,712,1574,7,SRR15183343,in vivo,extracellular,bulk,3-2
PB1,712,1636,1,SRR15183343,in vivo,extracellular,bulk,3-2
PB1,712,1738,2,SRR15183343,in vivo,extracellular,bulk,3-2
PB1,712,1773,2,SRR15183343,in vivo,extracellular,bulk,3-2
PB1,712,1915,1,SRR15183343,in vivo,extracellular,bulk,3-2
PB1,714,1654,1,SRR15183343,in vivo,extracellular,bulk,3-2
PB1,714,2046,1,SRR15183343,in vivo,extracellular,bulk,3-2
PB1,716,1573,2,SRR15183343,in vivo,extracellular,bulk,3-2
PB1,716,2048,1,SRR15183343,in vivo,extracellular,bulk,3-2
PB1,717,1573,1,SRR15183343,in vivo,extracellular,bulk,3-2
PB1,717,1576,5,SRR15183343,in vivo,extracellular,bulk,3-2
PB1,718,1569,1,SRR15183343,in vivo,extracellular,bulk,3-2
PB1,718,1574,1,SRR15183343,in vivo,extracellular,bulk,3-2
PB1,719,1574,9,SRR15183343,in vivo,extracellular,bulk,3-2
PB1,719,1575,2,SRR15183343,in vivo,extracellular,bulk,3-2
PB1,719,1744,2,SRR15183343,in vivo,extracellular,bulk,3-2
PB1,720,1574,13,SRR15183343,in vivo,extracellular,bulk,3-2
PB1,721,1569,2,SRR15183343,in vivo,extracellular,bulk,3-2
PB1,721,1871,1,SRR15183343,in vivo,extracellular,bulk,3-2
PB1,722,1588,2,SRR15183343,in vivo,extracellular,bulk,3-2
PB1,722,2124,1,SRR15183343,in vivo,extracellular,bulk,3-2
PB1,724,1573,1,SRR15183343,in vivo,extracellular,bulk,3-2
PB1,726,1586,24,SRR15183343,in vivo,extracellular,bulk,3-2
PB1,726,1609,2,SRR15183343,in vivo,extracellular,bulk,3-2
PB1,726,1944,2,SRR15183343,in vivo,extracellular,bulk,3-2
PB1,727,1605,2,SRR15183343,in vivo,extracellular,bulk,3-2
PB1,728,1555,8,SRR15183343,in vivo,extracellular,bulk,3-2
PB1,728,1564,2,SRR15183343,in vivo,extracellular,bulk,3-2
PB1,728,1642,3,SRR15183343,in vivo,extracellular,bulk,3-2
PB1,728,1934,2,SRR15183343,in vivo,extracellular,bulk,3-2
PB1,729,1544,1,SRR15183343,in vivo,extracellular,bulk,3-2
PB1,729,1555,5,SRR15183343,in vivo,extracellular,bulk,3-2
PB1,729,1558,8,SRR15183343,in vivo,extracellular,bulk,3-2
PB1,729,1601,2,SRR15183343,in vivo,extracellular,bulk,3-2
PB1,729,1745,2,SRR15183343,in vivo,extracellular,bulk,3-2
PB1,729,2092,2,SRR15183343,in vivo,extracellular,bulk,3-2
PB1,72,2003,1,SRR15183343,in vivo,extracellular,bulk,3-2
PB1,730,1486,2,SRR15183343,in vivo,extracellular,bulk,3-2
PB1,730,1586,4,SRR15183343,in vivo,extracellular,bulk,3-2
PB1,730,1946,1,SRR15183343,in vivo,extracellular,bulk,3-2
PB1,731,1572,4,SRR15183343,in vivo,extracellular,bulk,3-2
PB1,731,1573,1,SRR15183343,in vivo,extracellular,bulk,3-2
PB1,731,1611,1,SRR15183343,in vivo,extracellular,bulk,3-2
PB1,731,1749,1,SRR15183343,in vivo,extracellular,bulk,3-2
PB1,731,1905,1,SRR15183343,in vivo,extracellular,bulk,3-2
PB1,732,1905,1,SRR15183343,in vivo,extracellular,bulk,3-2
PB1,734,1539,2,SRR15183343,in vivo,extracellular,bulk,3-2
PB1,734,1559,1,SRR15183343,in vivo,extracellular,bulk,3-2
PB1,736,1614,1,SRR15183343,in vivo,extracellular,bulk,3-2
PB1,737,1934,2,SRR15183343,in vivo,extracellular,bulk,3-2
PB1,738,1542,1,SRR15183343,in vivo,extracellular,bulk,3-2
PB1,738,1544,3,SRR15183343,in vivo,extracellular,bulk,3-2
PB1,748,1613,6,SRR15183343,in vivo,extracellular,bulk,3-2
PB1,748,1675,2,SRR15183343,in vivo,extracellular,bulk,3-2
PB1,74,1755,7,SRR15183343,in vivo,extracellular,bulk,3-2
PB1,751,1729,2,SRR15183343,in vivo,extracellular,bulk,3-2
PB1,752,1578,1,SRR15183343,in vivo,extracellular,bulk,3-2
PB1,753,1608,1,SRR15183343,in vivo,extracellular,bulk,3-2
PB1,753,1830,1,SRR15183343,in vivo,extracellular,bulk,3-2
PB1,754,1574,6,SRR15183343,in vivo,extracellular,bulk,3-2
PB1,755,1556,1,SRR15183343,in vivo,extracellular,bulk,3-2
PB1,755,1573,1,SRR15183343,in vivo,extracellular,bulk,3-2
PB1,757,1571,1,SRR15183343,in vivo,extracellular,bulk,3-2
PB1,758,1555,11,SRR15183343,in vivo,extracellular,bulk,3-2
PB1,758,1573,6,SRR15183343,in vivo,extracellular,bulk,3-2
PB1,758,1577,1,SRR15183343,in vivo,extracellular,bulk,3-2
PB1,759,1570,2,SRR15183343,in vivo,extracellular,bulk,3-2
PB1,759,1575,1,SRR15183343,in vivo,extracellular,bulk,3-2
PB1,759,1903,1,SRR15183343,in vivo,extracellular,bulk,3-2
PB1,760,1531,1,SRR15183343,in vivo,extracellular,bulk,3-2
PB1,763,2177,1,SRR15183343,in vivo,extracellular,bulk,3-2
PB1,767,1516,5,SRR15183343,in vivo,extracellular,bulk,3-2
PB1,767,1517,4,SRR15183343,in vivo,extracellular,bulk,3-2
PB1,767,1540,1,SRR15183343,in vivo,extracellular,bulk,3-2
PB1,767,2216,2,SRR15183343,in vivo,extracellular,bulk,3-2
PB1,768,2182,886,SRR15183343,in vivo,extracellular,bulk,3-2
PB1,769,2183,4,SRR15183343,in vivo,extracellular,bulk,3-2
PB1,770,1574,1,SRR15183343,in vivo,extracellular,bulk,3-2
PB1,770,1778,1,SRR15183343,in vivo,extracellular,bulk,3-2
PB1,770,1868,557,SRR15183343,in vivo,extracellular,bulk,3-2
PB1,770,2059,1,SRR15183343,in vivo,extracellular,bulk,3-2
PB1,771,1760,5,SRR15183343,in vivo,extracellular,bulk,3-2
PB1,771,1869,3,SRR15183343,in vivo,extracellular,bulk,3-2
PB1,775,1517,2,SRR15183343,in vivo,extracellular,bulk,3-2
PB1,775,1535,2,SRR15183343,in vivo,extracellular,bulk,3-2
PB1,775,1540,3,SRR15183343,in vivo,extracellular,bulk,3-2
PB1,776,1503,1,SRR15183343,in vivo,extracellular,bulk,3-2
PB1,776,1516,3,SRR15183343,in vivo,extracellular,bulk,3-2
PB1,776,1522,1,SRR15183343,in vivo,extracellular,bulk,3-2
PB1,776,1534,50,SRR15183343,in vivo,extracellular,bulk,3-2
PB1,777,1509,2,SRR15183343,in vivo,extracellular,bulk,3-2
PB1,777,1519,1,SRR15183343,in vivo,extracellular,bulk,3-2
PB1,777,1525,2,SRR15183343,in vivo,extracellular,bulk,3-2
PB1,777,1530,1,SRR15183343,in vivo,extracellular,bulk,3-2
PB1,777,1559,1,SRR15183343,in vivo,extracellular,bulk,3-2
PB1,777,1576,2,SRR15183343,in vivo,extracellular,bulk,3-2
PB1,777,1611,1,SRR15183343,in vivo,extracellular,bulk,3-2
PB1,777,1888,1,SRR15183343,in vivo,extracellular,bulk,3-2
PB1,786,1495,1,SRR15183343,in vivo,extracellular,bulk,3-2
PB1,786,1512,1,SRR15183343,in vivo,extracellular,bulk,3-2
PB1,786,1566,1,SRR15183343,in vivo,extracellular,bulk,3-2
PB1,786,1569,2,SRR15183343,in vivo,extracellular,bulk,3-2
PB1,786,1574,1,SRR15183343,in vivo,extracellular,bulk,3-2
PB1,787,1631,1,SRR15183343,in vivo,extracellular,bulk,3-2
PB1,787,2224,1,SRR15183343,in vivo,extracellular,bulk,3-2
PB1,788,1496,5,SRR15183343,in vivo,extracellular,bulk,3-2
PB1,788,1586,1,SRR15183343,in vivo,extracellular,bulk,3-2
PB1,789,1492,5,SRR15183343,in vivo,extracellular,bulk,3-2
PB1,789,1573,1,SRR15183343,in vivo,extracellular,bulk,3-2
PB1,78,1649,1,SRR15183343,in vivo,extracellular,bulk,3-2
PB1,78,391,2,SRR15183343,in vivo,extracellular,bulk,3-2
PB1,790,1561,1,SRR15183343,in vivo,extracellular,bulk,3-2
PB1,791,1435,2,SRR15183343,in vivo,extracellular,bulk,3-2
PB1,791,1543,3,SRR15183343,in vivo,extracellular,bulk,3-2
PB1,791,1570,2,SRR15183343,in vivo,extracellular,bulk,3-2
PB1,791,1575,2,SRR15183343,in vivo,extracellular,bulk,3-2
PB1,794,1495,4,SRR15183343,in vivo,extracellular,bulk,3-2
PB1,794,1569,2,SRR15183343,in vivo,extracellular,bulk,3-2
PB1,794,1585,2,SRR15183343,in vivo,extracellular,bulk,3-2
PB1,794,1605,3,SRR15183343,in vivo,extracellular,bulk,3-2
PB1,794,1624,2,SRR15183343,in vivo,extracellular,bulk,3-2
PB1,794,1919,1,SRR15183343,in vivo,extracellular,bulk,3-2
PB1,795,1450,1,SRR15183343,in vivo,extracellular,bulk,3-2
PB1,795,1490,7,SRR15183343,in vivo,extracellular,bulk,3-2
PB1,795,1495,5,SRR15183343,in vivo,extracellular,bulk,3-2
PB1,795,1541,3,SRR15183343,in vivo,extracellular,bulk,3-2
PB1,795,1574,4,SRR15183343,in vivo,extracellular,bulk,3-2
PB1,796,1566,24,SRR15183343,in vivo,extracellular,bulk,3-2
PB1,796,1631,1,SRR15183343,in vivo,extracellular,bulk,3-2
PB1,796,1632,1,SRR15183343,in vivo,extracellular,bulk,3-2
PB1,796,1852,1,SRR15183343,in vivo,extracellular,bulk,3-2
PB1,797,1539,2,SRR15183343,in vivo,extracellular,bulk,3-2
PB1,798,1449,3,SRR15183343,in vivo,extracellular,bulk,3-2
PB1,798,1485,2,SRR15183343,in vivo,extracellular,bulk,3-2
PB1,798,1489,5,SRR15183343,in vivo,extracellular,bulk,3-2
PB1,798,1539,1,SRR15183343,in vivo,extracellular,bulk,3-2
PB1,798,1555,2,SRR15183343,in vivo,extracellular,bulk,3-2
PB1,798,1556,1,SRR15183343,in vivo,extracellular,bulk,3-2
PB1,798,1561,1,SRR15183343,in vivo,extracellular,bulk,3-2
PB1,798,1564,15,SRR15183343,in vivo,extracellular,bulk,3-2
PB1,798,1587,1,SRR15183343,in vivo,extracellular,bulk,3-2
PB1,798,1630,1,SRR15183343,in vivo,extracellular,bulk,3-2
PB1,799,1484,2,SRR15183343,in vivo,extracellular,bulk,3-2
PB1,799,1485,1,SRR15183343,in vivo,extracellular,bulk,3-2
PB1,799,1496,11,SRR15183343,in vivo,extracellular,bulk,3-2
PB1,799,1509,1,SRR15183343,in vivo,extracellular,bulk,3-2
PB1,799,1511,2,SRR15183343,in vivo,extracellular,bulk,3-2
PB1,799,1558,2,SRR15183343,in vivo,extracellular,bulk,3-2
PB1,799,1601,2,SRR15183343,in vivo,extracellular,bulk,3-2
PB1,799,1626,1,SRR15183343,in vivo,extracellular,bulk,3-2
PB1,799,1675,3,SRR15183343,in vivo,extracellular,bulk,3-2
PB1,79,421,1,SRR15183343,in vivo,extracellular,bulk,3-2
PB1,800,1492,9,SRR15183343,in vivo,extracellular,bulk,3-2
PB1,800,1500,1,SRR15183343,in vivo,extracellular,bulk,3-2
PB1,800,1539,4,SRR15183343,in vivo,extracellular,bulk,3-2
PB1,800,1598,1,SRR15183343,in vivo,extracellular,bulk,3-2
PB1,800,1611,1,SRR15183343,in vivo,extracellular,bulk,3-2
PB1,800,1854,1,SRR15183343,in vivo,extracellular,bulk,3-2
PB1,801,1611,1,SRR15183343,in vivo,extracellular,bulk,3-2
PB1,801,2046,2,SRR15183343,in vivo,extracellular,bulk,3-2
PB1,830,1540,1,SRR15183343,in vivo,extracellular,bulk,3-2
PB1,830,1557,2,SRR15183343,in vivo,extracellular,bulk,3-2
PB1,830,1566,1,SRR15183343,in vivo,extracellular,bulk,3-2
PB1,830,1596,1,SRR15183343,in vivo,extracellular,bulk,3-2
PB1,833,1569,1,SRR15183343,in vivo,extracellular,bulk,3-2
PB1,833,1585,2,SRR15183343,in vivo,extracellular,bulk,3-2
PB1,834,1475,1,SRR15183343,in vivo,extracellular,bulk,3-2
PB1,834,1565,1,SRR15183343,in vivo,extracellular,bulk,3-2
PB1,834,1642,1,SRR15183343,in vivo,extracellular,bulk,3-2
PB1,839,1500,2,SRR15183343,in vivo,extracellular,bulk,3-2
PB1,839,1516,2,SRR15183343,in vivo,extracellular,bulk,3-2
PB1,839,1534,2,SRR15183343,in vivo,extracellular,bulk,3-2
PB1,839,1630,1,SRR15183343,in vivo,extracellular,bulk,3-2
PB1,840,1430,2,SRR15183343,in vivo,extracellular,bulk,3-2
PB1,840,1444,2,SRR15183343,in vivo,extracellular,bulk,3-2
PB1,840,1446,1,SRR15183343,in vivo,extracellular,bulk,3-2
PB1,840,1544,2,SRR15183343,in vivo,extracellular,bulk,3-2
PB1,840,1552,10,SRR15183343,in vivo,extracellular,bulk,3-2
PB1,840,1575,11,SRR15183343,in vivo,extracellular,bulk,3-2
PB1,840,1586,5,SRR15183343,in vivo,extracellular,bulk,3-2
PB1,840,1625,4,SRR15183343,in vivo,extracellular,bulk,3-2
PB1,840,1683,1,SRR15183343,in vivo,extracellular,bulk,3-2
PB1,841,1568,1,SRR15183343,in vivo,extracellular,bulk,3-2
PB1,841,1824,4,SRR15183343,in vivo,extracellular,bulk,3-2
PB1,842,1596,1,SRR15183343,in vivo,extracellular,bulk,3-2
PB1,866,1541,1,SRR15183343,in vivo,extracellular,bulk,3-2
PB1,866,1583,3,SRR15183343,in vivo,extracellular,bulk,3-2
PB1,866,1585,5,SRR15183343,in vivo,extracellular,bulk,3-2
PB1,866,1597,1,SRR15183343,in vivo,extracellular,bulk,3-2
PB1,867,1556,1,SRR15183343,in vivo,extracellular,bulk,3-2
PB1,867,1574,1,SRR15183343,in vivo,extracellular,bulk,3-2
PB1,867,1600,1,SRR15183343,in vivo,extracellular,bulk,3-2
PB1,868,1487,1,SRR15183343,in vivo,extracellular,bulk,3-2
PB1,868,1524,2,SRR15183343,in vivo,extracellular,bulk,3-2
PB1,868,1560,1,SRR15183343,in vivo,extracellular,bulk,3-2
PB1,870,1582,1,SRR15183343,in vivo,extracellular,bulk,3-2
PB1,873,1596,1,SRR15183343,in vivo,extracellular,bulk,3-2
PB1,874,1596,2,SRR15183343,in vivo,extracellular,bulk,3-2
PB1,875,1448,1,SRR15183343,in vivo,extracellular,bulk,3-2
PB1,875,1494,7,SRR15183343,in vivo,extracellular,bulk,3-2
PB1,875,1515,1,SRR15183343,in vivo,extracellular,bulk,3-2
PB1,875,1572,2,SRR15183343,in vivo,extracellular,bulk,3-2
PB1,875,1592,1,SRR15183343,in vivo,extracellular,bulk,3-2
PB1,876,1591,1,SRR15183343,in vivo,extracellular,bulk,3-2
PB1,904,1497,1,SRR15183343,in vivo,extracellular,bulk,3-2
PB1,907,1495,2,SRR15183343,in vivo,extracellular,bulk,3-2
PB1,907,1625,5,SRR15183343,in vivo,extracellular,bulk,3-2
PB1,908,1489,4,SRR15183343,in vivo,extracellular,bulk,3-2
PB1,908,1511,1,SRR15183343,in vivo,extracellular,bulk,3-2
PB1,909,1575,2,SRR15183343,in vivo,extracellular,bulk,3-2
PB1,910,1514,1,SRR15183343,in vivo,extracellular,bulk,3-2
PB1,911,1562,6,SRR15183343,in vivo,extracellular,bulk,3-2
PB1,912,1534,2,SRR15183343,in vivo,extracellular,bulk,3-2
PB1,912,1577,2,SRR15183343,in vivo,extracellular,bulk,3-2
PB1,913,1542,1,SRR15183343,in vivo,extracellular,bulk,3-2
PB1,921,1535,1,SRR15183343,in vivo,extracellular,bulk,3-2
PB1,926,1580,2,SRR15183343,in vivo,extracellular,bulk,3-2
PB1,929,1531,2,SRR15183343,in vivo,extracellular,bulk,3-2
PB1,92,2120,2,SRR15183343,in vivo,extracellular,bulk,3-2
PB1,92,2156,10,SRR15183343,in vivo,extracellular,bulk,3-2
PB1,934,1516,2,SRR15183343,in vivo,extracellular,bulk,3-2
PB1,939,1522,3,SRR15183343,in vivo,extracellular,bulk,3-2
PB1,942,1534,2,SRR15183343,in vivo,extracellular,bulk,3-2
PB1,944,1432,2,SRR15183343,in vivo,extracellular,bulk,3-2
PB1,945,1611,2,SRR15183343,in vivo,extracellular,bulk,3-2
PB1,946,1510,1,SRR15183343,in vivo,extracellular,bulk,3-2
PB1,946,2047,1,SRR15183343,in vivo,extracellular,bulk,3-2
PB1,94,1859,2,SRR15183343,in vivo,extracellular,bulk,3-2
PB1,951,1443,2,SRR15183343,in vivo,extracellular,bulk,3-2
PB1,955,1443,2,SRR15183343,in vivo,extracellular,bulk,3-2
PB1,986,1420,2,SRR15183343,in vivo,extracellular,bulk,3-2
PB1,988,1419,1,SRR15183343,in vivo,extracellular,bulk,3-2
PB1,98,516,2,SRR15183343,in vivo,extracellular,bulk,3-2
PB1,996,1419,2,SRR15183343,in vivo,extracellular,bulk,3-2
PB1,998,2226,1,SRR15183343,in vivo,extracellular,bulk,3-2
PB2,1004,1507,1,SRR15183343,in vivo,extracellular,bulk,3-2
PB2,1006,1312,2,SRR15183343,in vivo,extracellular,bulk,3-2
PB2,1006,1638,1,SRR15183343,in vivo,extracellular,bulk,3-2
PB2,1006,2317,1,SRR15183343,in vivo,extracellular,bulk,3-2
PB2,1007,1525,1,SRR15183343,in vivo,extracellular,bulk,3-2
PB2,1034,1417,1,SRR15183343,in vivo,extracellular,bulk,3-2
PB2,1060,1697,1,SRR15183343,in vivo,extracellular,bulk,3-2
PB2,1063,1482,1,SRR15183343,in vivo,extracellular,bulk,3-2
PB2,1063,1757,1,SRR15183343,in vivo,extracellular,bulk,3-2
PB2,1084,1738,1,SRR15183343,in vivo,extracellular,bulk,3-2
PB2,1098,1997,1,SRR15183343,in vivo,extracellular,bulk,3-2
PB2,1144,1891,1,SRR15183343,in vivo,extracellular,bulk,3-2
PB2,1145,1370,2,SRR15183343,in vivo,extracellular,bulk,3-2
PB2,1153,1468,1,SRR15183343,in vivo,extracellular,bulk,3-2
PB2,1153,2295,1,SRR15183343,in vivo,extracellular,bulk,3-2
PB2,1156,1190,4,SRR15183343,in vivo,extracellular,bulk,3-2
PB2,1159,2198,2,SRR15183343,in vivo,extracellular,bulk,3-2
PB2,1178,1434,2,SRR15183343,in vivo,extracellular,bulk,3-2
PB2,1179,1679,2,SRR15183343,in vivo,extracellular,bulk,3-2
PB2,1201,1693,2,SRR15183343,in vivo,extracellular,bulk,3-2
PB2,1213,1867,2,SRR15183343,in vivo,extracellular,bulk,3-2
PB2,1237,1747,5,SRR15183343,in vivo,extracellular,bulk,3-2
PB2,1266,2261,1,SRR15183343,in vivo,extracellular,bulk,3-2
PB2,1273,2065,2,SRR15183343,in vivo,extracellular,bulk,3-2
PB2,132,2144,2,SRR15183343,in vivo,extracellular,bulk,3-2
PB2,1343,2305,1,SRR15183343,in vivo,extracellular,bulk,3-2
PB2,134,167,3,SRR15183343,in vivo,extracellular,bulk,3-2
PB2,135,165,2,SRR15183343,in vivo,extracellular,bulk,3-2
PB2,135,172,6,SRR15183343,in vivo,extracellular,bulk,3-2
PB2,135,2144,21,SRR15183343,in vivo,extracellular,bulk,3-2
PB2,136,2123,1,SRR15183343,in vivo,extracellular,bulk,3-2
PB2,137,2138,1,SRR15183343,in vivo,extracellular,bulk,3-2
PB2,1384,1861,2,SRR15183343,in vivo,extracellular,bulk,3-2
PB2,1397,1852,2,SRR15183343,in vivo,extracellular,bulk,3-2
PB2,139,2140,18,SRR15183343,in vivo,extracellular,bulk,3-2
PB2,140,2192,6,SRR15183343,in vivo,extracellular,bulk,3-2
PB2,142,2148,8,SRR15183343,in vivo,extracellular,bulk,3-2
PB2,143,2144,11089,SRR15183343,in vivo,extracellular,bulk,3-2
PB2,143,2153,1,SRR15183343,in vivo,extracellular,bulk,3-2
PB2,144,2145,36,SRR15183343,in vivo,extracellular,bulk,3-2
PB2,146,2196,2,SRR15183343,in vivo,extracellular,bulk,3-2
PB2,147,2149,1,SRR15183343,in vivo,extracellular,bulk,3-2
PB2,148,2211,7,SRR15183343,in vivo,extracellular,bulk,3-2
PB2,151,2143,3,SRR15183343,in vivo,extracellular,bulk,3-2
PB2,153,1250,1,SRR15183343,in vivo,extracellular,bulk,3-2
PB2,153,2144,5,SRR15183343,in vivo,extracellular,bulk,3-2
PB2,153,2145,2,SRR15183343,in vivo,extracellular,bulk,3-2
PB2,155,2146,2,SRR15183343,in vivo,extracellular,bulk,3-2
PB2,156,2146,13,SRR15183343,in vivo,extracellular,bulk,3-2
PB2,158,2148,1,SRR15183343,in vivo,extracellular,bulk,3-2
PB2,159,2148,8,SRR15183343,in vivo,extracellular,bulk,3-2
PB2,159,2214,1,SRR15183343,in vivo,extracellular,bulk,3-2
PB2,160,182,1,SRR15183343,in vivo,extracellular,bulk,3-2
PB2,161,2055,12,SRR15183343,in vivo,extracellular,bulk,3-2
PB2,161,2141,2,SRR15183343,in vivo,extracellular,bulk,3-2
PB2,161,2211,115,SRR15183343,in vivo,extracellular,bulk,3-2
PB2,162,2145,6,SRR15183343,in vivo,extracellular,bulk,3-2
PB2,162,2207,3,SRR15183343,in vivo,extracellular,bulk,3-2
PB2,1636,2276,1,SRR15183343,in vivo,extracellular,bulk,3-2
PB2,1637,1782,1,SRR15183343,in vivo,extracellular,bulk,3-2
PB2,163,2121,6,SRR15183343,in vivo,extracellular,bulk,3-2
PB2,163,2191,16,SRR15183343,in vivo,extracellular,bulk,3-2
PB2,164,2032,15,SRR15183343,in vivo,extracellular,bulk,3-2
PB2,164,2086,1,SRR15183343,in vivo,extracellular,bulk,3-2
PB2,164,2125,49,SRR15183343,in vivo,extracellular,bulk,3-2
PB2,164,2144,208,SRR15183343,in vivo,extracellular,bulk,3-2
PB2,164,2153,31,SRR15183343,in vivo,extracellular,bulk,3-2
PB2,164,2206,4,SRR15183343,in vivo,extracellular,bulk,3-2
PB2,164,2211,6,SRR15183343,in vivo,extracellular,bulk,3-2
PB2,166,2054,2,SRR15183343,in vivo,extracellular,bulk,3-2
PB2,166,2210,3,SRR15183343,in vivo,extracellular,bulk,3-2
PB2,167,2126,4,SRR15183343,in vivo,extracellular,bulk,3-2
PB2,167,2128,5,SRR15183343,in vivo,extracellular,bulk,3-2
PB2,167,2149,2,SRR15183343,in vivo,extracellular,bulk,3-2
PB2,167,250,30,SRR15183343,in vivo,extracellular,bulk,3-2
PB2,168,2223,2,SRR15183343,in vivo,extracellular,bulk,3-2
PB2,168,252,2,SRR15183343,in vivo,extracellular,bulk,3-2
PB2,1696,1729,3,SRR15183343,in vivo,extracellular,bulk,3-2
PB2,169,2124,2,SRR15183343,in vivo,extracellular,bulk,3-2
PB2,169,2145,2,SRR15183343,in vivo,extracellular,bulk,3-2
PB2,169,254,1,SRR15183343,in vivo,extracellular,bulk,3-2
PB2,170,2240,2,SRR15183343,in vivo,extracellular,bulk,3-2
PB2,170,567,2,SRR15183343,in vivo,extracellular,bulk,3-2
PB2,171,208,4,SRR15183343,in vivo,extracellular,bulk,3-2
PB2,171,2195,6,SRR15183343,in vivo,extracellular,bulk,3-2
PB2,172,2123,2,SRR15183343,in vivo,extracellular,bulk,3-2
PB2,1738,1973,1,SRR15183343,in vivo,extracellular,bulk,3-2
PB2,173,213,1,SRR15183343,in vivo,extracellular,bulk,3-2
PB2,174,2077,10,SRR15183343,in vivo,extracellular,bulk,3-2
PB2,174,2123,177,SRR15183343,in vivo,extracellular,bulk,3-2
PB2,174,2143,2,SRR15183343,in vivo,extracellular,bulk,3-2
PB2,174,244,5,SRR15183343,in vivo,extracellular,bulk,3-2
PB2,176,2143,2,SRR15183343,in vivo,extracellular,bulk,3-2
PB2,178,491,2,SRR15183343,in vivo,extracellular,bulk,3-2
PB2,180,1402,1,SRR15183343,in vivo,extracellular,bulk,3-2
PB2,1817,1855,1,SRR15183343,in vivo,extracellular,bulk,3-2
PB2,188,1949,4,SRR15183343,in vivo,extracellular,bulk,3-2
PB2,188,2191,5,SRR15183343,in vivo,extracellular,bulk,3-2
PB2,189,2072,4,SRR15183343,in vivo,extracellular,bulk,3-2
PB2,189,2144,134,SRR15183343,in vivo,extracellular,bulk,3-2
PB2,189,2153,3,SRR15183343,in vivo,extracellular,bulk,3-2
PB2,189,2211,2,SRR15183343,in vivo,extracellular,bulk,3-2
PB2,189,245,131,SRR15183343,in vivo,extracellular,bulk,3-2
PB2,1938,2122,1,SRR15183343,in vivo,extracellular,bulk,3-2
PB2,194,2235,3,SRR15183343,in vivo,extracellular,bulk,3-2
PB2,196,902,2,SRR15183343,in vivo,extracellular,bulk,3-2
PB2,197,1652,2,SRR15183343,in vivo,extracellular,bulk,3-2
PB2,199,2123,3,SRR15183343,in vivo,extracellular,bulk,3-2
PB2,200,2055,2,SRR15183343,in vivo,extracellular,bulk,3-2
PB2,202,2051,3,SRR15183343,in vivo,extracellular,bulk,3-2
PB2,202,2145,3,SRR15183343,in vivo,extracellular,bulk,3-2
PB2,203,2052,358,SRR15183343,in vivo,extracellular,bulk,3-2
PB2,203,2122,2,SRR15183343,in vivo,extracellular,bulk,3-2
PB2,203,2146,916,SRR15183343,in vivo,extracellular,bulk,3-2
PB2,203,2208,3,SRR15183343,in vivo,extracellular,bulk,3-2
PB2,203,2213,2,SRR15183343,in vivo,extracellular,bulk,3-2
PB2,2041,2089,1,SRR15183343,in vivo,extracellular,bulk,3-2
PB2,2044,2288,2,SRR15183343,in vivo,extracellular,bulk,3-2
PB2,2048,2086,1,SRR15183343,in vivo,extracellular,bulk,3-2
PB2,206,2149,2,SRR15183343,in vivo,extracellular,bulk,3-2
PB2,2081,2246,1,SRR15183343,in vivo,extracellular,bulk,3-2
PB2,2085,2144,28,SRR15183343,in vivo,extracellular,bulk,3-2
PB2,2086,2145,1,SRR15183343,in vivo,extracellular,bulk,3-2
PB2,213,251,1,SRR15183343,in vivo,extracellular,bulk,3-2
PB2,2150,2208,1,SRR15183343,in vivo,extracellular,bulk,3-2
PB2,2174,2210,6,SRR15183343,in vivo,extracellular,bulk,3-2
PB2,217,2207,1,SRR15183343,in vivo,extracellular,bulk,3-2
PB2,2215,2238,1,SRR15183343,in vivo,extracellular,bulk,3-2
PB2,2223,2271,1,SRR15183343,in vivo,extracellular,bulk,3-2
PB2,2236,2259,1,SRR15183343,in vivo,extracellular,bulk,3-2
PB2,2237,2265,17,SRR15183343,in vivo,extracellular,bulk,3-2
PB2,2280,2348,1,SRR15183343,in vivo,extracellular,bulk,3-2
PB2,230,2144,109,SRR15183343,in vivo,extracellular,bulk,3-2
PB2,231,263,14,SRR15183343,in vivo,extracellular,bulk,3-2
PB2,232,264,1,SRR15183343,in vivo,extracellular,bulk,3-2
PB2,233,1954,2,SRR15183343,in vivo,extracellular,bulk,3-2
PB2,233,2201,2,SRR15183343,in vivo,extracellular,bulk,3-2
PB2,233,2213,2,SRR15183343,in vivo,extracellular,bulk,3-2
PB2,238,2057,1,SRR15183343,in vivo,extracellular,bulk,3-2
PB2,238,2143,13,SRR15183343,in vivo,extracellular,bulk,3-2
PB2,238,2150,5,SRR15183343,in vivo,extracellular,bulk,3-2
PB2,238,2215,6,SRR15183343,in vivo,extracellular,bulk,3-2
PB2,238,2264,2,SRR15183343,in vivo,extracellular,bulk,3-2
PB2,239,2122,1,SRR15183343,in vivo,extracellular,bulk,3-2
PB2,239,2143,5,SRR15183343,in vivo,extracellular,bulk,3-2
PB2,240,1919,1,SRR15183343,in vivo,extracellular,bulk,3-2
PB2,240,2148,2,SRR15183343,in vivo,extracellular,bulk,3-2
PB2,241,2144,9,SRR15183343,in vivo,extracellular,bulk,3-2
PB2,241,2151,4,SRR15183343,in vivo,extracellular,bulk,3-2
PB2,242,1982,3,SRR15183343,in vivo,extracellular,bulk,3-2
PB2,242,2151,2,SRR15183343,in vivo,extracellular,bulk,3-2
PB2,242,2243,3,SRR15183343,in vivo,extracellular,bulk,3-2
PB2,243,2035,2,SRR15183343,in vivo,extracellular,bulk,3-2
PB2,243,2067,9,SRR15183343,in vivo,extracellular,bulk,3-2
PB2,243,2081,4,SRR15183343,in vivo,extracellular,bulk,3-2
PB2,243,2123,3,SRR15183343,in vivo,extracellular,bulk,3-2
PB2,243,2127,71,SRR15183343,in vivo,extracellular,bulk,3-2
PB2,243,2148,22,SRR15183343,in vivo,extracellular,bulk,3-2
PB2,244,1357,2,SRR15183343,in vivo,extracellular,bulk,3-2
PB2,244,1656,3,SRR15183343,in vivo,extracellular,bulk,3-2
PB2,244,2028,7,SRR15183343,in vivo,extracellular,bulk,3-2
PB2,244,2032,23,SRR15183343,in vivo,extracellular,bulk,3-2
PB2,244,2034,249,SRR15183343,in vivo,extracellular,bulk,3-2
PB2,244,2054,1,SRR15183343,in vivo,extracellular,bulk,3-2
PB2,244,2055,647,SRR15183343,in vivo,extracellular,bulk,3-2
PB2,244,2078,6,SRR15183343,in vivo,extracellular,bulk,3-2
PB2,244,2079,2,SRR15183343,in vivo,extracellular,bulk,3-2
PB2,244,2083,1,SRR15183343,in vivo,extracellular,bulk,3-2
PB2,244,2086,84,SRR15183343,in vivo,extracellular,bulk,3-2
PB2,244,2125,111,SRR15183343,in vivo,extracellular,bulk,3-2
PB2,244,2142,15,SRR15183343,in vivo,extracellular,bulk,3-2
PB2,244,2144,483,SRR15183343,in vivo,extracellular,bulk,3-2
PB2,244,2151,76,SRR15183343,in vivo,extracellular,bulk,3-2
PB2,244,2153,2127,SRR15183343,in vivo,extracellular,bulk,3-2
PB2,244,2197,33,SRR15183343,in vivo,extracellular,bulk,3-2
PB2,244,2206,24,SRR15183343,in vivo,extracellular,bulk,3-2
PB2,244,2216,11,SRR15183343,in vivo,extracellular,bulk,3-2
PB2,244,2233,11,SRR15183343,in vivo,extracellular,bulk,3-2
PB2,244,2238,1,SRR15183343,in vivo,extracellular,bulk,3-2
PB2,244,2255,7,SRR15183343,in vivo,extracellular,bulk,3-2
PB2,244,2265,52,SRR15183343,in vivo,extracellular,bulk,3-2
PB2,245,1948,3,SRR15183343,in vivo,extracellular,bulk,3-2
PB2,245,2139,1,SRR15183343,in vivo,extracellular,bulk,3-2
PB2,245,2154,6,SRR15183343,in vivo,extracellular,bulk,3-2
PB2,245,2212,94,SRR15183343,in vivo,extracellular,bulk,3-2
PB2,245,2227,18,SRR15183343,in vivo,extracellular,bulk,3-2
PB2,245,2266,2,SRR15183343,in vivo,extracellular,bulk,3-2
PB2,246,2206,2,SRR15183343,in vivo,extracellular,bulk,3-2
PB2,247,2009,9,SRR15183343,in vivo,extracellular,bulk,3-2
PB2,249,2215,2,SRR15183343,in vivo,extracellular,bulk,3-2
PB2,250,2207,35,SRR15183343,in vivo,extracellular,bulk,3-2
PB2,252,2063,1,SRR15183343,in vivo,extracellular,bulk,3-2
PB2,253,2191,3,SRR15183343,in vivo,extracellular,bulk,3-2
PB2,259,2281,1,SRR15183343,in vivo,extracellular,bulk,3-2
PB2,25,254,2,SRR15183343,in vivo,extracellular,bulk,3-2
PB2,260,2067,1,SRR15183343,in vivo,extracellular,bulk,3-2
PB2,262,1952,2,SRR15183343,in vivo,extracellular,bulk,3-2
PB2,262,2084,43,SRR15183343,in vivo,extracellular,bulk,3-2
PB2,263,2200,4,SRR15183343,in vivo,extracellular,bulk,3-2
PB2,266,759,2,SRR15183343,in vivo,extracellular,bulk,3-2
PB2,270,1836,2,SRR15183343,in vivo,extracellular,bulk,3-2
PB2,272,2143,4,SRR15183343,in vivo,extracellular,bulk,3-2
PB2,273,2050,54,SRR15183343,in vivo,extracellular,bulk,3-2
PB2,273,2149,1,SRR15183343,in vivo,extracellular,bulk,3-2
PB2,274,2030,8,SRR15183343,in vivo,extracellular,bulk,3-2
PB2,277,1928,1,SRR15183343,in vivo,extracellular,bulk,3-2
PB2,277,2072,17,SRR15183343,in vivo,extracellular,bulk,3-2
PB2,280,2193,2,SRR15183343,in vivo,extracellular,bulk,3-2
PB2,284,2125,1,SRR15183343,in vivo,extracellular,bulk,3-2
PB2,290,2034,1,SRR15183343,in vivo,extracellular,bulk,3-2
PB2,291,1632,3,SRR15183343,in vivo,extracellular,bulk,3-2
PB2,295,1710,1,SRR15183343,in vivo,extracellular,bulk,3-2
PB2,298,1997,1,SRR15183343,in vivo,extracellular,bulk,3-2
PB2,301,2049,6,SRR15183343,in vivo,extracellular,bulk,3-2
PB2,301,372,2,SRR15183343,in vivo,extracellular,bulk,3-2
PB2,306,379,1,SRR15183343,in vivo,extracellular,bulk,3-2
PB2,307,2145,4,SRR15183343,in vivo,extracellular,bulk,3-2
PB2,308,1896,1,SRR15183343,in vivo,extracellular,bulk,3-2
PB2,311,2033,129,SRR15183343,in vivo,extracellular,bulk,3-2
PB2,316,2267,1,SRR15183343,in vivo,extracellular,bulk,3-2
PB2,31,62,1,SRR15183343,in vivo,extracellular,bulk,3-2
PB2,325,1938,3,SRR15183343,in vivo,extracellular,bulk,3-2
PB2,326,2050,14,SRR15183343,in vivo,extracellular,bulk,3-2
PB2,330,2144,19,SRR15183343,in vivo,extracellular,bulk,3-2
PB2,332,1832,1,SRR15183343,in vivo,extracellular,bulk,3-2
PB2,332,2008,2,SRR15183343,in vivo,extracellular,bulk,3-2
PB2,332,2368,1,SRR15183343,in vivo,extracellular,bulk,3-2
PB2,333,2145,2,SRR15183343,in vivo,extracellular,bulk,3-2
PB2,334,2028,9,SRR15183343,in vivo,extracellular,bulk,3-2
PB2,335,1999,1,SRR15183343,in vivo,extracellular,bulk,3-2
PB2,335,2210,8,SRR15183343,in vivo,extracellular,bulk,3-2
PB2,337,2024,2,SRR15183343,in vivo,extracellular,bulk,3-2
PB2,338,1959,6,SRR15183343,in vivo,extracellular,bulk,3-2
PB2,340,2035,4,SRR15183343,in vivo,extracellular,bulk,3-2
PB2,343,1053,2,SRR15183343,in vivo,extracellular,bulk,3-2
PB2,343,1917,22,SRR15183343,in vivo,extracellular,bulk,3-2
PB2,343,2035,2,SRR15183343,in vivo,extracellular,bulk,3-2
PB2,344,2055,8,SRR15183343,in vivo,extracellular,bulk,3-2
PB2,350,2145,2,SRR15183343,in vivo,extracellular,bulk,3-2
PB2,351,1951,24,SRR15183343,in vivo,extracellular,bulk,3-2
PB2,351,1980,1,SRR15183343,in vivo,extracellular,bulk,3-2
PB2,351,1998,3,SRR15183343,in vivo,extracellular,bulk,3-2
PB2,353,1997,3,SRR15183343,in vivo,extracellular,bulk,3-2
PB2,353,2077,5,SRR15183343,in vivo,extracellular,bulk,3-2
PB2,353,2210,9,SRR15183343,in vivo,extracellular,bulk,3-2
PB2,356,1097,2,SRR15183343,in vivo,extracellular,bulk,3-2
PB2,356,1392,2,SRR15183343,in vivo,extracellular,bulk,3-2
PB2,356,1948,1,SRR15183343,in vivo,extracellular,bulk,3-2
PB2,356,2029,11,SRR15183343,in vivo,extracellular,bulk,3-2
PB2,357,1666,2,SRR15183343,in vivo,extracellular,bulk,3-2
PB2,357,1971,1,SRR15183343,in vivo,extracellular,bulk,3-2
PB2,358,1610,1,SRR15183343,in vivo,extracellular,bulk,3-2
PB2,358,1950,97,SRR15183343,in vivo,extracellular,bulk,3-2
PB2,358,1954,52,SRR15183343,in vivo,extracellular,bulk,3-2
PB2,358,1983,1,SRR15183343,in vivo,extracellular,bulk,3-2
PB2,35,64,3,SRR15183343,in vivo,extracellular,bulk,3-2
PB2,361,1953,2,SRR15183343,in vivo,extracellular,bulk,3-2
PB2,363,1959,6,SRR15183343,in vivo,extracellular,bulk,3-2
PB2,363,2017,2,SRR15183343,in vivo,extracellular,bulk,3-2
PB2,363,2073,7,SRR15183343,in vivo,extracellular,bulk,3-2
PB2,364,1834,2,SRR15183343,in vivo,extracellular,bulk,3-2
PB2,364,2154,1,SRR15183343,in vivo,extracellular,bulk,3-2
PB2,365,1981,14,SRR15183343,in vivo,extracellular,bulk,3-2
PB2,367,1893,1,SRR15183343,in vivo,extracellular,bulk,3-2
PB2,367,1964,1,SRR15183343,in vivo,extracellular,bulk,3-2
PB2,367,1979,8,SRR15183343,in vivo,extracellular,bulk,3-2
PB2,367,1980,7,SRR15183343,in vivo,extracellular,bulk,3-2
PB2,367,2143,4,SRR15183343,in vivo,extracellular,bulk,3-2
PB2,367,2265,2,SRR15183343,in vivo,extracellular,bulk,3-2
PB2,369,2060,43,SRR15183343,in vivo,extracellular,bulk,3-2
PB2,36,2011,1,SRR15183343,in vivo,extracellular,bulk,3-2
PB2,377,2084,20,SRR15183343,in vivo,extracellular,bulk,3-2
PB2,378,1965,2,SRR15183343,in vivo,extracellular,bulk,3-2
PB2,378,1975,5,SRR15183343,in vivo,extracellular,bulk,3-2
PB2,378,1997,3,SRR15183343,in vivo,extracellular,bulk,3-2
PB2,378,2071,1,SRR15183343,in vivo,extracellular,bulk,3-2
PB2,379,1955,2,SRR15183343,in vivo,extracellular,bulk,3-2
PB2,37,118,1,SRR15183343,in vivo,extracellular,bulk,3-2
PB2,37,64,34,SRR15183343,in vivo,extracellular,bulk,3-2
PB2,381,1977,1,SRR15183343,in vivo,extracellular,bulk,3-2
PB2,389,2019,3,SRR15183343,in vivo,extracellular,bulk,3-2
PB2,389,2073,2,SRR15183343,in vivo,extracellular,bulk,3-2
PB2,390,1972,1,SRR15183343,in vivo,extracellular,bulk,3-2
PB2,390,2006,2,SRR15183343,in vivo,extracellular,bulk,3-2
PB2,390,2123,5,SRR15183343,in vivo,extracellular,bulk,3-2
PB2,391,1681,1,SRR15183343,in vivo,extracellular,bulk,3-2
PB2,391,1949,1,SRR15183343,in vivo,extracellular,bulk,3-2
PB2,391,1973,10,SRR15183343,in vivo,extracellular,bulk,3-2
PB2,391,2206,1,SRR15183343,in vivo,extracellular,bulk,3-2
PB2,392,1956,1,SRR15183343,in vivo,extracellular,bulk,3-2
PB2,392,1959,4,SRR15183343,in vivo,extracellular,bulk,3-2
PB2,393,2084,1,SRR15183343,in vivo,extracellular,bulk,3-2
PB2,394,2028,1426,SRR15183343,in vivo,extracellular,bulk,3-2
PB2,394,2034,2,SRR15183343,in vivo,extracellular,bulk,3-2
PB2,395,1931,7,SRR15183343,in vivo,extracellular,bulk,3-2
PB2,395,1960,5,SRR15183343,in vivo,extracellular,bulk,3-2
PB2,396,1896,1,SRR15183343,in vivo,extracellular,bulk,3-2
PB2,396,2055,329,SRR15183343,in vivo,extracellular,bulk,3-2
PB2,397,1927,5,SRR15183343,in vivo,extracellular,bulk,3-2
PB2,397,2026,1,SRR15183343,in vivo,extracellular,bulk,3-2
PB2,397,2054,2,SRR15183343,in vivo,extracellular,bulk,3-2
PB2,397,2145,3,SRR15183343,in vivo,extracellular,bulk,3-2
PB2,399,1951,6,SRR15183343,in vivo,extracellular,bulk,3-2
PB2,399,2055,4,SRR15183343,in vivo,extracellular,bulk,3-2
PB2,400,1953,1,SRR15183343,in vivo,extracellular,bulk,3-2
PB2,400,1954,1,SRR15183343,in vivo,extracellular,bulk,3-2
PB2,402,2007,1,SRR15183343,in vivo,extracellular,bulk,3-2
PB2,404,1781,2,SRR15183343,in vivo,extracellular,bulk,3-2
PB2,404,1927,4,SRR15183343,in vivo,extracellular,bulk,3-2
PB2,407,1937,1,SRR15183343,in vivo,extracellular,bulk,3-2
PB2,408,2024,1,SRR15183343,in vivo,extracellular,bulk,3-2
PB2,413,1880,5,SRR15183343,in vivo,extracellular,bulk,3-2
PB2,414,1789,2,SRR15183343,in vivo,extracellular,bulk,3-2
PB2,417,1788,1,SRR15183343,in vivo,extracellular,bulk,3-2
PB2,417,1911,2,SRR15183343,in vivo,extracellular,bulk,3-2
PB2,417,1927,1,SRR15183343,in vivo,extracellular,bulk,3-2
PB2,417,1963,4,SRR15183343,in vivo,extracellular,bulk,3-2
PB2,417,1997,2,SRR15183343,in vivo,extracellular,bulk,3-2
PB2,417,2033,3,SRR15183343,in vivo,extracellular,bulk,3-2
PB2,418,1932,2,SRR15183343,in vivo,extracellular,bulk,3-2
PB2,418,1938,12,SRR15183343,in vivo,extracellular,bulk,3-2
PB2,419,2024,3,SRR15183343,in vivo,extracellular,bulk,3-2
PB2,419,2082,2,SRR15183343,in vivo,extracellular,bulk,3-2
PB2,423,2201,2,SRR15183343,in vivo,extracellular,bulk,3-2
PB2,423,544,1,SRR15183343,in vivo,extracellular,bulk,3-2
PB2,424,1784,1,SRR15183343,in vivo,extracellular,bulk,3-2
PB2,426,2142,1,SRR15183343,in vivo,extracellular,bulk,3-2
PB2,426,2249,4,SRR15183343,in vivo,extracellular,bulk,3-2
PB2,427,1880,2,SRR15183343,in vivo,extracellular,bulk,3-2
PB2,427,1888,1,SRR15183343,in vivo,extracellular,bulk,3-2
PB2,427,1917,28,SRR15183343,in vivo,extracellular,bulk,3-2
PB2,427,1949,1,SRR15183343,in vivo,extracellular,bulk,3-2
PB2,427,1960,4,SRR15183343,in vivo,extracellular,bulk,3-2
PB2,428,1928,1,SRR15183343,in vivo,extracellular,bulk,3-2
PB2,428,1959,36,SRR15183343,in vivo,extracellular,bulk,3-2
PB2,428,2034,2,SRR15183343,in vivo,extracellular,bulk,3-2
PB2,428,2144,3,SRR15183343,in vivo,extracellular,bulk,3-2
PB2,428,2253,1,SRR15183343,in vivo,extracellular,bulk,3-2
PB2,428,2265,2,SRR15183343,in vivo,extracellular,bulk,3-2
PB2,428,450,2,SRR15183343,in vivo,extracellular,bulk,3-2
PB2,429,1909,1,SRR15183343,in vivo,extracellular,bulk,3-2
PB2,429,1977,43,SRR15183343,in vivo,extracellular,bulk,3-2
PB2,429,1981,8,SRR15183343,in vivo,extracellular,bulk,3-2
PB2,429,2056,2,SRR15183343,in vivo,extracellular,bulk,3-2
PB2,429,454,11,SRR15183343,in vivo,extracellular,bulk,3-2
PB2,42,66,1,SRR15183343,in vivo,extracellular,bulk,3-2
PB2,431,2031,1,SRR15183343,in vivo,extracellular,bulk,3-2
PB2,443,1855,6,SRR15183343,in vivo,extracellular,bulk,3-2
PB2,443,1907,2,SRR15183343,in vivo,extracellular,bulk,3-2
PB2,443,1930,19,SRR15183343,in vivo,extracellular,bulk,3-2
PB2,443,2008,4,SRR15183343,in vivo,extracellular,bulk,3-2
PB2,444,1878,1,SRR15183343,in vivo,extracellular,bulk,3-2
PB2,444,1889,1,SRR15183343,in vivo,extracellular,bulk,3-2
PB2,444,1917,6,SRR15183343,in vivo,extracellular,bulk,3-2
PB2,444,1931,1,SRR15183343,in vivo,extracellular,bulk,3-2
PB2,444,1970,2,SRR15183343,in vivo,extracellular,bulk,3-2
PB2,444,2024,155,SRR15183343,in vivo,extracellular,bulk,3-2
PB2,445,1859,2,SRR15183343,in vivo,extracellular,bulk,3-2
PB2,445,1956,1,SRR15183343,in vivo,extracellular,bulk,3-2
PB2,445,2006,2,SRR15183343,in vivo,extracellular,bulk,3-2
PB2,448,1753,39,SRR15183343,in vivo,extracellular,bulk,3-2
PB2,448,1772,3,SRR15183343,in vivo,extracellular,bulk,3-2
PB2,448,1888,1,SRR15183343,in vivo,extracellular,bulk,3-2
PB2,448,1949,1,SRR15183343,in vivo,extracellular,bulk,3-2
PB2,448,1973,1,SRR15183343,in vivo,extracellular,bulk,3-2
PB2,44,2070,1,SRR15183343,in vivo,extracellular,bulk,3-2
PB2,451,1877,1,SRR15183343,in vivo,extracellular,bulk,3-2
PB2,451,1880,2,SRR15183343,in vivo,extracellular,bulk,3-2
PB2,452,1746,2,SRR15183343,in vivo,extracellular,bulk,3-2
PB2,452,1802,1,SRR15183343,in vivo,extracellular,bulk,3-2
PB2,452,2226,6,SRR15183343,in vivo,extracellular,bulk,3-2
PB2,453,1777,1,SRR15183343,in vivo,extracellular,bulk,3-2
PB2,454,1905,2,SRR15183343,in vivo,extracellular,bulk,3-2
PB2,455,1764,1,SRR15183343,in vivo,extracellular,bulk,3-2
PB2,456,1949,2,SRR15183343,in vivo,extracellular,bulk,3-2
PB2,458,2251,1,SRR15183343,in vivo,extracellular,bulk,3-2
PB2,461,1740,1,SRR15183343,in vivo,extracellular,bulk,3-2
PB2,461,1889,4,SRR15183343,in vivo,extracellular,bulk,3-2
PB2,461,2129,1,SRR15183343,in vivo,extracellular,bulk,3-2
PB2,462,1683,1,SRR15183343,in vivo,extracellular,bulk,3-2
PB2,462,2005,2,SRR15183343,in vivo,extracellular,bulk,3-2
PB2,462,2061,3,SRR15183343,in vivo,extracellular,bulk,3-2
PB2,462,2314,1,SRR15183343,in vivo,extracellular,bulk,3-2
PB2,463,1739,2,SRR15183343,in vivo,extracellular,bulk,3-2
PB2,463,1888,2,SRR15183343,in vivo,extracellular,bulk,3-2
PB2,463,1949,25,SRR15183343,in vivo,extracellular,bulk,3-2
PB2,464,1786,1,SRR15183343,in vivo,extracellular,bulk,3-2
PB2,464,1828,1,SRR15183343,in vivo,extracellular,bulk,3-2
PB2,464,1962,6,SRR15183343,in vivo,extracellular,bulk,3-2
PB2,464,1980,1,SRR15183343,in vivo,extracellular,bulk,3-2
PB2,464,1998,4,SRR15183343,in vivo,extracellular,bulk,3-2
PB2,465,1842,3,SRR15183343,in vivo,extracellular,bulk,3-2
PB2,466,1871,2,SRR15183343,in vivo,extracellular,bulk,3-2
PB2,466,1951,4,SRR15183343,in vivo,extracellular,bulk,3-2
PB2,466,1979,65,SRR15183343,in vivo,extracellular,bulk,3-2
PB2,467,1759,3,SRR15183343,in vivo,extracellular,bulk,3-2
PB2,467,1938,1,SRR15183343,in vivo,extracellular,bulk,3-2
PB2,467,2061,4,SRR15183343,in vivo,extracellular,bulk,3-2
PB2,469,1790,2,SRR15183343,in vivo,extracellular,bulk,3-2
PB2,469,1877,3,SRR15183343,in vivo,extracellular,bulk,3-2
PB2,469,1917,12,SRR15183343,in vivo,extracellular,bulk,3-2
PB2,469,2073,15,SRR15183343,in vivo,extracellular,bulk,3-2
PB2,470,1998,3,SRR15183343,in vivo,extracellular,bulk,3-2
PB2,471,1981,23,SRR15183343,in vivo,extracellular,bulk,3-2
PB2,472,1874,2,SRR15183343,in vivo,extracellular,bulk,3-2
PB2,472,1972,2,SRR15183343,in vivo,extracellular,bulk,3-2
PB2,472,1986,2,SRR15183343,in vivo,extracellular,bulk,3-2
PB2,472,2057,3,SRR15183343,in vivo,extracellular,bulk,3-2
PB2,479,1931,1,SRR15183343,in vivo,extracellular,bulk,3-2
PB2,47,73,76,SRR15183343,in vivo,extracellular,bulk,3-2
PB2,480,1981,1,SRR15183343,in vivo,extracellular,bulk,3-2
PB2,481,1789,2,SRR15183343,in vivo,extracellular,bulk,3-2
PB2,481,1859,3,SRR15183343,in vivo,extracellular,bulk,3-2
PB2,481,1879,5,SRR15183343,in vivo,extracellular,bulk,3-2
PB2,481,1906,1,SRR15183343,in vivo,extracellular,bulk,3-2
PB2,481,1926,4,SRR15183343,in vivo,extracellular,bulk,3-2
PB2,481,1936,3,SRR15183343,in vivo,extracellular,bulk,3-2
PB2,481,1948,2,SRR15183343,in vivo,extracellular,bulk,3-2
PB2,481,1978,2,SRR15183343,in vivo,extracellular,bulk,3-2
PB2,481,2053,1,SRR15183343,in vivo,extracellular,bulk,3-2
PB2,481,2206,2,SRR15183343,in vivo,extracellular,bulk,3-2
PB2,490,1963,2,SRR15183343,in vivo,extracellular,bulk,3-2
PB2,491,2049,1,SRR15183343,in vivo,extracellular,bulk,3-2
PB2,496,1791,1,SRR15183343,in vivo,extracellular,bulk,3-2
PB2,496,2067,1,SRR15183343,in vivo,extracellular,bulk,3-2
PB2,498,1758,35,SRR15183343,in vivo,extracellular,bulk,3-2
PB2,498,1791,1,SRR15183343,in vivo,extracellular,bulk,3-2
PB2,498,1960,5,SRR15183343,in vivo,extracellular,bulk,3-2
PB2,498,2036,1,SRR15183343,in vivo,extracellular,bulk,3-2
PB2,498,2073,6,SRR15183343,in vivo,extracellular,bulk,3-2
PB2,499,1689,6,SRR15183343,in vivo,extracellular,bulk,3-2
PB2,499,1839,2,SRR15183343,in vivo,extracellular,bulk,3-2
PB2,499,1951,5,SRR15183343,in vivo,extracellular,bulk,3-2
PB2,49,72,3,SRR15183343,in vivo,extracellular,bulk,3-2
PB2,500,1657,1,SRR15183343,in vivo,extracellular,bulk,3-2
PB2,500,1840,3,SRR15183343,in vivo,extracellular,bulk,3-2
PB2,500,1929,1,SRR15183343,in vivo,extracellular,bulk,3-2
PB2,500,2031,1,SRR15183343,in vivo,extracellular,bulk,3-2
PB2,501,1758,5,SRR15183343,in vivo,extracellular,bulk,3-2
PB2,501,1918,16,SRR15183343,in vivo,extracellular,bulk,3-2
PB2,502,1939,1,SRR15183343,in vivo,extracellular,bulk,3-2
PB2,502,2088,1,SRR15183343,in vivo,extracellular,bulk,3-2
PB2,503,1776,1,SRR15183343,in vivo,extracellular,bulk,3-2
PB2,503,1965,1,SRR15183343,in vivo,extracellular,bulk,3-2
PB2,504,1953,1,SRR15183343,in vivo,extracellular,bulk,3-2
PB2,504,2077,4,SRR15183343,in vivo,extracellular,bulk,3-2
PB2,505,1758,5,SRR15183343,in vivo,extracellular,bulk,3-2
PB2,506,1764,1,SRR15183343,in vivo,extracellular,bulk,3-2
PB2,508,1753,1,SRR15183343,in vivo,extracellular,bulk,3-2
PB2,508,2081,1,SRR15183343,in vivo,extracellular,bulk,3-2
PB2,509,1762,4,SRR15183343,in vivo,extracellular,bulk,3-2
PB2,509,1767,2,SRR15183343,in vivo,extracellular,bulk,3-2
PB2,509,2067,5,SRR15183343,in vivo,extracellular,bulk,3-2
PB2,50,403,2,SRR15183343,in vivo,extracellular,bulk,3-2
PB2,511,1952,1,SRR15183343,in vivo,extracellular,bulk,3-2
PB2,512,1778,2,SRR15183343,in vivo,extracellular,bulk,3-2
PB2,512,2054,2,SRR15183343,in vivo,extracellular,bulk,3-2
PB2,512,2085,1,SRR15183343,in vivo,extracellular,bulk,3-2
PB2,513,1621,1,SRR15183343,in vivo,extracellular,bulk,3-2
PB2,514,1775,1,SRR15183343,in vivo,extracellular,bulk,3-2
PB2,515,1749,2,SRR15183343,in vivo,extracellular,bulk,3-2
PB2,516,1912,2,SRR15183343,in vivo,extracellular,bulk,3-2
PB2,517,1752,2,SRR15183343,in vivo,extracellular,bulk,3-2
PB2,517,2035,5,SRR15183343,in vivo,extracellular,bulk,3-2
PB2,518,1839,1,SRR15183343,in vivo,extracellular,bulk,3-2
PB2,519,1770,8,SRR15183343,in vivo,extracellular,bulk,3-2
PB2,520,1927,1,SRR15183343,in vivo,extracellular,bulk,3-2
PB2,521,1889,4,SRR15183343,in vivo,extracellular,bulk,3-2
PB2,524,1609,1,SRR15183343,in vivo,extracellular,bulk,3-2
PB2,524,1916,3,SRR15183343,in vivo,extracellular,bulk,3-2
PB2,525,1692,1,SRR15183343,in vivo,extracellular,bulk,3-2
PB2,525,1959,3,SRR15183343,in vivo,extracellular,bulk,3-2
PB2,525,2017,4,SRR15183343,in vivo,extracellular,bulk,3-2
PB2,526,1739,1,SRR15183343,in vivo,extracellular,bulk,3-2
PB2,526,1888,2,SRR15183343,in vivo,extracellular,bulk,3-2
PB2,526,1917,3,SRR15183343,in vivo,extracellular,bulk,3-2
PB2,527,1736,8,SRR15183343,in vivo,extracellular,bulk,3-2
PB2,527,2028,4,SRR15183343,in vivo,extracellular,bulk,3-2
PB2,52,75,1,SRR15183343,in vivo,extracellular,bulk,3-2
PB2,534,1744,4,SRR15183343,in vivo,extracellular,bulk,3-2
PB2,534,1996,2,SRR15183343,in vivo,extracellular,bulk,3-2
PB2,534,2026,2,SRR15183343,in vivo,extracellular,bulk,3-2
PB2,536,1739,2,SRR15183343,in vivo,extracellular,bulk,3-2
PB2,536,1949,2,SRR15183343,in vivo,extracellular,bulk,3-2
PB2,537,1839,3,SRR15183343,in vivo,extracellular,bulk,3-2
PB2,538,1907,3,SRR15183343,in vivo,extracellular,bulk,3-2
PB2,538,2056,7,SRR15183343,in vivo,extracellular,bulk,3-2
PB2,542,2084,2,SRR15183343,in vivo,extracellular,bulk,3-2
PB2,547,1912,1,SRR15183343,in vivo,extracellular,bulk,3-2
PB2,547,2039,1,SRR15183343,in vivo,extracellular,bulk,3-2
PB2,550,2024,1,SRR15183343,in vivo,extracellular,bulk,3-2
PB2,560,1708,1,SRR15183343,in vivo,extracellular,bulk,3-2
PB2,561,1518,2,SRR15183343,in vivo,extracellular,bulk,3-2
PB2,563,1767,1,SRR15183343,in vivo,extracellular,bulk,3-2
PB2,563,1853,1,SRR15183343,in vivo,extracellular,bulk,3-2
PB2,563,2147,1,SRR15183343,in vivo,extracellular,bulk,3-2
PB2,564,1786,3,SRR15183343,in vivo,extracellular,bulk,3-2
PB2,564,1998,1,SRR15183343,in vivo,extracellular,bulk,3-2
PB2,564,2021,2,SRR15183343,in vivo,extracellular,bulk,3-2
PB2,566,2259,1,SRR15183343,in vivo,extracellular,bulk,3-2
PB2,570,2055,10,SRR15183343,in vivo,extracellular,bulk,3-2
PB2,571,1697,1,SRR15183343,in vivo,extracellular,bulk,3-2
PB2,572,1786,2,SRR15183343,in vivo,extracellular,bulk,3-2
PB2,572,1787,2,SRR15183343,in vivo,extracellular,bulk,3-2
PB2,572,1872,3,SRR15183343,in vivo,extracellular,bulk,3-2
PB2,573,1863,2,SRR15183343,in vivo,extracellular,bulk,3-2
PB2,574,1500,2,SRR15183343,in vivo,extracellular,bulk,3-2
PB2,575,1734,1,SRR15183343,in vivo,extracellular,bulk,3-2
PB2,575,1767,5,SRR15183343,in vivo,extracellular,bulk,3-2
PB2,575,1853,4,SRR15183343,in vivo,extracellular,bulk,3-2
PB2,575,1888,22,SRR15183343,in vivo,extracellular,bulk,3-2
PB2,577,2015,1,SRR15183343,in vivo,extracellular,bulk,3-2
PB2,579,1778,1,SRR15183343,in vivo,extracellular,bulk,3-2
PB2,581,1691,2,SRR15183343,in vivo,extracellular,bulk,3-2
PB2,582,1469,1,SRR15183343,in vivo,extracellular,bulk,3-2
PB2,583,1776,1,SRR15183343,in vivo,extracellular,bulk,3-2
PB2,583,1788,1,SRR15183343,in vivo,extracellular,bulk,3-2
PB2,583,1997,2,SRR15183343,in vivo,extracellular,bulk,3-2
PB2,583,2146,12,SRR15183343,in vivo,extracellular,bulk,3-2
PB2,583,2241,2,SRR15183343,in vivo,extracellular,bulk,3-2
PB2,584,1875,2,SRR15183343,in vivo,extracellular,bulk,3-2
PB2,585,1769,4,SRR15183343,in vivo,extracellular,bulk,3-2
PB2,585,1956,4,SRR15183343,in vivo,extracellular,bulk,3-2
PB2,586,1752,2,SRR15183343,in vivo,extracellular,bulk,3-2
PB2,586,1758,1,SRR15183343,in vivo,extracellular,bulk,3-2
PB2,586,1767,1,SRR15183343,in vivo,extracellular,bulk,3-2
PB2,586,1888,2,SRR15183343,in vivo,extracellular,bulk,3-2
PB2,587,1492,2,SRR15183343,in vivo,extracellular,bulk,3-2
PB2,587,1862,4,SRR15183343,in vivo,extracellular,bulk,3-2
PB2,587,1998,2,SRR15183343,in vivo,extracellular,bulk,3-2
PB2,588,1715,28,SRR15183343,in vivo,extracellular,bulk,3-2
PB2,588,1777,1,SRR15183343,in vivo,extracellular,bulk,3-2
PB2,588,2022,2,SRR15183343,in vivo,extracellular,bulk,3-2
PB2,589,1482,3,SRR15183343,in vivo,extracellular,bulk,3-2
PB2,589,1874,2,SRR15183343,in vivo,extracellular,bulk,3-2
PB2,589,2017,2,SRR15183343,in vivo,extracellular,bulk,3-2
PB2,589,2253,1,SRR15183343,in vivo,extracellular,bulk,3-2
PB2,590,1609,2,SRR15183343,in vivo,extracellular,bulk,3-2
PB2,591,1767,1,SRR15183343,in vivo,extracellular,bulk,3-2
PB2,591,2246,1,SRR15183343,in vivo,extracellular,bulk,3-2
PB2,592,1771,2,SRR15183343,in vivo,extracellular,bulk,3-2
PB2,593,1609,2,SRR15183343,in vivo,extracellular,bulk,3-2
PB2,594,1661,5,SRR15183343,in vivo,extracellular,bulk,3-2
PB2,594,1677,7,SRR15183343,in vivo,extracellular,bulk,3-2
PB2,598,1665,3,SRR15183343,in vivo,extracellular,bulk,3-2
PB2,598,1747,5,SRR15183343,in vivo,extracellular,bulk,3-2
PB2,598,1752,1,SRR15183343,in vivo,extracellular,bulk,3-2
PB2,598,1767,3,SRR15183343,in vivo,extracellular,bulk,3-2
PB2,598,1837,1,SRR15183343,in vivo,extracellular,bulk,3-2
PB2,598,1853,4,SRR15183343,in vivo,extracellular,bulk,3-2
PB2,598,1860,3,SRR15183343,in vivo,extracellular,bulk,3-2
PB2,598,1937,1,SRR15183343,in vivo,extracellular,bulk,3-2
PB2,598,1949,14,SRR15183343,in vivo,extracellular,bulk,3-2
PB2,598,1982,3,SRR15183343,in vivo,extracellular,bulk,3-2
PB2,599,1760,2,SRR15183343,in vivo,extracellular,bulk,3-2
PB2,599,1786,2,SRR15183343,in vivo,extracellular,bulk,3-2
PB2,600,1661,1,SRR15183343,in vivo,extracellular,bulk,3-2
PB2,600,1860,2,SRR15183343,in vivo,extracellular,bulk,3-2
PB2,601,1839,1,SRR15183343,in vivo,extracellular,bulk,3-2
PB2,602,1615,2,SRR15183343,in vivo,extracellular,bulk,3-2
PB2,603,1834,1,SRR15183343,in vivo,extracellular,bulk,3-2
PB2,607,1004,1,SRR15183343,in vivo,extracellular,bulk,3-2
PB2,607,1444,1,SRR15183343,in vivo,extracellular,bulk,3-2
PB2,607,1735,2,SRR15183343,in vivo,extracellular,bulk,3-2
PB2,607,1775,1,SRR15183343,in vivo,extracellular,bulk,3-2
PB2,607,1963,82,SRR15183343,in vivo,extracellular,bulk,3-2
PB2,607,1997,4,SRR15183343,in vivo,extracellular,bulk,3-2
PB2,608,1297,1,SRR15183343,in vivo,extracellular,bulk,3-2
PB2,608,1747,2,SRR15183343,in vivo,extracellular,bulk,3-2
PB2,608,1748,11,SRR15183343,in vivo,extracellular,bulk,3-2
PB2,608,1749,2,SRR15183343,in vivo,extracellular,bulk,3-2
PB2,608,1753,3,SRR15183343,in vivo,extracellular,bulk,3-2
PB2,608,1953,5,SRR15183343,in vivo,extracellular,bulk,3-2
PB2,609,1385,1,SRR15183343,in vivo,extracellular,bulk,3-2
PB2,609,1747,2,SRR15183343,in vivo,extracellular,bulk,3-2
PB2,609,1837,3,SRR15183343,in vivo,extracellular,bulk,3-2
PB2,610,1755,1,SRR15183343,in vivo,extracellular,bulk,3-2
PB2,610,1761,4,SRR15183343,in vivo,extracellular,bulk,3-2
PB2,610,2070,3,SRR15183343,in vivo,extracellular,bulk,3-2
PB2,611,1966,1,SRR15183343,in vivo,extracellular,bulk,3-2
PB2,612,1401,1,SRR15183343,in vivo,extracellular,bulk,3-2
PB2,612,1827,5,SRR15183343,in vivo,extracellular,bulk,3-2
PB2,612,1831,1,SRR15183343,in vivo,extracellular,bulk,3-2
PB2,614,1771,3,SRR15183343,in vivo,extracellular,bulk,3-2
PB2,614,1839,1,SRR15183343,in vivo,extracellular,bulk,3-2
PB2,615,1829,1,SRR15183343,in vivo,extracellular,bulk,3-2
PB2,615,2084,1,SRR15183343,in vivo,extracellular,bulk,3-2
PB2,618,1841,1,SRR15183343,in vivo,extracellular,bulk,3-2
PB2,619,1732,1,SRR15183343,in vivo,extracellular,bulk,3-2
PB2,619,1735,2,SRR15183343,in vivo,extracellular,bulk,3-2
PB2,619,1840,1,SRR15183343,in vivo,extracellular,bulk,3-2
PB2,619,1915,1,SRR15183343,in vivo,extracellular,bulk,3-2
PB2,619,2152,2,SRR15183343,in vivo,extracellular,bulk,3-2
PB2,61,206,2,SRR15183343,in vivo,extracellular,bulk,3-2
PB2,620,1635,4,SRR15183343,in vivo,extracellular,bulk,3-2
PB2,622,1697,1,SRR15183343,in vivo,extracellular,bulk,3-2
PB2,622,1835,1,SRR15183343,in vivo,extracellular,bulk,3-2
PB2,622,1917,1,SRR15183343,in vivo,extracellular,bulk,3-2
PB2,622,2035,1,SRR15183343,in vivo,extracellular,bulk,3-2
PB2,623,1577,1,SRR15183343,in vivo,extracellular,bulk,3-2
PB2,623,1736,2,SRR15183343,in vivo,extracellular,bulk,3-2
PB2,623,1738,2,SRR15183343,in vivo,extracellular,bulk,3-2
PB2,623,1962,1,SRR15183343,in vivo,extracellular,bulk,3-2
PB2,624,1734,1,SRR15183343,in vivo,extracellular,bulk,3-2
PB2,624,1829,2,SRR15183343,in vivo,extracellular,bulk,3-2
PB2,624,2203,2,SRR15183343,in vivo,extracellular,bulk,3-2
PB2,625,1737,1,SRR15183343,in vivo,extracellular,bulk,3-2
PB2,62,1877,2,SRR15183343,in vivo,extracellular,bulk,3-2
PB2,630,1736,4,SRR15183343,in vivo,extracellular,bulk,3-2
PB2,631,2142,1,SRR15183343,in vivo,extracellular,bulk,3-2
PB2,631,2145,1,SRR15183343,in vivo,extracellular,bulk,3-2
PB2,632,1730,2,SRR15183343,in vivo,extracellular,bulk,3-2
PB2,632,1840,1,SRR15183343,in vivo,extracellular,bulk,3-2
PB2,632,2056,3,SRR15183343,in vivo,extracellular,bulk,3-2
PB2,632,2143,6,SRR15183343,in vivo,extracellular,bulk,3-2
PB2,633,1665,1,SRR15183343,in vivo,extracellular,bulk,3-2
PB2,634,1634,3,SRR15183343,in vivo,extracellular,bulk,3-2
PB2,634,1636,4,SRR15183343,in vivo,extracellular,bulk,3-2
PB2,634,1661,9,SRR15183343,in vivo,extracellular,bulk,3-2
PB2,634,1685,4,SRR15183343,in vivo,extracellular,bulk,3-2
PB2,634,1715,1,SRR15183343,in vivo,extracellular,bulk,3-2
PB2,634,1912,1,SRR15183343,in vivo,extracellular,bulk,3-2
PB2,635,1701,1,SRR15183343,in vivo,extracellular,bulk,3-2
PB2,635,1828,5,SRR15183343,in vivo,extracellular,bulk,3-2
PB2,639,1663,2,SRR15183343,in vivo,extracellular,bulk,3-2
PB2,642,1610,3,SRR15183343,in vivo,extracellular,bulk,3-2
PB2,642,1664,3,SRR15183343,in vivo,extracellular,bulk,3-2
PB2,642,1709,2,SRR15183343,in vivo,extracellular,bulk,3-2
PB2,642,1790,1,SRR15183343,in vivo,extracellular,bulk,3-2
PB2,642,1791,2,SRR15183343,in vivo,extracellular,bulk,3-2
PB2,642,1860,6,SRR15183343,in vivo,extracellular,bulk,3-2
PB2,642,1888,1,SRR15183343,in vivo,extracellular,bulk,3-2
PB2,643,1614,1,SRR15183343,in vivo,extracellular,bulk,3-2
PB2,643,1619,1,SRR15183343,in vivo,extracellular,bulk,3-2
PB2,643,1707,7,SRR15183343,in vivo,extracellular,bulk,3-2
PB2,643,1789,6,SRR15183343,in vivo,extracellular,bulk,3-2
PB2,643,1872,9,SRR15183343,in vivo,extracellular,bulk,3-2
PB2,644,1790,2,SRR15183343,in vivo,extracellular,bulk,3-2
PB2,646,1541,2,SRR15183343,in vivo,extracellular,bulk,3-2
PB2,646,1630,1,SRR15183343,in vivo,extracellular,bulk,3-2
PB2,646,1783,1,SRR15183343,in vivo,extracellular,bulk,3-2
PB2,646,1785,21,SRR15183343,in vivo,extracellular,bulk,3-2
PB2,646,1788,4,SRR15183343,in vivo,extracellular,bulk,3-2
PB2,647,1621,1,SRR15183343,in vivo,extracellular,bulk,3-2
PB2,647,1788,4,SRR15183343,in vivo,extracellular,bulk,3-2
PB2,647,1878,1,SRR15183343,in vivo,extracellular,bulk,3-2
PB2,649,1794,1,SRR15183343,in vivo,extracellular,bulk,3-2
PB2,661,1775,1,SRR15183343,in vivo,extracellular,bulk,3-2
PB2,67,2084,31,SRR15183343,in vivo,extracellular,bulk,3-2
PB2,698,1430,2,SRR15183343,in vivo,extracellular,bulk,3-2
PB2,705,1740,3,SRR15183343,in vivo,extracellular,bulk,3-2
PB2,707,1629,3,SRR15183343,in vivo,extracellular,bulk,3-2
PB2,707,1678,2,SRR15183343,in vivo,extracellular,bulk,3-2
PB2,707,1788,2,SRR15183343,in vivo,extracellular,bulk,3-2
PB2,708,1635,2,SRR15183343,in vivo,extracellular,bulk,3-2
PB2,708,1791,1,SRR15183343,in vivo,extracellular,bulk,3-2
PB2,710,741,1,SRR15183343,in vivo,extracellular,bulk,3-2
PB2,715,1430,1,SRR15183343,in vivo,extracellular,bulk,3-2
PB2,715,1767,2,SRR15183343,in vivo,extracellular,bulk,3-2
PB2,716,1776,4,SRR15183343,in vivo,extracellular,bulk,3-2
PB2,716,1828,1,SRR15183343,in vivo,extracellular,bulk,3-2
PB2,719,1615,4,SRR15183343,in vivo,extracellular,bulk,3-2
PB2,720,1734,17,SRR15183343,in vivo,extracellular,bulk,3-2
PB2,726,1752,1,SRR15183343,in vivo,extracellular,bulk,3-2
PB2,72,1492,1,SRR15183343,in vivo,extracellular,bulk,3-2
PB2,730,1541,1,SRR15183343,in vivo,extracellular,bulk,3-2
PB2,733,1688,1,SRR15183343,in vivo,extracellular,bulk,3-2
PB2,733,1752,5,SRR15183343,in vivo,extracellular,bulk,3-2
PB2,733,1758,4,SRR15183343,in vivo,extracellular,bulk,3-2
PB2,734,1401,2,SRR15183343,in vivo,extracellular,bulk,3-2
PB2,734,1658,1,SRR15183343,in vivo,extracellular,bulk,3-2
PB2,734,1751,4,SRR15183343,in vivo,extracellular,bulk,3-2
PB2,736,1755,2,SRR15183343,in vivo,extracellular,bulk,3-2
PB2,738,1576,13,SRR15183343,in vivo,extracellular,bulk,3-2
PB2,738,1907,1,SRR15183343,in vivo,extracellular,bulk,3-2
PB2,739,1753,5,SRR15183343,in vivo,extracellular,bulk,3-2
PB2,740,1576,7,SRR15183343,in vivo,extracellular,bulk,3-2
PB2,741,1753,4,SRR15183343,in vivo,extracellular,bulk,3-2
PB2,747,1576,4,SRR15183343,in vivo,extracellular,bulk,3-2
PB2,747,1647,3,SRR15183343,in vivo,extracellular,bulk,3-2
PB2,748,1665,1,SRR15183343,in vivo,extracellular,bulk,3-2
PB2,748,2085,3,SRR15183343,in vivo,extracellular,bulk,3-2
PB2,750,1967,2,SRR15183343,in vivo,extracellular,bulk,3-2
PB2,751,1739,2,SRR15183343,in vivo,extracellular,bulk,3-2
PB2,752,1574,4,SRR15183343,in vivo,extracellular,bulk,3-2
PB2,763,1679,1,SRR15183343,in vivo,extracellular,bulk,3-2
PB2,763,1931,3,SRR15183343,in vivo,extracellular,bulk,3-2
PB2,767,2066,3,SRR15183343,in vivo,extracellular,bulk,3-2
PB2,768,1524,1,SRR15183343,in vivo,extracellular,bulk,3-2
PB2,768,1653,3,SRR15183343,in vivo,extracellular,bulk,3-2
PB2,768,1679,2,SRR15183343,in vivo,extracellular,bulk,3-2
PB2,768,1689,2,SRR15183343,in vivo,extracellular,bulk,3-2
PB2,768,1785,1,SRR15183343,in vivo,extracellular,bulk,3-2
PB2,769,1662,3,SRR15183343,in vivo,extracellular,bulk,3-2
PB2,770,1508,1,SRR15183343,in vivo,extracellular,bulk,3-2
PB2,770,1614,1,SRR15183343,in vivo,extracellular,bulk,3-2
PB2,771,902,2,SRR15183343,in vivo,extracellular,bulk,3-2
PB2,772,1664,1,SRR15183343,in vivo,extracellular,bulk,3-2
PB2,772,1665,2,SRR15183343,in vivo,extracellular,bulk,3-2
PB2,781,1661,1,SRR15183343,in vivo,extracellular,bulk,3-2
PB2,781,2148,2,SRR15183343,in vivo,extracellular,bulk,3-2
PB2,782,1659,1,SRR15183343,in vivo,extracellular,bulk,3-2
PB2,783,1655,1,SRR15183343,in vivo,extracellular,bulk,3-2
PB2,783,2056,1,SRR15183343,in vivo,extracellular,bulk,3-2
PB2,785,1497,2,SRR15183343,in vivo,extracellular,bulk,3-2
PB2,785,1618,2,SRR15183343,in vivo,extracellular,bulk,3-2
PB2,785,1655,1,SRR15183343,in vivo,extracellular,bulk,3-2
PB2,785,1927,1,SRR15183343,in vivo,extracellular,bulk,3-2
PB2,786,1634,1,SRR15183343,in vivo,extracellular,bulk,3-2
PB2,786,1662,2,SRR15183343,in vivo,extracellular,bulk,3-2
PB2,786,1665,1,SRR15183343,in vivo,extracellular,bulk,3-2
PB2,788,1654,3,SRR15183343,in vivo,extracellular,bulk,3-2
PB2,78,2144,10,SRR15183343,in vivo,extracellular,bulk,3-2
PB2,792,1521,3,SRR15183343,in vivo,extracellular,bulk,3-2
PB2,792,1574,1,SRR15183343,in vivo,extracellular,bulk,3-2
PB2,792,1608,2,SRR15183343,in vivo,extracellular,bulk,3-2
PB2,792,1658,2,SRR15183343,in vivo,extracellular,bulk,3-2
PB2,792,1659,1,SRR15183343,in vivo,extracellular,bulk,3-2
PB2,793,1657,2,SRR15183343,in vivo,extracellular,bulk,3-2
PB2,795,1664,123,SRR15183343,in vivo,extracellular,bulk,3-2
PB2,796,1651,2,SRR15183343,in vivo,extracellular,bulk,3-2
PB2,799,1715,10,SRR15183343,in vivo,extracellular,bulk,3-2
PB2,839,1027,2,SRR15183343,in vivo,extracellular,bulk,3-2
PB2,839,1633,2,SRR15183343,in vivo,extracellular,bulk,3-2
PB2,841,1478,2,SRR15183343,in vivo,extracellular,bulk,3-2
PB2,841,1575,3,SRR15183343,in vivo,extracellular,bulk,3-2
PB2,842,1487,1,SRR15183343,in vivo,extracellular,bulk,3-2
PB2,842,1498,3,SRR15183343,in vivo,extracellular,bulk,3-2
PB2,842,1521,1,SRR15183343,in vivo,extracellular,bulk,3-2
PB2,842,1574,27,SRR15183343,in vivo,extracellular,bulk,3-2
PB2,842,1607,1,SRR15183343,in vivo,extracellular,bulk,3-2
PB2,842,1608,3,SRR15183343,in vivo,extracellular,bulk,3-2
PB2,842,1619,1,SRR15183343,in vivo,extracellular,bulk,3-2
PB2,842,1834,2,SRR15183343,in vivo,extracellular,bulk,3-2
PB2,842,2258,1,SRR15183343,in vivo,extracellular,bulk,3-2
PB2,843,1479,5,SRR15183343,in vivo,extracellular,bulk,3-2
PB2,844,1494,2,SRR15183343,in vivo,extracellular,bulk,3-2
PB2,849,1538,2,SRR15183343,in vivo,extracellular,bulk,3-2
PB2,860,1633,1,SRR15183343,in vivo,extracellular,bulk,3-2
PB2,860,1658,1,SRR15183343,in vivo,extracellular,bulk,3-2
PB2,860,1751,4,SRR15183343,in vivo,extracellular,bulk,3-2
PB2,860,1872,3,SRR15183343,in vivo,extracellular,bulk,3-2
PB2,86,1498,2,SRR15183343,in vivo,extracellular,bulk,3-2
PB2,918,1497,1,SRR15183343,in vivo,extracellular,bulk,3-2
PB2,922,1491,4,SRR15183343,in vivo,extracellular,bulk,3-2
PB2,924,1492,2,SRR15183343,in vivo,extracellular,bulk,3-2
PB2,97,395,1,SRR15183343,in vivo,extracellular,bulk,3-2
PB2,980,1506,3,SRR15183343,in vivo,extracellular,bulk,3-2
PB2,981,1909,1,SRR15183343,in vivo,extracellular,bulk,3-2
PB2,986,2267,1,SRR15183343,in vivo,extracellular,bulk,3-2
PB2,989,1521,6,SRR15183343,in vivo,extracellular,bulk,3-2
PB2,989,1542,2,SRR15183343,in vivo,extracellular,bulk,3-2
PB2,98,2123,2,SRR15183343,in vivo,extracellular,bulk,3-2
PB2,98,2144,59,SRR15183343,in vivo,extracellular,bulk,3-2
PA,102,2078,1,SRR15183343,in vivo,extracellular,bulk,3-2
PA,102,2121,1,SRR15183343,in vivo,extracellular,bulk,3-2
PA,104,959,1,SRR15183343,in vivo,extracellular,bulk,3-2
PA,105,1743,24,SRR15183343,in vivo,extracellular,bulk,3-2
PA,106,2121,3,SRR15183343,in vivo,extracellular,bulk,3-2
PA,107,1745,1,SRR15183343,in vivo,extracellular,bulk,3-2
PA,1112,1139,4,SRR15183343,in vivo,extracellular,bulk,3-2
PA,1115,1963,1,SRR15183343,in vivo,extracellular,bulk,3-2
PA,1118,1195,1,SRR15183343,in vivo,extracellular,bulk,3-2
PA,1179,1755,2,SRR15183343,in vivo,extracellular,bulk,3-2
PA,1263,1834,1,SRR15183343,in vivo,extracellular,bulk,3-2
PA,1328,2052,1,SRR15183343,in vivo,extracellular,bulk,3-2
PA,1364,2032,2,SRR15183343,in vivo,extracellular,bulk,3-2
PA,142,1849,2,SRR15183343,in vivo,extracellular,bulk,3-2
PA,1450,1829,1,SRR15183343,in vivo,extracellular,bulk,3-2
PA,146,1617,2,SRR15183343,in vivo,extracellular,bulk,3-2
PA,1513,1581,2,SRR15183343,in vivo,extracellular,bulk,3-2
PA,1549,2025,1,SRR15183343,in vivo,extracellular,bulk,3-2
PA,156,1994,9,SRR15183343,in vivo,extracellular,bulk,3-2
PA,1589,1920,1,SRR15183343,in vivo,extracellular,bulk,3-2
PA,162,2103,4,SRR15183343,in vivo,extracellular,bulk,3-2
PA,167,2004,3,SRR15183343,in vivo,extracellular,bulk,3-2
PA,167,2007,2,SRR15183343,in vivo,extracellular,bulk,3-2
PA,167,2062,12,SRR15183343,in vivo,extracellular,bulk,3-2
PA,167,2068,5,SRR15183343,in vivo,extracellular,bulk,3-2
PA,170,2023,2,SRR15183343,in vivo,extracellular,bulk,3-2
PA,172,2157,3,SRR15183343,in vivo,extracellular,bulk,3-2
PA,174,1771,1,SRR15183343,in vivo,extracellular,bulk,3-2
PA,174,1903,1,SRR15183343,in vivo,extracellular,bulk,3-2
PA,174,2141,1,SRR15183343,in vivo,extracellular,bulk,3-2
PA,175,1387,2,SRR15183343,in vivo,extracellular,bulk,3-2
PA,1765,2246,1,SRR15183343,in vivo,extracellular,bulk,3-2
PA,176,1822,2,SRR15183343,in vivo,extracellular,bulk,3-2
PA,176,1856,1,SRR15183343,in vivo,extracellular,bulk,3-2
PA,176,2066,2,SRR15183343,in vivo,extracellular,bulk,3-2
PA,181,2062,109,SRR15183343,in vivo,extracellular,bulk,3-2
PA,183,2045,9,SRR15183343,in vivo,extracellular,bulk,3-2
PA,185,1896,11,SRR15183343,in vivo,extracellular,bulk,3-2
PA,1875,2033,1,SRR15183343,in vivo,extracellular,bulk,3-2
PA,1918,1944,7,SRR15183343,in vivo,extracellular,bulk,3-2
PA,191,2044,18,SRR15183343,in vivo,extracellular,bulk,3-2
PA,191,2066,44,SRR15183343,in vivo,extracellular,bulk,3-2
PA,191,2077,5,SRR15183343,in vivo,extracellular,bulk,3-2
PA,191,2080,2,SRR15183343,in vivo,extracellular,bulk,3-2
PA,192,2006,6,SRR15183343,in vivo,extracellular,bulk,3-2
PA,193,2078,7,SRR15183343,in vivo,extracellular,bulk,3-2
PA,195,2082,1,SRR15183343,in vivo,extracellular,bulk,3-2
PA,199,2067,326,SRR15183343,in vivo,extracellular,bulk,3-2
PA,201,2077,2,SRR15183343,in vivo,extracellular,bulk,3-2
PA,201,2131,1,SRR15183343,in vivo,extracellular,bulk,3-2
PA,202,2132,1,SRR15183343,in vivo,extracellular,bulk,3-2
PA,2033,2078,2,SRR15183343,in vivo,extracellular,bulk,3-2
PA,204,2086,4,SRR15183343,in vivo,extracellular,bulk,3-2
PA,2095,2147,1,SRR15183343,in vivo,extracellular,bulk,3-2
PA,210,1431,3,SRR15183343,in vivo,extracellular,bulk,3-2
PA,210,2005,13,SRR15183343,in vivo,extracellular,bulk,3-2
PA,210,2045,5,SRR15183343,in vivo,extracellular,bulk,3-2
PA,210,2053,5,SRR15183343,in vivo,extracellular,bulk,3-2
PA,211,2005,37,SRR15183343,in vivo,extracellular,bulk,3-2
PA,211,2043,7,SRR15183343,in vivo,extracellular,bulk,3-2
PA,211,2073,138,SRR15183343,in vivo,extracellular,bulk,3-2
PA,211,333,1,SRR15183343,in vivo,extracellular,bulk,3-2
PA,212,1404,8,SRR15183343,in vivo,extracellular,bulk,3-2
PA,212,2006,2,SRR15183343,in vivo,extracellular,bulk,3-2
PA,213,2078,4,SRR15183343,in vivo,extracellular,bulk,3-2
PA,213,2088,2,SRR15183343,in vivo,extracellular,bulk,3-2
PA,216,1905,5,SRR15183343,in vivo,extracellular,bulk,3-2
PA,220,2075,1,SRR15183343,in vivo,extracellular,bulk,3-2
PA,222,2037,2,SRR15183343,in vivo,extracellular,bulk,3-2
PA,223,2069,2,SRR15183343,in vivo,extracellular,bulk,3-2
PA,225,1931,1,SRR15183343,in vivo,extracellular,bulk,3-2
PA,225,2092,1,SRR15183343,in vivo,extracellular,bulk,3-2
PA,227,2023,14,SRR15183343,in vivo,extracellular,bulk,3-2
PA,228,1374,1,SRR15183343,in vivo,extracellular,bulk,3-2
PA,231,2022,36,SRR15183343,in vivo,extracellular,bulk,3-2
PA,232,2076,6,SRR15183343,in vivo,extracellular,bulk,3-2
PA,259,2044,2,SRR15183343,in vivo,extracellular,bulk,3-2
PA,260,1949,2,SRR15183343,in vivo,extracellular,bulk,3-2
PA,260,1953,4,SRR15183343,in vivo,extracellular,bulk,3-2
PA,260,2042,4,SRR15183343,in vivo,extracellular,bulk,3-2
PA,263,1734,3,SRR15183343,in vivo,extracellular,bulk,3-2
PA,265,2013,2,SRR15183343,in vivo,extracellular,bulk,3-2
PA,266,2039,1,SRR15183343,in vivo,extracellular,bulk,3-2
PA,267,1858,1,SRR15183343,in vivo,extracellular,bulk,3-2
PA,268,2005,1,SRR15183343,in vivo,extracellular,bulk,3-2
PA,271,2010,15,SRR15183343,in vivo,extracellular,bulk,3-2
PA,272,2009,12,SRR15183343,in vivo,extracellular,bulk,3-2
PA,273,2038,2,SRR15183343,in vivo,extracellular,bulk,3-2
PA,277,1860,5,SRR15183343,in vivo,extracellular,bulk,3-2
PA,278,1934,19,SRR15183343,in vivo,extracellular,bulk,3-2
PA,284,2079,1,SRR15183343,in vivo,extracellular,bulk,3-2
PA,295,1924,2,SRR15183343,in vivo,extracellular,bulk,3-2
PA,295,1956,2,SRR15183343,in vivo,extracellular,bulk,3-2
PA,296,1952,5,SRR15183343,in vivo,extracellular,bulk,3-2
PA,299,742,1,SRR15183343,in vivo,extracellular,bulk,3-2
PA,304,1823,4,SRR15183343,in vivo,extracellular,bulk,3-2
PA,305,1902,1,SRR15183343,in vivo,extracellular,bulk,3-2
PA,306,1729,2,SRR15183343,in vivo,extracellular,bulk,3-2
PA,306,1999,2,SRR15183343,in vivo,extracellular,bulk,3-2
PA,307,1995,5,SRR15183343,in vivo,extracellular,bulk,3-2
PA,308,1608,9,SRR15183343,in vivo,extracellular,bulk,3-2
PA,308,2005,2,SRR15183343,in vivo,extracellular,bulk,3-2
PA,308,2034,3,SRR15183343,in vivo,extracellular,bulk,3-2
PA,311,1902,1,SRR15183343,in vivo,extracellular,bulk,3-2
PA,313,1686,4,SRR15183343,in vivo,extracellular,bulk,3-2
PA,314,1904,1,SRR15183343,in vivo,extracellular,bulk,3-2
PA,314,1905,1,SRR15183343,in vivo,extracellular,bulk,3-2
PA,314,1906,1,SRR15183343,in vivo,extracellular,bulk,3-2
PA,314,1945,4,SRR15183343,in vivo,extracellular,bulk,3-2
PA,314,2022,1,SRR15183343,in vivo,extracellular,bulk,3-2
PA,314,2023,1,SRR15183343,in vivo,extracellular,bulk,3-2
PA,314,2043,8,SRR15183343,in vivo,extracellular,bulk,3-2
PA,319,1902,4,SRR15183343,in vivo,extracellular,bulk,3-2
PA,321,1994,4,SRR15183343,in vivo,extracellular,bulk,3-2
PA,322,617,1,SRR15183343,in vivo,extracellular,bulk,3-2
PA,326,1904,3,SRR15183343,in vivo,extracellular,bulk,3-2
PA,326,2026,3,SRR15183343,in vivo,extracellular,bulk,3-2
PA,327,1996,3,SRR15183343,in vivo,extracellular,bulk,3-2
PA,328,1450,1,SRR15183343,in vivo,extracellular,bulk,3-2
PA,329,1902,2,SRR15183343,in vivo,extracellular,bulk,3-2
PA,337,1866,2,SRR15183343,in vivo,extracellular,bulk,3-2
PA,357,1860,1,SRR15183343,in vivo,extracellular,bulk,3-2
PA,358,1857,3,SRR15183343,in vivo,extracellular,bulk,3-2
PA,360,1708,2,SRR15183343,in vivo,extracellular,bulk,3-2
PA,362,1960,1,SRR15183343,in vivo,extracellular,bulk,3-2
PA,366,1833,2,SRR15183343,in vivo,extracellular,bulk,3-2
PA,366,2057,7,SRR15183343,in vivo,extracellular,bulk,3-2
PA,367,1276,1,SRR15183343,in vivo,extracellular,bulk,3-2
PA,367,1861,1,SRR15183343,in vivo,extracellular,bulk,3-2
PA,367,2085,8,SRR15183343,in vivo,extracellular,bulk,3-2
PA,368,2079,1,SRR15183343,in vivo,extracellular,bulk,3-2
PA,369,1879,2,SRR15183343,in vivo,extracellular,bulk,3-2
PA,36,156,6,SRR15183343,in vivo,extracellular,bulk,3-2
PA,36,1900,1,SRR15183343,in vivo,extracellular,bulk,3-2
PA,370,1883,7,SRR15183343,in vivo,extracellular,bulk,3-2
PA,370,1919,4,SRR15183343,in vivo,extracellular,bulk,3-2
PA,37,89,1,SRR15183343,in vivo,extracellular,bulk,3-2
PA,383,1952,1,SRR15183343,in vivo,extracellular,bulk,3-2
PA,398,2067,3,SRR15183343,in vivo,extracellular,bulk,3-2
PA,399,1858,1,SRR15183343,in vivo,extracellular,bulk,3-2
PA,399,1936,1,SRR15183343,in vivo,extracellular,bulk,3-2
PA,399,1946,1,SRR15183343,in vivo,extracellular,bulk,3-2
PA,404,1728,1,SRR15183343,in vivo,extracellular,bulk,3-2
PA,405,453,2,SRR15183343,in vivo,extracellular,bulk,3-2
PA,407,2165,1,SRR15183343,in vivo,extracellular,bulk,3-2
PA,409,1928,14,SRR15183343,in vivo,extracellular,bulk,3-2
PA,410,1910,2,SRR15183343,in vivo,extracellular,bulk,3-2
PA,413,1860,7,SRR15183343,in vivo,extracellular,bulk,3-2
PA,414,1782,1,SRR15183343,in vivo,extracellular,bulk,3-2
PA,414,1837,6,SRR15183343,in vivo,extracellular,bulk,3-2
PA,415,1857,3,SRR15183343,in vivo,extracellular,bulk,3-2
PA,415,1902,3,SRR15183343,in vivo,extracellular,bulk,3-2
PA,416,1856,41,SRR15183343,in vivo,extracellular,bulk,3-2
PA,416,1901,5,SRR15183343,in vivo,extracellular,bulk,3-2
PA,416,2120,3,SRR15183343,in vivo,extracellular,bulk,3-2
PA,417,1838,11,SRR15183343,in vivo,extracellular,bulk,3-2
PA,418,1857,10,SRR15183343,in vivo,extracellular,bulk,3-2
PA,418,1861,2,SRR15183343,in vivo,extracellular,bulk,3-2
PA,418,1897,5,SRR15183343,in vivo,extracellular,bulk,3-2
PA,41,78,1,SRR15183343,in vivo,extracellular,bulk,3-2
PA,421,1852,8,SRR15183343,in vivo,extracellular,bulk,3-2
PA,421,1854,18,SRR15183343,in vivo,extracellular,bulk,3-2
PA,421,1857,2,SRR15183343,in vivo,extracellular,bulk,3-2
PA,421,1884,3,SRR15183343,in vivo,extracellular,bulk,3-2
PA,421,2067,2,SRR15183343,in vivo,extracellular,bulk,3-2
PA,425,1832,3,SRR15183343,in vivo,extracellular,bulk,3-2
PA,426,1722,6,SRR15183343,in vivo,extracellular,bulk,3-2
PA,426,1856,13,SRR15183343,in vivo,extracellular,bulk,3-2
PA,426,1860,1,SRR15183343,in vivo,extracellular,bulk,3-2
PA,426,1896,5,SRR15183343,in vivo,extracellular,bulk,3-2
PA,426,1901,14,SRR15183343,in vivo,extracellular,bulk,3-2
PA,426,1944,2,SRR15183343,in vivo,extracellular,bulk,3-2
PA,427,1838,3,SRR15183343,in vivo,extracellular,bulk,3-2
PA,428,1883,4,SRR15183343,in vivo,extracellular,bulk,3-2
PA,429,2008,1,SRR15183343,in vivo,extracellular,bulk,3-2
PA,42,90,3,SRR15183343,in vivo,extracellular,bulk,3-2
PA,430,1885,1164,SRR15183343,in vivo,extracellular,bulk,3-2
PA,431,1859,5,SRR15183343,in vivo,extracellular,bulk,3-2
PA,431,1886,1,SRR15183343,in vivo,extracellular,bulk,3-2
PA,432,1870,1,SRR15183343,in vivo,extracellular,bulk,3-2
PA,432,1923,2,SRR15183343,in vivo,extracellular,bulk,3-2
PA,432,2162,1,SRR15183343,in vivo,extracellular,bulk,3-2
PA,436,1772,8,SRR15183343,in vivo,extracellular,bulk,3-2
PA,436,1885,5,SRR15183343,in vivo,extracellular,bulk,3-2
PA,437,1681,14,SRR15183343,in vivo,extracellular,bulk,3-2
PA,437,1870,2,SRR15183343,in vivo,extracellular,bulk,3-2
PA,437,1899,2,SRR15183343,in vivo,extracellular,bulk,3-2
PA,437,1904,3,SRR15183343,in vivo,extracellular,bulk,3-2
PA,438,1834,4,SRR15183343,in vivo,extracellular,bulk,3-2
PA,448,1883,2,SRR15183343,in vivo,extracellular,bulk,3-2
PA,449,1828,4,SRR15183343,in vivo,extracellular,bulk,3-2
PA,450,1854,2,SRR15183343,in vivo,extracellular,bulk,3-2
PA,450,1885,2057,SRR15183343,in vivo,extracellular,bulk,3-2
PA,450,1962,1,SRR15183343,in vivo,extracellular,bulk,3-2
PA,452,1887,7,SRR15183343,in vivo,extracellular,bulk,3-2
PA,452,1948,26,SRR15183343,in vivo,extracellular,bulk,3-2
PA,453,1857,7,SRR15183343,in vivo,extracellular,bulk,3-2
PA,453,1870,4,SRR15183343,in vivo,extracellular,bulk,3-2
PA,453,2063,9,SRR15183343,in vivo,extracellular,bulk,3-2
PA,454,1853,1,SRR15183343,in vivo,extracellular,bulk,3-2
PA,455,1863,1,SRR15183343,in vivo,extracellular,bulk,3-2
PA,457,1842,1,SRR15183343,in vivo,extracellular,bulk,3-2
PA,457,1853,7,SRR15183343,in vivo,extracellular,bulk,3-2
PA,457,1856,26,SRR15183343,in vivo,extracellular,bulk,3-2
PA,458,1731,1,SRR15183343,in vivo,extracellular,bulk,3-2
PA,459,1761,5,SRR15183343,in vivo,extracellular,bulk,3-2
PA,45,74,2,SRR15183343,in vivo,extracellular,bulk,3-2
PA,460,1812,2,SRR15183343,in vivo,extracellular,bulk,3-2
PA,461,1897,2,SRR15183343,in vivo,extracellular,bulk,3-2
PA,461,1898,2,SRR15183343,in vivo,extracellular,bulk,3-2
PA,461,503,1,SRR15183343,in vivo,extracellular,bulk,3-2
PA,463,1463,8,SRR15183343,in vivo,extracellular,bulk,3-2
PA,463,1856,9,SRR15183343,in vivo,extracellular,bulk,3-2
PA,463,1857,1,SRR15183343,in vivo,extracellular,bulk,3-2
PA,464,1642,2,SRR15183343,in vivo,extracellular,bulk,3-2
PA,464,1834,9,SRR15183343,in vivo,extracellular,bulk,3-2
PA,46,1871,1,SRR15183343,in vivo,extracellular,bulk,3-2
PA,474,1707,2,SRR15183343,in vivo,extracellular,bulk,3-2
PA,475,1774,23,SRR15183343,in vivo,extracellular,bulk,3-2
PA,475,1822,2,SRR15183343,in vivo,extracellular,bulk,3-2
PA,475,1856,4,SRR15183343,in vivo,extracellular,bulk,3-2
PA,476,1997,3,SRR15183343,in vivo,extracellular,bulk,3-2
PA,477,1837,5,SRR15183343,in vivo,extracellular,bulk,3-2
PA,478,1750,4,SRR15183343,in vivo,extracellular,bulk,3-2
PA,478,1858,5,SRR15183343,in vivo,extracellular,bulk,3-2
PA,478,1861,1,SRR15183343,in vivo,extracellular,bulk,3-2
PA,480,1826,2,SRR15183343,in vivo,extracellular,bulk,3-2
PA,480,1837,2,SRR15183343,in vivo,extracellular,bulk,3-2
PA,481,1823,1,SRR15183343,in vivo,extracellular,bulk,3-2
PA,482,1831,1,SRR15183343,in vivo,extracellular,bulk,3-2
PA,483,1785,1,SRR15183343,in vivo,extracellular,bulk,3-2
PA,485,1946,1,SRR15183343,in vivo,extracellular,bulk,3-2
PA,486,1837,1,SRR15183343,in vivo,extracellular,bulk,3-2
PA,486,1952,3,SRR15183343,in vivo,extracellular,bulk,3-2
PA,487,1572,4,SRR15183343,in vivo,extracellular,bulk,3-2
PA,487,1755,2,SRR15183343,in vivo,extracellular,bulk,3-2
PA,488,1824,8,SRR15183343,in vivo,extracellular,bulk,3-2
PA,489,1735,1,SRR15183343,in vivo,extracellular,bulk,3-2
PA,489,1753,4,SRR15183343,in vivo,extracellular,bulk,3-2
PA,489,1760,6,SRR15183343,in vivo,extracellular,bulk,3-2
PA,489,1826,5,SRR15183343,in vivo,extracellular,bulk,3-2
PA,489,1833,6,SRR15183343,in vivo,extracellular,bulk,3-2
PA,489,1837,15,SRR15183343,in vivo,extracellular,bulk,3-2
PA,489,1887,1,SRR15183343,in vivo,extracellular,bulk,3-2
PA,48,530,1,SRR15183343,in vivo,extracellular,bulk,3-2
PA,48,75,1,SRR15183343,in vivo,extracellular,bulk,3-2
PA,48,91,1,SRR15183343,in vivo,extracellular,bulk,3-2
PA,490,1823,70,SRR15183343,in vivo,extracellular,bulk,3-2
PA,490,1828,4,SRR15183343,in vivo,extracellular,bulk,3-2
PA,490,1831,5,SRR15183343,in vivo,extracellular,bulk,3-2
PA,490,1833,90,SRR15183343,in vivo,extracellular,bulk,3-2
PA,490,1850,2,SRR15183343,in vivo,extracellular,bulk,3-2
PA,491,1834,2,SRR15183343,in vivo,extracellular,bulk,3-2
PA,493,1856,2,SRR15183343,in vivo,extracellular,bulk,3-2
PA,495,1614,1,SRR15183343,in vivo,extracellular,bulk,3-2
PA,496,1834,3,SRR15183343,in vivo,extracellular,bulk,3-2
PA,497,1616,2,SRR15183343,in vivo,extracellular,bulk,3-2
PA,497,1704,12,SRR15183343,in vivo,extracellular,bulk,3-2
PA,497,1741,4,SRR15183343,in vivo,extracellular,bulk,3-2
PA,497,1812,1,SRR15183343,in vivo,extracellular,bulk,3-2
PA,497,1823,2,SRR15183343,in vivo,extracellular,bulk,3-2
PA,497,1828,44,SRR15183343,in vivo,extracellular,bulk,3-2
PA,497,988,1,SRR15183343,in vivo,extracellular,bulk,3-2
PA,498,1885,9,SRR15183343,in vivo,extracellular,bulk,3-2
PA,500,1760,2,SRR15183343,in vivo,extracellular,bulk,3-2
PA,501,1812,2,SRR15183343,in vivo,extracellular,bulk,3-2
PA,502,1753,2,SRR15183343,in vivo,extracellular,bulk,3-2
PA,502,1832,2,SRR15183343,in vivo,extracellular,bulk,3-2
PA,502,1898,1,SRR15183343,in vivo,extracellular,bulk,3-2
PA,502,1906,2,SRR15183343,in vivo,extracellular,bulk,3-2
PA,503,1749,2,SRR15183343,in vivo,extracellular,bulk,3-2
PA,503,1751,9,SRR15183343,in vivo,extracellular,bulk,3-2
PA,503,1811,7,SRR15183343,in vivo,extracellular,bulk,3-2
PA,503,1827,1,SRR15183343,in vivo,extracellular,bulk,3-2
PA,504,1736,4,SRR15183343,in vivo,extracellular,bulk,3-2
PA,505,1812,3,SRR15183343,in vivo,extracellular,bulk,3-2
PA,505,1828,13,SRR15183343,in vivo,extracellular,bulk,3-2
PA,506,1858,1,SRR15183343,in vivo,extracellular,bulk,3-2
PA,507,1733,4,SRR15183343,in vivo,extracellular,bulk,3-2
PA,508,1822,3,SRR15183343,in vivo,extracellular,bulk,3-2
PA,508,2186,1,SRR15183343,in vivo,extracellular,bulk,3-2
PA,50,2125,1,SRR15183343,in vivo,extracellular,bulk,3-2
PA,517,1823,2,SRR15183343,in vivo,extracellular,bulk,3-2
PA,517,1884,1,SRR15183343,in vivo,extracellular,bulk,3-2
PA,518,1724,1,SRR15183343,in vivo,extracellular,bulk,3-2
PA,518,1827,5,SRR15183343,in vivo,extracellular,bulk,3-2
PA,518,1949,1,SRR15183343,in vivo,extracellular,bulk,3-2
PA,520,1720,4,SRR15183343,in vivo,extracellular,bulk,3-2
PA,520,1723,2,SRR15183343,in vivo,extracellular,bulk,3-2
PA,521,1463,3,SRR15183343,in vivo,extracellular,bulk,3-2
PA,521,1719,6,SRR15183343,in vivo,extracellular,bulk,3-2
PA,522,1721,2,SRR15183343,in vivo,extracellular,bulk,3-2
PA,522,1756,4,SRR15183343,in vivo,extracellular,bulk,3-2
PA,523,1721,1,SRR15183343,in vivo,extracellular,bulk,3-2
PA,525,1719,5,SRR15183343,in vivo,extracellular,bulk,3-2
PA,525,1860,2,SRR15183343,in vivo,extracellular,bulk,3-2
PA,525,1896,1,SRR15183343,in vivo,extracellular,bulk,3-2
PA,525,1901,1,SRR15183343,in vivo,extracellular,bulk,3-2
PA,526,1860,4,SRR15183343,in vivo,extracellular,bulk,3-2
PA,527,1712,1,SRR15183343,in vivo,extracellular,bulk,3-2
PA,527,1861,172,SRR15183343,in vivo,extracellular,bulk,3-2
PA,528,1704,2,SRR15183343,in vivo,extracellular,bulk,3-2
PA,528,1870,3,SRR15183343,in vivo,extracellular,bulk,3-2
PA,529,1721,1,SRR15183343,in vivo,extracellular,bulk,3-2
PA,530,1681,4,SRR15183343,in vivo,extracellular,bulk,3-2
PA,530,1859,5,SRR15183343,in vivo,extracellular,bulk,3-2
PA,530,1899,1,SRR15183343,in vivo,extracellular,bulk,3-2
PA,531,1719,4,SRR15183343,in vivo,extracellular,bulk,3-2
PA,531,1754,4,SRR15183343,in vivo,extracellular,bulk,3-2
PA,531,1775,6,SRR15183343,in vivo,extracellular,bulk,3-2
PA,531,1862,1,SRR15183343,in vivo,extracellular,bulk,3-2
PA,532,1712,1,SRR15183343,in vivo,extracellular,bulk,3-2
PA,533,1706,1,SRR15183343,in vivo,extracellular,bulk,3-2
PA,533,1712,2,SRR15183343,in vivo,extracellular,bulk,3-2
PA,533,1838,1,SRR15183343,in vivo,extracellular,bulk,3-2
PA,534,1708,1,SRR15183343,in vivo,extracellular,bulk,3-2
PA,534,1868,2,SRR15183343,in vivo,extracellular,bulk,3-2
PA,535,1772,1,SRR15183343,in vivo,extracellular,bulk,3-2
PA,536,1707,2,SRR15183343,in vivo,extracellular,bulk,3-2
PA,538,1703,1,SRR15183343,in vivo,extracellular,bulk,3-2
PA,538,1779,1,SRR15183343,in vivo,extracellular,bulk,3-2
PA,538,1856,11,SRR15183343,in vivo,extracellular,bulk,3-2
PA,538,1860,1,SRR15183343,in vivo,extracellular,bulk,3-2
PA,539,1711,4,SRR15183343,in vivo,extracellular,bulk,3-2
PA,539,1731,3,SRR15183343,in vivo,extracellular,bulk,3-2
PA,539,1736,4,SRR15183343,in vivo,extracellular,bulk,3-2
PA,539,1857,1,SRR15183343,in vivo,extracellular,bulk,3-2
PA,539,1860,38,SRR15183343,in vivo,extracellular,bulk,3-2
PA,540,1852,1,SRR15183343,in vivo,extracellular,bulk,3-2
PA,541,1706,1,SRR15183343,in vivo,extracellular,bulk,3-2
PA,541,1711,3,SRR15183343,in vivo,extracellular,bulk,3-2
PA,541,1742,5,SRR15183343,in vivo,extracellular,bulk,3-2
PA,541,1781,4,SRR15183343,in vivo,extracellular,bulk,3-2
PA,542,1695,4,SRR15183343,in vivo,extracellular,bulk,3-2
PA,542,1850,1,SRR15183343,in vivo,extracellular,bulk,3-2
PA,542,1854,10,SRR15183343,in vivo,extracellular,bulk,3-2
PA,542,1870,1,SRR15183343,in vivo,extracellular,bulk,3-2
PA,543,1856,2,SRR15183343,in vivo,extracellular,bulk,3-2
PA,543,1921,3,SRR15183343,in vivo,extracellular,bulk,3-2
PA,543,2063,2,SRR15183343,in vivo,extracellular,bulk,3-2
PA,544,1722,6,SRR15183343,in vivo,extracellular,bulk,3-2
PA,546,1761,19,SRR15183343,in vivo,extracellular,bulk,3-2
PA,546,736,1,SRR15183343,in vivo,extracellular,bulk,3-2
PA,548,1857,4,SRR15183343,in vivo,extracellular,bulk,3-2
PA,549,1813,8,SRR15183343,in vivo,extracellular,bulk,3-2
PA,557,2044,1,SRR15183343,in vivo,extracellular,bulk,3-2
PA,559,1641,2,SRR15183343,in vivo,extracellular,bulk,3-2
PA,562,1438,1,SRR15183343,in vivo,extracellular,bulk,3-2
PA,562,1633,2,SRR15183343,in vivo,extracellular,bulk,3-2
PA,562,1636,2,SRR15183343,in vivo,extracellular,bulk,3-2
PA,562,1639,1,SRR15183343,in vivo,extracellular,bulk,3-2
PA,562,1682,1,SRR15183343,in vivo,extracellular,bulk,3-2
PA,562,1683,4,SRR15183343,in vivo,extracellular,bulk,3-2
PA,562,1691,1,SRR15183343,in vivo,extracellular,bulk,3-2
PA,562,1745,1,SRR15183343,in vivo,extracellular,bulk,3-2
PA,573,1771,1,SRR15183343,in vivo,extracellular,bulk,3-2
PA,577,1682,18,SRR15183343,in vivo,extracellular,bulk,3-2
PA,577,1944,2,SRR15183343,in vivo,extracellular,bulk,3-2
PA,578,1773,1,SRR15183343,in vivo,extracellular,bulk,3-2
PA,579,1730,4,SRR15183343,in vivo,extracellular,bulk,3-2
PA,579,1818,1,SRR15183343,in vivo,extracellular,bulk,3-2
PA,581,1734,2,SRR15183343,in vivo,extracellular,bulk,3-2
PA,583,1825,6,SRR15183343,in vivo,extracellular,bulk,3-2
PA,594,1722,2,SRR15183343,in vivo,extracellular,bulk,3-2
PA,595,1827,3,SRR15183343,in vivo,extracellular,bulk,3-2
PA,600,1433,3,SRR15183343,in vivo,extracellular,bulk,3-2
PA,601,1706,1,SRR15183343,in vivo,extracellular,bulk,3-2
PA,601,1781,2,SRR15183343,in vivo,extracellular,bulk,3-2
PA,602,1679,1,SRR15183343,in vivo,extracellular,bulk,3-2
PA,602,1723,2,SRR15183343,in vivo,extracellular,bulk,3-2
PA,602,1823,2,SRR15183343,in vivo,extracellular,bulk,3-2
PA,602,1857,2,SRR15183343,in vivo,extracellular,bulk,3-2
PA,603,1751,1,SRR15183343,in vivo,extracellular,bulk,3-2
PA,608,2105,4,SRR15183343,in vivo,extracellular,bulk,3-2
PA,611,1921,2,SRR15183343,in vivo,extracellular,bulk,3-2
PA,614,1724,16,SRR15183343,in vivo,extracellular,bulk,3-2
PA,617,1632,1,SRR15183343,in vivo,extracellular,bulk,3-2
PA,621,1734,1,SRR15183343,in vivo,extracellular,bulk,3-2
PA,623,1538,2,SRR15183343,in vivo,extracellular,bulk,3-2
PA,623,1707,2,SRR15183343,in vivo,extracellular,bulk,3-2
PA,624,1636,4,SRR15183343,in vivo,extracellular,bulk,3-2
PA,624,1722,5,SRR15183343,in vivo,extracellular,bulk,3-2
PA,624,1773,6,SRR15183343,in vivo,extracellular,bulk,3-2
PA,626,1582,1,SRR15183343,in vivo,extracellular,bulk,3-2
PA,627,1639,2,SRR15183343,in vivo,extracellular,bulk,3-2
PA,62,1948,48,SRR15183343,in vivo,extracellular,bulk,3-2
PA,630,1711,15,SRR15183343,in vivo,extracellular,bulk,3-2
PA,632,1574,1,SRR15183343,in vivo,extracellular,bulk,3-2
PA,633,1618,11,SRR15183343,in vivo,extracellular,bulk,3-2
PA,635,1521,2,SRR15183343,in vivo,extracellular,bulk,3-2
PA,635,1621,1,SRR15183343,in vivo,extracellular,bulk,3-2
PA,635,1833,7,SRR15183343,in vivo,extracellular,bulk,3-2
PA,636,1639,5,SRR15183343,in vivo,extracellular,bulk,3-2
PA,637,1721,2,SRR15183343,in vivo,extracellular,bulk,3-2
PA,648,1635,1,SRR15183343,in vivo,extracellular,bulk,3-2
PA,648,1721,1,SRR15183343,in vivo,extracellular,bulk,3-2
PA,649,1640,4,SRR15183343,in vivo,extracellular,bulk,3-2
PA,652,1643,1,SRR15183343,in vivo,extracellular,bulk,3-2
PA,652,1736,3,SRR15183343,in vivo,extracellular,bulk,3-2
PA,653,1634,1,SRR15183343,in vivo,extracellular,bulk,3-2
PA,653,1639,4,SRR15183343,in vivo,extracellular,bulk,3-2
PA,653,1854,2,SRR15183343,in vivo,extracellular,bulk,3-2
PA,654,1638,3,SRR15183343,in vivo,extracellular,bulk,3-2
PA,654,1756,1,SRR15183343,in vivo,extracellular,bulk,3-2
PA,656,1620,1,SRR15183343,in vivo,extracellular,bulk,3-2
PA,656,1643,2,SRR15183343,in vivo,extracellular,bulk,3-2
PA,657,1616,3,SRR15183343,in vivo,extracellular,bulk,3-2
PA,660,1605,2,SRR15183343,in vivo,extracellular,bulk,3-2
PA,661,1641,7,SRR15183343,in vivo,extracellular,bulk,3-2
PA,679,1568,2,SRR15183343,in vivo,extracellular,bulk,3-2
PA,679,1718,2,SRR15183343,in vivo,extracellular,bulk,3-2
PA,67,92,1,SRR15183343,in vivo,extracellular,bulk,3-2
PA,698,1860,153,SRR15183343,in vivo,extracellular,bulk,3-2
PA,69,1502,1,SRR15183343,in vivo,extracellular,bulk,3-2
PA,700,1616,3,SRR15183343,in vivo,extracellular,bulk,3-2
PA,701,1430,1,SRR15183343,in vivo,extracellular,bulk,3-2
PA,703,1677,3,SRR15183343,in vivo,extracellular,bulk,3-2
PA,704,1746,2,SRR15183343,in vivo,extracellular,bulk,3-2
PA,707,1687,5,SRR15183343,in vivo,extracellular,bulk,3-2
PA,709,1682,1,SRR15183343,in vivo,extracellular,bulk,3-2
PA,710,1676,10,SRR15183343,in vivo,extracellular,bulk,3-2
PA,710,1688,4,SRR15183343,in vivo,extracellular,bulk,3-2
PA,711,1539,2,SRR15183343,in vivo,extracellular,bulk,3-2
PA,711,1691,2,SRR15183343,in vivo,extracellular,bulk,3-2
PA,714,1643,59,SRR15183343,in vivo,extracellular,bulk,3-2
PA,719,1534,9,SRR15183343,in vivo,extracellular,bulk,3-2
PA,726,1467,1,SRR15183343,in vivo,extracellular,bulk,3-2
PA,729,1553,2,SRR15183343,in vivo,extracellular,bulk,3-2
PA,731,1636,2,SRR15183343,in vivo,extracellular,bulk,3-2
PA,73,1639,1,SRR15183343,in vivo,extracellular,bulk,3-2
PA,763,1632,2,SRR15183343,in vivo,extracellular,bulk,3-2
PA,765,1639,2,SRR15183343,in vivo,extracellular,bulk,3-2
PA,766,1636,2,SRR15183343,in vivo,extracellular,bulk,3-2
PA,767,1632,1,SRR15183343,in vivo,extracellular,bulk,3-2
PA,775,1491,5,SRR15183343,in vivo,extracellular,bulk,3-2
PA,775,1550,1,SRR15183343,in vivo,extracellular,bulk,3-2
PA,776,1492,1,SRR15183343,in vivo,extracellular,bulk,3-2
PA,776,1616,2,SRR15183343,in vivo,extracellular,bulk,3-2
PA,778,1491,2,SRR15183343,in vivo,extracellular,bulk,3-2
PA,778,1514,1,SRR15183343,in vivo,extracellular,bulk,3-2
PA,778,1550,2,SRR15183343,in vivo,extracellular,bulk,3-2
PA,779,1485,2,SRR15183343,in vivo,extracellular,bulk,3-2
PA,782,1488,4,SRR15183343,in vivo,extracellular,bulk,3-2
PA,783,2188,1,SRR15183343,in vivo,extracellular,bulk,3-2
PA,799,1533,2,SRR15183343,in vivo,extracellular,bulk,3-2
PA,801,1467,1,SRR15183343,in vivo,extracellular,bulk,3-2
PA,804,1533,1,SRR15183343,in vivo,extracellular,bulk,3-2
PA,804,1619,1,SRR15183343,in vivo,extracellular,bulk,3-2
PA,811,1403,3,SRR15183343,in vivo,extracellular,bulk,3-2
PA,821,1948,2,SRR15183343,in vivo,extracellular,bulk,3-2
PA,823,1431,1,SRR15183343,in vivo,extracellular,bulk,3-2
PA,837,1362,1,SRR15183343,in vivo,extracellular,bulk,3-2
PA,837,1375,1,SRR15183343,in vivo,extracellular,bulk,3-2
PA,837,1427,2,SRR15183343,in vivo,extracellular,bulk,3-2
PA,838,1935,2,SRR15183343,in vivo,extracellular,bulk,3-2
PA,839,1014,1,SRR15183343,in vivo,extracellular,bulk,3-2
PA,83,2121,1,SRR15183343,in vivo,extracellular,bulk,3-2
PA,844,1154,1,SRR15183343,in vivo,extracellular,bulk,3-2
PA,844,1639,2,SRR15183343,in vivo,extracellular,bulk,3-2
PA,845,1533,4,SRR15183343,in vivo,extracellular,bulk,3-2
PA,857,1535,2,SRR15183343,in vivo,extracellular,bulk,3-2
PA,865,1534,1,SRR15183343,in vivo,extracellular,bulk,3-2
PA,91,1928,1,SRR15183343,in vivo,extracellular,bulk,3-2
PA,927,1406,3,SRR15183343,in vivo,extracellular,bulk,3-2
PA,930,1404,1,SRR15183343,in vivo,extracellular,bulk,3-2
PA,931,1362,1,SRR15183343,in vivo,extracellular,bulk,3-2
PA,967,1945,2,SRR15183343,in vivo,extracellular,bulk,3-2
PA,97,2067,7,SRR15183343,in vivo,extracellular,bulk,3-2
HA,1021,1471,1,SRR15183343,in vivo,extracellular,bulk,3-2
HA,108,360,1,SRR15183343,in vivo,extracellular,bulk,3-2
HA,108,400,1,SRR15183343,in vivo,extracellular,bulk,3-2
HA,1095,1300,2,SRR15183343,in vivo,extracellular,bulk,3-2
HA,1176,1724,1,SRR15183343,in vivo,extracellular,bulk,3-2
HA,1179,1466,3,SRR15183343,in vivo,extracellular,bulk,3-2
HA,1206,1335,1,SRR15183343,in vivo,extracellular,bulk,3-2
HA,1271,1845,1,SRR15183343,in vivo,extracellular,bulk,3-2
HA,1299,1322,2,SRR15183343,in vivo,extracellular,bulk,3-2
HA,129,1259,1,SRR15183343,in vivo,extracellular,bulk,3-2
HA,133,1261,2,SRR15183343,in vivo,extracellular,bulk,3-2
HA,1343,1640,2,SRR15183343,in vivo,extracellular,bulk,3-2
HA,1355,1686,1,SRR15183343,in vivo,extracellular,bulk,3-2
HA,1576,1637,4,SRR15183343,in vivo,extracellular,bulk,3-2
HA,1595,1628,2,SRR15183343,in vivo,extracellular,bulk,3-2
HA,1682,1736,4,SRR15183343,in vivo,extracellular,bulk,3-2
HA,182,1532,2,SRR15183343,in vivo,extracellular,bulk,3-2
HA,186,1335,1,SRR15183343,in vivo,extracellular,bulk,3-2
HA,195,1629,8,SRR15183343,in vivo,extracellular,bulk,3-2
HA,195,1673,2,SRR15183343,in vivo,extracellular,bulk,3-2
HA,211,1686,1,SRR15183343,in vivo,extracellular,bulk,3-2
HA,220,1565,11,SRR15183343,in vivo,extracellular,bulk,3-2
HA,220,1631,10,SRR15183343,in vivo,extracellular,bulk,3-2
HA,221,1645,1,SRR15183343,in vivo,extracellular,bulk,3-2
HA,233,1651,4,SRR15183343,in vivo,extracellular,bulk,3-2
HA,236,1556,15,SRR15183343,in vivo,extracellular,bulk,3-2
HA,237,1670,4,SRR15183343,in vivo,extracellular,bulk,3-2
HA,238,1684,3,SRR15183343,in vivo,extracellular,bulk,3-2
HA,239,978,1,SRR15183343,in vivo,extracellular,bulk,3-2
HA,271,1545,15,SRR15183343,in vivo,extracellular,bulk,3-2
HA,272,1457,10,SRR15183343,in vivo,extracellular,bulk,3-2
HA,278,1479,10,SRR15183343,in vivo,extracellular,bulk,3-2
HA,278,1484,3,SRR15183343,in vivo,extracellular,bulk,3-2
HA,278,1562,6,SRR15183343,in vivo,extracellular,bulk,3-2
HA,279,1481,2,SRR15183343,in vivo,extracellular,bulk,3-2
HA,280,1483,10,SRR15183343,in vivo,extracellular,bulk,3-2
HA,366,1444,4,SRR15183343,in vivo,extracellular,bulk,3-2
HA,366,1450,18,SRR15183343,in vivo,extracellular,bulk,3-2
HA,367,1442,8,SRR15183343,in vivo,extracellular,bulk,3-2
HA,367,1470,19,SRR15183343,in vivo,extracellular,bulk,3-2
HA,367,1561,3,SRR15183343,in vivo,extracellular,bulk,3-2
HA,370,1250,2,SRR15183343,in vivo,extracellular,bulk,3-2
HA,382,1085,2,SRR15183343,in vivo,extracellular,bulk,3-2
HA,388,1252,1,SRR15183343,in vivo,extracellular,bulk,3-2
HA,389,1544,1,SRR15183343,in vivo,extracellular,bulk,3-2
HA,392,1168,5,SRR15183343,in vivo,extracellular,bulk,3-2
HA,408,490,2,SRR15183343,in vivo,extracellular,bulk,3-2
HA,424,1062,1,SRR15183343,in vivo,extracellular,bulk,3-2
HA,425,1031,1,SRR15183343,in vivo,extracellular,bulk,3-2
HA,50,153,1,SRR15183343,in vivo,extracellular,bulk,3-2
HA,50,813,1,SRR15183343,in vivo,extracellular,bulk,3-2
HA,510,1450,5,SRR15183343,in vivo,extracellular,bulk,3-2
HA,510,1468,6,SRR15183343,in vivo,extracellular,bulk,3-2
HA,511,1288,3,SRR15183343,in vivo,extracellular,bulk,3-2
HA,59,1803,1,SRR15183343,in vivo,extracellular,bulk,3-2
HA,63,794,2,SRR15183343,in vivo,extracellular,bulk,3-2
HA,731,1414,1,SRR15183343,in vivo,extracellular,bulk,3-2
HA,784,918,1,SRR15183343,in vivo,extracellular,bulk,3-2
HA,788,984,1,SRR15183343,in vivo,extracellular,bulk,3-2
HA,848,1489,2,SRR15183343,in vivo,extracellular,bulk,3-2
HA,886,984,5,SRR15183343,in vivo,extracellular,bulk,3-2
HA,889,927,1,SRR15183343,in vivo,extracellular,bulk,3-2
HA,948,1535,1,SRR15183343,in vivo,extracellular,bulk,3-2
HA,956,1159,2,SRR15183343,in vivo,extracellular,bulk,3-2
HA,966,1198,2,SRR15183343,in vivo,extracellular,bulk,3-2
NP,1003,1505,2,SRR15183343,in vivo,extracellular,bulk,3-2
NP,1014,1242,2,SRR15183343,in vivo,extracellular,bulk,3-2
NP,1030,1135,1,SRR15183343,in vivo,extracellular,bulk,3-2
NP,1035,1273,2,SRR15183343,in vivo,extracellular,bulk,3-2
NP,1129,1403,2,SRR15183343,in vivo,extracellular,bulk,3-2
NP,1134,1205,2,SRR15183343,in vivo,extracellular,bulk,3-2
NP,122,1615,17,SRR15183343,in vivo,extracellular,bulk,3-2
NP,123,619,1,SRR15183343,in vivo,extracellular,bulk,3-2
NP,1271,1707,2,SRR15183343,in vivo,extracellular,bulk,3-2
NP,131,1407,4,SRR15183343,in vivo,extracellular,bulk,3-2
NP,131,1520,2,SRR15183343,in vivo,extracellular,bulk,3-2
NP,1334,1357,2,SRR15183343,in vivo,extracellular,bulk,3-2
NP,142,1598,1,SRR15183343,in vivo,extracellular,bulk,3-2
NP,142,1750,1,SRR15183343,in vivo,extracellular,bulk,3-2
NP,143,1599,10,SRR15183343,in vivo,extracellular,bulk,3-2
NP,145,1644,1,SRR15183343,in vivo,extracellular,bulk,3-2
NP,153,1561,5,SRR15183343,in vivo,extracellular,bulk,3-2
NP,158,1605,13,SRR15183343,in vivo,extracellular,bulk,3-2
NP,167,1137,1,SRR15183343,in vivo,extracellular,bulk,3-2
NP,180,1550,7,SRR15183343,in vivo,extracellular,bulk,3-2
NP,184,1526,11,SRR15183343,in vivo,extracellular,bulk,3-2
NP,223,1511,1,SRR15183343,in vivo,extracellular,bulk,3-2
NP,227,1505,9,SRR15183343,in vivo,extracellular,bulk,3-2
NP,234,1488,1,SRR15183343,in vivo,extracellular,bulk,3-2
NP,239,1518,2,SRR15183343,in vivo,extracellular,bulk,3-2
NP,247,1545,4,SRR15183343,in vivo,extracellular,bulk,3-2
NP,248,1461,24,SRR15183343,in vivo,extracellular,bulk,3-2
NP,249,1494,1,SRR15183343,in vivo,extracellular,bulk,3-2
NP,254,1505,2,SRR15183343,in vivo,extracellular,bulk,3-2
NP,256,1394,1,SRR15183343,in vivo,extracellular,bulk,3-2
NP,270,688,1,SRR15183343,in vivo,extracellular,bulk,3-2
NP,271,689,1,SRR15183343,in vivo,extracellular,bulk,3-2
NP,273,477,2,SRR15183343,in vivo,extracellular,bulk,3-2
NP,285,1526,12,SRR15183343,in vivo,extracellular,bulk,3-2
NP,288,350,1,SRR15183343,in vivo,extracellular,bulk,3-2
NP,347,872,2,SRR15183343,in vivo,extracellular,bulk,3-2
NP,374,1536,12,SRR15183343,in vivo,extracellular,bulk,3-2
NP,382,1004,1,SRR15183343,in vivo,extracellular,bulk,3-2
NP,383,1626,1,SRR15183343,in vivo,extracellular,bulk,3-2
NP,432,1405,2,SRR15183343,in vivo,extracellular,bulk,3-2
NP,476,1628,1,SRR15183343,in vivo,extracellular,bulk,3-2
NP,479,1669,1,SRR15183343,in vivo,extracellular,bulk,3-2
NP,494,1307,3,SRR15183343,in vivo,extracellular,bulk,3-2
NP,495,1394,3,SRR15183343,in vivo,extracellular,bulk,3-2
NP,513,1245,8,SRR15183343,in vivo,extracellular,bulk,3-2
NP,524,1202,7,SRR15183343,in vivo,extracellular,bulk,3-2
NP,524,1255,9,SRR15183343,in vivo,extracellular,bulk,3-2
NP,534,1182,3,SRR15183343,in vivo,extracellular,bulk,3-2
NP,540,1212,1,SRR15183343,in vivo,extracellular,bulk,3-2
NP,542,1269,5,SRR15183343,in vivo,extracellular,bulk,3-2
NP,547,1306,6,SRR15183343,in vivo,extracellular,bulk,3-2
NP,575,1232,1,SRR15183343,in vivo,extracellular,bulk,3-2
NP,598,1177,3,SRR15183343,in vivo,extracellular,bulk,3-2
NP,602,862,1,SRR15183343,in vivo,extracellular,bulk,3-2
NP,617,1201,1,SRR15183343,in vivo,extracellular,bulk,3-2
NP,628,1375,2,SRR15183343,in vivo,extracellular,bulk,3-2
NP,692,1471,1,SRR15183343,in vivo,extracellular,bulk,3-2
NP,710,1553,3,SRR15183343,in vivo,extracellular,bulk,3-2
NP,720,1002,1,SRR15183343,in vivo,extracellular,bulk,3-2
NP,722,1668,1,SRR15183343,in vivo,extracellular,bulk,3-2
NP,72,1627,2,SRR15183343,in vivo,extracellular,bulk,3-2
NP,737,1421,1,SRR15183343,in vivo,extracellular,bulk,3-2
NP,76,481,1,SRR15183343,in vivo,extracellular,bulk,3-2
NP,774,1675,1,SRR15183343,in vivo,extracellular,bulk,3-2
NP,789,1277,1,SRR15183343,in vivo,extracellular,bulk,3-2
NP,820,1254,2,SRR15183343,in vivo,extracellular,bulk,3-2
NP,824,1140,2,SRR15183343,in vivo,extracellular,bulk,3-2
NP,828,864,2,SRR15183343,in vivo,extracellular,bulk,3-2
NP,846,929,1,SRR15183343,in vivo,extracellular,bulk,3-2
NP,867,894,2,SRR15183343,in vivo,extracellular,bulk,3-2
NP,86,1302,2,SRR15183343,in vivo,extracellular,bulk,3-2
NP,920,1002,2,SRR15183343,in vivo,extracellular,bulk,3-2
NP,920,1422,2,SRR15183343,in vivo,extracellular,bulk,3-2
NA,1021,1478,1,SRR15183343,in vivo,extracellular,bulk,3-2
NA,104,1299,1,SRR15183343,in vivo,extracellular,bulk,3-2
NA,1070,1160,1,SRR15183343,in vivo,extracellular,bulk,3-2
NA,1220,1484,1,SRR15183343,in vivo,extracellular,bulk,3-2
NA,130,899,1,SRR15183343,in vivo,extracellular,bulk,3-2
NA,131,1312,1,SRR15183343,in vivo,extracellular,bulk,3-2
NA,170,949,1,SRR15183343,in vivo,extracellular,bulk,3-2
NA,177,1093,1,SRR15183343,in vivo,extracellular,bulk,3-2
NA,186,1295,1,SRR15183343,in vivo,extracellular,bulk,3-2
NA,25,509,1,SRR15183343,in vivo,extracellular,bulk,3-2
NA,261,685,1,SRR15183343,in vivo,extracellular,bulk,3-2
NA,262,570,1,SRR15183343,in vivo,extracellular,bulk,3-2
NA,263,1003,1,SRR15183343,in vivo,extracellular,bulk,3-2
NA,263,769,1,SRR15183343,in vivo,extracellular,bulk,3-2
NA,26,664,1,SRR15183343,in vivo,extracellular,bulk,3-2
NA,309,1206,2,SRR15183343,in vivo,extracellular,bulk,3-2
NA,326,457,1,SRR15183343,in vivo,extracellular,bulk,3-2
NA,336,499,2,SRR15183343,in vivo,extracellular,bulk,3-2
NA,336,975,1,SRR15183343,in vivo,extracellular,bulk,3-2
NA,343,1216,1,SRR15183343,in vivo,extracellular,bulk,3-2
NA,344,1096,1,SRR15183343,in vivo,extracellular,bulk,3-2
NA,348,1202,11,SRR15183343,in vivo,extracellular,bulk,3-2
NA,349,1203,1,SRR15183343,in vivo,extracellular,bulk,3-2
NA,349,885,2,SRR15183343,in vivo,extracellular,bulk,3-2
NA,350,501,2,SRR15183343,in vivo,extracellular,bulk,3-2
NA,363,946,1,SRR15183343,in vivo,extracellular,bulk,3-2
NA,364,918,1,SRR15183343,in vivo,extracellular,bulk,3-2
NA,372,412,2,SRR15183343,in vivo,extracellular,bulk,3-2
NA,372,918,2,SRR15183343,in vivo,extracellular,bulk,3-2
NA,391,1103,1,SRR15183343,in vivo,extracellular,bulk,3-2
NA,391,1156,7,SRR15183343,in vivo,extracellular,bulk,3-2
NA,391,1295,2,SRR15183343,in vivo,extracellular,bulk,3-2
NA,402,926,2,SRR15183343,in vivo,extracellular,bulk,3-2
NA,405,947,1,SRR15183343,in vivo,extracellular,bulk,3-2
NA,420,1472,1,SRR15183343,in vivo,extracellular,bulk,3-2
NA,428,844,2,SRR15183343,in vivo,extracellular,bulk,3-2
NA,465,672,2,SRR15183343,in vivo,extracellular,bulk,3-2
NA,484,970,2,SRR15183343,in vivo,extracellular,bulk,3-2
NA,542,1199,2,SRR15183343,in vivo,extracellular,bulk,3-2
NA,549,1528,1,SRR15183343,in vivo,extracellular,bulk,3-2
NA,595,1284,1,SRR15183343,in vivo,extracellular,bulk,3-2
NA,617,1467,1,SRR15183343,in vivo,extracellular,bulk,3-2
NA,618,1087,1,SRR15183343,in vivo,extracellular,bulk,3-2
NA,686,1002,1,SRR15183343,in vivo,extracellular,bulk,3-2
NA,721,946,1,SRR15183343,in vivo,extracellular,bulk,3-2
NA,738,1453,1,SRR15183343,in vivo,extracellular,bulk,3-2
NA,741,1482,1,SRR15183343,in vivo,extracellular,bulk,3-2
NA,747,1320,1,SRR15183343,in vivo,extracellular,bulk,3-2
NA,767,924,2,SRR15183343,in vivo,extracellular,bulk,3-2
NA,78,1292,1,SRR15183343,in vivo,extracellular,bulk,3-2
NA,842,1327,1,SRR15183343,in vivo,extracellular,bulk,3-2
NA,854,1446,1,SRR15183343,in vivo,extracellular,bulk,3-2
NA,877,945,2,SRR15183343,in vivo,extracellular,bulk,3-2
NA,927,1319,2,SRR15183343,in vivo,extracellular,bulk,3-2
NA,965,1464,1,SRR15183343,in vivo,extracellular,bulk,3-2
NA,968,1516,1,SRR15183343,in vivo,extracellular,bulk,3-2
NA,970,1306,1,SRR15183343,in vivo,extracellular,bulk,3-2
NA,977,1093,2,SRR15183343,in vivo,extracellular,bulk,3-2
NA,98,1301,4,SRR15183343,in vivo,extracellular,bulk,3-2
M,100,563,2,SRR15183343,in vivo,extracellular,bulk,3-2
M,1034,1135,2,SRR15183343,in vivo,extracellular,bulk,3-2
M,105,586,2,SRR15183343,in vivo,extracellular,bulk,3-2
M,107,1013,2,SRR15183343,in vivo,extracellular,bulk,3-2
M,114,989,2,SRR15183343,in vivo,extracellular,bulk,3-2
M,115,1029,7,SRR15183343,in vivo,extracellular,bulk,3-2
M,121,1010,4,SRR15183343,in vivo,extracellular,bulk,3-2
M,122,1018,2,SRR15183343,in vivo,extracellular,bulk,3-2
M,123,1028,5,SRR15183343,in vivo,extracellular,bulk,3-2
M,131,1030,4,SRR15183343,in vivo,extracellular,bulk,3-2
M,132,1029,4,SRR15183343,in vivo,extracellular,bulk,3-2
M,132,1034,18,SRR15183343,in vivo,extracellular,bulk,3-2
M,134,1032,5,SRR15183343,in vivo,extracellular,bulk,3-2
M,135,1058,13,SRR15183343,in vivo,extracellular,bulk,3-2
M,137,1029,1,SRR15183343,in vivo,extracellular,bulk,3-2
M,139,1065,1,SRR15183343,in vivo,extracellular,bulk,3-2
M,140,1066,167,SRR15183343,in vivo,extracellular,bulk,3-2
M,141,1011,2,SRR15183343,in vivo,extracellular,bulk,3-2
M,152,1058,1,SRR15183343,in vivo,extracellular,bulk,3-2
M,152,1067,1,SRR15183343,in vivo,extracellular,bulk,3-2
M,153,1014,25,SRR15183343,in vivo,extracellular,bulk,3-2
M,154,930,1,SRR15183343,in vivo,extracellular,bulk,3-2
M,156,1050,2,SRR15183343,in vivo,extracellular,bulk,3-2
M,156,1071,304,SRR15183343,in vivo,extracellular,bulk,3-2
M,157,1028,2,SRR15183343,in vivo,extracellular,bulk,3-2
M,161,587,2,SRR15183343,in vivo,extracellular,bulk,3-2
M,162,1034,2,SRR15183343,in vivo,extracellular,bulk,3-2
M,163,1030,1,SRR15183343,in vivo,extracellular,bulk,3-2
M,164,1050,1,SRR15183343,in vivo,extracellular,bulk,3-2
M,166,1063,1,SRR15183343,in vivo,extracellular,bulk,3-2
M,170,936,1,SRR15183343,in vivo,extracellular,bulk,3-2
M,171,1022,6,SRR15183343,in vivo,extracellular,bulk,3-2
M,172,1062,2,SRR15183343,in vivo,extracellular,bulk,3-2
M,176,1069,1,SRR15183343,in vivo,extracellular,bulk,3-2
M,182,1047,4,SRR15183343,in vivo,extracellular,bulk,3-2
M,185,1070,1,SRR15183343,in vivo,extracellular,bulk,3-2
M,186,1064,5,SRR15183343,in vivo,extracellular,bulk,3-2
M,187,1049,4,SRR15183343,in vivo,extracellular,bulk,3-2
M,187,1059,17,SRR15183343,in vivo,extracellular,bulk,3-2
M,189,1118,2,SRR15183343,in vivo,extracellular,bulk,3-2
M,192,581,2,SRR15183343,in vivo,extracellular,bulk,3-2
M,193,1063,4,SRR15183343,in vivo,extracellular,bulk,3-2
M,195,1071,1,SRR15183343,in vivo,extracellular,bulk,3-2
M,200,1013,11,SRR15183343,in vivo,extracellular,bulk,3-2
M,200,1083,2,SRR15183343,in vivo,extracellular,bulk,3-2
M,200,1110,3,SRR15183343,in vivo,extracellular,bulk,3-2
M,200,363,1,SRR15183343,in vivo,extracellular,bulk,3-2
M,201,1086,1,SRR15183343,in vivo,extracellular,bulk,3-2
M,202,1060,11,SRR15183343,in vivo,extracellular,bulk,3-2
M,202,1100,3,SRR15183343,in vivo,extracellular,bulk,3-2
M,202,1101,38,SRR15183343,in vivo,extracellular,bulk,3-2
M,205,554,2,SRR15183343,in vivo,extracellular,bulk,3-2
M,210,921,2,SRR15183343,in vivo,extracellular,bulk,3-2
M,213,1078,9,SRR15183343,in vivo,extracellular,bulk,3-2
M,214,371,2,SRR15183343,in vivo,extracellular,bulk,3-2
M,214,727,2,SRR15183343,in vivo,extracellular,bulk,3-2
M,219,721,1,SRR15183343,in vivo,extracellular,bulk,3-2
M,225,429,1,SRR15183343,in vivo,extracellular,bulk,3-2
M,225,976,2,SRR15183343,in vivo,extracellular,bulk,3-2
M,226,362,2,SRR15183343,in vivo,extracellular,bulk,3-2
M,228,623,1,SRR15183343,in vivo,extracellular,bulk,3-2
M,250,400,1,SRR15183343,in vivo,extracellular,bulk,3-2
M,252,429,2,SRR15183343,in vivo,extracellular,bulk,3-2
M,253,713,1,SRR15183343,in vivo,extracellular,bulk,3-2
M,259,1022,1,SRR15183343,in vivo,extracellular,bulk,3-2
M,262,1033,1,SRR15183343,in vivo,extracellular,bulk,3-2
M,269,646,1,SRR15183343,in vivo,extracellular,bulk,3-2
M,303,394,1,SRR15183343,in vivo,extracellular,bulk,3-2
M,30,636,1,SRR15183343,in vivo,extracellular,bulk,3-2
M,317,580,1,SRR15183343,in vivo,extracellular,bulk,3-2
M,334,931,1,SRR15183343,in vivo,extracellular,bulk,3-2
M,337,1060,8,SRR15183343,in vivo,extracellular,bulk,3-2
M,366,920,1,SRR15183343,in vivo,extracellular,bulk,3-2
M,372,400,1,SRR15183343,in vivo,extracellular,bulk,3-2
M,372,647,1,SRR15183343,in vivo,extracellular,bulk,3-2
M,376,635,1,SRR15183343,in vivo,extracellular,bulk,3-2
M,391,713,1,SRR15183343,in vivo,extracellular,bulk,3-2
M,411,981,2,SRR15183343,in vivo,extracellular,bulk,3-2
M,417,619,1,SRR15183343,in vivo,extracellular,bulk,3-2
M,417,743,2,SRR15183343,in vivo,extracellular,bulk,3-2
M,447,861,2,SRR15183343,in vivo,extracellular,bulk,3-2
M,458,927,1,SRR15183343,in vivo,extracellular,bulk,3-2
M,459,570,2,SRR15183343,in vivo,extracellular,bulk,3-2
M,478,690,2,SRR15183343,in vivo,extracellular,bulk,3-2
M,517,694,1,SRR15183343,in vivo,extracellular,bulk,3-2
M,53,692,1,SRR15183343,in vivo,extracellular,bulk,3-2
M,591,690,2,SRR15183343,in vivo,extracellular,bulk,3-2
M,604,637,1,SRR15183343,in vivo,extracellular,bulk,3-2
M,605,704,1,SRR15183343,in vivo,extracellular,bulk,3-2
M,605,866,1,SRR15183343,in vivo,extracellular,bulk,3-2
M,61,161,1,SRR15183343,in vivo,extracellular,bulk,3-2
M,620,1102,1,SRR15183343,in vivo,extracellular,bulk,3-2
M,621,934,2,SRR15183343,in vivo,extracellular,bulk,3-2
M,622,1102,1,SRR15183343,in vivo,extracellular,bulk,3-2
M,63,102,2,SRR15183343,in vivo,extracellular,bulk,3-2
M,63,109,3,SRR15183343,in vivo,extracellular,bulk,3-2
M,662,727,1,SRR15183343,in vivo,extracellular,bulk,3-2
M,734,1022,2,SRR15183343,in vivo,extracellular,bulk,3-2
M,76,177,1,SRR15183343,in vivo,extracellular,bulk,3-2
M,77,563,1,SRR15183343,in vivo,extracellular,bulk,3-2
M,847,912,2,SRR15183343,in vivo,extracellular,bulk,3-2
M,85,196,6,SRR15183343,in vivo,extracellular,bulk,3-2
M,91,352,1,SRR15183343,in vivo,extracellular,bulk,3-2
M,930,996,1,SRR15183343,in vivo,extracellular,bulk,3-2
M,939,1102,1,SRR15183343,in vivo,extracellular,bulk,3-2
M,957,1078,1,SRR15183343,in vivo,extracellular,bulk,3-2
M,95,122,2,SRR15183343,in vivo,extracellular,bulk,3-2
M,96,1029,1,SRR15183343,in vivo,extracellular,bulk,3-2
M,96,713,1,SRR15183343,in vivo,extracellular,bulk,3-2
NS,173,470,1,SRR15183343,in vivo,extracellular,bulk,3-2
NS,179,855,2,SRR15183343,in vivo,extracellular,bulk,3-2
NS,209,596,1,SRR15183343,in vivo,extracellular,bulk,3-2
NS,210,853,1,SRR15183343,in vivo,extracellular,bulk,3-2
NS,240,811,2,SRR15183343,in vivo,extracellular,bulk,3-2
NS,242,507,1,SRR15183343,in vivo,extracellular,bulk,3-2
NS,246,1030,1,SRR15183343,in vivo,extracellular,bulk,3-2
NS,248,470,2,SRR15183343,in vivo,extracellular,bulk,3-2
NS,260,645,1,SRR15183343,in vivo,extracellular,bulk,3-2
NS,264,845,2,SRR15183343,in vivo,extracellular,bulk,3-2
NS,291,924,1,SRR15183343,in vivo,extracellular,bulk,3-2
NS,297,1045,1,SRR15183343,in vivo,extracellular,bulk,3-2
NS,348,469,1,SRR15183343,in vivo,extracellular,bulk,3-2
NS,502,739,2,SRR15183343,in vivo,extracellular,bulk,3-2
NS,509,731,2,SRR15183343,in vivo,extracellular,bulk,3-2
NS,513,853,2,SRR15183343,in vivo,extracellular,bulk,3-2
NS,531,825,2,SRR15183343,in vivo,extracellular,bulk,3-2
NS,550,640,2,SRR15183343,in vivo,extracellular,bulk,3-2
NS,551,1053,1,SRR15183343,in vivo,extracellular,bulk,3-2
NS,67,868,1,SRR15183343,in vivo,extracellular,bulk,3-2
NS,693,904,4,SRR15183343,in vivo,extracellular,bulk,3-2
NS,703,1038,1,SRR15183343,in vivo,extracellular,bulk,3-2
NS,735,771,2,SRR15183343,in vivo,extracellular,bulk,3-2
NS,735,794,2,SRR15183343,in vivo,extracellular,bulk,3-2
NS,735,856,1,SRR15183343,in vivo,extracellular,bulk,3-2
NS,735,906,1,SRR15183343,in vivo,extracellular,bulk,3-2
NS,741,1035,1,SRR15183343,in vivo,extracellular,bulk,3-2
NS,756,783,1,SRR15183343,in vivo,extracellular,bulk,3-2
NS,775,815,1,SRR15183343,in vivo,extracellular,bulk,3-2
NS,796,1066,1,SRR15183343,in vivo,extracellular,bulk,3-2
NS,814,921,1,SRR15183343,in vivo,extracellular,bulk,3-2
NS,99,466,1,SRR15183343,in vivo,extracellular,bulk,3-2
PB1,1012,1846,1,SRR15183342,in vivo,extracellular,bulk,3-1
PB1,1023,2041,1,SRR15183342,in vivo,extracellular,bulk,3-1
PB1,1043,1813,2,SRR15183342,in vivo,extracellular,bulk,3-1
PB1,1043,2041,2,SRR15183342,in vivo,extracellular,bulk,3-1
PB1,107,663,1,SRR15183342,in vivo,extracellular,bulk,3-1
PB1,109,2113,1,SRR15183342,in vivo,extracellular,bulk,3-1
PB1,110,2185,5,SRR15183342,in vivo,extracellular,bulk,3-1
PB1,1113,2195,1,SRR15183342,in vivo,extracellular,bulk,3-1
PB1,1140,2284,1,SRR15183342,in vivo,extracellular,bulk,3-1
PB1,1181,2028,1,SRR15183342,in vivo,extracellular,bulk,3-1
PB1,120,142,1,SRR15183342,in vivo,extracellular,bulk,3-1
PB1,120,2193,2,SRR15183342,in vivo,extracellular,bulk,3-1
PB1,121,1826,2,SRR15183342,in vivo,extracellular,bulk,3-1
PB1,1233,1578,1,SRR15183342,in vivo,extracellular,bulk,3-1
PB1,123,900,2,SRR15183342,in vivo,extracellular,bulk,3-1
PB1,124,703,1,SRR15183342,in vivo,extracellular,bulk,3-1
PB1,125,1420,1,SRR15183342,in vivo,extracellular,bulk,3-1
PB1,125,153,1,SRR15183342,in vivo,extracellular,bulk,3-1
PB1,125,2224,1,SRR15183342,in vivo,extracellular,bulk,3-1
PB1,127,1988,1,SRR15183342,in vivo,extracellular,bulk,3-1
PB1,128,2190,1,SRR15183342,in vivo,extracellular,bulk,3-1
PB1,128,2195,1,SRR15183342,in vivo,extracellular,bulk,3-1
PB1,132,2014,2,SRR15183342,in vivo,extracellular,bulk,3-1
PB1,1331,1938,1,SRR15183342,in vivo,extracellular,bulk,3-1
PB1,134,2123,1,SRR15183342,in vivo,extracellular,bulk,3-1
PB1,141,340,1,SRR15183342,in vivo,extracellular,bulk,3-1
PB1,142,1420,2,SRR15183342,in vivo,extracellular,bulk,3-1
PB1,142,1918,1,SRR15183342,in vivo,extracellular,bulk,3-1
PB1,142,1977,1,SRR15183342,in vivo,extracellular,bulk,3-1
PB1,142,1997,1,SRR15183342,in vivo,extracellular,bulk,3-1
PB1,142,2157,2,SRR15183342,in vivo,extracellular,bulk,3-1
PB1,142,2161,3,SRR15183342,in vivo,extracellular,bulk,3-1
PB1,143,2205,2,SRR15183342,in vivo,extracellular,bulk,3-1
PB1,1445,1771,1,SRR15183342,in vivo,extracellular,bulk,3-1
PB1,1517,2191,2,SRR15183342,in vivo,extracellular,bulk,3-1
PB1,1558,2048,1,SRR15183342,in vivo,extracellular,bulk,3-1
PB1,155,2157,1,SRR15183342,in vivo,extracellular,bulk,3-1
PB1,156,2057,1,SRR15183342,in vivo,extracellular,bulk,3-1
PB1,156,2180,6,SRR15183342,in vivo,extracellular,bulk,3-1
PB1,159,2120,12,SRR15183342,in vivo,extracellular,bulk,3-1
PB1,159,2185,2,SRR15183342,in vivo,extracellular,bulk,3-1
PB1,161,2185,2,SRR15183342,in vivo,extracellular,bulk,3-1
PB1,162,1917,3,SRR15183342,in vivo,extracellular,bulk,3-1
PB1,166,1577,40,SRR15183342,in vivo,extracellular,bulk,3-1
PB1,166,2209,1,SRR15183342,in vivo,extracellular,bulk,3-1
PB1,172,1655,1,SRR15183342,in vivo,extracellular,bulk,3-1
PB1,176,2026,2,SRR15183342,in vivo,extracellular,bulk,3-1
PB1,176,2072,1,SRR15183342,in vivo,extracellular,bulk,3-1
PB1,176,2243,1,SRR15183342,in vivo,extracellular,bulk,3-1
PB1,1770,2046,2,SRR15183342,in vivo,extracellular,bulk,3-1
PB1,1785,1938,1,SRR15183342,in vivo,extracellular,bulk,3-1
PB1,1803,1917,2,SRR15183342,in vivo,extracellular,bulk,3-1
PB1,1823,1938,1,SRR15183342,in vivo,extracellular,bulk,3-1
PB1,1832,2213,1,SRR15183342,in vivo,extracellular,bulk,3-1
PB1,1840,2022,1,SRR15183342,in vivo,extracellular,bulk,3-1
PB1,1853,2184,2,SRR15183342,in vivo,extracellular,bulk,3-1
PB1,1875,1942,2,SRR15183342,in vivo,extracellular,bulk,3-1
PB1,1878,1990,1,SRR15183342,in vivo,extracellular,bulk,3-1
PB1,188,2057,4,SRR15183342,in vivo,extracellular,bulk,3-1
PB1,188,2183,2,SRR15183342,in vivo,extracellular,bulk,3-1
PB1,1947,2208,1,SRR15183342,in vivo,extracellular,bulk,3-1
PB1,1953,2035,1,SRR15183342,in vivo,extracellular,bulk,3-1
PB1,1960,2052,1,SRR15183342,in vivo,extracellular,bulk,3-1
PB1,2032,2246,1,SRR15183342,in vivo,extracellular,bulk,3-1
PB1,2040,2109,2,SRR15183342,in vivo,extracellular,bulk,3-1
PB1,2040,2158,2,SRR15183342,in vivo,extracellular,bulk,3-1
PB1,2052,2261,1,SRR15183342,in vivo,extracellular,bulk,3-1
PB1,2064,2126,1,SRR15183342,in vivo,extracellular,bulk,3-1
PB1,2119,2156,1,SRR15183342,in vivo,extracellular,bulk,3-1
PB1,2132,2171,1,SRR15183342,in vivo,extracellular,bulk,3-1
PB1,2132,2203,2,SRR15183342,in vivo,extracellular,bulk,3-1
PB1,2146,2187,5,SRR15183342,in vivo,extracellular,bulk,3-1
PB1,232,2165,1,SRR15183342,in vivo,extracellular,bulk,3-1
PB1,233,2004,32,SRR15183342,in vivo,extracellular,bulk,3-1
PB1,233,2192,1,SRR15183342,in vivo,extracellular,bulk,3-1
PB1,234,2075,17,SRR15183342,in vivo,extracellular,bulk,3-1
PB1,236,1998,1,SRR15183342,in vivo,extracellular,bulk,3-1
PB1,236,2117,4,SRR15183342,in vivo,extracellular,bulk,3-1
PB1,237,2074,2,SRR15183342,in vivo,extracellular,bulk,3-1
PB1,237,2109,27,SRR15183342,in vivo,extracellular,bulk,3-1
PB1,238,1573,2,SRR15183342,in vivo,extracellular,bulk,3-1
PB1,239,1866,1,SRR15183342,in vivo,extracellular,bulk,3-1
PB1,239,2015,8,SRR15183342,in vivo,extracellular,bulk,3-1
PB1,239,2064,2,SRR15183342,in vivo,extracellular,bulk,3-1
PB1,239,2071,4,SRR15183342,in vivo,extracellular,bulk,3-1
PB1,240,2156,6,SRR15183342,in vivo,extracellular,bulk,3-1
PB1,240,2171,7,SRR15183342,in vivo,extracellular,bulk,3-1
PB1,240,2185,1106,SRR15183342,in vivo,extracellular,bulk,3-1
PB1,241,2049,2,SRR15183342,in vivo,extracellular,bulk,3-1
PB1,241,2186,3,SRR15183342,in vivo,extracellular,bulk,3-1
PB1,241,2201,1,SRR15183342,in vivo,extracellular,bulk,3-1
PB1,242,2014,2,SRR15183342,in vivo,extracellular,bulk,3-1
PB1,242,2113,11,SRR15183342,in vivo,extracellular,bulk,3-1
PB1,242,2163,4,SRR15183342,in vivo,extracellular,bulk,3-1
PB1,253,2157,1,SRR15183342,in vivo,extracellular,bulk,3-1
PB1,255,2019,3,SRR15183342,in vivo,extracellular,bulk,3-1
PB1,255,2040,3,SRR15183342,in vivo,extracellular,bulk,3-1
PB1,255,2047,31,SRR15183342,in vivo,extracellular,bulk,3-1
PB1,269,2107,84,SRR15183342,in vivo,extracellular,bulk,3-1
PB1,272,2021,4,SRR15183342,in vivo,extracellular,bulk,3-1
PB1,276,1435,1,SRR15183342,in vivo,extracellular,bulk,3-1
PB1,276,1736,2,SRR15183342,in vivo,extracellular,bulk,3-1
PB1,276,1769,69,SRR15183342,in vivo,extracellular,bulk,3-1
PB1,276,2039,2,SRR15183342,in vivo,extracellular,bulk,3-1
PB1,276,2092,26,SRR15183342,in vivo,extracellular,bulk,3-1
PB1,277,1753,3,SRR15183342,in vivo,extracellular,bulk,3-1
PB1,277,2157,2,SRR15183342,in vivo,extracellular,bulk,3-1
PB1,277,2286,1,SRR15183342,in vivo,extracellular,bulk,3-1
PB1,278,2057,2,SRR15183342,in vivo,extracellular,bulk,3-1
PB1,279,1993,1,SRR15183342,in vivo,extracellular,bulk,3-1
PB1,280,2034,3,SRR15183342,in vivo,extracellular,bulk,3-1
PB1,281,1943,7,SRR15183342,in vivo,extracellular,bulk,3-1
PB1,281,2065,28,SRR15183342,in vivo,extracellular,bulk,3-1
PB1,283,2110,2,SRR15183342,in vivo,extracellular,bulk,3-1
PB1,283,851,2,SRR15183342,in vivo,extracellular,bulk,3-1
PB1,285,2119,10,SRR15183342,in vivo,extracellular,bulk,3-1
PB1,287,1927,1,SRR15183342,in vivo,extracellular,bulk,3-1
PB1,287,2043,4,SRR15183342,in vivo,extracellular,bulk,3-1
PB1,287,2051,4,SRR15183342,in vivo,extracellular,bulk,3-1
PB1,287,2075,20,SRR15183342,in vivo,extracellular,bulk,3-1
PB1,287,2170,2,SRR15183342,in vivo,extracellular,bulk,3-1
PB1,287,2179,1,SRR15183342,in vivo,extracellular,bulk,3-1
PB1,287,2202,10,SRR15183342,in vivo,extracellular,bulk,3-1
PB1,288,1994,3,SRR15183342,in vivo,extracellular,bulk,3-1
PB1,288,2051,18,SRR15183342,in vivo,extracellular,bulk,3-1
PB1,288,2065,3,SRR15183342,in vivo,extracellular,bulk,3-1
PB1,288,2094,16,SRR15183342,in vivo,extracellular,bulk,3-1
PB1,288,2161,2,SRR15183342,in vivo,extracellular,bulk,3-1
PB1,289,2027,1,SRR15183342,in vivo,extracellular,bulk,3-1
PB1,290,1944,1,SRR15183342,in vivo,extracellular,bulk,3-1
PB1,290,2005,2,SRR15183342,in vivo,extracellular,bulk,3-1
PB1,290,2029,28,SRR15183342,in vivo,extracellular,bulk,3-1
PB1,290,2030,13,SRR15183342,in vivo,extracellular,bulk,3-1
PB1,290,2042,2,SRR15183342,in vivo,extracellular,bulk,3-1
PB1,290,2201,1,SRR15183342,in vivo,extracellular,bulk,3-1
PB1,290,2218,2,SRR15183342,in vivo,extracellular,bulk,3-1
PB1,291,1943,121,SRR15183342,in vivo,extracellular,bulk,3-1
PB1,291,2019,1,SRR15183342,in vivo,extracellular,bulk,3-1
PB1,292,2034,2,SRR15183342,in vivo,extracellular,bulk,3-1
PB1,292,2065,1,SRR15183342,in vivo,extracellular,bulk,3-1
PB1,292,314,1,SRR15183342,in vivo,extracellular,bulk,3-1
PB1,293,2043,2903,SRR15183342,in vivo,extracellular,bulk,3-1
PB1,293,360,4,SRR15183342,in vivo,extracellular,bulk,3-1
PB1,293,430,1,SRR15183342,in vivo,extracellular,bulk,3-1
PB1,294,2044,2,SRR15183342,in vivo,extracellular,bulk,3-1
PB1,296,1845,1,SRR15183342,in vivo,extracellular,bulk,3-1
PB1,296,1890,1,SRR15183342,in vivo,extracellular,bulk,3-1
PB1,296,1940,2,SRR15183342,in vivo,extracellular,bulk,3-1
PB1,296,1943,32,SRR15183342,in vivo,extracellular,bulk,3-1
PB1,296,2051,1,SRR15183342,in vivo,extracellular,bulk,3-1
PB1,297,1924,9,SRR15183342,in vivo,extracellular,bulk,3-1
PB1,297,1997,1,SRR15183342,in vivo,extracellular,bulk,3-1
PB1,297,1999,10,SRR15183342,in vivo,extracellular,bulk,3-1
PB1,297,2017,5,SRR15183342,in vivo,extracellular,bulk,3-1
PB1,297,2065,3,SRR15183342,in vivo,extracellular,bulk,3-1
PB1,298,2002,4,SRR15183342,in vivo,extracellular,bulk,3-1
PB1,299,2005,12,SRR15183342,in vivo,extracellular,bulk,3-1
PB1,299,2018,4,SRR15183342,in vivo,extracellular,bulk,3-1
PB1,299,2024,10,SRR15183342,in vivo,extracellular,bulk,3-1
PB1,299,2120,101,SRR15183342,in vivo,extracellular,bulk,3-1
PB1,300,1983,2,SRR15183342,in vivo,extracellular,bulk,3-1
PB1,300,1993,4,SRR15183342,in vivo,extracellular,bulk,3-1
PB1,300,2002,3,SRR15183342,in vivo,extracellular,bulk,3-1
PB1,300,2015,13,SRR15183342,in vivo,extracellular,bulk,3-1
PB1,300,2067,1,SRR15183342,in vivo,extracellular,bulk,3-1
PB1,300,2260,11,SRR15183342,in vivo,extracellular,bulk,3-1
PB1,300,327,2,SRR15183342,in vivo,extracellular,bulk,3-1
PB1,301,1928,11,SRR15183342,in vivo,extracellular,bulk,3-1
PB1,301,2005,2,SRR15183342,in vivo,extracellular,bulk,3-1
PB1,301,2020,2,SRR15183342,in vivo,extracellular,bulk,3-1
PB1,301,2040,235,SRR15183342,in vivo,extracellular,bulk,3-1
PB1,301,2044,5,SRR15183342,in vivo,extracellular,bulk,3-1
PB1,301,2048,25,SRR15183342,in vivo,extracellular,bulk,3-1
PB1,301,2066,5,SRR15183342,in vivo,extracellular,bulk,3-1
PB1,301,2171,3,SRR15183342,in vivo,extracellular,bulk,3-1
PB1,301,2185,1,SRR15183342,in vivo,extracellular,bulk,3-1
PB1,302,2050,2,SRR15183342,in vivo,extracellular,bulk,3-1
PB1,303,2057,1,SRR15183342,in vivo,extracellular,bulk,3-1
PB1,303,2182,2,SRR15183342,in vivo,extracellular,bulk,3-1
PB1,303,581,1,SRR15183342,in vivo,extracellular,bulk,3-1
PB1,304,2021,17,SRR15183342,in vivo,extracellular,bulk,3-1
PB1,304,2031,1,SRR15183342,in vivo,extracellular,bulk,3-1
PB1,304,2109,2,SRR15183342,in vivo,extracellular,bulk,3-1
PB1,305,2019,14,SRR15183342,in vivo,extracellular,bulk,3-1
PB1,306,1994,420,SRR15183342,in vivo,extracellular,bulk,3-1
PB1,306,1999,27,SRR15183342,in vivo,extracellular,bulk,3-1
PB1,306,2051,6,SRR15183342,in vivo,extracellular,bulk,3-1
PB1,307,2003,3,SRR15183342,in vivo,extracellular,bulk,3-1
PB1,308,2058,14,SRR15183342,in vivo,extracellular,bulk,3-1
PB1,308,2075,2,SRR15183342,in vivo,extracellular,bulk,3-1
PB1,309,1817,3,SRR15183342,in vivo,extracellular,bulk,3-1
PB1,309,1980,2,SRR15183342,in vivo,extracellular,bulk,3-1
PB1,309,2032,2,SRR15183342,in vivo,extracellular,bulk,3-1
PB1,309,2051,6,SRR15183342,in vivo,extracellular,bulk,3-1
PB1,309,2067,1,SRR15183342,in vivo,extracellular,bulk,3-1
PB1,310,1781,1,SRR15183342,in vivo,extracellular,bulk,3-1
PB1,310,1999,67,SRR15183342,in vivo,extracellular,bulk,3-1
PB1,310,2002,3,SRR15183342,in vivo,extracellular,bulk,3-1
PB1,310,2003,6,SRR15183342,in vivo,extracellular,bulk,3-1
PB1,310,2016,507,SRR15183342,in vivo,extracellular,bulk,3-1
PB1,310,2055,1,SRR15183342,in vivo,extracellular,bulk,3-1
PB1,310,2058,2,SRR15183342,in vivo,extracellular,bulk,3-1
PB1,310,2064,4,SRR15183342,in vivo,extracellular,bulk,3-1
PB1,310,345,1,SRR15183342,in vivo,extracellular,bulk,3-1
PB1,311,1565,2,SRR15183342,in vivo,extracellular,bulk,3-1
PB1,311,2002,36,SRR15183342,in vivo,extracellular,bulk,3-1
PB1,311,2027,2,SRR15183342,in vivo,extracellular,bulk,3-1
PB1,311,2052,4,SRR15183342,in vivo,extracellular,bulk,3-1
PB1,311,2055,2,SRR15183342,in vivo,extracellular,bulk,3-1
PB1,311,2057,16,SRR15183342,in vivo,extracellular,bulk,3-1
PB1,312,2212,1,SRR15183342,in vivo,extracellular,bulk,3-1
PB1,313,1934,7,SRR15183342,in vivo,extracellular,bulk,3-1
PB1,321,1999,3,SRR15183342,in vivo,extracellular,bulk,3-1
PB1,321,2084,1,SRR15183342,in vivo,extracellular,bulk,3-1
PB1,322,2199,9,SRR15183342,in vivo,extracellular,bulk,3-1
PB1,323,1938,35,SRR15183342,in vivo,extracellular,bulk,3-1
PB1,323,1994,28,SRR15183342,in vivo,extracellular,bulk,3-1
PB1,323,2029,1,SRR15183342,in vivo,extracellular,bulk,3-1
PB1,324,2184,2,SRR15183342,in vivo,extracellular,bulk,3-1
PB1,326,1768,2,SRR15183342,in vivo,extracellular,bulk,3-1
PB1,326,2038,20,SRR15183342,in vivo,extracellular,bulk,3-1
PB1,326,2184,6,SRR15183342,in vivo,extracellular,bulk,3-1
PB1,327,1977,1,SRR15183342,in vivo,extracellular,bulk,3-1
PB1,327,1991,9,SRR15183342,in vivo,extracellular,bulk,3-1
PB1,327,1994,6,SRR15183342,in vivo,extracellular,bulk,3-1
PB1,327,2003,51,SRR15183342,in vivo,extracellular,bulk,3-1
PB1,327,2016,2,SRR15183342,in vivo,extracellular,bulk,3-1
PB1,327,2065,17,SRR15183342,in vivo,extracellular,bulk,3-1
PB1,327,677,1,SRR15183342,in vivo,extracellular,bulk,3-1
PB1,328,1998,1,SRR15183342,in vivo,extracellular,bulk,3-1
PB1,328,2000,26,SRR15183342,in vivo,extracellular,bulk,3-1
PB1,328,2225,1,SRR15183342,in vivo,extracellular,bulk,3-1
PB1,32,713,1,SRR15183342,in vivo,extracellular,bulk,3-1
PB1,330,2118,1,SRR15183342,in vivo,extracellular,bulk,3-1
PB1,332,1900,9,SRR15183342,in vivo,extracellular,bulk,3-1
PB1,332,2052,4,SRR15183342,in vivo,extracellular,bulk,3-1
PB1,332,2107,5,SRR15183342,in vivo,extracellular,bulk,3-1
PB1,333,1744,3,SRR15183342,in vivo,extracellular,bulk,3-1
PB1,333,1830,3,SRR15183342,in vivo,extracellular,bulk,3-1
PB1,333,2014,2,SRR15183342,in vivo,extracellular,bulk,3-1
PB1,333,2024,4,SRR15183342,in vivo,extracellular,bulk,3-1
PB1,333,2029,1,SRR15183342,in vivo,extracellular,bulk,3-1
PB1,333,2030,6,SRR15183342,in vivo,extracellular,bulk,3-1
PB1,333,2047,2,SRR15183342,in vivo,extracellular,bulk,3-1
PB1,334,2196,1,SRR15183342,in vivo,extracellular,bulk,3-1
PB1,337,2056,4,SRR15183342,in vivo,extracellular,bulk,3-1
PB1,338,1947,1,SRR15183342,in vivo,extracellular,bulk,3-1
PB1,338,1995,1,SRR15183342,in vivo,extracellular,bulk,3-1
PB1,339,2002,1,SRR15183342,in vivo,extracellular,bulk,3-1
PB1,340,2002,1,SRR15183342,in vivo,extracellular,bulk,3-1
PB1,342,1846,5,SRR15183342,in vivo,extracellular,bulk,3-1
PB1,342,2171,3,SRR15183342,in vivo,extracellular,bulk,3-1
PB1,343,714,1,SRR15183342,in vivo,extracellular,bulk,3-1
PB1,344,373,2,SRR15183342,in vivo,extracellular,bulk,3-1
PB1,345,1897,2,SRR15183342,in vivo,extracellular,bulk,3-1
PB1,345,1934,14,SRR15183342,in vivo,extracellular,bulk,3-1
PB1,345,2160,3,SRR15183342,in vivo,extracellular,bulk,3-1
PB1,345,2161,8,SRR15183342,in vivo,extracellular,bulk,3-1
PB1,346,1942,15,SRR15183342,in vivo,extracellular,bulk,3-1
PB1,346,1950,1,SRR15183342,in vivo,extracellular,bulk,3-1
PB1,346,2048,3,SRR15183342,in vivo,extracellular,bulk,3-1
PB1,346,2164,1,SRR15183342,in vivo,extracellular,bulk,3-1
PB1,347,1941,7,SRR15183342,in vivo,extracellular,bulk,3-1
PB1,347,2158,3,SRR15183342,in vivo,extracellular,bulk,3-1
PB1,348,1980,4,SRR15183342,in vivo,extracellular,bulk,3-1
PB1,348,2034,2,SRR15183342,in vivo,extracellular,bulk,3-1
PB1,349,1984,1,SRR15183342,in vivo,extracellular,bulk,3-1
PB1,349,2016,4,SRR15183342,in vivo,extracellular,bulk,3-1
PB1,350,1767,1,SRR15183342,in vivo,extracellular,bulk,3-1
PB1,350,2014,1,SRR15183342,in vivo,extracellular,bulk,3-1
PB1,351,1847,1,SRR15183342,in vivo,extracellular,bulk,3-1
PB1,351,1993,2,SRR15183342,in vivo,extracellular,bulk,3-1
PB1,352,2012,1,SRR15183342,in vivo,extracellular,bulk,3-1
PB1,353,1574,1,SRR15183342,in vivo,extracellular,bulk,3-1
PB1,353,1814,2,SRR15183342,in vivo,extracellular,bulk,3-1
PB1,353,1868,1,SRR15183342,in vivo,extracellular,bulk,3-1
PB1,353,2047,2,SRR15183342,in vivo,extracellular,bulk,3-1
PB1,353,2065,1,SRR15183342,in vivo,extracellular,bulk,3-1
PB1,354,1830,2,SRR15183342,in vivo,extracellular,bulk,3-1
PB1,354,1852,2,SRR15183342,in vivo,extracellular,bulk,3-1
PB1,354,2043,10,SRR15183342,in vivo,extracellular,bulk,3-1
PB1,354,2094,7,SRR15183342,in vivo,extracellular,bulk,3-1
PB1,354,2108,6,SRR15183342,in vivo,extracellular,bulk,3-1
PB1,356,2020,1,SRR15183342,in vivo,extracellular,bulk,3-1
PB1,356,2052,5,SRR15183342,in vivo,extracellular,bulk,3-1
PB1,357,1847,1,SRR15183342,in vivo,extracellular,bulk,3-1
PB1,357,2019,122,SRR15183342,in vivo,extracellular,bulk,3-1
PB1,358,1710,1,SRR15183342,in vivo,extracellular,bulk,3-1
PB1,358,1746,2,SRR15183342,in vivo,extracellular,bulk,3-1
PB1,359,1920,14,SRR15183342,in vivo,extracellular,bulk,3-1
PB1,360,2092,3,SRR15183342,in vivo,extracellular,bulk,3-1
PB1,360,2192,2,SRR15183342,in vivo,extracellular,bulk,3-1
PB1,361,1938,1,SRR15183342,in vivo,extracellular,bulk,3-1
PB1,362,1587,1,SRR15183342,in vivo,extracellular,bulk,3-1
PB1,362,1934,3,SRR15183342,in vivo,extracellular,bulk,3-1
PB1,362,1993,32,SRR15183342,in vivo,extracellular,bulk,3-1
PB1,362,2117,22,SRR15183342,in vivo,extracellular,bulk,3-1
PB1,362,2194,66,SRR15183342,in vivo,extracellular,bulk,3-1
PB1,363,1815,2,SRR15183342,in vivo,extracellular,bulk,3-1
PB1,363,1823,73,SRR15183342,in vivo,extracellular,bulk,3-1
PB1,363,1835,2,SRR15183342,in vivo,extracellular,bulk,3-1
PB1,363,1866,7,SRR15183342,in vivo,extracellular,bulk,3-1
PB1,363,1933,2,SRR15183342,in vivo,extracellular,bulk,3-1
PB1,363,1942,2,SRR15183342,in vivo,extracellular,bulk,3-1
PB1,363,1999,1,SRR15183342,in vivo,extracellular,bulk,3-1
PB1,363,2015,3,SRR15183342,in vivo,extracellular,bulk,3-1
PB1,363,2048,2,SRR15183342,in vivo,extracellular,bulk,3-1
PB1,363,2052,1,SRR15183342,in vivo,extracellular,bulk,3-1
PB1,364,1941,1,SRR15183342,in vivo,extracellular,bulk,3-1
PB1,364,1945,16,SRR15183342,in vivo,extracellular,bulk,3-1
PB1,364,2021,2,SRR15183342,in vivo,extracellular,bulk,3-1
PB1,364,2197,1,SRR15183342,in vivo,extracellular,bulk,3-1
PB1,365,1856,24,SRR15183342,in vivo,extracellular,bulk,3-1
PB1,365,1941,5,SRR15183342,in vivo,extracellular,bulk,3-1
PB1,365,1943,14,SRR15183342,in vivo,extracellular,bulk,3-1
PB1,366,1935,198,SRR15183342,in vivo,extracellular,bulk,3-1
PB1,366,1939,4,SRR15183342,in vivo,extracellular,bulk,3-1
PB1,366,1946,6,SRR15183342,in vivo,extracellular,bulk,3-1
PB1,366,1994,4,SRR15183342,in vivo,extracellular,bulk,3-1
PB1,366,2017,1,SRR15183342,in vivo,extracellular,bulk,3-1
PB1,367,1994,1,SRR15183342,in vivo,extracellular,bulk,3-1
PB1,367,941,2,SRR15183342,in vivo,extracellular,bulk,3-1
PB1,368,1943,1,SRR15183342,in vivo,extracellular,bulk,3-1
PB1,368,2044,8,SRR15183342,in vivo,extracellular,bulk,3-1
PB1,369,1720,4,SRR15183342,in vivo,extracellular,bulk,3-1
PB1,369,1933,1,SRR15183342,in vivo,extracellular,bulk,3-1
PB1,370,1937,5,SRR15183342,in vivo,extracellular,bulk,3-1
PB1,370,1940,7,SRR15183342,in vivo,extracellular,bulk,3-1
PB1,370,1943,3,SRR15183342,in vivo,extracellular,bulk,3-1
PB1,372,2230,26,SRR15183342,in vivo,extracellular,bulk,3-1
PB1,372,402,1,SRR15183342,in vivo,extracellular,bulk,3-1
PB1,373,1864,3,SRR15183342,in vivo,extracellular,bulk,3-1
PB1,373,1944,29,SRR15183342,in vivo,extracellular,bulk,3-1
PB1,375,1936,20,SRR15183342,in vivo,extracellular,bulk,3-1
PB1,375,1939,2,SRR15183342,in vivo,extracellular,bulk,3-1
PB1,375,1940,10,SRR15183342,in vivo,extracellular,bulk,3-1
PB1,375,1941,31,SRR15183342,in vivo,extracellular,bulk,3-1
PB1,375,1943,4,SRR15183342,in vivo,extracellular,bulk,3-1
PB1,375,2065,2,SRR15183342,in vivo,extracellular,bulk,3-1
PB1,376,1935,12,SRR15183342,in vivo,extracellular,bulk,3-1
PB1,376,1946,1,SRR15183342,in vivo,extracellular,bulk,3-1
PB1,376,1994,1,SRR15183342,in vivo,extracellular,bulk,3-1
PB1,377,1906,1,SRR15183342,in vivo,extracellular,bulk,3-1
PB1,377,1933,2,SRR15183342,in vivo,extracellular,bulk,3-1
PB1,377,1934,3,SRR15183342,in vivo,extracellular,bulk,3-1
PB1,377,1935,13,SRR15183342,in vivo,extracellular,bulk,3-1
PB1,378,1849,11,SRR15183342,in vivo,extracellular,bulk,3-1
PB1,378,1940,5,SRR15183342,in vivo,extracellular,bulk,3-1
PB1,378,1941,17,SRR15183342,in vivo,extracellular,bulk,3-1
PB1,378,1944,2,SRR15183342,in vivo,extracellular,bulk,3-1
PB1,378,1979,2,SRR15183342,in vivo,extracellular,bulk,3-1
PB1,378,1981,1,SRR15183342,in vivo,extracellular,bulk,3-1
PB1,378,2005,17,SRR15183342,in vivo,extracellular,bulk,3-1
PB1,378,2048,2,SRR15183342,in vivo,extracellular,bulk,3-1
PB1,379,1934,12,SRR15183342,in vivo,extracellular,bulk,3-1
PB1,379,1935,2,SRR15183342,in vivo,extracellular,bulk,3-1
PB1,379,1977,9,SRR15183342,in vivo,extracellular,bulk,3-1
PB1,379,2111,4,SRR15183342,in vivo,extracellular,bulk,3-1
PB1,380,1756,4,SRR15183342,in vivo,extracellular,bulk,3-1
PB1,380,1941,2,SRR15183342,in vivo,extracellular,bulk,3-1
PB1,380,1944,2,SRR15183342,in vivo,extracellular,bulk,3-1
PB1,380,2123,1,SRR15183342,in vivo,extracellular,bulk,3-1
PB1,381,1934,7,SRR15183342,in vivo,extracellular,bulk,3-1
PB1,381,2027,3,SRR15183342,in vivo,extracellular,bulk,3-1
PB1,382,1713,2,SRR15183342,in vivo,extracellular,bulk,3-1
PB1,382,1833,10,SRR15183342,in vivo,extracellular,bulk,3-1
PB1,382,1923,55,SRR15183342,in vivo,extracellular,bulk,3-1
PB1,382,1945,2,SRR15183342,in vivo,extracellular,bulk,3-1
PB1,383,1828,1,SRR15183342,in vivo,extracellular,bulk,3-1
PB1,384,1942,2,SRR15183342,in vivo,extracellular,bulk,3-1
PB1,384,1979,7,SRR15183342,in vivo,extracellular,bulk,3-1
PB1,384,2026,20,SRR15183342,in vivo,extracellular,bulk,3-1
PB1,385,1716,1,SRR15183342,in vivo,extracellular,bulk,3-1
PB1,385,1821,2,SRR15183342,in vivo,extracellular,bulk,3-1
PB1,386,1840,1,SRR15183342,in vivo,extracellular,bulk,3-1
PB1,386,1851,1,SRR15183342,in vivo,extracellular,bulk,3-1
PB1,386,1934,54,SRR15183342,in vivo,extracellular,bulk,3-1
PB1,386,1942,6,SRR15183342,in vivo,extracellular,bulk,3-1
PB1,386,1993,1,SRR15183342,in vivo,extracellular,bulk,3-1
PB1,386,2093,2,SRR15183342,in vivo,extracellular,bulk,3-1
PB1,387,1846,1,SRR15183342,in vivo,extracellular,bulk,3-1
PB1,387,1918,2,SRR15183342,in vivo,extracellular,bulk,3-1
PB1,387,2039,2,SRR15183342,in vivo,extracellular,bulk,3-1
PB1,387,2048,3,SRR15183342,in vivo,extracellular,bulk,3-1
PB1,387,2050,6,SRR15183342,in vivo,extracellular,bulk,3-1
PB1,387,2061,4,SRR15183342,in vivo,extracellular,bulk,3-1
PB1,388,1770,47,SRR15183342,in vivo,extracellular,bulk,3-1
PB1,388,1903,2,SRR15183342,in vivo,extracellular,bulk,3-1
PB1,388,1933,16,SRR15183342,in vivo,extracellular,bulk,3-1
PB1,388,1941,20,SRR15183342,in vivo,extracellular,bulk,3-1
PB1,388,2045,1,SRR15183342,in vivo,extracellular,bulk,3-1
PB1,389,2032,1,SRR15183342,in vivo,extracellular,bulk,3-1
PB1,391,1922,2,SRR15183342,in vivo,extracellular,bulk,3-1
PB1,393,1848,2,SRR15183342,in vivo,extracellular,bulk,3-1
PB1,397,1902,1,SRR15183342,in vivo,extracellular,bulk,3-1
PB1,398,1750,2,SRR15183342,in vivo,extracellular,bulk,3-1
PB1,398,1938,5,SRR15183342,in vivo,extracellular,bulk,3-1
PB1,398,1946,1,SRR15183342,in vivo,extracellular,bulk,3-1
PB1,398,1993,4,SRR15183342,in vivo,extracellular,bulk,3-1
PB1,398,2190,1,SRR15183342,in vivo,extracellular,bulk,3-1
PB1,399,1747,6,SRR15183342,in vivo,extracellular,bulk,3-1
PB1,399,1849,7,SRR15183342,in vivo,extracellular,bulk,3-1
PB1,399,1904,4,SRR15183342,in vivo,extracellular,bulk,3-1
PB1,399,1940,2,SRR15183342,in vivo,extracellular,bulk,3-1
PB1,399,1982,2,SRR15183342,in vivo,extracellular,bulk,3-1
PB1,400,1840,2,SRR15183342,in vivo,extracellular,bulk,3-1
PB1,401,1902,1,SRR15183342,in vivo,extracellular,bulk,3-1
PB1,401,1978,1,SRR15183342,in vivo,extracellular,bulk,3-1
PB1,401,938,2,SRR15183342,in vivo,extracellular,bulk,3-1
PB1,402,1923,1,SRR15183342,in vivo,extracellular,bulk,3-1
PB1,402,1993,1,SRR15183342,in vivo,extracellular,bulk,3-1
PB1,403,1735,1,SRR15183342,in vivo,extracellular,bulk,3-1
PB1,403,1904,5,SRR15183342,in vivo,extracellular,bulk,3-1
PB1,403,1905,1,SRR15183342,in vivo,extracellular,bulk,3-1
PB1,403,1920,18,SRR15183342,in vivo,extracellular,bulk,3-1
PB1,403,2027,1,SRR15183342,in vivo,extracellular,bulk,3-1
PB1,403,2030,8,SRR15183342,in vivo,extracellular,bulk,3-1
PB1,403,2235,28,SRR15183342,in vivo,extracellular,bulk,3-1
PB1,403,427,1,SRR15183342,in vivo,extracellular,bulk,3-1
PB1,404,1832,8,SRR15183342,in vivo,extracellular,bulk,3-1
PB1,405,2043,4,SRR15183342,in vivo,extracellular,bulk,3-1
PB1,406,1884,1,SRR15183342,in vivo,extracellular,bulk,3-1
PB1,407,1885,101,SRR15183342,in vivo,extracellular,bulk,3-1
PB1,407,2040,4,SRR15183342,in vivo,extracellular,bulk,3-1
PB1,407,2047,2,SRR15183342,in vivo,extracellular,bulk,3-1
PB1,417,1814,4,SRR15183342,in vivo,extracellular,bulk,3-1
PB1,417,1817,1,SRR15183342,in vivo,extracellular,bulk,3-1
PB1,417,1833,1,SRR15183342,in vivo,extracellular,bulk,3-1
PB1,417,2120,1,SRR15183342,in vivo,extracellular,bulk,3-1
PB1,418,2034,1,SRR15183342,in vivo,extracellular,bulk,3-1
PB1,419,1934,7,SRR15183342,in vivo,extracellular,bulk,3-1
PB1,419,2015,1,SRR15183342,in vivo,extracellular,bulk,3-1
PB1,420,1815,21,SRR15183342,in vivo,extracellular,bulk,3-1
PB1,420,1825,17,SRR15183342,in vivo,extracellular,bulk,3-1
PB1,420,1904,1,SRR15183342,in vivo,extracellular,bulk,3-1
PB1,420,2020,3,SRR15183342,in vivo,extracellular,bulk,3-1
PB1,421,1768,5,SRR15183342,in vivo,extracellular,bulk,3-1
PB1,421,1793,150,SRR15183342,in vivo,extracellular,bulk,3-1
PB1,421,1807,1,SRR15183342,in vivo,extracellular,bulk,3-1
PB1,421,1808,1,SRR15183342,in vivo,extracellular,bulk,3-1
PB1,421,1814,32,SRR15183342,in vivo,extracellular,bulk,3-1
PB1,421,1825,6,SRR15183342,in vivo,extracellular,bulk,3-1
PB1,421,1826,5,SRR15183342,in vivo,extracellular,bulk,3-1
PB1,421,2019,4,SRR15183342,in vivo,extracellular,bulk,3-1
PB1,424,1762,2,SRR15183342,in vivo,extracellular,bulk,3-1
PB1,425,1836,1,SRR15183342,in vivo,extracellular,bulk,3-1
PB1,426,1594,6,SRR15183342,in vivo,extracellular,bulk,3-1
PB1,426,1809,2,SRR15183342,in vivo,extracellular,bulk,3-1
PB1,426,1869,3,SRR15183342,in vivo,extracellular,bulk,3-1
PB1,426,1937,1,SRR15183342,in vivo,extracellular,bulk,3-1
PB1,427,1798,2,SRR15183342,in vivo,extracellular,bulk,3-1
PB1,427,1945,212,SRR15183342,in vivo,extracellular,bulk,3-1
PB1,427,2021,4,SRR15183342,in vivo,extracellular,bulk,3-1
PB1,427,2031,16,SRR15183342,in vivo,extracellular,bulk,3-1
PB1,428,1811,2,SRR15183342,in vivo,extracellular,bulk,3-1
PB1,428,2020,7,SRR15183342,in vivo,extracellular,bulk,3-1
PB1,429,1947,1,SRR15183342,in vivo,extracellular,bulk,3-1
PB1,429,2277,1,SRR15183342,in vivo,extracellular,bulk,3-1
PB1,431,1797,1,SRR15183342,in vivo,extracellular,bulk,3-1
PB1,432,1799,2,SRR15183342,in vivo,extracellular,bulk,3-1
PB1,432,1847,1,SRR15183342,in vivo,extracellular,bulk,3-1
PB1,433,1991,2,SRR15183342,in vivo,extracellular,bulk,3-1
PB1,435,2040,4,SRR15183342,in vivo,extracellular,bulk,3-1
PB1,436,1428,1,SRR15183342,in vivo,extracellular,bulk,3-1
PB1,436,1796,3,SRR15183342,in vivo,extracellular,bulk,3-1
PB1,436,1800,1,SRR15183342,in vivo,extracellular,bulk,3-1
PB1,436,1867,1,SRR15183342,in vivo,extracellular,bulk,3-1
PB1,436,1999,2,SRR15183342,in vivo,extracellular,bulk,3-1
PB1,436,2003,3,SRR15183342,in vivo,extracellular,bulk,3-1
PB1,437,2226,1,SRR15183342,in vivo,extracellular,bulk,3-1
PB1,438,1746,1,SRR15183342,in vivo,extracellular,bulk,3-1
PB1,438,1747,1,SRR15183342,in vivo,extracellular,bulk,3-1
PB1,438,1814,4,SRR15183342,in vivo,extracellular,bulk,3-1
PB1,438,1943,4,SRR15183342,in vivo,extracellular,bulk,3-1
PB1,438,1978,1,SRR15183342,in vivo,extracellular,bulk,3-1
PB1,438,1991,3,SRR15183342,in vivo,extracellular,bulk,3-1
PB1,438,2004,4,SRR15183342,in vivo,extracellular,bulk,3-1
PB1,438,2005,1,SRR15183342,in vivo,extracellular,bulk,3-1
PB1,438,2040,5,SRR15183342,in vivo,extracellular,bulk,3-1
PB1,439,1751,2,SRR15183342,in vivo,extracellular,bulk,3-1
PB1,439,1799,7,SRR15183342,in vivo,extracellular,bulk,3-1
PB1,439,1859,7,SRR15183342,in vivo,extracellular,bulk,3-1
PB1,439,1867,1,SRR15183342,in vivo,extracellular,bulk,3-1
PB1,439,2003,1,SRR15183342,in vivo,extracellular,bulk,3-1
PB1,441,1942,2,SRR15183342,in vivo,extracellular,bulk,3-1
PB1,441,2003,4,SRR15183342,in vivo,extracellular,bulk,3-1
PB1,442,1794,2,SRR15183342,in vivo,extracellular,bulk,3-1
PB1,442,1817,4,SRR15183342,in vivo,extracellular,bulk,3-1
PB1,442,1944,1,SRR15183342,in vivo,extracellular,bulk,3-1
PB1,443,1647,3,SRR15183342,in vivo,extracellular,bulk,3-1
PB1,443,1816,2,SRR15183342,in vivo,extracellular,bulk,3-1
PB1,444,1133,2,SRR15183342,in vivo,extracellular,bulk,3-1
PB1,444,1814,1,SRR15183342,in vivo,extracellular,bulk,3-1
PB1,444,1939,5,SRR15183342,in vivo,extracellular,bulk,3-1
PB1,444,2116,1,SRR15183342,in vivo,extracellular,bulk,3-1
PB1,445,1272,1,SRR15183342,in vivo,extracellular,bulk,3-1
PB1,445,1852,5,SRR15183342,in vivo,extracellular,bulk,3-1
PB1,447,1756,2,SRR15183342,in vivo,extracellular,bulk,3-1
PB1,447,1940,1,SRR15183342,in vivo,extracellular,bulk,3-1
PB1,448,1858,2,SRR15183342,in vivo,extracellular,bulk,3-1
PB1,448,1942,1,SRR15183342,in vivo,extracellular,bulk,3-1
PB1,449,1513,2,SRR15183342,in vivo,extracellular,bulk,3-1
PB1,449,1798,2,SRR15183342,in vivo,extracellular,bulk,3-1
PB1,449,1851,1,SRR15183342,in vivo,extracellular,bulk,3-1
PB1,449,1993,3,SRR15183342,in vivo,extracellular,bulk,3-1
PB1,449,2015,4,SRR15183342,in vivo,extracellular,bulk,3-1
PB1,450,1745,3,SRR15183342,in vivo,extracellular,bulk,3-1
PB1,450,1779,9,SRR15183342,in vivo,extracellular,bulk,3-1
PB1,450,1797,2,SRR15183342,in vivo,extracellular,bulk,3-1
PB1,450,1846,4,SRR15183342,in vivo,extracellular,bulk,3-1
PB1,450,1857,18,SRR15183342,in vivo,extracellular,bulk,3-1
PB1,450,1860,10,SRR15183342,in vivo,extracellular,bulk,3-1
PB1,450,1865,2,SRR15183342,in vivo,extracellular,bulk,3-1
PB1,450,1869,1,SRR15183342,in vivo,extracellular,bulk,3-1
PB1,451,1860,2,SRR15183342,in vivo,extracellular,bulk,3-1
PB1,451,1933,3,SRR15183342,in vivo,extracellular,bulk,3-1
PB1,451,1942,18,SRR15183342,in vivo,extracellular,bulk,3-1
PB1,451,1945,5,SRR15183342,in vivo,extracellular,bulk,3-1
PB1,452,1749,1,SRR15183342,in vivo,extracellular,bulk,3-1
PB1,452,2092,18,SRR15183342,in vivo,extracellular,bulk,3-1
PB1,453,1942,1,SRR15183342,in vivo,extracellular,bulk,3-1
PB1,453,1993,1,SRR15183342,in vivo,extracellular,bulk,3-1
PB1,454,1849,8,SRR15183342,in vivo,extracellular,bulk,3-1
PB1,454,1940,1,SRR15183342,in vivo,extracellular,bulk,3-1
PB1,455,1990,2,SRR15183342,in vivo,extracellular,bulk,3-1
PB1,456,1756,3,SRR15183342,in vivo,extracellular,bulk,3-1
PB1,456,1851,6,SRR15183342,in vivo,extracellular,bulk,3-1
PB1,456,1982,17,SRR15183342,in vivo,extracellular,bulk,3-1
PB1,456,1994,2,SRR15183342,in vivo,extracellular,bulk,3-1
PB1,457,1843,1,SRR15183342,in vivo,extracellular,bulk,3-1
PB1,457,1944,2,SRR15183342,in vivo,extracellular,bulk,3-1
PB1,458,1990,1,SRR15183342,in vivo,extracellular,bulk,3-1
PB1,459,1780,39,SRR15183342,in vivo,extracellular,bulk,3-1
PB1,459,1934,2,SRR15183342,in vivo,extracellular,bulk,3-1
PB1,460,1860,60,SRR15183342,in vivo,extracellular,bulk,3-1
PB1,460,1940,6,SRR15183342,in vivo,extracellular,bulk,3-1
PB1,460,1941,3,SRR15183342,in vivo,extracellular,bulk,3-1
PB1,461,1780,1,SRR15183342,in vivo,extracellular,bulk,3-1
PB1,461,1846,1,SRR15183342,in vivo,extracellular,bulk,3-1
PB1,461,1866,4,SRR15183342,in vivo,extracellular,bulk,3-1
PB1,461,1938,4,SRR15183342,in vivo,extracellular,bulk,3-1
PB1,461,1977,3,SRR15183342,in vivo,extracellular,bulk,3-1
PB1,461,1983,2,SRR15183342,in vivo,extracellular,bulk,3-1
PB1,461,1993,38,SRR15183342,in vivo,extracellular,bulk,3-1
PB1,462,1779,2,SRR15183342,in vivo,extracellular,bulk,3-1
PB1,462,1820,2,SRR15183342,in vivo,extracellular,bulk,3-1
PB1,462,1846,3,SRR15183342,in vivo,extracellular,bulk,3-1
PB1,462,1849,4,SRR15183342,in vivo,extracellular,bulk,3-1
PB1,462,1937,3,SRR15183342,in vivo,extracellular,bulk,3-1
PB1,462,1942,2,SRR15183342,in vivo,extracellular,bulk,3-1
PB1,463,1607,1,SRR15183342,in vivo,extracellular,bulk,3-1
PB1,463,1779,2,SRR15183342,in vivo,extracellular,bulk,3-1
PB1,463,1941,5,SRR15183342,in vivo,extracellular,bulk,3-1
PB1,463,1944,10,SRR15183342,in vivo,extracellular,bulk,3-1
PB1,499,1920,1,SRR15183342,in vivo,extracellular,bulk,3-1
PB1,500,1747,2,SRR15183342,in vivo,extracellular,bulk,3-1
PB1,500,1748,1,SRR15183342,in vivo,extracellular,bulk,3-1
PB1,500,1818,5,SRR15183342,in vivo,extracellular,bulk,3-1
PB1,500,1904,2,SRR15183342,in vivo,extracellular,bulk,3-1
PB1,500,1905,1,SRR15183342,in vivo,extracellular,bulk,3-1
PB1,501,1814,4,SRR15183342,in vivo,extracellular,bulk,3-1
PB1,502,1816,1,SRR15183342,in vivo,extracellular,bulk,3-1
PB1,502,1822,2,SRR15183342,in vivo,extracellular,bulk,3-1
PB1,503,1759,17,SRR15183342,in vivo,extracellular,bulk,3-1
PB1,504,1734,1,SRR15183342,in vivo,extracellular,bulk,3-1
PB1,504,1744,4,SRR15183342,in vivo,extracellular,bulk,3-1
PB1,504,1746,3,SRR15183342,in vivo,extracellular,bulk,3-1
PB1,505,1845,4,SRR15183342,in vivo,extracellular,bulk,3-1
PB1,505,1848,1,SRR15183342,in vivo,extracellular,bulk,3-1
PB1,506,1630,2,SRR15183342,in vivo,extracellular,bulk,3-1
PB1,506,1642,1,SRR15183342,in vivo,extracellular,bulk,3-1
PB1,506,1935,1,SRR15183342,in vivo,extracellular,bulk,3-1
PB1,507,1979,2,SRR15183342,in vivo,extracellular,bulk,3-1
PB1,508,1839,12,SRR15183342,in vivo,extracellular,bulk,3-1
PB1,508,1906,2,SRR15183342,in vivo,extracellular,bulk,3-1
PB1,509,1744,3,SRR15183342,in vivo,extracellular,bulk,3-1
PB1,509,1763,2,SRR15183342,in vivo,extracellular,bulk,3-1
PB1,509,1841,1,SRR15183342,in vivo,extracellular,bulk,3-1
PB1,509,1845,2,SRR15183342,in vivo,extracellular,bulk,3-1
PB1,509,1890,5,SRR15183342,in vivo,extracellular,bulk,3-1
PB1,510,1738,10,SRR15183342,in vivo,extracellular,bulk,3-1
PB1,510,1845,1,SRR15183342,in vivo,extracellular,bulk,3-1
PB1,510,1852,3,SRR15183342,in vivo,extracellular,bulk,3-1
PB1,510,1888,2,SRR15183342,in vivo,extracellular,bulk,3-1
PB1,510,1978,3,SRR15183342,in vivo,extracellular,bulk,3-1
PB1,510,2065,7,SRR15183342,in vivo,extracellular,bulk,3-1
PB1,511,1698,2,SRR15183342,in vivo,extracellular,bulk,3-1
PB1,512,1942,3,SRR15183342,in vivo,extracellular,bulk,3-1
PB1,513,1733,2,SRR15183342,in vivo,extracellular,bulk,3-1
PB1,513,1774,2,SRR15183342,in vivo,extracellular,bulk,3-1
PB1,513,1849,3,SRR15183342,in vivo,extracellular,bulk,3-1
PB1,513,2014,2,SRR15183342,in vivo,extracellular,bulk,3-1
PB1,514,1816,2,SRR15183342,in vivo,extracellular,bulk,3-1
PB1,516,1794,1,SRR15183342,in vivo,extracellular,bulk,3-1
PB1,518,1729,2,SRR15183342,in vivo,extracellular,bulk,3-1
PB1,520,1712,4,SRR15183342,in vivo,extracellular,bulk,3-1
PB1,520,1796,2,SRR15183342,in vivo,extracellular,bulk,3-1
PB1,520,1808,4,SRR15183342,in vivo,extracellular,bulk,3-1
PB1,520,1814,2,SRR15183342,in vivo,extracellular,bulk,3-1
PB1,520,1826,1,SRR15183342,in vivo,extracellular,bulk,3-1
PB1,520,1830,4,SRR15183342,in vivo,extracellular,bulk,3-1
PB1,520,1856,1,SRR15183342,in vivo,extracellular,bulk,3-1
PB1,520,1943,5,SRR15183342,in vivo,extracellular,bulk,3-1
PB1,521,1799,3,SRR15183342,in vivo,extracellular,bulk,3-1
PB1,521,1943,30,SRR15183342,in vivo,extracellular,bulk,3-1
PB1,523,1821,6,SRR15183342,in vivo,extracellular,bulk,3-1
PB1,524,1840,1,SRR15183342,in vivo,extracellular,bulk,3-1
PB1,525,1747,1,SRR15183342,in vivo,extracellular,bulk,3-1
PB1,525,1748,14,SRR15183342,in vivo,extracellular,bulk,3-1
PB1,526,1821,8,SRR15183342,in vivo,extracellular,bulk,3-1
PB1,526,1897,2,SRR15183342,in vivo,extracellular,bulk,3-1
PB1,527,1774,2,SRR15183342,in vivo,extracellular,bulk,3-1
PB1,527,1777,3,SRR15183342,in vivo,extracellular,bulk,3-1
PB1,527,1825,2,SRR15183342,in vivo,extracellular,bulk,3-1
PB1,527,1831,1,SRR15183342,in vivo,extracellular,bulk,3-1
PB1,527,1933,7,SRR15183342,in vivo,extracellular,bulk,3-1
PB1,528,1534,1,SRR15183342,in vivo,extracellular,bulk,3-1
PB1,528,1737,1,SRR15183342,in vivo,extracellular,bulk,3-1
PB1,528,1781,3,SRR15183342,in vivo,extracellular,bulk,3-1
PB1,528,1821,4,SRR15183342,in vivo,extracellular,bulk,3-1
PB1,528,1836,3,SRR15183342,in vivo,extracellular,bulk,3-1
PB1,528,1866,1,SRR15183342,in vivo,extracellular,bulk,3-1
PB1,529,1628,1,SRR15183342,in vivo,extracellular,bulk,3-1
PB1,529,1747,2,SRR15183342,in vivo,extracellular,bulk,3-1
PB1,529,1769,1,SRR15183342,in vivo,extracellular,bulk,3-1
PB1,529,1774,3,SRR15183342,in vivo,extracellular,bulk,3-1
PB1,529,1777,11,SRR15183342,in vivo,extracellular,bulk,3-1
PB1,529,1815,29,SRR15183342,in vivo,extracellular,bulk,3-1
PB1,529,1831,12,SRR15183342,in vivo,extracellular,bulk,3-1
PB1,529,1918,3,SRR15183342,in vivo,extracellular,bulk,3-1
PB1,529,2048,4,SRR15183342,in vivo,extracellular,bulk,3-1
PB1,530,1738,1,SRR15183342,in vivo,extracellular,bulk,3-1
PB1,530,1757,12,SRR15183342,in vivo,extracellular,bulk,3-1
PB1,530,1819,1,SRR15183342,in vivo,extracellular,bulk,3-1
PB1,530,1859,1,SRR15183342,in vivo,extracellular,bulk,3-1
PB1,530,2155,1,SRR15183342,in vivo,extracellular,bulk,3-1
PB1,531,1837,2,SRR15183342,in vivo,extracellular,bulk,3-1
PB1,531,2002,10,SRR15183342,in vivo,extracellular,bulk,3-1
PB1,532,1831,2,SRR15183342,in vivo,extracellular,bulk,3-1
PB1,534,1729,1,SRR15183342,in vivo,extracellular,bulk,3-1
PB1,534,1740,1,SRR15183342,in vivo,extracellular,bulk,3-1
PB1,534,1778,1,SRR15183342,in vivo,extracellular,bulk,3-1
PB1,534,1810,3,SRR15183342,in vivo,extracellular,bulk,3-1
PB1,534,1814,14,SRR15183342,in vivo,extracellular,bulk,3-1
PB1,534,1817,1,SRR15183342,in vivo,extracellular,bulk,3-1
PB1,534,1845,15,SRR15183342,in vivo,extracellular,bulk,3-1
PB1,534,1848,2,SRR15183342,in vivo,extracellular,bulk,3-1
PB1,534,1856,4,SRR15183342,in vivo,extracellular,bulk,3-1
PB1,535,1781,6,SRR15183342,in vivo,extracellular,bulk,3-1
PB1,535,1867,32,SRR15183342,in vivo,extracellular,bulk,3-1
PB1,535,1935,3,SRR15183342,in vivo,extracellular,bulk,3-1
PB1,536,1864,1,SRR15183342,in vivo,extracellular,bulk,3-1
PB1,538,1834,4,SRR15183342,in vivo,extracellular,bulk,3-1
PB1,539,1716,11,SRR15183342,in vivo,extracellular,bulk,3-1
PB1,539,2002,2,SRR15183342,in vivo,extracellular,bulk,3-1
PB1,540,1695,2,SRR15183342,in vivo,extracellular,bulk,3-1
PB1,541,1746,2,SRR15183342,in vivo,extracellular,bulk,3-1
PB1,541,1765,4,SRR15183342,in vivo,extracellular,bulk,3-1
PB1,541,1770,1,SRR15183342,in vivo,extracellular,bulk,3-1
PB1,541,1776,1,SRR15183342,in vivo,extracellular,bulk,3-1
PB1,541,1816,1,SRR15183342,in vivo,extracellular,bulk,3-1
PB1,541,1983,1,SRR15183342,in vivo,extracellular,bulk,3-1
PB1,542,1569,3,SRR15183342,in vivo,extracellular,bulk,3-1
PB1,542,1570,2,SRR15183342,in vivo,extracellular,bulk,3-1
PB1,542,1732,1,SRR15183342,in vivo,extracellular,bulk,3-1
PB1,542,1755,3,SRR15183342,in vivo,extracellular,bulk,3-1
PB1,542,1760,3,SRR15183342,in vivo,extracellular,bulk,3-1
PB1,542,1768,7,SRR15183342,in vivo,extracellular,bulk,3-1
PB1,542,1776,28,SRR15183342,in vivo,extracellular,bulk,3-1
PB1,542,1794,3,SRR15183342,in vivo,extracellular,bulk,3-1
PB1,542,1807,1,SRR15183342,in vivo,extracellular,bulk,3-1
PB1,542,1808,3,SRR15183342,in vivo,extracellular,bulk,3-1
PB1,542,1814,2,SRR15183342,in vivo,extracellular,bulk,3-1
PB1,542,1845,2,SRR15183342,in vivo,extracellular,bulk,3-1
PB1,542,1848,4,SRR15183342,in vivo,extracellular,bulk,3-1
PB1,542,1856,39,SRR15183342,in vivo,extracellular,bulk,3-1
PB1,542,1863,1,SRR15183342,in vivo,extracellular,bulk,3-1
PB1,542,1917,7,SRR15183342,in vivo,extracellular,bulk,3-1
PB1,542,1943,6,SRR15183342,in vivo,extracellular,bulk,3-1
PB1,542,2004,2,SRR15183342,in vivo,extracellular,bulk,3-1
PB1,543,1852,4,SRR15183342,in vivo,extracellular,bulk,3-1
PB1,543,1935,1,SRR15183342,in vivo,extracellular,bulk,3-1
PB1,575,1827,1,SRR15183342,in vivo,extracellular,bulk,3-1
PB1,577,1745,570,SRR15183342,in vivo,extracellular,bulk,3-1
PB1,577,1756,1,SRR15183342,in vivo,extracellular,bulk,3-1
PB1,577,2016,2,SRR15183342,in vivo,extracellular,bulk,3-1
PB1,578,1626,1,SRR15183342,in vivo,extracellular,bulk,3-1
PB1,578,1746,1,SRR15183342,in vivo,extracellular,bulk,3-1
PB1,578,1770,3,SRR15183342,in vivo,extracellular,bulk,3-1
PB1,578,2048,1,SRR15183342,in vivo,extracellular,bulk,3-1
PB1,579,1757,2,SRR15183342,in vivo,extracellular,bulk,3-1
PB1,579,1771,1,SRR15183342,in vivo,extracellular,bulk,3-1
PB1,579,1772,4,SRR15183342,in vivo,extracellular,bulk,3-1
PB1,579,2002,2,SRR15183342,in vivo,extracellular,bulk,3-1
PB1,580,1769,13,SRR15183342,in vivo,extracellular,bulk,3-1
PB1,580,1944,2,SRR15183342,in vivo,extracellular,bulk,3-1
PB1,580,2044,10,SRR15183342,in vivo,extracellular,bulk,3-1
PB1,581,1516,2,SRR15183342,in vivo,extracellular,bulk,3-1
PB1,581,1757,54,SRR15183342,in vivo,extracellular,bulk,3-1
PB1,581,1759,2,SRR15183342,in vivo,extracellular,bulk,3-1
PB1,581,1780,1,SRR15183342,in vivo,extracellular,bulk,3-1
PB1,581,1821,2,SRR15183342,in vivo,extracellular,bulk,3-1
PB1,581,2191,1,SRR15183342,in vivo,extracellular,bulk,3-1
PB1,582,1745,4,SRR15183342,in vivo,extracellular,bulk,3-1
PB1,582,1756,2,SRR15183342,in vivo,extracellular,bulk,3-1
PB1,582,1764,1,SRR15183342,in vivo,extracellular,bulk,3-1
PB1,583,1809,2,SRR15183342,in vivo,extracellular,bulk,3-1
PB1,583,1942,2,SRR15183342,in vivo,extracellular,bulk,3-1
PB1,585,1577,2,SRR15183342,in vivo,extracellular,bulk,3-1
PB1,585,1750,7,SRR15183342,in vivo,extracellular,bulk,3-1
PB1,585,1757,4,SRR15183342,in vivo,extracellular,bulk,3-1
PB1,585,1772,11,SRR15183342,in vivo,extracellular,bulk,3-1
PB1,585,1946,5,SRR15183342,in vivo,extracellular,bulk,3-1
PB1,586,1598,3,SRR15183342,in vivo,extracellular,bulk,3-1
PB1,586,1756,4,SRR15183342,in vivo,extracellular,bulk,3-1
PB1,586,1766,2,SRR15183342,in vivo,extracellular,bulk,3-1
PB1,586,1798,1,SRR15183342,in vivo,extracellular,bulk,3-1
PB1,586,1999,2,SRR15183342,in vivo,extracellular,bulk,3-1
PB1,588,2118,1,SRR15183342,in vivo,extracellular,bulk,3-1
PB1,589,1586,1,SRR15183342,in vivo,extracellular,bulk,3-1
PB1,589,1757,2,SRR15183342,in vivo,extracellular,bulk,3-1
PB1,589,1764,3,SRR15183342,in vivo,extracellular,bulk,3-1
PB1,590,1515,87,SRR15183342,in vivo,extracellular,bulk,3-1
PB1,590,1594,2,SRR15183342,in vivo,extracellular,bulk,3-1
PB1,590,1795,2,SRR15183342,in vivo,extracellular,bulk,3-1
PB1,591,1516,1,SRR15183342,in vivo,extracellular,bulk,3-1
PB1,591,1854,149,SRR15183342,in vivo,extracellular,bulk,3-1
PB1,591,1941,1,SRR15183342,in vivo,extracellular,bulk,3-1
PB1,591,2012,1,SRR15183342,in vivo,extracellular,bulk,3-1
PB1,593,1746,6,SRR15183342,in vivo,extracellular,bulk,3-1
PB1,593,1751,5,SRR15183342,in vivo,extracellular,bulk,3-1
PB1,593,1755,6,SRR15183342,in vivo,extracellular,bulk,3-1
PB1,593,1822,2,SRR15183342,in vivo,extracellular,bulk,3-1
PB1,593,1856,1,SRR15183342,in vivo,extracellular,bulk,3-1
PB1,593,2192,2,SRR15183342,in vivo,extracellular,bulk,3-1
PB1,594,1799,1,SRR15183342,in vivo,extracellular,bulk,3-1
PB1,594,1999,2,SRR15183342,in vivo,extracellular,bulk,3-1
PB1,594,2003,2,SRR15183342,in vivo,extracellular,bulk,3-1
PB1,594,2199,1,SRR15183342,in vivo,extracellular,bulk,3-1
PB1,597,1744,4,SRR15183342,in vivo,extracellular,bulk,3-1
PB1,597,1746,7,SRR15183342,in vivo,extracellular,bulk,3-1
PB1,597,1755,2,SRR15183342,in vivo,extracellular,bulk,3-1
PB1,597,1768,1,SRR15183342,in vivo,extracellular,bulk,3-1
PB1,597,2259,2,SRR15183342,in vivo,extracellular,bulk,3-1
PB1,598,1760,48,SRR15183342,in vivo,extracellular,bulk,3-1
PB1,598,2029,1,SRR15183342,in vivo,extracellular,bulk,3-1
PB1,599,1798,1,SRR15183342,in vivo,extracellular,bulk,3-1
PB1,59,1568,5,SRR15183342,in vivo,extracellular,bulk,3-1
PB1,608,1519,1,SRR15183342,in vivo,extracellular,bulk,3-1
PB1,608,1737,3,SRR15183342,in vivo,extracellular,bulk,3-1
PB1,608,2015,1,SRR15183342,in vivo,extracellular,bulk,3-1
PB1,609,1846,1,SRR15183342,in vivo,extracellular,bulk,3-1
PB1,609,1849,1,SRR15183342,in vivo,extracellular,bulk,3-1
PB1,610,1544,1,SRR15183342,in vivo,extracellular,bulk,3-1
PB1,610,1736,2,SRR15183342,in vivo,extracellular,bulk,3-1
PB1,611,1732,7,SRR15183342,in vivo,extracellular,bulk,3-1
PB1,611,1755,2,SRR15183342,in vivo,extracellular,bulk,3-1
PB1,612,1734,4,SRR15183342,in vivo,extracellular,bulk,3-1
PB1,612,1981,3,SRR15183342,in vivo,extracellular,bulk,3-1
PB1,613,1738,5,SRR15183342,in vivo,extracellular,bulk,3-1
PB1,613,1994,2,SRR15183342,in vivo,extracellular,bulk,3-1
PB1,613,2029,2,SRR15183342,in vivo,extracellular,bulk,3-1
PB1,615,1783,1,SRR15183342,in vivo,extracellular,bulk,3-1
PB1,619,1759,3,SRR15183342,in vivo,extracellular,bulk,3-1
PB1,620,1760,392,SRR15183342,in vivo,extracellular,bulk,3-1
PB1,621,1998,6,SRR15183342,in vivo,extracellular,bulk,3-1
PB1,622,1735,3,SRR15183342,in vivo,extracellular,bulk,3-1
PB1,622,1769,2,SRR15183342,in vivo,extracellular,bulk,3-1
PB1,622,2018,1,SRR15183342,in vivo,extracellular,bulk,3-1
PB1,622,2202,3,SRR15183342,in vivo,extracellular,bulk,3-1
PB1,623,1793,1,SRR15183342,in vivo,extracellular,bulk,3-1
PB1,623,1836,1,SRR15183342,in vivo,extracellular,bulk,3-1
PB1,631,1626,1,SRR15183342,in vivo,extracellular,bulk,3-1
PB1,632,1750,2,SRR15183342,in vivo,extracellular,bulk,3-1
PB1,633,1613,1,SRR15183342,in vivo,extracellular,bulk,3-1
PB1,633,1735,4,SRR15183342,in vivo,extracellular,bulk,3-1
PB1,633,1756,1,SRR15183342,in vivo,extracellular,bulk,3-1
PB1,633,1902,2,SRR15183342,in vivo,extracellular,bulk,3-1
PB1,633,1903,1,SRR15183342,in vivo,extracellular,bulk,3-1
PB1,636,1594,1,SRR15183342,in vivo,extracellular,bulk,3-1
PB1,636,1657,1,SRR15183342,in vivo,extracellular,bulk,3-1
PB1,637,1575,1,SRR15183342,in vivo,extracellular,bulk,3-1
PB1,638,1730,2,SRR15183342,in vivo,extracellular,bulk,3-1
PB1,638,1734,1,SRR15183342,in vivo,extracellular,bulk,3-1
PB1,638,1738,1,SRR15183342,in vivo,extracellular,bulk,3-1
PB1,638,1740,4,SRR15183342,in vivo,extracellular,bulk,3-1
PB1,638,1741,53,SRR15183342,in vivo,extracellular,bulk,3-1
PB1,638,1743,1,SRR15183342,in vivo,extracellular,bulk,3-1
PB1,638,1744,1,SRR15183342,in vivo,extracellular,bulk,3-1
PB1,638,1746,6,SRR15183342,in vivo,extracellular,bulk,3-1
PB1,638,1755,7,SRR15183342,in vivo,extracellular,bulk,3-1
PB1,639,1737,4,SRR15183342,in vivo,extracellular,bulk,3-1
PB1,639,1781,4,SRR15183342,in vivo,extracellular,bulk,3-1
PB1,640,1745,2,SRR15183342,in vivo,extracellular,bulk,3-1
PB1,640,1752,1,SRR15183342,in vivo,extracellular,bulk,3-1
PB1,640,2066,1,SRR15183342,in vivo,extracellular,bulk,3-1
PB1,641,1933,1,SRR15183342,in vivo,extracellular,bulk,3-1
PB1,642,1741,196,SRR15183342,in vivo,extracellular,bulk,3-1
PB1,642,1747,1,SRR15183342,in vivo,extracellular,bulk,3-1
PB1,642,1763,1,SRR15183342,in vivo,extracellular,bulk,3-1
PB1,643,1750,1,SRR15183342,in vivo,extracellular,bulk,3-1
PB1,643,2217,2,SRR15183342,in vivo,extracellular,bulk,3-1
PB1,644,1573,1,SRR15183342,in vivo,extracellular,bulk,3-1
PB1,644,1715,1,SRR15183342,in vivo,extracellular,bulk,3-1
PB1,644,1737,6,SRR15183342,in vivo,extracellular,bulk,3-1
PB1,644,1743,2,SRR15183342,in vivo,extracellular,bulk,3-1
PB1,644,1753,3,SRR15183342,in vivo,extracellular,bulk,3-1
PB1,645,1745,6,SRR15183342,in vivo,extracellular,bulk,3-1
PB1,645,1752,2,SRR15183342,in vivo,extracellular,bulk,3-1
PB1,646,1933,3,SRR15183342,in vivo,extracellular,bulk,3-1
PB1,646,1945,1,SRR15183342,in vivo,extracellular,bulk,3-1
PB1,646,2021,1,SRR15183342,in vivo,extracellular,bulk,3-1
PB1,647,1742,1,SRR15183342,in vivo,extracellular,bulk,3-1
PB1,649,1720,3,SRR15183342,in vivo,extracellular,bulk,3-1
PB1,649,1737,2,SRR15183342,in vivo,extracellular,bulk,3-1
PB1,650,1730,3,SRR15183342,in vivo,extracellular,bulk,3-1
PB1,650,1739,1,SRR15183342,in vivo,extracellular,bulk,3-1
PB1,650,1745,4,SRR15183342,in vivo,extracellular,bulk,3-1
PB1,650,1944,3,SRR15183342,in vivo,extracellular,bulk,3-1
PB1,652,1779,3,SRR15183342,in vivo,extracellular,bulk,3-1
PB1,654,1777,1,SRR15183342,in vivo,extracellular,bulk,3-1
PB1,686,1243,2,SRR15183342,in vivo,extracellular,bulk,3-1
PB1,686,1694,1,SRR15183342,in vivo,extracellular,bulk,3-1
PB1,686,1744,1,SRR15183342,in vivo,extracellular,bulk,3-1
PB1,687,1758,5,SRR15183342,in vivo,extracellular,bulk,3-1
PB1,688,1729,1,SRR15183342,in vivo,extracellular,bulk,3-1
PB1,692,1573,1,SRR15183342,in vivo,extracellular,bulk,3-1
PB1,692,1595,3,SRR15183342,in vivo,extracellular,bulk,3-1
PB1,692,1737,39,SRR15183342,in vivo,extracellular,bulk,3-1
PB1,692,1923,4,SRR15183342,in vivo,extracellular,bulk,3-1
PB1,692,1934,1,SRR15183342,in vivo,extracellular,bulk,3-1
PB1,692,1977,2,SRR15183342,in vivo,extracellular,bulk,3-1
PB1,693,1594,1,SRR15183342,in vivo,extracellular,bulk,3-1
PB1,693,1695,2,SRR15183342,in vivo,extracellular,bulk,3-1
PB1,693,1733,2,SRR15183342,in vivo,extracellular,bulk,3-1
PB1,693,1831,10,SRR15183342,in vivo,extracellular,bulk,3-1
PB1,693,1846,2,SRR15183342,in vivo,extracellular,bulk,3-1
PB1,693,1857,4,SRR15183342,in vivo,extracellular,bulk,3-1
PB1,693,1918,5,SRR15183342,in vivo,extracellular,bulk,3-1
PB1,694,1595,1,SRR15183342,in vivo,extracellular,bulk,3-1
PB1,695,1572,2,SRR15183342,in vivo,extracellular,bulk,3-1
PB1,695,1594,2,SRR15183342,in vivo,extracellular,bulk,3-1
PB1,695,1749,1,SRR15183342,in vivo,extracellular,bulk,3-1
PB1,695,1981,2,SRR15183342,in vivo,extracellular,bulk,3-1
PB1,697,1543,2,SRR15183342,in vivo,extracellular,bulk,3-1
PB1,697,1733,2,SRR15183342,in vivo,extracellular,bulk,3-1
PB1,698,1990,1,SRR15183342,in vivo,extracellular,bulk,3-1
PB1,698,2197,1,SRR15183342,in vivo,extracellular,bulk,3-1
PB1,699,1675,1,SRR15183342,in vivo,extracellular,bulk,3-1
PB1,699,1833,2,SRR15183342,in vivo,extracellular,bulk,3-1
PB1,700,1698,1,SRR15183342,in vivo,extracellular,bulk,3-1
PB1,703,1582,2,SRR15183342,in vivo,extracellular,bulk,3-1
PB1,703,1594,1,SRR15183342,in vivo,extracellular,bulk,3-1
PB1,703,1853,2,SRR15183342,in vivo,extracellular,bulk,3-1
PB1,707,1572,2,SRR15183342,in vivo,extracellular,bulk,3-1
PB1,709,1573,4,SRR15183342,in vivo,extracellular,bulk,3-1
PB1,710,1570,1,SRR15183342,in vivo,extracellular,bulk,3-1
PB1,710,1582,2,SRR15183342,in vivo,extracellular,bulk,3-1
PB1,710,1606,17,SRR15183342,in vivo,extracellular,bulk,3-1
PB1,710,1749,2,SRR15183342,in vivo,extracellular,bulk,3-1
PB1,710,1827,2,SRR15183342,in vivo,extracellular,bulk,3-1
PB1,711,1574,8,SRR15183342,in vivo,extracellular,bulk,3-1
PB1,711,1575,2,SRR15183342,in vivo,extracellular,bulk,3-1
PB1,711,1581,1,SRR15183342,in vivo,extracellular,bulk,3-1
PB1,711,1585,1,SRR15183342,in vivo,extracellular,bulk,3-1
PB1,711,1662,1,SRR15183342,in vivo,extracellular,bulk,3-1
PB1,711,1746,1,SRR15183342,in vivo,extracellular,bulk,3-1
PB1,712,1574,3,SRR15183342,in vivo,extracellular,bulk,3-1
PB1,712,1636,1,SRR15183342,in vivo,extracellular,bulk,3-1
PB1,712,1729,2,SRR15183342,in vivo,extracellular,bulk,3-1
PB1,712,1915,2,SRR15183342,in vivo,extracellular,bulk,3-1
PB1,712,1917,2,SRR15183342,in vivo,extracellular,bulk,3-1
PB1,715,1540,2,SRR15183342,in vivo,extracellular,bulk,3-1
PB1,715,1916,2,SRR15183342,in vivo,extracellular,bulk,3-1
PB1,715,2124,1,SRR15183342,in vivo,extracellular,bulk,3-1
PB1,716,1567,1,SRR15183342,in vivo,extracellular,bulk,3-1
PB1,716,1708,1,SRR15183342,in vivo,extracellular,bulk,3-1
PB1,717,1699,1,SRR15183342,in vivo,extracellular,bulk,3-1
PB1,718,1569,10,SRR15183342,in vivo,extracellular,bulk,3-1
PB1,718,1575,1,SRR15183342,in vivo,extracellular,bulk,3-1
PB1,719,1574,2,SRR15183342,in vivo,extracellular,bulk,3-1
PB1,719,1575,2,SRR15183342,in vivo,extracellular,bulk,3-1
PB1,719,1643,4,SRR15183342,in vivo,extracellular,bulk,3-1
PB1,720,1574,2,SRR15183342,in vivo,extracellular,bulk,3-1
PB1,720,1583,2,SRR15183342,in vivo,extracellular,bulk,3-1
PB1,721,1569,1,SRR15183342,in vivo,extracellular,bulk,3-1
PB1,721,1917,2,SRR15183342,in vivo,extracellular,bulk,3-1
PB1,722,1588,3,SRR15183342,in vivo,extracellular,bulk,3-1
PB1,725,1556,1,SRR15183342,in vivo,extracellular,bulk,3-1
PB1,725,1614,1,SRR15183342,in vivo,extracellular,bulk,3-1
PB1,726,1572,2,SRR15183342,in vivo,extracellular,bulk,3-1
PB1,726,1586,104,SRR15183342,in vivo,extracellular,bulk,3-1
PB1,728,1555,11,SRR15183342,in vivo,extracellular,bulk,3-1
PB1,728,1556,4,SRR15183342,in vivo,extracellular,bulk,3-1
PB1,728,1558,3,SRR15183342,in vivo,extracellular,bulk,3-1
PB1,728,1642,4,SRR15183342,in vivo,extracellular,bulk,3-1
PB1,728,1709,1,SRR15183342,in vivo,extracellular,bulk,3-1
PB1,728,1934,1,SRR15183342,in vivo,extracellular,bulk,3-1
PB1,729,1496,2,SRR15183342,in vivo,extracellular,bulk,3-1
PB1,729,1555,6,SRR15183342,in vivo,extracellular,bulk,3-1
PB1,729,1558,4,SRR15183342,in vivo,extracellular,bulk,3-1
PB1,729,1561,1,SRR15183342,in vivo,extracellular,bulk,3-1
PB1,729,1594,2,SRR15183342,in vivo,extracellular,bulk,3-1
PB1,729,1742,1,SRR15183342,in vivo,extracellular,bulk,3-1
PB1,729,1809,2,SRR15183342,in vivo,extracellular,bulk,3-1
PB1,72,2003,1,SRR15183342,in vivo,extracellular,bulk,3-1
PB1,72,715,1,SRR15183342,in vivo,extracellular,bulk,3-1
PB1,731,1572,3,SRR15183342,in vivo,extracellular,bulk,3-1
PB1,731,1905,1,SRR15183342,in vivo,extracellular,bulk,3-1
PB1,732,1572,1,SRR15183342,in vivo,extracellular,bulk,3-1
PB1,736,1562,2,SRR15183342,in vivo,extracellular,bulk,3-1
PB1,736,1614,1,SRR15183342,in vivo,extracellular,bulk,3-1
PB1,737,1539,2,SRR15183342,in vivo,extracellular,bulk,3-1
PB1,737,1932,1,SRR15183342,in vivo,extracellular,bulk,3-1
PB1,737,1933,2,SRR15183342,in vivo,extracellular,bulk,3-1
PB1,737,2105,2,SRR15183342,in vivo,extracellular,bulk,3-1
PB1,738,1544,2,SRR15183342,in vivo,extracellular,bulk,3-1
PB1,741,1539,1,SRR15183342,in vivo,extracellular,bulk,3-1
PB1,742,1730,1,SRR15183342,in vivo,extracellular,bulk,3-1
PB1,74,1755,2,SRR15183342,in vivo,extracellular,bulk,3-1
PB1,751,1593,2,SRR15183342,in vivo,extracellular,bulk,3-1
PB1,753,1778,1,SRR15183342,in vivo,extracellular,bulk,3-1
PB1,754,1495,2,SRR15183342,in vivo,extracellular,bulk,3-1
PB1,754,1562,1,SRR15183342,in vivo,extracellular,bulk,3-1
PB1,754,1574,6,SRR15183342,in vivo,extracellular,bulk,3-1
PB1,754,1575,1,SRR15183342,in vivo,extracellular,bulk,3-1
PB1,756,1567,1,SRR15183342,in vivo,extracellular,bulk,3-1
PB1,756,1576,1,SRR15183342,in vivo,extracellular,bulk,3-1
PB1,757,1731,1,SRR15183342,in vivo,extracellular,bulk,3-1
PB1,757,1762,2,SRR15183342,in vivo,extracellular,bulk,3-1
PB1,758,1539,1,SRR15183342,in vivo,extracellular,bulk,3-1
PB1,758,1555,7,SRR15183342,in vivo,extracellular,bulk,3-1
PB1,758,1573,5,SRR15183342,in vivo,extracellular,bulk,3-1
PB1,758,1711,2,SRR15183342,in vivo,extracellular,bulk,3-1
PB1,759,1575,2,SRR15183342,in vivo,extracellular,bulk,3-1
PB1,759,1586,2,SRR15183342,in vivo,extracellular,bulk,3-1
PB1,759,1594,3,SRR15183342,in vivo,extracellular,bulk,3-1
PB1,759,1713,2,SRR15183342,in vivo,extracellular,bulk,3-1
PB1,763,2177,2,SRR15183342,in vivo,extracellular,bulk,3-1
PB1,764,1493,1,SRR15183342,in vivo,extracellular,bulk,3-1
PB1,764,1862,2,SRR15183342,in vivo,extracellular,bulk,3-1
PB1,765,1534,4,SRR15183342,in vivo,extracellular,bulk,3-1
PB1,767,1516,13,SRR15183342,in vivo,extracellular,bulk,3-1
PB1,767,1517,15,SRR15183342,in vivo,extracellular,bulk,3-1
PB1,767,1780,1,SRR15183342,in vivo,extracellular,bulk,3-1
PB1,768,2182,884,SRR15183342,in vivo,extracellular,bulk,3-1
PB1,769,1510,1,SRR15183342,in vivo,extracellular,bulk,3-1
PB1,769,1712,2,SRR15183342,in vivo,extracellular,bulk,3-1
PB1,769,2183,1,SRR15183342,in vivo,extracellular,bulk,3-1
PB1,770,1868,523,SRR15183342,in vivo,extracellular,bulk,3-1
PB1,770,2065,2,SRR15183342,in vivo,extracellular,bulk,3-1
PB1,770,2184,1,SRR15183342,in vivo,extracellular,bulk,3-1
PB1,771,1518,4,SRR15183342,in vivo,extracellular,bulk,3-1
PB1,771,1541,1,SRR15183342,in vivo,extracellular,bulk,3-1
PB1,771,1760,1,SRR15183342,in vivo,extracellular,bulk,3-1
PB1,771,2059,2,SRR15183342,in vivo,extracellular,bulk,3-1
PB1,774,1497,1,SRR15183342,in vivo,extracellular,bulk,3-1
PB1,774,1510,1,SRR15183342,in vivo,extracellular,bulk,3-1
PB1,774,1543,1,SRR15183342,in vivo,extracellular,bulk,3-1
PB1,775,1535,5,SRR15183342,in vivo,extracellular,bulk,3-1
PB1,775,1701,4,SRR15183342,in vivo,extracellular,bulk,3-1
PB1,775,1781,1,SRR15183342,in vivo,extracellular,bulk,3-1
PB1,775,1867,1,SRR15183342,in vivo,extracellular,bulk,3-1
PB1,776,1503,2,SRR15183342,in vivo,extracellular,bulk,3-1
PB1,776,1534,3,SRR15183342,in vivo,extracellular,bulk,3-1
PB1,776,1866,1,SRR15183342,in vivo,extracellular,bulk,3-1
PB1,777,1520,3,SRR15183342,in vivo,extracellular,bulk,3-1
PB1,777,1525,1,SRR15183342,in vivo,extracellular,bulk,3-1
PB1,777,1559,2,SRR15183342,in vivo,extracellular,bulk,3-1
PB1,777,1576,2,SRR15183342,in vivo,extracellular,bulk,3-1
PB1,777,986,2,SRR15183342,in vivo,extracellular,bulk,3-1
PB1,778,1543,3,SRR15183342,in vivo,extracellular,bulk,3-1
PB1,778,1610,2,SRR15183342,in vivo,extracellular,bulk,3-1
PB1,779,1577,1,SRR15183342,in vivo,extracellular,bulk,3-1
PB1,786,1566,1,SRR15183342,in vivo,extracellular,bulk,3-1
PB1,786,1569,1,SRR15183342,in vivo,extracellular,bulk,3-1
PB1,787,1489,1,SRR15183342,in vivo,extracellular,bulk,3-1
PB1,787,1539,1,SRR15183342,in vivo,extracellular,bulk,3-1
PB1,787,1567,1,SRR15183342,in vivo,extracellular,bulk,3-1
PB1,787,1573,2,SRR15183342,in vivo,extracellular,bulk,3-1
PB1,787,1599,1,SRR15183342,in vivo,extracellular,bulk,3-1
PB1,788,1513,1,SRR15183342,in vivo,extracellular,bulk,3-1
PB1,790,1538,2,SRR15183342,in vivo,extracellular,bulk,3-1
PB1,790,1564,1,SRR15183342,in vivo,extracellular,bulk,3-1
PB1,791,1509,1,SRR15183342,in vivo,extracellular,bulk,3-1
PB1,791,1543,1,SRR15183342,in vivo,extracellular,bulk,3-1
PB1,791,1570,2,SRR15183342,in vivo,extracellular,bulk,3-1
PB1,791,1575,1,SRR15183342,in vivo,extracellular,bulk,3-1
PB1,791,1586,1,SRR15183342,in vivo,extracellular,bulk,3-1
PB1,794,1490,1,SRR15183342,in vivo,extracellular,bulk,3-1
PB1,794,1495,10,SRR15183342,in vivo,extracellular,bulk,3-1
PB1,794,1557,1,SRR15183342,in vivo,extracellular,bulk,3-1
PB1,794,1566,1,SRR15183342,in vivo,extracellular,bulk,3-1
PB1,794,1569,2,SRR15183342,in vivo,extracellular,bulk,3-1
PB1,794,1624,1,SRR15183342,in vivo,extracellular,bulk,3-1
PB1,794,1919,6,SRR15183342,in vivo,extracellular,bulk,3-1
PB1,795,1490,12,SRR15183342,in vivo,extracellular,bulk,3-1
PB1,795,1495,2,SRR15183342,in vivo,extracellular,bulk,3-1
PB1,795,1535,1,SRR15183342,in vivo,extracellular,bulk,3-1
PB1,795,1541,2,SRR15183342,in vivo,extracellular,bulk,3-1
PB1,795,1562,1,SRR15183342,in vivo,extracellular,bulk,3-1
PB1,795,1574,1,SRR15183342,in vivo,extracellular,bulk,3-1
PB1,796,1518,1,SRR15183342,in vivo,extracellular,bulk,3-1
PB1,796,1566,29,SRR15183342,in vivo,extracellular,bulk,3-1
PB1,796,1574,3,SRR15183342,in vivo,extracellular,bulk,3-1
PB1,796,1729,2,SRR15183342,in vivo,extracellular,bulk,3-1
PB1,798,1489,6,SRR15183342,in vivo,extracellular,bulk,3-1
PB1,798,1522,1,SRR15183342,in vivo,extracellular,bulk,3-1
PB1,798,1555,1,SRR15183342,in vivo,extracellular,bulk,3-1
PB1,798,1564,33,SRR15183342,in vivo,extracellular,bulk,3-1
PB1,798,1565,2,SRR15183342,in vivo,extracellular,bulk,3-1
PB1,798,1567,2,SRR15183342,in vivo,extracellular,bulk,3-1
PB1,798,1599,1,SRR15183342,in vivo,extracellular,bulk,3-1
PB1,799,1435,1,SRR15183342,in vivo,extracellular,bulk,3-1
PB1,799,1496,12,SRR15183342,in vivo,extracellular,bulk,3-1
PB1,799,1511,5,SRR15183342,in vivo,extracellular,bulk,3-1
PB1,799,1513,3,SRR15183342,in vivo,extracellular,bulk,3-1
PB1,799,1558,1,SRR15183342,in vivo,extracellular,bulk,3-1
PB1,799,1594,1,SRR15183342,in vivo,extracellular,bulk,3-1
PB1,799,1601,1,SRR15183342,in vivo,extracellular,bulk,3-1
PB1,800,1492,6,SRR15183342,in vivo,extracellular,bulk,3-1
PB1,800,1533,1,SRR15183342,in vivo,extracellular,bulk,3-1
PB1,800,1539,2,SRR15183342,in vivo,extracellular,bulk,3-1
PB1,800,1587,2,SRR15183342,in vivo,extracellular,bulk,3-1
PB1,800,1595,1,SRR15183342,in vivo,extracellular,bulk,3-1
PB1,800,1611,2,SRR15183342,in vivo,extracellular,bulk,3-1
PB1,801,1572,1,SRR15183342,in vivo,extracellular,bulk,3-1
PB1,801,1611,1,SRR15183342,in vivo,extracellular,bulk,3-1
PB1,801,1626,1,SRR15183342,in vivo,extracellular,bulk,3-1
PB1,801,2046,5,SRR15183342,in vivo,extracellular,bulk,3-1
PB1,802,1629,1,SRR15183342,in vivo,extracellular,bulk,3-1
PB1,830,1483,1,SRR15183342,in vivo,extracellular,bulk,3-1
PB1,830,1541,1,SRR15183342,in vivo,extracellular,bulk,3-1
PB1,830,1556,1,SRR15183342,in vivo,extracellular,bulk,3-1
PB1,830,1557,1,SRR15183342,in vivo,extracellular,bulk,3-1
PB1,833,1543,4,SRR15183342,in vivo,extracellular,bulk,3-1
PB1,833,1585,3,SRR15183342,in vivo,extracellular,bulk,3-1
PB1,833,1644,1,SRR15183342,in vivo,extracellular,bulk,3-1
PB1,833,1735,1,SRR15183342,in vivo,extracellular,bulk,3-1
PB1,837,1836,2,SRR15183342,in vivo,extracellular,bulk,3-1
PB1,839,1449,3,SRR15183342,in vivo,extracellular,bulk,3-1
PB1,839,1555,1,SRR15183342,in vivo,extracellular,bulk,3-1
PB1,839,1561,3,SRR15183342,in vivo,extracellular,bulk,3-1
PB1,840,1435,1,SRR15183342,in vivo,extracellular,bulk,3-1
PB1,840,1444,4,SRR15183342,in vivo,extracellular,bulk,3-1
PB1,840,1448,1,SRR15183342,in vivo,extracellular,bulk,3-1
PB1,840,1552,10,SRR15183342,in vivo,extracellular,bulk,3-1
PB1,840,1575,65,SRR15183342,in vivo,extracellular,bulk,3-1
PB1,840,1584,4,SRR15183342,in vivo,extracellular,bulk,3-1
PB1,840,1609,1,SRR15183342,in vivo,extracellular,bulk,3-1
PB1,840,1625,2,SRR15183342,in vivo,extracellular,bulk,3-1
PB1,840,1634,1,SRR15183342,in vivo,extracellular,bulk,3-1
PB1,840,1645,29,SRR15183342,in vivo,extracellular,bulk,3-1
PB1,840,1756,1,SRR15183342,in vivo,extracellular,bulk,3-1
PB1,840,2232,2,SRR15183342,in vivo,extracellular,bulk,3-1
PB1,842,1596,1,SRR15183342,in vivo,extracellular,bulk,3-1
PB1,848,1428,1,SRR15183342,in vivo,extracellular,bulk,3-1
PB1,848,1572,1,SRR15183342,in vivo,extracellular,bulk,3-1
PB1,866,1583,1,SRR15183342,in vivo,extracellular,bulk,3-1
PB1,866,1585,2,SRR15183342,in vivo,extracellular,bulk,3-1
PB1,866,1596,1,SRR15183342,in vivo,extracellular,bulk,3-1
PB1,866,1597,2,SRR15183342,in vivo,extracellular,bulk,3-1
PB1,866,1605,1,SRR15183342,in vivo,extracellular,bulk,3-1
PB1,866,1608,3,SRR15183342,in vivo,extracellular,bulk,3-1
PB1,866,1625,4,SRR15183342,in vivo,extracellular,bulk,3-1
PB1,867,1483,1,SRR15183342,in vivo,extracellular,bulk,3-1
PB1,867,1517,1,SRR15183342,in vivo,extracellular,bulk,3-1
PB1,867,1562,2,SRR15183342,in vivo,extracellular,bulk,3-1
PB1,868,1524,1,SRR15183342,in vivo,extracellular,bulk,3-1
PB1,868,1569,1,SRR15183342,in vivo,extracellular,bulk,3-1
PB1,868,1600,1,SRR15183342,in vivo,extracellular,bulk,3-1
PB1,871,1595,1,SRR15183342,in vivo,extracellular,bulk,3-1
PB1,873,1612,1,SRR15183342,in vivo,extracellular,bulk,3-1
PB1,873,1710,1,SRR15183342,in vivo,extracellular,bulk,3-1
PB1,874,1486,2,SRR15183342,in vivo,extracellular,bulk,3-1
PB1,874,1574,2,SRR15183342,in vivo,extracellular,bulk,3-1
PB1,874,1588,5,SRR15183342,in vivo,extracellular,bulk,3-1
PB1,874,1596,3,SRR15183342,in vivo,extracellular,bulk,3-1
PB1,875,1433,6,SRR15183342,in vivo,extracellular,bulk,3-1
PB1,875,1442,2,SRR15183342,in vivo,extracellular,bulk,3-1
PB1,875,1494,4,SRR15183342,in vivo,extracellular,bulk,3-1
PB1,875,1572,2,SRR15183342,in vivo,extracellular,bulk,3-1
PB1,875,1592,6,SRR15183342,in vivo,extracellular,bulk,3-1
PB1,875,1607,1,SRR15183342,in vivo,extracellular,bulk,3-1
PB1,904,1497,1,SRR15183342,in vivo,extracellular,bulk,3-1
PB1,907,1434,2,SRR15183342,in vivo,extracellular,bulk,3-1
PB1,907,1625,4,SRR15183342,in vivo,extracellular,bulk,3-1
PB1,908,1486,2,SRR15183342,in vivo,extracellular,bulk,3-1
PB1,908,1559,1,SRR15183342,in vivo,extracellular,bulk,3-1
PB1,909,1430,4,SRR15183342,in vivo,extracellular,bulk,3-1
PB1,911,1504,3,SRR15183342,in vivo,extracellular,bulk,3-1
PB1,911,1537,2,SRR15183342,in vivo,extracellular,bulk,3-1
PB1,911,1562,7,SRR15183342,in vivo,extracellular,bulk,3-1
PB1,912,1376,2,SRR15183342,in vivo,extracellular,bulk,3-1
PB1,912,1539,2,SRR15183342,in vivo,extracellular,bulk,3-1
PB1,913,1380,1,SRR15183342,in vivo,extracellular,bulk,3-1
PB1,913,1430,2,SRR15183342,in vivo,extracellular,bulk,3-1
PB1,913,1567,2,SRR15183342,in vivo,extracellular,bulk,3-1
PB1,916,1510,2,SRR15183342,in vivo,extracellular,bulk,3-1
PB1,916,1557,2,SRR15183342,in vivo,extracellular,bulk,3-1
PB1,919,1537,3,SRR15183342,in vivo,extracellular,bulk,3-1
PB1,91,2002,1,SRR15183342,in vivo,extracellular,bulk,3-1
PB1,91,2050,1,SRR15183342,in vivo,extracellular,bulk,3-1
PB1,920,1429,2,SRR15183342,in vivo,extracellular,bulk,3-1
PB1,920,1436,1,SRR15183342,in vivo,extracellular,bulk,3-1
PB1,920,1541,2,SRR15183342,in vivo,extracellular,bulk,3-1
PB1,921,1535,1,SRR15183342,in vivo,extracellular,bulk,3-1
PB1,925,1644,1,SRR15183342,in vivo,extracellular,bulk,3-1
PB1,926,1534,2,SRR15183342,in vivo,extracellular,bulk,3-1
PB1,926,1540,2,SRR15183342,in vivo,extracellular,bulk,3-1
PB1,927,1419,2,SRR15183342,in vivo,extracellular,bulk,3-1
PB1,928,1531,1,SRR15183342,in vivo,extracellular,bulk,3-1
PB1,929,1531,4,SRR15183342,in vivo,extracellular,bulk,3-1
PB1,92,2156,4,SRR15183342,in vivo,extracellular,bulk,3-1
PB1,933,1496,2,SRR15183342,in vivo,extracellular,bulk,3-1
PB1,935,1435,2,SRR15183342,in vivo,extracellular,bulk,3-1
PB1,935,1849,7,SRR15183342,in vivo,extracellular,bulk,3-1
PB1,939,1449,1,SRR15183342,in vivo,extracellular,bulk,3-1
PB1,940,1542,4,SRR15183342,in vivo,extracellular,bulk,3-1
PB1,940,2215,1,SRR15183342,in vivo,extracellular,bulk,3-1
PB1,943,1749,2,SRR15183342,in vivo,extracellular,bulk,3-1
PB1,944,1449,1,SRR15183342,in vivo,extracellular,bulk,3-1
PB1,948,1851,1,SRR15183342,in vivo,extracellular,bulk,3-1
PB1,951,1443,3,SRR15183342,in vivo,extracellular,bulk,3-1
PB1,952,1636,1,SRR15183342,in vivo,extracellular,bulk,3-1
PB1,953,1438,2,SRR15183342,in vivo,extracellular,bulk,3-1
PB1,953,1683,1,SRR15183342,in vivo,extracellular,bulk,3-1
PB1,955,1443,1,SRR15183342,in vivo,extracellular,bulk,3-1
PB1,977,1512,1,SRR15183342,in vivo,extracellular,bulk,3-1
PB1,990,1867,1,SRR15183342,in vivo,extracellular,bulk,3-1
PB2,1000,1482,2,SRR15183342,in vivo,extracellular,bulk,3-1
PB2,1004,1507,2,SRR15183342,in vivo,extracellular,bulk,3-1
PB2,1004,1525,2,SRR15183342,in vivo,extracellular,bulk,3-1
PB2,1007,1729,1,SRR15183342,in vivo,extracellular,bulk,3-1
PB2,100,704,1,SRR15183342,in vivo,extracellular,bulk,3-1
PB2,1013,1444,2,SRR15183342,in vivo,extracellular,bulk,3-1
PB2,1032,1878,1,SRR15183342,in vivo,extracellular,bulk,3-1
PB2,1059,1546,1,SRR15183342,in vivo,extracellular,bulk,3-1
PB2,1094,1740,1,SRR15183342,in vivo,extracellular,bulk,3-1
PB2,1094,1830,1,SRR15183342,in vivo,extracellular,bulk,3-1
PB2,1098,1362,1,SRR15183342,in vivo,extracellular,bulk,3-1
PB2,1110,2024,1,SRR15183342,in vivo,extracellular,bulk,3-1
PB2,1111,1619,2,SRR15183342,in vivo,extracellular,bulk,3-1
PB2,1161,2228,2,SRR15183342,in vivo,extracellular,bulk,3-1
PB2,1172,1468,2,SRR15183342,in vivo,extracellular,bulk,3-1
PB2,1178,1669,1,SRR15183342,in vivo,extracellular,bulk,3-1
PB2,1202,1856,1,SRR15183342,in vivo,extracellular,bulk,3-1
PB2,1213,1299,2,SRR15183342,in vivo,extracellular,bulk,3-1
PB2,1225,1295,2,SRR15183342,in vivo,extracellular,bulk,3-1
PB2,1253,1739,1,SRR15183342,in vivo,extracellular,bulk,3-1
PB2,1257,1659,1,SRR15183342,in vivo,extracellular,bulk,3-1
PB2,1273,1870,2,SRR15183342,in vivo,extracellular,bulk,3-1
PB2,1314,1381,2,SRR15183342,in vivo,extracellular,bulk,3-1
PB2,1337,2011,2,SRR15183342,in vivo,extracellular,bulk,3-1
PB2,134,2073,3,SRR15183342,in vivo,extracellular,bulk,3-1
PB2,135,165,3,SRR15183342,in vivo,extracellular,bulk,3-1
PB2,135,172,11,SRR15183342,in vivo,extracellular,bulk,3-1
PB2,135,2144,14,SRR15183342,in vivo,extracellular,bulk,3-1
PB2,136,2265,1,SRR15183342,in vivo,extracellular,bulk,3-1
PB2,1385,1524,2,SRR15183342,in vivo,extracellular,bulk,3-1
PB2,138,2142,2,SRR15183342,in vivo,extracellular,bulk,3-1
PB2,1393,2146,1,SRR15183342,in vivo,extracellular,bulk,3-1
PB2,139,2140,32,SRR15183342,in vivo,extracellular,bulk,3-1
PB2,1406,1469,1,SRR15183342,in vivo,extracellular,bulk,3-1
PB2,140,2139,1,SRR15183342,in vivo,extracellular,bulk,3-1
PB2,140,2192,5,SRR15183342,in vivo,extracellular,bulk,3-1
PB2,141,2141,1,SRR15183342,in vivo,extracellular,bulk,3-1
PB2,141,2144,1,SRR15183342,in vivo,extracellular,bulk,3-1
PB2,1425,2139,1,SRR15183342,in vivo,extracellular,bulk,3-1
PB2,142,2148,4,SRR15183342,in vivo,extracellular,bulk,3-1
PB2,143,2144,11174,SRR15183342,in vivo,extracellular,bulk,3-1
PB2,143,2153,2,SRR15183342,in vivo,extracellular,bulk,3-1
PB2,144,2145,39,SRR15183342,in vivo,extracellular,bulk,3-1
PB2,144,2198,5,SRR15183342,in vivo,extracellular,bulk,3-1
PB2,1455,2234,1,SRR15183342,in vivo,extracellular,bulk,3-1
PB2,146,2196,11,SRR15183342,in vivo,extracellular,bulk,3-1
PB2,147,183,1,SRR15183342,in vivo,extracellular,bulk,3-1
PB2,147,2125,1,SRR15183342,in vivo,extracellular,bulk,3-1
PB2,147,2191,3,SRR15183342,in vivo,extracellular,bulk,3-1
PB2,1493,1877,2,SRR15183342,in vivo,extracellular,bulk,3-1
PB2,1500,1715,1,SRR15183342,in vivo,extracellular,bulk,3-1
PB2,1500,1780,1,SRR15183342,in vivo,extracellular,bulk,3-1
PB2,1512,2254,1,SRR15183342,in vivo,extracellular,bulk,3-1
PB2,151,2143,7,SRR15183342,in vivo,extracellular,bulk,3-1
PB2,151,244,3,SRR15183342,in vivo,extracellular,bulk,3-1
PB2,152,1052,1,SRR15183342,in vivo,extracellular,bulk,3-1
PB2,1530,1692,1,SRR15183342,in vivo,extracellular,bulk,3-1
PB2,153,2144,2,SRR15183342,in vivo,extracellular,bulk,3-1
PB2,153,2153,1,SRR15183342,in vivo,extracellular,bulk,3-1
PB2,155,2241,2,SRR15183342,in vivo,extracellular,bulk,3-1
PB2,156,2123,1,SRR15183342,in vivo,extracellular,bulk,3-1
PB2,156,2146,8,SRR15183342,in vivo,extracellular,bulk,3-1
PB2,157,2148,2,SRR15183342,in vivo,extracellular,bulk,3-1
PB2,158,2148,2,SRR15183342,in vivo,extracellular,bulk,3-1
PB2,159,2148,15,SRR15183342,in vivo,extracellular,bulk,3-1
PB2,161,2055,6,SRR15183342,in vivo,extracellular,bulk,3-1
PB2,161,2211,103,SRR15183342,in vivo,extracellular,bulk,3-1
PB2,162,2142,1,SRR15183342,in vivo,extracellular,bulk,3-1
PB2,162,2145,7,SRR15183342,in vivo,extracellular,bulk,3-1
PB2,163,1949,1,SRR15183342,in vivo,extracellular,bulk,3-1
PB2,163,2121,13,SRR15183342,in vivo,extracellular,bulk,3-1
PB2,163,2123,1,SRR15183342,in vivo,extracellular,bulk,3-1
PB2,163,2148,1,SRR15183342,in vivo,extracellular,bulk,3-1
PB2,163,2191,14,SRR15183342,in vivo,extracellular,bulk,3-1
PB2,164,2032,14,SRR15183342,in vivo,extracellular,bulk,3-1
PB2,164,2125,49,SRR15183342,in vivo,extracellular,bulk,3-1
PB2,164,2144,235,SRR15183342,in vivo,extracellular,bulk,3-1
PB2,164,2153,22,SRR15183342,in vivo,extracellular,bulk,3-1
PB2,164,2190,2,SRR15183342,in vivo,extracellular,bulk,3-1
PB2,164,2199,11,SRR15183342,in vivo,extracellular,bulk,3-1
PB2,164,2206,4,SRR15183342,in vivo,extracellular,bulk,3-1
PB2,164,2211,5,SRR15183342,in vivo,extracellular,bulk,3-1
PB2,164,245,1,SRR15183342,in vivo,extracellular,bulk,3-1
PB2,166,2054,5,SRR15183342,in vivo,extracellular,bulk,3-1
PB2,166,2085,1,SRR15183342,in vivo,extracellular,bulk,3-1
PB2,166,2210,2,SRR15183342,in vivo,extracellular,bulk,3-1
PB2,167,2050,4,SRR15183342,in vivo,extracellular,bulk,3-1
PB2,167,2126,1,SRR15183342,in vivo,extracellular,bulk,3-1
PB2,167,2128,3,SRR15183342,in vivo,extracellular,bulk,3-1
PB2,167,2149,2,SRR15183342,in vivo,extracellular,bulk,3-1
PB2,167,250,28,SRR15183342,in vivo,extracellular,bulk,3-1
PB2,168,1912,2,SRR15183342,in vivo,extracellular,bulk,3-1
PB2,168,252,1,SRR15183342,in vivo,extracellular,bulk,3-1
PB2,1696,1729,8,SRR15183342,in vivo,extracellular,bulk,3-1
PB2,1698,2320,2,SRR15183342,in vivo,extracellular,bulk,3-1
PB2,1699,2154,1,SRR15183342,in vivo,extracellular,bulk,3-1
PB2,170,2240,1,SRR15183342,in vivo,extracellular,bulk,3-1
PB2,1716,2241,1,SRR15183342,in vivo,extracellular,bulk,3-1
PB2,171,2120,1,SRR15183342,in vivo,extracellular,bulk,3-1
PB2,171,2195,7,SRR15183342,in vivo,extracellular,bulk,3-1
PB2,1726,1790,2,SRR15183342,in vivo,extracellular,bulk,3-1
PB2,172,2123,1,SRR15183342,in vivo,extracellular,bulk,3-1
PB2,172,2198,2,SRR15183342,in vivo,extracellular,bulk,3-1
PB2,172,245,1,SRR15183342,in vivo,extracellular,bulk,3-1
PB2,173,213,1,SRR15183342,in vivo,extracellular,bulk,3-1
PB2,174,2123,173,SRR15183342,in vivo,extracellular,bulk,3-1
PB2,174,244,4,SRR15183342,in vivo,extracellular,bulk,3-1
PB2,1751,2005,2,SRR15183342,in vivo,extracellular,bulk,3-1
PB2,175,2123,2,SRR15183342,in vivo,extracellular,bulk,3-1
PB2,175,2210,1,SRR15183342,in vivo,extracellular,bulk,3-1
PB2,176,2013,2,SRR15183342,in vivo,extracellular,bulk,3-1
PB2,177,2085,2,SRR15183342,in vivo,extracellular,bulk,3-1
PB2,188,1949,1,SRR15183342,in vivo,extracellular,bulk,3-1
PB2,188,2123,3,SRR15183342,in vivo,extracellular,bulk,3-1
PB2,188,2213,1,SRR15183342,in vivo,extracellular,bulk,3-1
PB2,189,2125,3,SRR15183342,in vivo,extracellular,bulk,3-1
PB2,189,2144,133,SRR15183342,in vivo,extracellular,bulk,3-1
PB2,189,2153,8,SRR15183342,in vivo,extracellular,bulk,3-1
PB2,189,2211,1,SRR15183342,in vivo,extracellular,bulk,3-1
PB2,189,2216,1,SRR15183342,in vivo,extracellular,bulk,3-1
PB2,189,245,176,SRR15183342,in vivo,extracellular,bulk,3-1
PB2,189,248,2,SRR15183342,in vivo,extracellular,bulk,3-1
PB2,1903,1939,1,SRR15183342,in vivo,extracellular,bulk,3-1
PB2,1904,2250,1,SRR15183342,in vivo,extracellular,bulk,3-1
PB2,190,246,2,SRR15183342,in vivo,extracellular,bulk,3-1
PB2,1939,2146,2,SRR15183342,in vivo,extracellular,bulk,3-1
PB2,194,1838,2,SRR15183342,in vivo,extracellular,bulk,3-1
PB2,194,2213,4,SRR15183342,in vivo,extracellular,bulk,3-1
PB2,194,2235,1,SRR15183342,in vivo,extracellular,bulk,3-1
PB2,197,1862,1,SRR15183342,in vivo,extracellular,bulk,3-1
PB2,197,2295,1,SRR15183342,in vivo,extracellular,bulk,3-1
PB2,1984,2084,1,SRR15183342,in vivo,extracellular,bulk,3-1
PB2,199,2055,1,SRR15183342,in vivo,extracellular,bulk,3-1
PB2,199,2123,3,SRR15183342,in vivo,extracellular,bulk,3-1
PB2,200,2055,2,SRR15183342,in vivo,extracellular,bulk,3-1
PB2,200,2152,2,SRR15183342,in vivo,extracellular,bulk,3-1
PB2,202,2145,2,SRR15183342,in vivo,extracellular,bulk,3-1
PB2,202,245,2,SRR15183342,in vivo,extracellular,bulk,3-1
PB2,2035,2127,1,SRR15183342,in vivo,extracellular,bulk,3-1
PB2,203,2052,338,SRR15183342,in vivo,extracellular,bulk,3-1
PB2,203,2146,887,SRR15183342,in vivo,extracellular,bulk,3-1
PB2,203,2208,2,SRR15183342,in vivo,extracellular,bulk,3-1
PB2,203,2213,2,SRR15183342,in vivo,extracellular,bulk,3-1
PB2,203,2230,2,SRR15183342,in vivo,extracellular,bulk,3-1
PB2,203,2262,3,SRR15183342,in vivo,extracellular,bulk,3-1
PB2,205,2054,1,SRR15183342,in vivo,extracellular,bulk,3-1
PB2,206,2149,2,SRR15183342,in vivo,extracellular,bulk,3-1
PB2,2085,2144,34,SRR15183342,in vivo,extracellular,bulk,3-1
PB2,2085,2281,1,SRR15183342,in vivo,extracellular,bulk,3-1
PB2,2149,2328,1,SRR15183342,in vivo,extracellular,bulk,3-1
PB2,214,241,1,SRR15183342,in vivo,extracellular,bulk,3-1
PB2,2171,2206,1,SRR15183342,in vivo,extracellular,bulk,3-1
PB2,2174,2210,2,SRR15183342,in vivo,extracellular,bulk,3-1
PB2,217,1952,2,SRR15183342,in vivo,extracellular,bulk,3-1
PB2,2180,2213,2,SRR15183342,in vivo,extracellular,bulk,3-1
PB2,2237,2265,12,SRR15183342,in vivo,extracellular,bulk,3-1
PB2,2245,2317,2,SRR15183342,in vivo,extracellular,bulk,3-1
PB2,2298,2336,1,SRR15183342,in vivo,extracellular,bulk,3-1
PB2,230,2032,5,SRR15183342,in vivo,extracellular,bulk,3-1
PB2,230,2144,153,SRR15183342,in vivo,extracellular,bulk,3-1
PB2,231,263,10,SRR15183342,in vivo,extracellular,bulk,3-1
PB2,238,2057,4,SRR15183342,in vivo,extracellular,bulk,3-1
PB2,238,2143,12,SRR15183342,in vivo,extracellular,bulk,3-1
PB2,238,2215,1,SRR15183342,in vivo,extracellular,bulk,3-1
PB2,238,277,3,SRR15183342,in vivo,extracellular,bulk,3-1
PB2,239,2143,2,SRR15183342,in vivo,extracellular,bulk,3-1
PB2,241,2144,8,SRR15183342,in vivo,extracellular,bulk,3-1
PB2,241,2151,2,SRR15183342,in vivo,extracellular,bulk,3-1
PB2,242,2151,2,SRR15183342,in vivo,extracellular,bulk,3-1
PB2,243,1739,1,SRR15183342,in vivo,extracellular,bulk,3-1
PB2,243,2035,2,SRR15183342,in vivo,extracellular,bulk,3-1
PB2,243,2059,9,SRR15183342,in vivo,extracellular,bulk,3-1
PB2,243,2067,2,SRR15183342,in vivo,extracellular,bulk,3-1
PB2,243,2081,6,SRR15183342,in vivo,extracellular,bulk,3-1
PB2,243,2123,2,SRR15183342,in vivo,extracellular,bulk,3-1
PB2,243,2127,15,SRR15183342,in vivo,extracellular,bulk,3-1
PB2,243,2148,29,SRR15183342,in vivo,extracellular,bulk,3-1
PB2,243,2149,6,SRR15183342,in vivo,extracellular,bulk,3-1
PB2,243,2191,2,SRR15183342,in vivo,extracellular,bulk,3-1
PB2,243,2371,1,SRR15183342,in vivo,extracellular,bulk,3-1
PB2,244,1656,3,SRR15183342,in vivo,extracellular,bulk,3-1
PB2,244,2028,12,SRR15183342,in vivo,extracellular,bulk,3-1
PB2,244,2032,23,SRR15183342,in vivo,extracellular,bulk,3-1
PB2,244,2034,177,SRR15183342,in vivo,extracellular,bulk,3-1
PB2,244,2055,624,SRR15183342,in vivo,extracellular,bulk,3-1
PB2,244,2056,5,SRR15183342,in vivo,extracellular,bulk,3-1
PB2,244,2083,3,SRR15183342,in vivo,extracellular,bulk,3-1
PB2,244,2086,43,SRR15183342,in vivo,extracellular,bulk,3-1
PB2,244,2125,92,SRR15183342,in vivo,extracellular,bulk,3-1
PB2,244,2142,24,SRR15183342,in vivo,extracellular,bulk,3-1
PB2,244,2144,575,SRR15183342,in vivo,extracellular,bulk,3-1
PB2,244,2151,59,SRR15183342,in vivo,extracellular,bulk,3-1
PB2,244,2153,2082,SRR15183342,in vivo,extracellular,bulk,3-1
PB2,244,2154,1,SRR15183342,in vivo,extracellular,bulk,3-1
PB2,244,2197,17,SRR15183342,in vivo,extracellular,bulk,3-1
PB2,244,2206,37,SRR15183342,in vivo,extracellular,bulk,3-1
PB2,244,2216,3,SRR15183342,in vivo,extracellular,bulk,3-1
PB2,244,2233,25,SRR15183342,in vivo,extracellular,bulk,3-1
PB2,244,2238,4,SRR15183342,in vivo,extracellular,bulk,3-1
PB2,244,2242,1,SRR15183342,in vivo,extracellular,bulk,3-1
PB2,244,2253,2,SRR15183342,in vivo,extracellular,bulk,3-1
PB2,244,2255,4,SRR15183342,in vivo,extracellular,bulk,3-1
PB2,244,2257,2,SRR15183342,in vivo,extracellular,bulk,3-1
PB2,244,2265,30,SRR15183342,in vivo,extracellular,bulk,3-1
PB2,244,2347,1,SRR15183342,in vivo,extracellular,bulk,3-1
PB2,244,446,2,SRR15183342,in vivo,extracellular,bulk,3-1
PB2,245,1948,7,SRR15183342,in vivo,extracellular,bulk,3-1
PB2,245,2139,11,SRR15183342,in vivo,extracellular,bulk,3-1
PB2,245,2145,2,SRR15183342,in vivo,extracellular,bulk,3-1
PB2,245,2212,66,SRR15183342,in vivo,extracellular,bulk,3-1
PB2,245,2227,17,SRR15183342,in vivo,extracellular,bulk,3-1
PB2,246,2235,1,SRR15183342,in vivo,extracellular,bulk,3-1
PB2,246,2257,1,SRR15183342,in vivo,extracellular,bulk,3-1
PB2,246,333,1,SRR15183342,in vivo,extracellular,bulk,3-1
PB2,247,2009,17,SRR15183342,in vivo,extracellular,bulk,3-1
PB2,250,2207,30,SRR15183342,in vivo,extracellular,bulk,3-1
PB2,252,2063,13,SRR15183342,in vivo,extracellular,bulk,3-1
PB2,253,1888,1,SRR15183342,in vivo,extracellular,bulk,3-1
PB2,254,2144,2,SRR15183342,in vivo,extracellular,bulk,3-1
PB2,255,1781,2,SRR15183342,in vivo,extracellular,bulk,3-1
PB2,256,2067,1,SRR15183342,in vivo,extracellular,bulk,3-1
PB2,259,1521,2,SRR15183342,in vivo,extracellular,bulk,3-1
PB2,260,2067,5,SRR15183342,in vivo,extracellular,bulk,3-1
PB2,260,2127,1,SRR15183342,in vivo,extracellular,bulk,3-1
PB2,261,2125,1,SRR15183342,in vivo,extracellular,bulk,3-1
PB2,262,1709,2,SRR15183342,in vivo,extracellular,bulk,3-1
PB2,262,1952,2,SRR15183342,in vivo,extracellular,bulk,3-1
PB2,262,2084,27,SRR15183342,in vivo,extracellular,bulk,3-1
PB2,264,2058,1,SRR15183342,in vivo,extracellular,bulk,3-1
PB2,265,818,2,SRR15183342,in vivo,extracellular,bulk,3-1
PB2,268,2016,1,SRR15183342,in vivo,extracellular,bulk,3-1
PB2,269,2054,2,SRR15183342,in vivo,extracellular,bulk,3-1
PB2,26,1949,2,SRR15183342,in vivo,extracellular,bulk,3-1
PB2,270,1836,3,SRR15183342,in vivo,extracellular,bulk,3-1
PB2,272,2143,6,SRR15183342,in vivo,extracellular,bulk,3-1
PB2,273,2050,30,SRR15183342,in vivo,extracellular,bulk,3-1
PB2,273,2149,4,SRR15183342,in vivo,extracellular,bulk,3-1
PB2,277,1928,2,SRR15183342,in vivo,extracellular,bulk,3-1
PB2,277,2072,36,SRR15183342,in vivo,extracellular,bulk,3-1
PB2,277,2144,5,SRR15183342,in vivo,extracellular,bulk,3-1
PB2,280,2271,1,SRR15183342,in vivo,extracellular,bulk,3-1
PB2,281,1619,1,SRR15183342,in vivo,extracellular,bulk,3-1
PB2,281,1928,5,SRR15183342,in vivo,extracellular,bulk,3-1
PB2,281,2216,2,SRR15183342,in vivo,extracellular,bulk,3-1
PB2,285,2084,1,SRR15183342,in vivo,extracellular,bulk,3-1
PB2,290,2034,3,SRR15183342,in vivo,extracellular,bulk,3-1
PB2,290,2239,1,SRR15183342,in vivo,extracellular,bulk,3-1
PB2,298,1951,2,SRR15183342,in vivo,extracellular,bulk,3-1
PB2,298,2143,5,SRR15183342,in vivo,extracellular,bulk,3-1
PB2,301,2049,2,SRR15183342,in vivo,extracellular,bulk,3-1
PB2,305,902,1,SRR15183342,in vivo,extracellular,bulk,3-1
PB2,307,2145,16,SRR15183342,in vivo,extracellular,bulk,3-1
PB2,308,1908,2,SRR15183342,in vivo,extracellular,bulk,3-1
PB2,311,2033,35,SRR15183342,in vivo,extracellular,bulk,3-1
PB2,314,992,1,SRR15183342,in vivo,extracellular,bulk,3-1
PB2,31,56,1,SRR15183342,in vivo,extracellular,bulk,3-1
PB2,31,62,9,SRR15183342,in vivo,extracellular,bulk,3-1
PB2,325,1938,1,SRR15183342,in vivo,extracellular,bulk,3-1
PB2,326,2050,7,SRR15183342,in vivo,extracellular,bulk,3-1
PB2,327,2339,1,SRR15183342,in vivo,extracellular,bulk,3-1
PB2,328,1542,1,SRR15183342,in vivo,extracellular,bulk,3-1
PB2,32,67,1,SRR15183342,in vivo,extracellular,bulk,3-1
PB2,330,1939,1,SRR15183342,in vivo,extracellular,bulk,3-1
PB2,330,2086,1,SRR15183342,in vivo,extracellular,bulk,3-1
PB2,330,2144,12,SRR15183342,in vivo,extracellular,bulk,3-1
PB2,332,2008,1,SRR15183342,in vivo,extracellular,bulk,3-1
PB2,333,1953,3,SRR15183342,in vivo,extracellular,bulk,3-1
PB2,333,2148,1,SRR15183342,in vivo,extracellular,bulk,3-1
PB2,334,2028,9,SRR15183342,in vivo,extracellular,bulk,3-1
PB2,335,2210,3,SRR15183342,in vivo,extracellular,bulk,3-1
PB2,336,2264,1,SRR15183342,in vivo,extracellular,bulk,3-1
PB2,337,2024,3,SRR15183342,in vivo,extracellular,bulk,3-1
PB2,338,1931,2,SRR15183342,in vivo,extracellular,bulk,3-1
PB2,338,743,1,SRR15183342,in vivo,extracellular,bulk,3-1
PB2,340,2035,9,SRR15183342,in vivo,extracellular,bulk,3-1
PB2,342,1733,1,SRR15183342,in vivo,extracellular,bulk,3-1
PB2,343,1877,1,SRR15183342,in vivo,extracellular,bulk,3-1
PB2,343,1917,27,SRR15183342,in vivo,extracellular,bulk,3-1
PB2,343,2067,2,SRR15183342,in vivo,extracellular,bulk,3-1
PB2,344,2055,8,SRR15183342,in vivo,extracellular,bulk,3-1
PB2,344,2241,4,SRR15183342,in vivo,extracellular,bulk,3-1
PB2,345,2126,1,SRR15183342,in vivo,extracellular,bulk,3-1
PB2,345,2247,1,SRR15183342,in vivo,extracellular,bulk,3-1
PB2,346,371,3,SRR15183342,in vivo,extracellular,bulk,3-1
PB2,349,1949,1,SRR15183342,in vivo,extracellular,bulk,3-1
PB2,349,1964,1,SRR15183342,in vivo,extracellular,bulk,3-1
PB2,350,1149,2,SRR15183342,in vivo,extracellular,bulk,3-1
PB2,351,1786,1,SRR15183342,in vivo,extracellular,bulk,3-1
PB2,351,1951,26,SRR15183342,in vivo,extracellular,bulk,3-1
PB2,351,1998,4,SRR15183342,in vivo,extracellular,bulk,3-1
PB2,351,2028,2,SRR15183342,in vivo,extracellular,bulk,3-1
PB2,351,2055,1,SRR15183342,in vivo,extracellular,bulk,3-1
PB2,351,2078,4,SRR15183342,in vivo,extracellular,bulk,3-1
PB2,353,1997,11,SRR15183342,in vivo,extracellular,bulk,3-1
PB2,353,2210,11,SRR15183342,in vivo,extracellular,bulk,3-1
PB2,356,1856,1,SRR15183342,in vivo,extracellular,bulk,3-1
PB2,356,2029,4,SRR15183342,in vivo,extracellular,bulk,3-1
PB2,357,1856,3,SRR15183342,in vivo,extracellular,bulk,3-1
PB2,357,1971,1,SRR15183342,in vivo,extracellular,bulk,3-1
PB2,357,2260,2,SRR15183342,in vivo,extracellular,bulk,3-1
PB2,358,1950,26,SRR15183342,in vivo,extracellular,bulk,3-1
PB2,358,1954,103,SRR15183342,in vivo,extracellular,bulk,3-1
PB2,35,129,1,SRR15183342,in vivo,extracellular,bulk,3-1
PB2,35,64,1,SRR15183342,in vivo,extracellular,bulk,3-1
PB2,363,2067,5,SRR15183342,in vivo,extracellular,bulk,3-1
PB2,364,2050,2,SRR15183342,in vivo,extracellular,bulk,3-1
PB2,364,829,2,SRR15183342,in vivo,extracellular,bulk,3-1
PB2,365,1981,22,SRR15183342,in vivo,extracellular,bulk,3-1
PB2,367,1979,10,SRR15183342,in vivo,extracellular,bulk,3-1
PB2,367,1980,17,SRR15183342,in vivo,extracellular,bulk,3-1
PB2,368,1950,5,SRR15183342,in vivo,extracellular,bulk,3-1
PB2,369,2060,63,SRR15183342,in vivo,extracellular,bulk,3-1
PB2,372,1957,1,SRR15183342,in vivo,extracellular,bulk,3-1
PB2,376,2123,2,SRR15183342,in vivo,extracellular,bulk,3-1
PB2,376,2153,1,SRR15183342,in vivo,extracellular,bulk,3-1
PB2,377,2084,17,SRR15183342,in vivo,extracellular,bulk,3-1
PB2,378,1965,3,SRR15183342,in vivo,extracellular,bulk,3-1
PB2,378,1997,6,SRR15183342,in vivo,extracellular,bulk,3-1
PB2,379,1751,1,SRR15183342,in vivo,extracellular,bulk,3-1
PB2,379,2068,1,SRR15183342,in vivo,extracellular,bulk,3-1
PB2,37,64,43,SRR15183342,in vivo,extracellular,bulk,3-1
PB2,381,1977,2,SRR15183342,in vivo,extracellular,bulk,3-1
PB2,386,1134,1,SRR15183342,in vivo,extracellular,bulk,3-1
PB2,388,611,1,SRR15183342,in vivo,extracellular,bulk,3-1
PB2,389,2019,10,SRR15183342,in vivo,extracellular,bulk,3-1
PB2,389,2073,4,SRR15183342,in vivo,extracellular,bulk,3-1
PB2,390,2123,3,SRR15183342,in vivo,extracellular,bulk,3-1
PB2,391,1681,1,SRR15183342,in vivo,extracellular,bulk,3-1
PB2,391,1940,1,SRR15183342,in vivo,extracellular,bulk,3-1
PB2,391,1954,3,SRR15183342,in vivo,extracellular,bulk,3-1
PB2,391,1973,3,SRR15183342,in vivo,extracellular,bulk,3-1
PB2,391,2259,3,SRR15183342,in vivo,extracellular,bulk,3-1
PB2,392,1959,10,SRR15183342,in vivo,extracellular,bulk,3-1
PB2,392,2070,1,SRR15183342,in vivo,extracellular,bulk,3-1
PB2,393,1977,2,SRR15183342,in vivo,extracellular,bulk,3-1
PB2,393,1981,4,SRR15183342,in vivo,extracellular,bulk,3-1
PB2,393,2044,1,SRR15183342,in vivo,extracellular,bulk,3-1
PB2,393,454,6,SRR15183342,in vivo,extracellular,bulk,3-1
PB2,394,2028,1284,SRR15183342,in vivo,extracellular,bulk,3-1
PB2,394,2029,1,SRR15183342,in vivo,extracellular,bulk,3-1
PB2,394,2057,4,SRR15183342,in vivo,extracellular,bulk,3-1
PB2,395,1960,1,SRR15183342,in vivo,extracellular,bulk,3-1
PB2,395,2029,6,SRR15183342,in vivo,extracellular,bulk,3-1
PB2,395,2059,2,SRR15183342,in vivo,extracellular,bulk,3-1
PB2,395,2067,5,SRR15183342,in vivo,extracellular,bulk,3-1
PB2,396,1908,1,SRR15183342,in vivo,extracellular,bulk,3-1
PB2,396,2055,452,SRR15183342,in vivo,extracellular,bulk,3-1
PB2,397,1927,1,SRR15183342,in vivo,extracellular,bulk,3-1
PB2,397,1929,2,SRR15183342,in vivo,extracellular,bulk,3-1
PB2,397,1968,8,SRR15183342,in vivo,extracellular,bulk,3-1
PB2,397,2145,1,SRR15183342,in vivo,extracellular,bulk,3-1
PB2,399,1776,2,SRR15183342,in vivo,extracellular,bulk,3-1
PB2,400,1960,2,SRR15183342,in vivo,extracellular,bulk,3-1
PB2,401,1951,2,SRR15183342,in vivo,extracellular,bulk,3-1
PB2,401,1964,2,SRR15183342,in vivo,extracellular,bulk,3-1
PB2,402,2069,2,SRR15183342,in vivo,extracellular,bulk,3-1
PB2,403,2031,3,SRR15183342,in vivo,extracellular,bulk,3-1
PB2,404,1927,2,SRR15183342,in vivo,extracellular,bulk,3-1
PB2,405,1889,1,SRR15183342,in vivo,extracellular,bulk,3-1
PB2,407,1948,2,SRR15183342,in vivo,extracellular,bulk,3-1
PB2,407,1982,2,SRR15183342,in vivo,extracellular,bulk,3-1
PB2,410,1907,1,SRR15183342,in vivo,extracellular,bulk,3-1
PB2,417,1927,3,SRR15183342,in vivo,extracellular,bulk,3-1
PB2,417,1963,5,SRR15183342,in vivo,extracellular,bulk,3-1
PB2,417,1997,2,SRR15183342,in vivo,extracellular,bulk,3-1
PB2,418,1689,1,SRR15183342,in vivo,extracellular,bulk,3-1
PB2,418,1938,10,SRR15183342,in vivo,extracellular,bulk,3-1
PB2,418,2036,2,SRR15183342,in vivo,extracellular,bulk,3-1
PB2,420,2005,1,SRR15183342,in vivo,extracellular,bulk,3-1
PB2,427,1880,5,SRR15183342,in vivo,extracellular,bulk,3-1
PB2,427,1888,3,SRR15183342,in vivo,extracellular,bulk,3-1
PB2,427,1917,29,SRR15183342,in vivo,extracellular,bulk,3-1
PB2,427,1949,5,SRR15183342,in vivo,extracellular,bulk,3-1
PB2,427,1952,1,SRR15183342,in vivo,extracellular,bulk,3-1
PB2,427,1953,2,SRR15183342,in vivo,extracellular,bulk,3-1
PB2,427,1960,3,SRR15183342,in vivo,extracellular,bulk,3-1
PB2,428,1789,3,SRR15183342,in vivo,extracellular,bulk,3-1
PB2,428,1889,1,SRR15183342,in vivo,extracellular,bulk,3-1
PB2,428,1959,23,SRR15183342,in vivo,extracellular,bulk,3-1
PB2,428,2125,1,SRR15183342,in vivo,extracellular,bulk,3-1
PB2,428,2211,1,SRR15183342,in vivo,extracellular,bulk,3-1
PB2,428,2265,2,SRR15183342,in vivo,extracellular,bulk,3-1
PB2,428,450,4,SRR15183342,in vivo,extracellular,bulk,3-1
PB2,429,1484,2,SRR15183342,in vivo,extracellular,bulk,3-1
PB2,429,1909,1,SRR15183342,in vivo,extracellular,bulk,3-1
PB2,429,1977,52,SRR15183342,in vivo,extracellular,bulk,3-1
PB2,429,1981,4,SRR15183342,in vivo,extracellular,bulk,3-1
PB2,429,2056,6,SRR15183342,in vivo,extracellular,bulk,3-1
PB2,42,66,4,SRR15183342,in vivo,extracellular,bulk,3-1
PB2,430,1763,2,SRR15183342,in vivo,extracellular,bulk,3-1
PB2,431,2031,7,SRR15183342,in vivo,extracellular,bulk,3-1
PB2,431,587,2,SRR15183342,in vivo,extracellular,bulk,3-1
PB2,433,2011,2,SRR15183342,in vivo,extracellular,bulk,3-1
PB2,43,68,1,SRR15183342,in vivo,extracellular,bulk,3-1
PB2,442,1949,1,SRR15183342,in vivo,extracellular,bulk,3-1
PB2,443,1855,1,SRR15183342,in vivo,extracellular,bulk,3-1
PB2,443,1907,10,SRR15183342,in vivo,extracellular,bulk,3-1
PB2,443,1930,19,SRR15183342,in vivo,extracellular,bulk,3-1
PB2,444,1917,5,SRR15183342,in vivo,extracellular,bulk,3-1
PB2,444,1949,2,SRR15183342,in vivo,extracellular,bulk,3-1
PB2,444,2024,122,SRR15183342,in vivo,extracellular,bulk,3-1
PB2,444,2123,1,SRR15183342,in vivo,extracellular,bulk,3-1
PB2,446,1952,1,SRR15183342,in vivo,extracellular,bulk,3-1
PB2,446,2029,2,SRR15183342,in vivo,extracellular,bulk,3-1
PB2,448,1753,40,SRR15183342,in vivo,extracellular,bulk,3-1
PB2,448,1772,1,SRR15183342,in vivo,extracellular,bulk,3-1
PB2,448,2081,2,SRR15183342,in vivo,extracellular,bulk,3-1
PB2,449,1736,1,SRR15183342,in vivo,extracellular,bulk,3-1
PB2,44,1151,1,SRR15183342,in vivo,extracellular,bulk,3-1
PB2,44,2070,1,SRR15183342,in vivo,extracellular,bulk,3-1
PB2,451,1880,1,SRR15183342,in vivo,extracellular,bulk,3-1
PB2,452,1738,1,SRR15183342,in vivo,extracellular,bulk,3-1
PB2,452,2006,5,SRR15183342,in vivo,extracellular,bulk,3-1
PB2,453,1916,1,SRR15183342,in vivo,extracellular,bulk,3-1
PB2,454,584,1,SRR15183342,in vivo,extracellular,bulk,3-1
PB2,457,1998,2,SRR15183342,in vivo,extracellular,bulk,3-1
PB2,457,2080,2,SRR15183342,in vivo,extracellular,bulk,3-1
PB2,461,1997,4,SRR15183342,in vivo,extracellular,bulk,3-1
PB2,462,2060,2,SRR15183342,in vivo,extracellular,bulk,3-1
PB2,462,2061,1,SRR15183342,in vivo,extracellular,bulk,3-1
PB2,463,1688,2,SRR15183342,in vivo,extracellular,bulk,3-1
PB2,463,1888,3,SRR15183342,in vivo,extracellular,bulk,3-1
PB2,463,1949,24,SRR15183342,in vivo,extracellular,bulk,3-1
PB2,464,1956,2,SRR15183342,in vivo,extracellular,bulk,3-1
PB2,464,1962,4,SRR15183342,in vivo,extracellular,bulk,3-1
PB2,465,1842,1,SRR15183342,in vivo,extracellular,bulk,3-1
PB2,466,1979,42,SRR15183342,in vivo,extracellular,bulk,3-1
PB2,466,1983,1,SRR15183342,in vivo,extracellular,bulk,3-1
PB2,467,1759,4,SRR15183342,in vivo,extracellular,bulk,3-1
PB2,467,1950,2,SRR15183342,in vivo,extracellular,bulk,3-1
PB2,468,1530,1,SRR15183342,in vivo,extracellular,bulk,3-1
PB2,469,1790,1,SRR15183342,in vivo,extracellular,bulk,3-1
PB2,469,1794,2,SRR15183342,in vivo,extracellular,bulk,3-1
PB2,469,1877,3,SRR15183342,in vivo,extracellular,bulk,3-1
PB2,469,1917,29,SRR15183342,in vivo,extracellular,bulk,3-1
PB2,469,1956,3,SRR15183342,in vivo,extracellular,bulk,3-1
PB2,469,1960,8,SRR15183342,in vivo,extracellular,bulk,3-1
PB2,469,2073,30,SRR15183342,in vivo,extracellular,bulk,3-1
PB2,470,1998,2,SRR15183342,in vivo,extracellular,bulk,3-1
PB2,470,2006,4,SRR15183342,in vivo,extracellular,bulk,3-1
PB2,471,1874,7,SRR15183342,in vivo,extracellular,bulk,3-1
PB2,471,1977,1,SRR15183342,in vivo,extracellular,bulk,3-1
PB2,471,1981,16,SRR15183342,in vivo,extracellular,bulk,3-1
PB2,471,2009,3,SRR15183342,in vivo,extracellular,bulk,3-1
PB2,472,1874,4,SRR15183342,in vivo,extracellular,bulk,3-1
PB2,472,1972,1,SRR15183342,in vivo,extracellular,bulk,3-1
PB2,472,1986,3,SRR15183342,in vivo,extracellular,bulk,3-1
PB2,472,2072,2,SRR15183342,in vivo,extracellular,bulk,3-1
PB2,479,1052,2,SRR15183342,in vivo,extracellular,bulk,3-1
PB2,479,1931,4,SRR15183342,in vivo,extracellular,bulk,3-1
PB2,47,73,112,SRR15183342,in vivo,extracellular,bulk,3-1
PB2,481,1426,1,SRR15183342,in vivo,extracellular,bulk,3-1
PB2,481,1774,2,SRR15183342,in vivo,extracellular,bulk,3-1
PB2,481,1852,1,SRR15183342,in vivo,extracellular,bulk,3-1
PB2,481,1859,1,SRR15183342,in vivo,extracellular,bulk,3-1
PB2,481,1906,3,SRR15183342,in vivo,extracellular,bulk,3-1
PB2,481,1926,3,SRR15183342,in vivo,extracellular,bulk,3-1
PB2,481,1948,1,SRR15183342,in vivo,extracellular,bulk,3-1
PB2,481,1978,1,SRR15183342,in vivo,extracellular,bulk,3-1
PB2,481,2053,4,SRR15183342,in vivo,extracellular,bulk,3-1
PB2,492,1971,1,SRR15183342,in vivo,extracellular,bulk,3-1
PB2,492,2194,1,SRR15183342,in vivo,extracellular,bulk,3-1
PB2,497,1789,2,SRR15183342,in vivo,extracellular,bulk,3-1
PB2,497,2028,3,SRR15183342,in vivo,extracellular,bulk,3-1
PB2,498,1767,1,SRR15183342,in vivo,extracellular,bulk,3-1
PB2,498,1949,3,SRR15183342,in vivo,extracellular,bulk,3-1
PB2,498,1953,1,SRR15183342,in vivo,extracellular,bulk,3-1
PB2,499,1689,3,SRR15183342,in vivo,extracellular,bulk,3-1
PB2,499,1786,2,SRR15183342,in vivo,extracellular,bulk,3-1
PB2,499,1839,3,SRR15183342,in vivo,extracellular,bulk,3-1
PB2,499,1951,3,SRR15183342,in vivo,extracellular,bulk,3-1
PB2,499,1959,4,SRR15183342,in vivo,extracellular,bulk,3-1
PB2,49,75,3,SRR15183342,in vivo,extracellular,bulk,3-1
PB2,500,1832,2,SRR15183342,in vivo,extracellular,bulk,3-1
PB2,500,1907,3,SRR15183342,in vivo,extracellular,bulk,3-1
PB2,500,1950,5,SRR15183342,in vivo,extracellular,bulk,3-1
PB2,500,2031,1,SRR15183342,in vivo,extracellular,bulk,3-1
PB2,501,1778,3,SRR15183342,in vivo,extracellular,bulk,3-1
PB2,501,1918,19,SRR15183342,in vivo,extracellular,bulk,3-1
PB2,501,2036,1,SRR15183342,in vivo,extracellular,bulk,3-1
PB2,502,1928,1,SRR15183342,in vivo,extracellular,bulk,3-1
PB2,502,1939,1,SRR15183342,in vivo,extracellular,bulk,3-1
PB2,502,2006,1,SRR15183342,in vivo,extracellular,bulk,3-1
PB2,502,2088,1,SRR15183342,in vivo,extracellular,bulk,3-1
PB2,502,2263,6,SRR15183342,in vivo,extracellular,bulk,3-1
PB2,504,2077,4,SRR15183342,in vivo,extracellular,bulk,3-1
PB2,505,1758,8,SRR15183342,in vivo,extracellular,bulk,3-1
PB2,506,1764,2,SRR15183342,in vivo,extracellular,bulk,3-1
PB2,507,1935,1,SRR15183342,in vivo,extracellular,bulk,3-1
PB2,509,1752,2,SRR15183342,in vivo,extracellular,bulk,3-1
PB2,509,1758,2,SRR15183342,in vivo,extracellular,bulk,3-1
PB2,509,1762,4,SRR15183342,in vivo,extracellular,bulk,3-1
PB2,509,1767,2,SRR15183342,in vivo,extracellular,bulk,3-1
PB2,509,1937,2,SRR15183342,in vivo,extracellular,bulk,3-1
PB2,511,1952,5,SRR15183342,in vivo,extracellular,bulk,3-1
PB2,512,1750,3,SRR15183342,in vivo,extracellular,bulk,3-1
PB2,512,1927,1,SRR15183342,in vivo,extracellular,bulk,3-1
PB2,513,1750,2,SRR15183342,in vivo,extracellular,bulk,3-1
PB2,513,1970,1,SRR15183342,in vivo,extracellular,bulk,3-1
PB2,513,2068,2,SRR15183342,in vivo,extracellular,bulk,3-1
PB2,514,1857,6,SRR15183342,in vivo,extracellular,bulk,3-1
PB2,514,1973,1,SRR15183342,in vivo,extracellular,bulk,3-1
PB2,515,1762,1,SRR15183342,in vivo,extracellular,bulk,3-1
PB2,515,1889,2,SRR15183342,in vivo,extracellular,bulk,3-1
PB2,517,2035,1,SRR15183342,in vivo,extracellular,bulk,3-1
PB2,517,2088,1,SRR15183342,in vivo,extracellular,bulk,3-1
PB2,517,2089,1,SRR15183342,in vivo,extracellular,bulk,3-1
PB2,519,1770,15,SRR15183342,in vivo,extracellular,bulk,3-1
PB2,519,1873,1,SRR15183342,in vivo,extracellular,bulk,3-1
PB2,519,1912,1,SRR15183342,in vivo,extracellular,bulk,3-1
PB2,520,1466,1,SRR15183342,in vivo,extracellular,bulk,3-1
PB2,520,1927,1,SRR15183342,in vivo,extracellular,bulk,3-1
PB2,520,2015,2,SRR15183342,in vivo,extracellular,bulk,3-1
PB2,522,2050,3,SRR15183342,in vivo,extracellular,bulk,3-1
PB2,525,2017,1,SRR15183342,in vivo,extracellular,bulk,3-1
PB2,526,1877,1,SRR15183342,in vivo,extracellular,bulk,3-1
PB2,527,1707,1,SRR15183342,in vivo,extracellular,bulk,3-1
PB2,530,1759,1,SRR15183342,in vivo,extracellular,bulk,3-1
PB2,536,1888,2,SRR15183342,in vivo,extracellular,bulk,3-1
PB2,536,1949,1,SRR15183342,in vivo,extracellular,bulk,3-1
PB2,537,1839,1,SRR15183342,in vivo,extracellular,bulk,3-1
PB2,538,1467,2,SRR15183342,in vivo,extracellular,bulk,3-1
PB2,538,2056,9,SRR15183342,in vivo,extracellular,bulk,3-1
PB2,543,1207,2,SRR15183342,in vivo,extracellular,bulk,3-1
PB2,550,2038,2,SRR15183342,in vivo,extracellular,bulk,3-1
PB2,556,1888,2,SRR15183342,in vivo,extracellular,bulk,3-1
PB2,556,2035,7,SRR15183342,in vivo,extracellular,bulk,3-1
PB2,558,1791,2,SRR15183342,in vivo,extracellular,bulk,3-1
PB2,558,2024,1,SRR15183342,in vivo,extracellular,bulk,3-1
PB2,561,2045,1,SRR15183342,in vivo,extracellular,bulk,3-1
PB2,563,1877,2,SRR15183342,in vivo,extracellular,bulk,3-1
PB2,563,2147,3,SRR15183342,in vivo,extracellular,bulk,3-1
PB2,564,1786,1,SRR15183342,in vivo,extracellular,bulk,3-1
PB2,565,2007,1,SRR15183342,in vivo,extracellular,bulk,3-1
PB2,567,1996,1,SRR15183342,in vivo,extracellular,bulk,3-1
PB2,569,1881,5,SRR15183342,in vivo,extracellular,bulk,3-1
PB2,569,2039,1,SRR15183342,in vivo,extracellular,bulk,3-1
PB2,569,2147,2,SRR15183342,in vivo,extracellular,bulk,3-1
PB2,570,1750,3,SRR15183342,in vivo,extracellular,bulk,3-1
PB2,570,1769,1,SRR15183342,in vivo,extracellular,bulk,3-1
PB2,570,2055,4,SRR15183342,in vivo,extracellular,bulk,3-1
PB2,571,1688,2,SRR15183342,in vivo,extracellular,bulk,3-1
PB2,571,1747,1,SRR15183342,in vivo,extracellular,bulk,3-1
PB2,572,1614,2,SRR15183342,in vivo,extracellular,bulk,3-1
PB2,572,1786,5,SRR15183342,in vivo,extracellular,bulk,3-1
PB2,572,1872,4,SRR15183342,in vivo,extracellular,bulk,3-1
PB2,575,1661,1,SRR15183342,in vivo,extracellular,bulk,3-1
PB2,575,1734,5,SRR15183342,in vivo,extracellular,bulk,3-1
PB2,575,1767,2,SRR15183342,in vivo,extracellular,bulk,3-1
PB2,575,1853,3,SRR15183342,in vivo,extracellular,bulk,3-1
PB2,575,1888,8,SRR15183342,in vivo,extracellular,bulk,3-1
PB2,576,1789,2,SRR15183342,in vivo,extracellular,bulk,3-1
PB2,576,1872,4,SRR15183342,in vivo,extracellular,bulk,3-1
PB2,576,1980,1,SRR15183342,in vivo,extracellular,bulk,3-1
PB2,579,1778,1,SRR15183342,in vivo,extracellular,bulk,3-1
PB2,579,1878,2,SRR15183342,in vivo,extracellular,bulk,3-1
PB2,581,1680,1,SRR15183342,in vivo,extracellular,bulk,3-1
PB2,581,1873,1,SRR15183342,in vivo,extracellular,bulk,3-1
PB2,583,1750,2,SRR15183342,in vivo,extracellular,bulk,3-1
PB2,583,1776,3,SRR15183342,in vivo,extracellular,bulk,3-1
PB2,583,1871,1,SRR15183342,in vivo,extracellular,bulk,3-1
PB2,583,1997,3,SRR15183342,in vivo,extracellular,bulk,3-1
PB2,584,1710,1,SRR15183342,in vivo,extracellular,bulk,3-1
PB2,584,1767,2,SRR15183342,in vivo,extracellular,bulk,3-1
PB2,584,1853,3,SRR15183342,in vivo,extracellular,bulk,3-1
PB2,586,1664,2,SRR15183342,in vivo,extracellular,bulk,3-1
PB2,586,1767,3,SRR15183342,in vivo,extracellular,bulk,3-1
PB2,586,1790,2,SRR15183342,in vivo,extracellular,bulk,3-1
PB2,586,1860,9,SRR15183342,in vivo,extracellular,bulk,3-1
PB2,586,1888,4,SRR15183342,in vivo,extracellular,bulk,3-1
PB2,587,1953,4,SRR15183342,in vivo,extracellular,bulk,3-1
PB2,588,1715,24,SRR15183342,in vivo,extracellular,bulk,3-1
PB2,589,1771,1,SRR15183342,in vivo,extracellular,bulk,3-1
PB2,590,1608,1,SRR15183342,in vivo,extracellular,bulk,3-1
PB2,590,1609,2,SRR15183342,in vivo,extracellular,bulk,3-1
PB2,590,1861,2,SRR15183342,in vivo,extracellular,bulk,3-1
PB2,591,1664,3,SRR15183342,in vivo,extracellular,bulk,3-1
PB2,591,1758,2,SRR15183342,in vivo,extracellular,bulk,3-1
PB2,593,1609,1,SRR15183342,in vivo,extracellular,bulk,3-1
PB2,594,1709,2,SRR15183342,in vivo,extracellular,bulk,3-1
PB2,594,1710,1,SRR15183342,in vivo,extracellular,bulk,3-1
PB2,595,1715,2,SRR15183342,in vivo,extracellular,bulk,3-1
PB2,595,1998,2,SRR15183342,in vivo,extracellular,bulk,3-1
PB2,596,1715,1,SRR15183342,in vivo,extracellular,bulk,3-1
PB2,598,1100,2,SRR15183342,in vivo,extracellular,bulk,3-1
PB2,598,1665,1,SRR15183342,in vivo,extracellular,bulk,3-1
PB2,598,1747,13,SRR15183342,in vivo,extracellular,bulk,3-1
PB2,598,1853,4,SRR15183342,in vivo,extracellular,bulk,3-1
PB2,598,1937,9,SRR15183342,in vivo,extracellular,bulk,3-1
PB2,598,1949,6,SRR15183342,in vivo,extracellular,bulk,3-1
PB2,598,1982,3,SRR15183342,in vivo,extracellular,bulk,3-1
PB2,599,1658,2,SRR15183342,in vivo,extracellular,bulk,3-1
PB2,599,1760,4,SRR15183342,in vivo,extracellular,bulk,3-1
PB2,599,2078,4,SRR15183342,in vivo,extracellular,bulk,3-1
PB2,600,1860,3,SRR15183342,in vivo,extracellular,bulk,3-1
PB2,601,1839,1,SRR15183342,in vivo,extracellular,bulk,3-1
PB2,603,1731,2,SRR15183342,in vivo,extracellular,bulk,3-1
PB2,604,1747,1,SRR15183342,in vivo,extracellular,bulk,3-1
PB2,604,1880,2,SRR15183342,in vivo,extracellular,bulk,3-1
PB2,605,2299,1,SRR15183342,in vivo,extracellular,bulk,3-1
PB2,606,1747,1,SRR15183342,in vivo,extracellular,bulk,3-1
PB2,607,1745,1,SRR15183342,in vivo,extracellular,bulk,3-1
PB2,607,1750,2,SRR15183342,in vivo,extracellular,bulk,3-1
PB2,607,1775,1,SRR15183342,in vivo,extracellular,bulk,3-1
PB2,607,1827,1,SRR15183342,in vivo,extracellular,bulk,3-1
PB2,607,1840,1,SRR15183342,in vivo,extracellular,bulk,3-1
PB2,607,1963,40,SRR15183342,in vivo,extracellular,bulk,3-1
PB2,607,1997,3,SRR15183342,in vivo,extracellular,bulk,3-1
PB2,608,1747,3,SRR15183342,in vivo,extracellular,bulk,3-1
PB2,608,1748,2,SRR15183342,in vivo,extracellular,bulk,3-1
PB2,608,1749,3,SRR15183342,in vivo,extracellular,bulk,3-1
PB2,608,1752,1,SRR15183342,in vivo,extracellular,bulk,3-1
PB2,608,1753,4,SRR15183342,in vivo,extracellular,bulk,3-1
PB2,608,1888,1,SRR15183342,in vivo,extracellular,bulk,3-1
PB2,609,1837,3,SRR15183342,in vivo,extracellular,bulk,3-1
PB2,610,1761,7,SRR15183342,in vivo,extracellular,bulk,3-1
PB2,610,1952,3,SRR15183342,in vivo,extracellular,bulk,3-1
PB2,610,2070,2,SRR15183342,in vivo,extracellular,bulk,3-1
PB2,611,1857,2,SRR15183342,in vivo,extracellular,bulk,3-1
PB2,611,2248,2,SRR15183342,in vivo,extracellular,bulk,3-1
PB2,612,1926,6,SRR15183342,in vivo,extracellular,bulk,3-1
PB2,613,1711,3,SRR15183342,in vivo,extracellular,bulk,3-1
PB2,614,1830,1,SRR15183342,in vivo,extracellular,bulk,3-1
PB2,614,1862,1,SRR15183342,in vivo,extracellular,bulk,3-1
PB2,615,1708,1,SRR15183342,in vivo,extracellular,bulk,3-1
PB2,617,1747,2,SRR15183342,in vivo,extracellular,bulk,3-1
PB2,617,1752,4,SRR15183342,in vivo,extracellular,bulk,3-1
PB2,617,1835,2,SRR15183342,in vivo,extracellular,bulk,3-1
PB2,618,1841,4,SRR15183342,in vivo,extracellular,bulk,3-1
PB2,618,2057,1,SRR15183342,in vivo,extracellular,bulk,3-1
PB2,619,1647,2,SRR15183342,in vivo,extracellular,bulk,3-1
PB2,619,1732,2,SRR15183342,in vivo,extracellular,bulk,3-1
PB2,619,1735,11,SRR15183342,in vivo,extracellular,bulk,3-1
PB2,619,1915,2,SRR15183342,in vivo,extracellular,bulk,3-1
PB2,620,1635,7,SRR15183342,in vivo,extracellular,bulk,3-1
PB2,620,1717,2,SRR15183342,in vivo,extracellular,bulk,3-1
PB2,620,1753,10,SRR15183342,in vivo,extracellular,bulk,3-1
PB2,620,1767,1,SRR15183342,in vivo,extracellular,bulk,3-1
PB2,620,1881,2,SRR15183342,in vivo,extracellular,bulk,3-1
PB2,621,1577,1,SRR15183342,in vivo,extracellular,bulk,3-1
PB2,621,1837,3,SRR15183342,in vivo,extracellular,bulk,3-1
PB2,622,1634,1,SRR15183342,in vivo,extracellular,bulk,3-1
PB2,622,1664,3,SRR15183342,in vivo,extracellular,bulk,3-1
PB2,622,1681,4,SRR15183342,in vivo,extracellular,bulk,3-1
PB2,622,1752,3,SRR15183342,in vivo,extracellular,bulk,3-1
PB2,622,1835,1,SRR15183342,in vivo,extracellular,bulk,3-1
PB2,622,1853,1,SRR15183342,in vivo,extracellular,bulk,3-1
PB2,622,1937,3,SRR15183342,in vivo,extracellular,bulk,3-1
PB2,623,1410,1,SRR15183342,in vivo,extracellular,bulk,3-1
PB2,623,1631,1,SRR15183342,in vivo,extracellular,bulk,3-1
PB2,624,1829,4,SRR15183342,in vivo,extracellular,bulk,3-1
PB2,625,1616,3,SRR15183342,in vivo,extracellular,bulk,3-1
PB2,626,2277,1,SRR15183342,in vivo,extracellular,bulk,3-1
PB2,62,138,1,SRR15183342,in vivo,extracellular,bulk,3-1
PB2,632,1744,2,SRR15183342,in vivo,extracellular,bulk,3-1
PB2,632,1745,3,SRR15183342,in vivo,extracellular,bulk,3-1
PB2,632,1840,2,SRR15183342,in vivo,extracellular,bulk,3-1
PB2,632,2054,2,SRR15183342,in vivo,extracellular,bulk,3-1
PB2,632,2056,2,SRR15183342,in vivo,extracellular,bulk,3-1
PB2,633,1711,2,SRR15183342,in vivo,extracellular,bulk,3-1
PB2,633,1911,1,SRR15183342,in vivo,extracellular,bulk,3-1
PB2,634,1661,2,SRR15183342,in vivo,extracellular,bulk,3-1
PB2,634,1710,2,SRR15183342,in vivo,extracellular,bulk,3-1
PB2,635,1631,1,SRR15183342,in vivo,extracellular,bulk,3-1
PB2,637,1827,2,SRR15183342,in vivo,extracellular,bulk,3-1
PB2,639,1878,1,SRR15183342,in vivo,extracellular,bulk,3-1
PB2,63,116,1,SRR15183342,in vivo,extracellular,bulk,3-1
PB2,640,1710,5,SRR15183342,in vivo,extracellular,bulk,3-1
PB2,642,1710,4,SRR15183342,in vivo,extracellular,bulk,3-1
PB2,642,1739,3,SRR15183342,in vivo,extracellular,bulk,3-1
PB2,642,1790,1,SRR15183342,in vivo,extracellular,bulk,3-1
PB2,642,1791,1,SRR15183342,in vivo,extracellular,bulk,3-1
PB2,643,1521,2,SRR15183342,in vivo,extracellular,bulk,3-1
PB2,643,1608,4,SRR15183342,in vivo,extracellular,bulk,3-1
PB2,643,1707,9,SRR15183342,in vivo,extracellular,bulk,3-1
PB2,643,1789,9,SRR15183342,in vivo,extracellular,bulk,3-1
PB2,643,1872,10,SRR15183342,in vivo,extracellular,bulk,3-1
PB2,644,1948,3,SRR15183342,in vivo,extracellular,bulk,3-1
PB2,646,1541,8,SRR15183342,in vivo,extracellular,bulk,3-1
PB2,646,1630,1,SRR15183342,in vivo,extracellular,bulk,3-1
PB2,646,1691,2,SRR15183342,in vivo,extracellular,bulk,3-1
PB2,646,1783,4,SRR15183342,in vivo,extracellular,bulk,3-1
PB2,646,1785,19,SRR15183342,in vivo,extracellular,bulk,3-1
PB2,646,1788,4,SRR15183342,in vivo,extracellular,bulk,3-1
PB2,647,1621,1,SRR15183342,in vivo,extracellular,bulk,3-1
PB2,647,1791,1,SRR15183342,in vivo,extracellular,bulk,3-1
PB2,647,1871,1,SRR15183342,in vivo,extracellular,bulk,3-1
PB2,648,1851,3,SRR15183342,in vivo,extracellular,bulk,3-1
PB2,649,1782,2,SRR15183342,in vivo,extracellular,bulk,3-1
PB2,649,1794,1,SRR15183342,in vivo,extracellular,bulk,3-1
PB2,661,1775,1,SRR15183342,in vivo,extracellular,bulk,3-1
PB2,67,2084,21,SRR15183342,in vivo,extracellular,bulk,3-1
PB2,698,1664,2,SRR15183342,in vivo,extracellular,bulk,3-1
PB2,698,1747,1,SRR15183342,in vivo,extracellular,bulk,3-1
PB2,698,1777,2,SRR15183342,in vivo,extracellular,bulk,3-1
PB2,700,2123,2,SRR15183342,in vivo,extracellular,bulk,3-1
PB2,705,1647,3,SRR15183342,in vivo,extracellular,bulk,3-1
PB2,705,1740,7,SRR15183342,in vivo,extracellular,bulk,3-1
PB2,707,1618,3,SRR15183342,in vivo,extracellular,bulk,3-1
PB2,708,1635,1,SRR15183342,in vivo,extracellular,bulk,3-1
PB2,708,1682,3,SRR15183342,in vivo,extracellular,bulk,3-1
PB2,709,1612,1,SRR15183342,in vivo,extracellular,bulk,3-1
PB2,710,1788,1,SRR15183342,in vivo,extracellular,bulk,3-1
PB2,711,1907,1,SRR15183342,in vivo,extracellular,bulk,3-1
PB2,715,1715,2,SRR15183342,in vivo,extracellular,bulk,3-1
PB2,715,1853,1,SRR15183342,in vivo,extracellular,bulk,3-1
PB2,716,1449,1,SRR15183342,in vivo,extracellular,bulk,3-1
PB2,716,1608,2,SRR15183342,in vivo,extracellular,bulk,3-1
PB2,716,1776,7,SRR15183342,in vivo,extracellular,bulk,3-1
PB2,716,1872,2,SRR15183342,in vivo,extracellular,bulk,3-1
PB2,716,1928,1,SRR15183342,in vivo,extracellular,bulk,3-1
PB2,718,990,2,SRR15183342,in vivo,extracellular,bulk,3-1
PB2,720,1734,14,SRR15183342,in vivo,extracellular,bulk,3-1
PB2,721,1613,3,SRR15183342,in vivo,extracellular,bulk,3-1
PB2,725,1760,1,SRR15183342,in vivo,extracellular,bulk,3-1
PB2,730,1662,2,SRR15183342,in vivo,extracellular,bulk,3-1
PB2,733,1688,1,SRR15183342,in vivo,extracellular,bulk,3-1
PB2,733,1758,2,SRR15183342,in vivo,extracellular,bulk,3-1
PB2,734,1690,2,SRR15183342,in vivo,extracellular,bulk,3-1
PB2,737,1501,2,SRR15183342,in vivo,extracellular,bulk,3-1
PB2,738,1576,9,SRR15183342,in vivo,extracellular,bulk,3-1
PB2,739,1753,2,SRR15183342,in vivo,extracellular,bulk,3-1
PB2,739,1759,3,SRR15183342,in vivo,extracellular,bulk,3-1
PB2,73,1371,1,SRR15183342,in vivo,extracellular,bulk,3-1
PB2,740,1700,1,SRR15183342,in vivo,extracellular,bulk,3-1
PB2,740,1750,2,SRR15183342,in vivo,extracellular,bulk,3-1
PB2,740,2050,1,SRR15183342,in vivo,extracellular,bulk,3-1
PB2,741,1682,2,SRR15183342,in vivo,extracellular,bulk,3-1
PB2,741,1748,1,SRR15183342,in vivo,extracellular,bulk,3-1
PB2,741,1753,2,SRR15183342,in vivo,extracellular,bulk,3-1
PB2,742,1577,1,SRR15183342,in vivo,extracellular,bulk,3-1
PB2,747,1775,2,SRR15183342,in vivo,extracellular,bulk,3-1
PB2,748,1665,1,SRR15183342,in vivo,extracellular,bulk,3-1
PB2,748,1889,1,SRR15183342,in vivo,extracellular,bulk,3-1
PB2,748,2085,4,SRR15183342,in vivo,extracellular,bulk,3-1
PB2,750,2248,1,SRR15183342,in vivo,extracellular,bulk,3-1
PB2,763,1931,1,SRR15183342,in vivo,extracellular,bulk,3-1
PB2,768,1613,1,SRR15183342,in vivo,extracellular,bulk,3-1
PB2,768,1653,3,SRR15183342,in vivo,extracellular,bulk,3-1
PB2,768,1679,2,SRR15183342,in vivo,extracellular,bulk,3-1
PB2,770,1680,1,SRR15183342,in vivo,extracellular,bulk,3-1
PB2,770,1690,2,SRR15183342,in vivo,extracellular,bulk,3-1
PB2,771,1533,2,SRR15183342,in vivo,extracellular,bulk,3-1
PB2,771,1679,2,SRR15183342,in vivo,extracellular,bulk,3-1
PB2,772,1665,2,SRR15183342,in vivo,extracellular,bulk,3-1
PB2,772,1784,1,SRR15183342,in vivo,extracellular,bulk,3-1
PB2,772,1878,1,SRR15183342,in vivo,extracellular,bulk,3-1
PB2,773,1680,1,SRR15183342,in vivo,extracellular,bulk,3-1
PB2,775,1544,1,SRR15183342,in vivo,extracellular,bulk,3-1
PB2,781,2148,2,SRR15183342,in vivo,extracellular,bulk,3-1
PB2,782,1619,1,SRR15183342,in vivo,extracellular,bulk,3-1
PB2,783,1691,1,SRR15183342,in vivo,extracellular,bulk,3-1
PB2,785,1655,1,SRR15183342,in vivo,extracellular,bulk,3-1
PB2,786,1662,1,SRR15183342,in vivo,extracellular,bulk,3-1
PB2,78,2144,1,SRR15183342,in vivo,extracellular,bulk,3-1
PB2,791,1636,1,SRR15183342,in vivo,extracellular,bulk,3-1
PB2,791,1917,1,SRR15183342,in vivo,extracellular,bulk,3-1
PB2,792,1519,39,SRR15183342,in vivo,extracellular,bulk,3-1
PB2,792,1521,2,SRR15183342,in vivo,extracellular,bulk,3-1
PB2,792,1614,2,SRR15183342,in vivo,extracellular,bulk,3-1
PB2,792,1655,2,SRR15183342,in vivo,extracellular,bulk,3-1
PB2,792,1658,1,SRR15183342,in vivo,extracellular,bulk,3-1
PB2,792,2034,1,SRR15183342,in vivo,extracellular,bulk,3-1
PB2,792,2270,2,SRR15183342,in vivo,extracellular,bulk,3-1
PB2,793,1618,2,SRR15183342,in vivo,extracellular,bulk,3-1
PB2,794,2011,2,SRR15183342,in vivo,extracellular,bulk,3-1
PB2,795,1520,2,SRR15183342,in vivo,extracellular,bulk,3-1
PB2,795,1664,107,SRR15183342,in vivo,extracellular,bulk,3-1
PB2,795,1885,1,SRR15183342,in vivo,extracellular,bulk,3-1
PB2,795,2240,1,SRR15183342,in vivo,extracellular,bulk,3-1
PB2,796,1651,2,SRR15183342,in vivo,extracellular,bulk,3-1
PB2,799,1715,27,SRR15183342,in vivo,extracellular,bulk,3-1
PB2,835,1575,1,SRR15183342,in vivo,extracellular,bulk,3-1
PB2,839,1476,2,SRR15183342,in vivo,extracellular,bulk,3-1
PB2,841,1478,3,SRR15183342,in vivo,extracellular,bulk,3-1
PB2,841,1575,68,SRR15183342,in vivo,extracellular,bulk,3-1
PB2,841,1697,1,SRR15183342,in vivo,extracellular,bulk,3-1
PB2,842,1487,4,SRR15183342,in vivo,extracellular,bulk,3-1
PB2,842,1498,2,SRR15183342,in vivo,extracellular,bulk,3-1
PB2,842,1515,1,SRR15183342,in vivo,extracellular,bulk,3-1
PB2,842,1519,1,SRR15183342,in vivo,extracellular,bulk,3-1
PB2,842,1574,20,SRR15183342,in vivo,extracellular,bulk,3-1
PB2,842,1577,3,SRR15183342,in vivo,extracellular,bulk,3-1
PB2,843,1753,2,SRR15183342,in vivo,extracellular,bulk,3-1
PB2,844,1630,2,SRR15183342,in vivo,extracellular,bulk,3-1
PB2,850,1575,2,SRR15183342,in vivo,extracellular,bulk,3-1
PB2,851,1464,1,SRR15183342,in vivo,extracellular,bulk,3-1
PB2,857,1882,1,SRR15183342,in vivo,extracellular,bulk,3-1
PB2,85,2128,1,SRR15183342,in vivo,extracellular,bulk,3-1
PB2,860,1410,1,SRR15183342,in vivo,extracellular,bulk,3-1
PB2,860,1412,2,SRR15183342,in vivo,extracellular,bulk,3-1
PB2,860,1508,10,SRR15183342,in vivo,extracellular,bulk,3-1
PB2,860,1872,2,SRR15183342,in vivo,extracellular,bulk,3-1
PB2,86,2145,2,SRR15183342,in vivo,extracellular,bulk,3-1
PB2,918,1491,1,SRR15183342,in vivo,extracellular,bulk,3-1
PB2,920,1181,2,SRR15183342,in vivo,extracellular,bulk,3-1
PB2,922,1491,3,SRR15183342,in vivo,extracellular,bulk,3-1
PB2,923,1635,1,SRR15183342,in vivo,extracellular,bulk,3-1
PB2,924,1473,2,SRR15183342,in vivo,extracellular,bulk,3-1
PB2,925,1443,19,SRR15183342,in vivo,extracellular,bulk,3-1
PB2,95,124,1,SRR15183342,in vivo,extracellular,bulk,3-1
PB2,95,1688,1,SRR15183342,in vivo,extracellular,bulk,3-1
PB2,963,1522,2,SRR15183342,in vivo,extracellular,bulk,3-1
PB2,96,1834,2,SRR15183342,in vivo,extracellular,bulk,3-1
PB2,96,2190,1,SRR15183342,in vivo,extracellular,bulk,3-1
PB2,973,1575,1,SRR15183342,in vivo,extracellular,bulk,3-1
PB2,975,1465,2,SRR15183342,in vivo,extracellular,bulk,3-1
PB2,976,1747,2,SRR15183342,in vivo,extracellular,bulk,3-1
PB2,97,969,2,SRR15183342,in vivo,extracellular,bulk,3-1
PB2,980,1506,1,SRR15183342,in vivo,extracellular,bulk,3-1
PB2,982,2240,1,SRR15183342,in vivo,extracellular,bulk,3-1
PB2,988,2024,2,SRR15183342,in vivo,extracellular,bulk,3-1
PB2,988,2211,1,SRR15183342,in vivo,extracellular,bulk,3-1
PB2,98,2123,1,SRR15183342,in vivo,extracellular,bulk,3-1
PB2,98,2144,57,SRR15183342,in vivo,extracellular,bulk,3-1
PA,1030,1150,1,SRR15183342,in vivo,extracellular,bulk,3-1
PA,103,1498,1,SRR15183342,in vivo,extracellular,bulk,3-1
PA,104,1596,1,SRR15183342,in vivo,extracellular,bulk,3-1
PA,105,1743,28,SRR15183342,in vivo,extracellular,bulk,3-1
PA,1079,1274,2,SRR15183342,in vivo,extracellular,bulk,3-1
PA,107,197,1,SRR15183342,in vivo,extracellular,bulk,3-1
PA,1117,1140,1,SRR15183342,in vivo,extracellular,bulk,3-1
PA,1118,1195,3,SRR15183342,in vivo,extracellular,bulk,3-1
PA,1123,1544,1,SRR15183342,in vivo,extracellular,bulk,3-1
PA,1216,1995,2,SRR15183342,in vivo,extracellular,bulk,3-1
PA,1305,2040,2,SRR15183342,in vivo,extracellular,bulk,3-1
PA,1364,2156,2,SRR15183342,in vivo,extracellular,bulk,3-1
PA,1369,1775,2,SRR15183342,in vivo,extracellular,bulk,3-1
PA,140,1948,1,SRR15183342,in vivo,extracellular,bulk,3-1
PA,142,1849,2,SRR15183342,in vivo,extracellular,bulk,3-1
PA,144,2117,8,SRR15183342,in vivo,extracellular,bulk,3-1
PA,146,566,1,SRR15183342,in vivo,extracellular,bulk,3-1
PA,1472,1675,1,SRR15183342,in vivo,extracellular,bulk,3-1
PA,1513,1581,8,SRR15183342,in vivo,extracellular,bulk,3-1
PA,1528,2039,1,SRR15183342,in vivo,extracellular,bulk,3-1
PA,1529,2062,1,SRR15183342,in vivo,extracellular,bulk,3-1
PA,1557,1865,2,SRR15183342,in vivo,extracellular,bulk,3-1
PA,1557,2108,2,SRR15183342,in vivo,extracellular,bulk,3-1
PA,156,1994,7,SRR15183342,in vivo,extracellular,bulk,3-1
PA,162,193,2,SRR15183342,in vivo,extracellular,bulk,3-1
PA,1644,1690,1,SRR15183342,in vivo,extracellular,bulk,3-1
PA,164,789,1,SRR15183342,in vivo,extracellular,bulk,3-1
PA,166,205,1,SRR15183342,in vivo,extracellular,bulk,3-1
PA,166,2063,1,SRR15183342,in vivo,extracellular,bulk,3-1
PA,166,2104,2,SRR15183342,in vivo,extracellular,bulk,3-1
PA,167,2062,13,SRR15183342,in vivo,extracellular,bulk,3-1
PA,167,2066,2,SRR15183342,in vivo,extracellular,bulk,3-1
PA,167,2068,1,SRR15183342,in vivo,extracellular,bulk,3-1
PA,168,2128,4,SRR15183342,in vivo,extracellular,bulk,3-1
PA,169,2055,3,SRR15183342,in vivo,extracellular,bulk,3-1
PA,170,2023,3,SRR15183342,in vivo,extracellular,bulk,3-1
PA,1722,1867,1,SRR15183342,in vivo,extracellular,bulk,3-1
PA,1733,2161,1,SRR15183342,in vivo,extracellular,bulk,3-1
PA,1745,1885,2,SRR15183342,in vivo,extracellular,bulk,3-1
PA,174,1771,2,SRR15183342,in vivo,extracellular,bulk,3-1
PA,176,1856,1,SRR15183342,in vivo,extracellular,bulk,3-1
PA,176,213,2,SRR15183342,in vivo,extracellular,bulk,3-1
PA,1785,2126,1,SRR15183342,in vivo,extracellular,bulk,3-1
PA,179,311,1,SRR15183342,in vivo,extracellular,bulk,3-1
PA,181,2062,133,SRR15183342,in vivo,extracellular,bulk,3-1
PA,1836,1928,5,SRR15183342,in vivo,extracellular,bulk,3-1
PA,185,1896,3,SRR15183342,in vivo,extracellular,bulk,3-1
PA,1891,1932,1,SRR15183342,in vivo,extracellular,bulk,3-1
PA,1918,1944,1,SRR15183342,in vivo,extracellular,bulk,3-1
PA,191,2042,4,SRR15183342,in vivo,extracellular,bulk,3-1
PA,191,2044,12,SRR15183342,in vivo,extracellular,bulk,3-1
PA,191,2066,92,SRR15183342,in vivo,extracellular,bulk,3-1
PA,191,218,2,SRR15183342,in vivo,extracellular,bulk,3-1
PA,1928,1961,1,SRR15183342,in vivo,extracellular,bulk,3-1
PA,193,2078,2,SRR15183342,in vivo,extracellular,bulk,3-1
PA,1942,2040,1,SRR15183342,in vivo,extracellular,bulk,3-1
PA,194,2139,2,SRR15183342,in vivo,extracellular,bulk,3-1
PA,195,2082,43,SRR15183342,in vivo,extracellular,bulk,3-1
PA,197,1494,1,SRR15183342,in vivo,extracellular,bulk,3-1
PA,197,2103,2,SRR15183342,in vivo,extracellular,bulk,3-1
PA,199,2067,392,SRR15183342,in vivo,extracellular,bulk,3-1
PA,201,2131,12,SRR15183342,in vivo,extracellular,bulk,3-1
PA,2033,2078,2,SRR15183342,in vivo,extracellular,bulk,3-1
PA,2045,2068,5,SRR15183342,in vivo,extracellular,bulk,3-1
PA,204,2086,6,SRR15183342,in vivo,extracellular,bulk,3-1
PA,2061,2105,1,SRR15183342,in vivo,extracellular,bulk,3-1
PA,2066,2090,2,SRR15183342,in vivo,extracellular,bulk,3-1
PA,2086,2115,2,SRR15183342,in vivo,extracellular,bulk,3-1
PA,208,2080,9,SRR15183342,in vivo,extracellular,bulk,3-1
PA,208,2175,5,SRR15183342,in vivo,extracellular,bulk,3-1
PA,209,1926,1,SRR15183342,in vivo,extracellular,bulk,3-1
PA,210,2005,5,SRR15183342,in vivo,extracellular,bulk,3-1
PA,2113,2158,2,SRR15183342,in vivo,extracellular,bulk,3-1
PA,2119,2146,1,SRR15183342,in vivo,extracellular,bulk,3-1
PA,211,1639,1,SRR15183342,in vivo,extracellular,bulk,3-1
PA,211,2005,52,SRR15183342,in vivo,extracellular,bulk,3-1
PA,211,2034,2,SRR15183342,in vivo,extracellular,bulk,3-1
PA,211,2043,2,SRR15183342,in vivo,extracellular,bulk,3-1
PA,211,2044,2,SRR15183342,in vivo,extracellular,bulk,3-1
PA,211,2073,120,SRR15183342,in vivo,extracellular,bulk,3-1
PA,212,1404,3,SRR15183342,in vivo,extracellular,bulk,3-1
PA,212,1688,8,SRR15183342,in vivo,extracellular,bulk,3-1
PA,213,2045,5,SRR15183342,in vivo,extracellular,bulk,3-1
PA,220,1735,6,SRR15183342,in vivo,extracellular,bulk,3-1
PA,222,2037,1,SRR15183342,in vivo,extracellular,bulk,3-1
PA,222,2046,5,SRR15183342,in vivo,extracellular,bulk,3-1
PA,223,2069,2,SRR15183342,in vivo,extracellular,bulk,3-1
PA,224,1483,1,SRR15183342,in vivo,extracellular,bulk,3-1
PA,224,2121,4,SRR15183342,in vivo,extracellular,bulk,3-1
PA,227,1902,1,SRR15183342,in vivo,extracellular,bulk,3-1
PA,227,2023,2,SRR15183342,in vivo,extracellular,bulk,3-1
PA,229,2041,1,SRR15183342,in vivo,extracellular,bulk,3-1
PA,230,2110,2,SRR15183342,in vivo,extracellular,bulk,3-1
PA,231,2022,39,SRR15183342,in vivo,extracellular,bulk,3-1
PA,232,2076,5,SRR15183342,in vivo,extracellular,bulk,3-1
PA,241,2045,2,SRR15183342,in vivo,extracellular,bulk,3-1
PA,244,2041,5,SRR15183342,in vivo,extracellular,bulk,3-1
PA,259,2121,1,SRR15183342,in vivo,extracellular,bulk,3-1
PA,260,1953,30,SRR15183342,in vivo,extracellular,bulk,3-1
PA,262,992,1,SRR15183342,in vivo,extracellular,bulk,3-1
PA,265,2025,4,SRR15183342,in vivo,extracellular,bulk,3-1
PA,266,1370,1,SRR15183342,in vivo,extracellular,bulk,3-1
PA,266,1403,2,SRR15183342,in vivo,extracellular,bulk,3-1
PA,266,2039,2,SRR15183342,in vivo,extracellular,bulk,3-1
PA,269,2103,7,SRR15183342,in vivo,extracellular,bulk,3-1
PA,269,2176,1,SRR15183342,in vivo,extracellular,bulk,3-1
PA,270,2054,1,SRR15183342,in vivo,extracellular,bulk,3-1
PA,271,1493,1,SRR15183342,in vivo,extracellular,bulk,3-1
PA,271,2010,12,SRR15183342,in vivo,extracellular,bulk,3-1
PA,272,2009,35,SRR15183342,in vivo,extracellular,bulk,3-1
PA,274,444,1,SRR15183342,in vivo,extracellular,bulk,3-1
PA,275,1932,1,SRR15183342,in vivo,extracellular,bulk,3-1
PA,275,2000,2,SRR15183342,in vivo,extracellular,bulk,3-1
PA,277,1860,7,SRR15183342,in vivo,extracellular,bulk,3-1
PA,277,2022,3,SRR15183342,in vivo,extracellular,bulk,3-1
PA,278,1934,13,SRR15183342,in vivo,extracellular,bulk,3-1
PA,278,2046,4,SRR15183342,in vivo,extracellular,bulk,3-1
PA,278,2076,2,SRR15183342,in vivo,extracellular,bulk,3-1
PA,283,1153,2,SRR15183342,in vivo,extracellular,bulk,3-1
PA,284,1932,2,SRR15183342,in vivo,extracellular,bulk,3-1
PA,284,2057,5,SRR15183342,in vivo,extracellular,bulk,3-1
PA,284,2079,3,SRR15183342,in vivo,extracellular,bulk,3-1
PA,295,1924,7,SRR15183342,in vivo,extracellular,bulk,3-1
PA,295,1951,1,SRR15183342,in vivo,extracellular,bulk,3-1
PA,295,1956,7,SRR15183342,in vivo,extracellular,bulk,3-1
PA,296,1952,5,SRR15183342,in vivo,extracellular,bulk,3-1
PA,296,2055,1,SRR15183342,in vivo,extracellular,bulk,3-1
PA,301,1137,2,SRR15183342,in vivo,extracellular,bulk,3-1
PA,304,413,2,SRR15183342,in vivo,extracellular,bulk,3-1
PA,306,1999,1,SRR15183342,in vivo,extracellular,bulk,3-1
PA,307,1995,6,SRR15183342,in vivo,extracellular,bulk,3-1
PA,308,1608,8,SRR15183342,in vivo,extracellular,bulk,3-1
PA,308,2034,3,SRR15183342,in vivo,extracellular,bulk,3-1
PA,314,1616,1,SRR15183342,in vivo,extracellular,bulk,3-1
PA,314,1857,4,SRR15183342,in vivo,extracellular,bulk,3-1
PA,314,1904,5,SRR15183342,in vivo,extracellular,bulk,3-1
PA,314,1906,13,SRR15183342,in vivo,extracellular,bulk,3-1
PA,314,1945,19,SRR15183342,in vivo,extracellular,bulk,3-1
PA,314,2023,22,SRR15183342,in vivo,extracellular,bulk,3-1
PA,314,2043,5,SRR15183342,in vivo,extracellular,bulk,3-1
PA,315,2089,2,SRR15183342,in vivo,extracellular,bulk,3-1
PA,316,1997,15,SRR15183342,in vivo,extracellular,bulk,3-1
PA,319,1902,7,SRR15183342,in vivo,extracellular,bulk,3-1
PA,320,2033,1,SRR15183342,in vivo,extracellular,bulk,3-1
PA,322,853,1,SRR15183342,in vivo,extracellular,bulk,3-1
PA,323,1612,2,SRR15183342,in vivo,extracellular,bulk,3-1
PA,323,1903,4,SRR15183342,in vivo,extracellular,bulk,3-1
PA,323,1904,9,SRR15183342,in vivo,extracellular,bulk,3-1
PA,326,1638,1,SRR15183342,in vivo,extracellular,bulk,3-1
PA,326,1901,2,SRR15183342,in vivo,extracellular,bulk,3-1
PA,326,1904,1,SRR15183342,in vivo,extracellular,bulk,3-1
PA,326,1947,1,SRR15183342,in vivo,extracellular,bulk,3-1
PA,327,1639,2,SRR15183342,in vivo,extracellular,bulk,3-1
PA,328,1450,1,SRR15183342,in vivo,extracellular,bulk,3-1
PA,328,1808,1,SRR15183342,in vivo,extracellular,bulk,3-1
PA,328,1949,2,SRR15183342,in vivo,extracellular,bulk,3-1
PA,332,1929,1,SRR15183342,in vivo,extracellular,bulk,3-1
PA,337,1866,3,SRR15183342,in vivo,extracellular,bulk,3-1
PA,340,1865,2,SRR15183342,in vivo,extracellular,bulk,3-1
PA,342,1833,6,SRR15183342,in vivo,extracellular,bulk,3-1
PA,355,2035,1,SRR15183342,in vivo,extracellular,bulk,3-1
PA,359,1736,1,SRR15183342,in vivo,extracellular,bulk,3-1
PA,363,1516,1,SRR15183342,in vivo,extracellular,bulk,3-1
PA,363,1748,1,SRR15183342,in vivo,extracellular,bulk,3-1
PA,364,2034,3,SRR15183342,in vivo,extracellular,bulk,3-1
PA,365,1955,1,SRR15183342,in vivo,extracellular,bulk,3-1
PA,366,1833,25,SRR15183342,in vivo,extracellular,bulk,3-1
PA,366,2057,12,SRR15183342,in vivo,extracellular,bulk,3-1
PA,367,1620,6,SRR15183342,in vivo,extracellular,bulk,3-1
PA,367,1935,1,SRR15183342,in vivo,extracellular,bulk,3-1
PA,367,1945,3,SRR15183342,in vivo,extracellular,bulk,3-1
PA,367,1946,2,SRR15183342,in vivo,extracellular,bulk,3-1
PA,36,156,19,SRR15183342,in vivo,extracellular,bulk,3-1
PA,370,1919,11,SRR15183342,in vivo,extracellular,bulk,3-1
PA,372,929,1,SRR15183342,in vivo,extracellular,bulk,3-1
PA,379,1901,1,SRR15183342,in vivo,extracellular,bulk,3-1
PA,37,73,1,SRR15183342,in vivo,extracellular,bulk,3-1
PA,37,89,3,SRR15183342,in vivo,extracellular,bulk,3-1
PA,398,2067,3,SRR15183342,in vivo,extracellular,bulk,3-1
PA,399,1717,1,SRR15183342,in vivo,extracellular,bulk,3-1
PA,399,1858,2,SRR15183342,in vivo,extracellular,bulk,3-1
PA,399,1868,1,SRR15183342,in vivo,extracellular,bulk,3-1
PA,399,1906,1,SRR15183342,in vivo,extracellular,bulk,3-1
PA,399,1921,1,SRR15183342,in vivo,extracellular,bulk,3-1
PA,400,2109,1,SRR15183342,in vivo,extracellular,bulk,3-1
PA,401,830,1,SRR15183342,in vivo,extracellular,bulk,3-1
PA,403,1780,2,SRR15183342,in vivo,extracellular,bulk,3-1
PA,405,453,1,SRR15183342,in vivo,extracellular,bulk,3-1
PA,407,1812,1,SRR15183342,in vivo,extracellular,bulk,3-1
PA,407,1848,1,SRR15183342,in vivo,extracellular,bulk,3-1
PA,407,1868,7,SRR15183342,in vivo,extracellular,bulk,3-1
PA,407,1905,4,SRR15183342,in vivo,extracellular,bulk,3-1
PA,407,2165,1,SRR15183342,in vivo,extracellular,bulk,3-1
PA,409,1770,5,SRR15183342,in vivo,extracellular,bulk,3-1
PA,409,1906,5,SRR15183342,in vivo,extracellular,bulk,3-1
PA,409,1928,6,SRR15183342,in vivo,extracellular,bulk,3-1
PA,410,1904,3,SRR15183342,in vivo,extracellular,bulk,3-1
PA,411,1687,2,SRR15183342,in vivo,extracellular,bulk,3-1
PA,413,1860,2,SRR15183342,in vivo,extracellular,bulk,3-1
PA,413,1904,3,SRR15183342,in vivo,extracellular,bulk,3-1
PA,414,1782,1,SRR15183342,in vivo,extracellular,bulk,3-1
PA,415,1812,1,SRR15183342,in vivo,extracellular,bulk,3-1
PA,415,2039,5,SRR15183342,in vivo,extracellular,bulk,3-1
PA,416,1856,42,SRR15183342,in vivo,extracellular,bulk,3-1
PA,416,1860,2,SRR15183342,in vivo,extracellular,bulk,3-1
PA,417,1812,1,SRR15183342,in vivo,extracellular,bulk,3-1
PA,417,1837,3,SRR15183342,in vivo,extracellular,bulk,3-1
PA,417,1838,19,SRR15183342,in vivo,extracellular,bulk,3-1
PA,417,1956,4,SRR15183342,in vivo,extracellular,bulk,3-1
PA,418,1750,1,SRR15183342,in vivo,extracellular,bulk,3-1
PA,418,1857,3,SRR15183342,in vivo,extracellular,bulk,3-1
PA,418,1897,1,SRR15183342,in vivo,extracellular,bulk,3-1
PA,421,1852,1,SRR15183342,in vivo,extracellular,bulk,3-1
PA,421,1861,2,SRR15183342,in vivo,extracellular,bulk,3-1
PA,421,1884,9,SRR15183342,in vivo,extracellular,bulk,3-1
PA,421,1945,8,SRR15183342,in vivo,extracellular,bulk,3-1
PA,422,521,1,SRR15183342,in vivo,extracellular,bulk,3-1
PA,426,1827,4,SRR15183342,in vivo,extracellular,bulk,3-1
PA,426,1849,4,SRR15183342,in vivo,extracellular,bulk,3-1
PA,426,1856,13,SRR15183342,in vivo,extracellular,bulk,3-1
PA,426,1896,2,SRR15183342,in vivo,extracellular,bulk,3-1
PA,426,1901,19,SRR15183342,in vivo,extracellular,bulk,3-1
PA,427,1884,3,SRR15183342,in vivo,extracellular,bulk,3-1
PA,428,1883,4,SRR15183342,in vivo,extracellular,bulk,3-1
PA,429,1854,3,SRR15183342,in vivo,extracellular,bulk,3-1
PA,429,2008,2,SRR15183342,in vivo,extracellular,bulk,3-1
PA,42,90,3,SRR15183342,in vivo,extracellular,bulk,3-1
PA,430,1859,4,SRR15183342,in vivo,extracellular,bulk,3-1
PA,430,1885,1750,SRR15183342,in vivo,extracellular,bulk,3-1
PA,431,1709,8,SRR15183342,in vivo,extracellular,bulk,3-1
PA,431,1859,5,SRR15183342,in vivo,extracellular,bulk,3-1
PA,431,1886,12,SRR15183342,in vivo,extracellular,bulk,3-1
PA,431,1908,2,SRR15183342,in vivo,extracellular,bulk,3-1
PA,432,1753,3,SRR15183342,in vivo,extracellular,bulk,3-1
PA,432,1870,1,SRR15183342,in vivo,extracellular,bulk,3-1
PA,433,1929,1,SRR15183342,in vivo,extracellular,bulk,3-1
PA,435,1391,2,SRR15183342,in vivo,extracellular,bulk,3-1
PA,435,1861,1,SRR15183342,in vivo,extracellular,bulk,3-1
PA,436,1772,5,SRR15183342,in vivo,extracellular,bulk,3-1
PA,436,1885,7,SRR15183342,in vivo,extracellular,bulk,3-1
PA,437,1681,3,SRR15183342,in vivo,extracellular,bulk,3-1
PA,437,1869,6,SRR15183342,in vivo,extracellular,bulk,3-1
PA,437,1870,1,SRR15183342,in vivo,extracellular,bulk,3-1
PA,437,1899,2,SRR15183342,in vivo,extracellular,bulk,3-1
PA,437,2158,2,SRR15183342,in vivo,extracellular,bulk,3-1
PA,439,1852,9,SRR15183342,in vivo,extracellular,bulk,3-1
PA,442,1899,3,SRR15183342,in vivo,extracellular,bulk,3-1
PA,443,1909,2,SRR15183342,in vivo,extracellular,bulk,3-1
PA,448,1737,4,SRR15183342,in vivo,extracellular,bulk,3-1
PA,448,1756,1,SRR15183342,in vivo,extracellular,bulk,3-1
PA,448,1883,4,SRR15183342,in vivo,extracellular,bulk,3-1
PA,450,1826,9,SRR15183342,in vivo,extracellular,bulk,3-1
PA,450,1885,2381,SRR15183342,in vivo,extracellular,bulk,3-1
PA,452,1735,2,SRR15183342,in vivo,extracellular,bulk,3-1
PA,452,1826,1,SRR15183342,in vivo,extracellular,bulk,3-1
PA,452,1861,5,SRR15183342,in vivo,extracellular,bulk,3-1
PA,452,1887,7,SRR15183342,in vivo,extracellular,bulk,3-1
PA,452,1948,40,SRR15183342,in vivo,extracellular,bulk,3-1
PA,453,1828,1,SRR15183342,in vivo,extracellular,bulk,3-1
PA,453,1868,3,SRR15183342,in vivo,extracellular,bulk,3-1
PA,455,1863,6,SRR15183342,in vivo,extracellular,bulk,3-1
PA,455,477,2,SRR15183342,in vivo,extracellular,bulk,3-1
PA,457,1856,29,SRR15183342,in vivo,extracellular,bulk,3-1
PA,457,1860,7,SRR15183342,in vivo,extracellular,bulk,3-1
PA,457,1901,1,SRR15183342,in vivo,extracellular,bulk,3-1
PA,459,1761,2,SRR15183342,in vivo,extracellular,bulk,3-1
PA,459,1862,3,SRR15183342,in vivo,extracellular,bulk,3-1
PA,45,74,10,SRR15183342,in vivo,extracellular,bulk,3-1
PA,460,1812,4,SRR15183342,in vivo,extracellular,bulk,3-1
PA,460,1850,2,SRR15183342,in vivo,extracellular,bulk,3-1
PA,461,1897,2,SRR15183342,in vivo,extracellular,bulk,3-1
PA,461,1898,3,SRR15183342,in vivo,extracellular,bulk,3-1
PA,463,1463,6,SRR15183342,in vivo,extracellular,bulk,3-1
PA,463,1726,3,SRR15183342,in vivo,extracellular,bulk,3-1
PA,463,1811,5,SRR15183342,in vivo,extracellular,bulk,3-1
PA,463,1832,1,SRR15183342,in vivo,extracellular,bulk,3-1
PA,463,1856,4,SRR15183342,in vivo,extracellular,bulk,3-1
PA,464,1834,8,SRR15183342,in vivo,extracellular,bulk,3-1
PA,475,1739,3,SRR15183342,in vivo,extracellular,bulk,3-1
PA,475,1774,35,SRR15183342,in vivo,extracellular,bulk,3-1
PA,475,1856,3,SRR15183342,in vivo,extracellular,bulk,3-1
PA,477,1756,1,SRR15183342,in vivo,extracellular,bulk,3-1
PA,477,1837,2,SRR15183342,in vivo,extracellular,bulk,3-1
PA,477,1848,4,SRR15183342,in vivo,extracellular,bulk,3-1
PA,477,1948,5,SRR15183342,in vivo,extracellular,bulk,3-1
PA,478,1857,7,SRR15183342,in vivo,extracellular,bulk,3-1
PA,478,1861,2,SRR15183342,in vivo,extracellular,bulk,3-1
PA,480,1735,4,SRR15183342,in vivo,extracellular,bulk,3-1
PA,480,1837,3,SRR15183342,in vivo,extracellular,bulk,3-1
PA,480,1852,2,SRR15183342,in vivo,extracellular,bulk,3-1
PA,481,1815,3,SRR15183342,in vivo,extracellular,bulk,3-1
PA,481,1849,5,SRR15183342,in vivo,extracellular,bulk,3-1
PA,482,1831,4,SRR15183342,in vivo,extracellular,bulk,3-1
PA,483,1995,3,SRR15183342,in vivo,extracellular,bulk,3-1
PA,485,1771,1,SRR15183342,in vivo,extracellular,bulk,3-1
PA,486,1735,3,SRR15183342,in vivo,extracellular,bulk,3-1
PA,486,1742,2,SRR15183342,in vivo,extracellular,bulk,3-1
PA,486,1760,2,SRR15183342,in vivo,extracellular,bulk,3-1
PA,486,1837,4,SRR15183342,in vivo,extracellular,bulk,3-1
PA,487,1857,1,SRR15183342,in vivo,extracellular,bulk,3-1
PA,488,1824,9,SRR15183342,in vivo,extracellular,bulk,3-1
PA,489,1569,1,SRR15183342,in vivo,extracellular,bulk,3-1
PA,489,1730,3,SRR15183342,in vivo,extracellular,bulk,3-1
PA,489,1735,6,SRR15183342,in vivo,extracellular,bulk,3-1
PA,489,1753,7,SRR15183342,in vivo,extracellular,bulk,3-1
PA,489,1772,3,SRR15183342,in vivo,extracellular,bulk,3-1
PA,489,1826,8,SRR15183342,in vivo,extracellular,bulk,3-1
PA,489,1833,3,SRR15183342,in vivo,extracellular,bulk,3-1
PA,489,1836,1,SRR15183342,in vivo,extracellular,bulk,3-1
PA,489,1837,24,SRR15183342,in vivo,extracellular,bulk,3-1
PA,489,1887,4,SRR15183342,in vivo,extracellular,bulk,3-1
PA,490,1776,3,SRR15183342,in vivo,extracellular,bulk,3-1
PA,490,1823,84,SRR15183342,in vivo,extracellular,bulk,3-1
PA,490,1828,2,SRR15183342,in vivo,extracellular,bulk,3-1
PA,490,1833,67,SRR15183342,in vivo,extracellular,bulk,3-1
PA,490,1945,9,SRR15183342,in vivo,extracellular,bulk,3-1
PA,491,1696,2,SRR15183342,in vivo,extracellular,bulk,3-1
PA,494,1492,4,SRR15183342,in vivo,extracellular,bulk,3-1
PA,496,1743,1,SRR15183342,in vivo,extracellular,bulk,3-1
PA,496,1756,4,SRR15183342,in vivo,extracellular,bulk,3-1
PA,496,1773,3,SRR15183342,in vivo,extracellular,bulk,3-1
PA,496,1826,4,SRR15183342,in vivo,extracellular,bulk,3-1
PA,497,1704,11,SRR15183342,in vivo,extracellular,bulk,3-1
PA,497,1750,13,SRR15183342,in vivo,extracellular,bulk,3-1
PA,497,1810,2,SRR15183342,in vivo,extracellular,bulk,3-1
PA,497,1823,2,SRR15183342,in vivo,extracellular,bulk,3-1
PA,497,1828,42,SRR15183342,in vivo,extracellular,bulk,3-1
PA,498,1868,3,SRR15183342,in vivo,extracellular,bulk,3-1
PA,498,1885,1,SRR15183342,in vivo,extracellular,bulk,3-1
PA,499,1834,5,SRR15183342,in vivo,extracellular,bulk,3-1
PA,49,1711,1,SRR15183342,in vivo,extracellular,bulk,3-1
PA,500,1735,7,SRR15183342,in vivo,extracellular,bulk,3-1
PA,500,1760,9,SRR15183342,in vivo,extracellular,bulk,3-1
PA,501,1861,2,SRR15183342,in vivo,extracellular,bulk,3-1
PA,501,1870,3,SRR15183342,in vivo,extracellular,bulk,3-1
PA,502,1691,2,SRR15183342,in vivo,extracellular,bulk,3-1
PA,502,1721,2,SRR15183342,in vivo,extracellular,bulk,3-1
PA,502,1858,4,SRR15183342,in vivo,extracellular,bulk,3-1
PA,502,1906,2,SRR15183342,in vivo,extracellular,bulk,3-1
PA,503,1749,1,SRR15183342,in vivo,extracellular,bulk,3-1
PA,503,1751,13,SRR15183342,in vivo,extracellular,bulk,3-1
PA,503,1811,2,SRR15183342,in vivo,extracellular,bulk,3-1
PA,504,1730,2,SRR15183342,in vivo,extracellular,bulk,3-1
PA,505,1812,2,SRR15183342,in vivo,extracellular,bulk,3-1
PA,505,1828,14,SRR15183342,in vivo,extracellular,bulk,3-1
PA,506,1832,14,SRR15183342,in vivo,extracellular,bulk,3-1
PA,508,1822,1,SRR15183342,in vivo,extracellular,bulk,3-1
PA,518,1724,24,SRR15183342,in vivo,extracellular,bulk,3-1
PA,518,1728,2,SRR15183342,in vivo,extracellular,bulk,3-1
PA,518,1779,4,SRR15183342,in vivo,extracellular,bulk,3-1
PA,518,1827,3,SRR15183342,in vivo,extracellular,bulk,3-1
PA,518,1944,6,SRR15183342,in vivo,extracellular,bulk,3-1
PA,519,1688,4,SRR15183342,in vivo,extracellular,bulk,3-1
PA,519,1711,1,SRR15183342,in vivo,extracellular,bulk,3-1
PA,519,1738,4,SRR15183342,in vivo,extracellular,bulk,3-1
PA,519,1810,1,SRR15183342,in vivo,extracellular,bulk,3-1
PA,520,1720,4,SRR15183342,in vivo,extracellular,bulk,3-1
PA,520,1828,4,SRR15183342,in vivo,extracellular,bulk,3-1
PA,521,1463,1,SRR15183342,in vivo,extracellular,bulk,3-1
PA,521,1719,14,SRR15183342,in vivo,extracellular,bulk,3-1
PA,521,1722,1,SRR15183342,in vivo,extracellular,bulk,3-1
PA,521,1862,1,SRR15183342,in vivo,extracellular,bulk,3-1
PA,522,1772,1,SRR15183342,in vivo,extracellular,bulk,3-1
PA,524,1734,2,SRR15183342,in vivo,extracellular,bulk,3-1
PA,526,1757,3,SRR15183342,in vivo,extracellular,bulk,3-1
PA,527,1773,1,SRR15183342,in vivo,extracellular,bulk,3-1
PA,527,1861,168,SRR15183342,in vivo,extracellular,bulk,3-1
PA,527,790,1,SRR15183342,in vivo,extracellular,bulk,3-1
PA,528,1704,1,SRR15183342,in vivo,extracellular,bulk,3-1
PA,528,1870,1,SRR15183342,in vivo,extracellular,bulk,3-1
PA,529,1100,1,SRR15183342,in vivo,extracellular,bulk,3-1
PA,530,1681,1,SRR15183342,in vivo,extracellular,bulk,3-1
PA,530,1703,1,SRR15183342,in vivo,extracellular,bulk,3-1
PA,530,1899,4,SRR15183342,in vivo,extracellular,bulk,3-1
PA,531,1775,4,SRR15183342,in vivo,extracellular,bulk,3-1
PA,532,1538,2,SRR15183342,in vivo,extracellular,bulk,3-1
PA,532,1712,1,SRR15183342,in vivo,extracellular,bulk,3-1
PA,532,1777,6,SRR15183342,in vivo,extracellular,bulk,3-1
PA,532,1862,25,SRR15183342,in vivo,extracellular,bulk,3-1
PA,533,1294,2,SRR15183342,in vivo,extracellular,bulk,3-1
PA,533,1826,3,SRR15183342,in vivo,extracellular,bulk,3-1
PA,533,1838,4,SRR15183342,in vivo,extracellular,bulk,3-1
PA,533,2083,1,SRR15183342,in vivo,extracellular,bulk,3-1
PA,534,1897,1,SRR15183342,in vivo,extracellular,bulk,3-1
PA,535,1772,2,SRR15183342,in vivo,extracellular,bulk,3-1
PA,536,1767,4,SRR15183342,in vivo,extracellular,bulk,3-1
PA,538,1719,1,SRR15183342,in vivo,extracellular,bulk,3-1
PA,538,1856,28,SRR15183342,in vivo,extracellular,bulk,3-1
PA,538,1860,2,SRR15183342,in vivo,extracellular,bulk,3-1
PA,538,1866,3,SRR15183342,in vivo,extracellular,bulk,3-1
PA,539,1860,46,SRR15183342,in vivo,extracellular,bulk,3-1
PA,540,1774,5,SRR15183342,in vivo,extracellular,bulk,3-1
PA,541,1688,1,SRR15183342,in vivo,extracellular,bulk,3-1
PA,541,1706,9,SRR15183342,in vivo,extracellular,bulk,3-1
PA,541,1710,5,SRR15183342,in vivo,extracellular,bulk,3-1
PA,541,1735,3,SRR15183342,in vivo,extracellular,bulk,3-1
PA,541,1742,5,SRR15183342,in vivo,extracellular,bulk,3-1
PA,542,1695,2,SRR15183342,in vivo,extracellular,bulk,3-1
PA,542,1854,12,SRR15183342,in vivo,extracellular,bulk,3-1
PA,543,1678,2,SRR15183342,in vivo,extracellular,bulk,3-1
PA,543,1728,2,SRR15183342,in vivo,extracellular,bulk,3-1
PA,543,1858,1,SRR15183342,in vivo,extracellular,bulk,3-1
PA,543,1921,7,SRR15183342,in vivo,extracellular,bulk,3-1
PA,544,1757,1,SRR15183342,in vivo,extracellular,bulk,3-1
PA,545,1772,2,SRR15183342,in vivo,extracellular,bulk,3-1
PA,546,1761,14,SRR15183342,in vivo,extracellular,bulk,3-1
PA,546,2003,1,SRR15183342,in vivo,extracellular,bulk,3-1
PA,547,1100,1,SRR15183342,in vivo,extracellular,bulk,3-1
PA,547,1772,1,SRR15183342,in vivo,extracellular,bulk,3-1
PA,548,1778,2,SRR15183342,in vivo,extracellular,bulk,3-1
PA,549,1813,7,SRR15183342,in vivo,extracellular,bulk,3-1
PA,556,1639,1,SRR15183342,in vivo,extracellular,bulk,3-1
PA,557,1853,3,SRR15183342,in vivo,extracellular,bulk,3-1
PA,559,1641,3,SRR15183342,in vivo,extracellular,bulk,3-1
PA,562,1683,7,SRR15183342,in vivo,extracellular,bulk,3-1
PA,562,1745,2,SRR15183342,in vivo,extracellular,bulk,3-1
PA,562,1897,2,SRR15183342,in vivo,extracellular,bulk,3-1
PA,573,1393,1,SRR15183342,in vivo,extracellular,bulk,3-1
PA,573,1472,3,SRR15183342,in vivo,extracellular,bulk,3-1
PA,573,1832,2,SRR15183342,in vivo,extracellular,bulk,3-1
PA,573,1858,2,SRR15183342,in vivo,extracellular,bulk,3-1
PA,578,1689,66,SRR15183342,in vivo,extracellular,bulk,3-1
PA,578,1724,1,SRR15183342,in vivo,extracellular,bulk,3-1
PA,579,1730,3,SRR15183342,in vivo,extracellular,bulk,3-1
PA,580,1641,1,SRR15183342,in vivo,extracellular,bulk,3-1
PA,581,1734,6,SRR15183342,in vivo,extracellular,bulk,3-1
PA,581,616,2,SRR15183342,in vivo,extracellular,bulk,3-1
PA,582,1686,1,SRR15183342,in vivo,extracellular,bulk,3-1
PA,582,1812,2,SRR15183342,in vivo,extracellular,bulk,3-1
PA,583,1825,1,SRR15183342,in vivo,extracellular,bulk,3-1
PA,593,2044,1,SRR15183342,in vivo,extracellular,bulk,3-1
PA,595,618,1,SRR15183342,in vivo,extracellular,bulk,3-1
PA,598,1751,1,SRR15183342,in vivo,extracellular,bulk,3-1
PA,600,1714,1,SRR15183342,in vivo,extracellular,bulk,3-1
PA,601,1686,10,SRR15183342,in vivo,extracellular,bulk,3-1
PA,602,1464,1,SRR15183342,in vivo,extracellular,bulk,3-1
PA,602,1499,2,SRR15183342,in vivo,extracellular,bulk,3-1
PA,602,1679,1,SRR15183342,in vivo,extracellular,bulk,3-1
PA,602,1716,1,SRR15183342,in vivo,extracellular,bulk,3-1
PA,602,1720,2,SRR15183342,in vivo,extracellular,bulk,3-1
PA,602,1823,4,SRR15183342,in vivo,extracellular,bulk,3-1
PA,604,1677,1,SRR15183342,in vivo,extracellular,bulk,3-1
PA,610,1723,2,SRR15183342,in vivo,extracellular,bulk,3-1
PA,611,1921,1,SRR15183342,in vivo,extracellular,bulk,3-1
PA,612,1676,3,SRR15183342,in vivo,extracellular,bulk,3-1
PA,612,1772,5,SRR15183342,in vivo,extracellular,bulk,3-1
PA,614,1724,7,SRR15183342,in vivo,extracellular,bulk,3-1
PA,616,1690,1,SRR15183342,in vivo,extracellular,bulk,3-1
PA,618,1537,1,SRR15183342,in vivo,extracellular,bulk,3-1
PA,618,1761,1,SRR15183342,in vivo,extracellular,bulk,3-1
PA,618,1782,2,SRR15183342,in vivo,extracellular,bulk,3-1
PA,622,853,1,SRR15183342,in vivo,extracellular,bulk,3-1
PA,623,1707,1,SRR15183342,in vivo,extracellular,bulk,3-1
PA,623,834,2,SRR15183342,in vivo,extracellular,bulk,3-1
PA,624,1773,2,SRR15183342,in vivo,extracellular,bulk,3-1
PA,624,2164,2,SRR15183342,in vivo,extracellular,bulk,3-1
PA,625,1772,2,SRR15183342,in vivo,extracellular,bulk,3-1
PA,627,1634,2,SRR15183342,in vivo,extracellular,bulk,3-1
PA,629,1571,10,SRR15183342,in vivo,extracellular,bulk,3-1
PA,62,1948,73,SRR15183342,in vivo,extracellular,bulk,3-1
PA,630,1407,2,SRR15183342,in vivo,extracellular,bulk,3-1
PA,630,1642,3,SRR15183342,in vivo,extracellular,bulk,3-1
PA,630,1644,5,SRR15183342,in vivo,extracellular,bulk,3-1
PA,630,1686,2,SRR15183342,in vivo,extracellular,bulk,3-1
PA,630,1687,3,SRR15183342,in vivo,extracellular,bulk,3-1
PA,630,1711,11,SRR15183342,in vivo,extracellular,bulk,3-1
PA,630,1735,3,SRR15183342,in vivo,extracellular,bulk,3-1
PA,635,1521,8,SRR15183342,in vivo,extracellular,bulk,3-1
PA,635,1686,1,SRR15183342,in vivo,extracellular,bulk,3-1
PA,635,1756,1,SRR15183342,in vivo,extracellular,bulk,3-1
PA,635,1833,18,SRR15183342,in vivo,extracellular,bulk,3-1
PA,636,1485,2,SRR15183342,in vivo,extracellular,bulk,3-1
PA,636,1620,4,SRR15183342,in vivo,extracellular,bulk,3-1
PA,636,1637,2,SRR15183342,in vivo,extracellular,bulk,3-1
PA,636,1639,6,SRR15183342,in vivo,extracellular,bulk,3-1
PA,638,1681,1,SRR15183342,in vivo,extracellular,bulk,3-1
PA,638,1898,1,SRR15183342,in vivo,extracellular,bulk,3-1
PA,649,1640,4,SRR15183342,in vivo,extracellular,bulk,3-1
PA,653,1639,10,SRR15183342,in vivo,extracellular,bulk,3-1
PA,653,1750,1,SRR15183342,in vivo,extracellular,bulk,3-1
PA,654,1638,77,SRR15183342,in vivo,extracellular,bulk,3-1
PA,656,1641,3,SRR15183342,in vivo,extracellular,bulk,3-1
PA,656,1686,1,SRR15183342,in vivo,extracellular,bulk,3-1
PA,656,1735,1,SRR15183342,in vivo,extracellular,bulk,3-1
PA,657,1616,4,SRR15183342,in vivo,extracellular,bulk,3-1
PA,657,1637,1,SRR15183342,in vivo,extracellular,bulk,3-1
PA,658,1521,1,SRR15183342,in vivo,extracellular,bulk,3-1
PA,659,2085,4,SRR15183342,in vivo,extracellular,bulk,3-1
PA,660,1821,1,SRR15183342,in vivo,extracellular,bulk,3-1
PA,661,1641,6,SRR15183342,in vivo,extracellular,bulk,3-1
PA,670,1621,12,SRR15183342,in vivo,extracellular,bulk,3-1
PA,675,2083,1,SRR15183342,in vivo,extracellular,bulk,3-1
PA,67,92,8,SRR15183342,in vivo,extracellular,bulk,3-1
PA,698,1638,3,SRR15183342,in vivo,extracellular,bulk,3-1
PA,698,1694,1,SRR15183342,in vivo,extracellular,bulk,3-1
PA,698,1708,2,SRR15183342,in vivo,extracellular,bulk,3-1
PA,698,1860,121,SRR15183342,in vivo,extracellular,bulk,3-1
PA,698,926,1,SRR15183342,in vivo,extracellular,bulk,3-1
PA,69,1675,1,SRR15183342,in vivo,extracellular,bulk,3-1
PA,700,1552,1,SRR15183342,in vivo,extracellular,bulk,3-1
PA,701,922,2,SRR15183342,in vivo,extracellular,bulk,3-1
PA,703,1677,8,SRR15183342,in vivo,extracellular,bulk,3-1
PA,706,1618,3,SRR15183342,in vivo,extracellular,bulk,3-1
PA,706,1703,1,SRR15183342,in vivo,extracellular,bulk,3-1
PA,708,1830,1,SRR15183342,in vivo,extracellular,bulk,3-1
PA,710,1676,12,SRR15183342,in vivo,extracellular,bulk,3-1
PA,714,1686,2,SRR15183342,in vivo,extracellular,bulk,3-1
PA,714,1688,3,SRR15183342,in vivo,extracellular,bulk,3-1
PA,719,1534,5,SRR15183342,in vivo,extracellular,bulk,3-1
PA,719,1691,3,SRR15183342,in vivo,extracellular,bulk,3-1
PA,721,1534,3,SRR15183342,in vivo,extracellular,bulk,3-1
PA,721,2181,1,SRR15183342,in vivo,extracellular,bulk,3-1
PA,763,1402,2,SRR15183342,in vivo,extracellular,bulk,3-1
PA,764,1566,1,SRR15183342,in vivo,extracellular,bulk,3-1
PA,765,1634,1,SRR15183342,in vivo,extracellular,bulk,3-1
PA,775,1491,2,SRR15183342,in vivo,extracellular,bulk,3-1
PA,775,1550,2,SRR15183342,in vivo,extracellular,bulk,3-1
PA,776,1417,1,SRR15183342,in vivo,extracellular,bulk,3-1
PA,776,1447,5,SRR15183342,in vivo,extracellular,bulk,3-1
PA,776,1581,1,SRR15183342,in vivo,extracellular,bulk,3-1
PA,776,1616,3,SRR15183342,in vivo,extracellular,bulk,3-1
PA,778,1545,1,SRR15183342,in vivo,extracellular,bulk,3-1
PA,77,2003,1,SRR15183342,in vivo,extracellular,bulk,3-1
PA,780,1638,3,SRR15183342,in vivo,extracellular,bulk,3-1
PA,793,1483,1,SRR15183342,in vivo,extracellular,bulk,3-1
PA,795,1637,1,SRR15183342,in vivo,extracellular,bulk,3-1
PA,796,1533,2,SRR15183342,in vivo,extracellular,bulk,3-1
PA,798,1487,1,SRR15183342,in vivo,extracellular,bulk,3-1
PA,799,1533,1,SRR15183342,in vivo,extracellular,bulk,3-1
PA,800,1522,1,SRR15183342,in vivo,extracellular,bulk,3-1
PA,801,1406,2,SRR15183342,in vivo,extracellular,bulk,3-1
PA,804,1610,1,SRR15183342,in vivo,extracellular,bulk,3-1
PA,807,1449,1,SRR15183342,in vivo,extracellular,bulk,3-1
PA,808,1561,1,SRR15183342,in vivo,extracellular,bulk,3-1
PA,808,900,2,SRR15183342,in vivo,extracellular,bulk,3-1
PA,810,1854,1,SRR15183342,in vivo,extracellular,bulk,3-1
PA,811,1403,3,SRR15183342,in vivo,extracellular,bulk,3-1
PA,811,1485,2,SRR15183342,in vivo,extracellular,bulk,3-1
PA,81,1350,2,SRR15183342,in vivo,extracellular,bulk,3-1
PA,821,1948,1,SRR15183342,in vivo,extracellular,bulk,3-1
PA,823,1563,1,SRR15183342,in vivo,extracellular,bulk,3-1
PA,824,1493,1,SRR15183342,in vivo,extracellular,bulk,3-1
PA,827,1487,2,SRR15183342,in vivo,extracellular,bulk,3-1
PA,82,1582,1,SRR15183342,in vivo,extracellular,bulk,3-1
PA,833,1375,1,SRR15183342,in vivo,extracellular,bulk,3-1
PA,833,1442,1,SRR15183342,in vivo,extracellular,bulk,3-1
PA,837,1362,1,SRR15183342,in vivo,extracellular,bulk,3-1
PA,837,1427,4,SRR15183342,in vivo,extracellular,bulk,3-1
PA,837,1462,2,SRR15183342,in vivo,extracellular,bulk,3-1
PA,838,1547,3,SRR15183342,in vivo,extracellular,bulk,3-1
PA,83,1504,1,SRR15183342,in vivo,extracellular,bulk,3-1
PA,847,1534,2,SRR15183342,in vivo,extracellular,bulk,3-1
PA,854,1470,2,SRR15183342,in vivo,extracellular,bulk,3-1
PA,857,1534,1,SRR15183342,in vivo,extracellular,bulk,3-1
PA,864,1530,1,SRR15183342,in vivo,extracellular,bulk,3-1
PA,865,1352,1,SRR15183342,in vivo,extracellular,bulk,3-1
PA,865,1581,1,SRR15183342,in vivo,extracellular,bulk,3-1
PA,878,1950,5,SRR15183342,in vivo,extracellular,bulk,3-1
PA,87,2104,1,SRR15183342,in vivo,extracellular,bulk,3-1
PA,91,1928,14,SRR15183342,in vivo,extracellular,bulk,3-1
PA,92,1682,2,SRR15183342,in vivo,extracellular,bulk,3-1
PA,952,1704,1,SRR15183342,in vivo,extracellular,bulk,3-1
PA,95,1714,1,SRR15183342,in vivo,extracellular,bulk,3-1
PA,964,1076,2,SRR15183342,in vivo,extracellular,bulk,3-1
PA,96,1274,1,SRR15183342,in vivo,extracellular,bulk,3-1
PA,96,853,1,SRR15183342,in vivo,extracellular,bulk,3-1
HA,1022,1089,2,SRR15183342,in vivo,extracellular,bulk,3-1
HA,1067,1170,1,SRR15183342,in vivo,extracellular,bulk,3-1
HA,1087,1687,2,SRR15183342,in vivo,extracellular,bulk,3-1
HA,1095,1457,2,SRR15183342,in vivo,extracellular,bulk,3-1
HA,1103,1461,1,SRR15183342,in vivo,extracellular,bulk,3-1
HA,1128,1267,2,SRR15183342,in vivo,extracellular,bulk,3-1
HA,113,735,2,SRR15183342,in vivo,extracellular,bulk,3-1
HA,1175,1303,1,SRR15183342,in vivo,extracellular,bulk,3-1
HA,1192,1666,1,SRR15183342,in vivo,extracellular,bulk,3-1
HA,1206,1559,1,SRR15183342,in vivo,extracellular,bulk,3-1
HA,1206,1639,2,SRR15183342,in vivo,extracellular,bulk,3-1
HA,123,1684,1,SRR15183342,in vivo,extracellular,bulk,3-1
HA,124,1685,1,SRR15183342,in vivo,extracellular,bulk,3-1
HA,1324,1422,1,SRR15183342,in vivo,extracellular,bulk,3-1
HA,137,170,5,SRR15183342,in vivo,extracellular,bulk,3-1
HA,145,701,1,SRR15183342,in vivo,extracellular,bulk,3-1
HA,1579,1632,1,SRR15183342,in vivo,extracellular,bulk,3-1
HA,185,400,2,SRR15183342,in vivo,extracellular,bulk,3-1
HA,195,1176,1,SRR15183342,in vivo,extracellular,bulk,3-1
HA,208,1260,1,SRR15183342,in vivo,extracellular,bulk,3-1
HA,209,1558,3,SRR15183342,in vivo,extracellular,bulk,3-1
HA,216,1487,3,SRR15183342,in vivo,extracellular,bulk,3-1
HA,219,1651,1,SRR15183342,in vivo,extracellular,bulk,3-1
HA,220,1631,3,SRR15183342,in vivo,extracellular,bulk,3-1
HA,221,1645,1,SRR15183342,in vivo,extracellular,bulk,3-1
HA,229,1562,2,SRR15183342,in vivo,extracellular,bulk,3-1
HA,232,1556,7,SRR15183342,in vivo,extracellular,bulk,3-1
HA,233,1081,2,SRR15183342,in vivo,extracellular,bulk,3-1
HA,233,1651,1,SRR15183342,in vivo,extracellular,bulk,3-1
HA,236,1556,2,SRR15183342,in vivo,extracellular,bulk,3-1
HA,236,1648,1,SRR15183342,in vivo,extracellular,bulk,3-1
HA,236,689,2,SRR15183342,in vivo,extracellular,bulk,3-1
HA,237,1561,17,SRR15183342,in vivo,extracellular,bulk,3-1
HA,237,1631,5,SRR15183342,in vivo,extracellular,bulk,3-1
HA,238,1684,22,SRR15183342,in vivo,extracellular,bulk,3-1
HA,271,1545,8,SRR15183342,in vivo,extracellular,bulk,3-1
HA,278,1529,4,SRR15183342,in vivo,extracellular,bulk,3-1
HA,278,1560,10,SRR15183342,in vivo,extracellular,bulk,3-1
HA,278,1562,13,SRR15183342,in vivo,extracellular,bulk,3-1
HA,278,1644,1,SRR15183342,in vivo,extracellular,bulk,3-1
HA,278,771,1,SRR15183342,in vivo,extracellular,bulk,3-1
HA,279,1481,8,SRR15183342,in vivo,extracellular,bulk,3-1
HA,280,1184,1,SRR15183342,in vivo,extracellular,bulk,3-1
HA,280,1560,2,SRR15183342,in vivo,extracellular,bulk,3-1
HA,281,1415,1,SRR15183342,in vivo,extracellular,bulk,3-1
HA,281,1419,2,SRR15183342,in vivo,extracellular,bulk,3-1
HA,30,1687,1,SRR15183342,in vivo,extracellular,bulk,3-1
HA,366,1450,8,SRR15183342,in vivo,extracellular,bulk,3-1
HA,367,1288,3,SRR15183342,in vivo,extracellular,bulk,3-1
HA,367,1470,17,SRR15183342,in vivo,extracellular,bulk,3-1
HA,377,1329,2,SRR15183342,in vivo,extracellular,bulk,3-1
HA,392,1453,6,SRR15183342,in vivo,extracellular,bulk,3-1
HA,392,1555,1,SRR15183342,in vivo,extracellular,bulk,3-1
HA,410,1184,2,SRR15183342,in vivo,extracellular,bulk,3-1
HA,410,1484,1,SRR15183342,in vivo,extracellular,bulk,3-1
HA,412,1076,2,SRR15183342,in vivo,extracellular,bulk,3-1
HA,413,1147,3,SRR15183342,in vivo,extracellular,bulk,3-1
HA,418,1648,3,SRR15183342,in vivo,extracellular,bulk,3-1
HA,420,1257,2,SRR15183342,in vivo,extracellular,bulk,3-1
HA,490,829,1,SRR15183342,in vivo,extracellular,bulk,3-1
HA,492,1436,2,SRR15183342,in vivo,extracellular,bulk,3-1
HA,494,696,2,SRR15183342,in vivo,extracellular,bulk,3-1
HA,498,1163,2,SRR15183342,in vivo,extracellular,bulk,3-1
HA,509,1200,1,SRR15183342,in vivo,extracellular,bulk,3-1
HA,510,1468,2,SRR15183342,in vivo,extracellular,bulk,3-1
HA,66,344,1,SRR15183342,in vivo,extracellular,bulk,3-1
HA,722,1525,2,SRR15183342,in vivo,extracellular,bulk,3-1
HA,788,1431,1,SRR15183342,in vivo,extracellular,bulk,3-1
HA,814,1481,2,SRR15183342,in vivo,extracellular,bulk,3-1
HA,815,1034,1,SRR15183342,in vivo,extracellular,bulk,3-1
HA,817,1071,2,SRR15183342,in vivo,extracellular,bulk,3-1
HA,817,1472,2,SRR15183342,in vivo,extracellular,bulk,3-1
HA,819,1848,1,SRR15183342,in vivo,extracellular,bulk,3-1
HA,827,1252,4,SRR15183342,in vivo,extracellular,bulk,3-1
HA,841,1472,2,SRR15183342,in vivo,extracellular,bulk,3-1
HA,856,1557,2,SRR15183342,in vivo,extracellular,bulk,3-1
HA,876,1076,2,SRR15183342,in vivo,extracellular,bulk,3-1
HA,881,1534,1,SRR15183342,in vivo,extracellular,bulk,3-1
HA,886,984,16,SRR15183342,in vivo,extracellular,bulk,3-1
HA,896,1451,1,SRR15183342,in vivo,extracellular,bulk,3-1
HA,943,1077,1,SRR15183342,in vivo,extracellular,bulk,3-1
HA,963,1687,2,SRR15183342,in vivo,extracellular,bulk,3-1
NP,1015,1688,1,SRR15183342,in vivo,extracellular,bulk,3-1
NP,1038,1358,2,SRR15183342,in vivo,extracellular,bulk,3-1
NP,1046,1158,2,SRR15183342,in vivo,extracellular,bulk,3-1
NP,1129,1251,1,SRR15183342,in vivo,extracellular,bulk,3-1
NP,1160,1206,2,SRR15183342,in vivo,extracellular,bulk,3-1
NP,117,1623,3,SRR15183342,in vivo,extracellular,bulk,3-1
NP,1184,1287,1,SRR15183342,in vivo,extracellular,bulk,3-1
NP,1184,1360,1,SRR15183342,in vivo,extracellular,bulk,3-1
NP,1186,1678,1,SRR15183342,in vivo,extracellular,bulk,3-1
NP,119,1636,1,SRR15183342,in vivo,extracellular,bulk,3-1
NP,121,1624,1,SRR15183342,in vivo,extracellular,bulk,3-1
NP,122,1615,12,SRR15183342,in vivo,extracellular,bulk,3-1
NP,123,1605,7,SRR15183342,in vivo,extracellular,bulk,3-1
NP,123,1636,3,SRR15183342,in vivo,extracellular,bulk,3-1
NP,1260,1308,2,SRR15183342,in vivo,extracellular,bulk,3-1
NP,1334,1357,2,SRR15183342,in vivo,extracellular,bulk,3-1
NP,134,1549,10,SRR15183342,in vivo,extracellular,bulk,3-1
NP,1352,1481,2,SRR15183342,in vivo,extracellular,bulk,3-1
NP,1353,1533,2,SRR15183342,in vivo,extracellular,bulk,3-1
NP,142,1344,2,SRR15183342,in vivo,extracellular,bulk,3-1
NP,142,336,2,SRR15183342,in vivo,extracellular,bulk,3-1
NP,143,1599,3,SRR15183342,in vivo,extracellular,bulk,3-1
NP,145,1644,4,SRR15183342,in vivo,extracellular,bulk,3-1
NP,146,1621,2,SRR15183342,in vivo,extracellular,bulk,3-1
NP,149,1625,2,SRR15183342,in vivo,extracellular,bulk,3-1
NP,149,999,1,SRR15183342,in vivo,extracellular,bulk,3-1
NP,153,1561,5,SRR15183342,in vivo,extracellular,bulk,3-1
NP,1552,1628,2,SRR15183342,in vivo,extracellular,bulk,3-1
NP,1568,1621,2,SRR15183342,in vivo,extracellular,bulk,3-1
NP,158,1605,16,SRR15183342,in vivo,extracellular,bulk,3-1
NP,1635,1666,2,SRR15183342,in vivo,extracellular,bulk,3-1
NP,1652,1718,1,SRR15183342,in vivo,extracellular,bulk,3-1
NP,168,1717,1,SRR15183342,in vivo,extracellular,bulk,3-1
NP,168,971,1,SRR15183342,in vivo,extracellular,bulk,3-1
NP,171,226,1,SRR15183342,in vivo,extracellular,bulk,3-1
NP,180,1550,13,SRR15183342,in vivo,extracellular,bulk,3-1
NP,180,1565,6,SRR15183342,in vivo,extracellular,bulk,3-1
NP,184,1526,2,SRR15183342,in vivo,extracellular,bulk,3-1
NP,187,1625,11,SRR15183342,in vivo,extracellular,bulk,3-1
NP,189,1485,1,SRR15183342,in vivo,extracellular,bulk,3-1
NP,192,508,2,SRR15183342,in vivo,extracellular,bulk,3-1
NP,200,903,1,SRR15183342,in vivo,extracellular,bulk,3-1
NP,223,1511,2,SRR15183342,in vivo,extracellular,bulk,3-1
NP,227,1505,10,SRR15183342,in vivo,extracellular,bulk,3-1
NP,233,1378,1,SRR15183342,in vivo,extracellular,bulk,3-1
NP,233,1421,1,SRR15183342,in vivo,extracellular,bulk,3-1
NP,234,1503,1,SRR15183342,in vivo,extracellular,bulk,3-1
NP,234,1525,1,SRR15183342,in vivo,extracellular,bulk,3-1
NP,235,1541,1,SRR15183342,in vivo,extracellular,bulk,3-1
NP,248,1461,13,SRR15183342,in vivo,extracellular,bulk,3-1
NP,252,688,1,SRR15183342,in vivo,extracellular,bulk,3-1
NP,254,1505,4,SRR15183342,in vivo,extracellular,bulk,3-1
NP,257,1648,5,SRR15183342,in vivo,extracellular,bulk,3-1
NP,259,1375,2,SRR15183342,in vivo,extracellular,bulk,3-1
NP,259,1558,2,SRR15183342,in vivo,extracellular,bulk,3-1
NP,263,503,2,SRR15183342,in vivo,extracellular,bulk,3-1
NP,269,1514,2,SRR15183342,in vivo,extracellular,bulk,3-1
NP,269,1750,1,SRR15183342,in vivo,extracellular,bulk,3-1
NP,277,1481,10,SRR15183342,in vivo,extracellular,bulk,3-1
NP,277,1530,10,SRR15183342,in vivo,extracellular,bulk,3-1
NP,280,1543,1,SRR15183342,in vivo,extracellular,bulk,3-1
NP,282,1365,10,SRR15183342,in vivo,extracellular,bulk,3-1
NP,283,592,1,SRR15183342,in vivo,extracellular,bulk,3-1
NP,285,1481,1,SRR15183342,in vivo,extracellular,bulk,3-1
NP,285,1526,6,SRR15183342,in vivo,extracellular,bulk,3-1
NP,286,1374,4,SRR15183342,in vivo,extracellular,bulk,3-1
NP,286,1490,9,SRR15183342,in vivo,extracellular,bulk,3-1
NP,291,1599,1,SRR15183342,in vivo,extracellular,bulk,3-1
NP,293,1750,1,SRR15183342,in vivo,extracellular,bulk,3-1
NP,301,1006,1,SRR15183342,in vivo,extracellular,bulk,3-1
NP,301,884,2,SRR15183342,in vivo,extracellular,bulk,3-1
NP,33,212,1,SRR15183342,in vivo,extracellular,bulk,3-1
NP,349,1489,2,SRR15183342,in vivo,extracellular,bulk,3-1
NP,359,1168,2,SRR15183342,in vivo,extracellular,bulk,3-1
NP,359,1273,4,SRR15183342,in vivo,extracellular,bulk,3-1
NP,371,1360,1,SRR15183342,in vivo,extracellular,bulk,3-1
NP,373,951,1,SRR15183342,in vivo,extracellular,bulk,3-1
NP,374,1536,12,SRR15183342,in vivo,extracellular,bulk,3-1
NP,383,1321,2,SRR15183342,in vivo,extracellular,bulk,3-1
NP,426,1266,6,SRR15183342,in vivo,extracellular,bulk,3-1
NP,433,1273,2,SRR15183342,in vivo,extracellular,bulk,3-1
NP,436,1641,2,SRR15183342,in vivo,extracellular,bulk,3-1
NP,469,1011,1,SRR15183342,in vivo,extracellular,bulk,3-1
NP,470,1202,2,SRR15183342,in vivo,extracellular,bulk,3-1
NP,482,1143,1,SRR15183342,in vivo,extracellular,bulk,3-1
NP,485,1516,2,SRR15183342,in vivo,extracellular,bulk,3-1
NP,488,1306,7,SRR15183342,in vivo,extracellular,bulk,3-1
NP,489,1710,2,SRR15183342,in vivo,extracellular,bulk,3-1
NP,493,614,2,SRR15183342,in vivo,extracellular,bulk,3-1
NP,509,1362,1,SRR15183342,in vivo,extracellular,bulk,3-1
NP,523,1365,1,SRR15183342,in vivo,extracellular,bulk,3-1
NP,523,1380,6,SRR15183342,in vivo,extracellular,bulk,3-1
NP,523,1667,1,SRR15183342,in vivo,extracellular,bulk,3-1
NP,524,1202,6,SRR15183342,in vivo,extracellular,bulk,3-1
NP,524,1242,8,SRR15183342,in vivo,extracellular,bulk,3-1
NP,524,1255,12,SRR15183342,in vivo,extracellular,bulk,3-1
NP,526,1225,1,SRR15183342,in vivo,extracellular,bulk,3-1
NP,532,640,1,SRR15183342,in vivo,extracellular,bulk,3-1
NP,533,1365,1,SRR15183342,in vivo,extracellular,bulk,3-1
NP,538,1221,4,SRR15183342,in vivo,extracellular,bulk,3-1
NP,538,760,1,SRR15183342,in vivo,extracellular,bulk,3-1
NP,538,934,1,SRR15183342,in vivo,extracellular,bulk,3-1
NP,540,1214,1,SRR15183342,in vivo,extracellular,bulk,3-1
NP,545,1365,2,SRR15183342,in vivo,extracellular,bulk,3-1
NP,547,1306,25,SRR15183342,in vivo,extracellular,bulk,3-1
NP,563,1238,4,SRR15183342,in vivo,extracellular,bulk,3-1
NP,564,1380,1,SRR15183342,in vivo,extracellular,bulk,3-1
NP,567,1015,1,SRR15183342,in vivo,extracellular,bulk,3-1
NP,576,1405,1,SRR15183342,in vivo,extracellular,bulk,3-1
NP,610,1677,2,SRR15183342,in vivo,extracellular,bulk,3-1
NP,612,1290,1,SRR15183342,in vivo,extracellular,bulk,3-1
NP,617,1201,5,SRR15183342,in vivo,extracellular,bulk,3-1
NP,661,761,2,SRR15183342,in vivo,extracellular,bulk,3-1
NP,689,911,1,SRR15183342,in vivo,extracellular,bulk,3-1
NP,692,1471,4,SRR15183342,in vivo,extracellular,bulk,3-1
NP,709,1609,1,SRR15183342,in vivo,extracellular,bulk,3-1
NP,74,1510,3,SRR15183342,in vivo,extracellular,bulk,3-1
NP,818,1101,1,SRR15183342,in vivo,extracellular,bulk,3-1
NP,820,1242,2,SRR15183342,in vivo,extracellular,bulk,3-1
NP,82,1020,1,SRR15183342,in vivo,extracellular,bulk,3-1
NP,833,1697,1,SRR15183342,in vivo,extracellular,bulk,3-1
NP,83,999,2,SRR15183342,in vivo,extracellular,bulk,3-1
NP,843,1116,2,SRR15183342,in vivo,extracellular,bulk,3-1
NP,84,1558,1,SRR15183342,in vivo,extracellular,bulk,3-1
NP,869,1264,1,SRR15183342,in vivo,extracellular,bulk,3-1
NP,86,1546,1,SRR15183342,in vivo,extracellular,bulk,3-1
NP,86,1560,3,SRR15183342,in vivo,extracellular,bulk,3-1
NP,88,1639,2,SRR15183342,in vivo,extracellular,bulk,3-1
NP,922,951,2,SRR15183342,in vivo,extracellular,bulk,3-1
NP,930,1661,1,SRR15183342,in vivo,extracellular,bulk,3-1
NP,948,1687,1,SRR15183342,in vivo,extracellular,bulk,3-1
NP,960,1424,1,SRR15183342,in vivo,extracellular,bulk,3-1
NP,982,1049,1,SRR15183342,in vivo,extracellular,bulk,3-1
NA,1000,1282,1,SRR15183342,in vivo,extracellular,bulk,3-1
NA,100,674,1,SRR15183342,in vivo,extracellular,bulk,3-1
NA,101,320,1,SRR15183342,in vivo,extracellular,bulk,3-1
NA,1025,1361,1,SRR15183342,in vivo,extracellular,bulk,3-1
NA,104,955,1,SRR15183342,in vivo,extracellular,bulk,3-1
NA,105,342,1,SRR15183342,in vivo,extracellular,bulk,3-1
NA,105,463,2,SRR15183342,in vivo,extracellular,bulk,3-1
NA,1064,1320,2,SRR15183342,in vivo,extracellular,bulk,3-1
NA,1064,1478,1,SRR15183342,in vivo,extracellular,bulk,3-1
NA,1115,1328,1,SRR15183342,in vivo,extracellular,bulk,3-1
NA,1132,1297,2,SRR15183342,in vivo,extracellular,bulk,3-1
NA,1155,1302,1,SRR15183342,in vivo,extracellular,bulk,3-1
NA,1185,1312,1,SRR15183342,in vivo,extracellular,bulk,3-1
NA,1221,1464,1,SRR15183342,in vivo,extracellular,bulk,3-1
NA,1297,1324,10,SRR15183342,in vivo,extracellular,bulk,3-1
NA,1298,1327,2,SRR15183342,in vivo,extracellular,bulk,3-1
NA,1314,1472,1,SRR15183342,in vivo,extracellular,bulk,3-1
NA,1314,1488,1,SRR15183342,in vivo,extracellular,bulk,3-1
NA,1334,1447,1,SRR15183342,in vivo,extracellular,bulk,3-1
NA,1476,1515,1,SRR15183342,in vivo,extracellular,bulk,3-1
NA,168,804,1,SRR15183342,in vivo,extracellular,bulk,3-1
NA,169,593,1,SRR15183342,in vivo,extracellular,bulk,3-1
NA,175,405,2,SRR15183342,in vivo,extracellular,bulk,3-1
NA,175,570,1,SRR15183342,in vivo,extracellular,bulk,3-1
NA,242,445,1,SRR15183342,in vivo,extracellular,bulk,3-1
NA,245,501,2,SRR15183342,in vivo,extracellular,bulk,3-1
NA,263,1531,1,SRR15183342,in vivo,extracellular,bulk,3-1
NA,26,1307,1,SRR15183342,in vivo,extracellular,bulk,3-1
NA,332,1280,1,SRR15183342,in vivo,extracellular,bulk,3-1
NA,335,469,1,SRR15183342,in vivo,extracellular,bulk,3-1
NA,345,1100,3,SRR15183342,in vivo,extracellular,bulk,3-1
NA,345,1231,2,SRR15183342,in vivo,extracellular,bulk,3-1
NA,345,724,2,SRR15183342,in vivo,extracellular,bulk,3-1
NA,348,1202,8,SRR15183342,in vivo,extracellular,bulk,3-1
NA,363,445,2,SRR15183342,in vivo,extracellular,bulk,3-1
NA,364,758,1,SRR15183342,in vivo,extracellular,bulk,3-1
NA,365,838,2,SRR15183342,in vivo,extracellular,bulk,3-1
NA,367,1087,2,SRR15183342,in vivo,extracellular,bulk,3-1
NA,368,428,2,SRR15183342,in vivo,extracellular,bulk,3-1
NA,385,502,2,SRR15183342,in vivo,extracellular,bulk,3-1
NA,391,1103,3,SRR15183342,in vivo,extracellular,bulk,3-1
NA,391,1156,15,SRR15183342,in vivo,extracellular,bulk,3-1
NA,406,431,1,SRR15183342,in vivo,extracellular,bulk,3-1
NA,422,966,1,SRR15183342,in vivo,extracellular,bulk,3-1
NA,422,977,2,SRR15183342,in vivo,extracellular,bulk,3-1
NA,473,926,2,SRR15183342,in vivo,extracellular,bulk,3-1
NA,490,1473,1,SRR15183342,in vivo,extracellular,bulk,3-1
NA,50,1029,1,SRR15183342,in vivo,extracellular,bulk,3-1
NA,529,919,2,SRR15183342,in vivo,extracellular,bulk,3-1
NA,538,1118,1,SRR15183342,in vivo,extracellular,bulk,3-1
NA,538,965,1,SRR15183342,in vivo,extracellular,bulk,3-1
NA,543,910,2,SRR15183342,in vivo,extracellular,bulk,3-1
NA,547,1029,2,SRR15183342,in vivo,extracellular,bulk,3-1
NA,558,946,1,SRR15183342,in vivo,extracellular,bulk,3-1
NA,596,1447,1,SRR15183342,in vivo,extracellular,bulk,3-1
NA,603,752,1,SRR15183342,in vivo,extracellular,bulk,3-1
NA,604,731,1,SRR15183342,in vivo,extracellular,bulk,3-1
NA,607,1379,2,SRR15183342,in vivo,extracellular,bulk,3-1
NA,608,974,1,SRR15183342,in vivo,extracellular,bulk,3-1
NA,620,642,2,SRR15183342,in vivo,extracellular,bulk,3-1
NA,649,1201,1,SRR15183342,in vivo,extracellular,bulk,3-1
NA,668,1299,1,SRR15183342,in vivo,extracellular,bulk,3-1
NA,671,1305,1,SRR15183342,in vivo,extracellular,bulk,3-1
NA,676,1211,3,SRR15183342,in vivo,extracellular,bulk,3-1
NA,676,979,1,SRR15183342,in vivo,extracellular,bulk,3-1
NA,680,1095,1,SRR15183342,in vivo,extracellular,bulk,3-1
NA,719,847,1,SRR15183342,in vivo,extracellular,bulk,3-1
NA,739,1093,2,SRR15183342,in vivo,extracellular,bulk,3-1
NA,753,918,2,SRR15183342,in vivo,extracellular,bulk,3-1
NA,760,1381,1,SRR15183342,in vivo,extracellular,bulk,3-1
NA,763,1129,1,SRR15183342,in vivo,extracellular,bulk,3-1
NA,763,948,2,SRR15183342,in vivo,extracellular,bulk,3-1
NA,77,736,1,SRR15183342,in vivo,extracellular,bulk,3-1
NA,839,1271,1,SRR15183342,in vivo,extracellular,bulk,3-1
NA,845,1297,1,SRR15183342,in vivo,extracellular,bulk,3-1
NA,846,1320,1,SRR15183342,in vivo,extracellular,bulk,3-1
NA,916,1116,1,SRR15183342,in vivo,extracellular,bulk,3-1
NA,923,1279,1,SRR15183342,in vivo,extracellular,bulk,3-1
NA,929,1447,1,SRR15183342,in vivo,extracellular,bulk,3-1
NA,948,1017,2,SRR15183342,in vivo,extracellular,bulk,3-1
NA,952,1029,1,SRR15183342,in vivo,extracellular,bulk,3-1
NA,954,1016,1,SRR15183342,in vivo,extracellular,bulk,3-1
NA,95,660,1,SRR15183342,in vivo,extracellular,bulk,3-1
NA,964,1161,2,SRR15183342,in vivo,extracellular,bulk,3-1
NA,983,1149,1,SRR15183342,in vivo,extracellular,bulk,3-1
M,101,363,2,SRR15183342,in vivo,extracellular,bulk,3-1
M,102,1050,1,SRR15183342,in vivo,extracellular,bulk,3-1
M,105,288,1,SRR15183342,in vivo,extracellular,bulk,3-1
M,1067,1112,1,SRR15183342,in vivo,extracellular,bulk,3-1
M,1078,1112,1,SRR15183342,in vivo,extracellular,bulk,3-1
M,107,1013,5,SRR15183342,in vivo,extracellular,bulk,3-1
M,108,1059,2,SRR15183342,in vivo,extracellular,bulk,3-1
M,108,917,1,SRR15183342,in vivo,extracellular,bulk,3-1
M,109,1114,1,SRR15183342,in vivo,extracellular,bulk,3-1
M,113,715,1,SRR15183342,in vivo,extracellular,bulk,3-1
M,115,1029,4,SRR15183342,in vivo,extracellular,bulk,3-1
M,116,230,1,SRR15183342,in vivo,extracellular,bulk,3-1
M,116,291,1,SRR15183342,in vivo,extracellular,bulk,3-1
M,117,1018,2,SRR15183342,in vivo,extracellular,bulk,3-1
M,122,981,2,SRR15183342,in vivo,extracellular,bulk,3-1
M,123,201,1,SRR15183342,in vivo,extracellular,bulk,3-1
M,127,224,2,SRR15183342,in vivo,extracellular,bulk,3-1
M,128,1030,1,SRR15183342,in vivo,extracellular,bulk,3-1
M,128,694,1,SRR15183342,in vivo,extracellular,bulk,3-1
M,130,161,1,SRR15183342,in vivo,extracellular,bulk,3-1
M,131,1030,2,SRR15183342,in vivo,extracellular,bulk,3-1
M,132,1029,2,SRR15183342,in vivo,extracellular,bulk,3-1
M,132,1034,1,SRR15183342,in vivo,extracellular,bulk,3-1
M,134,1032,3,SRR15183342,in vivo,extracellular,bulk,3-1
M,135,1025,1,SRR15183342,in vivo,extracellular,bulk,3-1
M,135,1058,9,SRR15183342,in vivo,extracellular,bulk,3-1
M,137,1063,2,SRR15183342,in vivo,extracellular,bulk,3-1
M,138,582,1,SRR15183342,in vivo,extracellular,bulk,3-1
M,140,1066,157,SRR15183342,in vivo,extracellular,bulk,3-1
M,140,652,1,SRR15183342,in vivo,extracellular,bulk,3-1
M,141,1009,2,SRR15183342,in vivo,extracellular,bulk,3-1
M,141,1059,1,SRR15183342,in vivo,extracellular,bulk,3-1
M,141,572,1,SRR15183342,in vivo,extracellular,bulk,3-1
M,142,1009,2,SRR15183342,in vivo,extracellular,bulk,3-1
M,142,820,2,SRR15183342,in vivo,extracellular,bulk,3-1
M,143,1029,2,SRR15183342,in vivo,extracellular,bulk,3-1
M,144,228,2,SRR15183342,in vivo,extracellular,bulk,3-1
M,146,591,1,SRR15183342,in vivo,extracellular,bulk,3-1
M,147,1055,3,SRR15183342,in vivo,extracellular,bulk,3-1
M,148,1028,2,SRR15183342,in vivo,extracellular,bulk,3-1
M,152,1067,1,SRR15183342,in vivo,extracellular,bulk,3-1
M,153,1014,12,SRR15183342,in vivo,extracellular,bulk,3-1
M,154,188,1,SRR15183342,in vivo,extracellular,bulk,3-1
M,156,1071,299,SRR15183342,in vivo,extracellular,bulk,3-1
M,158,619,1,SRR15183342,in vivo,extracellular,bulk,3-1
M,159,1026,2,SRR15183342,in vivo,extracellular,bulk,3-1
M,159,493,2,SRR15183342,in vivo,extracellular,bulk,3-1
M,159,713,1,SRR15183342,in vivo,extracellular,bulk,3-1
M,159,920,2,SRR15183342,in vivo,extracellular,bulk,3-1
M,160,392,1,SRR15183342,in vivo,extracellular,bulk,3-1
M,160,397,1,SRR15183342,in vivo,extracellular,bulk,3-1
M,162,406,1,SRR15183342,in vivo,extracellular,bulk,3-1
M,166,1063,2,SRR15183342,in vivo,extracellular,bulk,3-1
M,169,930,2,SRR15183342,in vivo,extracellular,bulk,3-1
M,170,1030,3,SRR15183342,in vivo,extracellular,bulk,3-1
M,170,926,1,SRR15183342,in vivo,extracellular,bulk,3-1
M,171,1022,3,SRR15183342,in vivo,extracellular,bulk,3-1
M,171,293,1,SRR15183342,in vivo,extracellular,bulk,3-1
M,171,744,1,SRR15183342,in vivo,extracellular,bulk,3-1
M,172,1062,3,SRR15183342,in vivo,extracellular,bulk,3-1
M,172,230,1,SRR15183342,in vivo,extracellular,bulk,3-1
M,173,1027,2,SRR15183342,in vivo,extracellular,bulk,3-1
M,184,619,1,SRR15183342,in vivo,extracellular,bulk,3-1
M,187,1049,19,SRR15183342,in vivo,extracellular,bulk,3-1
M,187,1059,19,SRR15183342,in vivo,extracellular,bulk,3-1
M,187,1060,1,SRR15183342,in vivo,extracellular,bulk,3-1
M,187,228,2,SRR15183342,in vivo,extracellular,bulk,3-1
M,189,1029,3,SRR15183342,in vivo,extracellular,bulk,3-1
M,189,1059,3,SRR15183342,in vivo,extracellular,bulk,3-1
M,189,1061,2,SRR15183342,in vivo,extracellular,bulk,3-1
M,190,722,2,SRR15183342,in vivo,extracellular,bulk,3-1
M,191,1024,2,SRR15183342,in vivo,extracellular,bulk,3-1
M,191,1061,1,SRR15183342,in vivo,extracellular,bulk,3-1
M,191,990,5,SRR15183342,in vivo,extracellular,bulk,3-1
M,193,1063,1,SRR15183342,in vivo,extracellular,bulk,3-1
M,199,307,1,SRR15183342,in vivo,extracellular,bulk,3-1
M,200,1013,5,SRR15183342,in vivo,extracellular,bulk,3-1
M,200,1064,1,SRR15183342,in vivo,extracellular,bulk,3-1
M,200,1066,1,SRR15183342,in vivo,extracellular,bulk,3-1
M,200,1083,1,SRR15183342,in vivo,extracellular,bulk,3-1
M,202,1008,1,SRR15183342,in vivo,extracellular,bulk,3-1
M,202,1060,10,SRR15183342,in vivo,extracellular,bulk,3-1
M,202,1061,1,SRR15183342,in vivo,extracellular,bulk,3-1
M,202,1100,4,SRR15183342,in vivo,extracellular,bulk,3-1
M,202,1101,26,SRR15183342,in vivo,extracellular,bulk,3-1
M,205,361,1,SRR15183342,in vivo,extracellular,bulk,3-1
M,208,715,2,SRR15183342,in vivo,extracellular,bulk,3-1
M,209,1108,1,SRR15183342,in vivo,extracellular,bulk,3-1
M,213,1078,2,SRR15183342,in vivo,extracellular,bulk,3-1
M,213,911,2,SRR15183342,in vivo,extracellular,bulk,3-1
M,214,1113,1,SRR15183342,in vivo,extracellular,bulk,3-1
M,220,1099,2,SRR15183342,in vivo,extracellular,bulk,3-1
M,221,1058,2,SRR15183342,in vivo,extracellular,bulk,3-1
M,223,564,2,SRR15183342,in vivo,extracellular,bulk,3-1
M,224,935,2,SRR15183342,in vivo,extracellular,bulk,3-1
M,225,1086,1,SRR15183342,in vivo,extracellular,bulk,3-1
M,226,576,1,SRR15183342,in vivo,extracellular,bulk,3-1
M,226,727,1,SRR15183342,in vivo,extracellular,bulk,3-1
M,232,819,2,SRR15183342,in vivo,extracellular,bulk,3-1
M,233,576,2,SRR15183342,in vivo,extracellular,bulk,3-1
M,248,484,1,SRR15183342,in vivo,extracellular,bulk,3-1
M,251,1114,1,SRR15183342,in vivo,extracellular,bulk,3-1
M,251,727,1,SRR15183342,in vivo,extracellular,bulk,3-1
M,251,901,2,SRR15183342,in vivo,extracellular,bulk,3-1
M,251,920,2,SRR15183342,in vivo,extracellular,bulk,3-1
M,252,726,1,SRR15183342,in vivo,extracellular,bulk,3-1
M,253,553,1,SRR15183342,in vivo,extracellular,bulk,3-1
M,254,354,1,SRR15183342,in vivo,extracellular,bulk,3-1
M,254,387,2,SRR15183342,in vivo,extracellular,bulk,3-1
M,259,387,2,SRR15183342,in vivo,extracellular,bulk,3-1
M,259,576,1,SRR15183342,in vivo,extracellular,bulk,3-1
M,259,931,2,SRR15183342,in vivo,extracellular,bulk,3-1
M,303,608,1,SRR15183342,in vivo,extracellular,bulk,3-1
M,314,581,1,SRR15183342,in vivo,extracellular,bulk,3-1
M,317,355,4,SRR15183342,in vivo,extracellular,bulk,3-1
M,332,468,2,SRR15183342,in vivo,extracellular,bulk,3-1
M,335,581,1,SRR15183342,in vivo,extracellular,bulk,3-1
M,335,927,1,SRR15183342,in vivo,extracellular,bulk,3-1
M,337,1060,1,SRR15183342,in vivo,extracellular,bulk,3-1
M,347,618,1,SRR15183342,in vivo,extracellular,bulk,3-1
M,348,444,1,SRR15183342,in vivo,extracellular,bulk,3-1
M,369,864,1,SRR15183342,in vivo,extracellular,bulk,3-1
M,37,560,1,SRR15183342,in vivo,extracellular,bulk,3-1
M,37,749,1,SRR15183342,in vivo,extracellular,bulk,3-1
M,37,978,1,SRR15183342,in vivo,extracellular,bulk,3-1
M,388,571,2,SRR15183342,in vivo,extracellular,bulk,3-1
M,38,109,2,SRR15183342,in vivo,extracellular,bulk,3-1
M,390,713,2,SRR15183342,in vivo,extracellular,bulk,3-1
M,391,611,1,SRR15183342,in vivo,extracellular,bulk,3-1
M,392,570,2,SRR15183342,in vivo,extracellular,bulk,3-1
M,39,362,1,SRR15183342,in vivo,extracellular,bulk,3-1
M,400,980,2,SRR15183342,in vivo,extracellular,bulk,3-1
M,404,981,2,SRR15183342,in vivo,extracellular,bulk,3-1
M,407,995,1,SRR15183342,in vivo,extracellular,bulk,3-1
M,408,721,2,SRR15183342,in vivo,extracellular,bulk,3-1
M,408,928,1,SRR15183342,in vivo,extracellular,bulk,3-1
M,40,619,1,SRR15183342,in vivo,extracellular,bulk,3-1
M,410,905,2,SRR15183342,in vivo,extracellular,bulk,3-1
M,411,592,2,SRR15183342,in vivo,extracellular,bulk,3-1
M,412,1095,2,SRR15183342,in vivo,extracellular,bulk,3-1
M,415,581,1,SRR15183342,in vivo,extracellular,bulk,3-1
M,420,995,1,SRR15183342,in vivo,extracellular,bulk,3-1
M,425,979,2,SRR15183342,in vivo,extracellular,bulk,3-1
M,441,992,2,SRR15183342,in vivo,extracellular,bulk,3-1
M,452,625,1,SRR15183342,in vivo,extracellular,bulk,3-1
M,452,726,1,SRR15183342,in vivo,extracellular,bulk,3-1
M,477,728,2,SRR15183342,in vivo,extracellular,bulk,3-1
M,479,582,1,SRR15183342,in vivo,extracellular,bulk,3-1
M,488,1084,1,SRR15183342,in vivo,extracellular,bulk,3-1
M,495,1136,1,SRR15183342,in vivo,extracellular,bulk,3-1
M,49,617,1,SRR15183342,in vivo,extracellular,bulk,3-1
M,503,554,2,SRR15183342,in vivo,extracellular,bulk,3-1
M,50,407,1,SRR15183342,in vivo,extracellular,bulk,3-1
M,513,1158,1,SRR15183342,in vivo,extracellular,bulk,3-1
M,517,558,1,SRR15183342,in vivo,extracellular,bulk,3-1
M,576,732,1,SRR15183342,in vivo,extracellular,bulk,3-1
M,583,976,2,SRR15183342,in vivo,extracellular,bulk,3-1
M,588,1074,1,SRR15183342,in vivo,extracellular,bulk,3-1
M,601,1059,1,SRR15183342,in vivo,extracellular,bulk,3-1
M,60,382,1,SRR15183342,in vivo,extracellular,bulk,3-1
M,62,89,2,SRR15183342,in vivo,extracellular,bulk,3-1
M,630,1150,1,SRR15183342,in vivo,extracellular,bulk,3-1
M,632,721,2,SRR15183342,in vivo,extracellular,bulk,3-1
M,652,979,1,SRR15183342,in vivo,extracellular,bulk,3-1
M,66,117,2,SRR15183342,in vivo,extracellular,bulk,3-1
M,679,1138,1,SRR15183342,in vivo,extracellular,bulk,3-1
M,737,931,1,SRR15183342,in vivo,extracellular,bulk,3-1
M,748,914,2,SRR15183342,in vivo,extracellular,bulk,3-1
M,756,1030,1,SRR15183342,in vivo,extracellular,bulk,3-1
M,766,1049,1,SRR15183342,in vivo,extracellular,bulk,3-1
M,78,564,1,SRR15183342,in vivo,extracellular,bulk,3-1
M,841,1047,2,SRR15183342,in vivo,extracellular,bulk,3-1
M,85,116,1,SRR15183342,in vivo,extracellular,bulk,3-1
M,85,196,7,SRR15183342,in vivo,extracellular,bulk,3-1
M,86,484,1,SRR15183342,in vivo,extracellular,bulk,3-1
M,87,230,1,SRR15183342,in vivo,extracellular,bulk,3-1
M,88,699,1,SRR15183342,in vivo,extracellular,bulk,3-1
M,89,230,1,SRR15183342,in vivo,extracellular,bulk,3-1
M,89,407,1,SRR15183342,in vivo,extracellular,bulk,3-1
M,90,647,1,SRR15183342,in vivo,extracellular,bulk,3-1
M,91,352,5,SRR15183342,in vivo,extracellular,bulk,3-1
M,91,699,1,SRR15183342,in vivo,extracellular,bulk,3-1
M,928,996,2,SRR15183342,in vivo,extracellular,bulk,3-1
M,929,992,1,SRR15183342,in vivo,extracellular,bulk,3-1
M,93,570,1,SRR15183342,in vivo,extracellular,bulk,3-1
M,95,1017,2,SRR15183342,in vivo,extracellular,bulk,3-1
M,95,554,1,SRR15183342,in vivo,extracellular,bulk,3-1
NS,103,470,1,SRR15183342,in vivo,extracellular,bulk,3-1
NS,108,466,2,SRR15183342,in vivo,extracellular,bulk,3-1
NS,173,232,2,SRR15183342,in vivo,extracellular,bulk,3-1
NS,177,769,1,SRR15183342,in vivo,extracellular,bulk,3-1
NS,195,695,1,SRR15183342,in vivo,extracellular,bulk,3-1
NS,196,830,1,SRR15183342,in vivo,extracellular,bulk,3-1
NS,235,785,1,SRR15183342,in vivo,extracellular,bulk,3-1
NS,236,712,1,SRR15183342,in vivo,extracellular,bulk,3-1
NS,236,801,1,SRR15183342,in vivo,extracellular,bulk,3-1
NS,238,470,2,SRR15183342,in vivo,extracellular,bulk,3-1
NS,240,1040,2,SRR15183342,in vivo,extracellular,bulk,3-1
NS,241,794,2,SRR15183342,in vivo,extracellular,bulk,3-1
NS,253,708,1,SRR15183342,in vivo,extracellular,bulk,3-1
NS,257,808,1,SRR15183342,in vivo,extracellular,bulk,3-1
NS,30,694,1,SRR15183342,in vivo,extracellular,bulk,3-1
NS,361,753,1,SRR15183342,in vivo,extracellular,bulk,3-1
NS,492,733,4,SRR15183342,in vivo,extracellular,bulk,3-1
NS,495,748,1,SRR15183342,in vivo,extracellular,bulk,3-1
NS,500,730,1,SRR15183342,in vivo,extracellular,bulk,3-1
NS,502,786,1,SRR15183342,in vivo,extracellular,bulk,3-1
NS,502,978,2,SRR15183342,in vivo,extracellular,bulk,3-1
NS,507,538,1,SRR15183342,in vivo,extracellular,bulk,3-1
NS,510,848,2,SRR15183342,in vivo,extracellular,bulk,3-1
NS,516,699,2,SRR15183342,in vivo,extracellular,bulk,3-1
NS,521,706,1,SRR15183342,in vivo,extracellular,bulk,3-1
NS,531,1038,1,SRR15183342,in vivo,extracellular,bulk,3-1
NS,531,754,1,SRR15183342,in vivo,extracellular,bulk,3-1
NS,533,795,2,SRR15183342,in vivo,extracellular,bulk,3-1
NS,550,1017,1,SRR15183342,in vivo,extracellular,bulk,3-1
NS,550,913,2,SRR15183342,in vivo,extracellular,bulk,3-1
NS,553,754,1,SRR15183342,in vivo,extracellular,bulk,3-1
NS,564,707,1,SRR15183342,in vivo,extracellular,bulk,3-1
NS,63,260,1,SRR15183342,in vivo,extracellular,bulk,3-1
NS,63,720,1,SRR15183342,in vivo,extracellular,bulk,3-1
NS,672,719,1,SRR15183342,in vivo,extracellular,bulk,3-1
NS,703,967,1,SRR15183342,in vivo,extracellular,bulk,3-1
NS,730,829,2,SRR15183342,in vivo,extracellular,bulk,3-1
NS,733,824,1,SRR15183342,in vivo,extracellular,bulk,3-1
NS,745,1036,1,SRR15183342,in vivo,extracellular,bulk,3-1
NS,754,971,1,SRR15183342,in vivo,extracellular,bulk,3-1
NS,776,813,2,SRR15183342,in vivo,extracellular,bulk,3-1
NS,812,912,1,SRR15183342,in vivo,extracellular,bulk,3-1
NS,813,975,1,SRR15183342,in vivo,extracellular,bulk,3-1
NS,825,947,1,SRR15183342,in vivo,extracellular,bulk,3-1
NS,836,911,2,SRR15183342,in vivo,extracellular,bulk,3-1
NS,842,1036,1,SRR15183342,in vivo,extracellular,bulk,3-1
NS,846,949,1,SRR15183342,in vivo,extracellular,bulk,3-1
NS,86,713,1,SRR15183342,in vivo,extracellular,bulk,3-1
NS,871,919,1,SRR15183342,in vivo,extracellular,bulk,3-1
NS,93,510,1,SRR15183342,in vivo,extracellular,bulk,3-1
PB1,1007,1856,45,SRR15183341,in vivo,extracellular,bulk,1-2
PB1,1009,1858,1,SRR15183341,in vivo,extracellular,bulk,1-2
PB1,100,2160,1,SRR15183341,in vivo,extracellular,bulk,1-2
PB1,1036,2243,2,SRR15183341,in vivo,extracellular,bulk,1-2
PB1,105,2023,1,SRR15183341,in vivo,extracellular,bulk,1-2
PB1,106,1364,1,SRR15183341,in vivo,extracellular,bulk,1-2
PB1,107,677,1,SRR15183341,in vivo,extracellular,bulk,1-2
PB1,108,141,1,SRR15183341,in vivo,extracellular,bulk,1-2
PB1,109,142,728,SRR15183341,in vivo,extracellular,bulk,1-2
PB1,110,143,1,SRR15183341,in vivo,extracellular,bulk,1-2
PB1,110,2120,36,SRR15183341,in vivo,extracellular,bulk,1-2
PB1,110,2185,15,SRR15183341,in vivo,extracellular,bulk,1-2
PB1,1179,1838,2,SRR15183341,in vivo,extracellular,bulk,1-2
PB1,1252,2118,2,SRR15183341,in vivo,extracellular,bulk,1-2
PB1,1334,2166,1,SRR15183341,in vivo,extracellular,bulk,1-2
PB1,1350,1897,1,SRR15183341,in vivo,extracellular,bulk,1-2
PB1,1524,2021,2,SRR15183341,in vivo,extracellular,bulk,1-2
PB1,1604,1631,15,SRR15183341,in vivo,extracellular,bulk,1-2
PB1,1612,2291,1,SRR15183341,in vivo,extracellular,bulk,1-2
PB1,161,2197,1,SRR15183341,in vivo,extracellular,bulk,1-2
PB1,162,2017,7,SRR15183341,in vivo,extracellular,bulk,1-2
PB1,1669,1814,2,SRR15183341,in vivo,extracellular,bulk,1-2
PB1,1725,1762,1,SRR15183341,in vivo,extracellular,bulk,1-2
PB1,1727,2163,2,SRR15183341,in vivo,extracellular,bulk,1-2
PB1,1745,1795,20,SRR15183341,in vivo,extracellular,bulk,1-2
PB1,1779,1999,1,SRR15183341,in vivo,extracellular,bulk,1-2
PB1,1829,2014,1,SRR15183341,in vivo,extracellular,bulk,1-2
PB1,1848,2180,2,SRR15183341,in vivo,extracellular,bulk,1-2
PB1,1854,2194,1,SRR15183341,in vivo,extracellular,bulk,1-2
PB1,1958,2197,1,SRR15183341,in vivo,extracellular,bulk,1-2
PB1,2046,2093,1,SRR15183341,in vivo,extracellular,bulk,1-2
PB1,2128,2187,18,SRR15183341,in vivo,extracellular,bulk,1-2
PB1,2131,2190,10537,SRR15183341,in vivo,extracellular,bulk,1-2
PB1,2132,2191,6,SRR15183341,in vivo,extracellular,bulk,1-2
PB1,2132,2212,1,SRR15183341,in vivo,extracellular,bulk,1-2
PB1,2133,2201,27,SRR15183341,in vivo,extracellular,bulk,1-2
PB1,2189,2213,1,SRR15183341,in vivo,extracellular,bulk,1-2
PB1,2189,2328,1,SRR15183341,in vivo,extracellular,bulk,1-2
PB1,2190,2214,2,SRR15183341,in vivo,extracellular,bulk,1-2
PB1,2230,2261,16,SRR15183341,in vivo,extracellular,bulk,1-2
PB1,2234,2265,1,SRR15183341,in vivo,extracellular,bulk,1-2
PB1,235,1598,1,SRR15183341,in vivo,extracellular,bulk,1-2
PB1,236,1850,80,SRR15183341,in vivo,extracellular,bulk,1-2
PB1,237,2168,4,SRR15183341,in vivo,extracellular,bulk,1-2
PB1,240,2020,86,SRR15183341,in vivo,extracellular,bulk,1-2
PB1,240,2056,5,SRR15183341,in vivo,extracellular,bulk,1-2
PB1,240,2171,279,SRR15183341,in vivo,extracellular,bulk,1-2
PB1,254,2108,1,SRR15183341,in vivo,extracellular,bulk,1-2
PB1,266,1944,1,SRR15183341,in vivo,extracellular,bulk,1-2
PB1,280,1836,526,SRR15183341,in vivo,extracellular,bulk,1-2
PB1,282,1838,1,SRR15183341,in vivo,extracellular,bulk,1-2
PB1,286,2123,1,SRR15183341,in vivo,extracellular,bulk,1-2
PB1,298,1916,1,SRR15183341,in vivo,extracellular,bulk,1-2
PB1,298,2195,2,SRR15183341,in vivo,extracellular,bulk,1-2
PB1,300,505,1,SRR15183341,in vivo,extracellular,bulk,1-2
PB1,310,1984,11,SRR15183341,in vivo,extracellular,bulk,1-2
PB1,310,2002,94,SRR15183341,in vivo,extracellular,bulk,1-2
PB1,322,2075,12,SRR15183341,in vivo,extracellular,bulk,1-2
PB1,326,1991,2,SRR15183341,in vivo,extracellular,bulk,1-2
PB1,327,2003,28,SRR15183341,in vivo,extracellular,bulk,1-2
PB1,332,1996,3,SRR15183341,in vivo,extracellular,bulk,1-2
PB1,334,1975,25,SRR15183341,in vivo,extracellular,bulk,1-2
PB1,337,1977,4,SRR15183341,in vivo,extracellular,bulk,1-2
PB1,337,1978,19665,SRR15183341,in vivo,extracellular,bulk,1-2
PB1,337,1979,14,SRR15183341,in vivo,extracellular,bulk,1-2
PB1,337,2051,3,SRR15183341,in vivo,extracellular,bulk,1-2
PB1,337,503,2,SRR15183341,in vivo,extracellular,bulk,1-2
PB1,338,1979,47,SRR15183341,in vivo,extracellular,bulk,1-2
PB1,345,1915,2,SRR15183341,in vivo,extracellular,bulk,1-2
PB1,345,1934,1,SRR15183341,in vivo,extracellular,bulk,1-2
PB1,346,2018,2,SRR15183341,in vivo,extracellular,bulk,1-2
PB1,346,2052,2,SRR15183341,in vivo,extracellular,bulk,1-2
PB1,352,2227,2,SRR15183341,in vivo,extracellular,bulk,1-2
PB1,355,1369,1,SRR15183341,in vivo,extracellular,bulk,1-2
PB1,356,2193,1,SRR15183341,in vivo,extracellular,bulk,1-2
PB1,358,1978,1,SRR15183341,in vivo,extracellular,bulk,1-2
PB1,366,1936,1,SRR15183341,in vivo,extracellular,bulk,1-2
PB1,367,1977,1,SRR15183341,in vivo,extracellular,bulk,1-2
PB1,367,2033,2,SRR15183341,in vivo,extracellular,bulk,1-2
PB1,368,1942,1,SRR15183341,in vivo,extracellular,bulk,1-2
PB1,368,1978,571,SRR15183341,in vivo,extracellular,bulk,1-2
PB1,370,1940,313,SRR15183341,in vivo,extracellular,bulk,1-2
PB1,370,1944,110,SRR15183341,in vivo,extracellular,bulk,1-2
PB1,371,1945,68,SRR15183341,in vivo,extracellular,bulk,1-2
PB1,372,1942,1,SRR15183341,in vivo,extracellular,bulk,1-2
PB1,375,1939,116,SRR15183341,in vivo,extracellular,bulk,1-2
PB1,377,1487,11,SRR15183341,in vivo,extracellular,bulk,1-2
PB1,377,1934,3,SRR15183341,in vivo,extracellular,bulk,1-2
PB1,378,1864,2,SRR15183341,in vivo,extracellular,bulk,1-2
PB1,378,1940,3,SRR15183341,in vivo,extracellular,bulk,1-2
PB1,383,1818,114,SRR15183341,in vivo,extracellular,bulk,1-2
PB1,385,1898,1,SRR15183341,in vivo,extracellular,bulk,1-2
PB1,385,1918,1,SRR15183341,in vivo,extracellular,bulk,1-2
PB1,385,1919,1,SRR15183341,in vivo,extracellular,bulk,1-2
PB1,387,1920,2342,SRR15183341,in vivo,extracellular,bulk,1-2
PB1,388,1921,1,SRR15183341,in vivo,extracellular,bulk,1-2
PB1,388,1941,61,SRR15183341,in vivo,extracellular,bulk,1-2
PB1,388,2045,198,SRR15183341,in vivo,extracellular,bulk,1-2
PB1,389,2046,2,SRR15183341,in vivo,extracellular,bulk,1-2
PB1,391,1922,4,SRR15183341,in vivo,extracellular,bulk,1-2
PB1,394,2030,2,SRR15183341,in vivo,extracellular,bulk,1-2
PB1,402,1008,1,SRR15183341,in vivo,extracellular,bulk,1-2
PB1,420,1808,99,SRR15183341,in vivo,extracellular,bulk,1-2
PB1,420,2041,69,SRR15183341,in vivo,extracellular,bulk,1-2
PB1,421,2042,1,SRR15183341,in vivo,extracellular,bulk,1-2
PB1,422,1915,2,SRR15183341,in vivo,extracellular,bulk,1-2
PB1,435,1863,127,SRR15183341,in vivo,extracellular,bulk,1-2
PB1,438,1776,7,SRR15183341,in vivo,extracellular,bulk,1-2
PB1,438,1889,1,SRR15183341,in vivo,extracellular,bulk,1-2
PB1,441,2002,138,SRR15183341,in vivo,extracellular,bulk,1-2
PB1,443,2335,1,SRR15183341,in vivo,extracellular,bulk,1-2
PB1,448,1863,2,SRR15183341,in vivo,extracellular,bulk,1-2
PB1,452,1982,32,SRR15183341,in vivo,extracellular,bulk,1-2
PB1,454,1989,1,SRR15183341,in vivo,extracellular,bulk,1-2
PB1,455,1767,1,SRR15183341,in vivo,extracellular,bulk,1-2
PB1,455,1990,617,SRR15183341,in vivo,extracellular,bulk,1-2
PB1,460,1773,1,SRR15183341,in vivo,extracellular,bulk,1-2
PB1,461,1851,85,SRR15183341,in vivo,extracellular,bulk,1-2
PB1,461,1920,105,SRR15183341,in vivo,extracellular,bulk,1-2
PB1,462,1775,374,SRR15183341,in vivo,extracellular,bulk,1-2
PB1,462,1921,1,SRR15183341,in vivo,extracellular,bulk,1-2
PB1,463,1776,1,SRR15183341,in vivo,extracellular,bulk,1-2
PB1,463,2108,2,SRR15183341,in vivo,extracellular,bulk,1-2
PB1,466,1848,90,SRR15183341,in vivo,extracellular,bulk,1-2
PB1,467,818,1,SRR15183341,in vivo,extracellular,bulk,1-2
PB1,492,1869,1,SRR15183341,in vivo,extracellular,bulk,1-2
PB1,499,1835,6,SRR15183341,in vivo,extracellular,bulk,1-2
PB1,504,1551,1,SRR15183341,in vivo,extracellular,bulk,1-2
PB1,504,1829,1,SRR15183341,in vivo,extracellular,bulk,1-2
PB1,505,1740,10,SRR15183341,in vivo,extracellular,bulk,1-2
PB1,505,1741,2,SRR15183341,in vivo,extracellular,bulk,1-2
PB1,506,614,1,SRR15183341,in vivo,extracellular,bulk,1-2
PB1,507,1735,1,SRR15183341,in vivo,extracellular,bulk,1-2
PB1,508,1744,1,SRR15183341,in vivo,extracellular,bulk,1-2
PB1,508,1941,79,SRR15183341,in vivo,extracellular,bulk,1-2
PB1,509,1744,7718,SRR15183341,in vivo,extracellular,bulk,1-2
PB1,509,1890,74,SRR15183341,in vivo,extracellular,bulk,1-2
PB1,509,1904,6,SRR15183341,in vivo,extracellular,bulk,1-2
PB1,510,1745,16,SRR15183341,in vivo,extracellular,bulk,1-2
PB1,510,1943,1,SRR15183341,in vivo,extracellular,bulk,1-2
PB1,517,1900,2,SRR15183341,in vivo,extracellular,bulk,1-2
PB1,51,1747,17,SRR15183341,in vivo,extracellular,bulk,1-2
PB1,51,2013,1,SRR15183341,in vivo,extracellular,bulk,1-2
PB1,524,1661,8,SRR15183341,in vivo,extracellular,bulk,1-2
PB1,527,1727,1,SRR15183341,in vivo,extracellular,bulk,1-2
PB1,529,1729,43,SRR15183341,in vivo,extracellular,bulk,1-2
PB1,529,1730,2,SRR15183341,in vivo,extracellular,bulk,1-2
PB1,52,1676,1,SRR15183341,in vivo,extracellular,bulk,1-2
PB1,535,2055,2,SRR15183341,in vivo,extracellular,bulk,1-2
PB1,535,2058,2,SRR15183341,in vivo,extracellular,bulk,1-2
PB1,538,2062,81,SRR15183341,in vivo,extracellular,bulk,1-2
PB1,542,1768,2,SRR15183341,in vivo,extracellular,bulk,1-2
PB1,566,1824,1,SRR15183341,in vivo,extracellular,bulk,1-2
PB1,582,1811,130,SRR15183341,in vivo,extracellular,bulk,1-2
PB1,584,1939,2,SRR15183341,in vivo,extracellular,bulk,1-2
PB1,585,1750,2,SRR15183341,in vivo,extracellular,bulk,1-2
PB1,585,1934,105,SRR15183341,in vivo,extracellular,bulk,1-2
PB1,587,1942,87,SRR15183341,in vivo,extracellular,bulk,1-2
PB1,591,1857,71,SRR15183341,in vivo,extracellular,bulk,1-2
PB1,597,1776,33,SRR15183341,in vivo,extracellular,bulk,1-2
PB1,599,1729,2,SRR15183341,in vivo,extracellular,bulk,1-2
PB1,60,1897,1,SRR15183341,in vivo,extracellular,bulk,1-2
PB1,611,1741,39,SRR15183341,in vivo,extracellular,bulk,1-2
PB1,611,1744,103,SRR15183341,in vivo,extracellular,bulk,1-2
PB1,621,1766,1,SRR15183341,in vivo,extracellular,bulk,1-2
PB1,623,1757,18,SRR15183341,in vivo,extracellular,bulk,1-2
PB1,624,1745,51,SRR15183341,in vivo,extracellular,bulk,1-2
PB1,627,1750,136,SRR15183341,in vivo,extracellular,bulk,1-2
PB1,627,1772,236,SRR15183341,in vivo,extracellular,bulk,1-2
PB1,628,1773,1,SRR15183341,in vivo,extracellular,bulk,1-2
PB1,630,1771,5,SRR15183341,in vivo,extracellular,bulk,1-2
PB1,633,1708,21,SRR15183341,in vivo,extracellular,bulk,1-2
PB1,638,1738,59,SRR15183341,in vivo,extracellular,bulk,1-2
PB1,638,1796,57,SRR15183341,in vivo,extracellular,bulk,1-2
PB1,639,1737,29,SRR15183341,in vivo,extracellular,bulk,1-2
PB1,643,1757,1,SRR15183341,in vivo,extracellular,bulk,1-2
PB1,644,1709,66,SRR15183341,in vivo,extracellular,bulk,1-2
PB1,644,1737,13,SRR15183341,in vivo,extracellular,bulk,1-2
PB1,644,1758,334,SRR15183341,in vivo,extracellular,bulk,1-2
PB1,645,1745,9,SRR15183341,in vivo,extracellular,bulk,1-2
PB1,645,1759,1,SRR15183341,in vivo,extracellular,bulk,1-2
PB1,647,1749,60,SRR15183341,in vivo,extracellular,bulk,1-2
PB1,650,1735,49,SRR15183341,in vivo,extracellular,bulk,1-2
PB1,650,1747,4,SRR15183341,in vivo,extracellular,bulk,1-2
PB1,653,1727,48,SRR15183341,in vivo,extracellular,bulk,1-2
PB1,684,1498,9,SRR15183341,in vivo,extracellular,bulk,1-2
PB1,685,930,1,SRR15183341,in vivo,extracellular,bulk,1-2
PB1,686,1943,34,SRR15183341,in vivo,extracellular,bulk,1-2
PB1,690,1695,90,SRR15183341,in vivo,extracellular,bulk,1-2
PB1,693,1683,3,SRR15183341,in vivo,extracellular,bulk,1-2
PB1,695,1724,31,SRR15183341,in vivo,extracellular,bulk,1-2
PB1,695,1725,2,SRR15183341,in vivo,extracellular,bulk,1-2
PB1,700,1726,3,SRR15183341,in vivo,extracellular,bulk,1-2
PB1,702,1631,18,SRR15183341,in vivo,extracellular,bulk,1-2
PB1,714,1817,63,SRR15183341,in vivo,extracellular,bulk,1-2
PB1,722,1574,40,SRR15183341,in vivo,extracellular,bulk,1-2
PB1,724,1496,8,SRR15183341,in vivo,extracellular,bulk,1-2
PB1,726,1572,39,SRR15183341,in vivo,extracellular,bulk,1-2
PB1,729,1586,22,SRR15183341,in vivo,extracellular,bulk,1-2
PB1,730,1675,83,SRR15183341,in vivo,extracellular,bulk,1-2
PB1,731,1576,23,SRR15183341,in vivo,extracellular,bulk,1-2
PB1,731,1611,14,SRR15183341,in vivo,extracellular,bulk,1-2
PB1,735,1713,41,SRR15183341,in vivo,extracellular,bulk,1-2
PB1,747,1598,1,SRR15183341,in vivo,extracellular,bulk,1-2
PB1,753,1585,4,SRR15183341,in vivo,extracellular,bulk,1-2
PB1,753,1796,46,SRR15183341,in vivo,extracellular,bulk,1-2
PB1,769,1512,13,SRR15183341,in vivo,extracellular,bulk,1-2
PB1,770,2059,2,SRR15183341,in vivo,extracellular,bulk,1-2
PB1,772,1801,1,SRR15183341,in vivo,extracellular,bulk,1-2
PB1,774,1528,1,SRR15183341,in vivo,extracellular,bulk,1-2
PB1,779,1539,66,SRR15183341,in vivo,extracellular,bulk,1-2
PB1,781,1541,1,SRR15183341,in vivo,extracellular,bulk,1-2
PB1,786,1510,2,SRR15183341,in vivo,extracellular,bulk,1-2
PB1,794,1495,31,SRR15183341,in vivo,extracellular,bulk,1-2
PB1,794,1612,9,SRR15183341,in vivo,extracellular,bulk,1-2
PB1,795,1541,19,SRR15183341,in vivo,extracellular,bulk,1-2
PB1,796,1518,7,SRR15183341,in vivo,extracellular,bulk,1-2
PB1,796,1557,10,SRR15183341,in vivo,extracellular,bulk,1-2
PB1,797,1536,7,SRR15183341,in vivo,extracellular,bulk,1-2
PB1,798,1489,8,SRR15183341,in vivo,extracellular,bulk,1-2
PB1,799,1496,3,SRR15183341,in vivo,extracellular,bulk,1-2
PB1,799,1509,10,SRR15183341,in vivo,extracellular,bulk,1-2
PB1,800,1611,12,SRR15183341,in vivo,extracellular,bulk,1-2
PB1,801,1699,5,SRR15183341,in vivo,extracellular,bulk,1-2
PB1,82,2057,1,SRR15183341,in vivo,extracellular,bulk,1-2
PB1,832,1836,2,SRR15183341,in vivo,extracellular,bulk,1-2
PB1,839,1573,22,SRR15183341,in vivo,extracellular,bulk,1-2
PB1,840,1446,14,SRR15183341,in vivo,extracellular,bulk,1-2
PB1,840,1448,46,SRR15183341,in vivo,extracellular,bulk,1-2
PB1,848,1432,20,SRR15183341,in vivo,extracellular,bulk,1-2
PB1,848,1488,2,SRR15183341,in vivo,extracellular,bulk,1-2
PB1,848,1677,6,SRR15183341,in vivo,extracellular,bulk,1-2
PB1,849,1602,3,SRR15183341,in vivo,extracellular,bulk,1-2
PB1,866,1585,13,SRR15183341,in vivo,extracellular,bulk,1-2
PB1,867,1589,21,SRR15183341,in vivo,extracellular,bulk,1-2
PB1,871,1586,7,SRR15183341,in vivo,extracellular,bulk,1-2
PB1,872,1610,18,SRR15183341,in vivo,extracellular,bulk,1-2
PB1,872,1611,7,SRR15183341,in vivo,extracellular,bulk,1-2
PB1,873,1596,9,SRR15183341,in vivo,extracellular,bulk,1-2
PB1,875,1607,9,SRR15183341,in vivo,extracellular,bulk,1-2
PB1,875,1942,1,SRR15183341,in vivo,extracellular,bulk,1-2
PB1,906,1444,28,SRR15183341,in vivo,extracellular,bulk,1-2
PB1,90,2028,1,SRR15183341,in vivo,extracellular,bulk,1-2
PB1,92,2030,127,SRR15183341,in vivo,extracellular,bulk,1-2
PB1,936,1531,118,SRR15183341,in vivo,extracellular,bulk,1-2
PB1,945,1771,1,SRR15183341,in vivo,extracellular,bulk,1-2
PB1,946,2047,2,SRR15183341,in vivo,extracellular,bulk,1-2
PB1,956,1225,2,SRR15183341,in vivo,extracellular,bulk,1-2
PB1,977,1447,8,SRR15183341,in vivo,extracellular,bulk,1-2
PB1,977,1510,14,SRR15183341,in vivo,extracellular,bulk,1-2
PB2,1016,2247,2,SRR15183341,in vivo,extracellular,bulk,1-2
PB2,1033,1516,1,SRR15183341,in vivo,extracellular,bulk,1-2
PB2,1056,1492,2,SRR15183341,in vivo,extracellular,bulk,1-2
PB2,1056,1952,2,SRR15183341,in vivo,extracellular,bulk,1-2
PB2,1084,2239,1,SRR15183341,in vivo,extracellular,bulk,1-2
PB2,1120,2307,1,SRR15183341,in vivo,extracellular,bulk,1-2
PB2,1159,2061,2,SRR15183341,in vivo,extracellular,bulk,1-2
PB2,1193,1994,1,SRR15183341,in vivo,extracellular,bulk,1-2
PB2,1203,2190,1,SRR15183341,in vivo,extracellular,bulk,1-2
PB2,1221,2291,2,SRR15183341,in vivo,extracellular,bulk,1-2
PB2,1224,2283,2,SRR15183341,in vivo,extracellular,bulk,1-2
PB2,1273,1909,2,SRR15183341,in vivo,extracellular,bulk,1-2
PB2,1318,1504,2,SRR15183341,in vivo,extracellular,bulk,1-2
PB2,136,553,1,SRR15183341,in vivo,extracellular,bulk,1-2
PB2,1396,1498,2,SRR15183341,in vivo,extracellular,bulk,1-2
PB2,1498,2000,2,SRR15183341,in vivo,extracellular,bulk,1-2
PB2,1564,1746,1,SRR15183341,in vivo,extracellular,bulk,1-2
PB2,162,2145,1,SRR15183341,in vivo,extracellular,bulk,1-2
PB2,163,325,1,SRR15183341,in vivo,extracellular,bulk,1-2
PB2,164,2211,21,SRR15183341,in vivo,extracellular,bulk,1-2
PB2,1660,1841,1,SRR15183341,in vivo,extracellular,bulk,1-2
PB2,1725,2239,1,SRR15183341,in vivo,extracellular,bulk,1-2
PB2,1725,2313,1,SRR15183341,in vivo,extracellular,bulk,1-2
PB2,1771,2073,1,SRR15183341,in vivo,extracellular,bulk,1-2
PB2,1775,1932,1,SRR15183341,in vivo,extracellular,bulk,1-2
PB2,1783,1870,1,SRR15183341,in vivo,extracellular,bulk,1-2
PB2,1872,2052,1,SRR15183341,in vivo,extracellular,bulk,1-2
PB2,1893,2256,2,SRR15183341,in vivo,extracellular,bulk,1-2
PB2,1920,2322,4,SRR15183341,in vivo,extracellular,bulk,1-2
PB2,1988,2128,1,SRR15183341,in vivo,extracellular,bulk,1-2
PB2,203,2052,61,SRR15183341,in vivo,extracellular,bulk,1-2
PB2,2070,2324,1,SRR15183341,in vivo,extracellular,bulk,1-2
PB2,2081,2295,1,SRR15183341,in vivo,extracellular,bulk,1-2
PB2,213,1609,1,SRR15183341,in vivo,extracellular,bulk,1-2
PB2,213,251,1,SRR15183341,in vivo,extracellular,bulk,1-2
PB2,214,251,3,SRR15183341,in vivo,extracellular,bulk,1-2
PB2,2180,2208,57,SRR15183341,in vivo,extracellular,bulk,1-2
PB2,2237,2265,66,SRR15183341,in vivo,extracellular,bulk,1-2
PB2,236,1782,1,SRR15183341,in vivo,extracellular,bulk,1-2
PB2,244,1912,26,SRR15183341,in vivo,extracellular,bulk,1-2
PB2,244,2125,12,SRR15183341,in vivo,extracellular,bulk,1-2
PB2,244,2206,9,SRR15183341,in vivo,extracellular,bulk,1-2
PB2,245,2212,2,SRR15183341,in vivo,extracellular,bulk,1-2
PB2,246,575,2,SRR15183341,in vivo,extracellular,bulk,1-2
PB2,251,1887,2,SRR15183341,in vivo,extracellular,bulk,1-2
PB2,262,829,2,SRR15183341,in vivo,extracellular,bulk,1-2
PB2,263,1830,1,SRR15183341,in vivo,extracellular,bulk,1-2
PB2,270,1836,1,SRR15183341,in vivo,extracellular,bulk,1-2
PB2,291,1632,2,SRR15183341,in vivo,extracellular,bulk,1-2
PB2,310,2001,1,SRR15183341,in vivo,extracellular,bulk,1-2
PB2,313,2013,2,SRR15183341,in vivo,extracellular,bulk,1-2
PB2,316,495,1,SRR15183341,in vivo,extracellular,bulk,1-2
PB2,330,1388,2,SRR15183341,in vivo,extracellular,bulk,1-2
PB2,330,1980,2,SRR15183341,in vivo,extracellular,bulk,1-2
PB2,342,1573,1,SRR15183341,in vivo,extracellular,bulk,1-2
PB2,390,2237,2,SRR15183341,in vivo,extracellular,bulk,1-2
PB2,392,1962,26,SRR15183341,in vivo,extracellular,bulk,1-2
PB2,395,1937,1520,SRR15183341,in vivo,extracellular,bulk,1-2
PB2,395,461,3,SRR15183341,in vivo,extracellular,bulk,1-2
PB2,396,1938,1,SRR15183341,in vivo,extracellular,bulk,1-2
PB2,400,2139,120,SRR15183341,in vivo,extracellular,bulk,1-2
PB2,408,1366,1,SRR15183341,in vivo,extracellular,bulk,1-2
PB2,411,1958,4,SRR15183341,in vivo,extracellular,bulk,1-2
PB2,411,2049,2,SRR15183341,in vivo,extracellular,bulk,1-2
PB2,413,1937,103,SRR15183341,in vivo,extracellular,bulk,1-2
PB2,415,2033,1,SRR15183341,in vivo,extracellular,bulk,1-2
PB2,417,2033,20,SRR15183341,in vivo,extracellular,bulk,1-2
PB2,418,2036,557,SRR15183341,in vivo,extracellular,bulk,1-2
PB2,421,1921,1,SRR15183341,in vivo,extracellular,bulk,1-2
PB2,422,2040,1,SRR15183341,in vivo,extracellular,bulk,1-2
PB2,428,1959,2,SRR15183341,in vivo,extracellular,bulk,1-2
PB2,428,2216,74,SRR15183341,in vivo,extracellular,bulk,1-2
PB2,443,611,1,SRR15183341,in vivo,extracellular,bulk,1-2
PB2,446,2022,26,SRR15183341,in vivo,extracellular,bulk,1-2
PB2,447,2053,1,SRR15183341,in vivo,extracellular,bulk,1-2
PB2,449,1773,1,SRR15183341,in vivo,extracellular,bulk,1-2
PB2,449,2055,214,SRR15183341,in vivo,extracellular,bulk,1-2
PB2,44,2070,2,SRR15183341,in vivo,extracellular,bulk,1-2
PB2,453,1777,269,SRR15183341,in vivo,extracellular,bulk,1-2
PB2,453,2063,14,SRR15183341,in vivo,extracellular,bulk,1-2
PB2,454,1778,1,SRR15183341,in vivo,extracellular,bulk,1-2
PB2,457,2080,2,SRR15183341,in vivo,extracellular,bulk,1-2
PB2,458,1874,1,SRR15183341,in vivo,extracellular,bulk,1-2
PB2,462,2061,2,SRR15183341,in vivo,extracellular,bulk,1-2
PB2,463,1739,171,SRR15183341,in vivo,extracellular,bulk,1-2
PB2,464,2032,15,SRR15183341,in vivo,extracellular,bulk,1-2
PB2,493,1833,1,SRR15183341,in vivo,extracellular,bulk,1-2
PB2,494,1997,2,SRR15183341,in vivo,extracellular,bulk,1-2
PB2,500,1653,1,SRR15183341,in vivo,extracellular,bulk,1-2
PB2,507,2147,1,SRR15183341,in vivo,extracellular,bulk,1-2
PB2,518,829,2,SRR15183341,in vivo,extracellular,bulk,1-2
PB2,528,1099,2,SRR15183341,in vivo,extracellular,bulk,1-2
PB2,534,1381,2,SRR15183341,in vivo,extracellular,bulk,1-2
PB2,564,1784,367,SRR15183341,in vivo,extracellular,bulk,1-2
PB2,572,597,1,SRR15183341,in vivo,extracellular,bulk,1-2
PB2,577,760,2,SRR15183341,in vivo,extracellular,bulk,1-2
PB2,593,1615,64,SRR15183341,in vivo,extracellular,bulk,1-2
PB2,606,1166,1,SRR15183341,in vivo,extracellular,bulk,1-2
PB2,607,2077,189,SRR15183341,in vivo,extracellular,bulk,1-2
PB2,608,1747,30,SRR15183341,in vivo,extracellular,bulk,1-2
PB2,612,1840,8,SRR15183341,in vivo,extracellular,bulk,1-2
PB2,615,1707,73,SRR15183341,in vivo,extracellular,bulk,1-2
PB2,621,1377,1,SRR15183341,in vivo,extracellular,bulk,1-2
PB2,622,1662,81,SRR15183341,in vivo,extracellular,bulk,1-2
PB2,634,1706,2,SRR15183341,in vivo,extracellular,bulk,1-2
PB2,635,1707,96,SRR15183341,in vivo,extracellular,bulk,1-2
PB2,643,1691,25,SRR15183341,in vivo,extracellular,bulk,1-2
PB2,647,1740,18,SRR15183341,in vivo,extracellular,bulk,1-2
PB2,65,2150,1,SRR15183341,in vivo,extracellular,bulk,1-2
PB2,705,1741,87,SRR15183341,in vivo,extracellular,bulk,1-2
PB2,715,2318,1,SRR15183341,in vivo,extracellular,bulk,1-2
PB2,733,1757,1,SRR15183341,in vivo,extracellular,bulk,1-2
PB2,750,1445,2,SRR15183341,in vivo,extracellular,bulk,1-2
PB2,771,1963,1,SRR15183341,in vivo,extracellular,bulk,1-2
PB2,772,2081,1,SRR15183341,in vivo,extracellular,bulk,1-2
PB2,785,1613,22,SRR15183341,in vivo,extracellular,bulk,1-2
PB2,842,1511,11,SRR15183341,in vivo,extracellular,bulk,1-2
PB2,859,1634,7,SRR15183341,in vivo,extracellular,bulk,1-2
PB2,926,1999,2,SRR15183341,in vivo,extracellular,bulk,1-2
PB2,967,1099,2,SRR15183341,in vivo,extracellular,bulk,1-2
PB2,979,1003,2,SRR15183341,in vivo,extracellular,bulk,1-2
PB2,982,1540,2,SRR15183341,in vivo,extracellular,bulk,1-2
PA,108,1948,8,SRR15183341,in vivo,extracellular,bulk,1-2
PA,1118,1195,8,SRR15183341,in vivo,extracellular,bulk,1-2
PA,1449,1691,2,SRR15183341,in vivo,extracellular,bulk,1-2
PA,170,212,37,SRR15183341,in vivo,extracellular,bulk,1-2
PA,176,1074,1,SRR15183341,in vivo,extracellular,bulk,1-2
PA,191,426,1,SRR15183341,in vivo,extracellular,bulk,1-2
PA,2056,2117,5,SRR15183341,in vivo,extracellular,bulk,1-2
PA,213,1448,136,SRR15183341,in vivo,extracellular,bulk,1-2
PA,241,2000,3,SRR15183341,in vivo,extracellular,bulk,1-2
PA,259,1929,22,SRR15183341,in vivo,extracellular,bulk,1-2
PA,322,2022,8,SRR15183341,in vivo,extracellular,bulk,1-2
PA,413,1856,27,SRR15183341,in vivo,extracellular,bulk,1-2
PA,421,1857,300,SRR15183341,in vivo,extracellular,bulk,1-2
PA,42,72,1,SRR15183341,in vivo,extracellular,bulk,1-2
PA,432,1923,1,SRR15183341,in vivo,extracellular,bulk,1-2
PA,438,1862,264,SRR15183341,in vivo,extracellular,bulk,1-2
PA,439,1637,8,SRR15183341,in vivo,extracellular,bulk,1-2
PA,439,1863,1,SRR15183341,in vivo,extracellular,bulk,1-2
PA,452,1826,41,SRR15183341,in vivo,extracellular,bulk,1-2
PA,453,1827,2,SRR15183341,in vivo,extracellular,bulk,1-2
PA,457,1856,27,SRR15183341,in vivo,extracellular,bulk,1-2
PA,487,1704,8,SRR15183341,in vivo,extracellular,bulk,1-2
PA,48,75,70,SRR15183341,in vivo,extracellular,bulk,1-2
PA,499,1722,65,SRR15183341,in vivo,extracellular,bulk,1-2
PA,501,1861,42,SRR15183341,in vivo,extracellular,bulk,1-2
PA,502,1906,4,SRR15183341,in vivo,extracellular,bulk,1-2
PA,503,1811,54,SRR15183341,in vivo,extracellular,bulk,1-2
PA,503,1878,1,SRR15183341,in vivo,extracellular,bulk,1-2
PA,504,1839,6,SRR15183341,in vivo,extracellular,bulk,1-2
PA,514,1811,42,SRR15183341,in vivo,extracellular,bulk,1-2
PA,514,1824,2,SRR15183341,in vivo,extracellular,bulk,1-2
PA,514,1860,131,SRR15183341,in vivo,extracellular,bulk,1-2
PA,515,1812,1,SRR15183341,in vivo,extracellular,bulk,1-2
PA,516,1810,47,SRR15183341,in vivo,extracellular,bulk,1-2
PA,530,1899,1,SRR15183341,in vivo,extracellular,bulk,1-2
PA,531,1792,5,SRR15183341,in vivo,extracellular,bulk,1-2
PA,541,1781,31,SRR15183341,in vivo,extracellular,bulk,1-2
PA,616,1758,1,SRR15183341,in vivo,extracellular,bulk,1-2
PA,624,2164,1,SRR15183341,in vivo,extracellular,bulk,1-2
PA,661,1952,52,SRR15183341,in vivo,extracellular,bulk,1-2
PA,674,1190,2,SRR15183341,in vivo,extracellular,bulk,1-2
PA,711,1082,1,SRR15183341,in vivo,extracellular,bulk,1-2
PA,766,1466,6,SRR15183341,in vivo,extracellular,bulk,1-2
PA,799,1632,9,SRR15183341,in vivo,extracellular,bulk,1-2
PA,823,1440,12,SRR15183341,in vivo,extracellular,bulk,1-2
PA,953,1379,8,SRR15183341,in vivo,extracellular,bulk,1-2
HA,1008,1474,2,SRR15183341,in vivo,extracellular,bulk,1-2
HA,1091,1304,1,SRR15183341,in vivo,extracellular,bulk,1-2
HA,1115,1170,1,SRR15183341,in vivo,extracellular,bulk,1-2
HA,1125,1249,2,SRR15183341,in vivo,extracellular,bulk,1-2
HA,112,1315,1,SRR15183341,in vivo,extracellular,bulk,1-2
HA,135,265,1,SRR15183341,in vivo,extracellular,bulk,1-2
HA,1453,1851,1,SRR15183341,in vivo,extracellular,bulk,1-2
HA,1503,1725,2,SRR15183341,in vivo,extracellular,bulk,1-2
HA,1555,1735,2,SRR15183341,in vivo,extracellular,bulk,1-2
HA,182,1548,1,SRR15183341,in vivo,extracellular,bulk,1-2
HA,182,934,1,SRR15183341,in vivo,extracellular,bulk,1-2
HA,194,1270,1,SRR15183341,in vivo,extracellular,bulk,1-2
HA,195,1728,2,SRR15183341,in vivo,extracellular,bulk,1-2
HA,232,1654,12,SRR15183341,in vivo,extracellular,bulk,1-2
HA,242,1578,2,SRR15183341,in vivo,extracellular,bulk,1-2
HA,269,795,1,SRR15183341,in vivo,extracellular,bulk,1-2
HA,280,1589,6,SRR15183341,in vivo,extracellular,bulk,1-2
HA,363,1486,2,SRR15183341,in vivo,extracellular,bulk,1-2
HA,369,1489,2,SRR15183341,in vivo,extracellular,bulk,1-2
HA,388,1726,2,SRR15183341,in vivo,extracellular,bulk,1-2
HA,395,1335,2,SRR15183341,in vivo,extracellular,bulk,1-2
HA,416,869,1,SRR15183341,in vivo,extracellular,bulk,1-2
HA,61,974,1,SRR15183341,in vivo,extracellular,bulk,1-2
HA,62,1286,1,SRR15183341,in vivo,extracellular,bulk,1-2
HA,712,810,1,SRR15183341,in vivo,extracellular,bulk,1-2
HA,716,1676,1,SRR15183341,in vivo,extracellular,bulk,1-2
HA,71,105,1,SRR15183341,in vivo,extracellular,bulk,1-2
HA,73,815,1,SRR15183341,in vivo,extracellular,bulk,1-2
HA,787,1016,1,SRR15183341,in vivo,extracellular,bulk,1-2
HA,809,972,2,SRR15183341,in vivo,extracellular,bulk,1-2
HA,820,1034,2,SRR15183341,in vivo,extracellular,bulk,1-2
HA,839,1328,2,SRR15183341,in vivo,extracellular,bulk,1-2
HA,999,1087,2,SRR15183341,in vivo,extracellular,bulk,1-2
NP,1108,1490,1,SRR15183341,in vivo,extracellular,bulk,1-2
NP,1142,1296,2,SRR15183341,in vivo,extracellular,bulk,1-2
NP,1150,1250,2,SRR15183341,in vivo,extracellular,bulk,1-2
NP,1162,1224,1,SRR15183341,in vivo,extracellular,bulk,1-2
NP,1216,1671,1,SRR15183341,in vivo,extracellular,bulk,1-2
NP,123,551,1,SRR15183341,in vivo,extracellular,bulk,1-2
NP,1246,1501,2,SRR15183341,in vivo,extracellular,bulk,1-2
NP,1253,1367,1,SRR15183341,in vivo,extracellular,bulk,1-2
NP,1253,1540,2,SRR15183341,in vivo,extracellular,bulk,1-2
NP,1304,1370,1,SRR15183341,in vivo,extracellular,bulk,1-2
NP,1321,1407,2,SRR15183341,in vivo,extracellular,bulk,1-2
NP,1381,1461,19,SRR15183341,in vivo,extracellular,bulk,1-2
NP,153,338,1,SRR15183341,in vivo,extracellular,bulk,1-2
NP,1571,1705,1,SRR15183341,in vivo,extracellular,bulk,1-2
NP,1576,1660,2,SRR15183341,in vivo,extracellular,bulk,1-2
NP,190,224,3,SRR15183341,in vivo,extracellular,bulk,1-2
NP,199,1542,2,SRR15183341,in vivo,extracellular,bulk,1-2
NP,210,1240,1,SRR15183341,in vivo,extracellular,bulk,1-2
NP,231,1186,1,SRR15183341,in vivo,extracellular,bulk,1-2
NP,233,1718,1,SRR15183341,in vivo,extracellular,bulk,1-2
NP,250,1628,2,SRR15183341,in vivo,extracellular,bulk,1-2
NP,379,978,1,SRR15183341,in vivo,extracellular,bulk,1-2
NP,490,1123,2,SRR15183341,in vivo,extracellular,bulk,1-2
NP,495,1294,223,SRR15183341,in vivo,extracellular,bulk,1-2
NP,496,1295,2,SRR15183341,in vivo,extracellular,bulk,1-2
NP,497,645,1,SRR15183341,in vivo,extracellular,bulk,1-2
NP,590,1507,1,SRR15183341,in vivo,extracellular,bulk,1-2
NP,592,1363,2,SRR15183341,in vivo,extracellular,bulk,1-2
NP,650,1087,1,SRR15183341,in vivo,extracellular,bulk,1-2
NP,660,1707,2,SRR15183341,in vivo,extracellular,bulk,1-2
NP,686,948,2,SRR15183341,in vivo,extracellular,bulk,1-2
NP,710,985,2,SRR15183341,in vivo,extracellular,bulk,1-2
NP,718,1638,2,SRR15183341,in vivo,extracellular,bulk,1-2
NP,737,898,2,SRR15183341,in vivo,extracellular,bulk,1-2
NP,849,1694,1,SRR15183341,in vivo,extracellular,bulk,1-2
NP,868,1287,1,SRR15183341,in vivo,extracellular,bulk,1-2
NA,102,399,1,SRR15183341,in vivo,extracellular,bulk,1-2
NA,1031,1130,1,SRR15183341,in vivo,extracellular,bulk,1-2
NA,1052,1211,1,SRR15183341,in vivo,extracellular,bulk,1-2
NA,1060,1094,1,SRR15183341,in vivo,extracellular,bulk,1-2
NA,1179,1279,1,SRR15183341,in vivo,extracellular,bulk,1-2
NA,119,741,2,SRR15183341,in vivo,extracellular,bulk,1-2
NA,120,1206,1,SRR15183341,in vivo,extracellular,bulk,1-2
NA,1225,1269,1,SRR15183341,in vivo,extracellular,bulk,1-2
NA,1331,1459,1,SRR15183341,in vivo,extracellular,bulk,1-2
NA,1397,1450,1,SRR15183341,in vivo,extracellular,bulk,1-2
NA,165,1320,2,SRR15183341,in vivo,extracellular,bulk,1-2
NA,177,999,1,SRR15183341,in vivo,extracellular,bulk,1-2
NA,243,1030,1,SRR15183341,in vivo,extracellular,bulk,1-2
NA,246,1481,1,SRR15183341,in vivo,extracellular,bulk,1-2
NA,351,466,2,SRR15183341,in vivo,extracellular,bulk,1-2
NA,352,545,2,SRR15183341,in vivo,extracellular,bulk,1-2
NA,353,512,1,SRR15183341,in vivo,extracellular,bulk,1-2
NA,364,536,1,SRR15183341,in vivo,extracellular,bulk,1-2
NA,366,892,1,SRR15183341,in vivo,extracellular,bulk,1-2
NA,367,974,38,SRR15183341,in vivo,extracellular,bulk,1-2
NA,407,974,1,SRR15183341,in vivo,extracellular,bulk,1-2
NA,411,678,1,SRR15183341,in vivo,extracellular,bulk,1-2
NA,438,569,2,SRR15183341,in vivo,extracellular,bulk,1-2
NA,474,932,2,SRR15183341,in vivo,extracellular,bulk,1-2
NA,477,851,2,SRR15183341,in vivo,extracellular,bulk,1-2
NA,487,1028,1,SRR15183341,in vivo,extracellular,bulk,1-2
NA,491,967,1,SRR15183341,in vivo,extracellular,bulk,1-2
NA,493,627,1,SRR15183341,in vivo,extracellular,bulk,1-2
NA,531,1328,1,SRR15183341,in vivo,extracellular,bulk,1-2
NA,584,671,1,SRR15183341,in vivo,extracellular,bulk,1-2
NA,590,768,1,SRR15183341,in vivo,extracellular,bulk,1-2
NA,593,658,2,SRR15183341,in vivo,extracellular,bulk,1-2
NA,595,749,1,SRR15183341,in vivo,extracellular,bulk,1-2
NA,611,1306,2,SRR15183341,in vivo,extracellular,bulk,1-2
NA,61,685,1,SRR15183341,in vivo,extracellular,bulk,1-2
NA,677,1467,1,SRR15183341,in vivo,extracellular,bulk,1-2
NA,67,507,1,SRR15183341,in vivo,extracellular,bulk,1-2
NA,684,1461,1,SRR15183341,in vivo,extracellular,bulk,1-2
NA,687,1321,2,SRR15183341,in vivo,extracellular,bulk,1-2
NA,703,1270,2,SRR15183341,in vivo,extracellular,bulk,1-2
NA,705,1313,2,SRR15183341,in vivo,extracellular,bulk,1-2
NA,709,1117,2,SRR15183341,in vivo,extracellular,bulk,1-2
NA,753,1204,2,SRR15183341,in vivo,extracellular,bulk,1-2
NA,940,1302,2,SRR15183341,in vivo,extracellular,bulk,1-2
NA,951,1029,2,SRR15183341,in vivo,extracellular,bulk,1-2
NA,96,332,1,SRR15183341,in vivo,extracellular,bulk,1-2
M,103,991,5,SRR15183341,in vivo,extracellular,bulk,1-2
M,1078,1112,25,SRR15183341,in vivo,extracellular,bulk,1-2
M,120,1027,1,SRR15183341,in vivo,extracellular,bulk,1-2
M,121,1028,36,SRR15183341,in vivo,extracellular,bulk,1-2
M,129,1029,49,SRR15183341,in vivo,extracellular,bulk,1-2
M,134,700,1,SRR15183341,in vivo,extracellular,bulk,1-2
M,152,1058,6,SRR15183341,in vivo,extracellular,bulk,1-2
M,156,1008,236,SRR15183341,in vivo,extracellular,bulk,1-2
M,187,1056,166,SRR15183341,in vivo,extracellular,bulk,1-2
M,189,1086,2,SRR15183341,in vivo,extracellular,bulk,1-2
M,199,1035,2,SRR15183341,in vivo,extracellular,bulk,1-2
M,200,1036,36,SRR15183341,in vivo,extracellular,bulk,1-2
M,202,1060,2,SRR15183341,in vivo,extracellular,bulk,1-2
M,202,865,28,SRR15183341,in vivo,extracellular,bulk,1-2
M,206,1014,1,SRR15183341,in vivo,extracellular,bulk,1-2
M,206,980,2,SRR15183341,in vivo,extracellular,bulk,1-2
M,224,1079,4,SRR15183341,in vivo,extracellular,bulk,1-2
M,25,73,25,SRR15183341,in vivo,extracellular,bulk,1-2
M,25,82,1,SRR15183341,in vivo,extracellular,bulk,1-2
M,304,731,1,SRR15183341,in vivo,extracellular,bulk,1-2
M,335,862,1,SRR15183341,in vivo,extracellular,bulk,1-2
M,457,1053,2,SRR15183341,in vivo,extracellular,bulk,1-2
M,653,1041,1,SRR15183341,in vivo,extracellular,bulk,1-2
M,662,1016,2,SRR15183341,in vivo,extracellular,bulk,1-2
M,80,1026,1,SRR15183341,in vivo,extracellular,bulk,1-2
NS,242,828,2,SRR15183341,in vivo,extracellular,bulk,1-2
NS,63,814,1,SRR15183341,in vivo,extracellular,bulk,1-2
NS,672,1028,1,SRR15183341,in vivo,extracellular,bulk,1-2
NS,677,921,2,SRR15183341,in vivo,extracellular,bulk,1-2
NS,749,1011,1,SRR15183341,in vivo,extracellular,bulk,1-2
NS,751,911,2,SRR15183341,in vivo,extracellular,bulk,1-2
NS,76,850,1,SRR15183341,in vivo,extracellular,bulk,1-2
PB1,1013,1346,3,SRR15183340,in vivo,extracellular,bulk,2-2
PB1,1037,1722,4,SRR15183340,in vivo,extracellular,bulk,2-2
PB1,107,727,1,SRR15183340,in vivo,extracellular,bulk,2-2
PB1,108,478,1,SRR15183340,in vivo,extracellular,bulk,2-2
PB1,109,142,318,SRR15183340,in vivo,extracellular,bulk,2-2
PB1,110,2120,15,SRR15183340,in vivo,extracellular,bulk,2-2
PB1,1112,1768,1,SRR15183340,in vivo,extracellular,bulk,2-2
PB1,1138,2054,1,SRR15183340,in vivo,extracellular,bulk,2-2
PB1,1282,1535,2,SRR15183340,in vivo,extracellular,bulk,2-2
PB1,1518,2018,1,SRR15183340,in vivo,extracellular,bulk,2-2
PB1,1558,2019,2,SRR15183340,in vivo,extracellular,bulk,2-2
PB1,156,2057,2,SRR15183340,in vivo,extracellular,bulk,2-2
PB1,158,369,2,SRR15183340,in vivo,extracellular,bulk,2-2
PB1,159,1592,2,SRR15183340,in vivo,extracellular,bulk,2-2
PB1,163,2191,1,SRR15183340,in vivo,extracellular,bulk,2-2
PB1,1725,1763,1,SRR15183340,in vivo,extracellular,bulk,2-2
PB1,1758,2201,1,SRR15183340,in vivo,extracellular,bulk,2-2
PB1,1764,2197,1,SRR15183340,in vivo,extracellular,bulk,2-2
PB1,176,1725,2,SRR15183340,in vivo,extracellular,bulk,2-2
PB1,1824,2014,1,SRR15183340,in vivo,extracellular,bulk,2-2
PB1,1870,2221,1,SRR15183340,in vivo,extracellular,bulk,2-2
PB1,1881,2026,2,SRR15183340,in vivo,extracellular,bulk,2-2
PB1,2086,2234,1,SRR15183340,in vivo,extracellular,bulk,2-2
PB1,2131,2190,140,SRR15183340,in vivo,extracellular,bulk,2-2
PB1,2132,2180,44,SRR15183340,in vivo,extracellular,bulk,2-2
PB1,2137,2189,14,SRR15183340,in vivo,extracellular,bulk,2-2
PB1,2227,2260,1,SRR15183340,in vivo,extracellular,bulk,2-2
PB1,233,2192,3,SRR15183340,in vivo,extracellular,bulk,2-2
PB1,237,2123,2,SRR15183340,in vivo,extracellular,bulk,2-2
PB1,239,2107,13,SRR15183340,in vivo,extracellular,bulk,2-2
PB1,240,2020,13,SRR15183340,in vivo,extracellular,bulk,2-2
PB1,240,2056,47,SRR15183340,in vivo,extracellular,bulk,2-2
PB1,240,2120,20,SRR15183340,in vivo,extracellular,bulk,2-2
PB1,240,2171,8,SRR15183340,in vivo,extracellular,bulk,2-2
PB1,252,1765,21,SRR15183340,in vivo,extracellular,bulk,2-2
PB1,253,2160,3,SRR15183340,in vivo,extracellular,bulk,2-2
PB1,278,2156,11,SRR15183340,in vivo,extracellular,bulk,2-2
PB1,280,1836,129,SRR15183340,in vivo,extracellular,bulk,2-2
PB1,280,2207,18,SRR15183340,in vivo,extracellular,bulk,2-2
PB1,290,2046,66,SRR15183340,in vivo,extracellular,bulk,2-2
PB1,292,2029,2,SRR15183340,in vivo,extracellular,bulk,2-2
PB1,293,360,2,SRR15183340,in vivo,extracellular,bulk,2-2
PB1,298,2050,11,SRR15183340,in vivo,extracellular,bulk,2-2
PB1,300,2160,2,SRR15183340,in vivo,extracellular,bulk,2-2
PB1,303,2014,1,SRR15183340,in vivo,extracellular,bulk,2-2
PB1,303,2057,6,SRR15183340,in vivo,extracellular,bulk,2-2
PB1,303,438,1,SRR15183340,in vivo,extracellular,bulk,2-2
PB1,306,2224,1,SRR15183340,in vivo,extracellular,bulk,2-2
PB1,307,381,1,SRR15183340,in vivo,extracellular,bulk,2-2
PB1,308,2018,1,SRR15183340,in vivo,extracellular,bulk,2-2
PB1,308,2031,71,SRR15183340,in vivo,extracellular,bulk,2-2
PB1,309,2004,20,SRR15183340,in vivo,extracellular,bulk,2-2
PB1,30,1996,1,SRR15183340,in vivo,extracellular,bulk,2-2
PB1,310,2195,7,SRR15183340,in vivo,extracellular,bulk,2-2
PB1,311,1587,16,SRR15183340,in vivo,extracellular,bulk,2-2
PB1,311,2002,5,SRR15183340,in vivo,extracellular,bulk,2-2
PB1,311,2048,1,SRR15183340,in vivo,extracellular,bulk,2-2
PB1,311,2057,2,SRR15183340,in vivo,extracellular,bulk,2-2
PB1,311,2066,1,SRR15183340,in vivo,extracellular,bulk,2-2
PB1,311,2245,1,SRR15183340,in vivo,extracellular,bulk,2-2
PB1,320,1993,1,SRR15183340,in vivo,extracellular,bulk,2-2
PB1,328,2000,2,SRR15183340,in vivo,extracellular,bulk,2-2
PB1,331,1993,2,SRR15183340,in vivo,extracellular,bulk,2-2
PB1,337,1978,84,SRR15183340,in vivo,extracellular,bulk,2-2
PB1,338,1979,1,SRR15183340,in vivo,extracellular,bulk,2-2
PB1,344,2045,1,SRR15183340,in vivo,extracellular,bulk,2-2
PB1,346,1823,14,SRR15183340,in vivo,extracellular,bulk,2-2
PB1,346,2018,64,SRR15183340,in vivo,extracellular,bulk,2-2
PB1,353,1660,1,SRR15183340,in vivo,extracellular,bulk,2-2
PB1,353,2089,1,SRR15183340,in vivo,extracellular,bulk,2-2
PB1,356,2193,15,SRR15183340,in vivo,extracellular,bulk,2-2
PB1,361,2198,1,SRR15183340,in vivo,extracellular,bulk,2-2
PB1,363,1937,5,SRR15183340,in vivo,extracellular,bulk,2-2
PB1,364,1945,5,SRR15183340,in vivo,extracellular,bulk,2-2
PB1,364,1994,4,SRR15183340,in vivo,extracellular,bulk,2-2
PB1,366,1496,2,SRR15183340,in vivo,extracellular,bulk,2-2
PB1,366,1941,4,SRR15183340,in vivo,extracellular,bulk,2-2
PB1,366,1943,1,SRR15183340,in vivo,extracellular,bulk,2-2
PB1,366,1944,9,SRR15183340,in vivo,extracellular,bulk,2-2
PB1,368,1943,18,SRR15183340,in vivo,extracellular,bulk,2-2
PB1,368,1978,36,SRR15183340,in vivo,extracellular,bulk,2-2
PB1,372,1934,22,SRR15183340,in vivo,extracellular,bulk,2-2
PB1,373,1941,2,SRR15183340,in vivo,extracellular,bulk,2-2
PB1,375,1936,5,SRR15183340,in vivo,extracellular,bulk,2-2
PB1,375,2038,7,SRR15183340,in vivo,extracellular,bulk,2-2
PB1,375,2056,7,SRR15183340,in vivo,extracellular,bulk,2-2
PB1,375,2065,10,SRR15183340,in vivo,extracellular,bulk,2-2
PB1,377,1934,49,SRR15183340,in vivo,extracellular,bulk,2-2
PB1,378,1769,27,SRR15183340,in vivo,extracellular,bulk,2-2
PB1,378,1937,8,SRR15183340,in vivo,extracellular,bulk,2-2
PB1,378,1941,46,SRR15183340,in vivo,extracellular,bulk,2-2
PB1,378,1944,103,SRR15183340,in vivo,extracellular,bulk,2-2
PB1,379,1799,7,SRR15183340,in vivo,extracellular,bulk,2-2
PB1,379,1934,34,SRR15183340,in vivo,extracellular,bulk,2-2
PB1,380,1944,35,SRR15183340,in vivo,extracellular,bulk,2-2
PB1,382,1937,7,SRR15183340,in vivo,extracellular,bulk,2-2
PB1,386,1993,10,SRR15183340,in vivo,extracellular,bulk,2-2
PB1,387,1846,16,SRR15183340,in vivo,extracellular,bulk,2-2
PB1,387,1849,3,SRR15183340,in vivo,extracellular,bulk,2-2
PB1,387,1891,7,SRR15183340,in vivo,extracellular,bulk,2-2
PB1,387,1918,9,SRR15183340,in vivo,extracellular,bulk,2-2
PB1,389,2122,2,SRR15183340,in vivo,extracellular,bulk,2-2
PB1,393,1848,10,SRR15183340,in vivo,extracellular,bulk,2-2
PB1,393,2029,13,SRR15183340,in vivo,extracellular,bulk,2-2
PB1,394,1596,2,SRR15183340,in vivo,extracellular,bulk,2-2
PB1,399,1902,15,SRR15183340,in vivo,extracellular,bulk,2-2
PB1,399,2030,4,SRR15183340,in vivo,extracellular,bulk,2-2
PB1,400,2031,1,SRR15183340,in vivo,extracellular,bulk,2-2
PB1,404,1832,5,SRR15183340,in vivo,extracellular,bulk,2-2
PB1,407,1885,3,SRR15183340,in vivo,extracellular,bulk,2-2
PB1,420,1613,4,SRR15183340,in vivo,extracellular,bulk,2-2
PB1,420,1808,129,SRR15183340,in vivo,extracellular,bulk,2-2
PB1,422,1822,7,SRR15183340,in vivo,extracellular,bulk,2-2
PB1,422,1984,6,SRR15183340,in vivo,extracellular,bulk,2-2
PB1,422,2034,18,SRR15183340,in vivo,extracellular,bulk,2-2
PB1,426,1815,5,SRR15183340,in vivo,extracellular,bulk,2-2
PB1,427,1865,6,SRR15183340,in vivo,extracellular,bulk,2-2
PB1,427,1905,9,SRR15183340,in vivo,extracellular,bulk,2-2
PB1,429,1917,1,SRR15183340,in vivo,extracellular,bulk,2-2
PB1,431,1868,5,SRR15183340,in vivo,extracellular,bulk,2-2
PB1,431,1918,4,SRR15183340,in vivo,extracellular,bulk,2-2
PB1,432,1776,2,SRR15183340,in vivo,extracellular,bulk,2-2
PB1,435,1778,5,SRR15183340,in vivo,extracellular,bulk,2-2
PB1,438,2005,2,SRR15183340,in vivo,extracellular,bulk,2-2
PB1,440,1861,1,SRR15183340,in vivo,extracellular,bulk,2-2
PB1,441,1933,2,SRR15183340,in vivo,extracellular,bulk,2-2
PB1,442,1538,2,SRR15183340,in vivo,extracellular,bulk,2-2
PB1,443,1647,3,SRR15183340,in vivo,extracellular,bulk,2-2
PB1,447,1769,17,SRR15183340,in vivo,extracellular,bulk,2-2
PB1,450,1996,2,SRR15183340,in vivo,extracellular,bulk,2-2
PB1,451,1865,12,SRR15183340,in vivo,extracellular,bulk,2-2
PB1,451,1945,25,SRR15183340,in vivo,extracellular,bulk,2-2
PB1,454,1833,11,SRR15183340,in vivo,extracellular,bulk,2-2
PB1,454,1846,41,SRR15183340,in vivo,extracellular,bulk,2-2
PB1,455,1990,91,SRR15183340,in vivo,extracellular,bulk,2-2
PB1,458,1934,24,SRR15183340,in vivo,extracellular,bulk,2-2
PB1,461,1772,7,SRR15183340,in vivo,extracellular,bulk,2-2
PB1,461,1920,6,SRR15183340,in vivo,extracellular,bulk,2-2
PB1,461,2093,5,SRR15183340,in vivo,extracellular,bulk,2-2
PB1,462,1745,8,SRR15183340,in vivo,extracellular,bulk,2-2
PB1,462,1775,102,SRR15183340,in vivo,extracellular,bulk,2-2
PB1,462,1831,20,SRR15183340,in vivo,extracellular,bulk,2-2
PB1,463,1770,7,SRR15183340,in vivo,extracellular,bulk,2-2
PB1,463,1942,27,SRR15183340,in vivo,extracellular,bulk,2-2
PB1,463,1945,12,SRR15183340,in vivo,extracellular,bulk,2-2
PB1,470,1938,26,SRR15183340,in vivo,extracellular,bulk,2-2
PB1,500,1903,1,SRR15183340,in vivo,extracellular,bulk,2-2
PB1,505,1600,1,SRR15183340,in vivo,extracellular,bulk,2-2
PB1,505,1738,4,SRR15183340,in vivo,extracellular,bulk,2-2
PB1,505,1740,12,SRR15183340,in vivo,extracellular,bulk,2-2
PB1,505,1741,1,SRR15183340,in vivo,extracellular,bulk,2-2
PB1,505,1852,2,SRR15183340,in vivo,extracellular,bulk,2-2
PB1,507,1695,2,SRR15183340,in vivo,extracellular,bulk,2-2
PB1,507,1741,2,SRR15183340,in vivo,extracellular,bulk,2-2
PB1,509,1744,10937,SRR15183340,in vivo,extracellular,bulk,2-2
PB1,509,1745,4,SRR15183340,in vivo,extracellular,bulk,2-2
PB1,509,1890,23,SRR15183340,in vivo,extracellular,bulk,2-2
PB1,510,1745,14,SRR15183340,in vivo,extracellular,bulk,2-2
PB1,510,1852,2,SRR15183340,in vivo,extracellular,bulk,2-2
PB1,510,1888,6,SRR15183340,in vivo,extracellular,bulk,2-2
PB1,513,1739,15,SRR15183340,in vivo,extracellular,bulk,2-2
PB1,520,1624,5,SRR15183340,in vivo,extracellular,bulk,2-2
PB1,527,1777,1,SRR15183340,in vivo,extracellular,bulk,2-2
PB1,529,1815,19,SRR15183340,in vivo,extracellular,bulk,2-2
PB1,534,1747,5,SRR15183340,in vivo,extracellular,bulk,2-2
PB1,535,1781,13,SRR15183340,in vivo,extracellular,bulk,2-2
PB1,536,1774,3,SRR15183340,in vivo,extracellular,bulk,2-2
PB1,542,1415,2,SRR15183340,in vivo,extracellular,bulk,2-2
PB1,542,1768,66,SRR15183340,in vivo,extracellular,bulk,2-2
PB1,542,1776,2,SRR15183340,in vivo,extracellular,bulk,2-2
PB1,542,1791,1,SRR15183340,in vivo,extracellular,bulk,2-2
PB1,542,1810,23,SRR15183340,in vivo,extracellular,bulk,2-2
PB1,542,1845,3,SRR15183340,in vivo,extracellular,bulk,2-2
PB1,542,1848,5,SRR15183340,in vivo,extracellular,bulk,2-2
PB1,574,1818,9,SRR15183340,in vivo,extracellular,bulk,2-2
PB1,580,1606,3,SRR15183340,in vivo,extracellular,bulk,2-2
PB1,580,1609,4,SRR15183340,in vivo,extracellular,bulk,2-2
PB1,582,1756,19,SRR15183340,in vivo,extracellular,bulk,2-2
PB1,583,1737,10,SRR15183340,in vivo,extracellular,bulk,2-2
PB1,585,1750,26,SRR15183340,in vivo,extracellular,bulk,2-2
PB1,585,1798,1,SRR15183340,in vivo,extracellular,bulk,2-2
PB1,587,1726,5,SRR15183340,in vivo,extracellular,bulk,2-2
PB1,589,1757,31,SRR15183340,in vivo,extracellular,bulk,2-2
PB1,593,1608,15,SRR15183340,in vivo,extracellular,bulk,2-2
PB1,594,1799,3,SRR15183340,in vivo,extracellular,bulk,2-2
PB1,597,1744,10,SRR15183340,in vivo,extracellular,bulk,2-2
PB1,597,1746,8,SRR15183340,in vivo,extracellular,bulk,2-2
PB1,597,1776,24,SRR15183340,in vivo,extracellular,bulk,2-2
PB1,598,1751,12,SRR15183340,in vivo,extracellular,bulk,2-2
PB1,610,1780,3,SRR15183340,in vivo,extracellular,bulk,2-2
PB1,611,1769,4,SRR15183340,in vivo,extracellular,bulk,2-2
PB1,624,1586,3,SRR15183340,in vivo,extracellular,bulk,2-2
PB1,624,1756,9,SRR15183340,in vivo,extracellular,bulk,2-2
PB1,624,2052,152,SRR15183340,in vivo,extracellular,bulk,2-2
PB1,626,1770,2,SRR15183340,in vivo,extracellular,bulk,2-2
PB1,627,1772,41,SRR15183340,in vivo,extracellular,bulk,2-2
PB1,628,1766,32,SRR15183340,in vivo,extracellular,bulk,2-2
PB1,628,1773,1,SRR15183340,in vivo,extracellular,bulk,2-2
PB1,629,1539,2,SRR15183340,in vivo,extracellular,bulk,2-2
PB1,630,1756,13,SRR15183340,in vivo,extracellular,bulk,2-2
PB1,631,1730,15,SRR15183340,in vivo,extracellular,bulk,2-2
PB1,632,1737,2,SRR15183340,in vivo,extracellular,bulk,2-2
PB1,633,1609,3,SRR15183340,in vivo,extracellular,bulk,2-2
PB1,633,1747,8,SRR15183340,in vivo,extracellular,bulk,2-2
PB1,638,1662,2,SRR15183340,in vivo,extracellular,bulk,2-2
PB1,638,1744,12,SRR15183340,in vivo,extracellular,bulk,2-2
PB1,638,1778,4,SRR15183340,in vivo,extracellular,bulk,2-2
PB1,638,1845,6,SRR15183340,in vivo,extracellular,bulk,2-2
PB1,639,1701,2,SRR15183340,in vivo,extracellular,bulk,2-2
PB1,639,1737,86,SRR15183340,in vivo,extracellular,bulk,2-2
PB1,639,1799,7,SRR15183340,in vivo,extracellular,bulk,2-2
PB1,640,1752,4,SRR15183340,in vivo,extracellular,bulk,2-2
PB1,642,1741,13,SRR15183340,in vivo,extracellular,bulk,2-2
PB1,644,1727,3,SRR15183340,in vivo,extracellular,bulk,2-2
PB1,644,1737,77,SRR15183340,in vivo,extracellular,bulk,2-2
PB1,645,1745,2,SRR15183340,in vivo,extracellular,bulk,2-2
PB1,646,1607,11,SRR15183340,in vivo,extracellular,bulk,2-2
PB1,646,1736,25,SRR15183340,in vivo,extracellular,bulk,2-2
PB1,648,1742,1,SRR15183340,in vivo,extracellular,bulk,2-2
PB1,649,1588,2,SRR15183340,in vivo,extracellular,bulk,2-2
PB1,650,1720,6,SRR15183340,in vivo,extracellular,bulk,2-2
PB1,650,1725,6,SRR15183340,in vivo,extracellular,bulk,2-2
PB1,652,1609,6,SRR15183340,in vivo,extracellular,bulk,2-2
PB1,653,1733,2,SRR15183340,in vivo,extracellular,bulk,2-2
PB1,654,1713,8,SRR15183340,in vivo,extracellular,bulk,2-2
PB1,684,1498,11,SRR15183340,in vivo,extracellular,bulk,2-2
PB1,686,2004,1,SRR15183340,in vivo,extracellular,bulk,2-2
PB1,687,1758,11,SRR15183340,in vivo,extracellular,bulk,2-2
PB1,691,2282,2,SRR15183340,in vivo,extracellular,bulk,2-2
PB1,692,1798,7,SRR15183340,in vivo,extracellular,bulk,2-2
PB1,692,1934,21,SRR15183340,in vivo,extracellular,bulk,2-2
PB1,693,1496,19,SRR15183340,in vivo,extracellular,bulk,2-2
PB1,693,1675,4,SRR15183340,in vivo,extracellular,bulk,2-2
PB1,702,1556,4,SRR15183340,in vivo,extracellular,bulk,2-2
PB1,704,1678,1,SRR15183340,in vivo,extracellular,bulk,2-2
PB1,704,2193,6,SRR15183340,in vivo,extracellular,bulk,2-2
PB1,706,1818,19,SRR15183340,in vivo,extracellular,bulk,2-2
PB1,707,2121,2,SRR15183340,in vivo,extracellular,bulk,2-2
PB1,709,1573,12,SRR15183340,in vivo,extracellular,bulk,2-2
PB1,709,1587,6,SRR15183340,in vivo,extracellular,bulk,2-2
PB1,711,1574,1,SRR15183340,in vivo,extracellular,bulk,2-2
PB1,711,1682,3,SRR15183340,in vivo,extracellular,bulk,2-2
PB1,712,1574,4,SRR15183340,in vivo,extracellular,bulk,2-2
PB1,715,1916,11,SRR15183340,in vivo,extracellular,bulk,2-2
PB1,719,1746,4,SRR15183340,in vivo,extracellular,bulk,2-2
PB1,721,1566,6,SRR15183340,in vivo,extracellular,bulk,2-2
PB1,724,1496,13,SRR15183340,in vivo,extracellular,bulk,2-2
PB1,725,1756,1,SRR15183340,in vivo,extracellular,bulk,2-2
PB1,728,1678,6,SRR15183340,in vivo,extracellular,bulk,2-2
PB1,729,1558,1,SRR15183340,in vivo,extracellular,bulk,2-2
PB1,729,1582,10,SRR15183340,in vivo,extracellular,bulk,2-2
PB1,731,1572,19,SRR15183340,in vivo,extracellular,bulk,2-2
PB1,731,1611,57,SRR15183340,in vivo,extracellular,bulk,2-2
PB1,732,2027,1,SRR15183340,in vivo,extracellular,bulk,2-2
PB1,733,1613,1,SRR15183340,in vivo,extracellular,bulk,2-2
PB1,735,1708,21,SRR15183340,in vivo,extracellular,bulk,2-2
PB1,735,2063,24,SRR15183340,in vivo,extracellular,bulk,2-2
PB1,736,1740,8,SRR15183340,in vivo,extracellular,bulk,2-2
PB1,738,1797,1,SRR15183340,in vivo,extracellular,bulk,2-2
PB1,747,1540,5,SRR15183340,in vivo,extracellular,bulk,2-2
PB1,747,1797,2,SRR15183340,in vivo,extracellular,bulk,2-2
PB1,749,1627,1,SRR15183340,in vivo,extracellular,bulk,2-2
PB1,758,1709,10,SRR15183340,in vivo,extracellular,bulk,2-2
PB1,759,1570,3,SRR15183340,in vivo,extracellular,bulk,2-2
PB1,762,1699,1,SRR15183340,in vivo,extracellular,bulk,2-2
PB1,766,1515,6,SRR15183340,in vivo,extracellular,bulk,2-2
PB1,766,1848,3,SRR15183340,in vivo,extracellular,bulk,2-2
PB1,767,1516,5,SRR15183340,in vivo,extracellular,bulk,2-2
PB1,768,1570,5,SRR15183340,in vivo,extracellular,bulk,2-2
PB1,769,1512,17,SRR15183340,in vivo,extracellular,bulk,2-2
PB1,770,1514,4,SRR15183340,in vivo,extracellular,bulk,2-2
PB1,770,1776,2,SRR15183340,in vivo,extracellular,bulk,2-2
PB1,770,2059,3,SRR15183340,in vivo,extracellular,bulk,2-2
PB1,774,1541,5,SRR15183340,in vivo,extracellular,bulk,2-2
PB1,775,1540,3,SRR15183340,in vivo,extracellular,bulk,2-2
PB1,776,1534,11,SRR15183340,in vivo,extracellular,bulk,2-2
PB1,776,1539,6,SRR15183340,in vivo,extracellular,bulk,2-2
PB1,776,1866,2,SRR15183340,in vivo,extracellular,bulk,2-2
PB1,777,1493,4,SRR15183340,in vivo,extracellular,bulk,2-2
PB1,777,1525,2,SRR15183340,in vivo,extracellular,bulk,2-2
PB1,777,1532,6,SRR15183340,in vivo,extracellular,bulk,2-2
PB1,777,1680,2,SRR15183340,in vivo,extracellular,bulk,2-2
PB1,777,1742,16,SRR15183340,in vivo,extracellular,bulk,2-2
PB1,779,1539,16,SRR15183340,in vivo,extracellular,bulk,2-2
PB1,779,1630,2,SRR15183340,in vivo,extracellular,bulk,2-2
PB1,787,1486,2,SRR15183340,in vivo,extracellular,bulk,2-2
PB1,788,1496,9,SRR15183340,in vivo,extracellular,bulk,2-2
PB1,790,1516,1,SRR15183340,in vivo,extracellular,bulk,2-2
PB1,791,1509,3,SRR15183340,in vivo,extracellular,bulk,2-2
PB1,791,1511,5,SRR15183340,in vivo,extracellular,bulk,2-2
PB1,791,1519,1,SRR15183340,in vivo,extracellular,bulk,2-2
PB1,791,1537,1,SRR15183340,in vivo,extracellular,bulk,2-2
PB1,791,1609,4,SRR15183340,in vivo,extracellular,bulk,2-2
PB1,793,2343,1,SRR15183340,in vivo,extracellular,bulk,2-2
PB1,794,1495,3,SRR15183340,in vivo,extracellular,bulk,2-2
PB1,794,1497,2,SRR15183340,in vivo,extracellular,bulk,2-2
PB1,794,1512,5,SRR15183340,in vivo,extracellular,bulk,2-2
PB1,794,1536,1,SRR15183340,in vivo,extracellular,bulk,2-2
PB1,794,1674,3,SRR15183340,in vivo,extracellular,bulk,2-2
PB1,795,1496,1,SRR15183340,in vivo,extracellular,bulk,2-2
PB1,796,1490,1,SRR15183340,in vivo,extracellular,bulk,2-2
PB1,796,1518,3,SRR15183340,in vivo,extracellular,bulk,2-2
PB1,796,1541,14,SRR15183340,in vivo,extracellular,bulk,2-2
PB1,796,1712,11,SRR15183340,in vivo,extracellular,bulk,2-2
PB1,796,851,1,SRR15183340,in vivo,extracellular,bulk,2-2
PB1,798,1489,3,SRR15183340,in vivo,extracellular,bulk,2-2
PB1,798,1503,2,SRR15183340,in vivo,extracellular,bulk,2-2
PB1,798,1516,3,SRR15183340,in vivo,extracellular,bulk,2-2
PB1,798,1561,4,SRR15183340,in vivo,extracellular,bulk,2-2
PB1,798,1599,3,SRR15183340,in vivo,extracellular,bulk,2-2
PB1,799,1496,24,SRR15183340,in vivo,extracellular,bulk,2-2
PB1,799,1509,3,SRR15183340,in vivo,extracellular,bulk,2-2
PB1,799,1552,3,SRR15183340,in vivo,extracellular,bulk,2-2
PB1,799,1594,2,SRR15183340,in vivo,extracellular,bulk,2-2
PB1,800,1492,11,SRR15183340,in vivo,extracellular,bulk,2-2
PB1,800,1499,1,SRR15183340,in vivo,extracellular,bulk,2-2
PB1,800,1538,5,SRR15183340,in vivo,extracellular,bulk,2-2
PB1,800,1586,3,SRR15183340,in vivo,extracellular,bulk,2-2
PB1,800,1611,1,SRR15183340,in vivo,extracellular,bulk,2-2
PB1,800,1617,3,SRR15183340,in vivo,extracellular,bulk,2-2
PB1,800,1626,24,SRR15183340,in vivo,extracellular,bulk,2-2
PB1,821,1513,1,SRR15183340,in vivo,extracellular,bulk,2-2
PB1,824,1579,1,SRR15183340,in vivo,extracellular,bulk,2-2
PB1,829,1450,1,SRR15183340,in vivo,extracellular,bulk,2-2
PB1,829,1557,1,SRR15183340,in vivo,extracellular,bulk,2-2
PB1,829,1574,4,SRR15183340,in vivo,extracellular,bulk,2-2
PB1,830,1517,6,SRR15183340,in vivo,extracellular,bulk,2-2
PB1,832,1836,22,SRR15183340,in vivo,extracellular,bulk,2-2
PB1,833,1434,4,SRR15183340,in vivo,extracellular,bulk,2-2
PB1,834,1596,2,SRR15183340,in vivo,extracellular,bulk,2-2
PB1,837,1557,8,SRR15183340,in vivo,extracellular,bulk,2-2
PB1,839,1534,4,SRR15183340,in vivo,extracellular,bulk,2-2
PB1,839,1564,8,SRR15183340,in vivo,extracellular,bulk,2-2
PB1,839,1642,11,SRR15183340,in vivo,extracellular,bulk,2-2
PB1,840,1444,5,SRR15183340,in vivo,extracellular,bulk,2-2
PB1,840,1496,2,SRR15183340,in vivo,extracellular,bulk,2-2
PB1,840,1575,4,SRR15183340,in vivo,extracellular,bulk,2-2
PB1,840,1586,1,SRR15183340,in vivo,extracellular,bulk,2-2
PB1,840,1609,4,SRR15183340,in vivo,extracellular,bulk,2-2
PB1,841,1583,6,SRR15183340,in vivo,extracellular,bulk,2-2
PB1,848,1568,2,SRR15183340,in vivo,extracellular,bulk,2-2
PB1,848,1572,2,SRR15183340,in vivo,extracellular,bulk,2-2
PB1,848,1592,1,SRR15183340,in vivo,extracellular,bulk,2-2
PB1,848,1604,3,SRR15183340,in vivo,extracellular,bulk,2-2
PB1,848,1607,10,SRR15183340,in vivo,extracellular,bulk,2-2
PB1,866,1585,2,SRR15183340,in vivo,extracellular,bulk,2-2
PB1,866,1593,1,SRR15183340,in vivo,extracellular,bulk,2-2
PB1,866,1605,1,SRR15183340,in vivo,extracellular,bulk,2-2
PB1,868,1487,3,SRR15183340,in vivo,extracellular,bulk,2-2
PB1,870,1586,11,SRR15183340,in vivo,extracellular,bulk,2-2
PB1,871,1594,3,SRR15183340,in vivo,extracellular,bulk,2-2
PB1,872,1611,22,SRR15183340,in vivo,extracellular,bulk,2-2
PB1,873,1585,2,SRR15183340,in vivo,extracellular,bulk,2-2
PB1,873,1593,2,SRR15183340,in vivo,extracellular,bulk,2-2
PB1,873,1596,1,SRR15183340,in vivo,extracellular,bulk,2-2
PB1,874,1486,2,SRR15183340,in vivo,extracellular,bulk,2-2
PB1,875,1494,12,SRR15183340,in vivo,extracellular,bulk,2-2
PB1,875,1592,2,SRR15183340,in vivo,extracellular,bulk,2-2
PB1,904,1497,3,SRR15183340,in vivo,extracellular,bulk,2-2
PB1,906,1496,8,SRR15183340,in vivo,extracellular,bulk,2-2
PB1,906,1502,5,SRR15183340,in vivo,extracellular,bulk,2-2
PB1,907,1475,1,SRR15183340,in vivo,extracellular,bulk,2-2
PB1,910,1744,15,SRR15183340,in vivo,extracellular,bulk,2-2
PB1,910,1778,1,SRR15183340,in vivo,extracellular,bulk,2-2
PB1,911,1490,4,SRR15183340,in vivo,extracellular,bulk,2-2
PB1,911,1541,3,SRR15183340,in vivo,extracellular,bulk,2-2
PB1,916,1542,1,SRR15183340,in vivo,extracellular,bulk,2-2
PB1,930,1419,7,SRR15183340,in vivo,extracellular,bulk,2-2
PB1,930,1628,1,SRR15183340,in vivo,extracellular,bulk,2-2
PB1,939,1534,4,SRR15183340,in vivo,extracellular,bulk,2-2
PB1,939,1539,11,SRR15183340,in vivo,extracellular,bulk,2-2
PB1,940,1519,13,SRR15183340,in vivo,extracellular,bulk,2-2
PB1,942,1427,2,SRR15183340,in vivo,extracellular,bulk,2-2
PB1,944,1538,5,SRR15183340,in vivo,extracellular,bulk,2-2
PB1,945,1611,1,SRR15183340,in vivo,extracellular,bulk,2-2
PB1,946,2047,5,SRR15183340,in vivo,extracellular,bulk,2-2
PB1,955,1429,10,SRR15183340,in vivo,extracellular,bulk,2-2
PB1,955,1443,5,SRR15183340,in vivo,extracellular,bulk,2-2
PB1,982,1378,1,SRR15183340,in vivo,extracellular,bulk,2-2
PB2,1016,2191,2,SRR15183340,in vivo,extracellular,bulk,2-2
PB2,1019,1149,2,SRR15183340,in vivo,extracellular,bulk,2-2
PB2,1032,1742,2,SRR15183340,in vivo,extracellular,bulk,2-2
PB2,1039,1366,1,SRR15183340,in vivo,extracellular,bulk,2-2
PB2,1061,1188,2,SRR15183340,in vivo,extracellular,bulk,2-2
PB2,1071,1619,1,SRR15183340,in vivo,extracellular,bulk,2-2
PB2,1093,1841,1,SRR15183340,in vivo,extracellular,bulk,2-2
PB2,1112,1772,2,SRR15183340,in vivo,extracellular,bulk,2-2
PB2,1151,2227,2,SRR15183340,in vivo,extracellular,bulk,2-2
PB2,1153,2070,2,SRR15183340,in vivo,extracellular,bulk,2-2
PB2,1154,2058,2,SRR15183340,in vivo,extracellular,bulk,2-2
PB2,1156,1373,1,SRR15183340,in vivo,extracellular,bulk,2-2
PB2,1160,1635,2,SRR15183340,in vivo,extracellular,bulk,2-2
PB2,1178,1546,1,SRR15183340,in vivo,extracellular,bulk,2-2
PB2,1186,1229,1,SRR15183340,in vivo,extracellular,bulk,2-2
PB2,1205,2249,1,SRR15183340,in vivo,extracellular,bulk,2-2
PB2,1207,2251,1,SRR15183340,in vivo,extracellular,bulk,2-2
PB2,1322,1909,1,SRR15183340,in vivo,extracellular,bulk,2-2
PB2,1336,1905,1,SRR15183340,in vivo,extracellular,bulk,2-2
PB2,1474,1960,1,SRR15183340,in vivo,extracellular,bulk,2-2
PB2,147,2122,10,SRR15183340,in vivo,extracellular,bulk,2-2
PB2,1531,1772,2,SRR15183340,in vivo,extracellular,bulk,2-2
PB2,1541,1663,1,SRR15183340,in vivo,extracellular,bulk,2-2
PB2,156,191,2,SRR15183340,in vivo,extracellular,bulk,2-2
PB2,160,2060,2,SRR15183340,in vivo,extracellular,bulk,2-2
PB2,160,2121,1,SRR15183340,in vivo,extracellular,bulk,2-2
PB2,161,2238,2,SRR15183340,in vivo,extracellular,bulk,2-2
PB2,163,2123,1,SRR15183340,in vivo,extracellular,bulk,2-2
PB2,1645,2191,2,SRR15183340,in vivo,extracellular,bulk,2-2
PB2,164,2125,108,SRR15183340,in vivo,extracellular,bulk,2-2
PB2,164,2211,2,SRR15183340,in vivo,extracellular,bulk,2-2
PB2,1656,2299,1,SRR15183340,in vivo,extracellular,bulk,2-2
PB2,1700,1725,1,SRR15183340,in vivo,extracellular,bulk,2-2
PB2,173,326,1,SRR15183340,in vivo,extracellular,bulk,2-2
PB2,1751,1776,3,SRR15183340,in vivo,extracellular,bulk,2-2
PB2,1779,2302,1,SRR15183340,in vivo,extracellular,bulk,2-2
PB2,1818,2294,1,SRR15183340,in vivo,extracellular,bulk,2-2
PB2,183,2202,2,SRR15183340,in vivo,extracellular,bulk,2-2
PB2,1922,1957,2,SRR15183340,in vivo,extracellular,bulk,2-2
PB2,1957,2004,1,SRR15183340,in vivo,extracellular,bulk,2-2
PB2,196,1233,2,SRR15183340,in vivo,extracellular,bulk,2-2
PB2,203,2052,11,SRR15183340,in vivo,extracellular,bulk,2-2
PB2,203,2146,257,SRR15183340,in vivo,extracellular,bulk,2-2
PB2,206,2149,1,SRR15183340,in vivo,extracellular,bulk,2-2
PB2,213,1676,2,SRR15183340,in vivo,extracellular,bulk,2-2
PB2,213,251,1,SRR15183340,in vivo,extracellular,bulk,2-2
PB2,214,241,3,SRR15183340,in vivo,extracellular,bulk,2-2
PB2,214,251,3,SRR15183340,in vivo,extracellular,bulk,2-2
PB2,2180,2208,15,SRR15183340,in vivo,extracellular,bulk,2-2
PB2,238,2085,4,SRR15183340,in vivo,extracellular,bulk,2-2
PB2,241,2211,1,SRR15183340,in vivo,extracellular,bulk,2-2
PB2,243,1683,5,SRR15183340,in vivo,extracellular,bulk,2-2
PB2,243,2127,14,SRR15183340,in vivo,extracellular,bulk,2-2
PB2,243,2148,5,SRR15183340,in vivo,extracellular,bulk,2-2
PB2,243,2149,9,SRR15183340,in vivo,extracellular,bulk,2-2
PB2,244,1966,11,SRR15183340,in vivo,extracellular,bulk,2-2
PB2,244,2028,14,SRR15183340,in vivo,extracellular,bulk,2-2
PB2,244,2055,26,SRR15183340,in vivo,extracellular,bulk,2-2
PB2,244,2056,2,SRR15183340,in vivo,extracellular,bulk,2-2
PB2,244,2125,8,SRR15183340,in vivo,extracellular,bulk,2-2
PB2,244,2135,1,SRR15183340,in vivo,extracellular,bulk,2-2
PB2,244,2144,67,SRR15183340,in vivo,extracellular,bulk,2-2
PB2,244,2190,4,SRR15183340,in vivo,extracellular,bulk,2-2
PB2,244,2202,5,SRR15183340,in vivo,extracellular,bulk,2-2
PB2,244,2216,17,SRR15183340,in vivo,extracellular,bulk,2-2
PB2,244,2233,2,SRR15183340,in vivo,extracellular,bulk,2-2
PB2,244,2242,8,SRR15183340,in vivo,extracellular,bulk,2-2
PB2,249,286,2,SRR15183340,in vivo,extracellular,bulk,2-2
PB2,250,2123,1,SRR15183340,in vivo,extracellular,bulk,2-2
PB2,263,688,2,SRR15183340,in vivo,extracellular,bulk,2-2
PB2,270,2259,1,SRR15183340,in vivo,extracellular,bulk,2-2
PB2,272,2129,1,SRR15183340,in vivo,extracellular,bulk,2-2
PB2,280,1211,1,SRR15183340,in vivo,extracellular,bulk,2-2
PB2,282,1237,1,SRR15183340,in vivo,extracellular,bulk,2-2
PB2,286,516,1,SRR15183340,in vivo,extracellular,bulk,2-2
PB2,291,1632,3,SRR15183340,in vivo,extracellular,bulk,2-2
PB2,297,1707,1,SRR15183340,in vivo,extracellular,bulk,2-2
PB2,305,2147,2,SRR15183340,in vivo,extracellular,bulk,2-2
PB2,325,1279,1,SRR15183340,in vivo,extracellular,bulk,2-2
PB2,351,1998,5,SRR15183340,in vivo,extracellular,bulk,2-2
PB2,358,1954,2,SRR15183340,in vivo,extracellular,bulk,2-2
PB2,358,2037,1,SRR15183340,in vivo,extracellular,bulk,2-2
PB2,377,1909,2,SRR15183340,in vivo,extracellular,bulk,2-2
PB2,379,2077,6,SRR15183340,in vivo,extracellular,bulk,2-2
PB2,385,2040,3,SRR15183340,in vivo,extracellular,bulk,2-2
PB2,392,1956,4,SRR15183340,in vivo,extracellular,bulk,2-2
PB2,392,1962,86,SRR15183340,in vivo,extracellular,bulk,2-2
PB2,393,1953,1,SRR15183340,in vivo,extracellular,bulk,2-2
PB2,394,2123,43,SRR15183340,in vivo,extracellular,bulk,2-2
PB2,395,1937,5,SRR15183340,in vivo,extracellular,bulk,2-2
PB2,396,1956,13,SRR15183340,in vivo,extracellular,bulk,2-2
PB2,397,1927,34,SRR15183340,in vivo,extracellular,bulk,2-2
PB2,404,2016,3,SRR15183340,in vivo,extracellular,bulk,2-2
PB2,405,1937,83,SRR15183340,in vivo,extracellular,bulk,2-2
PB2,411,1958,17,SRR15183340,in vivo,extracellular,bulk,2-2
PB2,414,1928,7,SRR15183340,in vivo,extracellular,bulk,2-2
PB2,415,2029,1,SRR15183340,in vivo,extracellular,bulk,2-2
PB2,417,1927,26,SRR15183340,in vivo,extracellular,bulk,2-2
PB2,417,2031,69,SRR15183340,in vivo,extracellular,bulk,2-2
PB2,418,2036,56,SRR15183340,in vivo,extracellular,bulk,2-2
PB2,418,445,4,SRR15183340,in vivo,extracellular,bulk,2-2
PB2,422,2040,3,SRR15183340,in vivo,extracellular,bulk,2-2
PB2,427,1767,7,SRR15183340,in vivo,extracellular,bulk,2-2
PB2,427,1949,2,SRR15183340,in vivo,extracellular,bulk,2-2
PB2,428,1959,12,SRR15183340,in vivo,extracellular,bulk,2-2
PB2,429,2056,37,SRR15183340,in vivo,extracellular,bulk,2-2
PB2,429,454,4,SRR15183340,in vivo,extracellular,bulk,2-2
PB2,443,1963,2,SRR15183340,in vivo,extracellular,bulk,2-2
PB2,445,1962,6,SRR15183340,in vivo,extracellular,bulk,2-2
PB2,44,2070,1,SRR15183340,in vivo,extracellular,bulk,2-2
PB2,453,1777,23,SRR15183340,in vivo,extracellular,bulk,2-2
PB2,454,1888,1,SRR15183340,in vivo,extracellular,bulk,2-2
PB2,454,1934,27,SRR15183340,in vivo,extracellular,bulk,2-2
PB2,463,1758,2,SRR15183340,in vivo,extracellular,bulk,2-2
PB2,464,1998,64,SRR15183340,in vivo,extracellular,bulk,2-2
PB2,466,1769,3,SRR15183340,in vivo,extracellular,bulk,2-2
PB2,467,1689,7,SRR15183340,in vivo,extracellular,bulk,2-2
PB2,478,1926,1,SRR15183340,in vivo,extracellular,bulk,2-2
PB2,47,73,1,SRR15183340,in vivo,extracellular,bulk,2-2
PB2,480,1928,31,SRR15183340,in vivo,extracellular,bulk,2-2
PB2,481,1426,2,SRR15183340,in vivo,extracellular,bulk,2-2
PB2,490,1775,16,SRR15183340,in vivo,extracellular,bulk,2-2
PB2,499,1964,4,SRR15183340,in vivo,extracellular,bulk,2-2
PB2,502,1789,1,SRR15183340,in vivo,extracellular,bulk,2-2
PB2,517,1747,17,SRR15183340,in vivo,extracellular,bulk,2-2
PB2,520,1769,7,SRR15183340,in vivo,extracellular,bulk,2-2
PB2,520,1778,2,SRR15183340,in vivo,extracellular,bulk,2-2
PB2,521,1768,3,SRR15183340,in vivo,extracellular,bulk,2-2
PB2,525,2259,1,SRR15183340,in vivo,extracellular,bulk,2-2
PB2,527,2008,4,SRR15183340,in vivo,extracellular,bulk,2-2
PB2,538,1128,2,SRR15183340,in vivo,extracellular,bulk,2-2
PB2,548,1912,3,SRR15183340,in vivo,extracellular,bulk,2-2
PB2,560,1614,11,SRR15183340,in vivo,extracellular,bulk,2-2
PB2,563,1710,5,SRR15183340,in vivo,extracellular,bulk,2-2
PB2,564,1784,9,SRR15183340,in vivo,extracellular,bulk,2-2
PB2,564,1839,5,SRR15183340,in vivo,extracellular,bulk,2-2
PB2,567,1657,7,SRR15183340,in vivo,extracellular,bulk,2-2
PB2,569,1004,1,SRR15183340,in vivo,extracellular,bulk,2-2
PB2,575,1835,1,SRR15183340,in vivo,extracellular,bulk,2-2
PB2,576,1707,4,SRR15183340,in vivo,extracellular,bulk,2-2
PB2,581,2063,18,SRR15183340,in vivo,extracellular,bulk,2-2
PB2,583,1871,4,SRR15183340,in vivo,extracellular,bulk,2-2
PB2,583,1971,2,SRR15183340,in vivo,extracellular,bulk,2-2
PB2,586,1710,1,SRR15183340,in vivo,extracellular,bulk,2-2
PB2,586,2145,2,SRR15183340,in vivo,extracellular,bulk,2-2
PB2,588,1777,3,SRR15183340,in vivo,extracellular,bulk,2-2
PB2,589,1656,7,SRR15183340,in vivo,extracellular,bulk,2-2
PB2,593,1027,1,SRR15183340,in vivo,extracellular,bulk,2-2
PB2,596,1512,2,SRR15183340,in vivo,extracellular,bulk,2-2
PB2,598,2059,2,SRR15183340,in vivo,extracellular,bulk,2-2
PB2,599,1841,9,SRR15183340,in vivo,extracellular,bulk,2-2
PB2,604,1475,21,SRR15183340,in vivo,extracellular,bulk,2-2
PB2,607,1907,75,SRR15183340,in vivo,extracellular,bulk,2-2
PB2,608,1740,2,SRR15183340,in vivo,extracellular,bulk,2-2
PB2,608,1748,24,SRR15183340,in vivo,extracellular,bulk,2-2
PB2,618,1707,1,SRR15183340,in vivo,extracellular,bulk,2-2
PB2,620,1748,1,SRR15183340,in vivo,extracellular,bulk,2-2
PB2,622,1734,25,SRR15183340,in vivo,extracellular,bulk,2-2
PB2,622,1767,2,SRR15183340,in vivo,extracellular,bulk,2-2
PB2,623,1736,41,SRR15183340,in vivo,extracellular,bulk,2-2
PB2,623,1738,21,SRR15183340,in vivo,extracellular,bulk,2-2
PB2,623,2052,5,SRR15183340,in vivo,extracellular,bulk,2-2
PB2,624,1471,1,SRR15183340,in vivo,extracellular,bulk,2-2
PB2,633,1753,23,SRR15183340,in vivo,extracellular,bulk,2-2
PB2,634,1636,6,SRR15183340,in vivo,extracellular,bulk,2-2
PB2,634,1698,2,SRR15183340,in vivo,extracellular,bulk,2-2
PB2,635,1786,1,SRR15183340,in vivo,extracellular,bulk,2-2
PB2,637,1449,1,SRR15183340,in vivo,extracellular,bulk,2-2
PB2,638,1788,13,SRR15183340,in vivo,extracellular,bulk,2-2
PB2,639,1635,10,SRR15183340,in vivo,extracellular,bulk,2-2
PB2,640,1636,2,SRR15183340,in vivo,extracellular,bulk,2-2
PB2,642,1790,5,SRR15183340,in vivo,extracellular,bulk,2-2
PB2,643,1707,1,SRR15183340,in vivo,extracellular,bulk,2-2
PB2,643,1738,5,SRR15183340,in vivo,extracellular,bulk,2-2
PB2,646,1613,5,SRR15183340,in vivo,extracellular,bulk,2-2
PB2,647,1791,1,SRR15183340,in vivo,extracellular,bulk,2-2
PB2,698,1764,1,SRR15183340,in vivo,extracellular,bulk,2-2
PB2,705,1838,1,SRR15183340,in vivo,extracellular,bulk,2-2
PB2,710,739,1,SRR15183340,in vivo,extracellular,bulk,2-2
PB2,710,817,1,SRR15183340,in vivo,extracellular,bulk,2-2
PB2,715,2318,1,SRR15183340,in vivo,extracellular,bulk,2-2
PB2,722,1768,17,SRR15183340,in vivo,extracellular,bulk,2-2
PB2,725,1828,5,SRR15183340,in vivo,extracellular,bulk,2-2
PB2,734,1760,11,SRR15183340,in vivo,extracellular,bulk,2-2
PB2,741,1747,7,SRR15183340,in vivo,extracellular,bulk,2-2
PB2,742,1755,7,SRR15183340,in vivo,extracellular,bulk,2-2
PB2,748,1576,10,SRR15183340,in vivo,extracellular,bulk,2-2
PB2,761,1698,1,SRR15183340,in vivo,extracellular,bulk,2-2
PB2,767,1619,7,SRR15183340,in vivo,extracellular,bulk,2-2
PB2,769,1634,1,SRR15183340,in vivo,extracellular,bulk,2-2
PB2,772,2081,1,SRR15183340,in vivo,extracellular,bulk,2-2
PB2,790,1930,2,SRR15183340,in vivo,extracellular,bulk,2-2
PB2,792,1524,3,SRR15183340,in vivo,extracellular,bulk,2-2
PB2,792,1608,12,SRR15183340,in vivo,extracellular,bulk,2-2
PB2,792,1619,1,SRR15183340,in vivo,extracellular,bulk,2-2
PB2,792,1633,1,SRR15183340,in vivo,extracellular,bulk,2-2
PB2,792,1659,5,SRR15183340,in vivo,extracellular,bulk,2-2
PB2,793,1535,1,SRR15183340,in vivo,extracellular,bulk,2-2
PB2,794,1621,1,SRR15183340,in vivo,extracellular,bulk,2-2
PB2,796,1666,2,SRR15183340,in vivo,extracellular,bulk,2-2
PB2,79,1959,1,SRR15183340,in vivo,extracellular,bulk,2-2
PB2,842,1573,13,SRR15183340,in vivo,extracellular,bulk,2-2
PB2,859,1476,10,SRR15183340,in vivo,extracellular,bulk,2-2
PB2,919,1483,1,SRR15183340,in vivo,extracellular,bulk,2-2
PB2,919,1576,11,SRR15183340,in vivo,extracellular,bulk,2-2
PB2,924,1467,2,SRR15183340,in vivo,extracellular,bulk,2-2
PB2,926,1498,4,SRR15183340,in vivo,extracellular,bulk,2-2
PB2,968,1527,6,SRR15183340,in vivo,extracellular,bulk,2-2
PB2,974,1542,6,SRR15183340,in vivo,extracellular,bulk,2-2
PB2,981,1574,6,SRR15183340,in vivo,extracellular,bulk,2-2
PA,1101,1167,2,SRR15183340,in vivo,extracellular,bulk,2-2
PA,1237,1284,1,SRR15183340,in vivo,extracellular,bulk,2-2
PA,1449,2024,2,SRR15183340,in vivo,extracellular,bulk,2-2
PA,1622,2181,6,SRR15183340,in vivo,extracellular,bulk,2-2
PA,1643,1710,1,SRR15183340,in vivo,extracellular,bulk,2-2
PA,1667,1710,2,SRR15183340,in vivo,extracellular,bulk,2-2
PA,169,1950,17,SRR15183340,in vivo,extracellular,bulk,2-2
PA,173,2045,3,SRR15183340,in vivo,extracellular,bulk,2-2
PA,184,2044,9,SRR15183340,in vivo,extracellular,bulk,2-2
PA,191,1856,99,SRR15183340,in vivo,extracellular,bulk,2-2
PA,192,2047,10,SRR15183340,in vivo,extracellular,bulk,2-2
PA,2020,2142,1,SRR15183340,in vivo,extracellular,bulk,2-2
PA,223,2069,12,SRR15183340,in vivo,extracellular,bulk,2-2
PA,226,1772,20,SRR15183340,in vivo,extracellular,bulk,2-2
PA,259,1945,6,SRR15183340,in vivo,extracellular,bulk,2-2
PA,266,2067,5,SRR15183340,in vivo,extracellular,bulk,2-2
PA,269,1944,1,SRR15183340,in vivo,extracellular,bulk,2-2
PA,273,2182,1,SRR15183340,in vivo,extracellular,bulk,2-2
PA,276,922,1,SRR15183340,in vivo,extracellular,bulk,2-2
PA,314,1904,3,SRR15183340,in vivo,extracellular,bulk,2-2
PA,315,2068,9,SRR15183340,in vivo,extracellular,bulk,2-2
PA,320,1906,18,SRR15183340,in vivo,extracellular,bulk,2-2
PA,368,1760,10,SRR15183340,in vivo,extracellular,bulk,2-2
PA,383,1952,1,SRR15183340,in vivo,extracellular,bulk,2-2
PA,399,1858,6,SRR15183340,in vivo,extracellular,bulk,2-2
PA,420,1730,1,SRR15183340,in vivo,extracellular,bulk,2-2
PA,421,1861,7,SRR15183340,in vivo,extracellular,bulk,2-2
PA,432,1861,3,SRR15183340,in vivo,extracellular,bulk,2-2
PA,439,1691,12,SRR15183340,in vivo,extracellular,bulk,2-2
PA,452,1837,6,SRR15183340,in vivo,extracellular,bulk,2-2
PA,455,1863,6,SRR15183340,in vivo,extracellular,bulk,2-2
PA,457,1860,12,SRR15183340,in vivo,extracellular,bulk,2-2
PA,463,1849,10,SRR15183340,in vivo,extracellular,bulk,2-2
PA,463,1856,6,SRR15183340,in vivo,extracellular,bulk,2-2
PA,477,1763,11,SRR15183340,in vivo,extracellular,bulk,2-2
PA,478,1752,11,SRR15183340,in vivo,extracellular,bulk,2-2
PA,485,1771,1,SRR15183340,in vivo,extracellular,bulk,2-2
PA,48,75,17,SRR15183340,in vivo,extracellular,bulk,2-2
PA,490,1832,11,SRR15183340,in vivo,extracellular,bulk,2-2
PA,495,1760,4,SRR15183340,in vivo,extracellular,bulk,2-2
PA,495,1896,7,SRR15183340,in vivo,extracellular,bulk,2-2
PA,498,1832,11,SRR15183340,in vivo,extracellular,bulk,2-2
PA,499,1722,230,SRR15183340,in vivo,extracellular,bulk,2-2
PA,500,2013,1,SRR15183340,in vivo,extracellular,bulk,2-2
PA,501,1724,1,SRR15183340,in vivo,extracellular,bulk,2-2
PA,503,1416,9,SRR15183340,in vivo,extracellular,bulk,2-2
PA,503,1722,9,SRR15183340,in vivo,extracellular,bulk,2-2
PA,506,1906,1,SRR15183340,in vivo,extracellular,bulk,2-2
PA,512,1812,2,SRR15183340,in vivo,extracellular,bulk,2-2
PA,514,1719,19,SRR15183340,in vivo,extracellular,bulk,2-2
PA,514,1733,2,SRR15183340,in vivo,extracellular,bulk,2-2
PA,514,1811,6,SRR15183340,in vivo,extracellular,bulk,2-2
PA,514,1904,6,SRR15183340,in vivo,extracellular,bulk,2-2
PA,515,1810,5,SRR15183340,in vivo,extracellular,bulk,2-2
PA,518,1719,7,SRR15183340,in vivo,extracellular,bulk,2-2
PA,520,1720,6,SRR15183340,in vivo,extracellular,bulk,2-2
PA,529,628,1,SRR15183340,in vivo,extracellular,bulk,2-2
PA,532,1828,2,SRR15183340,in vivo,extracellular,bulk,2-2
PA,536,2010,13,SRR15183340,in vivo,extracellular,bulk,2-2
PA,538,1856,1,SRR15183340,in vivo,extracellular,bulk,2-2
PA,538,1860,3,SRR15183340,in vivo,extracellular,bulk,2-2
PA,538,1934,1,SRR15183340,in vivo,extracellular,bulk,2-2
PA,539,1944,24,SRR15183340,in vivo,extracellular,bulk,2-2
PA,546,1775,2,SRR15183340,in vivo,extracellular,bulk,2-2
PA,556,1683,4,SRR15183340,in vivo,extracellular,bulk,2-2
PA,556,1850,5,SRR15183340,in vivo,extracellular,bulk,2-2
PA,560,1848,6,SRR15183340,in vivo,extracellular,bulk,2-2
PA,562,1681,11,SRR15183340,in vivo,extracellular,bulk,2-2
PA,562,1683,1,SRR15183340,in vivo,extracellular,bulk,2-2
PA,581,1734,4,SRR15183340,in vivo,extracellular,bulk,2-2
PA,593,1639,4,SRR15183340,in vivo,extracellular,bulk,2-2
PA,603,1705,3,SRR15183340,in vivo,extracellular,bulk,2-2
PA,603,1751,16,SRR15183340,in vivo,extracellular,bulk,2-2
PA,603,1862,25,SRR15183340,in vivo,extracellular,bulk,2-2
PA,610,1704,1,SRR15183340,in vivo,extracellular,bulk,2-2
PA,612,1406,7,SRR15183340,in vivo,extracellular,bulk,2-2
PA,612,1706,50,SRR15183340,in vivo,extracellular,bulk,2-2
PA,625,1570,2,SRR15183340,in vivo,extracellular,bulk,2-2
PA,638,1490,2,SRR15183340,in vivo,extracellular,bulk,2-2
PA,638,1536,1,SRR15183340,in vivo,extracellular,bulk,2-2
PA,644,1674,1,SRR15183340,in vivo,extracellular,bulk,2-2
PA,647,1639,8,SRR15183340,in vivo,extracellular,bulk,2-2
PA,650,1641,1,SRR15183340,in vivo,extracellular,bulk,2-2
PA,650,2088,4,SRR15183340,in vivo,extracellular,bulk,2-2
PA,653,2132,1,SRR15183340,in vivo,extracellular,bulk,2-2
PA,66,88,1,SRR15183340,in vivo,extracellular,bulk,2-2
PA,679,1486,3,SRR15183340,in vivo,extracellular,bulk,2-2
PA,679,1689,3,SRR15183340,in vivo,extracellular,bulk,2-2
PA,699,1676,1,SRR15183340,in vivo,extracellular,bulk,2-2
PA,707,1689,1,SRR15183340,in vivo,extracellular,bulk,2-2
PA,712,1593,8,SRR15183340,in vivo,extracellular,bulk,2-2
PA,714,1406,3,SRR15183340,in vivo,extracellular,bulk,2-2
PA,715,1679,79,SRR15183340,in vivo,extracellular,bulk,2-2
PA,718,1676,38,SRR15183340,in vivo,extracellular,bulk,2-2
PA,728,1639,7,SRR15183340,in vivo,extracellular,bulk,2-2
PA,765,1493,1,SRR15183340,in vivo,extracellular,bulk,2-2
PA,776,1636,13,SRR15183340,in vivo,extracellular,bulk,2-2
PA,796,1472,3,SRR15183340,in vivo,extracellular,bulk,2-2
PA,824,1464,1,SRR15183340,in vivo,extracellular,bulk,2-2
PA,825,1703,3,SRR15183340,in vivo,extracellular,bulk,2-2
PA,827,1472,9,SRR15183340,in vivo,extracellular,bulk,2-2
PA,862,1400,2,SRR15183340,in vivo,extracellular,bulk,2-2
PA,865,1417,1,SRR15183340,in vivo,extracellular,bulk,2-2
PA,927,1467,11,SRR15183340,in vivo,extracellular,bulk,2-2
PA,965,1266,2,SRR15183340,in vivo,extracellular,bulk,2-2
PA,969,1375,1,SRR15183340,in vivo,extracellular,bulk,2-2
HA,1038,1163,2,SRR15183340,in vivo,extracellular,bulk,2-2
HA,1059,1673,1,SRR15183340,in vivo,extracellular,bulk,2-2
HA,1184,1475,1,SRR15183340,in vivo,extracellular,bulk,2-2
HA,128,701,1,SRR15183340,in vivo,extracellular,bulk,2-2
HA,132,627,1,SRR15183340,in vivo,extracellular,bulk,2-2
HA,1347,1554,2,SRR15183340,in vivo,extracellular,bulk,2-2
HA,1458,1574,2,SRR15183340,in vivo,extracellular,bulk,2-2
HA,1458,1631,2,SRR15183340,in vivo,extracellular,bulk,2-2
HA,1483,1523,1,SRR15183340,in vivo,extracellular,bulk,2-2
HA,1576,1637,4,SRR15183340,in vivo,extracellular,bulk,2-2
HA,180,700,1,SRR15183340,in vivo,extracellular,bulk,2-2
HA,230,1589,5,SRR15183340,in vivo,extracellular,bulk,2-2
HA,233,1488,75,SRR15183340,in vivo,extracellular,bulk,2-2
HA,236,1654,13,SRR15183340,in vivo,extracellular,bulk,2-2
HA,279,486,1,SRR15183340,in vivo,extracellular,bulk,2-2
HA,368,1168,1,SRR15183340,in vivo,extracellular,bulk,2-2
HA,375,795,2,SRR15183340,in vivo,extracellular,bulk,2-2
HA,394,1577,24,SRR15183340,in vivo,extracellular,bulk,2-2
HA,414,1438,2,SRR15183340,in vivo,extracellular,bulk,2-2
HA,510,1327,17,SRR15183340,in vivo,extracellular,bulk,2-2
HA,74,1254,1,SRR15183340,in vivo,extracellular,bulk,2-2
HA,806,1412,1,SRR15183340,in vivo,extracellular,bulk,2-2
HA,840,1014,2,SRR15183340,in vivo,extracellular,bulk,2-2
NP,122,1615,5,SRR15183340,in vivo,extracellular,bulk,2-2
NP,1327,1626,1,SRR15183340,in vivo,extracellular,bulk,2-2
NP,1407,1724,1,SRR15183340,in vivo,extracellular,bulk,2-2
NP,186,1552,1,SRR15183340,in vivo,extracellular,bulk,2-2
NP,200,1545,4,SRR15183340,in vivo,extracellular,bulk,2-2
NP,200,1559,8,SRR15183340,in vivo,extracellular,bulk,2-2
NP,238,337,2,SRR15183340,in vivo,extracellular,bulk,2-2
NP,296,594,1,SRR15183340,in vivo,extracellular,bulk,2-2
NP,299,1481,14,SRR15183340,in vivo,extracellular,bulk,2-2
NP,342,365,2,SRR15183340,in vivo,extracellular,bulk,2-2
NP,347,1520,2,SRR15183340,in vivo,extracellular,bulk,2-2
NP,478,1553,1,SRR15183340,in vivo,extracellular,bulk,2-2
NP,480,995,1,SRR15183340,in vivo,extracellular,bulk,2-2
NP,545,1680,37,SRR15183340,in vivo,extracellular,bulk,2-2
NP,596,767,1,SRR15183340,in vivo,extracellular,bulk,2-2
NP,894,1487,2,SRR15183340,in vivo,extracellular,bulk,2-2
NP,897,1490,1,SRR15183340,in vivo,extracellular,bulk,2-2
NP,906,1122,2,SRR15183340,in vivo,extracellular,bulk,2-2
NP,947,1420,2,SRR15183340,in vivo,extracellular,bulk,2-2
NP,957,1197,2,SRR15183340,in vivo,extracellular,bulk,2-2
NA,1046,1209,4,SRR15183340,in vivo,extracellular,bulk,2-2
NA,1181,1377,1,SRR15183340,in vivo,extracellular,bulk,2-2
NA,1313,1453,1,SRR15183340,in vivo,extracellular,bulk,2-2
NA,242,1043,2,SRR15183340,in vivo,extracellular,bulk,2-2
NA,246,547,1,SRR15183340,in vivo,extracellular,bulk,2-2
NA,315,1129,1,SRR15183340,in vivo,extracellular,bulk,2-2
NA,344,1129,1,SRR15183340,in vivo,extracellular,bulk,2-2
NA,349,1386,1,SRR15183340,in vivo,extracellular,bulk,2-2
NA,351,575,1,SRR15183340,in vivo,extracellular,bulk,2-2
NA,372,426,6,SRR15183340,in vivo,extracellular,bulk,2-2
NA,421,523,2,SRR15183340,in vivo,extracellular,bulk,2-2
NA,429,1205,2,SRR15183340,in vivo,extracellular,bulk,2-2
NA,53,208,1,SRR15183340,in vivo,extracellular,bulk,2-2
NA,613,975,1,SRR15183340,in vivo,extracellular,bulk,2-2
NA,651,1092,2,SRR15183340,in vivo,extracellular,bulk,2-2
NA,656,746,2,SRR15183340,in vivo,extracellular,bulk,2-2
NA,671,940,1,SRR15183340,in vivo,extracellular,bulk,2-2
NA,678,801,1,SRR15183340,in vivo,extracellular,bulk,2-2
NA,763,1483,1,SRR15183340,in vivo,extracellular,bulk,2-2
NA,767,1385,2,SRR15183340,in vivo,extracellular,bulk,2-2
NA,80,1313,1,SRR15183340,in vivo,extracellular,bulk,2-2
NA,843,1304,1,SRR15183340,in vivo,extracellular,bulk,2-2
NA,843,910,1,SRR15183340,in vivo,extracellular,bulk,2-2
NA,853,1477,1,SRR15183340,in vivo,extracellular,bulk,2-2
NA,893,1214,1,SRR15183340,in vivo,extracellular,bulk,2-2
NA,926,1513,1,SRR15183340,in vivo,extracellular,bulk,2-2
NA,941,977,2,SRR15183340,in vivo,extracellular,bulk,2-2
NA,95,930,1,SRR15183340,in vivo,extracellular,bulk,2-2
M,105,569,2,SRR15183340,in vivo,extracellular,bulk,2-2
M,132,452,1,SRR15183340,in vivo,extracellular,bulk,2-2
M,134,1013,1,SRR15183340,in vivo,extracellular,bulk,2-2
M,141,1029,35,SRR15183340,in vivo,extracellular,bulk,2-2
M,156,1008,88,SRR15183340,in vivo,extracellular,bulk,2-2
M,157,1009,1,SRR15183340,in vivo,extracellular,bulk,2-2
M,159,284,1,SRR15183340,in vivo,extracellular,bulk,2-2
M,174,578,2,SRR15183340,in vivo,extracellular,bulk,2-2
M,175,375,2,SRR15183340,in vivo,extracellular,bulk,2-2
M,186,1079,1,SRR15183340,in vivo,extracellular,bulk,2-2
M,197,388,1,SRR15183340,in vivo,extracellular,bulk,2-2
M,200,1036,137,SRR15183340,in vivo,extracellular,bulk,2-2
M,201,1052,13,SRR15183340,in vivo,extracellular,bulk,2-2
M,202,1060,8,SRR15183340,in vivo,extracellular,bulk,2-2
M,232,1024,1,SRR15183340,in vivo,extracellular,bulk,2-2
M,233,308,2,SRR15183340,in vivo,extracellular,bulk,2-2
M,254,307,1,SRR15183340,in vivo,extracellular,bulk,2-2
M,25,73,2,SRR15183340,in vivo,extracellular,bulk,2-2
M,25,82,6,SRR15183340,in vivo,extracellular,bulk,2-2
M,318,920,2,SRR15183340,in vivo,extracellular,bulk,2-2
M,369,1053,1,SRR15183340,in vivo,extracellular,bulk,2-2
M,379,1020,1,SRR15183340,in vivo,extracellular,bulk,2-2
M,391,554,2,SRR15183340,in vivo,extracellular,bulk,2-2
M,399,1056,2,SRR15183340,in vivo,extracellular,bulk,2-2
M,410,447,1,SRR15183340,in vivo,extracellular,bulk,2-2
M,410,907,1,SRR15183340,in vivo,extracellular,bulk,2-2
M,415,1015,2,SRR15183340,in vivo,extracellular,bulk,2-2
M,459,713,2,SRR15183340,in vivo,extracellular,bulk,2-2
M,45,70,15,SRR15183340,in vivo,extracellular,bulk,2-2
M,521,711,1,SRR15183340,in vivo,extracellular,bulk,2-2
M,662,1016,2,SRR15183340,in vivo,extracellular,bulk,2-2
M,720,1018,1,SRR15183340,in vivo,extracellular,bulk,2-2
M,737,1051,1,SRR15183340,in vivo,extracellular,bulk,2-2
M,770,936,1,SRR15183340,in vivo,extracellular,bulk,2-2
M,77,230,2,SRR15183340,in vivo,extracellular,bulk,2-2
M,80,245,1,SRR15183340,in vivo,extracellular,bulk,2-2
M,83,696,1,SRR15183340,in vivo,extracellular,bulk,2-2
M,85,116,1,SRR15183340,in vivo,extracellular,bulk,2-2
M,85,196,2,SRR15183340,in vivo,extracellular,bulk,2-2
M,882,1113,2,SRR15183340,in vivo,extracellular,bulk,2-2
M,883,1144,1,SRR15183340,in vivo,extracellular,bulk,2-2
M,959,1057,2,SRR15183340,in vivo,extracellular,bulk,2-2
NS,101,664,1,SRR15183340,in vivo,extracellular,bulk,2-2
NS,168,675,1,SRR15183340,in vivo,extracellular,bulk,2-2
NS,176,717,2,SRR15183340,in vivo,extracellular,bulk,2-2
NS,176,855,1,SRR15183340,in vivo,extracellular,bulk,2-2
NS,246,268,8,SRR15183340,in vivo,extracellular,bulk,2-2
NS,253,522,1,SRR15183340,in vivo,extracellular,bulk,2-2
NS,255,755,2,SRR15183340,in vivo,extracellular,bulk,2-2
NS,270,932,1,SRR15183340,in vivo,extracellular,bulk,2-2
NS,275,706,2,SRR15183340,in vivo,extracellular,bulk,2-2
NS,491,661,2,SRR15183340,in vivo,extracellular,bulk,2-2
NS,544,826,1,SRR15183340,in vivo,extracellular,bulk,2-2
NS,76,506,1,SRR15183340,in vivo,extracellular,bulk,2-2
NS,790,920,1,SRR15183340,in vivo,extracellular,bulk,2-2
NS,99,713,1,SRR15183340,in vivo,extracellular,bulk,2-2
PB1,1004,1769,1,SRR15183339,in vivo,extracellular,bulk,2-1
PB1,1023,1653,1,SRR15183339,in vivo,extracellular,bulk,2-1
PB1,1031,1147,2,SRR15183339,in vivo,extracellular,bulk,2-1
PB1,1036,1817,2,SRR15183339,in vivo,extracellular,bulk,2-1
PB1,109,142,252,SRR15183339,in vivo,extracellular,bulk,2-1
PB1,110,2102,1,SRR15183339,in vivo,extracellular,bulk,2-1
PB1,110,2120,12,SRR15183339,in vivo,extracellular,bulk,2-1
PB1,1111,1755,1,SRR15183339,in vivo,extracellular,bulk,2-1
PB1,1234,1768,2,SRR15183339,in vivo,extracellular,bulk,2-1
PB1,123,2179,1,SRR15183339,in vivo,extracellular,bulk,2-1
PB1,125,1897,1,SRR15183339,in vivo,extracellular,bulk,2-1
PB1,1264,1326,1,SRR15183339,in vivo,extracellular,bulk,2-1
PB1,1289,2330,1,SRR15183339,in vivo,extracellular,bulk,2-1
PB1,1319,2016,1,SRR15183339,in vivo,extracellular,bulk,2-1
PB1,132,2183,1,SRR15183339,in vivo,extracellular,bulk,2-1
PB1,1333,2016,1,SRR15183339,in vivo,extracellular,bulk,2-1
PB1,143,378,1,SRR15183339,in vivo,extracellular,bulk,2-1
PB1,146,517,1,SRR15183339,in vivo,extracellular,bulk,2-1
PB1,1471,1938,2,SRR15183339,in vivo,extracellular,bulk,2-1
PB1,147,1562,1,SRR15183339,in vivo,extracellular,bulk,2-1
PB1,1510,1870,1,SRR15183339,in vivo,extracellular,bulk,2-1
PB1,1565,1898,1,SRR15183339,in vivo,extracellular,bulk,2-1
PB1,1579,2208,1,SRR15183339,in vivo,extracellular,bulk,2-1
PB1,158,339,1,SRR15183339,in vivo,extracellular,bulk,2-1
PB1,1609,2057,1,SRR15183339,in vivo,extracellular,bulk,2-1
PB1,165,2282,1,SRR15183339,in vivo,extracellular,bulk,2-1
PB1,1703,2227,1,SRR15183339,in vivo,extracellular,bulk,2-1
PB1,1741,1764,2,SRR15183339,in vivo,extracellular,bulk,2-1
PB1,1762,2042,1,SRR15183339,in vivo,extracellular,bulk,2-1
PB1,1775,2224,1,SRR15183339,in vivo,extracellular,bulk,2-1
PB1,1787,1850,1,SRR15183339,in vivo,extracellular,bulk,2-1
PB1,1802,1938,2,SRR15183339,in vivo,extracellular,bulk,2-1
PB1,1804,1939,2,SRR15183339,in vivo,extracellular,bulk,2-1
PB1,1833,2028,1,SRR15183339,in vivo,extracellular,bulk,2-1
PB1,1852,2000,2,SRR15183339,in vivo,extracellular,bulk,2-1
PB1,1859,2102,1,SRR15183339,in vivo,extracellular,bulk,2-1
PB1,1875,2170,1,SRR15183339,in vivo,extracellular,bulk,2-1
PB1,188,1849,1,SRR15183339,in vivo,extracellular,bulk,2-1
PB1,1912,2022,1,SRR15183339,in vivo,extracellular,bulk,2-1
PB1,1943,2041,1,SRR15183339,in vivo,extracellular,bulk,2-1
PB1,2011,2169,1,SRR15183339,in vivo,extracellular,bulk,2-1
PB1,2035,2183,8,SRR15183339,in vivo,extracellular,bulk,2-1
PB1,2063,2279,1,SRR15183339,in vivo,extracellular,bulk,2-1
PB1,2131,2190,109,SRR15183339,in vivo,extracellular,bulk,2-1
PB1,234,1917,2,SRR15183339,in vivo,extracellular,bulk,2-1
PB1,237,2123,2,SRR15183339,in vivo,extracellular,bulk,2-1
PB1,240,2056,43,SRR15183339,in vivo,extracellular,bulk,2-1
PB1,240,2171,13,SRR15183339,in vivo,extracellular,bulk,2-1
PB1,242,2122,2,SRR15183339,in vivo,extracellular,bulk,2-1
PB1,252,1765,38,SRR15183339,in vivo,extracellular,bulk,2-1
PB1,253,2160,3,SRR15183339,in vivo,extracellular,bulk,2-1
PB1,274,2093,1,SRR15183339,in vivo,extracellular,bulk,2-1
PB1,276,2048,3,SRR15183339,in vivo,extracellular,bulk,2-1
PB1,280,1836,112,SRR15183339,in vivo,extracellular,bulk,2-1
PB1,280,2207,35,SRR15183339,in vivo,extracellular,bulk,2-1
PB1,281,1978,1,SRR15183339,in vivo,extracellular,bulk,2-1
PB1,287,2047,3,SRR15183339,in vivo,extracellular,bulk,2-1
PB1,287,2075,2,SRR15183339,in vivo,extracellular,bulk,2-1
PB1,290,2046,24,SRR15183339,in vivo,extracellular,bulk,2-1
PB1,296,2065,11,SRR15183339,in vivo,extracellular,bulk,2-1
PB1,298,2050,17,SRR15183339,in vivo,extracellular,bulk,2-1
PB1,299,332,1,SRR15183339,in vivo,extracellular,bulk,2-1
PB1,303,2057,3,SRR15183339,in vivo,extracellular,bulk,2-1
PB1,303,334,5,SRR15183339,in vivo,extracellular,bulk,2-1
PB1,308,2031,21,SRR15183339,in vivo,extracellular,bulk,2-1
PB1,309,2004,37,SRR15183339,in vivo,extracellular,bulk,2-1
PB1,309,2053,1,SRR15183339,in vivo,extracellular,bulk,2-1
PB1,310,2115,2,SRR15183339,in vivo,extracellular,bulk,2-1
PB1,311,2002,8,SRR15183339,in vivo,extracellular,bulk,2-1
PB1,321,2038,12,SRR15183339,in vivo,extracellular,bulk,2-1
PB1,326,1991,1,SRR15183339,in vivo,extracellular,bulk,2-1
PB1,326,2179,3,SRR15183339,in vivo,extracellular,bulk,2-1
PB1,330,2118,1,SRR15183339,in vivo,extracellular,bulk,2-1
PB1,331,1993,10,SRR15183339,in vivo,extracellular,bulk,2-1
PB1,334,1945,1,SRR15183339,in vivo,extracellular,bulk,2-1
PB1,337,1978,91,SRR15183339,in vivo,extracellular,bulk,2-1
PB1,345,2097,1,SRR15183339,in vivo,extracellular,bulk,2-1
PB1,349,1984,11,SRR15183339,in vivo,extracellular,bulk,2-1
PB1,353,2089,2,SRR15183339,in vivo,extracellular,bulk,2-1
PB1,354,2056,2,SRR15183339,in vivo,extracellular,bulk,2-1
PB1,355,1492,1,SRR15183339,in vivo,extracellular,bulk,2-1
PB1,366,1944,19,SRR15183339,in vivo,extracellular,bulk,2-1
PB1,367,1977,1,SRR15183339,in vivo,extracellular,bulk,2-1
PB1,368,1978,99,SRR15183339,in vivo,extracellular,bulk,2-1
PB1,375,1939,1,SRR15183339,in vivo,extracellular,bulk,2-1
PB1,376,1942,1,SRR15183339,in vivo,extracellular,bulk,2-1
PB1,377,1934,2,SRR15183339,in vivo,extracellular,bulk,2-1
PB1,378,1941,20,SRR15183339,in vivo,extracellular,bulk,2-1
PB1,378,1944,28,SRR15183339,in vivo,extracellular,bulk,2-1
PB1,387,1815,20,SRR15183339,in vivo,extracellular,bulk,2-1
PB1,387,1849,26,SRR15183339,in vivo,extracellular,bulk,2-1
PB1,387,2041,7,SRR15183339,in vivo,extracellular,bulk,2-1
PB1,389,2122,24,SRR15183339,in vivo,extracellular,bulk,2-1
PB1,393,1848,2,SRR15183339,in vivo,extracellular,bulk,2-1
PB1,393,2029,3,SRR15183339,in vivo,extracellular,bulk,2-1
PB1,393,2089,2,SRR15183339,in vivo,extracellular,bulk,2-1
PB1,399,1902,9,SRR15183339,in vivo,extracellular,bulk,2-1
PB1,399,682,1,SRR15183339,in vivo,extracellular,bulk,2-1
PB1,400,1861,2,SRR15183339,in vivo,extracellular,bulk,2-1
PB1,403,1902,17,SRR15183339,in vivo,extracellular,bulk,2-1
PB1,403,2044,6,SRR15183339,in vivo,extracellular,bulk,2-1
PB1,406,1884,1,SRR15183339,in vivo,extracellular,bulk,2-1
PB1,407,1885,22,SRR15183339,in vivo,extracellular,bulk,2-1
PB1,419,1977,4,SRR15183339,in vivo,extracellular,bulk,2-1
PB1,420,1613,2,SRR15183339,in vivo,extracellular,bulk,2-1
PB1,420,1808,113,SRR15183339,in vivo,extracellular,bulk,2-1
PB1,420,1815,12,SRR15183339,in vivo,extracellular,bulk,2-1
PB1,425,1866,4,SRR15183339,in vivo,extracellular,bulk,2-1
PB1,427,1905,14,SRR15183339,in vivo,extracellular,bulk,2-1
PB1,431,1815,5,SRR15183339,in vivo,extracellular,bulk,2-1
PB1,431,1817,17,SRR15183339,in vivo,extracellular,bulk,2-1
PB1,435,1778,19,SRR15183339,in vivo,extracellular,bulk,2-1
PB1,435,1868,8,SRR15183339,in vivo,extracellular,bulk,2-1
PB1,437,1995,10,SRR15183339,in vivo,extracellular,bulk,2-1
PB1,442,1818,7,SRR15183339,in vivo,extracellular,bulk,2-1
PB1,447,1769,15,SRR15183339,in vivo,extracellular,bulk,2-1
PB1,449,1993,23,SRR15183339,in vivo,extracellular,bulk,2-1
PB1,449,2191,3,SRR15183339,in vivo,extracellular,bulk,2-1
PB1,450,1918,11,SRR15183339,in vivo,extracellular,bulk,2-1
PB1,450,1996,23,SRR15183339,in vivo,extracellular,bulk,2-1
PB1,450,744,1,SRR15183339,in vivo,extracellular,bulk,2-1
PB1,451,1865,11,SRR15183339,in vivo,extracellular,bulk,2-1
PB1,453,1801,2,SRR15183339,in vivo,extracellular,bulk,2-1
PB1,454,1846,22,SRR15183339,in vivo,extracellular,bulk,2-1
PB1,455,1990,97,SRR15183339,in vivo,extracellular,bulk,2-1
PB1,456,1781,10,SRR15183339,in vivo,extracellular,bulk,2-1
PB1,456,2189,1,SRR15183339,in vivo,extracellular,bulk,2-1
PB1,458,666,2,SRR15183339,in vivo,extracellular,bulk,2-1
PB1,461,2064,2,SRR15183339,in vivo,extracellular,bulk,2-1
PB1,461,2093,12,SRR15183339,in vivo,extracellular,bulk,2-1
PB1,462,1775,81,SRR15183339,in vivo,extracellular,bulk,2-1
PB1,462,1937,39,SRR15183339,in vivo,extracellular,bulk,2-1
PB1,466,1773,6,SRR15183339,in vivo,extracellular,bulk,2-1
PB1,470,1938,1,SRR15183339,in vivo,extracellular,bulk,2-1
PB1,500,1739,16,SRR15183339,in vivo,extracellular,bulk,2-1
PB1,501,1734,1,SRR15183339,in vivo,extracellular,bulk,2-1
PB1,505,1740,21,SRR15183339,in vivo,extracellular,bulk,2-1
PB1,505,2118,2,SRR15183339,in vivo,extracellular,bulk,2-1
PB1,507,1735,1,SRR15183339,in vivo,extracellular,bulk,2-1
PB1,507,991,2,SRR15183339,in vivo,extracellular,bulk,2-1
PB1,509,1744,9838,SRR15183339,in vivo,extracellular,bulk,2-1
PB1,509,1745,1,SRR15183339,in vivo,extracellular,bulk,2-1
PB1,509,1890,12,SRR15183339,in vivo,extracellular,bulk,2-1
PB1,510,1745,10,SRR15183339,in vivo,extracellular,bulk,2-1
PB1,510,1852,23,SRR15183339,in vivo,extracellular,bulk,2-1
PB1,520,1624,1,SRR15183339,in vivo,extracellular,bulk,2-1
PB1,520,1890,1,SRR15183339,in vivo,extracellular,bulk,2-1
PB1,521,1674,10,SRR15183339,in vivo,extracellular,bulk,2-1
PB1,521,1944,2,SRR15183339,in vivo,extracellular,bulk,2-1
PB1,527,1749,1,SRR15183339,in vivo,extracellular,bulk,2-1
PB1,527,1795,17,SRR15183339,in vivo,extracellular,bulk,2-1
PB1,527,2029,1,SRR15183339,in vivo,extracellular,bulk,2-1
PB1,529,1769,1,SRR15183339,in vivo,extracellular,bulk,2-1
PB1,529,1815,13,SRR15183339,in vivo,extracellular,bulk,2-1
PB1,530,1834,4,SRR15183339,in vivo,extracellular,bulk,2-1
PB1,534,1734,2,SRR15183339,in vivo,extracellular,bulk,2-1
PB1,535,1781,23,SRR15183339,in vivo,extracellular,bulk,2-1
PB1,536,1774,11,SRR15183339,in vivo,extracellular,bulk,2-1
PB1,538,1760,7,SRR15183339,in vivo,extracellular,bulk,2-1
PB1,542,1768,55,SRR15183339,in vivo,extracellular,bulk,2-1
PB1,542,1778,4,SRR15183339,in vivo,extracellular,bulk,2-1
PB1,542,1810,10,SRR15183339,in vivo,extracellular,bulk,2-1
PB1,542,1858,16,SRR15183339,in vivo,extracellular,bulk,2-1
PB1,542,2023,1,SRR15183339,in vivo,extracellular,bulk,2-1
PB1,544,1759,15,SRR15183339,in vivo,extracellular,bulk,2-1
PB1,574,1818,4,SRR15183339,in vivo,extracellular,bulk,2-1
PB1,576,1772,17,SRR15183339,in vivo,extracellular,bulk,2-1
PB1,577,1756,11,SRR15183339,in vivo,extracellular,bulk,2-1
PB1,580,1815,25,SRR15183339,in vivo,extracellular,bulk,2-1
PB1,585,1750,25,SRR15183339,in vivo,extracellular,bulk,2-1
PB1,587,1737,5,SRR15183339,in vivo,extracellular,bulk,2-1
PB1,588,2031,1,SRR15183339,in vivo,extracellular,bulk,2-1
PB1,589,1584,3,SRR15183339,in vivo,extracellular,bulk,2-1
PB1,589,1757,13,SRR15183339,in vivo,extracellular,bulk,2-1
PB1,594,1758,12,SRR15183339,in vivo,extracellular,bulk,2-1
PB1,594,1999,1,SRR15183339,in vivo,extracellular,bulk,2-1
PB1,595,1735,1,SRR15183339,in vivo,extracellular,bulk,2-1
PB1,597,1744,12,SRR15183339,in vivo,extracellular,bulk,2-1
PB1,597,1776,22,SRR15183339,in vivo,extracellular,bulk,2-1
PB1,597,1853,7,SRR15183339,in vivo,extracellular,bulk,2-1
PB1,598,1738,12,SRR15183339,in vivo,extracellular,bulk,2-1
PB1,598,1777,1,SRR15183339,in vivo,extracellular,bulk,2-1
PB1,609,1992,3,SRR15183339,in vivo,extracellular,bulk,2-1
PB1,613,1751,9,SRR15183339,in vivo,extracellular,bulk,2-1
PB1,623,1780,9,SRR15183339,in vivo,extracellular,bulk,2-1
PB1,624,1756,10,SRR15183339,in vivo,extracellular,bulk,2-1
PB1,624,2052,76,SRR15183339,in vivo,extracellular,bulk,2-1
PB1,625,1726,4,SRR15183339,in vivo,extracellular,bulk,2-1
PB1,625,1736,1,SRR15183339,in vivo,extracellular,bulk,2-1
PB1,627,1772,14,SRR15183339,in vivo,extracellular,bulk,2-1
PB1,628,1739,3,SRR15183339,in vivo,extracellular,bulk,2-1
PB1,629,1798,2,SRR15183339,in vivo,extracellular,bulk,2-1
PB1,633,1708,10,SRR15183339,in vivo,extracellular,bulk,2-1
PB1,633,1745,2,SRR15183339,in vivo,extracellular,bulk,2-1
PB1,633,1756,18,SRR15183339,in vivo,extracellular,bulk,2-1
PB1,639,1737,32,SRR15183339,in vivo,extracellular,bulk,2-1
PB1,639,1799,3,SRR15183339,in vivo,extracellular,bulk,2-1
PB1,642,1735,1,SRR15183339,in vivo,extracellular,bulk,2-1
PB1,644,1727,19,SRR15183339,in vivo,extracellular,bulk,2-1
PB1,644,1737,77,SRR15183339,in vivo,extracellular,bulk,2-1
PB1,644,1749,9,SRR15183339,in vivo,extracellular,bulk,2-1
PB1,646,1607,13,SRR15183339,in vivo,extracellular,bulk,2-1
PB1,646,1736,42,SRR15183339,in vivo,extracellular,bulk,2-1
PB1,648,1732,8,SRR15183339,in vivo,extracellular,bulk,2-1
PB1,650,1720,1,SRR15183339,in vivo,extracellular,bulk,2-1
PB1,653,1154,1,SRR15183339,in vivo,extracellular,bulk,2-1
PB1,653,1990,6,SRR15183339,in vivo,extracellular,bulk,2-1
PB1,684,1498,4,SRR15183339,in vivo,extracellular,bulk,2-1
PB1,686,1746,1,SRR15183339,in vivo,extracellular,bulk,2-1
PB1,692,1553,5,SRR15183339,in vivo,extracellular,bulk,2-1
PB1,692,1934,15,SRR15183339,in vivo,extracellular,bulk,2-1
PB1,693,1586,9,SRR15183339,in vivo,extracellular,bulk,2-1
PB1,695,1840,8,SRR15183339,in vivo,extracellular,bulk,2-1
PB1,700,1698,5,SRR15183339,in vivo,extracellular,bulk,2-1
PB1,701,1681,3,SRR15183339,in vivo,extracellular,bulk,2-1
PB1,702,1556,11,SRR15183339,in vivo,extracellular,bulk,2-1
PB1,704,2193,2,SRR15183339,in vivo,extracellular,bulk,2-1
PB1,705,1586,1,SRR15183339,in vivo,extracellular,bulk,2-1
PB1,705,2182,1,SRR15183339,in vivo,extracellular,bulk,2-1
PB1,709,1595,8,SRR15183339,in vivo,extracellular,bulk,2-1
PB1,709,1669,2,SRR15183339,in vivo,extracellular,bulk,2-1
PB1,712,1385,1,SRR15183339,in vivo,extracellular,bulk,2-1
PB1,720,1572,1,SRR15183339,in vivo,extracellular,bulk,2-1
PB1,722,1574,10,SRR15183339,in vivo,extracellular,bulk,2-1
PB1,724,1496,8,SRR15183339,in vivo,extracellular,bulk,2-1
PB1,726,1572,1,SRR15183339,in vivo,extracellular,bulk,2-1
PB1,727,1597,1,SRR15183339,in vivo,extracellular,bulk,2-1
PB1,728,1540,2,SRR15183339,in vivo,extracellular,bulk,2-1
PB1,728,1555,2,SRR15183339,in vivo,extracellular,bulk,2-1
PB1,728,1556,3,SRR15183339,in vivo,extracellular,bulk,2-1
PB1,728,1923,2,SRR15183339,in vivo,extracellular,bulk,2-1
PB1,729,1435,4,SRR15183339,in vivo,extracellular,bulk,2-1
PB1,729,1582,5,SRR15183339,in vivo,extracellular,bulk,2-1
PB1,731,1572,48,SRR15183339,in vivo,extracellular,bulk,2-1
PB1,731,1611,43,SRR15183339,in vivo,extracellular,bulk,2-1
PB1,734,1873,1,SRR15183339,in vivo,extracellular,bulk,2-1
PB1,735,1708,11,SRR15183339,in vivo,extracellular,bulk,2-1
PB1,739,1778,1,SRR15183339,in vivo,extracellular,bulk,2-1
PB1,747,1540,24,SRR15183339,in vivo,extracellular,bulk,2-1
PB1,748,2092,3,SRR15183339,in vivo,extracellular,bulk,2-1
PB1,755,1494,3,SRR15183339,in vivo,extracellular,bulk,2-1
PB1,760,1539,6,SRR15183339,in vivo,extracellular,bulk,2-1
PB1,761,1540,2,SRR15183339,in vivo,extracellular,bulk,2-1
PB1,762,1720,7,SRR15183339,in vivo,extracellular,bulk,2-1
PB1,766,1515,9,SRR15183339,in vivo,extracellular,bulk,2-1
PB1,767,2041,1,SRR15183339,in vivo,extracellular,bulk,2-1
PB1,768,1542,7,SRR15183339,in vivo,extracellular,bulk,2-1
PB1,770,2059,2,SRR15183339,in vivo,extracellular,bulk,2-1
PB1,771,1535,6,SRR15183339,in vivo,extracellular,bulk,2-1
PB1,771,1541,1,SRR15183339,in vivo,extracellular,bulk,2-1
PB1,771,1868,1,SRR15183339,in vivo,extracellular,bulk,2-1
PB1,774,1605,4,SRR15183339,in vivo,extracellular,bulk,2-1
PB1,775,1535,7,SRR15183339,in vivo,extracellular,bulk,2-1
PB1,775,1540,4,SRR15183339,in vivo,extracellular,bulk,2-1
PB1,776,1534,5,SRR15183339,in vivo,extracellular,bulk,2-1
PB1,777,1493,1,SRR15183339,in vivo,extracellular,bulk,2-1
PB1,777,1509,3,SRR15183339,in vivo,extracellular,bulk,2-1
PB1,777,1511,8,SRR15183339,in vivo,extracellular,bulk,2-1
PB1,777,1520,3,SRR15183339,in vivo,extracellular,bulk,2-1
PB1,779,1539,17,SRR15183339,in vivo,extracellular,bulk,2-1
PB1,786,1510,1,SRR15183339,in vivo,extracellular,bulk,2-1
PB1,788,1496,4,SRR15183339,in vivo,extracellular,bulk,2-1
PB1,790,1516,5,SRR15183339,in vivo,extracellular,bulk,2-1
PB1,791,1509,3,SRR15183339,in vivo,extracellular,bulk,2-1
PB1,791,1594,2,SRR15183339,in vivo,extracellular,bulk,2-1
PB1,791,1609,4,SRR15183339,in vivo,extracellular,bulk,2-1
PB1,794,1497,5,SRR15183339,in vivo,extracellular,bulk,2-1
PB1,794,1557,5,SRR15183339,in vivo,extracellular,bulk,2-1
PB1,794,1674,7,SRR15183339,in vivo,extracellular,bulk,2-1
PB1,794,1698,4,SRR15183339,in vivo,extracellular,bulk,2-1
PB1,795,1450,4,SRR15183339,in vivo,extracellular,bulk,2-1
PB1,795,1486,1,SRR15183339,in vivo,extracellular,bulk,2-1
PB1,795,1510,1,SRR15183339,in vivo,extracellular,bulk,2-1
PB1,796,1541,11,SRR15183339,in vivo,extracellular,bulk,2-1
PB1,798,1449,3,SRR15183339,in vivo,extracellular,bulk,2-1
PB1,798,1485,8,SRR15183339,in vivo,extracellular,bulk,2-1
PB1,798,1503,2,SRR15183339,in vivo,extracellular,bulk,2-1
PB1,798,1517,3,SRR15183339,in vivo,extracellular,bulk,2-1
PB1,798,1561,3,SRR15183339,in vivo,extracellular,bulk,2-1
PB1,799,1496,4,SRR15183339,in vivo,extracellular,bulk,2-1
PB1,799,1509,8,SRR15183339,in vivo,extracellular,bulk,2-1
PB1,799,1511,4,SRR15183339,in vivo,extracellular,bulk,2-1
PB1,799,1579,1,SRR15183339,in vivo,extracellular,bulk,2-1
PB1,799,1586,3,SRR15183339,in vivo,extracellular,bulk,2-1
PB1,79,1902,1,SRR15183339,in vivo,extracellular,bulk,2-1
PB1,800,1538,2,SRR15183339,in vivo,extracellular,bulk,2-1
PB1,800,1611,4,SRR15183339,in vivo,extracellular,bulk,2-1
PB1,800,1626,11,SRR15183339,in vivo,extracellular,bulk,2-1
PB1,802,1611,2,SRR15183339,in vivo,extracellular,bulk,2-1
PB1,829,1574,12,SRR15183339,in vivo,extracellular,bulk,2-1
PB1,829,1593,1,SRR15183339,in vivo,extracellular,bulk,2-1
PB1,830,1574,2,SRR15183339,in vivo,extracellular,bulk,2-1
PB1,832,1728,8,SRR15183339,in vivo,extracellular,bulk,2-1
PB1,832,1836,85,SRR15183339,in vivo,extracellular,bulk,2-1
PB1,833,1551,5,SRR15183339,in vivo,extracellular,bulk,2-1
PB1,839,1573,4,SRR15183339,in vivo,extracellular,bulk,2-1
PB1,83,1346,4,SRR15183339,in vivo,extracellular,bulk,2-1
PB1,840,1448,9,SRR15183339,in vivo,extracellular,bulk,2-1
PB1,840,1552,1,SRR15183339,in vivo,extracellular,bulk,2-1
PB1,840,1586,3,SRR15183339,in vivo,extracellular,bulk,2-1
PB1,840,1609,1,SRR15183339,in vivo,extracellular,bulk,2-1
PB1,848,1432,1,SRR15183339,in vivo,extracellular,bulk,2-1
PB1,848,1568,2,SRR15183339,in vivo,extracellular,bulk,2-1
PB1,848,1592,2,SRR15183339,in vivo,extracellular,bulk,2-1
PB1,848,1607,1,SRR15183339,in vivo,extracellular,bulk,2-1
PB1,866,1585,1,SRR15183339,in vivo,extracellular,bulk,2-1
PB1,867,1483,3,SRR15183339,in vivo,extracellular,bulk,2-1
PB1,870,1496,3,SRR15183339,in vivo,extracellular,bulk,2-1
PB1,870,1586,5,SRR15183339,in vivo,extracellular,bulk,2-1
PB1,871,1448,3,SRR15183339,in vivo,extracellular,bulk,2-1
PB1,871,1617,3,SRR15183339,in vivo,extracellular,bulk,2-1
PB1,872,1611,20,SRR15183339,in vivo,extracellular,bulk,2-1
PB1,873,1574,1,SRR15183339,in vivo,extracellular,bulk,2-1
PB1,873,1596,5,SRR15183339,in vivo,extracellular,bulk,2-1
PB1,874,1596,6,SRR15183339,in vivo,extracellular,bulk,2-1
PB1,875,1521,2,SRR15183339,in vivo,extracellular,bulk,2-1
PB1,875,1563,1,SRR15183339,in vivo,extracellular,bulk,2-1
PB1,875,1592,5,SRR15183339,in vivo,extracellular,bulk,2-1
PB1,87,1350,1,SRR15183339,in vivo,extracellular,bulk,2-1
PB1,904,1497,2,SRR15183339,in vivo,extracellular,bulk,2-1
PB1,907,1434,8,SRR15183339,in vivo,extracellular,bulk,2-1
PB1,907,1475,2,SRR15183339,in vivo,extracellular,bulk,2-1
PB1,909,1496,1,SRR15183339,in vivo,extracellular,bulk,2-1
PB1,910,1490,4,SRR15183339,in vivo,extracellular,bulk,2-1
PB1,910,1744,4,SRR15183339,in vivo,extracellular,bulk,2-1
PB1,915,1347,1,SRR15183339,in vivo,extracellular,bulk,2-1
PB1,915,1539,2,SRR15183339,in vivo,extracellular,bulk,2-1
PB1,917,940,3,SRR15183339,in vivo,extracellular,bulk,2-1
PB1,918,1539,1,SRR15183339,in vivo,extracellular,bulk,2-1
PB1,920,1418,2,SRR15183339,in vivo,extracellular,bulk,2-1
PB1,924,1435,8,SRR15183339,in vivo,extracellular,bulk,2-1
PB1,926,1780,4,SRR15183339,in vivo,extracellular,bulk,2-1
PB1,929,1489,4,SRR15183339,in vivo,extracellular,bulk,2-1
PB1,935,1542,3,SRR15183339,in vivo,extracellular,bulk,2-1
PB1,939,1516,8,SRR15183339,in vivo,extracellular,bulk,2-1
PB1,93,557,1,SRR15183339,in vivo,extracellular,bulk,2-1
PB1,940,1519,4,SRR15183339,in vivo,extracellular,bulk,2-1
PB1,940,1537,3,SRR15183339,in vivo,extracellular,bulk,2-1
PB1,944,1538,6,SRR15183339,in vivo,extracellular,bulk,2-1
PB1,946,2047,3,SRR15183339,in vivo,extracellular,bulk,2-1
PB1,94,1817,2,SRR15183339,in vivo,extracellular,bulk,2-1
PB1,955,1429,2,SRR15183339,in vivo,extracellular,bulk,2-1
PB1,978,1417,2,SRR15183339,in vivo,extracellular,bulk,2-1
PB1,982,1378,4,SRR15183339,in vivo,extracellular,bulk,2-1
PB1,989,1924,1,SRR15183339,in vivo,extracellular,bulk,2-1
PB2,1001,1139,1,SRR15183339,in vivo,extracellular,bulk,2-1
PB2,1002,2254,2,SRR15183339,in vivo,extracellular,bulk,2-1
PB2,1021,1054,1,SRR15183339,in vivo,extracellular,bulk,2-1
PB2,1032,1619,1,SRR15183339,in vivo,extracellular,bulk,2-1
PB2,1040,1388,1,SRR15183339,in vivo,extracellular,bulk,2-1
PB2,1042,1150,2,SRR15183339,in vivo,extracellular,bulk,2-1
PB2,1058,1761,1,SRR15183339,in vivo,extracellular,bulk,2-1
PB2,1114,1527,1,SRR15183339,in vivo,extracellular,bulk,2-1
PB2,1142,1381,1,SRR15183339,in vivo,extracellular,bulk,2-1
PB2,1143,1384,1,SRR15183339,in vivo,extracellular,bulk,2-1
PB2,1178,2123,1,SRR15183339,in vivo,extracellular,bulk,2-1
PB2,1187,2261,1,SRR15183339,in vivo,extracellular,bulk,2-1
PB2,1205,1738,1,SRR15183339,in vivo,extracellular,bulk,2-1
PB2,1221,2018,2,SRR15183339,in vivo,extracellular,bulk,2-1
PB2,1223,1765,2,SRR15183339,in vivo,extracellular,bulk,2-1
PB2,1274,2153,2,SRR15183339,in vivo,extracellular,bulk,2-1
PB2,1274,2248,1,SRR15183339,in vivo,extracellular,bulk,2-1
PB2,1315,2141,2,SRR15183339,in vivo,extracellular,bulk,2-1
PB2,1335,1392,1,SRR15183339,in vivo,extracellular,bulk,2-1
PB2,1337,2281,1,SRR15183339,in vivo,extracellular,bulk,2-1
PB2,1348,1761,2,SRR15183339,in vivo,extracellular,bulk,2-1
PB2,134,491,1,SRR15183339,in vivo,extracellular,bulk,2-1
PB2,135,169,9,SRR15183339,in vivo,extracellular,bulk,2-1
PB2,1412,1831,1,SRR15183339,in vivo,extracellular,bulk,2-1
PB2,1424,2070,1,SRR15183339,in vivo,extracellular,bulk,2-1
PB2,146,220,1,SRR15183339,in vivo,extracellular,bulk,2-1
PB2,1471,2017,1,SRR15183339,in vivo,extracellular,bulk,2-1
PB2,1474,2016,1,SRR15183339,in vivo,extracellular,bulk,2-1
PB2,149,715,2,SRR15183339,in vivo,extracellular,bulk,2-1
PB2,150,2093,1,SRR15183339,in vivo,extracellular,bulk,2-1
PB2,1526,1652,2,SRR15183339,in vivo,extracellular,bulk,2-1
PB2,1528,1873,2,SRR15183339,in vivo,extracellular,bulk,2-1
PB2,1555,1837,1,SRR15183339,in vivo,extracellular,bulk,2-1
PB2,1560,1605,2,SRR15183339,in vivo,extracellular,bulk,2-1
PB2,160,2060,6,SRR15183339,in vivo,extracellular,bulk,2-1
PB2,161,2211,10,SRR15183339,in vivo,extracellular,bulk,2-1
PB2,162,2067,1,SRR15183339,in vivo,extracellular,bulk,2-1
PB2,162,2145,3,SRR15183339,in vivo,extracellular,bulk,2-1
PB2,1645,1699,1,SRR15183339,in vivo,extracellular,bulk,2-1
PB2,164,2125,144,SRR15183339,in vivo,extracellular,bulk,2-1
PB2,164,2144,9,SRR15183339,in vivo,extracellular,bulk,2-1
PB2,164,2211,8,SRR15183339,in vivo,extracellular,bulk,2-1
PB2,164,2216,3,SRR15183339,in vivo,extracellular,bulk,2-1
PB2,1656,1905,3,SRR15183339,in vivo,extracellular,bulk,2-1
PB2,165,1090,2,SRR15183339,in vivo,extracellular,bulk,2-1
PB2,166,1300,1,SRR15183339,in vivo,extracellular,bulk,2-1
PB2,166,281,2,SRR15183339,in vivo,extracellular,bulk,2-1
PB2,168,1205,1,SRR15183339,in vivo,extracellular,bulk,2-1
PB2,169,2124,1,SRR15183339,in vivo,extracellular,bulk,2-1
PB2,172,720,2,SRR15183339,in vivo,extracellular,bulk,2-1
PB2,1790,2088,1,SRR15183339,in vivo,extracellular,bulk,2-1
PB2,1794,2011,1,SRR15183339,in vivo,extracellular,bulk,2-1
PB2,1809,2249,1,SRR15183339,in vivo,extracellular,bulk,2-1
PB2,180,1630,1,SRR15183339,in vivo,extracellular,bulk,2-1
PB2,1814,2240,1,SRR15183339,in vivo,extracellular,bulk,2-1
PB2,1880,2276,1,SRR15183339,in vivo,extracellular,bulk,2-1
PB2,1982,2321,1,SRR15183339,in vivo,extracellular,bulk,2-1
PB2,201,1523,1,SRR15183339,in vivo,extracellular,bulk,2-1
PB2,202,2145,2,SRR15183339,in vivo,extracellular,bulk,2-1
PB2,202,950,1,SRR15183339,in vivo,extracellular,bulk,2-1
PB2,203,2052,3,SRR15183339,in vivo,extracellular,bulk,2-1
PB2,203,2124,6,SRR15183339,in vivo,extracellular,bulk,2-1
PB2,203,2146,248,SRR15183339,in vivo,extracellular,bulk,2-1
PB2,2072,2155,1,SRR15183339,in vivo,extracellular,bulk,2-1
PB2,212,894,1,SRR15183339,in vivo,extracellular,bulk,2-1
PB2,2149,2227,2,SRR15183339,in vivo,extracellular,bulk,2-1
PB2,214,241,1,SRR15183339,in vivo,extracellular,bulk,2-1
PB2,214,251,3,SRR15183339,in vivo,extracellular,bulk,2-1
PB2,217,830,1,SRR15183339,in vivo,extracellular,bulk,2-1
PB2,2180,2208,6,SRR15183339,in vivo,extracellular,bulk,2-1
PB2,2218,2287,2,SRR15183339,in vivo,extracellular,bulk,2-1
PB2,2232,2255,2,SRR15183339,in vivo,extracellular,bulk,2-1
PB2,238,2143,1,SRR15183339,in vivo,extracellular,bulk,2-1
PB2,241,2144,10,SRR15183339,in vivo,extracellular,bulk,2-1
PB2,242,1682,1,SRR15183339,in vivo,extracellular,bulk,2-1
PB2,242,572,1,SRR15183339,in vivo,extracellular,bulk,2-1
PB2,243,1683,11,SRR15183339,in vivo,extracellular,bulk,2-1
PB2,243,2145,20,SRR15183339,in vivo,extracellular,bulk,2-1
PB2,243,2148,32,SRR15183339,in vivo,extracellular,bulk,2-1
PB2,243,2149,21,SRR15183339,in vivo,extracellular,bulk,2-1
PB2,244,2055,3,SRR15183339,in vivo,extracellular,bulk,2-1
PB2,244,2086,7,SRR15183339,in vivo,extracellular,bulk,2-1
PB2,244,2091,1,SRR15183339,in vivo,extracellular,bulk,2-1
PB2,244,2125,17,SRR15183339,in vivo,extracellular,bulk,2-1
PB2,244,2144,9,SRR15183339,in vivo,extracellular,bulk,2-1
PB2,244,2190,2,SRR15183339,in vivo,extracellular,bulk,2-1
PB2,244,2206,10,SRR15183339,in vivo,extracellular,bulk,2-1
PB2,244,2242,1,SRR15183339,in vivo,extracellular,bulk,2-1
PB2,244,2290,7,SRR15183339,in vivo,extracellular,bulk,2-1
PB2,246,1141,1,SRR15183339,in vivo,extracellular,bulk,2-1
PB2,254,2078,26,SRR15183339,in vivo,extracellular,bulk,2-1
PB2,255,492,2,SRR15183339,in vivo,extracellular,bulk,2-1
PB2,261,2144,5,SRR15183339,in vivo,extracellular,bulk,2-1
PB2,263,1830,2,SRR15183339,in vivo,extracellular,bulk,2-1
PB2,270,2261,1,SRR15183339,in vivo,extracellular,bulk,2-1
PB2,276,2239,1,SRR15183339,in vivo,extracellular,bulk,2-1
PB2,281,1619,1,SRR15183339,in vivo,extracellular,bulk,2-1
PB2,281,1928,32,SRR15183339,in vivo,extracellular,bulk,2-1
PB2,282,1929,1,SRR15183339,in vivo,extracellular,bulk,2-1
PB2,283,1766,1,SRR15183339,in vivo,extracellular,bulk,2-1
PB2,283,2039,37,SRR15183339,in vivo,extracellular,bulk,2-1
PB2,287,1067,1,SRR15183339,in vivo,extracellular,bulk,2-1
PB2,291,1632,2,SRR15183339,in vivo,extracellular,bulk,2-1
PB2,292,1469,2,SRR15183339,in vivo,extracellular,bulk,2-1
PB2,300,2027,25,SRR15183339,in vivo,extracellular,bulk,2-1
PB2,304,2148,44,SRR15183339,in vivo,extracellular,bulk,2-1
PB2,310,1482,1,SRR15183339,in vivo,extracellular,bulk,2-1
PB2,310,402,1,SRR15183339,in vivo,extracellular,bulk,2-1
PB2,315,392,1,SRR15183339,in vivo,extracellular,bulk,2-1
PB2,329,830,2,SRR15183339,in vivo,extracellular,bulk,2-1
PB2,337,1478,4,SRR15183339,in vivo,extracellular,bulk,2-1
PB2,351,1998,25,SRR15183339,in vivo,extracellular,bulk,2-1
PB2,352,2007,11,SRR15183339,in vivo,extracellular,bulk,2-1
PB2,358,1954,3,SRR15183339,in vivo,extracellular,bulk,2-1
PB2,363,689,2,SRR15183339,in vivo,extracellular,bulk,2-1
PB2,364,1764,3,SRR15183339,in vivo,extracellular,bulk,2-1
PB2,365,1535,1,SRR15183339,in vivo,extracellular,bulk,2-1
PB2,367,1510,2,SRR15183339,in vivo,extracellular,bulk,2-1
PB2,373,1980,3,SRR15183339,in vivo,extracellular,bulk,2-1
PB2,377,1909,14,SRR15183339,in vivo,extracellular,bulk,2-1
PB2,391,2010,6,SRR15183339,in vivo,extracellular,bulk,2-1
PB2,392,1962,12,SRR15183339,in vivo,extracellular,bulk,2-1
PB2,393,2053,1,SRR15183339,in vivo,extracellular,bulk,2-1
PB2,394,1756,2,SRR15183339,in vivo,extracellular,bulk,2-1
PB2,394,2123,8,SRR15183339,in vivo,extracellular,bulk,2-1
PB2,404,1936,1,SRR15183339,in vivo,extracellular,bulk,2-1
PB2,404,2016,6,SRR15183339,in vivo,extracellular,bulk,2-1
PB2,405,1937,95,SRR15183339,in vivo,extracellular,bulk,2-1
PB2,411,1958,9,SRR15183339,in vivo,extracellular,bulk,2-1
PB2,417,445,14,SRR15183339,in vivo,extracellular,bulk,2-1
PB2,418,2036,101,SRR15183339,in vivo,extracellular,bulk,2-1
PB2,421,1921,13,SRR15183339,in vivo,extracellular,bulk,2-1
PB2,421,2213,1,SRR15183339,in vivo,extracellular,bulk,2-1
PB2,428,1967,5,SRR15183339,in vivo,extracellular,bulk,2-1
PB2,428,765,1,SRR15183339,in vivo,extracellular,bulk,2-1
PB2,432,1682,1,SRR15183339,in vivo,extracellular,bulk,2-1
PB2,443,1958,14,SRR15183339,in vivo,extracellular,bulk,2-1
PB2,445,1962,3,SRR15183339,in vivo,extracellular,bulk,2-1
PB2,44,2070,2,SRR15183339,in vivo,extracellular,bulk,2-1
PB2,44,990,1,SRR15183339,in vivo,extracellular,bulk,2-1
PB2,453,1777,5,SRR15183339,in vivo,extracellular,bulk,2-1
PB2,454,710,2,SRR15183339,in vivo,extracellular,bulk,2-1
PB2,461,1443,2,SRR15183339,in vivo,extracellular,bulk,2-1
PB2,461,592,2,SRR15183339,in vivo,extracellular,bulk,2-1
PB2,462,1772,2,SRR15183339,in vivo,extracellular,bulk,2-1
PB2,462,2061,2,SRR15183339,in vivo,extracellular,bulk,2-1
PB2,464,1998,115,SRR15183339,in vivo,extracellular,bulk,2-1
PB2,465,894,2,SRR15183339,in vivo,extracellular,bulk,2-1
PB2,466,1983,6,SRR15183339,in vivo,extracellular,bulk,2-1
PB2,466,2000,2,SRR15183339,in vivo,extracellular,bulk,2-1
PB2,46,104,1,SRR15183339,in vivo,extracellular,bulk,2-1
PB2,478,832,2,SRR15183339,in vivo,extracellular,bulk,2-1
PB2,481,1926,12,SRR15183339,in vivo,extracellular,bulk,2-1
PB2,481,1978,2,SRR15183339,in vivo,extracellular,bulk,2-1
PB2,481,2053,13,SRR15183339,in vivo,extracellular,bulk,2-1
PB2,483,1928,1,SRR15183339,in vivo,extracellular,bulk,2-1
PB2,490,1775,7,SRR15183339,in vivo,extracellular,bulk,2-1
PB2,497,565,2,SRR15183339,in vivo,extracellular,bulk,2-1
PB2,501,1918,1,SRR15183339,in vivo,extracellular,bulk,2-1
PB2,501,1957,1,SRR15183339,in vivo,extracellular,bulk,2-1
PB2,504,2077,2,SRR15183339,in vivo,extracellular,bulk,2-1
PB2,505,1315,1,SRR15183339,in vivo,extracellular,bulk,2-1
PB2,507,607,1,SRR15183339,in vivo,extracellular,bulk,2-1
PB2,511,1530,2,SRR15183339,in vivo,extracellular,bulk,2-1
PB2,512,2288,1,SRR15183339,in vivo,extracellular,bulk,2-1
PB2,513,1918,8,SRR15183339,in vivo,extracellular,bulk,2-1
PB2,516,1659,1,SRR15183339,in vivo,extracellular,bulk,2-1
PB2,517,1481,2,SRR15183339,in vivo,extracellular,bulk,2-1
PB2,517,1970,8,SRR15183339,in vivo,extracellular,bulk,2-1
PB2,519,1770,12,SRR15183339,in vivo,extracellular,bulk,2-1
PB2,522,1282,1,SRR15183339,in vivo,extracellular,bulk,2-1
PB2,525,2247,2,SRR15183339,in vivo,extracellular,bulk,2-1
PB2,52,146,1,SRR15183339,in vivo,extracellular,bulk,2-1
PB2,556,1835,14,SRR15183339,in vivo,extracellular,bulk,2-1
PB2,564,1784,28,SRR15183339,in vivo,extracellular,bulk,2-1
PB2,570,1668,4,SRR15183339,in vivo,extracellular,bulk,2-1
PB2,583,1182,2,SRR15183339,in vivo,extracellular,bulk,2-1
PB2,583,1788,12,SRR15183339,in vivo,extracellular,bulk,2-1
PB2,584,1683,3,SRR15183339,in vivo,extracellular,bulk,2-1
PB2,585,1498,2,SRR15183339,in vivo,extracellular,bulk,2-1
PB2,585,1769,1,SRR15183339,in vivo,extracellular,bulk,2-1
PB2,587,1841,30,SRR15183339,in vivo,extracellular,bulk,2-1
PB2,587,1862,2,SRR15183339,in vivo,extracellular,bulk,2-1
PB2,591,1752,20,SRR15183339,in vivo,extracellular,bulk,2-1
PB2,591,2246,1,SRR15183339,in vivo,extracellular,bulk,2-1
PB2,591,715,2,SRR15183339,in vivo,extracellular,bulk,2-1
PB2,592,1002,1,SRR15183339,in vivo,extracellular,bulk,2-1
PB2,594,1787,31,SRR15183339,in vivo,extracellular,bulk,2-1
PB2,596,1171,2,SRR15183339,in vivo,extracellular,bulk,2-1
PB2,596,1867,1,SRR15183339,in vivo,extracellular,bulk,2-1
PB2,597,1760,4,SRR15183339,in vivo,extracellular,bulk,2-1
PB2,597,1764,36,SRR15183339,in vivo,extracellular,bulk,2-1
PB2,598,1710,1,SRR15183339,in vivo,extracellular,bulk,2-1
PB2,598,1758,2,SRR15183339,in vivo,extracellular,bulk,2-1
PB2,600,1160,1,SRR15183339,in vivo,extracellular,bulk,2-1
PB2,600,1536,2,SRR15183339,in vivo,extracellular,bulk,2-1
PB2,601,1648,1,SRR15183339,in vivo,extracellular,bulk,2-1
PB2,605,1655,1,SRR15183339,in vivo,extracellular,bulk,2-1
PB2,605,1784,1,SRR15183339,in vivo,extracellular,bulk,2-1
PB2,606,1166,1,SRR15183339,in vivo,extracellular,bulk,2-1
PB2,607,1647,12,SRR15183339,in vivo,extracellular,bulk,2-1
PB2,607,1907,54,SRR15183339,in vivo,extracellular,bulk,2-1
PB2,608,1648,1,SRR15183339,in vivo,extracellular,bulk,2-1
PB2,608,1748,3,SRR15183339,in vivo,extracellular,bulk,2-1
PB2,608,1753,21,SRR15183339,in vivo,extracellular,bulk,2-1
PB2,608,1889,28,SRR15183339,in vivo,extracellular,bulk,2-1
PB2,612,1772,2,SRR15183339,in vivo,extracellular,bulk,2-1
PB2,618,1692,9,SRR15183339,in vivo,extracellular,bulk,2-1
PB2,619,1466,9,SRR15183339,in vivo,extracellular,bulk,2-1
PB2,619,1763,2,SRR15183339,in vivo,extracellular,bulk,2-1
PB2,620,1740,2,SRR15183339,in vivo,extracellular,bulk,2-1
PB2,621,1725,2,SRR15183339,in vivo,extracellular,bulk,2-1
PB2,623,1736,1,SRR15183339,in vivo,extracellular,bulk,2-1
PB2,624,1730,22,SRR15183339,in vivo,extracellular,bulk,2-1
PB2,628,1831,1,SRR15183339,in vivo,extracellular,bulk,2-1
PB2,629,707,1,SRR15183339,in vivo,extracellular,bulk,2-1
PB2,630,1833,22,SRR15183339,in vivo,extracellular,bulk,2-1
PB2,633,1632,3,SRR15183339,in vivo,extracellular,bulk,2-1
PB2,634,1739,1,SRR15183339,in vivo,extracellular,bulk,2-1
PB2,635,1707,49,SRR15183339,in vivo,extracellular,bulk,2-1
PB2,635,1828,14,SRR15183339,in vivo,extracellular,bulk,2-1
PB2,635,1865,20,SRR15183339,in vivo,extracellular,bulk,2-1
PB2,637,1449,1,SRR15183339,in vivo,extracellular,bulk,2-1
PB2,642,1790,2,SRR15183339,in vivo,extracellular,bulk,2-1
PB2,642,1853,3,SRR15183339,in vivo,extracellular,bulk,2-1
PB2,643,1690,14,SRR15183339,in vivo,extracellular,bulk,2-1
PB2,645,1650,1,SRR15183339,in vivo,extracellular,bulk,2-1
PB2,646,1613,8,SRR15183339,in vivo,extracellular,bulk,2-1
PB2,647,1132,2,SRR15183339,in vivo,extracellular,bulk,2-1
PB2,647,1740,2,SRR15183339,in vivo,extracellular,bulk,2-1
PB2,647,1791,8,SRR15183339,in vivo,extracellular,bulk,2-1
PB2,647,1889,3,SRR15183339,in vivo,extracellular,bulk,2-1
PB2,706,2201,1,SRR15183339,in vivo,extracellular,bulk,2-1
PB2,707,1613,6,SRR15183339,in vivo,extracellular,bulk,2-1
PB2,708,1684,10,SRR15183339,in vivo,extracellular,bulk,2-1
PB2,715,1758,7,SRR15183339,in vivo,extracellular,bulk,2-1
PB2,715,2318,1,SRR15183339,in vivo,extracellular,bulk,2-1
PB2,716,1619,1,SRR15183339,in vivo,extracellular,bulk,2-1
PB2,720,1655,1,SRR15183339,in vivo,extracellular,bulk,2-1
PB2,735,1660,6,SRR15183339,in vivo,extracellular,bulk,2-1
PB2,737,1619,3,SRR15183339,in vivo,extracellular,bulk,2-1
PB2,740,990,2,SRR15183339,in vivo,extracellular,bulk,2-1
PB2,749,2213,2,SRR15183339,in vivo,extracellular,bulk,2-1
PB2,751,1500,2,SRR15183339,in vivo,extracellular,bulk,2-1
PB2,760,1521,1,SRR15183339,in vivo,extracellular,bulk,2-1
PB2,768,1679,3,SRR15183339,in vivo,extracellular,bulk,2-1
PB2,771,1861,1,SRR15183339,in vivo,extracellular,bulk,2-1
PB2,781,1634,6,SRR15183339,in vivo,extracellular,bulk,2-1
PB2,782,1534,2,SRR15183339,in vivo,extracellular,bulk,2-1
PB2,782,1928,1,SRR15183339,in vivo,extracellular,bulk,2-1
PB2,783,1630,2,SRR15183339,in vivo,extracellular,bulk,2-1
PB2,783,902,2,SRR15183339,in vivo,extracellular,bulk,2-1
PB2,786,1662,1,SRR15183339,in vivo,extracellular,bulk,2-1
PB2,786,2036,1,SRR15183339,in vivo,extracellular,bulk,2-1
PB2,792,1619,4,SRR15183339,in vivo,extracellular,bulk,2-1
PB2,792,1650,6,SRR15183339,in vivo,extracellular,bulk,2-1
PB2,792,2331,1,SRR15183339,in vivo,extracellular,bulk,2-1
PB2,795,2155,1,SRR15183339,in vivo,extracellular,bulk,2-1
PB2,796,1666,5,SRR15183339,in vivo,extracellular,bulk,2-1
PB2,805,1652,2,SRR15183339,in vivo,extracellular,bulk,2-1
PB2,837,1409,1,SRR15183339,in vivo,extracellular,bulk,2-1
PB2,841,1314,2,SRR15183339,in vivo,extracellular,bulk,2-1
PB2,841,1481,3,SRR15183339,in vivo,extracellular,bulk,2-1
PB2,842,1467,4,SRR15183339,in vivo,extracellular,bulk,2-1
PB2,842,1573,3,SRR15183339,in vivo,extracellular,bulk,2-1
PB2,848,1573,17,SRR15183339,in vivo,extracellular,bulk,2-1
PB2,84,266,1,SRR15183339,in vivo,extracellular,bulk,2-1
PB2,852,1449,1,SRR15183339,in vivo,extracellular,bulk,2-1
PB2,853,1787,8,SRR15183339,in vivo,extracellular,bulk,2-1
PB2,86,120,20,SRR15183339,in vivo,extracellular,bulk,2-1
PB2,918,1497,2,SRR15183339,in vivo,extracellular,bulk,2-1
PB2,918,1927,2,SRR15183339,in vivo,extracellular,bulk,2-1
PB2,922,1491,3,SRR15183339,in vivo,extracellular,bulk,2-1
PB2,924,1534,17,SRR15183339,in vivo,extracellular,bulk,2-1
PB2,925,1478,5,SRR15183339,in vivo,extracellular,bulk,2-1
PB2,926,1498,83,SRR15183339,in vivo,extracellular,bulk,2-1
PB2,928,1426,2,SRR15183339,in vivo,extracellular,bulk,2-1
PB2,964,1172,1,SRR15183339,in vivo,extracellular,bulk,2-1
PB2,964,2026,2,SRR15183339,in vivo,extracellular,bulk,2-1
PB2,966,2249,1,SRR15183339,in vivo,extracellular,bulk,2-1
PB2,977,1247,2,SRR15183339,in vivo,extracellular,bulk,2-1
PB2,980,1534,1,SRR15183339,in vivo,extracellular,bulk,2-1
PB2,981,1522,1,SRR15183339,in vivo,extracellular,bulk,2-1
PB2,984,1964,2,SRR15183339,in vivo,extracellular,bulk,2-1
PB2,985,1634,2,SRR15183339,in vivo,extracellular,bulk,2-1
PB2,995,1542,5,SRR15183339,in vivo,extracellular,bulk,2-1
PA,1016,2157,5,SRR15183339,in vivo,extracellular,bulk,2-1
PA,1081,1748,2,SRR15183339,in vivo,extracellular,bulk,2-1
PA,1115,1290,2,SRR15183339,in vivo,extracellular,bulk,2-1
PA,1116,1361,1,SRR15183339,in vivo,extracellular,bulk,2-1
PA,1118,1195,11,SRR15183339,in vivo,extracellular,bulk,2-1
PA,1235,1305,2,SRR15183339,in vivo,extracellular,bulk,2-1
PA,1261,1896,1,SRR15183339,in vivo,extracellular,bulk,2-1
PA,1288,1347,2,SRR15183339,in vivo,extracellular,bulk,2-1
PA,1510,1589,1,SRR15183339,in vivo,extracellular,bulk,2-1
PA,1596,2034,1,SRR15183339,in vivo,extracellular,bulk,2-1
PA,1644,1690,5,SRR15183339,in vivo,extracellular,bulk,2-1
PA,1653,1731,13,SRR15183339,in vivo,extracellular,bulk,2-1
PA,168,2054,4,SRR15183339,in vivo,extracellular,bulk,2-1
PA,169,1950,12,SRR15183339,in vivo,extracellular,bulk,2-1
PA,184,2044,30,SRR15183339,in vivo,extracellular,bulk,2-1
PA,189,1854,1,SRR15183339,in vivo,extracellular,bulk,2-1
PA,1908,2155,1,SRR15183339,in vivo,extracellular,bulk,2-1
PA,191,1856,266,SRR15183339,in vivo,extracellular,bulk,2-1
PA,194,2004,7,SRR15183339,in vivo,extracellular,bulk,2-1
PA,196,352,1,SRR15183339,in vivo,extracellular,bulk,2-1
PA,2037,2128,2,SRR15183339,in vivo,extracellular,bulk,2-1
PA,2045,2143,1,SRR15183339,in vivo,extracellular,bulk,2-1
PA,222,2001,2,SRR15183339,in vivo,extracellular,bulk,2-1
PA,223,2069,33,SRR15183339,in vivo,extracellular,bulk,2-1
PA,226,1772,26,SRR15183339,in vivo,extracellular,bulk,2-1
PA,231,2042,12,SRR15183339,in vivo,extracellular,bulk,2-1
PA,243,2132,1,SRR15183339,in vivo,extracellular,bulk,2-1
PA,269,1571,19,SRR15183339,in vivo,extracellular,bulk,2-1
PA,272,1367,1,SRR15183339,in vivo,extracellular,bulk,2-1
PA,273,430,1,SRR15183339,in vivo,extracellular,bulk,2-1
PA,280,1202,1,SRR15183339,in vivo,extracellular,bulk,2-1
PA,298,1301,1,SRR15183339,in vivo,extracellular,bulk,2-1
PA,304,2029,2,SRR15183339,in vivo,extracellular,bulk,2-1
PA,313,1993,25,SRR15183339,in vivo,extracellular,bulk,2-1
PA,314,1823,3,SRR15183339,in vivo,extracellular,bulk,2-1
PA,322,1493,11,SRR15183339,in vivo,extracellular,bulk,2-1
PA,362,1856,16,SRR15183339,in vivo,extracellular,bulk,2-1
PA,399,1779,2,SRR15183339,in vivo,extracellular,bulk,2-1
PA,411,1910,1,SRR15183339,in vivo,extracellular,bulk,2-1
PA,412,2180,6,SRR15183339,in vivo,extracellular,bulk,2-1
PA,415,1828,24,SRR15183339,in vivo,extracellular,bulk,2-1
PA,415,1857,4,SRR15183339,in vivo,extracellular,bulk,2-1
PA,421,1861,7,SRR15183339,in vivo,extracellular,bulk,2-1
PA,426,1901,13,SRR15183339,in vivo,extracellular,bulk,2-1
PA,427,1838,27,SRR15183339,in vivo,extracellular,bulk,2-1
PA,429,1760,1,SRR15183339,in vivo,extracellular,bulk,2-1
PA,42,64,3,SRR15183339,in vivo,extracellular,bulk,2-1
PA,430,1616,2,SRR15183339,in vivo,extracellular,bulk,2-1
PA,431,1161,2,SRR15183339,in vivo,extracellular,bulk,2-1
PA,431,1854,2,SRR15183339,in vivo,extracellular,bulk,2-1
PA,432,1923,1,SRR15183339,in vivo,extracellular,bulk,2-1
PA,433,1885,3,SRR15183339,in vivo,extracellular,bulk,2-1
PA,435,2010,19,SRR15183339,in vivo,extracellular,bulk,2-1
PA,436,2178,2,SRR15183339,in vivo,extracellular,bulk,2-1
PA,437,1907,17,SRR15183339,in vivo,extracellular,bulk,2-1
PA,438,1908,1,SRR15183339,in vivo,extracellular,bulk,2-1
PA,452,1837,12,SRR15183339,in vivo,extracellular,bulk,2-1
PA,453,1870,11,SRR15183339,in vivo,extracellular,bulk,2-1
PA,457,1860,38,SRR15183339,in vivo,extracellular,bulk,2-1
PA,460,1854,19,SRR15183339,in vivo,extracellular,bulk,2-1
PA,461,1821,1,SRR15183339,in vivo,extracellular,bulk,2-1
PA,464,1838,2,SRR15183339,in vivo,extracellular,bulk,2-1
PA,478,1752,16,SRR15183339,in vivo,extracellular,bulk,2-1
PA,47,601,1,SRR15183339,in vivo,extracellular,bulk,2-1
PA,480,1837,18,SRR15183339,in vivo,extracellular,bulk,2-1
PA,484,1926,3,SRR15183339,in vivo,extracellular,bulk,2-1
PA,486,1837,5,SRR15183339,in vivo,extracellular,bulk,2-1
PA,489,1837,11,SRR15183339,in vivo,extracellular,bulk,2-1
PA,48,75,18,SRR15183339,in vivo,extracellular,bulk,2-1
PA,490,1831,16,SRR15183339,in vivo,extracellular,bulk,2-1
PA,490,1832,19,SRR15183339,in vivo,extracellular,bulk,2-1
PA,495,1760,11,SRR15183339,in vivo,extracellular,bulk,2-1
PA,496,1826,12,SRR15183339,in vivo,extracellular,bulk,2-1
PA,496,1837,15,SRR15183339,in vivo,extracellular,bulk,2-1
PA,498,1832,49,SRR15183339,in vivo,extracellular,bulk,2-1
PA,499,1722,391,SRR15183339,in vivo,extracellular,bulk,2-1
PA,499,521,1,SRR15183339,in vivo,extracellular,bulk,2-1
PA,504,1826,14,SRR15183339,in vivo,extracellular,bulk,2-1
PA,514,1811,10,SRR15183339,in vivo,extracellular,bulk,2-1
PA,514,1853,2,SRR15183339,in vivo,extracellular,bulk,2-1
PA,514,1901,2,SRR15183339,in vivo,extracellular,bulk,2-1
PA,517,1750,28,SRR15183339,in vivo,extracellular,bulk,2-1
PA,522,1721,9,SRR15183339,in vivo,extracellular,bulk,2-1
PA,540,1769,2,SRR15183339,in vivo,extracellular,bulk,2-1
PA,556,1683,2,SRR15183339,in vivo,extracellular,bulk,2-1
PA,562,1682,4,SRR15183339,in vivo,extracellular,bulk,2-1
PA,563,1703,4,SRR15183339,in vivo,extracellular,bulk,2-1
PA,580,1996,1,SRR15183339,in vivo,extracellular,bulk,2-1
PA,601,1686,14,SRR15183339,in vivo,extracellular,bulk,2-1
PA,603,1862,57,SRR15183339,in vivo,extracellular,bulk,2-1
PA,619,2023,1,SRR15183339,in vivo,extracellular,bulk,2-1
PA,624,2164,1,SRR15183339,in vivo,extracellular,bulk,2-1
PA,626,1411,1,SRR15183339,in vivo,extracellular,bulk,2-1
PA,648,1720,1,SRR15183339,in vivo,extracellular,bulk,2-1
PA,649,1640,1,SRR15183339,in vivo,extracellular,bulk,2-1
PA,652,1569,6,SRR15183339,in vivo,extracellular,bulk,2-1
PA,654,1638,2,SRR15183339,in vivo,extracellular,bulk,2-1
PA,660,1726,1,SRR15183339,in vivo,extracellular,bulk,2-1
PA,661,2082,2,SRR15183339,in vivo,extracellular,bulk,2-1
PA,664,1747,6,SRR15183339,in vivo,extracellular,bulk,2-1
PA,66,88,1,SRR15183339,in vivo,extracellular,bulk,2-1
PA,670,1621,4,SRR15183339,in vivo,extracellular,bulk,2-1
PA,67,1709,25,SRR15183339,in vivo,extracellular,bulk,2-1
PA,692,2065,1,SRR15183339,in vivo,extracellular,bulk,2-1
PA,694,1691,1,SRR15183339,in vivo,extracellular,bulk,2-1
PA,699,1239,1,SRR15183339,in vivo,extracellular,bulk,2-1
PA,718,1676,39,SRR15183339,in vivo,extracellular,bulk,2-1
PA,776,1387,7,SRR15183339,in vivo,extracellular,bulk,2-1
PA,776,1636,6,SRR15183339,in vivo,extracellular,bulk,2-1
PA,779,1387,3,SRR15183339,in vivo,extracellular,bulk,2-1
PA,779,1493,2,SRR15183339,in vivo,extracellular,bulk,2-1
PA,779,1702,24,SRR15183339,in vivo,extracellular,bulk,2-1
PA,801,1485,6,SRR15183339,in vivo,extracellular,bulk,2-1
PA,805,871,2,SRR15183339,in vivo,extracellular,bulk,2-1
PA,816,1483,1,SRR15183339,in vivo,extracellular,bulk,2-1
PA,829,1616,2,SRR15183339,in vivo,extracellular,bulk,2-1
PA,829,1636,2,SRR15183339,in vivo,extracellular,bulk,2-1
PA,847,1531,3,SRR15183339,in vivo,extracellular,bulk,2-1
PA,866,1404,7,SRR15183339,in vivo,extracellular,bulk,2-1
PA,880,1675,1,SRR15183339,in vivo,extracellular,bulk,2-1
PA,881,1497,6,SRR15183339,in vivo,extracellular,bulk,2-1
PA,927,1467,3,SRR15183339,in vivo,extracellular,bulk,2-1
PA,965,1014,2,SRR15183339,in vivo,extracellular,bulk,2-1
PA,965,1639,2,SRR15183339,in vivo,extracellular,bulk,2-1
PA,969,1532,1,SRR15183339,in vivo,extracellular,bulk,2-1
PA,985,1483,1,SRR15183339,in vivo,extracellular,bulk,2-1
HA,1023,1670,1,SRR15183339,in vivo,extracellular,bulk,2-1
HA,1061,1671,1,SRR15183339,in vivo,extracellular,bulk,2-1
HA,1085,1429,1,SRR15183339,in vivo,extracellular,bulk,2-1
HA,1088,1533,2,SRR15183339,in vivo,extracellular,bulk,2-1
HA,1117,1527,1,SRR15183339,in vivo,extracellular,bulk,2-1
HA,1126,1559,2,SRR15183339,in vivo,extracellular,bulk,2-1
HA,1178,1305,1,SRR15183339,in vivo,extracellular,bulk,2-1
HA,1181,1333,2,SRR15183339,in vivo,extracellular,bulk,2-1
HA,1187,1333,1,SRR15183339,in vivo,extracellular,bulk,2-1
HA,1189,1839,1,SRR15183339,in vivo,extracellular,bulk,2-1
HA,1292,1323,1,SRR15183339,in vivo,extracellular,bulk,2-1
HA,1332,1482,2,SRR15183339,in vivo,extracellular,bulk,2-1
HA,133,1071,1,SRR15183339,in vivo,extracellular,bulk,2-1
HA,1586,1646,4,SRR15183339,in vivo,extracellular,bulk,2-1
HA,213,687,1,SRR15183339,in vivo,extracellular,bulk,2-1
HA,233,1488,62,SRR15183339,in vivo,extracellular,bulk,2-1
HA,237,1631,11,SRR15183339,in vivo,extracellular,bulk,2-1
HA,237,1645,7,SRR15183339,in vivo,extracellular,bulk,2-1
HA,237,260,15,SRR15183339,in vivo,extracellular,bulk,2-1
HA,281,1730,1,SRR15183339,in vivo,extracellular,bulk,2-1
HA,293,801,1,SRR15183339,in vivo,extracellular,bulk,2-1
HA,366,1588,4,SRR15183339,in vivo,extracellular,bulk,2-1
HA,367,1480,2,SRR15183339,in vivo,extracellular,bulk,2-1
HA,367,1561,10,SRR15183339,in vivo,extracellular,bulk,2-1
HA,391,1480,21,SRR15183339,in vivo,extracellular,bulk,2-1
HA,392,1436,1,SRR15183339,in vivo,extracellular,bulk,2-1
HA,40,1431,1,SRR15183339,in vivo,extracellular,bulk,2-1
HA,414,1329,7,SRR15183339,in vivo,extracellular,bulk,2-1
HA,416,1670,2,SRR15183339,in vivo,extracellular,bulk,2-1
HA,422,734,1,SRR15183339,in vivo,extracellular,bulk,2-1
HA,492,735,1,SRR15183339,in vivo,extracellular,bulk,2-1
HA,49,701,1,SRR15183339,in vivo,extracellular,bulk,2-1
HA,53,1461,1,SRR15183339,in vivo,extracellular,bulk,2-1
HA,649,1426,1,SRR15183339,in vivo,extracellular,bulk,2-1
HA,708,780,1,SRR15183339,in vivo,extracellular,bulk,2-1
HA,802,1248,1,SRR15183339,in vivo,extracellular,bulk,2-1
HA,833,989,2,SRR15183339,in vivo,extracellular,bulk,2-1
HA,840,984,2,SRR15183339,in vivo,extracellular,bulk,2-1
HA,842,984,1,SRR15183339,in vivo,extracellular,bulk,2-1
HA,845,1733,1,SRR15183339,in vivo,extracellular,bulk,2-1
HA,848,1177,1,SRR15183339,in vivo,extracellular,bulk,2-1
HA,866,1332,2,SRR15183339,in vivo,extracellular,bulk,2-1
HA,879,1462,1,SRR15183339,in vivo,extracellular,bulk,2-1
HA,885,1167,2,SRR15183339,in vivo,extracellular,bulk,2-1
HA,890,1641,1,SRR15183339,in vivo,extracellular,bulk,2-1
HA,946,1802,1,SRR15183339,in vivo,extracellular,bulk,2-1
NP,1004,1270,2,SRR15183339,in vivo,extracellular,bulk,2-1
NP,1109,1673,1,SRR15183339,in vivo,extracellular,bulk,2-1
NP,1110,1191,1,SRR15183339,in vivo,extracellular,bulk,2-1
NP,1136,1642,1,SRR15183339,in vivo,extracellular,bulk,2-1
NP,1141,1615,1,SRR15183339,in vivo,extracellular,bulk,2-1
NP,121,1619,11,SRR15183339,in vivo,extracellular,bulk,2-1
NP,1220,1507,1,SRR15183339,in vivo,extracellular,bulk,2-1
NP,1253,1714,1,SRR15183339,in vivo,extracellular,bulk,2-1
NP,1287,1506,2,SRR15183339,in vivo,extracellular,bulk,2-1
NP,1299,1419,2,SRR15183339,in vivo,extracellular,bulk,2-1
NP,131,473,1,SRR15183339,in vivo,extracellular,bulk,2-1
NP,142,1504,1,SRR15183339,in vivo,extracellular,bulk,2-1
NP,151,550,1,SRR15183339,in vivo,extracellular,bulk,2-1
NP,1552,1628,2,SRR15183339,in vivo,extracellular,bulk,2-1
NP,170,871,1,SRR15183339,in vivo,extracellular,bulk,2-1
NP,178,1671,1,SRR15183339,in vivo,extracellular,bulk,2-1
NP,189,225,5,SRR15183339,in vivo,extracellular,bulk,2-1
NP,194,1521,2,SRR15183339,in vivo,extracellular,bulk,2-1
NP,209,475,1,SRR15183339,in vivo,extracellular,bulk,2-1
NP,236,1568,2,SRR15183339,in vivo,extracellular,bulk,2-1
NP,252,1242,2,SRR15183339,in vivo,extracellular,bulk,2-1
NP,257,1713,2,SRR15183339,in vivo,extracellular,bulk,2-1
NP,267,653,2,SRR15183339,in vivo,extracellular,bulk,2-1
NP,282,686,1,SRR15183339,in vivo,extracellular,bulk,2-1
NP,284,1527,14,SRR15183339,in vivo,extracellular,bulk,2-1
NP,292,455,1,SRR15183339,in vivo,extracellular,bulk,2-1
NP,294,1116,2,SRR15183339,in vivo,extracellular,bulk,2-1
NP,334,1517,2,SRR15183339,in vivo,extracellular,bulk,2-1
NP,338,1403,7,SRR15183339,in vivo,extracellular,bulk,2-1
NP,373,548,1,SRR15183339,in vivo,extracellular,bulk,2-1
NP,379,644,1,SRR15183339,in vivo,extracellular,bulk,2-1
NP,434,1550,2,SRR15183339,in vivo,extracellular,bulk,2-1
NP,478,519,1,SRR15183339,in vivo,extracellular,bulk,2-1
NP,481,1228,1,SRR15183339,in vivo,extracellular,bulk,2-1
NP,486,1539,2,SRR15183339,in vivo,extracellular,bulk,2-1
NP,493,1624,1,SRR15183339,in vivo,extracellular,bulk,2-1
NP,494,976,2,SRR15183339,in vivo,extracellular,bulk,2-1
NP,497,664,1,SRR15183339,in vivo,extracellular,bulk,2-1
NP,511,564,2,SRR15183339,in vivo,extracellular,bulk,2-1
NP,524,1270,40,SRR15183339,in vivo,extracellular,bulk,2-1
NP,620,1298,1,SRR15183339,in vivo,extracellular,bulk,2-1
NP,820,1232,2,SRR15183339,in vivo,extracellular,bulk,2-1
NP,83,888,1,SRR15183339,in vivo,extracellular,bulk,2-1
NP,842,1236,1,SRR15183339,in vivo,extracellular,bulk,2-1
NP,875,1360,1,SRR15183339,in vivo,extracellular,bulk,2-1
NP,931,1361,2,SRR15183339,in vivo,extracellular,bulk,2-1
NP,949,1013,2,SRR15183339,in vivo,extracellular,bulk,2-1
NP,958,1688,2,SRR15183339,in vivo,extracellular,bulk,2-1
NA,1023,1452,1,SRR15183339,in vivo,extracellular,bulk,2-1
NA,102,447,1,SRR15183339,in vivo,extracellular,bulk,2-1
NA,103,538,2,SRR15183339,in vivo,extracellular,bulk,2-1
NA,1046,1209,2,SRR15183339,in vivo,extracellular,bulk,2-1
NA,1046,1378,1,SRR15183339,in vivo,extracellular,bulk,2-1
NA,131,1324,1,SRR15183339,in vivo,extracellular,bulk,2-1
NA,148,1274,1,SRR15183339,in vivo,extracellular,bulk,2-1
NA,228,320,2,SRR15183339,in vivo,extracellular,bulk,2-1
NA,245,980,2,SRR15183339,in vivo,extracellular,bulk,2-1
NA,260,423,1,SRR15183339,in vivo,extracellular,bulk,2-1
NA,260,910,1,SRR15183339,in vivo,extracellular,bulk,2-1
NA,261,978,1,SRR15183339,in vivo,extracellular,bulk,2-1
NA,366,581,1,SRR15183339,in vivo,extracellular,bulk,2-1
NA,367,1319,2,SRR15183339,in vivo,extracellular,bulk,2-1
NA,368,671,2,SRR15183339,in vivo,extracellular,bulk,2-1
NA,369,869,1,SRR15183339,in vivo,extracellular,bulk,2-1
NA,389,881,2,SRR15183339,in vivo,extracellular,bulk,2-1
NA,411,1029,2,SRR15183339,in vivo,extracellular,bulk,2-1
NA,422,1209,2,SRR15183339,in vivo,extracellular,bulk,2-1
NA,428,1121,2,SRR15183339,in vivo,extracellular,bulk,2-1
NA,429,898,1,SRR15183339,in vivo,extracellular,bulk,2-1
NA,489,1266,1,SRR15183339,in vivo,extracellular,bulk,2-1
NA,492,1269,2,SRR15183339,in vivo,extracellular,bulk,2-1
NA,537,1449,1,SRR15183339,in vivo,extracellular,bulk,2-1
NA,540,967,2,SRR15183339,in vivo,extracellular,bulk,2-1
NA,542,1174,1,SRR15183339,in vivo,extracellular,bulk,2-1
NA,561,1303,2,SRR15183339,in vivo,extracellular,bulk,2-1
NA,563,594,2,SRR15183339,in vivo,extracellular,bulk,2-1
NA,600,1284,1,SRR15183339,in vivo,extracellular,bulk,2-1
NA,615,680,2,SRR15183339,in vivo,extracellular,bulk,2-1
NA,619,1220,5,SRR15183339,in vivo,extracellular,bulk,2-1
NA,62,1380,7,SRR15183339,in vivo,extracellular,bulk,2-1
NA,651,1478,2,SRR15183339,in vivo,extracellular,bulk,2-1
NA,654,1014,1,SRR15183339,in vivo,extracellular,bulk,2-1
NA,679,1029,1,SRR15183339,in vivo,extracellular,bulk,2-1
NA,67,1116,1,SRR15183339,in vivo,extracellular,bulk,2-1
NA,688,983,1,SRR15183339,in vivo,extracellular,bulk,2-1
NA,68,671,2,SRR15183339,in vivo,extracellular,bulk,2-1
NA,71,969,1,SRR15183339,in vivo,extracellular,bulk,2-1
NA,739,1476,1,SRR15183339,in vivo,extracellular,bulk,2-1
NA,739,926,2,SRR15183339,in vivo,extracellular,bulk,2-1
NA,745,1529,1,SRR15183339,in vivo,extracellular,bulk,2-1
NA,747,935,2,SRR15183339,in vivo,extracellular,bulk,2-1
NA,753,1278,2,SRR15183339,in vivo,extracellular,bulk,2-1
NA,760,1482,2,SRR15183339,in vivo,extracellular,bulk,2-1
NA,763,1015,1,SRR15183339,in vivo,extracellular,bulk,2-1
NA,763,1289,1,SRR15183339,in vivo,extracellular,bulk,2-1
NA,782,947,1,SRR15183339,in vivo,extracellular,bulk,2-1
NA,901,1330,1,SRR15183339,in vivo,extracellular,bulk,2-1
NA,920,1502,1,SRR15183339,in vivo,extracellular,bulk,2-1
NA,922,1206,2,SRR15183339,in vivo,extracellular,bulk,2-1
NA,933,1290,1,SRR15183339,in vivo,extracellular,bulk,2-1
NA,942,1318,1,SRR15183339,in vivo,extracellular,bulk,2-1
NA,952,1271,2,SRR15183339,in vivo,extracellular,bulk,2-1
NA,971,1379,1,SRR15183339,in vivo,extracellular,bulk,2-1
NA,976,1477,1,SRR15183339,in vivo,extracellular,bulk,2-1
NA,979,1212,2,SRR15183339,in vivo,extracellular,bulk,2-1
NA,980,1017,1,SRR15183339,in vivo,extracellular,bulk,2-1
M,100,362,2,SRR15183339,in vivo,extracellular,bulk,2-1
M,108,162,3,SRR15183339,in vivo,extracellular,bulk,2-1
M,121,224,1,SRR15183339,in vivo,extracellular,bulk,2-1
M,125,450,2,SRR15183339,in vivo,extracellular,bulk,2-1
M,128,1034,7,SRR15183339,in vivo,extracellular,bulk,2-1
M,128,157,1,SRR15183339,in vivo,extracellular,bulk,2-1
M,130,158,13,SRR15183339,in vivo,extracellular,bulk,2-1
M,134,243,1,SRR15183339,in vivo,extracellular,bulk,2-1
M,138,728,1,SRR15183339,in vivo,extracellular,bulk,2-1
M,141,1029,15,SRR15183339,in vivo,extracellular,bulk,2-1
M,142,1030,2,SRR15183339,in vivo,extracellular,bulk,2-1
M,142,209,1,SRR15183339,in vivo,extracellular,bulk,2-1
M,142,617,1,SRR15183339,in vivo,extracellular,bulk,2-1
M,155,222,2,SRR15183339,in vivo,extracellular,bulk,2-1
M,156,1008,67,SRR15183339,in vivo,extracellular,bulk,2-1
M,160,749,2,SRR15183339,in vivo,extracellular,bulk,2-1
M,161,688,2,SRR15183339,in vivo,extracellular,bulk,2-1
M,161,745,1,SRR15183339,in vivo,extracellular,bulk,2-1
M,173,820,1,SRR15183339,in vivo,extracellular,bulk,2-1
M,175,201,1,SRR15183339,in vivo,extracellular,bulk,2-1
M,178,1034,1,SRR15183339,in vivo,extracellular,bulk,2-1
M,183,1127,1,SRR15183339,in vivo,extracellular,bulk,2-1
M,183,560,2,SRR15183339,in vivo,extracellular,bulk,2-1
M,188,573,1,SRR15183339,in vivo,extracellular,bulk,2-1
M,195,744,2,SRR15183339,in vivo,extracellular,bulk,2-1
M,200,1036,46,SRR15183339,in vivo,extracellular,bulk,2-1
M,202,1060,4,SRR15183339,in vivo,extracellular,bulk,2-1
M,203,1064,6,SRR15183339,in vivo,extracellular,bulk,2-1
M,206,408,1,SRR15183339,in vivo,extracellular,bulk,2-1
M,206,612,2,SRR15183339,in vivo,extracellular,bulk,2-1
M,224,496,1,SRR15183339,in vivo,extracellular,bulk,2-1
M,230,620,2,SRR15183339,in vivo,extracellular,bulk,2-1
M,234,438,2,SRR15183339,in vivo,extracellular,bulk,2-1
M,251,581,1,SRR15183339,in vivo,extracellular,bulk,2-1
M,252,566,1,SRR15183339,in vivo,extracellular,bulk,2-1
M,254,381,1,SRR15183339,in vivo,extracellular,bulk,2-1
M,254,619,1,SRR15183339,in vivo,extracellular,bulk,2-1
M,259,933,2,SRR15183339,in vivo,extracellular,bulk,2-1
M,259,983,1,SRR15183339,in vivo,extracellular,bulk,2-1
M,25,73,9,SRR15183339,in vivo,extracellular,bulk,2-1
M,25,82,3,SRR15183339,in vivo,extracellular,bulk,2-1
M,260,436,1,SRR15183339,in vivo,extracellular,bulk,2-1
M,260,863,2,SRR15183339,in vivo,extracellular,bulk,2-1
M,27,77,1,SRR15183339,in vivo,extracellular,bulk,2-1
M,304,1015,1,SRR15183339,in vivo,extracellular,bulk,2-1
M,334,1057,1,SRR15183339,in vivo,extracellular,bulk,2-1
M,34,450,1,SRR15183339,in vivo,extracellular,bulk,2-1
M,365,817,1,SRR15183339,in vivo,extracellular,bulk,2-1
M,376,1084,1,SRR15183339,in vivo,extracellular,bulk,2-1
M,381,1025,1,SRR15183339,in vivo,extracellular,bulk,2-1
M,381,408,1,SRR15183339,in vivo,extracellular,bulk,2-1
M,392,570,1,SRR15183339,in vivo,extracellular,bulk,2-1
M,39,362,1,SRR15183339,in vivo,extracellular,bulk,2-1
M,403,581,2,SRR15183339,in vivo,extracellular,bulk,2-1
M,411,488,1,SRR15183339,in vivo,extracellular,bulk,2-1
M,412,649,1,SRR15183339,in vivo,extracellular,bulk,2-1
M,413,1064,1,SRR15183339,in vivo,extracellular,bulk,2-1
M,415,583,2,SRR15183339,in vivo,extracellular,bulk,2-1
M,425,1016,2,SRR15183339,in vivo,extracellular,bulk,2-1
M,425,916,1,SRR15183339,in vivo,extracellular,bulk,2-1
M,448,611,1,SRR15183339,in vivo,extracellular,bulk,2-1
M,456,581,1,SRR15183339,in vivo,extracellular,bulk,2-1
M,458,1042,1,SRR15183339,in vivo,extracellular,bulk,2-1
M,458,1064,1,SRR15183339,in vivo,extracellular,bulk,2-1
M,45,70,7,SRR15183339,in vivo,extracellular,bulk,2-1
M,461,1102,1,SRR15183339,in vivo,extracellular,bulk,2-1
M,499,901,1,SRR15183339,in vivo,extracellular,bulk,2-1
M,503,569,1,SRR15183339,in vivo,extracellular,bulk,2-1
M,519,1057,1,SRR15183339,in vivo,extracellular,bulk,2-1
M,51,210,1,SRR15183339,in vivo,extracellular,bulk,2-1
M,523,704,1,SRR15183339,in vivo,extracellular,bulk,2-1
M,579,699,2,SRR15183339,in vivo,extracellular,bulk,2-1
M,579,913,2,SRR15183339,in vivo,extracellular,bulk,2-1
M,590,692,1,SRR15183339,in vivo,extracellular,bulk,2-1
M,592,1102,1,SRR15183339,in vivo,extracellular,bulk,2-1
M,594,1058,1,SRR15183339,in vivo,extracellular,bulk,2-1
M,597,1044,2,SRR15183339,in vivo,extracellular,bulk,2-1
M,61,437,1,SRR15183339,in vivo,extracellular,bulk,2-1
M,630,1016,1,SRR15183339,in vivo,extracellular,bulk,2-1
M,661,916,1,SRR15183339,in vivo,extracellular,bulk,2-1
M,722,1013,2,SRR15183339,in vivo,extracellular,bulk,2-1
M,723,748,1,SRR15183339,in vivo,extracellular,bulk,2-1
M,726,923,1,SRR15183339,in vivo,extracellular,bulk,2-1
M,741,901,1,SRR15183339,in vivo,extracellular,bulk,2-1
M,772,935,2,SRR15183339,in vivo,extracellular,bulk,2-1
M,82,614,1,SRR15183339,in vivo,extracellular,bulk,2-1
M,85,196,4,SRR15183339,in vivo,extracellular,bulk,2-1
M,87,166,1,SRR15183339,in vivo,extracellular,bulk,2-1
M,87,201,2,SRR15183339,in vivo,extracellular,bulk,2-1
M,91,117,2,SRR15183339,in vivo,extracellular,bulk,2-1
M,91,197,2,SRR15183339,in vivo,extracellular,bulk,2-1
NS,123,658,1,SRR15183339,in vivo,extracellular,bulk,2-1
NS,171,938,2,SRR15183339,in vivo,extracellular,bulk,2-1
NS,174,265,1,SRR15183339,in vivo,extracellular,bulk,2-1
NS,176,897,2,SRR15183339,in vivo,extracellular,bulk,2-1
NS,179,999,1,SRR15183339,in vivo,extracellular,bulk,2-1
NS,239,1029,1,SRR15183339,in vivo,extracellular,bulk,2-1
NS,240,264,2,SRR15183339,in vivo,extracellular,bulk,2-1
NS,254,640,1,SRR15183339,in vivo,extracellular,bulk,2-1
NS,256,785,2,SRR15183339,in vivo,extracellular,bulk,2-1
NS,259,531,1,SRR15183339,in vivo,extracellular,bulk,2-1
NS,263,898,1,SRR15183339,in vivo,extracellular,bulk,2-1
NS,277,669,1,SRR15183339,in vivo,extracellular,bulk,2-1
NS,277,847,1,SRR15183339,in vivo,extracellular,bulk,2-1
NS,517,790,2,SRR15183339,in vivo,extracellular,bulk,2-1
NS,521,732,14,SRR15183339,in vivo,extracellular,bulk,2-1
NS,531,860,1,SRR15183339,in vivo,extracellular,bulk,2-1
NS,533,878,1,SRR15183339,in vivo,extracellular,bulk,2-1
NS,546,1038,1,SRR15183339,in vivo,extracellular,bulk,2-1
NS,683,905,1,SRR15183339,in vivo,extracellular,bulk,2-1
NS,707,817,1,SRR15183339,in vivo,extracellular,bulk,2-1
NS,711,938,1,SRR15183339,in vivo,extracellular,bulk,2-1
NS,721,815,1,SRR15183339,in vivo,extracellular,bulk,2-1
NS,727,795,1,SRR15183339,in vivo,extracellular,bulk,2-1
NS,75,731,1,SRR15183339,in vivo,extracellular,bulk,2-1
NS,799,929,1,SRR15183339,in vivo,extracellular,bulk,2-1
NS,79,242,1,SRR15183339,in vivo,extracellular,bulk,2-1
NS,802,999,1,SRR15183339,in vivo,extracellular,bulk,2-1
NS,815,850,1,SRR15183339,in vivo,extracellular,bulk,2-1
NS,832,882,1,SRR15183339,in vivo,extracellular,bulk,2-1
NS,844,1002,1,SRR15183339,in vivo,extracellular,bulk,2-1
NS,86,243,1,SRR15183339,in vivo,extracellular,bulk,2-1
NS,86,530,1,SRR15183339,in vivo,extracellular,bulk,2-1
NS,946,1029,1,SRR15183339,in vivo,extracellular,bulk,2-1
