Segment,Start,End,NGS_read_count,ACC_num,Cells,Context,Compartment,Resolution
PB1,1519,1585,1,ERR3474616,human,in vivo,extracellular,bulk
PB1,296,1943,42,ERR3474616,human,in vivo,extracellular,bulk
PB1,370,1944,88,ERR3474616,human,in vivo,extracellular,bulk
PB1,391,1922,1,ERR3474616,human,in vivo,extracellular,bulk
PB1,462,1733,32,ERR3474616,human,in vivo,extracellular,bulk
PB1,591,1511,14,ERR3474616,human,in vivo,extracellular,bulk
PB1,592,1512,1,ERR3474616,human,in vivo,extracellular,bulk
PB1,593,1808,26,ERR3474616,human,in vivo,extracellular,bulk
PB1,597,1537,12,ERR3474616,human,in vivo,extracellular,bulk
PB1,627,1781,25,ERR3474616,human,in vivo,extracellular,bulk
PB1,638,1585,3,ERR3474616,human,in vivo,extracellular,bulk
PB1,710,1476,6,ERR3474616,human,in vivo,extracellular,bulk
PB1,728,1573,16,ERR3474616,human,in vivo,extracellular,bulk
PB1,737,1934,28,ERR3474616,human,in vivo,extracellular,bulk
PB1,747,1539,18,ERR3474616,human,in vivo,extracellular,bulk
PB1,793,1508,1,ERR3474616,human,in vivo,extracellular,bulk
PB1,794,1512,7,ERR3474616,human,in vivo,extracellular,bulk
PB1,839,1539,4,ERR3474616,human,in vivo,extracellular,bulk
PB1,840,1496,6,ERR3474616,human,in vivo,extracellular,bulk
PB1,919,1582,1,ERR3474616,human,in vivo,extracellular,bulk
PB1,956,1517,5,ERR3474616,human,in vivo,extracellular,bulk
PB2,1042,1465,11,ERR3474616,human,in vivo,extracellular,bulk
PB2,135,2144,60,ERR3474616,human,in vivo,extracellular,bulk
PB2,137,165,47,ERR3474616,human,in vivo,extracellular,bulk
PB2,141,1163,6,ERR3474616,human,in vivo,extracellular,bulk
PB2,142,2148,26,ERR3474616,human,in vivo,extracellular,bulk
PB2,146,2143,15,ERR3474616,human,in vivo,extracellular,bulk
PB2,146,254,16,ERR3474616,human,in vivo,extracellular,bulk
PB2,153,2144,31,ERR3474616,human,in vivo,extracellular,bulk
PB2,157,2145,3,ERR3474616,human,in vivo,extracellular,bulk
PB2,160,2207,1,ERR3474616,human,in vivo,extracellular,bulk
PB2,161,2181,3,ERR3474616,human,in vivo,extracellular,bulk
PB2,162,2145,49,ERR3474616,human,in vivo,extracellular,bulk
PB2,163,2148,78,ERR3474616,human,in vivo,extracellular,bulk
PB2,164,2144,283,ERR3474616,human,in vivo,extracellular,bulk
PB2,164,2195,72,ERR3474616,human,in vivo,extracellular,bulk
PB2,164,2211,44,ERR3474616,human,in vivo,extracellular,bulk
PB2,165,2079,1,ERR3474616,human,in vivo,extracellular,bulk
PB2,165,2145,1,ERR3474616,human,in vivo,extracellular,bulk
PB2,165,2204,43,ERR3474616,human,in vivo,extracellular,bulk
PB2,165,2243,109,ERR3474616,human,in vivo,extracellular,bulk
PB2,167,214,1,ERR3474616,human,in vivo,extracellular,bulk
PB2,167,2149,15,ERR3474616,human,in vivo,extracellular,bulk
PB2,169,1606,1,ERR3474616,human,in vivo,extracellular,bulk
PB2,172,1609,19,ERR3474616,human,in vivo,extracellular,bulk
PB2,174,2143,93,ERR3474616,human,in vivo,extracellular,bulk
PB2,1822,1871,8,ERR3474616,human,in vivo,extracellular,bulk
PB2,188,2035,32,ERR3474616,human,in vivo,extracellular,bulk
PB2,188,2199,36,ERR3474616,human,in vivo,extracellular,bulk
PB2,199,2068,29,ERR3474616,human,in vivo,extracellular,bulk
PB2,201,241,2,ERR3474616,human,in vivo,extracellular,bulk
PB2,202,2207,1,ERR3474616,human,in vivo,extracellular,bulk
PB2,203,2146,64,ERR3474616,human,in vivo,extracellular,bulk
PB2,203,2208,67,ERR3474616,human,in vivo,extracellular,bulk
PB2,203,2262,133,ERR3474616,human,in vivo,extracellular,bulk
PB2,205,2143,2,ERR3474616,human,in vivo,extracellular,bulk
PB2,205,2264,1,ERR3474616,human,in vivo,extracellular,bulk
PB2,213,251,1,ERR3474616,human,in vivo,extracellular,bulk
PB2,2180,2206,13,ERR3474616,human,in vivo,extracellular,bulk
PB2,2180,2208,10,ERR3474616,human,in vivo,extracellular,bulk
PB2,231,2063,62,ERR3474616,human,in vivo,extracellular,bulk
PB2,233,2143,1,ERR3474616,human,in vivo,extracellular,bulk
PB2,235,2074,10,ERR3474616,human,in vivo,extracellular,bulk
PB2,238,2143,29,ERR3474616,human,in vivo,extracellular,bulk
PB2,238,2205,20,ERR3474616,human,in vivo,extracellular,bulk
PB2,238,2264,57,ERR3474616,human,in vivo,extracellular,bulk
PB2,239,2143,56,ERR3474616,human,in vivo,extracellular,bulk
PB2,239,2194,5,ERR3474616,human,in vivo,extracellular,bulk
PB2,241,2144,1,ERR3474616,human,in vivo,extracellular,bulk
PB2,241,2151,52,ERR3474616,human,in vivo,extracellular,bulk
PB2,243,1960,296,ERR3474616,human,in vivo,extracellular,bulk
PB2,243,2121,60,ERR3474616,human,in vivo,extracellular,bulk
PB2,243,2125,16,ERR3474616,human,in vivo,extracellular,bulk
PB2,243,2142,13,ERR3474616,human,in vivo,extracellular,bulk
PB2,243,2148,330,ERR3474616,human,in vivo,extracellular,bulk
PB2,243,2149,72,ERR3474616,human,in vivo,extracellular,bulk
PB2,243,2175,2,ERR3474616,human,in vivo,extracellular,bulk
PB2,244,1828,37,ERR3474616,human,in vivo,extracellular,bulk
PB2,244,1964,13,ERR3474616,human,in vivo,extracellular,bulk
PB2,244,2078,12,ERR3474616,human,in vivo,extracellular,bulk
PB2,244,2083,10,ERR3474616,human,in vivo,extracellular,bulk
PB2,244,2125,75,ERR3474616,human,in vivo,extracellular,bulk
PB2,244,2144,980,ERR3474616,human,in vivo,extracellular,bulk
PB2,244,2151,18,ERR3474616,human,in vivo,extracellular,bulk
PB2,244,2206,41,ERR3474616,human,in vivo,extracellular,bulk
PB2,245,2139,1,ERR3474616,human,in vivo,extracellular,bulk
PB2,245,2145,5,ERR3474616,human,in vivo,extracellular,bulk
PB2,245,2212,36,ERR3474616,human,in vivo,extracellular,bulk
PB2,246,1830,1,ERR3474616,human,in vivo,extracellular,bulk
PB2,250,2207,1,ERR3474616,human,in vivo,extracellular,bulk
PB2,260,2148,10,ERR3474616,human,in vivo,extracellular,bulk
PB2,270,1836,1,ERR3474616,human,in vivo,extracellular,bulk
PB2,277,2153,16,ERR3474616,human,in vivo,extracellular,bulk
PB2,347,2062,4,ERR3474616,human,in vivo,extracellular,bulk
PB2,354,2144,13,ERR3474616,human,in vivo,extracellular,bulk
PB2,355,1933,3,ERR3474616,human,in vivo,extracellular,bulk
PB2,364,2144,35,ERR3474616,human,in vivo,extracellular,bulk
PB2,366,2076,13,ERR3474616,human,in vivo,extracellular,bulk
PB2,367,1693,5,ERR3474616,human,in vivo,extracellular,bulk
PB2,379,2068,17,ERR3474616,human,in vivo,extracellular,bulk
PB2,391,2058,28,ERR3474616,human,in vivo,extracellular,bulk
PB2,392,1751,4,ERR3474616,human,in vivo,extracellular,bulk
PB2,393,2067,65,ERR3474616,human,in vivo,extracellular,bulk
PB2,395,1937,1,ERR3474616,human,in vivo,extracellular,bulk
PB2,397,2057,84,ERR3474616,human,in vivo,extracellular,bulk
PB2,397,2143,51,ERR3474616,human,in vivo,extracellular,bulk
PB2,399,1862,20,ERR3474616,human,in vivo,extracellular,bulk
PB2,404,2143,312,ERR3474616,human,in vivo,extracellular,bulk
PB2,410,2010,1,ERR3474616,human,in vivo,extracellular,bulk
PB2,427,1791,6,ERR3474616,human,in vivo,extracellular,bulk
PB2,429,1829,10,ERR3474616,human,in vivo,extracellular,bulk
PB2,429,1981,39,ERR3474616,human,in vivo,extracellular,bulk
PB2,42,66,1,ERR3474616,human,in vivo,extracellular,bulk
PB2,432,1827,1,ERR3474616,human,in vivo,extracellular,bulk
PB2,442,1752,7,ERR3474616,human,in vivo,extracellular,bulk
PB2,443,2020,1,ERR3474616,human,in vivo,extracellular,bulk
PB2,445,1932,4,ERR3474616,human,in vivo,extracellular,bulk
PB2,451,1949,2,ERR3474616,human,in vivo,extracellular,bulk
PB2,453,2243,16,ERR3474616,human,in vivo,extracellular,bulk
PB2,455,2253,1,ERR3474616,human,in vivo,extracellular,bulk
PB2,463,2035,9,ERR3474616,human,in vivo,extracellular,bulk
PB2,466,1958,2,ERR3474616,human,in vivo,extracellular,bulk
PB2,469,1877,5,ERR3474616,human,in vivo,extracellular,bulk
PB2,490,1965,7,ERR3474616,human,in vivo,extracellular,bulk
PB2,49,72,10,ERR3474616,human,in vivo,extracellular,bulk
PB2,504,2077,1,ERR3474616,human,in vivo,extracellular,bulk
PB2,508,2081,1,ERR3474616,human,in vivo,extracellular,bulk
PB2,513,1753,20,ERR3474616,human,in vivo,extracellular,bulk
PB2,514,1754,1,ERR3474616,human,in vivo,extracellular,bulk
PB2,522,544,6,ERR3474616,human,in vivo,extracellular,bulk
PB2,526,1917,1,ERR3474616,human,in vivo,extracellular,bulk
PB2,530,2304,19,ERR3474616,human,in vivo,extracellular,bulk
PB2,557,2030,1,ERR3474616,human,in vivo,extracellular,bulk
PB2,558,1889,4,ERR3474616,human,in vivo,extracellular,bulk
PB2,559,2032,10,ERR3474616,human,in vivo,extracellular,bulk
PB2,563,1877,9,ERR3474616,human,in vivo,extracellular,bulk
PB2,568,1969,1,ERR3474616,human,in vivo,extracellular,bulk
PB2,569,1970,40,ERR3474616,human,in vivo,extracellular,bulk
PB2,583,2002,35,ERR3474616,human,in vivo,extracellular,bulk
PB2,584,2029,1,ERR3474616,human,in vivo,extracellular,bulk
PB2,586,1710,21,ERR3474616,human,in vivo,extracellular,bulk
PB2,587,1764,5,ERR3474616,human,in vivo,extracellular,bulk
PB2,587,1862,39,ERR3474616,human,in vivo,extracellular,bulk
PB2,587,2032,142,ERR3474616,human,in vivo,extracellular,bulk
PB2,589,2034,1,ERR3474616,human,in vivo,extracellular,bulk
PB2,592,1605,1,ERR3474616,human,in vivo,extracellular,bulk
PB2,597,1932,1,ERR3474616,human,in vivo,extracellular,bulk
PB2,600,1758,22,ERR3474616,human,in vivo,extracellular,bulk
PB2,600,1762,4,ERR3474616,human,in vivo,extracellular,bulk
PB2,605,1829,29,ERR3474616,human,in vivo,extracellular,bulk
PB2,607,1836,13,ERR3474616,human,in vivo,extracellular,bulk
PB2,607,1955,24,ERR3474616,human,in vivo,extracellular,bulk
PB2,609,1837,6,ERR3474616,human,in vivo,extracellular,bulk
PB2,614,1648,4,ERR3474616,human,in vivo,extracellular,bulk
PB2,620,1740,22,ERR3474616,human,in vivo,extracellular,bulk
PB2,620,2060,2,ERR3474616,human,in vivo,extracellular,bulk
PB2,621,2069,50,ERR3474616,human,in vivo,extracellular,bulk
PB2,622,1767,10,ERR3474616,human,in vivo,extracellular,bulk
PB2,622,2199,52,ERR3474616,human,in vivo,extracellular,bulk
PB2,623,1382,6,ERR3474616,human,in vivo,extracellular,bulk
PB2,634,1636,12,ERR3474616,human,in vivo,extracellular,bulk
PB2,637,1827,26,ERR3474616,human,in vivo,extracellular,bulk
PB2,638,1740,44,ERR3474616,human,in vivo,extracellular,bulk
PB2,707,1687,8,ERR3474616,human,in vivo,extracellular,bulk
PB2,730,1768,38,ERR3474616,human,in vivo,extracellular,bulk
PB2,733,1575,10,ERR3474616,human,in vivo,extracellular,bulk
PB2,743,1698,2,ERR3474616,human,in vivo,extracellular,bulk
PB2,786,1661,12,ERR3474616,human,in vivo,extracellular,bulk
PB2,841,1584,1,ERR3474616,human,in vivo,extracellular,bulk
PB2,860,1473,12,ERR3474616,human,in vivo,extracellular,bulk
PB2,928,1684,4,ERR3474616,human,in vivo,extracellular,bulk
PB2,973,1860,8,ERR3474616,human,in vivo,extracellular,bulk
PB2,975,1535,6,ERR3474616,human,in vivo,extracellular,bulk
PA,1015,1167,15,ERR3474616,human,in vivo,extracellular,bulk
PA,1235,1269,19,ERR3474616,human,in vivo,extracellular,bulk
PA,1263,1305,2,ERR3474616,human,in vivo,extracellular,bulk
PA,160,2048,19,ERR3474616,human,in vivo,extracellular,bulk
PA,164,2053,1,ERR3474616,human,in vivo,extracellular,bulk
PA,165,2036,1,ERR3474616,human,in vivo,extracellular,bulk
PA,166,2045,29,ERR3474616,human,in vivo,extracellular,bulk
PA,166,2124,1,ERR3474616,human,in vivo,extracellular,bulk
PA,168,2047,7361,ERR3474616,human,in vivo,extracellular,bulk
PA,168,2048,1,ERR3474616,human,in vivo,extracellular,bulk
PA,169,2048,42,ERR3474616,human,in vivo,extracellular,bulk
PA,169,2127,86,ERR3474616,human,in vivo,extracellular,bulk
PA,170,2132,11,ERR3474616,human,in vivo,extracellular,bulk
PA,184,1982,1,ERR3474616,human,in vivo,extracellular,bulk
PA,199,2000,83,ERR3474616,human,in vivo,extracellular,bulk
PA,201,1274,1,ERR3474616,human,in vivo,extracellular,bulk
PA,2117,2141,1,ERR3474616,human,in vivo,extracellular,bulk
PA,211,2045,100,ERR3474616,human,in vivo,extracellular,bulk
PA,211,2067,41,ERR3474616,human,in vivo,extracellular,bulk
PA,211,2181,156,ERR3474616,human,in vivo,extracellular,bulk
PA,212,2046,2,ERR3474616,human,in vivo,extracellular,bulk
PA,221,2034,1,ERR3474616,human,in vivo,extracellular,bulk
PA,227,2005,50,ERR3474616,human,in vivo,extracellular,bulk
PA,227,2045,85,ERR3474616,human,in vivo,extracellular,bulk
PA,231,1274,1,ERR3474616,human,in vivo,extracellular,bulk
PA,242,2108,24,ERR3474616,human,in vivo,extracellular,bulk
PA,259,2121,3,ERR3474616,human,in vivo,extracellular,bulk
PA,260,1856,41,ERR3474616,human,in vivo,extracellular,bulk
PA,264,2037,1,ERR3474616,human,in vivo,extracellular,bulk
PA,266,1961,3,ERR3474616,human,in vivo,extracellular,bulk
PA,266,2039,61,ERR3474616,human,in vivo,extracellular,bulk
PA,274,2057,16,ERR3474616,human,in vivo,extracellular,bulk
PA,278,2076,1,ERR3474616,human,in vivo,extracellular,bulk
PA,283,1706,17,ERR3474616,human,in vivo,extracellular,bulk
PA,285,1936,27,ERR3474616,human,in vivo,extracellular,bulk
PA,285,1942,70,ERR3474616,human,in vivo,extracellular,bulk
PA,306,1944,97,ERR3474616,human,in vivo,extracellular,bulk
PA,306,2035,74,ERR3474616,human,in vivo,extracellular,bulk
PA,307,2036,1,ERR3474616,human,in vivo,extracellular,bulk
PA,314,2023,24,ERR3474616,human,in vivo,extracellular,bulk
PA,317,1903,1,ERR3474616,human,in vivo,extracellular,bulk
PA,318,1903,32,ERR3474616,human,in vivo,extracellular,bulk
PA,319,2005,107,ERR3474616,human,in vivo,extracellular,bulk
PA,320,1906,127,ERR3474616,human,in vivo,extracellular,bulk
PA,361,1860,5,ERR3474616,human,in vivo,extracellular,bulk
PA,361,2060,3,ERR3474616,human,in vivo,extracellular,bulk
PA,364,2063,164,ERR3474616,human,in vivo,extracellular,bulk
PA,365,1857,1,ERR3474616,human,in vivo,extracellular,bulk
PA,367,1850,8,ERR3474616,human,in vivo,extracellular,bulk
PA,367,1857,100,ERR3474616,human,in vivo,extracellular,bulk
PA,369,1861,163,ERR3474616,human,in vivo,extracellular,bulk
PA,370,1721,1,ERR3474616,human,in vivo,extracellular,bulk
PA,379,1822,7,ERR3474616,human,in vivo,extracellular,bulk
PA,37,73,16,ERR3474616,human,in vivo,extracellular,bulk
PA,380,2047,19,ERR3474616,human,in vivo,extracellular,bulk
PA,381,2048,2,ERR3474616,human,in vivo,extracellular,bulk
PA,397,1834,1,ERR3474616,human,in vivo,extracellular,bulk
PA,397,2134,47,ERR3474616,human,in vivo,extracellular,bulk
PA,399,1946,50,ERR3474616,human,in vivo,extracellular,bulk
PA,401,1828,20,ERR3474616,human,in vivo,extracellular,bulk
PA,413,1869,184,ERR3474616,human,in vivo,extracellular,bulk
PA,414,1854,1,ERR3474616,human,in vivo,extracellular,bulk
PA,416,1855,2,ERR3474616,human,in vivo,extracellular,bulk
PA,416,1856,6,ERR3474616,human,in vivo,extracellular,bulk
PA,416,1860,33,ERR3474616,human,in vivo,extracellular,bulk
PA,416,1904,16,ERR3474616,human,in vivo,extracellular,bulk
PA,418,1857,168,ERR3474616,human,in vivo,extracellular,bulk
PA,419,1858,1,ERR3474616,human,in vivo,extracellular,bulk
PA,421,1879,1,ERR3474616,human,in vivo,extracellular,bulk
PA,421,1897,11,ERR3474616,human,in vivo,extracellular,bulk
PA,421,2178,32,ERR3474616,human,in vivo,extracellular,bulk
PA,425,2245,10,ERR3474616,human,in vivo,extracellular,bulk
PA,42,72,1,ERR3474616,human,in vivo,extracellular,bulk
PA,431,1828,22,ERR3474616,human,in vivo,extracellular,bulk
PA,432,1837,5,ERR3474616,human,in vivo,extracellular,bulk
PA,433,1830,1,ERR3474616,human,in vivo,extracellular,bulk
PA,437,1832,12,ERR3474616,human,in vivo,extracellular,bulk
PA,451,1851,1,ERR3474616,human,in vivo,extracellular,bulk
PA,452,1852,105,ERR3474616,human,in vivo,extracellular,bulk
PA,455,1863,33,ERR3474616,human,in vivo,extracellular,bulk
PA,45,1857,11,ERR3474616,human,in vivo,extracellular,bulk
PA,463,1887,11,ERR3474616,human,in vivo,extracellular,bulk
PA,475,1838,11,ERR3474616,human,in vivo,extracellular,bulk
PA,477,1948,29,ERR3474616,human,in vivo,extracellular,bulk
PA,478,1857,22,ERR3474616,human,in vivo,extracellular,bulk
PA,481,1815,13,ERR3474616,human,in vivo,extracellular,bulk
PA,486,1837,18,ERR3474616,human,in vivo,extracellular,bulk
PA,487,1825,1,ERR3474616,human,in vivo,extracellular,bulk
PA,488,1824,3,ERR3474616,human,in vivo,extracellular,bulk
PA,490,1824,10,ERR3474616,human,in vivo,extracellular,bulk
PA,497,1828,28,ERR3474616,human,in vivo,extracellular,bulk
PA,501,1823,171,ERR3474616,human,in vivo,extracellular,bulk
PA,504,1742,1,ERR3474616,human,in vivo,extracellular,bulk
PA,506,1885,25,ERR3474616,human,in vivo,extracellular,bulk
PA,514,1811,71,ERR3474616,human,in vivo,extracellular,bulk
PA,514,1904,20,ERR3474616,human,in vivo,extracellular,bulk
PA,514,1928,45,ERR3474616,human,in vivo,extracellular,bulk
PA,514,2060,2,ERR3474616,human,in vivo,extracellular,bulk
PA,515,1731,11,ERR3474616,human,in vivo,extracellular,bulk
PA,515,1757,1,ERR3474616,human,in vivo,extracellular,bulk
PA,515,1811,2,ERR3474616,human,in vivo,extracellular,bulk
PA,516,1758,53,ERR3474616,human,in vivo,extracellular,bulk
PA,517,2063,444,ERR3474616,human,in vivo,extracellular,bulk
PA,519,1782,7,ERR3474616,human,in vivo,extracellular,bulk
PA,51,1537,6,ERR3474616,human,in vivo,extracellular,bulk
PA,526,1795,1,ERR3474616,human,in vivo,extracellular,bulk
PA,527,1738,11,ERR3474616,human,in vivo,extracellular,bulk
PA,530,1779,10,ERR3474616,human,in vivo,extracellular,bulk
PA,530,1780,2,ERR3474616,human,in vivo,extracellular,bulk
PA,531,1719,33,ERR3474616,human,in vivo,extracellular,bulk
PA,532,1860,5,ERR3474616,human,in vivo,extracellular,bulk
PA,534,1784,2,ERR3474616,human,in vivo,extracellular,bulk
PA,538,1860,2,ERR3474616,human,in vivo,extracellular,bulk
PA,562,1638,16,ERR3474616,human,in vivo,extracellular,bulk
PA,563,1639,1,ERR3474616,human,in vivo,extracellular,bulk
PA,579,1723,3,ERR3474616,human,in vivo,extracellular,bulk
PA,602,1857,7,ERR3474616,human,in vivo,extracellular,bulk
PA,602,1961,18,ERR3474616,human,in vivo,extracellular,bulk
PA,621,1635,6,ERR3474616,human,in vivo,extracellular,bulk
PA,621,1721,38,ERR3474616,human,in vivo,extracellular,bulk
PA,63,1204,8,ERR3474616,human,in vivo,extracellular,bulk
PA,63,90,2,ERR3474616,human,in vivo,extracellular,bulk
PA,648,1637,29,ERR3474616,human,in vivo,extracellular,bulk
PA,650,1639,9,ERR3474616,human,in vivo,extracellular,bulk
PA,651,1582,10,ERR3474616,human,in vivo,extracellular,bulk
PA,652,1643,16,ERR3474616,human,in vivo,extracellular,bulk
PA,652,1686,21,ERR3474616,human,in vivo,extracellular,bulk
PA,652,1837,22,ERR3474616,human,in vivo,extracellular,bulk
PA,654,1638,19,ERR3474616,human,in vivo,extracellular,bulk
PA,67,92,17,ERR3474616,human,in vivo,extracellular,bulk
PA,693,1621,6,ERR3474616,human,in vivo,extracellular,bulk
PA,69,1868,15,ERR3474616,human,in vivo,extracellular,bulk
PA,708,1732,16,ERR3474616,human,in vivo,extracellular,bulk
PA,711,1727,9,ERR3474616,human,in vivo,extracellular,bulk
PA,719,1570,2,ERR3474616,human,in vivo,extracellular,bulk
PA,71,1902,3,ERR3474616,human,in vivo,extracellular,bulk
PA,721,1572,15,ERR3474616,human,in vivo,extracellular,bulk
PA,764,1848,1,ERR3474616,human,in vivo,extracellular,bulk
PA,766,1856,29,ERR3474616,human,in vivo,extracellular,bulk
PA,775,1675,13,ERR3474616,human,in vivo,extracellular,bulk
PA,778,1491,2,ERR3474616,human,in vivo,extracellular,bulk
PA,778,1730,25,ERR3474616,human,in vivo,extracellular,bulk
PA,799,1472,9,ERR3474616,human,in vivo,extracellular,bulk
PA,799,1533,13,ERR3474616,human,in vivo,extracellular,bulk
PA,823,1491,2,ERR3474616,human,in vivo,extracellular,bulk
PA,824,1534,24,ERR3474616,human,in vivo,extracellular,bulk
PA,839,1371,10,ERR3474616,human,in vivo,extracellular,bulk
PA,850,1887,1,ERR3474616,human,in vivo,extracellular,bulk
PA,865,1902,11,ERR3474616,human,in vivo,extracellular,bulk
PA,91,2066,38,ERR3474616,human,in vivo,extracellular,bulk
M,141,1059,8,ERR3474616,human,in vivo,extracellular,bulk
M,306,866,1,ERR3474616,human,in vivo,extracellular,bulk
NS,179,855,1,ERR3474616,human,in vivo,extracellular,bulk
PB1,256,2162,1,ERR3474621,human,in vivo,extracellular,bulk
PB1,366,2075,3,ERR3474621,human,in vivo,extracellular,bulk
PB1,367,2004,21,ERR3474621,human,in vivo,extracellular,bulk
PB1,632,1934,4,ERR3474621,human,in vivo,extracellular,bulk
PB1,637,1748,56,ERR3474621,human,in vivo,extracellular,bulk
PB1,643,1738,2,ERR3474621,human,in vivo,extracellular,bulk
PB1,686,1571,8,ERR3474621,human,in vivo,extracellular,bulk
PB1,718,2120,29,ERR3474621,human,in vivo,extracellular,bulk
PB1,757,1933,8,ERR3474621,human,in vivo,extracellular,bulk
PB1,777,1496,1,ERR3474621,human,in vivo,extracellular,bulk
PB1,833,1418,20,ERR3474621,human,in vivo,extracellular,bulk
PB1,874,1600,33,ERR3474621,human,in vivo,extracellular,bulk
PB1,887,1583,6,ERR3474621,human,in vivo,extracellular,bulk
PB1,887,1585,9,ERR3474621,human,in vivo,extracellular,bulk
PB2,153,2211,9,ERR3474621,human,in vivo,extracellular,bulk
PB2,154,2212,1,ERR3474621,human,in vivo,extracellular,bulk
PB2,164,2086,73,ERR3474621,human,in vivo,extracellular,bulk
PB2,166,277,78,ERR3474621,human,in vivo,extracellular,bulk
PB2,231,2022,1,ERR3474621,human,in vivo,extracellular,bulk
PB2,242,2029,10,ERR3474621,human,in vivo,extracellular,bulk
PB2,243,2030,4296,ERR3474621,human,in vivo,extracellular,bulk
PB2,243,2032,26,ERR3474621,human,in vivo,extracellular,bulk
PB2,244,2031,7,ERR3474621,human,in vivo,extracellular,bulk
PB2,244,2032,1,ERR3474621,human,in vivo,extracellular,bulk
PB2,244,2055,9,ERR3474621,human,in vivo,extracellular,bulk
PB2,244,2144,72,ERR3474621,human,in vivo,extracellular,bulk
PB2,244,2206,31,ERR3474621,human,in vivo,extracellular,bulk
PB2,259,2070,1,ERR3474621,human,in vivo,extracellular,bulk
PB2,261,2072,170,ERR3474621,human,in vivo,extracellular,bulk
PB2,278,2070,212,ERR3474621,human,in vivo,extracellular,bulk
PB2,329,2190,79,ERR3474621,human,in vivo,extracellular,bulk
PB2,34,65,1,ERR3474621,human,in vivo,extracellular,bulk
PB2,358,1954,2,ERR3474621,human,in vivo,extracellular,bulk
PB2,35,66,50,ERR3474621,human,in vivo,extracellular,bulk
PB2,365,2145,77,ERR3474621,human,in vivo,extracellular,bulk
PB2,366,2146,1,ERR3474621,human,in vivo,extracellular,bulk
PB2,391,1953,17,ERR3474621,human,in vivo,extracellular,bulk
PB2,392,2034,1,ERR3474621,human,in vivo,extracellular,bulk
PB2,393,2035,407,ERR3474621,human,in vivo,extracellular,bulk
PB2,406,1873,12,ERR3474621,human,in vivo,extracellular,bulk
PB2,407,1948,5,ERR3474621,human,in vivo,extracellular,bulk
PB2,418,1938,8,ERR3474621,human,in vivo,extracellular,bulk
PB2,445,1912,10,ERR3474621,human,in vivo,extracellular,bulk
PB2,452,1916,17,ERR3474621,human,in vivo,extracellular,bulk
PB2,453,1833,22,ERR3474621,human,in vivo,extracellular,bulk
PB2,476,1879,1,ERR3474621,human,in vivo,extracellular,bulk
PB2,477,1880,4,ERR3474621,human,in vivo,extracellular,bulk
PB2,498,1949,21,ERR3474621,human,in vivo,extracellular,bulk
PB2,501,2036,9,ERR3474621,human,in vivo,extracellular,bulk
PB2,517,1888,18,ERR3474621,human,in vivo,extracellular,bulk
PB2,519,1909,27,ERR3474621,human,in vivo,extracellular,bulk
PB2,536,1860,110,ERR3474621,human,in vivo,extracellular,bulk
PB2,585,1769,17,ERR3474621,human,in vivo,extracellular,bulk
PB2,598,1758,3,ERR3474621,human,in vivo,extracellular,bulk
PB2,607,1979,2,ERR3474621,human,in vivo,extracellular,bulk
PB2,611,1829,62,ERR3474621,human,in vivo,extracellular,bulk
PB2,612,1830,1,ERR3474621,human,in vivo,extracellular,bulk
PB2,615,1829,32,ERR3474621,human,in vivo,extracellular,bulk
PB2,637,2087,4,ERR3474621,human,in vivo,extracellular,bulk
PB2,638,1950,1,ERR3474621,human,in vivo,extracellular,bulk
PB2,643,1622,1,ERR3474621,human,in vivo,extracellular,bulk
PB2,709,1760,24,ERR3474621,human,in vivo,extracellular,bulk
PB2,738,1750,4,ERR3474621,human,in vivo,extracellular,bulk
PB2,741,1753,62,ERR3474621,human,in vivo,extracellular,bulk
PB2,747,1618,1,ERR3474621,human,in vivo,extracellular,bulk
PB2,781,1960,7,ERR3474621,human,in vivo,extracellular,bulk
PB2,787,1619,12,ERR3474621,human,in vivo,extracellular,bulk
PB2,842,1515,64,ERR3474621,human,in vivo,extracellular,bulk
PB2,842,1524,52,ERR3474621,human,in vivo,extracellular,bulk
PB2,845,1503,37,ERR3474621,human,in vivo,extracellular,bulk
PB2,916,1495,1,ERR3474621,human,in vivo,extracellular,bulk
PB2,918,1497,22,ERR3474621,human,in vivo,extracellular,bulk
PA,1214,1267,1,ERR3474621,human,in vivo,extracellular,bulk
PA,1631,2063,1,ERR3474621,human,in vivo,extracellular,bulk
PA,1971,1993,1,ERR3474621,human,in vivo,extracellular,bulk
PA,2074,2120,16,ERR3474621,human,in vivo,extracellular,bulk
PA,2088,2114,1,ERR3474621,human,in vivo,extracellular,bulk
PA,231,1274,1,ERR3474621,human,in vivo,extracellular,bulk
PA,270,1792,1,ERR3474621,human,in vivo,extracellular,bulk
PA,329,1859,1,ERR3474621,human,in vivo,extracellular,bulk
PA,332,1857,2,ERR3474621,human,in vivo,extracellular,bulk
PA,367,1945,34,ERR3474621,human,in vivo,extracellular,bulk
PA,379,2042,13,ERR3474621,human,in vivo,extracellular,bulk
PA,398,1861,1,ERR3474621,human,in vivo,extracellular,bulk
PA,399,1922,20,ERR3474621,human,in vivo,extracellular,bulk
PA,400,1871,17,ERR3474621,human,in vivo,extracellular,bulk
PA,42,88,28,ERR3474621,human,in vivo,extracellular,bulk
PA,450,1735,75,ERR3474621,human,in vivo,extracellular,bulk
PA,461,1858,1,ERR3474621,human,in vivo,extracellular,bulk
PA,463,1860,40,ERR3474621,human,in vivo,extracellular,bulk
PA,478,1799,1,ERR3474621,human,in vivo,extracellular,bulk
PA,487,1784,12,ERR3474621,human,in vivo,extracellular,bulk
PA,501,1812,17,ERR3474621,human,in vivo,extracellular,bulk
PA,511,1808,1,ERR3474621,human,in vivo,extracellular,bulk
PA,514,1807,1,ERR3474621,human,in vivo,extracellular,bulk
PA,514,1811,4,ERR3474621,human,in vivo,extracellular,bulk
PA,514,1822,32,ERR3474621,human,in vivo,extracellular,bulk
PA,514,1906,16,ERR3474621,human,in vivo,extracellular,bulk
PA,517,1812,18,ERR3474621,human,in vivo,extracellular,bulk
PA,518,1811,48,ERR3474621,human,in vivo,extracellular,bulk
PA,530,1755,1,ERR3474621,human,in vivo,extracellular,bulk
PA,532,1696,1,ERR3474621,human,in vivo,extracellular,bulk
PA,532,1757,57,ERR3474621,human,in vivo,extracellular,bulk
PA,533,1758,1,ERR3474621,human,in vivo,extracellular,bulk
PA,567,1761,1,ERR3474621,human,in vivo,extracellular,bulk
PA,584,1754,1,ERR3474621,human,in vivo,extracellular,bulk
PA,603,1783,19,ERR3474621,human,in vivo,extracellular,bulk
PA,614,1801,1,ERR3474621,human,in vivo,extracellular,bulk
PA,61,89,141,ERR3474621,human,in vivo,extracellular,bulk
PA,620,1797,1,ERR3474621,human,in vivo,extracellular,bulk
PA,629,1857,44,ERR3474621,human,in vivo,extracellular,bulk
PA,636,1637,49,ERR3474621,human,in vivo,extracellular,bulk
PA,647,1621,13,ERR3474621,human,in vivo,extracellular,bulk
PA,652,1710,16,ERR3474621,human,in vivo,extracellular,bulk
PA,654,1521,18,ERR3474621,human,in vivo,extracellular,bulk
PA,670,1641,2,ERR3474621,human,in vivo,extracellular,bulk
PA,674,1719,15,ERR3474621,human,in vivo,extracellular,bulk
PA,706,1690,2,ERR3474621,human,in vivo,extracellular,bulk
PA,719,1723,17,ERR3474621,human,in vivo,extracellular,bulk
PA,75,1461,1,ERR3474621,human,in vivo,extracellular,bulk
PA,804,1463,23,ERR3474621,human,in vivo,extracellular,bulk
PA,826,1499,23,ERR3474621,human,in vivo,extracellular,bulk
PA,927,1406,13,ERR3474621,human,in vivo,extracellular,bulk
PA,930,1710,32,ERR3474621,human,in vivo,extracellular,bulk
PB1,386,1934,41,ERR3474642,human,in vivo,extracellular,bulk
PB2,1154,2245,1,ERR3474642,human,in vivo,extracellular,bulk
PB2,144,2143,39,ERR3474642,human,in vivo,extracellular,bulk
PB2,2264,2290,61,ERR3474642,human,in vivo,extracellular,bulk
PB2,2265,2291,1,ERR3474642,human,in vivo,extracellular,bulk
PB2,243,2035,13,ERR3474642,human,in vivo,extracellular,bulk
PB2,244,2142,3,ERR3474642,human,in vivo,extracellular,bulk
PB2,244,2206,22,ERR3474642,human,in vivo,extracellular,bulk
PB2,245,2212,29,ERR3474642,human,in vivo,extracellular,bulk
PB2,281,2211,66,ERR3474642,human,in vivo,extracellular,bulk
PB2,37,64,3,ERR3474642,human,in vivo,extracellular,bulk
PB2,428,2086,10,ERR3474642,human,in vivo,extracellular,bulk
PB2,608,1748,11,ERR3474642,human,in vivo,extracellular,bulk
PB2,634,1717,126,ERR3474642,human,in vivo,extracellular,bulk
PB2,635,1718,1,ERR3474642,human,in vivo,extracellular,bulk
PB2,80,116,17,ERR3474642,human,in vivo,extracellular,bulk
PA,1169,1714,1,ERR3474642,human,in vivo,extracellular,bulk
PA,458,1860,93,ERR3474642,human,in vivo,extracellular,bulk
PA,459,1861,1,ERR3474642,human,in vivo,extracellular,bulk
PA,530,1681,1,ERR3474642,human,in vivo,extracellular,bulk
PB1,287,2187,107,ERR3474643,human,in vivo,extracellular,bulk
PB1,311,2107,137,ERR3474643,human,in vivo,extracellular,bulk
PB1,361,2155,1,ERR3474643,human,in vivo,extracellular,bulk
PB1,580,1746,1,ERR3474643,human,in vivo,extracellular,bulk
PB1,583,1749,198,ERR3474643,human,in vivo,extracellular,bulk
PB1,733,1901,1,ERR3474643,human,in vivo,extracellular,bulk
PB1,736,1904,292,ERR3474643,human,in vivo,extracellular,bulk
PB1,756,2018,2,ERR3474643,human,in vivo,extracellular,bulk
PB1,759,2076,2,ERR3474643,human,in vivo,extracellular,bulk
PB2,1007,1912,1,ERR3474643,human,in vivo,extracellular,bulk
PB2,134,206,413,ERR3474643,human,in vivo,extracellular,bulk
PB2,135,207,2,ERR3474643,human,in vivo,extracellular,bulk
PB2,135,2144,47,ERR3474643,human,in vivo,extracellular,bulk
PB2,150,2214,50,ERR3474643,human,in vivo,extracellular,bulk
PB2,151,2368,5,ERR3474643,human,in vivo,extracellular,bulk
PB2,155,2212,1,ERR3474643,human,in vivo,extracellular,bulk
PB2,159,2214,2,ERR3474643,human,in vivo,extracellular,bulk
PB2,161,2207,1,ERR3474643,human,in vivo,extracellular,bulk
PB2,161,2211,7390,ERR3474643,human,in vivo,extracellular,bulk
PB2,162,2204,14,ERR3474643,human,in vivo,extracellular,bulk
PB2,162,2211,2,ERR3474643,human,in vivo,extracellular,bulk
PB2,162,2217,226,ERR3474643,human,in vivo,extracellular,bulk
PB2,163,2148,875,ERR3474643,human,in vivo,extracellular,bulk
PB2,163,2213,3,ERR3474643,human,in vivo,extracellular,bulk
PB2,164,2125,161,ERR3474643,human,in vivo,extracellular,bulk
PB2,164,2149,1,ERR3474643,human,in vivo,extracellular,bulk
PB2,164,2206,3219,ERR3474643,human,in vivo,extracellular,bulk
PB2,164,2211,314,ERR3474643,human,in vivo,extracellular,bulk
PB2,165,2185,7,ERR3474643,human,in vivo,extracellular,bulk
PB2,165,2207,4,ERR3474643,human,in vivo,extracellular,bulk
PB2,165,2212,1,ERR3474643,human,in vivo,extracellular,bulk
PB2,165,2231,1,ERR3474643,human,in vivo,extracellular,bulk
PB2,166,2123,3,ERR3474643,human,in vivo,extracellular,bulk
PB2,166,2232,358,ERR3474643,human,in vivo,extracellular,bulk
PB2,168,2125,305,ERR3474643,human,in vivo,extracellular,bulk
PB2,168,2234,2,ERR3474643,human,in vivo,extracellular,bulk
PB2,169,2126,6,ERR3474643,human,in vivo,extracellular,bulk
PB2,170,2123,201,ERR3474643,human,in vivo,extracellular,bulk
PB2,176,2129,2,ERR3474643,human,in vivo,extracellular,bulk
PB2,177,2069,12,ERR3474643,human,in vivo,extracellular,bulk
PB2,177,2194,7,ERR3474643,human,in vivo,extracellular,bulk
PB2,178,2070,926,ERR3474643,human,in vivo,extracellular,bulk
PB2,178,2195,545,ERR3474643,human,in vivo,extracellular,bulk
PB2,180,2197,1,ERR3474643,human,in vivo,extracellular,bulk
PB2,182,2074,1,ERR3474643,human,in vivo,extracellular,bulk
PB2,190,2198,164,ERR3474643,human,in vivo,extracellular,bulk
PB2,194,2215,1,ERR3474643,human,in vivo,extracellular,bulk
PB2,195,2212,1,ERR3474643,human,in vivo,extracellular,bulk
PB2,196,2212,8,ERR3474643,human,in vivo,extracellular,bulk
PB2,197,2229,1,ERR3474643,human,in vivo,extracellular,bulk
PB2,199,2210,4,ERR3474643,human,in vivo,extracellular,bulk
PB2,199,2214,3,ERR3474643,human,in vivo,extracellular,bulk
PB2,202,2207,46,ERR3474643,human,in vivo,extracellular,bulk
PB2,202,423,1,ERR3474643,human,in vivo,extracellular,bulk
PB2,203,2146,140,ERR3474643,human,in vivo,extracellular,bulk
PB2,203,2208,5152,ERR3474643,human,in vivo,extracellular,bulk
PB2,203,2213,2,ERR3474643,human,in vivo,extracellular,bulk
PB2,205,2143,1,ERR3474643,human,in vivo,extracellular,bulk
PB2,205,2210,19,ERR3474643,human,in vivo,extracellular,bulk
PB2,206,2149,1,ERR3474643,human,in vivo,extracellular,bulk
PB2,214,251,2,ERR3474643,human,in vivo,extracellular,bulk
PB2,215,2183,1,ERR3474643,human,in vivo,extracellular,bulk
PB2,2174,2210,568,ERR3474643,human,in vivo,extracellular,bulk
PB2,233,2212,1,ERR3474643,human,in vivo,extracellular,bulk
PB2,234,2212,4,ERR3474643,human,in vivo,extracellular,bulk
PB2,237,2079,1,ERR3474643,human,in vivo,extracellular,bulk
PB2,238,2210,301,ERR3474643,human,in vivo,extracellular,bulk
PB2,239,2143,265,ERR3474643,human,in vivo,extracellular,bulk
PB2,239,281,5,ERR3474643,human,in vivo,extracellular,bulk
PB2,240,2144,4,ERR3474643,human,in vivo,extracellular,bulk
PB2,241,2025,3,ERR3474643,human,in vivo,extracellular,bulk
PB2,241,2052,5,ERR3474643,human,in vivo,extracellular,bulk
PB2,241,2122,1,ERR3474643,human,in vivo,extracellular,bulk
PB2,241,2144,1,ERR3474643,human,in vivo,extracellular,bulk
PB2,241,2146,2,ERR3474643,human,in vivo,extracellular,bulk
PB2,242,2142,5,ERR3474643,human,in vivo,extracellular,bulk
PB2,242,2233,2,ERR3474643,human,in vivo,extracellular,bulk
PB2,243,2073,230,ERR3474643,human,in vivo,extracellular,bulk
PB2,243,2121,269,ERR3474643,human,in vivo,extracellular,bulk
PB2,243,2148,631,ERR3474643,human,in vivo,extracellular,bulk
PB2,243,2221,3,ERR3474643,human,in vivo,extracellular,bulk
PB2,244,2028,4173,ERR3474643,human,in vivo,extracellular,bulk
PB2,244,2052,137,ERR3474643,human,in vivo,extracellular,bulk
PB2,244,2055,785,ERR3474643,human,in vivo,extracellular,bulk
PB2,244,2086,534,ERR3474643,human,in vivo,extracellular,bulk
PB2,244,2125,524,ERR3474643,human,in vivo,extracellular,bulk
PB2,244,2135,1,ERR3474643,human,in vivo,extracellular,bulk
PB2,244,2144,6439,ERR3474643,human,in vivo,extracellular,bulk
PB2,244,2149,2,ERR3474643,human,in vivo,extracellular,bulk
PB2,244,2179,5,ERR3474643,human,in vivo,extracellular,bulk
PB2,244,2184,1,ERR3474643,human,in vivo,extracellular,bulk
PB2,244,2185,1,ERR3474643,human,in vivo,extracellular,bulk
PB2,244,2206,89,ERR3474643,human,in vivo,extracellular,bulk
PB2,244,2216,134,ERR3474643,human,in vivo,extracellular,bulk
PB2,244,2235,1751,ERR3474643,human,in vivo,extracellular,bulk
PB2,245,2029,42,ERR3474643,human,in vivo,extracellular,bulk
PB2,245,2030,1,ERR3474643,human,in vivo,extracellular,bulk
PB2,245,2123,193,ERR3474643,human,in vivo,extracellular,bulk
PB2,245,2126,2,ERR3474643,human,in vivo,extracellular,bulk
PB2,245,2145,25,ERR3474643,human,in vivo,extracellular,bulk
PB2,245,2236,4,ERR3474643,human,in vivo,extracellular,bulk
PB2,246,2030,1,ERR3474643,human,in vivo,extracellular,bulk
PB2,252,2063,9,ERR3474643,human,in vivo,extracellular,bulk
PB2,253,2207,491,ERR3474643,human,in vivo,extracellular,bulk
PB2,254,2065,1,ERR3474643,human,in vivo,extracellular,bulk
PB2,254,2125,17,ERR3474643,human,in vivo,extracellular,bulk
PB2,254,2208,4,ERR3474643,human,in vivo,extracellular,bulk
PB2,260,2038,38,ERR3474643,human,in vivo,extracellular,bulk
PB2,260,2148,1,ERR3474643,human,in vivo,extracellular,bulk
PB2,261,2166,2,ERR3474643,human,in vivo,extracellular,bulk
PB2,262,2127,5,ERR3474643,human,in vivo,extracellular,bulk
PB2,263,2128,675,ERR3474643,human,in vivo,extracellular,bulk
PB2,266,2123,108,ERR3474643,human,in vivo,extracellular,bulk
PB2,277,2232,168,ERR3474643,human,in vivo,extracellular,bulk
PB2,277,2253,1,ERR3474643,human,in vivo,extracellular,bulk
PB2,293,2060,40,ERR3474643,human,in vivo,extracellular,bulk
PB2,29,63,32,ERR3474643,human,in vivo,extracellular,bulk
PB2,300,2107,3,ERR3474643,human,in vivo,extracellular,bulk
PB2,315,2191,1,ERR3474643,human,in vivo,extracellular,bulk
PB2,324,2196,1,ERR3474643,human,in vivo,extracellular,bulk
PB2,326,2235,1,ERR3474643,human,in vivo,extracellular,bulk
PB2,327,2236,112,ERR3474643,human,in vivo,extracellular,bulk
PB2,343,2128,16,ERR3474643,human,in vivo,extracellular,bulk
PB2,351,2086,38,ERR3474643,human,in vivo,extracellular,bulk
PB2,352,2007,298,ERR3474643,human,in vivo,extracellular,bulk
PB2,353,2008,1,ERR3474643,human,in vivo,extracellular,bulk
PB2,390,1948,2,ERR3474643,human,in vivo,extracellular,bulk
PB2,391,1949,196,ERR3474643,human,in vivo,extracellular,bulk
PB2,397,2054,485,ERR3474643,human,in vivo,extracellular,bulk
PB2,397,2055,2,ERR3474643,human,in vivo,extracellular,bulk
PB2,398,2049,1,ERR3474643,human,in vivo,extracellular,bulk
PB2,399,2056,2,ERR3474643,human,in vivo,extracellular,bulk
PB2,416,2027,1,ERR3474643,human,in vivo,extracellular,bulk
PB2,417,2028,425,ERR3474643,human,in vivo,extracellular,bulk
PB2,427,2123,10,ERR3474643,human,in vivo,extracellular,bulk
PB2,450,1963,127,ERR3474643,human,in vivo,extracellular,bulk
PB2,451,1937,3,ERR3474643,human,in vivo,extracellular,bulk
PB2,452,1929,116,ERR3474643,human,in vivo,extracellular,bulk
PB2,516,2062,1,ERR3474643,human,in vivo,extracellular,bulk
PB2,525,2064,1,ERR3474643,human,in vivo,extracellular,bulk
PB2,538,1803,1,ERR3474643,human,in vivo,extracellular,bulk
PB2,551,2009,3,ERR3474643,human,in vivo,extracellular,bulk
PB2,582,2073,1,ERR3474643,human,in vivo,extracellular,bulk
PB2,583,2074,421,ERR3474643,human,in vivo,extracellular,bulk
PB2,591,2246,1,ERR3474643,human,in vivo,extracellular,bulk
PB2,603,2283,37,ERR3474643,human,in vivo,extracellular,bulk
PB2,62,2255,13,ERR3474643,human,in vivo,extracellular,bulk
PB2,652,1622,20,ERR3474643,human,in vivo,extracellular,bulk
PB2,84,2020,1,ERR3474643,human,in vivo,extracellular,bulk
PB2,84,2200,3,ERR3474643,human,in vivo,extracellular,bulk
PB2,86,1498,1,ERR3474643,human,in vivo,extracellular,bulk
PA,1237,2057,1,ERR3474643,human,in vivo,extracellular,bulk
PA,167,2120,211,ERR3474643,human,in vivo,extracellular,bulk
PA,168,2121,1,ERR3474643,human,in vivo,extracellular,bulk
PA,1927,2080,143,ERR3474643,human,in vivo,extracellular,bulk
PA,1928,2081,1,ERR3474643,human,in vivo,extracellular,bulk
PA,194,2086,2,ERR3474643,human,in vivo,extracellular,bulk
PA,196,2088,251,ERR3474643,human,in vivo,extracellular,bulk
PA,2016,2045,2,ERR3474643,human,in vivo,extracellular,bulk
PA,210,295,1,ERR3474643,human,in vivo,extracellular,bulk
PA,211,2045,2,ERR3474643,human,in vivo,extracellular,bulk
PA,212,2046,2484,ERR3474643,human,in vivo,extracellular,bulk
PA,213,2047,3,ERR3474643,human,in vivo,extracellular,bulk
PA,229,2041,2,ERR3474643,human,in vivo,extracellular,bulk
PA,259,1857,74,ERR3474643,human,in vivo,extracellular,bulk
PA,269,1683,14,ERR3474643,human,in vivo,extracellular,bulk
PA,278,1086,1,ERR3474643,human,in vivo,extracellular,bulk
PA,278,2076,1,ERR3474643,human,in vivo,extracellular,bulk
PA,311,1993,2,ERR3474643,human,in vivo,extracellular,bulk
PA,313,1995,588,ERR3474643,human,in vivo,extracellular,bulk
PA,329,1933,2,ERR3474643,human,in vivo,extracellular,bulk
PA,332,1945,1,ERR3474643,human,in vivo,extracellular,bulk
PA,420,2025,1,ERR3474643,human,in vivo,extracellular,bulk
PA,427,2022,1,ERR3474643,human,in vivo,extracellular,bulk
PA,42,88,78,ERR3474643,human,in vivo,extracellular,bulk
PA,45,1961,44,ERR3474643,human,in vivo,extracellular,bulk
PA,473,1238,1,ERR3474643,human,in vivo,extracellular,bulk
PA,485,1771,2,ERR3474643,human,in vivo,extracellular,bulk
PA,488,1735,2,ERR3474643,human,in vivo,extracellular,bulk
PA,489,1736,757,ERR3474643,human,in vivo,extracellular,bulk
PA,489,2069,1,ERR3474643,human,in vivo,extracellular,bulk
PA,490,1737,1,ERR3474643,human,in vivo,extracellular,bulk
PA,501,1823,236,ERR3474643,human,in vivo,extracellular,bulk
PA,89,2041,82,ERR3474643,human,in vivo,extracellular,bulk
NS,167,862,11,ERR3474643,human,in vivo,extracellular,bulk
PB2,100,2123,9,ERR3474658,human,in vivo,extracellular,bulk
PB2,325,2036,63,ERR3474658,human,in vivo,extracellular,bulk
PB2,395,2142,45,ERR3474658,human,in vivo,extracellular,bulk
PB2,445,1956,17,ERR3474658,human,in vivo,extracellular,bulk
PB2,481,1859,39,ERR3474658,human,in vivo,extracellular,bulk
PB2,708,1748,50,ERR3474658,human,in vivo,extracellular,bulk
PB2,739,1749,1,ERR3474658,human,in vivo,extracellular,bulk
PA,145,1687,1,ERR3474658,human,in vivo,extracellular,bulk
PA,366,2006,12,ERR3474658,human,in vivo,extracellular,bulk
PA,426,1898,43,ERR3474658,human,in vivo,extracellular,bulk
PA,426,1904,14,ERR3474658,human,in vivo,extracellular,bulk
PA,485,1709,103,ERR3474658,human,in vivo,extracellular,bulk
PB1,276,2120,25,ERR3474661,human,in vivo,extracellular,bulk
PB1,277,2157,12,ERR3474661,human,in vivo,extracellular,bulk
PB1,287,1927,26,ERR3474661,human,in vivo,extracellular,bulk
PB1,295,1903,1,ERR3474661,human,in vivo,extracellular,bulk
PB1,296,1903,153,ERR3474661,human,in vivo,extracellular,bulk
PB1,303,2104,69,ERR3474661,human,in vivo,extracellular,bulk
PB1,304,1945,46,ERR3474661,human,in vivo,extracellular,bulk
PB1,311,2002,1,ERR3474661,human,in vivo,extracellular,bulk
PB1,311,2003,1,ERR3474661,human,in vivo,extracellular,bulk
PB1,338,2014,1,ERR3474661,human,in vivo,extracellular,bulk
PB1,342,1940,81,ERR3474661,human,in vivo,extracellular,bulk
PB1,357,1834,38,ERR3474661,human,in vivo,extracellular,bulk
PB1,363,1950,1,ERR3474661,human,in vivo,extracellular,bulk
PB1,366,1994,31,ERR3474661,human,in vivo,extracellular,bulk
PB1,374,1900,1,ERR3474661,human,in vivo,extracellular,bulk
PB1,375,1901,84,ERR3474661,human,in vivo,extracellular,bulk
PB1,375,1943,67,ERR3474661,human,in vivo,extracellular,bulk
PB1,376,1935,89,ERR3474661,human,in vivo,extracellular,bulk
PB1,377,1932,1,ERR3474661,human,in vivo,extracellular,bulk
PB1,379,1934,46,ERR3474661,human,in vivo,extracellular,bulk
PB1,379,1946,56,ERR3474661,human,in vivo,extracellular,bulk
PB1,382,2123,41,ERR3474661,human,in vivo,extracellular,bulk
PB1,386,1934,32,ERR3474661,human,in vivo,extracellular,bulk
PB1,403,1846,47,ERR3474661,human,in vivo,extracellular,bulk
PB1,404,1870,16,ERR3474661,human,in vivo,extracellular,bulk
PB1,407,1925,22,ERR3474661,human,in vivo,extracellular,bulk
PB1,421,1863,160,ERR3474661,human,in vivo,extracellular,bulk
PB1,439,1833,1,ERR3474661,human,in vivo,extracellular,bulk
PB1,441,1835,48,ERR3474661,human,in vivo,extracellular,bulk
PB1,449,1785,37,ERR3474661,human,in vivo,extracellular,bulk
PB1,461,1757,26,ERR3474661,human,in vivo,extracellular,bulk
PB1,462,1779,42,ERR3474661,human,in vivo,extracellular,bulk
PB1,462,1846,29,ERR3474661,human,in vivo,extracellular,bulk
PB1,462,2066,50,ERR3474661,human,in vivo,extracellular,bulk
PB1,495,1904,1,ERR3474661,human,in vivo,extracellular,bulk
PB1,500,1905,15,ERR3474661,human,in vivo,extracellular,bulk
PB1,521,1782,20,ERR3474661,human,in vivo,extracellular,bulk
PB1,529,1708,5,ERR3474661,human,in vivo,extracellular,bulk
PB1,531,1837,19,ERR3474661,human,in vivo,extracellular,bulk
PB1,590,1733,33,ERR3474661,human,in vivo,extracellular,bulk
PB1,594,1799,11,ERR3474661,human,in vivo,extracellular,bulk
PB1,624,1745,35,ERR3474661,human,in vivo,extracellular,bulk
PB1,625,1629,7,ERR3474661,human,in vivo,extracellular,bulk
PB1,626,1751,34,ERR3474661,human,in vivo,extracellular,bulk
PB1,627,1772,7,ERR3474661,human,in vivo,extracellular,bulk
PB1,632,1750,97,ERR3474661,human,in vivo,extracellular,bulk
PB1,633,1735,30,ERR3474661,human,in vivo,extracellular,bulk
PB1,642,1741,41,ERR3474661,human,in vivo,extracellular,bulk
PB1,686,1694,15,ERR3474661,human,in vivo,extracellular,bulk
PB1,693,1675,22,ERR3474661,human,in vivo,extracellular,bulk
PB1,712,1574,38,ERR3474661,human,in vivo,extracellular,bulk
PB1,712,1674,25,ERR3474661,human,in vivo,extracellular,bulk
PB1,717,2006,30,ERR3474661,human,in vivo,extracellular,bulk
PB1,719,1566,31,ERR3474661,human,in vivo,extracellular,bulk
PB1,725,1564,38,ERR3474661,human,in vivo,extracellular,bulk
PB1,729,1920,41,ERR3474661,human,in vivo,extracellular,bulk
PB1,737,1594,35,ERR3474661,human,in vivo,extracellular,bulk
PB1,753,1624,25,ERR3474661,human,in vivo,extracellular,bulk
PB1,758,1516,28,ERR3474661,human,in vivo,extracellular,bulk
PB1,771,1535,13,ERR3474661,human,in vivo,extracellular,bulk
PB1,799,1576,233,ERR3474661,human,in vivo,extracellular,bulk
PB1,85,1593,32,ERR3474661,human,in vivo,extracellular,bulk
PB1,872,1610,7,ERR3474661,human,in vivo,extracellular,bulk
PB1,873,1608,4,ERR3474661,human,in vivo,extracellular,bulk
PB1,894,1561,22,ERR3474661,human,in vivo,extracellular,bulk
PB1,895,1496,20,ERR3474661,human,in vivo,extracellular,bulk
PB1,895,1509,25,ERR3474661,human,in vivo,extracellular,bulk
PB2,150,612,1,ERR3474661,human,in vivo,extracellular,bulk
PB2,155,1469,16,ERR3474661,human,in vivo,extracellular,bulk
PB2,164,2211,28,ERR3474661,human,in vivo,extracellular,bulk
PB2,230,2153,10,ERR3474661,human,in vivo,extracellular,bulk
PB2,244,1951,19,ERR3474661,human,in vivo,extracellular,bulk
PB2,244,2032,76,ERR3474661,human,in vivo,extracellular,bulk
PB2,244,2197,16,ERR3474661,human,in vivo,extracellular,bulk
PB2,244,2238,16,ERR3474661,human,in vivo,extracellular,bulk
PB2,250,1386,66,ERR3474661,human,in vivo,extracellular,bulk
PB2,252,1388,2,ERR3474661,human,in vivo,extracellular,bulk
PB2,254,2144,29,ERR3474661,human,in vivo,extracellular,bulk
PB2,273,2050,24,ERR3474661,human,in vivo,extracellular,bulk
PB2,333,2002,11,ERR3474661,human,in vivo,extracellular,bulk
PB2,341,1764,54,ERR3474661,human,in vivo,extracellular,bulk
PB2,397,2054,8,ERR3474661,human,in vivo,extracellular,bulk
PB2,417,1908,26,ERR3474661,human,in vivo,extracellular,bulk
PB2,417,2033,48,ERR3474661,human,in vivo,extracellular,bulk
PB2,423,1785,23,ERR3474661,human,in vivo,extracellular,bulk
PB2,425,1787,2,ERR3474661,human,in vivo,extracellular,bulk
PB2,426,1957,1,ERR3474661,human,in vivo,extracellular,bulk
PB2,428,1959,30,ERR3474661,human,in vivo,extracellular,bulk
PB2,429,1981,23,ERR3474661,human,in vivo,extracellular,bulk
PB2,455,1998,16,ERR3474661,human,in vivo,extracellular,bulk
PB2,491,1854,2,ERR3474661,human,in vivo,extracellular,bulk
PB2,499,1776,15,ERR3474661,human,in vivo,extracellular,bulk
PB2,500,1930,32,ERR3474661,human,in vivo,extracellular,bulk
PB2,501,2036,15,ERR3474661,human,in vivo,extracellular,bulk
PB2,512,1775,1,ERR3474661,human,in vivo,extracellular,bulk
PB2,517,1888,86,ERR3474661,human,in vivo,extracellular,bulk
PB2,588,1609,36,ERR3474661,human,in vivo,extracellular,bulk
PB2,591,1758,21,ERR3474661,human,in vivo,extracellular,bulk
PB2,595,1957,115,ERR3474661,human,in vivo,extracellular,bulk
PB2,603,1764,55,ERR3474661,human,in vivo,extracellular,bulk
PB2,612,1838,30,ERR3474661,human,in vivo,extracellular,bulk
PB2,618,1736,31,ERR3474661,human,in vivo,extracellular,bulk
PB2,620,1682,1,ERR3474661,human,in vivo,extracellular,bulk
PB2,622,1688,20,ERR3474661,human,in vivo,extracellular,bulk
PB2,624,1691,16,ERR3474661,human,in vivo,extracellular,bulk
PB2,634,1717,21,ERR3474661,human,in vivo,extracellular,bulk
PB2,640,1575,33,ERR3474661,human,in vivo,extracellular,bulk
PB2,642,1790,40,ERR3474661,human,in vivo,extracellular,bulk
PB2,642,1877,31,ERR3474661,human,in vivo,extracellular,bulk
PB2,716,1855,5,ERR3474661,human,in vivo,extracellular,bulk
PB2,725,1828,35,ERR3474661,human,in vivo,extracellular,bulk
PB2,767,1679,22,ERR3474661,human,in vivo,extracellular,bulk
PB2,791,1656,7,ERR3474661,human,in vivo,extracellular,bulk
PB2,791,1752,98,ERR3474661,human,in vivo,extracellular,bulk
PB2,841,1478,26,ERR3474661,human,in vivo,extracellular,bulk
PB2,850,1752,16,ERR3474661,human,in vivo,extracellular,bulk
PB2,851,1752,34,ERR3474661,human,in vivo,extracellular,bulk
PB2,924,1573,30,ERR3474661,human,in vivo,extracellular,bulk
PB2,995,2301,1,ERR3474661,human,in vivo,extracellular,bulk
PA,1893,1934,5,ERR3474661,human,in vivo,extracellular,bulk
PA,199,2078,164,ERR3474661,human,in vivo,extracellular,bulk
PA,2092,2125,1,ERR3474661,human,in vivo,extracellular,bulk
PA,2095,2128,77,ERR3474661,human,in vivo,extracellular,bulk
PA,269,1950,17,ERR3474661,human,in vivo,extracellular,bulk
PA,295,1922,21,ERR3474661,human,in vivo,extracellular,bulk
PA,308,2034,121,ERR3474661,human,in vivo,extracellular,bulk
PA,314,2034,20,ERR3474661,human,in vivo,extracellular,bulk
PA,315,1909,23,ERR3474661,human,in vivo,extracellular,bulk
PA,330,1885,48,ERR3474661,human,in vivo,extracellular,bulk
PA,364,1870,2,ERR3474661,human,in vivo,extracellular,bulk
PA,367,1534,8,ERR3474661,human,in vivo,extracellular,bulk
PA,399,1906,5,ERR3474661,human,in vivo,extracellular,bulk
PA,41,1780,3,ERR3474661,human,in vivo,extracellular,bulk
PA,42,107,14,ERR3474661,human,in vivo,extracellular,bulk
PA,42,83,2,ERR3474661,human,in vivo,extracellular,bulk
PA,434,1742,35,ERR3474661,human,in vivo,extracellular,bulk
PA,451,1861,31,ERR3474661,human,in vivo,extracellular,bulk
PA,459,1747,21,ERR3474661,human,in vivo,extracellular,bulk
PA,463,1811,5,ERR3474661,human,in vivo,extracellular,bulk
PA,486,1431,16,ERR3474661,human,in vivo,extracellular,bulk
PA,487,1858,9,ERR3474661,human,in vivo,extracellular,bulk
PA,488,1851,6,ERR3474661,human,in vivo,extracellular,bulk
PA,49,1963,51,ERR3474661,human,in vivo,extracellular,bulk
PA,512,1796,2,ERR3474661,human,in vivo,extracellular,bulk
PA,514,1811,49,ERR3474661,human,in vivo,extracellular,bulk
PA,530,1720,23,ERR3474661,human,in vivo,extracellular,bulk
PA,583,1720,6,ERR3474661,human,in vivo,extracellular,bulk
PA,583,1745,14,ERR3474661,human,in vivo,extracellular,bulk
PA,651,1702,1,ERR3474661,human,in vivo,extracellular,bulk
PA,653,1704,50,ERR3474661,human,in vivo,extracellular,bulk
PA,653,2010,19,ERR3474661,human,in vivo,extracellular,bulk
PA,654,2011,1,ERR3474661,human,in vivo,extracellular,bulk
PA,715,1679,30,ERR3474661,human,in vivo,extracellular,bulk
PA,75,1691,50,ERR3474661,human,in vivo,extracellular,bulk
PA,85,2043,8,ERR3474661,human,in vivo,extracellular,bulk
M,109,991,7,ERR3474661,human,in vivo,extracellular,bulk
M,83,696,1,ERR3474661,human,in vivo,extracellular,bulk
PB1,1614,1677,1,ERR3474662,human,in vivo,extracellular,bulk
PB1,869,1048,1,ERR3474662,human,in vivo,extracellular,bulk
PB2,1172,2074,2,ERR3474662,human,in vivo,extracellular,bulk
PB2,237,273,1,ERR3474662,human,in vivo,extracellular,bulk
PB2,632,1678,683,ERR3474662,human,in vivo,extracellular,bulk
PB1,216,2108,2,ERR3474663,human,in vivo,extracellular,bulk
PB1,829,1504,1,ERR3474663,human,in vivo,extracellular,bulk
PB1,156,2171,38,ERR3474666,human,in vivo,extracellular,bulk
PB1,311,2057,1,ERR3474666,human,in vivo,extracellular,bulk
PB1,386,1930,1,ERR3474666,human,in vivo,extracellular,bulk
PB1,421,1807,221,ERR3474666,human,in vivo,extracellular,bulk
PB1,421,1808,1,ERR3474666,human,in vivo,extracellular,bulk
PB1,421,1850,1,ERR3474666,human,in vivo,extracellular,bulk
PB1,439,1874,1,ERR3474666,human,in vivo,extracellular,bulk
PB1,485,2040,1,ERR3474666,human,in vivo,extracellular,bulk
PB1,542,1863,657,ERR3474666,human,in vivo,extracellular,bulk
PB2,1001,2301,1,ERR3474666,human,in vivo,extracellular,bulk
PB2,165,2185,4,ERR3474666,human,in vivo,extracellular,bulk
PB2,176,2087,104,ERR3474666,human,in vivo,extracellular,bulk
PB2,177,2088,1,ERR3474666,human,in vivo,extracellular,bulk
PB2,244,2233,55,ERR3474666,human,in vivo,extracellular,bulk
PB2,254,2184,1,ERR3474666,human,in vivo,extracellular,bulk
PB2,345,2087,126,ERR3474666,human,in vivo,extracellular,bulk
PB2,346,2088,1,ERR3474666,human,in vivo,extracellular,bulk
PB2,443,1868,2,ERR3474666,human,in vivo,extracellular,bulk
PB2,504,2077,2,ERR3474666,human,in vivo,extracellular,bulk
PB2,589,2245,1,ERR3474666,human,in vivo,extracellular,bulk
PB2,651,2127,2,ERR3474666,human,in vivo,extracellular,bulk
PB2,748,2068,1,ERR3474666,human,in vivo,extracellular,bulk
PB2,995,2301,1,ERR3474666,human,in vivo,extracellular,bulk
PA,366,1826,170,ERR3474666,human,in vivo,extracellular,bulk
PA,389,1869,1,ERR3474666,human,in vivo,extracellular,bulk
PA,396,1760,1,ERR3474666,human,in vivo,extracellular,bulk
PA,397,1761,144,ERR3474666,human,in vivo,extracellular,bulk
PA,398,1762,1,ERR3474666,human,in vivo,extracellular,bulk
PA,415,1929,433,ERR3474666,human,in vivo,extracellular,bulk
PA,418,1932,1,ERR3474666,human,in vivo,extracellular,bulk
PA,457,1819,1,ERR3474666,human,in vivo,extracellular,bulk
PA,479,772,1,ERR3474666,human,in vivo,extracellular,bulk
PA,626,668,1,ERR3474666,human,in vivo,extracellular,bulk
NA,392,1207,1,ERR3474666,human,in vivo,extracellular,bulk
M,665,1019,1,ERR3474666,human,in vivo,extracellular,bulk
PB1,1025,1609,27,ERR3474674,human,in vivo,extracellular,bulk
PB1,1031,1781,40,ERR3474674,human,in vivo,extracellular,bulk
PB1,117,141,4,ERR3474674,human,in vivo,extracellular,bulk
PB1,118,2063,1,ERR3474674,human,in vivo,extracellular,bulk
PB1,119,2064,254,ERR3474674,human,in vivo,extracellular,bulk
PB1,120,144,1,ERR3474674,human,in vivo,extracellular,bulk
PB1,2145,2183,2,ERR3474674,human,in vivo,extracellular,bulk
PB1,2146,2184,388,ERR3474674,human,in vivo,extracellular,bulk
PB1,328,2000,72,ERR3474674,human,in vivo,extracellular,bulk
PB1,396,1923,21,ERR3474674,human,in vivo,extracellular,bulk
PB1,439,1450,20,ERR3474674,human,in vivo,extracellular,bulk
PB1,439,2108,29,ERR3474674,human,in vivo,extracellular,bulk
PB1,451,2186,65,ERR3474674,human,in vivo,extracellular,bulk
PB1,499,1828,1,ERR3474674,human,in vivo,extracellular,bulk
PB1,509,1814,40,ERR3474674,human,in vivo,extracellular,bulk
PB1,527,1789,37,ERR3474674,human,in vivo,extracellular,bulk
PB1,577,1815,36,ERR3474674,human,in vivo,extracellular,bulk
PB1,580,1594,61,ERR3474674,human,in vivo,extracellular,bulk
PB1,596,1816,1,ERR3474674,human,in vivo,extracellular,bulk
PB1,608,1555,24,ERR3474674,human,in vivo,extracellular,bulk
PB1,613,1541,1,ERR3474674,human,in vivo,extracellular,bulk
PB1,623,1780,96,ERR3474674,human,in vivo,extracellular,bulk
PB1,624,1756,23,ERR3474674,human,in vivo,extracellular,bulk
PB1,624,1781,2,ERR3474674,human,in vivo,extracellular,bulk
PB1,627,1772,28,ERR3474674,human,in vivo,extracellular,bulk
PB1,633,1904,24,ERR3474674,human,in vivo,extracellular,bulk
PB1,639,1758,33,ERR3474674,human,in vivo,extracellular,bulk
PB1,644,1737,38,ERR3474674,human,in vivo,extracellular,bulk
PB1,647,1749,1,ERR3474674,human,in vivo,extracellular,bulk
PB1,648,1732,30,ERR3474674,human,in vivo,extracellular,bulk
PB1,650,1752,45,ERR3474674,human,in vivo,extracellular,bulk
PB1,719,1562,31,ERR3474674,human,in vivo,extracellular,bulk
PB1,720,1574,25,ERR3474674,human,in vivo,extracellular,bulk
PB1,729,1680,124,ERR3474674,human,in vivo,extracellular,bulk
PB1,738,1542,56,ERR3474674,human,in vivo,extracellular,bulk
PB1,761,1506,4,ERR3474674,human,in vivo,extracellular,bulk
PB1,768,1613,30,ERR3474674,human,in vivo,extracellular,bulk
PB1,774,1698,28,ERR3474674,human,in vivo,extracellular,bulk
PB1,799,1496,18,ERR3474674,human,in vivo,extracellular,bulk
PB1,822,1762,18,ERR3474674,human,in vivo,extracellular,bulk
PB1,872,1606,3,ERR3474674,human,in vivo,extracellular,bulk
PB1,873,1593,11,ERR3474674,human,in vivo,extracellular,bulk
PB1,878,1453,54,ERR3474674,human,in vivo,extracellular,bulk
PB1,879,1504,35,ERR3474674,human,in vivo,extracellular,bulk
PB1,887,1456,9,ERR3474674,human,in vivo,extracellular,bulk
PB1,887,1583,7,ERR3474674,human,in vivo,extracellular,bulk
PB2,1060,1434,30,ERR3474674,human,in vivo,extracellular,bulk
PB2,134,2175,1,ERR3474674,human,in vivo,extracellular,bulk
PB2,136,2212,13,ERR3474674,human,in vivo,extracellular,bulk
PB2,146,2085,18,ERR3474674,human,in vivo,extracellular,bulk
PB2,146,2143,31,ERR3474674,human,in vivo,extracellular,bulk
PB2,164,208,44,ERR3474674,human,in vivo,extracellular,bulk
PB2,164,2144,26,ERR3474674,human,in vivo,extracellular,bulk
PB2,164,2153,15,ERR3474674,human,in vivo,extracellular,bulk
PB2,166,2143,25,ERR3474674,human,in vivo,extracellular,bulk
PB2,1671,1865,2,ERR3474674,human,in vivo,extracellular,bulk
PB2,168,2086,19,ERR3474674,human,in vivo,extracellular,bulk
PB2,203,2052,43,ERR3474674,human,in vivo,extracellular,bulk
PB2,205,2143,1,ERR3474674,human,in vivo,extracellular,bulk
PB2,214,2145,1,ERR3474674,human,in vivo,extracellular,bulk
PB2,231,2022,1,ERR3474674,human,in vivo,extracellular,bulk
PB2,241,2265,17,ERR3474674,human,in vivo,extracellular,bulk
PB2,243,2035,24,ERR3474674,human,in vivo,extracellular,bulk
PB2,243,2073,20,ERR3474674,human,in vivo,extracellular,bulk
PB2,244,2032,23,ERR3474674,human,in vivo,extracellular,bulk
PB2,244,2055,14,ERR3474674,human,in vivo,extracellular,bulk
PB2,244,2125,21,ERR3474674,human,in vivo,extracellular,bulk
PB2,244,2144,148,ERR3474674,human,in vivo,extracellular,bulk
PB2,244,2151,35,ERR3474674,human,in vivo,extracellular,bulk
PB2,245,1948,61,ERR3474674,human,in vivo,extracellular,bulk
PB2,245,2212,4,ERR3474674,human,in vivo,extracellular,bulk
PB2,340,2037,2,ERR3474674,human,in vivo,extracellular,bulk
PB2,345,1958,1,ERR3474674,human,in vivo,extracellular,bulk
PB2,345,2049,15,ERR3474674,human,in vivo,extracellular,bulk
PB2,346,2050,1592,ERR3474674,human,in vivo,extracellular,bulk
PB2,347,2051,8,ERR3474674,human,in vivo,extracellular,bulk
PB2,351,2197,68,ERR3474674,human,in vivo,extracellular,bulk
PB2,355,1962,43,ERR3474674,human,in vivo,extracellular,bulk
PB2,361,2147,3,ERR3474674,human,in vivo,extracellular,bulk
PB2,363,2149,325,ERR3474674,human,in vivo,extracellular,bulk
PB2,377,1972,43,ERR3474674,human,in vivo,extracellular,bulk
PB2,390,1789,1,ERR3474674,human,in vivo,extracellular,bulk
PB2,391,1790,35,ERR3474674,human,in vivo,extracellular,bulk
PB2,391,1888,23,ERR3474674,human,in vivo,extracellular,bulk
PB2,392,1939,4,ERR3474674,human,in vivo,extracellular,bulk
PB2,392,1962,45,ERR3474674,human,in vivo,extracellular,bulk
PB2,397,1387,17,ERR3474674,human,in vivo,extracellular,bulk
PB2,427,1959,26,ERR3474674,human,in vivo,extracellular,bulk
PB2,427,2266,18,ERR3474674,human,in vivo,extracellular,bulk
PB2,428,2265,17,ERR3474674,human,in vivo,extracellular,bulk
PB2,429,1965,105,ERR3474674,human,in vivo,extracellular,bulk
PB2,429,1981,21,ERR3474674,human,in vivo,extracellular,bulk
PB2,447,2179,1,ERR3474674,human,in vivo,extracellular,bulk
PB2,475,1930,1,ERR3474674,human,in vivo,extracellular,bulk
PB2,479,1931,6,ERR3474674,human,in vivo,extracellular,bulk
PB2,481,1859,33,ERR3474674,human,in vivo,extracellular,bulk
PB2,491,2074,12,ERR3474674,human,in vivo,extracellular,bulk
PB2,504,2077,1,ERR3474674,human,in vivo,extracellular,bulk
PB2,50,245,5,ERR3474674,human,in vivo,extracellular,bulk
PB2,513,1100,1,ERR3474674,human,in vivo,extracellular,bulk
PB2,516,1103,38,ERR3474674,human,in vivo,extracellular,bulk
PB2,520,1827,27,ERR3474674,human,in vivo,extracellular,bulk
PB2,548,1784,8,ERR3474674,human,in vivo,extracellular,bulk
PB2,550,1888,13,ERR3474674,human,in vivo,extracellular,bulk
PB2,553,1859,2,ERR3474674,human,in vivo,extracellular,bulk
PB2,563,1888,36,ERR3474674,human,in vivo,extracellular,bulk
PB2,572,1786,28,ERR3474674,human,in vivo,extracellular,bulk
PB2,575,1790,42,ERR3474674,human,in vivo,extracellular,bulk
PB2,577,1840,1,ERR3474674,human,in vivo,extracellular,bulk
PB2,578,1941,9,ERR3474674,human,in vivo,extracellular,bulk
PB2,580,1939,12,ERR3474674,human,in vivo,extracellular,bulk
PB2,589,1874,14,ERR3474674,human,in vivo,extracellular,bulk
PB2,593,1777,23,ERR3474674,human,in vivo,extracellular,bulk
PB2,598,1758,38,ERR3474674,human,in vivo,extracellular,bulk
PB2,598,1940,5,ERR3474674,human,in vivo,extracellular,bulk
PB2,608,1663,91,ERR3474674,human,in vivo,extracellular,bulk
PB2,618,2075,27,ERR3474674,human,in vivo,extracellular,bulk
PB2,619,1827,10,ERR3474674,human,in vivo,extracellular,bulk
PB2,620,1748,27,ERR3474674,human,in vivo,extracellular,bulk
PB2,621,1690,18,ERR3474674,human,in vivo,extracellular,bulk
PB2,643,1707,11,ERR3474674,human,in vivo,extracellular,bulk
PB2,645,1709,1,ERR3474674,human,in vivo,extracellular,bulk
PB2,730,1533,40,ERR3474674,human,in vivo,extracellular,bulk
PB2,757,1888,1,ERR3474674,human,in vivo,extracellular,bulk
PB2,771,1679,14,ERR3474674,human,in vivo,extracellular,bulk
PB2,792,1655,13,ERR3474674,human,in vivo,extracellular,bulk
PB2,792,1928,20,ERR3474674,human,in vivo,extracellular,bulk
PB2,842,1474,26,ERR3474674,human,in vivo,extracellular,bulk
PB2,843,1963,27,ERR3474674,human,in vivo,extracellular,bulk
PB2,855,1183,2,ERR3474674,human,in vivo,extracellular,bulk
PB2,876,1542,1,ERR3474674,human,in vivo,extracellular,bulk
PB2,922,1618,35,ERR3474674,human,in vivo,extracellular,bulk
PA,103,1862,20,ERR3474674,human,in vivo,extracellular,bulk
PA,1093,1150,3,ERR3474674,human,in vivo,extracellular,bulk
PA,165,192,11,ERR3474674,human,in vivo,extracellular,bulk
PA,181,1581,15,ERR3474674,human,in vivo,extracellular,bulk
PA,191,2044,40,ERR3474674,human,in vivo,extracellular,bulk
PA,2062,2104,37,ERR3474674,human,in vivo,extracellular,bulk
PA,2094,2120,8,ERR3474674,human,in vivo,extracellular,bulk
PA,259,2027,24,ERR3474674,human,in vivo,extracellular,bulk
PA,263,1582,4,ERR3474674,human,in vivo,extracellular,bulk
PA,298,2087,1,ERR3474674,human,in vivo,extracellular,bulk
PA,305,2010,14,ERR3474674,human,in vivo,extracellular,bulk
PA,315,1816,1,ERR3474674,human,in vivo,extracellular,bulk
PA,366,2070,1,ERR3474674,human,in vivo,extracellular,bulk
PA,407,1857,33,ERR3474674,human,in vivo,extracellular,bulk
PA,435,1812,3,ERR3474674,human,in vivo,extracellular,bulk
PA,475,1827,299,ERR3474674,human,in vivo,extracellular,bulk
PA,476,1828,2,ERR3474674,human,in vivo,extracellular,bulk
PA,480,1852,3,ERR3474674,human,in vivo,extracellular,bulk
PA,489,1826,12,ERR3474674,human,in vivo,extracellular,bulk
PA,508,1739,23,ERR3474674,human,in vivo,extracellular,bulk
PA,509,1830,9,ERR3474674,human,in vivo,extracellular,bulk
PA,514,1901,20,ERR3474674,human,in vivo,extracellular,bulk
PA,518,1720,20,ERR3474674,human,in vivo,extracellular,bulk
PA,543,1858,55,ERR3474674,human,in vivo,extracellular,bulk
PA,62,105,17,ERR3474674,human,in vivo,extracellular,bulk
PA,635,1563,29,ERR3474674,human,in vivo,extracellular,bulk
PA,636,1639,230,ERR3474674,human,in vivo,extracellular,bulk
PA,637,1640,1,ERR3474674,human,in vivo,extracellular,bulk
PA,650,1823,8,ERR3474674,human,in vivo,extracellular,bulk
PA,654,1521,15,ERR3474674,human,in vivo,extracellular,bulk
PA,661,2046,14,ERR3474674,human,in vivo,extracellular,bulk
PA,671,1633,6,ERR3474674,human,in vivo,extracellular,bulk
PA,677,1615,35,ERR3474674,human,in vivo,extracellular,bulk
PA,702,740,14,ERR3474674,human,in vivo,extracellular,bulk
PA,716,1821,7,ERR3474674,human,in vivo,extracellular,bulk
PA,719,1581,5,ERR3474674,human,in vivo,extracellular,bulk
PA,723,1704,5,ERR3474674,human,in vivo,extracellular,bulk
PA,725,1706,82,ERR3474674,human,in vivo,extracellular,bulk
PA,726,1854,32,ERR3474674,human,in vivo,extracellular,bulk
PA,831,1435,12,ERR3474674,human,in vivo,extracellular,bulk
PA,893,1639,1,ERR3474674,human,in vivo,extracellular,bulk
PA,91,1928,57,ERR3474674,human,in vivo,extracellular,bulk
NP,1202,1246,2,ERR3474674,human,in vivo,extracellular,bulk
NP,1273,1506,1,ERR3474674,human,in vivo,extracellular,bulk
NP,556,1563,1,ERR3474674,human,in vivo,extracellular,bulk
NA,163,422,25,ERR3474674,human,in vivo,extracellular,bulk
NA,572,814,3,ERR3474674,human,in vivo,extracellular,bulk
M,112,1028,41,ERR3474674,human,in vivo,extracellular,bulk
M,189,1029,26,ERR3474674,human,in vivo,extracellular,bulk
M,317,430,44,ERR3474674,human,in vivo,extracellular,bulk
M,406,428,20,ERR3474674,human,in vivo,extracellular,bulk
M,602,691,41,ERR3474674,human,in vivo,extracellular,bulk
M,95,153,17,ERR3474674,human,in vivo,extracellular,bulk
PB1,108,1726,1,ERR3474675,human,in vivo,extracellular,bulk
PB1,109,1727,72,ERR3474675,human,in vivo,extracellular,bulk
PB1,1402,1917,1,ERR3474675,human,in vivo,extracellular,bulk
PB1,188,2106,35,ERR3474675,human,in vivo,extracellular,bulk
PB1,233,2185,1,ERR3474675,human,in vivo,extracellular,bulk
PB1,256,2162,1,ERR3474675,human,in vivo,extracellular,bulk
PB1,276,2044,13,ERR3474675,human,in vivo,extracellular,bulk
PB1,281,2016,23,ERR3474675,human,in vivo,extracellular,bulk
PB1,295,2194,9,ERR3474675,human,in vivo,extracellular,bulk
PB1,296,2122,13,ERR3474675,human,in vivo,extracellular,bulk
PB1,297,2043,23,ERR3474675,human,in vivo,extracellular,bulk
PB1,311,2057,1,ERR3474675,human,in vivo,extracellular,bulk
PB1,327,2051,1,ERR3474675,human,in vivo,extracellular,bulk
PB1,365,1943,122,ERR3474675,human,in vivo,extracellular,bulk
PB1,374,1940,1,ERR3474675,human,in vivo,extracellular,bulk
PB1,375,1941,146,ERR3474675,human,in vivo,extracellular,bulk
PB1,377,1945,60,ERR3474675,human,in vivo,extracellular,bulk
PB1,384,1980,46,ERR3474675,human,in vivo,extracellular,bulk
PB1,386,1934,75,ERR3474675,human,in vivo,extracellular,bulk
PB1,387,1915,55,ERR3474675,human,in vivo,extracellular,bulk
PB1,391,1922,2,ERR3474675,human,in vivo,extracellular,bulk
PB1,396,1912,77,ERR3474675,human,in vivo,extracellular,bulk
PB1,397,1736,2,ERR3474675,human,in vivo,extracellular,bulk
PB1,398,1737,174,ERR3474675,human,in vivo,extracellular,bulk
PB1,398,1923,47,ERR3474675,human,in vivo,extracellular,bulk
PB1,403,1834,113,ERR3474675,human,in vivo,extracellular,bulk
PB1,405,1836,1,ERR3474675,human,in vivo,extracellular,bulk
PB1,410,1903,1,ERR3474675,human,in vivo,extracellular,bulk
PB1,417,1827,30,ERR3474675,human,in vivo,extracellular,bulk
PB1,420,1831,93,ERR3474675,human,in vivo,extracellular,bulk
PB1,442,1992,27,ERR3474675,human,in vivo,extracellular,bulk
PB1,443,1810,27,ERR3474675,human,in vivo,extracellular,bulk
PB1,449,1840,34,ERR3474675,human,in vivo,extracellular,bulk
PB1,451,2041,72,ERR3474675,human,in vivo,extracellular,bulk
PB1,458,1777,28,ERR3474675,human,in vivo,extracellular,bulk
PB1,490,1913,5,ERR3474675,human,in vivo,extracellular,bulk
PB1,504,1608,55,ERR3474675,human,in vivo,extracellular,bulk
PB1,531,1780,52,ERR3474675,human,in vivo,extracellular,bulk
PB1,536,1777,150,ERR3474675,human,in vivo,extracellular,bulk
PB1,542,1820,152,ERR3474675,human,in vivo,extracellular,bulk
PB1,542,1863,35,ERR3474675,human,in vivo,extracellular,bulk
PB1,552,1914,1,ERR3474675,human,in vivo,extracellular,bulk
PB1,574,1916,1,ERR3474675,human,in vivo,extracellular,bulk
PB1,578,1626,43,ERR3474675,human,in vivo,extracellular,bulk
PB1,582,1835,35,ERR3474675,human,in vivo,extracellular,bulk
PB1,591,1808,25,ERR3474675,human,in vivo,extracellular,bulk
PB1,593,1755,40,ERR3474675,human,in vivo,extracellular,bulk
PB1,614,1781,52,ERR3474675,human,in vivo,extracellular,bulk
PB1,624,1713,39,ERR3474675,human,in vivo,extracellular,bulk
PB1,632,1737,44,ERR3474675,human,in vivo,extracellular,bulk
PB1,639,1758,52,ERR3474675,human,in vivo,extracellular,bulk
PB1,640,1846,79,ERR3474675,human,in vivo,extracellular,bulk
PB1,650,1747,55,ERR3474675,human,in vivo,extracellular,bulk
PB1,653,1750,1,ERR3474675,human,in vivo,extracellular,bulk
PB1,684,1981,1,ERR3474675,human,in vivo,extracellular,bulk
PB1,707,1764,43,ERR3474675,human,in vivo,extracellular,bulk
PB1,710,1655,44,ERR3474675,human,in vivo,extracellular,bulk
PB1,712,1565,53,ERR3474675,human,in vivo,extracellular,bulk
PB1,725,1573,55,ERR3474675,human,in vivo,extracellular,bulk
PB1,728,1555,57,ERR3474675,human,in vivo,extracellular,bulk
PB1,728,1934,72,ERR3474675,human,in vivo,extracellular,bulk
PB1,736,1461,1,ERR3474675,human,in vivo,extracellular,bulk
PB1,748,1538,24,ERR3474675,human,in vivo,extracellular,bulk
PB1,760,1531,8,ERR3474675,human,in vivo,extracellular,bulk
PB1,768,1713,47,ERR3474675,human,in vivo,extracellular,bulk
PB1,769,1778,48,ERR3474675,human,in vivo,extracellular,bulk
PB1,775,1535,45,ERR3474675,human,in vivo,extracellular,bulk
PB1,776,1522,20,ERR3474675,human,in vivo,extracellular,bulk
PB1,794,1512,19,ERR3474675,human,in vivo,extracellular,bulk
PB1,794,1541,17,ERR3474675,human,in vivo,extracellular,bulk
PB1,796,1501,1,ERR3474675,human,in vivo,extracellular,bulk
PB1,798,1503,25,ERR3474675,human,in vivo,extracellular,bulk
PB1,799,1655,13,ERR3474675,human,in vivo,extracellular,bulk
PB1,801,1611,3,ERR3474675,human,in vivo,extracellular,bulk
PB1,831,1537,1,ERR3474675,human,in vivo,extracellular,bulk
PB1,834,1540,41,ERR3474675,human,in vivo,extracellular,bulk
PB1,878,1824,33,ERR3474675,human,in vivo,extracellular,bulk
PB1,909,1576,49,ERR3474675,human,in vivo,extracellular,bulk
PB1,926,1737,22,ERR3474675,human,in vivo,extracellular,bulk
PB1,994,1455,42,ERR3474675,human,in vivo,extracellular,bulk
PB2,164,2144,17,ERR3474675,human,in vivo,extracellular,bulk
PB2,244,2034,40,ERR3474675,human,in vivo,extracellular,bulk
PB2,244,2144,8,ERR3474675,human,in vivo,extracellular,bulk
PB2,244,2153,22,ERR3474675,human,in vivo,extracellular,bulk
PB2,259,2033,25,ERR3474675,human,in vivo,extracellular,bulk
PB2,308,2028,29,ERR3474675,human,in vivo,extracellular,bulk
PB2,308,2034,17,ERR3474675,human,in vivo,extracellular,bulk
PB2,379,1963,39,ERR3474675,human,in vivo,extracellular,bulk
PB2,392,1959,16,ERR3474675,human,in vivo,extracellular,bulk
PB2,427,1767,46,ERR3474675,human,in vivo,extracellular,bulk
PB2,444,1905,43,ERR3474675,human,in vivo,extracellular,bulk
PB2,446,1972,17,ERR3474675,human,in vivo,extracellular,bulk
PB2,451,1906,1,ERR3474675,human,in vivo,extracellular,bulk
PB2,452,2144,31,ERR3474675,human,in vivo,extracellular,bulk
PB2,464,1998,28,ERR3474675,human,in vivo,extracellular,bulk
PB2,469,1929,24,ERR3474675,human,in vivo,extracellular,bulk
PB2,471,1981,50,ERR3474675,human,in vivo,extracellular,bulk
PB2,501,2036,18,ERR3474675,human,in vivo,extracellular,bulk
PB2,504,1953,74,ERR3474675,human,in vivo,extracellular,bulk
PB2,508,1940,4,ERR3474675,human,in vivo,extracellular,bulk
PB2,512,1828,25,ERR3474675,human,in vivo,extracellular,bulk
PB2,513,1759,50,ERR3474675,human,in vivo,extracellular,bulk
PB2,517,1747,38,ERR3474675,human,in vivo,extracellular,bulk
PB2,527,1872,52,ERR3474675,human,in vivo,extracellular,bulk
PB2,530,1958,47,ERR3474675,human,in vivo,extracellular,bulk
PB2,538,2056,45,ERR3474675,human,in vivo,extracellular,bulk
PB2,559,2034,25,ERR3474675,human,in vivo,extracellular,bulk
PB2,574,2006,55,ERR3474675,human,in vivo,extracellular,bulk
PB2,583,1768,40,ERR3474675,human,in vivo,extracellular,bulk
PB2,598,1962,86,ERR3474675,human,in vivo,extracellular,bulk
PB2,599,1676,1,ERR3474675,human,in vivo,extracellular,bulk
PB2,624,1692,10,ERR3474675,human,in vivo,extracellular,bulk
PB2,632,1409,15,ERR3474675,human,in vivo,extracellular,bulk
PB2,634,1634,29,ERR3474675,human,in vivo,extracellular,bulk
PB2,643,1733,58,ERR3474675,human,in vivo,extracellular,bulk
PB2,647,1621,6,ERR3474675,human,in vivo,extracellular,bulk
PB2,842,1872,62,ERR3474675,human,in vivo,extracellular,bulk
PB2,852,1476,24,ERR3474675,human,in vivo,extracellular,bulk
PB2,916,1876,1,ERR3474675,human,in vivo,extracellular,bulk
PB2,984,1525,48,ERR3474675,human,in vivo,extracellular,bulk
PA,225,2066,8,ERR3474675,human,in vivo,extracellular,bulk
PA,260,2033,3,ERR3474675,human,in vivo,extracellular,bulk
PA,270,1949,3,ERR3474675,human,in vivo,extracellular,bulk
PA,272,1946,78,ERR3474675,human,in vivo,extracellular,bulk
PA,273,1947,2,ERR3474675,human,in vivo,extracellular,bulk
PA,379,1928,3,ERR3474675,human,in vivo,extracellular,bulk
PA,415,1905,20,ERR3474675,human,in vivo,extracellular,bulk
PA,483,1826,1,ERR3474675,human,in vivo,extracellular,bulk
PA,490,1861,14,ERR3474675,human,in vivo,extracellular,bulk
PA,496,1772,7,ERR3474675,human,in vivo,extracellular,bulk
PA,496,1781,36,ERR3474675,human,in vivo,extracellular,bulk
PA,514,1811,17,ERR3474675,human,in vivo,extracellular,bulk
PA,517,1812,15,ERR3474675,human,in vivo,extracellular,bulk
PA,521,1719,14,ERR3474675,human,in vivo,extracellular,bulk
PA,535,1736,134,ERR3474675,human,in vivo,extracellular,bulk
PA,542,1861,1,ERR3474675,human,in vivo,extracellular,bulk
PA,547,1738,11,ERR3474675,human,in vivo,extracellular,bulk
PA,547,1781,41,ERR3474675,human,in vivo,extracellular,bulk
PA,602,1708,29,ERR3474675,human,in vivo,extracellular,bulk
PA,670,1620,7,ERR3474675,human,in vivo,extracellular,bulk
PA,726,1639,11,ERR3474675,human,in vivo,extracellular,bulk
PA,776,1637,35,ERR3474675,human,in vivo,extracellular,bulk
PA,796,1103,1,ERR3474675,human,in vivo,extracellular,bulk
PA,796,1472,11,ERR3474675,human,in vivo,extracellular,bulk
HA,233,1587,2,ERR3474675,human,in vivo,extracellular,bulk
M,186,1050,10,ERR3474675,human,in vivo,extracellular,bulk
M,36,74,4,ERR3474675,human,in vivo,extracellular,bulk
PB1,297,2214,126,ERR3474676,human,in vivo,extracellular,bulk
PB1,298,2215,1,ERR3474676,human,in vivo,extracellular,bulk
PB1,95,145,95,ERR3474676,human,in vivo,extracellular,bulk
PB1,96,146,1,ERR3474676,human,in vivo,extracellular,bulk
PB2,244,2206,33,ERR3474676,human,in vivo,extracellular,bulk
PB1,110,1428,1,ERR3474679,human,in vivo,extracellular,bulk
PB1,113,1431,2,ERR3474679,human,in vivo,extracellular,bulk
PB1,143,2179,54,ERR3474679,human,in vivo,extracellular,bulk
PB1,164,1680,30,ERR3474679,human,in vivo,extracellular,bulk
PB1,1690,2063,1,ERR3474679,human,in vivo,extracellular,bulk
PB1,235,2122,1,ERR3474679,human,in vivo,extracellular,bulk
PB1,237,2123,1,ERR3474679,human,in vivo,extracellular,bulk
PB1,309,2046,3,ERR3474679,human,in vivo,extracellular,bulk
PB1,311,2048,876,ERR3474679,human,in vivo,extracellular,bulk
PB1,320,2049,1,ERR3474679,human,in vivo,extracellular,bulk
PB1,335,2049,2,ERR3474679,human,in vivo,extracellular,bulk
PB1,338,2049,1,ERR3474679,human,in vivo,extracellular,bulk
PB1,340,2050,1,ERR3474679,human,in vivo,extracellular,bulk
PB1,350,2049,1,ERR3474679,human,in vivo,extracellular,bulk
PB1,358,2059,1,ERR3474679,human,in vivo,extracellular,bulk
PB1,361,2062,231,ERR3474679,human,in vivo,extracellular,bulk
PB1,393,2124,1,ERR3474679,human,in vivo,extracellular,bulk
PB1,404,2122,1,ERR3474679,human,in vivo,extracellular,bulk
PB1,418,1977,153,ERR3474679,human,in vivo,extracellular,bulk
PB1,445,1990,1,ERR3474679,human,in vivo,extracellular,bulk
PB1,447,1992,196,ERR3474679,human,in vivo,extracellular,bulk
PB1,509,1834,291,ERR3474679,human,in vivo,extracellular,bulk
PB1,509,1835,1,ERR3474679,human,in vivo,extracellular,bulk
PB1,516,1838,1,ERR3474679,human,in vivo,extracellular,bulk
PB1,542,1778,168,ERR3474679,human,in vivo,extracellular,bulk
PB1,543,1779,1,ERR3474679,human,in vivo,extracellular,bulk
PB1,573,1815,3,ERR3474679,human,in vivo,extracellular,bulk
PB1,575,1817,1,ERR3474679,human,in vivo,extracellular,bulk
PB1,584,1835,1,ERR3474679,human,in vivo,extracellular,bulk
PB1,585,1836,164,ERR3474679,human,in vivo,extracellular,bulk
PB1,643,1840,2,ERR3474679,human,in vivo,extracellular,bulk
PB1,647,1844,806,ERR3474679,human,in vivo,extracellular,bulk
PB1,648,1845,4,ERR3474679,human,in vivo,extracellular,bulk
PB1,653,1846,1,ERR3474679,human,in vivo,extracellular,bulk
PB1,829,1504,3815,ERR3474679,human,in vivo,extracellular,bulk
PB1,831,1506,101,ERR3474679,human,in vivo,extracellular,bulk
PB1,848,1457,1,ERR3474679,human,in vivo,extracellular,bulk
PB1,848,1544,1,ERR3474679,human,in vivo,extracellular,bulk
PB1,871,1567,6,ERR3474679,human,in vivo,extracellular,bulk
PB1,871,1568,4,ERR3474679,human,in vivo,extracellular,bulk
PB1,873,1569,10038,ERR3474679,human,in vivo,extracellular,bulk
PB1,873,1570,6,ERR3474679,human,in vivo,extracellular,bulk
PB1,874,1570,12,ERR3474679,human,in vivo,extracellular,bulk
PB1,876,1570,1,ERR3474679,human,in vivo,extracellular,bulk
PB1,919,1582,3,ERR3474679,human,in vivo,extracellular,bulk
PB1,945,1771,1,ERR3474679,human,in vivo,extracellular,bulk
PB1,957,2196,1,ERR3474679,human,in vivo,extracellular,bulk
PB1,995,2223,1,ERR3474679,human,in vivo,extracellular,bulk
PB2,100,122,5,ERR3474679,human,in vivo,extracellular,bulk
PB2,134,166,79,ERR3474679,human,in vivo,extracellular,bulk
PB2,142,167,598,ERR3474679,human,in vivo,extracellular,bulk
PB2,145,170,53,ERR3474679,human,in vivo,extracellular,bulk
PB2,146,2123,48,ERR3474679,human,in vivo,extracellular,bulk
PB2,146,2140,103,ERR3474679,human,in vivo,extracellular,bulk
PB2,151,1475,83,ERR3474679,human,in vivo,extracellular,bulk
PB2,152,2126,67,ERR3474679,human,in vivo,extracellular,bulk
PB2,153,2127,2,ERR3474679,human,in vivo,extracellular,bulk
PB2,161,2211,175,ERR3474679,human,in vivo,extracellular,bulk
PB2,163,206,138,ERR3474679,human,in vivo,extracellular,bulk
PB2,163,2148,87,ERR3474679,human,in vivo,extracellular,bulk
PB2,166,2143,1,ERR3474679,human,in vivo,extracellular,bulk
PB2,169,2143,107,ERR3474679,human,in vivo,extracellular,bulk
PB2,178,2080,66,ERR3474679,human,in vivo,extracellular,bulk
PB2,196,2212,2,ERR3474679,human,in vivo,extracellular,bulk
PB2,202,2207,2,ERR3474679,human,in vivo,extracellular,bulk
PB2,203,2124,21,ERR3474679,human,in vivo,extracellular,bulk
PB2,203,2208,47,ERR3474679,human,in vivo,extracellular,bulk
PB2,213,2183,2,ERR3474679,human,in vivo,extracellular,bulk
PB2,2219,2255,1,ERR3474679,human,in vivo,extracellular,bulk
PB2,2220,2256,83,ERR3474679,human,in vivo,extracellular,bulk
PB2,231,2022,7,ERR3474679,human,in vivo,extracellular,bulk
PB2,234,2208,1,ERR3474679,human,in vivo,extracellular,bulk
PB2,234,263,1,ERR3474679,human,in vivo,extracellular,bulk
PB2,238,2264,188,ERR3474679,human,in vivo,extracellular,bulk
PB2,241,2052,1,ERR3474679,human,in vivo,extracellular,bulk
PB2,243,2123,49,ERR3474679,human,in vivo,extracellular,bulk
PB2,244,2032,981,ERR3474679,human,in vivo,extracellular,bulk
PB2,244,2055,229,ERR3474679,human,in vivo,extracellular,bulk
PB2,244,2125,207,ERR3474679,human,in vivo,extracellular,bulk
PB2,244,2135,1,ERR3474679,human,in vivo,extracellular,bulk
PB2,244,2206,195,ERR3474679,human,in vivo,extracellular,bulk
PB2,245,2212,65,ERR3474679,human,in vivo,extracellular,bulk
PB2,246,2034,1,ERR3474679,human,in vivo,extracellular,bulk
PB2,252,2063,1,ERR3474679,human,in vivo,extracellular,bulk
PB2,265,2208,60,ERR3474679,human,in vivo,extracellular,bulk
PB2,270,1836,2,ERR3474679,human,in vivo,extracellular,bulk
PB2,272,2255,1,ERR3474679,human,in vivo,extracellular,bulk
PB2,274,2257,117,ERR3474679,human,in vivo,extracellular,bulk
PB2,281,1619,1,ERR3474679,human,in vivo,extracellular,bulk
PB2,301,2085,172,ERR3474679,human,in vivo,extracellular,bulk
PB2,302,2086,1,ERR3474679,human,in vivo,extracellular,bulk
PB2,338,1964,96,ERR3474679,human,in vivo,extracellular,bulk
PB2,394,2054,253,ERR3474679,human,in vivo,extracellular,bulk
PB2,394,2055,5,ERR3474679,human,in vivo,extracellular,bulk
PB2,399,1947,1,ERR3474679,human,in vivo,extracellular,bulk
PB2,429,1981,180,ERR3474679,human,in vivo,extracellular,bulk
PB2,452,2006,108,ERR3474679,human,in vivo,extracellular,bulk
PB2,457,2080,1,ERR3474679,human,in vivo,extracellular,bulk
PB2,504,2077,1,ERR3474679,human,in vivo,extracellular,bulk
PB2,567,1827,33,ERR3474679,human,in vivo,extracellular,bulk
PB2,571,1835,196,ERR3474679,human,in vivo,extracellular,bulk
PB2,590,1684,1,ERR3474679,human,in vivo,extracellular,bulk
PB2,591,1685,102,ERR3474679,human,in vivo,extracellular,bulk
PB2,739,1961,1,ERR3474679,human,in vivo,extracellular,bulk
PB2,73,1970,194,ERR3474679,human,in vivo,extracellular,bulk
PB2,84,2020,5,ERR3474679,human,in vivo,extracellular,bulk
PB2,98,2019,1,ERR3474679,human,in vivo,extracellular,bulk
PB2,995,2301,4,ERR3474679,human,in vivo,extracellular,bulk
PB2,99,121,4850,ERR3474679,human,in vivo,extracellular,bulk
PB2,99,122,1,ERR3474679,human,in vivo,extracellular,bulk
PA,1089,1403,1,ERR3474679,human,in vivo,extracellular,bulk
PA,164,2044,1,ERR3474679,human,in vivo,extracellular,bulk
PA,165,2045,199,ERR3474679,human,in vivo,extracellular,bulk
PA,260,1856,87,ERR3474679,human,in vivo,extracellular,bulk
PA,266,387,45,ERR3474679,human,in vivo,extracellular,bulk
PA,313,2028,11,ERR3474679,human,in vivo,extracellular,bulk
PA,314,1859,130,ERR3474679,human,in vivo,extracellular,bulk
PA,315,2042,585,ERR3474679,human,in vivo,extracellular,bulk
PA,316,2043,2,ERR3474679,human,in vivo,extracellular,bulk
PA,366,1835,1,ERR3474679,human,in vivo,extracellular,bulk
PA,368,1837,90,ERR3474679,human,in vivo,extracellular,bulk
PA,453,1870,33,ERR3474679,human,in vivo,extracellular,bulk
PA,478,2034,109,ERR3474679,human,in vivo,extracellular,bulk
PA,485,1771,1,ERR3474679,human,in vivo,extracellular,bulk
PA,490,1831,71,ERR3474679,human,in vivo,extracellular,bulk
PA,504,2147,3,ERR3474679,human,in vivo,extracellular,bulk
PA,576,1948,41,ERR3474679,human,in vivo,extracellular,bulk
PA,577,1949,1,ERR3474679,human,in vivo,extracellular,bulk
PA,607,2010,1,ERR3474679,human,in vivo,extracellular,bulk
PA,624,2164,1,ERR3474679,human,in vivo,extracellular,bulk
PA,627,2044,110,ERR3474679,human,in vivo,extracellular,bulk
PA,653,1352,107,ERR3474679,human,in vivo,extracellular,bulk
PA,966,1096,1,ERR3474679,human,in vivo,extracellular,bulk
HA,375,1466,1,ERR3474679,human,in vivo,extracellular,bulk
NP,296,1396,2,ERR3474679,human,in vivo,extracellular,bulk
M,1085,1113,35,ERR3474679,human,in vivo,extracellular,bulk
M,121,1053,27,ERR3474679,human,in vivo,extracellular,bulk
M,128,157,47,ERR3474679,human,in vivo,extracellular,bulk
M,140,1032,36,ERR3474679,human,in vivo,extracellular,bulk
M,202,1060,64,ERR3474679,human,in vivo,extracellular,bulk
M,513,821,1,ERR3474679,human,in vivo,extracellular,bulk
M,662,1016,2,ERR3474679,human,in vivo,extracellular,bulk
PB1,120,1818,7,ERR3474684,human,in vivo,extracellular,bulk
PB1,120,2193,1,ERR3474684,human,in vivo,extracellular,bulk
PB1,127,2182,2,ERR3474684,human,in vivo,extracellular,bulk
PB1,288,2094,1,ERR3474684,human,in vivo,extracellular,bulk
PB1,291,1940,21,ERR3474684,human,in vivo,extracellular,bulk
PB1,292,2072,1,ERR3474684,human,in vivo,extracellular,bulk
PB1,299,2200,11,ERR3474684,human,in vivo,extracellular,bulk
PB1,303,2035,21,ERR3474684,human,in vivo,extracellular,bulk
PB1,305,1830,16,ERR3474684,human,in vivo,extracellular,bulk
PB1,305,2075,6,ERR3474684,human,in vivo,extracellular,bulk
PB1,305,2179,54,ERR3474684,human,in vivo,extracellular,bulk
PB1,307,2003,14,ERR3474684,human,in vivo,extracellular,bulk
PB1,310,1999,1,ERR3474684,human,in vivo,extracellular,bulk
PB1,311,2050,8,ERR3474684,human,in vivo,extracellular,bulk
PB1,327,1935,13,ERR3474684,human,in vivo,extracellular,bulk
PB1,327,1994,22,ERR3474684,human,in vivo,extracellular,bulk
PB1,328,2000,13,ERR3474684,human,in vivo,extracellular,bulk
PB1,332,2041,10,ERR3474684,human,in vivo,extracellular,bulk
PB1,336,1696,10,ERR3474684,human,in vivo,extracellular,bulk
PB1,336,1939,4,ERR3474684,human,in vivo,extracellular,bulk
PB1,346,2018,16,ERR3474684,human,in vivo,extracellular,bulk
PB1,351,2109,15,ERR3474684,human,in vivo,extracellular,bulk
PB1,358,1710,1,ERR3474684,human,in vivo,extracellular,bulk
PB1,360,2044,4,ERR3474684,human,in vivo,extracellular,bulk
PB1,361,2062,22,ERR3474684,human,in vivo,extracellular,bulk
PB1,363,1993,2,ERR3474684,human,in vivo,extracellular,bulk
PB1,367,2108,1,ERR3474684,human,in vivo,extracellular,bulk
PB1,370,1940,9,ERR3474684,human,in vivo,extracellular,bulk
PB1,373,1864,3,ERR3474684,human,in vivo,extracellular,bulk
PB1,377,1938,100,ERR3474684,human,in vivo,extracellular,bulk
PB1,380,2063,34,ERR3474684,human,in vivo,extracellular,bulk
PB1,387,1942,7,ERR3474684,human,in vivo,extracellular,bulk
PB1,393,1847,13,ERR3474684,human,in vivo,extracellular,bulk
PB1,398,1866,6,ERR3474684,human,in vivo,extracellular,bulk
PB1,401,1919,14,ERR3474684,human,in vivo,extracellular,bulk
PB1,402,1008,1,ERR3474684,human,in vivo,extracellular,bulk
PB1,403,1835,25,ERR3474684,human,in vivo,extracellular,bulk
PB1,407,2040,80,ERR3474684,human,in vivo,extracellular,bulk
PB1,407,2204,9,ERR3474684,human,in vivo,extracellular,bulk
PB1,417,1815,2,ERR3474684,human,in vivo,extracellular,bulk
PB1,422,1978,11,ERR3474684,human,in vivo,extracellular,bulk
PB1,435,1746,10,ERR3474684,human,in vivo,extracellular,bulk
PB1,435,1814,12,ERR3474684,human,in vivo,extracellular,bulk
PB1,438,1863,11,ERR3474684,human,in vivo,extracellular,bulk
PB1,438,1991,17,ERR3474684,human,in vivo,extracellular,bulk
PB1,439,1924,9,ERR3474684,human,in vivo,extracellular,bulk
PB1,444,1814,11,ERR3474684,human,in vivo,extracellular,bulk
PB1,450,1815,4,ERR3474684,human,in vivo,extracellular,bulk
PB1,450,1857,41,ERR3474684,human,in vivo,extracellular,bulk
PB1,454,1859,75,ERR3474684,human,in vivo,extracellular,bulk
PB1,454,1948,6,ERR3474684,human,in vivo,extracellular,bulk
PB1,455,1860,3,ERR3474684,human,in vivo,extracellular,bulk
PB1,455,1866,15,ERR3474684,human,in vivo,extracellular,bulk
PB1,457,1940,13,ERR3474684,human,in vivo,extracellular,bulk
PB1,463,1771,5,ERR3474684,human,in vivo,extracellular,bulk
PB1,470,1857,16,ERR3474684,human,in vivo,extracellular,bulk
PB1,504,1744,10,ERR3474684,human,in vivo,extracellular,bulk
PB1,504,1834,12,ERR3474684,human,in vivo,extracellular,bulk
PB1,509,1890,3,ERR3474684,human,in vivo,extracellular,bulk
PB1,511,1708,1,ERR3474684,human,in vivo,extracellular,bulk
PB1,512,1737,32,ERR3474684,human,in vivo,extracellular,bulk
PB1,521,1868,9,ERR3474684,human,in vivo,extracellular,bulk
PB1,528,1737,50,ERR3474684,human,in vivo,extracellular,bulk
PB1,530,1587,15,ERR3474684,human,in vivo,extracellular,bulk
PB1,530,1798,6,ERR3474684,human,in vivo,extracellular,bulk
PB1,534,1830,11,ERR3474684,human,in vivo,extracellular,bulk
PB1,534,1868,5,ERR3474684,human,in vivo,extracellular,bulk
PB1,535,1781,15,ERR3474684,human,in vivo,extracellular,bulk
PB1,536,1815,5,ERR3474684,human,in vivo,extracellular,bulk
PB1,536,1869,10,ERR3474684,human,in vivo,extracellular,bulk
PB1,540,1869,7,ERR3474684,human,in vivo,extracellular,bulk
PB1,542,1768,53,ERR3474684,human,in vivo,extracellular,bulk
PB1,542,1822,78,ERR3474684,human,in vivo,extracellular,bulk
PB1,544,1782,1,ERR3474684,human,in vivo,extracellular,bulk
PB1,574,1626,5,ERR3474684,human,in vivo,extracellular,bulk
PB1,574,1849,18,ERR3474684,human,in vivo,extracellular,bulk
PB1,576,1750,3,ERR3474684,human,in vivo,extracellular,bulk
PB1,578,1614,8,ERR3474684,human,in vivo,extracellular,bulk
PB1,580,1594,90,ERR3474684,human,in vivo,extracellular,bulk
PB1,580,1808,12,ERR3474684,human,in vivo,extracellular,bulk
PB1,581,1595,1,ERR3474684,human,in vivo,extracellular,bulk
PB1,582,1745,16,ERR3474684,human,in vivo,extracellular,bulk
PB1,585,1772,9,ERR3474684,human,in vivo,extracellular,bulk
PB1,585,1831,11,ERR3474684,human,in vivo,extracellular,bulk
PB1,587,1809,7,ERR3474684,human,in vivo,extracellular,bulk
PB1,587,1945,7,ERR3474684,human,in vivo,extracellular,bulk
PB1,591,1749,10,ERR3474684,human,in vivo,extracellular,bulk
PB1,593,1826,5,ERR3474684,human,in vivo,extracellular,bulk
PB1,594,1999,16,ERR3474684,human,in vivo,extracellular,bulk
PB1,597,1748,10,ERR3474684,human,in vivo,extracellular,bulk
PB1,598,1724,33,ERR3474684,human,in vivo,extracellular,bulk
PB1,59,91,7,ERR3474684,human,in vivo,extracellular,bulk
PB1,612,1768,4,ERR3474684,human,in vivo,extracellular,bulk
PB1,613,1776,1,ERR3474684,human,in vivo,extracellular,bulk
PB1,620,1724,9,ERR3474684,human,in vivo,extracellular,bulk
PB1,623,1934,84,ERR3474684,human,in vivo,extracellular,bulk
PB1,624,1752,10,ERR3474684,human,in vivo,extracellular,bulk
PB1,624,1756,35,ERR3474684,human,in vivo,extracellular,bulk
PB1,624,1777,2,ERR3474684,human,in vivo,extracellular,bulk
PB1,625,1626,13,ERR3474684,human,in vivo,extracellular,bulk
PB1,628,1747,13,ERR3474684,human,in vivo,extracellular,bulk
PB1,632,1795,9,ERR3474684,human,in vivo,extracellular,bulk
PB1,633,1756,9,ERR3474684,human,in vivo,extracellular,bulk
PB1,633,1904,15,ERR3474684,human,in vivo,extracellular,bulk
PB1,637,1719,10,ERR3474684,human,in vivo,extracellular,bulk
PB1,637,1748,7,ERR3474684,human,in vivo,extracellular,bulk
PB1,638,1585,3,ERR3474684,human,in vivo,extracellular,bulk
PB1,638,1736,1,ERR3474684,human,in vivo,extracellular,bulk
PB1,639,1588,5,ERR3474684,human,in vivo,extracellular,bulk
PB1,639,1701,10,ERR3474684,human,in vivo,extracellular,bulk
PB1,639,1737,37,ERR3474684,human,in vivo,extracellular,bulk
PB1,641,1933,7,ERR3474684,human,in vivo,extracellular,bulk
PB1,644,1727,8,ERR3474684,human,in vivo,extracellular,bulk
PB1,645,1713,6,ERR3474684,human,in vivo,extracellular,bulk
PB1,646,1601,9,ERR3474684,human,in vivo,extracellular,bulk
PB1,647,1572,1,ERR3474684,human,in vivo,extracellular,bulk
PB1,649,1722,13,ERR3474684,human,in vivo,extracellular,bulk
PB1,649,1727,9,ERR3474684,human,in vivo,extracellular,bulk
PB1,690,1675,10,ERR3474684,human,in vivo,extracellular,bulk
PB1,692,1722,9,ERR3474684,human,in vivo,extracellular,bulk
PB1,692,1977,4,ERR3474684,human,in vivo,extracellular,bulk
PB1,693,1695,14,ERR3474684,human,in vivo,extracellular,bulk
PB1,696,1752,9,ERR3474684,human,in vivo,extracellular,bulk
PB1,711,1553,7,ERR3474684,human,in vivo,extracellular,bulk
PB1,712,1612,2,ERR3474684,human,in vivo,extracellular,bulk
PB1,718,1572,1,ERR3474684,human,in vivo,extracellular,bulk
PB1,718,1576,2,ERR3474684,human,in vivo,extracellular,bulk
PB1,720,1574,13,ERR3474684,human,in vivo,extracellular,bulk
PB1,721,1612,3,ERR3474684,human,in vivo,extracellular,bulk
PB1,722,1574,16,ERR3474684,human,in vivo,extracellular,bulk
PB1,725,1945,6,ERR3474684,human,in vivo,extracellular,bulk
PB1,728,1556,16,ERR3474684,human,in vivo,extracellular,bulk
PB1,734,1559,1,ERR3474684,human,in vivo,extracellular,bulk
PB1,735,1558,1,ERR3474684,human,in vivo,extracellular,bulk
PB1,737,1933,25,ERR3474684,human,in vivo,extracellular,bulk
PB1,769,1518,4,ERR3474684,human,in vivo,extracellular,bulk
PB1,770,1535,10,ERR3474684,human,in vivo,extracellular,bulk
PB1,774,1512,7,ERR3474684,human,in vivo,extracellular,bulk
PB1,775,1535,15,ERR3474684,human,in vivo,extracellular,bulk
PB1,775,1867,4,ERR3474684,human,in vivo,extracellular,bulk
PB1,776,1866,5,ERR3474684,human,in vivo,extracellular,bulk
PB1,777,1509,13,ERR3474684,human,in vivo,extracellular,bulk
PB1,777,2035,8,ERR3474684,human,in vivo,extracellular,bulk
PB1,790,1815,9,ERR3474684,human,in vivo,extracellular,bulk
PB1,796,1541,5,ERR3474684,human,in vivo,extracellular,bulk
PB1,800,2033,1,ERR3474684,human,in vivo,extracellular,bulk
PB1,830,1566,32,ERR3474684,human,in vivo,extracellular,bulk
PB1,840,1584,14,ERR3474684,human,in vivo,extracellular,bulk
PB1,868,1440,5,ERR3474684,human,in vivo,extracellular,bulk
PB1,86,1312,1,ERR3474684,human,in vivo,extracellular,bulk
PB1,873,1593,9,ERR3474684,human,in vivo,extracellular,bulk
PB1,874,1588,8,ERR3474684,human,in vivo,extracellular,bulk
PB1,917,1712,5,ERR3474684,human,in vivo,extracellular,bulk
PB1,93,147,5,ERR3474684,human,in vivo,extracellular,bulk
PB1,951,1434,8,ERR3474684,human,in vivo,extracellular,bulk
PB1,960,1711,8,ERR3474684,human,in vivo,extracellular,bulk
PB1,966,1339,5,ERR3474684,human,in vivo,extracellular,bulk
PB2,1008,1875,6,ERR3474684,human,in vivo,extracellular,bulk
PB2,1013,1367,1,ERR3474684,human,in vivo,extracellular,bulk
PB2,1121,1978,3,ERR3474684,human,in vivo,extracellular,bulk
PB2,1159,1975,6,ERR3474684,human,in vivo,extracellular,bulk
PB2,134,2123,14,ERR3474684,human,in vivo,extracellular,bulk
PB2,135,166,4,ERR3474684,human,in vivo,extracellular,bulk
PB2,142,2271,2,ERR3474684,human,in vivo,extracellular,bulk
PB2,163,2148,7,ERR3474684,human,in vivo,extracellular,bulk
PB2,164,2125,8,ERR3474684,human,in vivo,extracellular,bulk
PB2,164,2144,18,ERR3474684,human,in vivo,extracellular,bulk
PB2,164,2199,3,ERR3474684,human,in vivo,extracellular,bulk
PB2,164,2216,7,ERR3474684,human,in vivo,extracellular,bulk
PB2,165,286,11,ERR3474684,human,in vivo,extracellular,bulk
PB2,166,2123,5,ERR3474684,human,in vivo,extracellular,bulk
PB2,168,2125,8,ERR3474684,human,in vivo,extracellular,bulk
PB2,170,1957,2,ERR3474684,human,in vivo,extracellular,bulk
PB2,190,2198,5,ERR3474684,human,in vivo,extracellular,bulk
PB2,194,1831,7,ERR3474684,human,in vivo,extracellular,bulk
PB2,198,2054,47,ERR3474684,human,in vivo,extracellular,bulk
PB2,203,1202,3,ERR3474684,human,in vivo,extracellular,bulk
PB2,211,2144,1,ERR3474684,human,in vivo,extracellular,bulk
PB2,238,2143,6,ERR3474684,human,in vivo,extracellular,bulk
PB2,239,274,7,ERR3474684,human,in vivo,extracellular,bulk
PB2,243,2013,4,ERR3474684,human,in vivo,extracellular,bulk
PB2,243,2073,28,ERR3474684,human,in vivo,extracellular,bulk
PB2,243,2127,11,ERR3474684,human,in vivo,extracellular,bulk
PB2,243,2246,5,ERR3474684,human,in vivo,extracellular,bulk
PB2,244,1872,6,ERR3474684,human,in vivo,extracellular,bulk
PB2,244,2055,1,ERR3474684,human,in vivo,extracellular,bulk
PB2,244,2125,119,ERR3474684,human,in vivo,extracellular,bulk
PB2,244,2144,16,ERR3474684,human,in vivo,extracellular,bulk
PB2,244,2206,14,ERR3474684,human,in vivo,extracellular,bulk
PB2,244,2216,13,ERR3474684,human,in vivo,extracellular,bulk
PB2,244,2265,8,ERR3474684,human,in vivo,extracellular,bulk
PB2,245,2212,12,ERR3474684,human,in vivo,extracellular,bulk
PB2,247,2009,6,ERR3474684,human,in vivo,extracellular,bulk
PB2,253,2073,23,ERR3474684,human,in vivo,extracellular,bulk
PB2,254,2072,7,ERR3474684,human,in vivo,extracellular,bulk
PB2,264,2148,13,ERR3474684,human,in vivo,extracellular,bulk
PB2,267,2052,1,ERR3474684,human,in vivo,extracellular,bulk
PB2,268,1862,5,ERR3474684,human,in vivo,extracellular,bulk
PB2,269,2054,202,ERR3474684,human,in vivo,extracellular,bulk
PB2,277,2197,2,ERR3474684,human,in vivo,extracellular,bulk
PB2,285,2249,5,ERR3474684,human,in vivo,extracellular,bulk
PB2,291,2020,12,ERR3474684,human,in vivo,extracellular,bulk
PB2,307,2145,25,ERR3474684,human,in vivo,extracellular,bulk
PB2,326,1888,16,ERR3474684,human,in vivo,extracellular,bulk
PB2,334,2257,8,ERR3474684,human,in vivo,extracellular,bulk
PB2,335,2145,7,ERR3474684,human,in vivo,extracellular,bulk
PB2,343,1877,37,ERR3474684,human,in vivo,extracellular,bulk
PB2,348,2060,159,ERR3474684,human,in vivo,extracellular,bulk
PB2,351,1980,6,ERR3474684,human,in vivo,extracellular,bulk
PB2,351,2088,4,ERR3474684,human,in vivo,extracellular,bulk
PB2,357,2071,2,ERR3474684,human,in vivo,extracellular,bulk
PB2,357,2077,48,ERR3474684,human,in vivo,extracellular,bulk
PB2,370,1906,1,ERR3474684,human,in vivo,extracellular,bulk
PB2,376,1959,1,ERR3474684,human,in vivo,extracellular,bulk
PB2,379,2061,11,ERR3474684,human,in vivo,extracellular,bulk
PB2,387,1882,5,ERR3474684,human,in vivo,extracellular,bulk
PB2,389,2191,12,ERR3474684,human,in vivo,extracellular,bulk
PB2,391,1957,16,ERR3474684,human,in vivo,extracellular,bulk
PB2,394,1966,1,ERR3474684,human,in vivo,extracellular,bulk
PB2,395,2059,39,ERR3474684,human,in vivo,extracellular,bulk
PB2,396,2006,14,ERR3474684,human,in vivo,extracellular,bulk
PB2,401,2055,15,ERR3474684,human,in vivo,extracellular,bulk
PB2,405,1889,4,ERR3474684,human,in vivo,extracellular,bulk
PB2,417,1927,18,ERR3474684,human,in vivo,extracellular,bulk
PB2,417,2033,8,ERR3474684,human,in vivo,extracellular,bulk
PB2,417,2071,10,ERR3474684,human,in vivo,extracellular,bulk
PB2,425,2041,6,ERR3474684,human,in vivo,extracellular,bulk
PB2,427,1962,6,ERR3474684,human,in vivo,extracellular,bulk
PB2,428,1928,5,ERR3474684,human,in vivo,extracellular,bulk
PB2,431,2031,6,ERR3474684,human,in vivo,extracellular,bulk
PB2,443,1775,2,ERR3474684,human,in vivo,extracellular,bulk
PB2,448,1987,15,ERR3474684,human,in vivo,extracellular,bulk
PB2,451,1936,4,ERR3474684,human,in vivo,extracellular,bulk
PB2,452,1802,10,ERR3474684,human,in vivo,extracellular,bulk
PB2,452,2006,11,ERR3474684,human,in vivo,extracellular,bulk
PB2,454,1910,4,ERR3474684,human,in vivo,extracellular,bulk
PB2,454,1978,20,ERR3474684,human,in vivo,extracellular,bulk
PB2,467,1768,6,ERR3474684,human,in vivo,extracellular,bulk
PB2,46,1927,4,ERR3474684,human,in vivo,extracellular,bulk
PB2,470,1917,11,ERR3474684,human,in vivo,extracellular,bulk
PB2,472,1872,10,ERR3474684,human,in vivo,extracellular,bulk
PB2,472,1966,5,ERR3474684,human,in vivo,extracellular,bulk
PB2,481,1926,5,ERR3474684,human,in vivo,extracellular,bulk
PB2,497,1789,1,ERR3474684,human,in vivo,extracellular,bulk
PB2,498,1790,10,ERR3474684,human,in vivo,extracellular,bulk
PB2,499,1776,6,ERR3474684,human,in vivo,extracellular,bulk
PB2,502,1837,2,ERR3474684,human,in vivo,extracellular,bulk
PB2,503,1916,10,ERR3474684,human,in vivo,extracellular,bulk
PB2,506,1755,29,ERR3474684,human,in vivo,extracellular,bulk
PB2,509,1937,4,ERR3474684,human,in vivo,extracellular,bulk
PB2,509,2067,10,ERR3474684,human,in vivo,extracellular,bulk
PB2,511,1909,18,ERR3474684,human,in vivo,extracellular,bulk
PB2,511,1965,15,ERR3474684,human,in vivo,extracellular,bulk
PB2,511,1966,1,ERR3474684,human,in vivo,extracellular,bulk
PB2,512,1930,9,ERR3474684,human,in vivo,extracellular,bulk
PB2,514,1838,13,ERR3474684,human,in vivo,extracellular,bulk
PB2,522,2024,38,ERR3474684,human,in vivo,extracellular,bulk
PB2,526,2067,5,ERR3474684,human,in vivo,extracellular,bulk
PB2,527,2021,8,ERR3474684,human,in vivo,extracellular,bulk
PB2,538,2249,10,ERR3474684,human,in vivo,extracellular,bulk
PB2,563,1880,8,ERR3474684,human,in vivo,extracellular,bulk
PB2,563,1888,7,ERR3474684,human,in vivo,extracellular,bulk
PB2,571,1880,4,ERR3474684,human,in vivo,extracellular,bulk
PB2,571,1888,1,ERR3474684,human,in vivo,extracellular,bulk
PB2,577,1875,7,ERR3474684,human,in vivo,extracellular,bulk
PB2,584,1878,21,ERR3474684,human,in vivo,extracellular,bulk
PB2,585,2029,23,ERR3474684,human,in vivo,extracellular,bulk
PB2,586,1758,14,ERR3474684,human,in vivo,extracellular,bulk
PB2,587,1784,13,ERR3474684,human,in vivo,extracellular,bulk
PB2,587,2019,12,ERR3474684,human,in vivo,extracellular,bulk
PB2,597,1862,10,ERR3474684,human,in vivo,extracellular,bulk
PB2,598,1982,4,ERR3474684,human,in vivo,extracellular,bulk
PB2,599,1608,4,ERR3474684,human,in vivo,extracellular,bulk
PB2,600,1835,6,ERR3474684,human,in vivo,extracellular,bulk
PB2,604,1909,20,ERR3474684,human,in vivo,extracellular,bulk
PB2,607,1754,23,ERR3474684,human,in vivo,extracellular,bulk
PB2,610,1615,8,ERR3474684,human,in vivo,extracellular,bulk
PB2,615,2249,1,ERR3474684,human,in vivo,extracellular,bulk
PB2,617,1575,12,ERR3474684,human,in vivo,extracellular,bulk
PB2,632,1961,17,ERR3474684,human,in vivo,extracellular,bulk
PB2,633,1632,3,ERR3474684,human,in vivo,extracellular,bulk
PB2,634,1636,21,ERR3474684,human,in vivo,extracellular,bulk
PB2,635,1633,1,ERR3474684,human,in vivo,extracellular,bulk
PB2,635,1679,16,ERR3474684,human,in vivo,extracellular,bulk
PB2,643,1614,3,ERR3474684,human,in vivo,extracellular,bulk
PB2,643,1784,6,ERR3474684,human,in vivo,extracellular,bulk
PB2,646,1613,4,ERR3474684,human,in vivo,extracellular,bulk
PB2,646,1707,8,ERR3474684,human,in vivo,extracellular,bulk
PB2,647,1621,2,ERR3474684,human,in vivo,extracellular,bulk
PB2,65,1997,3,ERR3474684,human,in vivo,extracellular,bulk
PB2,696,1541,11,ERR3474684,human,in vivo,extracellular,bulk
PB2,705,1750,6,ERR3474684,human,in vivo,extracellular,bulk
PB2,735,1575,10,ERR3474684,human,in vivo,extracellular,bulk
PB2,748,1889,7,ERR3474684,human,in vivo,extracellular,bulk
PB2,771,1668,2,ERR3474684,human,in vivo,extracellular,bulk
PB2,783,1733,6,ERR3474684,human,in vivo,extracellular,bulk
PB2,785,1524,3,ERR3474684,human,in vivo,extracellular,bulk
PB2,791,1661,3,ERR3474684,human,in vivo,extracellular,bulk
PB2,835,1476,13,ERR3474684,human,in vivo,extracellular,bulk
PB2,837,1520,6,ERR3474684,human,in vivo,extracellular,bulk
PB2,842,2006,8,ERR3474684,human,in vivo,extracellular,bulk
PB2,857,1541,11,ERR3474684,human,in vivo,extracellular,bulk
PB2,858,2251,13,ERR3474684,human,in vivo,extracellular,bulk
PB2,980,1382,4,ERR3474684,human,in vivo,extracellular,bulk
PB2,995,2301,3,ERR3474684,human,in vivo,extracellular,bulk
PA,109,2000,7,ERR3474684,human,in vivo,extracellular,bulk
PA,1376,2020,1,ERR3474684,human,in vivo,extracellular,bulk
PA,154,192,3,ERR3474684,human,in vivo,extracellular,bulk
PA,155,197,1,ERR3474684,human,in vivo,extracellular,bulk
PA,167,1999,1,ERR3474684,human,in vivo,extracellular,bulk
PA,173,2063,39,ERR3474684,human,in vivo,extracellular,bulk
PA,1742,1949,6,ERR3474684,human,in vivo,extracellular,bulk
PA,184,2160,6,ERR3474684,human,in vivo,extracellular,bulk
PA,1917,2158,4,ERR3474684,human,in vivo,extracellular,bulk
PA,1918,2159,1,ERR3474684,human,in vivo,extracellular,bulk
PA,191,2062,1,ERR3474684,human,in vivo,extracellular,bulk
PA,194,1829,7,ERR3474684,human,in vivo,extracellular,bulk
PA,200,2174,2,ERR3474684,human,in vivo,extracellular,bulk
PA,2065,2127,12,ERR3474684,human,in vivo,extracellular,bulk
PA,2086,2127,12,ERR3474684,human,in vivo,extracellular,bulk
PA,210,2113,6,ERR3474684,human,in vivo,extracellular,bulk
PA,211,2041,6,ERR3474684,human,in vivo,extracellular,bulk
PA,2146,2210,5,ERR3474684,human,in vivo,extracellular,bulk
PA,216,2124,2,ERR3474684,human,in vivo,extracellular,bulk
PA,259,2043,3,ERR3474684,human,in vivo,extracellular,bulk
PA,259,2063,7,ERR3474684,human,in vivo,extracellular,bulk
PA,263,2035,3,ERR3474684,human,in vivo,extracellular,bulk
PA,283,1491,1,ERR3474684,human,in vivo,extracellular,bulk
PA,305,2005,10,ERR3474684,human,in vivo,extracellular,bulk
PA,314,1905,4,ERR3474684,human,in vivo,extracellular,bulk
PA,320,1905,6,ERR3474684,human,in vivo,extracellular,bulk
PA,366,1861,18,ERR3474684,human,in vivo,extracellular,bulk
PA,367,2034,6,ERR3474684,human,in vivo,extracellular,bulk
PA,367,2121,5,ERR3474684,human,in vivo,extracellular,bulk
PA,379,429,3,ERR3474684,human,in vivo,extracellular,bulk
PA,383,1826,1,ERR3474684,human,in vivo,extracellular,bulk
PA,399,1858,5,ERR3474684,human,in vivo,extracellular,bulk
PA,400,1829,1,ERR3474684,human,in vivo,extracellular,bulk
PA,413,1904,1,ERR3474684,human,in vivo,extracellular,bulk
PA,416,1860,16,ERR3474684,human,in vivo,extracellular,bulk
PA,420,1828,10,ERR3474684,human,in vivo,extracellular,bulk
PA,421,1857,4,ERR3474684,human,in vivo,extracellular,bulk
PA,426,1901,5,ERR3474684,human,in vivo,extracellular,bulk
PA,436,1854,11,ERR3474684,human,in vivo,extracellular,bulk
PA,441,1780,1,ERR3474684,human,in vivo,extracellular,bulk
PA,453,1825,1,ERR3474684,human,in vivo,extracellular,bulk
PA,455,1863,5,ERR3474684,human,in vivo,extracellular,bulk
PA,463,1719,4,ERR3474684,human,in vivo,extracellular,bulk
PA,463,1853,1,ERR3474684,human,in vivo,extracellular,bulk
PA,463,1858,7,ERR3474684,human,in vivo,extracellular,bulk
PA,463,1860,5,ERR3474684,human,in vivo,extracellular,bulk
PA,464,1838,2,ERR3474684,human,in vivo,extracellular,bulk
PA,465,1828,1,ERR3474684,human,in vivo,extracellular,bulk
PA,477,1837,4,ERR3474684,human,in vivo,extracellular,bulk
PA,489,1821,5,ERR3474684,human,in vivo,extracellular,bulk
PA,489,1837,7,ERR3474684,human,in vivo,extracellular,bulk
PA,48,91,1,ERR3474684,human,in vivo,extracellular,bulk
PA,493,1827,8,ERR3474684,human,in vivo,extracellular,bulk
PA,496,1793,7,ERR3474684,human,in vivo,extracellular,bulk
PA,496,1909,7,ERR3474684,human,in vivo,extracellular,bulk
PA,500,1688,1,ERR3474684,human,in vivo,extracellular,bulk
PA,500,1826,8,ERR3474684,human,in vivo,extracellular,bulk
PA,505,1810,8,ERR3474684,human,in vivo,extracellular,bulk
PA,514,1822,3,ERR3474684,human,in vivo,extracellular,bulk
PA,515,1754,4,ERR3474684,human,in vivo,extracellular,bulk
PA,515,1811,8,ERR3474684,human,in vivo,extracellular,bulk
PA,515,1856,13,ERR3474684,human,in vivo,extracellular,bulk
PA,517,1884,6,ERR3474684,human,in vivo,extracellular,bulk
PA,522,1677,1,ERR3474684,human,in vivo,extracellular,bulk
PA,525,1610,2,ERR3474684,human,in vivo,extracellular,bulk
PA,528,2003,2,ERR3474684,human,in vivo,extracellular,bulk
PA,531,1860,27,ERR3474684,human,in vivo,extracellular,bulk
PA,556,1859,10,ERR3474684,human,in vivo,extracellular,bulk
PA,567,1724,1,ERR3474684,human,in vivo,extracellular,bulk
PA,573,1680,4,ERR3474684,human,in vivo,extracellular,bulk
PA,593,1860,3,ERR3474684,human,in vivo,extracellular,bulk
PA,601,1563,3,ERR3474684,human,in vivo,extracellular,bulk
PA,603,1595,6,ERR3474684,human,in vivo,extracellular,bulk
PA,607,1729,4,ERR3474684,human,in vivo,extracellular,bulk
PA,607,1854,5,ERR3474684,human,in vivo,extracellular,bulk
PA,608,1503,1,ERR3474684,human,in vivo,extracellular,bulk
PA,615,1363,8,ERR3474684,human,in vivo,extracellular,bulk
PA,630,1620,38,ERR3474684,human,in vivo,extracellular,bulk
PA,630,1687,8,ERR3474684,human,in vivo,extracellular,bulk
PA,636,1859,1,ERR3474684,human,in vivo,extracellular,bulk
PA,637,1859,1,ERR3474684,human,in vivo,extracellular,bulk
PA,638,1859,1064,ERR3474684,human,in vivo,extracellular,bulk
PA,639,1860,2,ERR3474684,human,in vivo,extracellular,bulk
PA,646,1520,1,ERR3474684,human,in vivo,extracellular,bulk
PA,647,1676,2,ERR3474684,human,in vivo,extracellular,bulk
PA,653,1870,7,ERR3474684,human,in vivo,extracellular,bulk
PA,654,1521,4,ERR3474684,human,in vivo,extracellular,bulk
PA,657,1624,4,ERR3474684,human,in vivo,extracellular,bulk
PA,69,1858,1,ERR3474684,human,in vivo,extracellular,bulk
PA,704,1639,11,ERR3474684,human,in vivo,extracellular,bulk
PA,711,1589,4,ERR3474684,human,in vivo,extracellular,bulk
PA,721,1704,39,ERR3474684,human,in vivo,extracellular,bulk
PA,763,1638,5,ERR3474684,human,in vivo,extracellular,bulk
PA,766,1484,4,ERR3474684,human,in vivo,extracellular,bulk
PA,779,1464,15,ERR3474684,human,in vivo,extracellular,bulk
PA,792,825,1,ERR3474684,human,in vivo,extracellular,bulk
PA,801,1485,8,ERR3474684,human,in vivo,extracellular,bulk
PA,809,1795,34,ERR3474684,human,in vivo,extracellular,bulk
PA,838,1572,2,ERR3474684,human,in vivo,extracellular,bulk
HA,846,982,1,ERR3474684,human,in vivo,extracellular,bulk
NP,118,1626,8,ERR3474684,human,in vivo,extracellular,bulk
NP,564,1406,4,ERR3474684,human,in vivo,extracellular,bulk
NP,894,1246,2,ERR3474684,human,in vivo,extracellular,bulk
M,113,1033,4,ERR3474684,human,in vivo,extracellular,bulk
M,240,861,2,ERR3474684,human,in vivo,extracellular,bulk
M,96,1029,4,ERR3474684,human,in vivo,extracellular,bulk
PB1,330,2118,173,ERR3474685,human,in vivo,extracellular,bulk
PB1,585,1750,1,ERR3474685,human,in vivo,extracellular,bulk
PB1,946,2047,1,ERR3474685,human,in vivo,extracellular,bulk
PB2,164,2211,137,ERR3474685,human,in vivo,extracellular,bulk
PB2,577,599,1,ERR3474685,human,in vivo,extracellular,bulk
PB2,698,1194,1,ERR3474685,human,in vivo,extracellular,bulk
PB2,877,1530,5,ERR3474685,human,in vivo,extracellular,bulk
PA,110,261,54,ERR3474685,human,in vivo,extracellular,bulk
PA,1468,1606,1,ERR3474685,human,in vivo,extracellular,bulk
PA,928,1837,16,ERR3474685,human,in vivo,extracellular,bulk
PB1,1827,2122,1,ERR3474686,human,in vivo,extracellular,bulk
PB1,311,2012,2,ERR3474686,human,in vivo,extracellular,bulk
PB1,353,2004,230,ERR3474686,human,in vivo,extracellular,bulk
PB1,372,1924,1,ERR3474686,human,in vivo,extracellular,bulk
PB1,375,1927,1,ERR3474686,human,in vivo,extracellular,bulk
PB1,381,2007,1,ERR3474686,human,in vivo,extracellular,bulk
PB1,396,1916,3,ERR3474686,human,in vivo,extracellular,bulk
PB1,502,1738,355,ERR3474686,human,in vivo,extracellular,bulk
PB1,507,2120,96,ERR3474686,human,in vivo,extracellular,bulk
PB2,203,2208,82,ERR3474686,human,in vivo,extracellular,bulk
PB2,498,1954,155,ERR3474686,human,in vivo,extracellular,bulk
PB2,618,1630,1,ERR3474686,human,in vivo,extracellular,bulk
PB2,622,1634,166,ERR3474686,human,in vivo,extracellular,bulk
PB2,716,1832,204,ERR3474686,human,in vivo,extracellular,bulk
PA,484,1833,6,ERR3474686,human,in vivo,extracellular,bulk
PA,511,1800,1,ERR3474686,human,in vivo,extracellular,bulk
M,587,626,1,ERR3474686,human,in vivo,extracellular,bulk
PB1,301,1878,1,ERR3474687,human,in vivo,extracellular,bulk
PB1,304,1762,175,ERR3474687,human,in vivo,extracellular,bulk
PB1,305,1763,1,ERR3474687,human,in vivo,extracellular,bulk
PB1,308,2005,44,ERR3474687,human,in vivo,extracellular,bulk
PB1,327,2003,55,ERR3474687,human,in vivo,extracellular,bulk
PB1,333,2179,99,ERR3474687,human,in vivo,extracellular,bulk
PB1,344,2171,42,ERR3474687,human,in vivo,extracellular,bulk
PB1,361,2155,1,ERR3474687,human,in vivo,extracellular,bulk
PB1,386,1934,68,ERR3474687,human,in vivo,extracellular,bulk
PB1,401,2063,167,ERR3474687,human,in vivo,extracellular,bulk
PB1,438,2075,21,ERR3474687,human,in vivo,extracellular,bulk
PB1,456,1860,221,ERR3474687,human,in vivo,extracellular,bulk
PB1,464,1862,1,ERR3474687,human,in vivo,extracellular,bulk
PB1,52,1676,1,ERR3474687,human,in vivo,extracellular,bulk
PB1,534,1864,49,ERR3474687,human,in vivo,extracellular,bulk
PB1,535,1865,1,ERR3474687,human,in vivo,extracellular,bulk
PB1,589,1742,54,ERR3474687,human,in vivo,extracellular,bulk
PB1,625,1655,70,ERR3474687,human,in vivo,extracellular,bulk
PB1,642,1812,1,ERR3474687,human,in vivo,extracellular,bulk
PB1,645,1815,91,ERR3474687,human,in vivo,extracellular,bulk
PB1,693,1594,105,ERR3474687,human,in vivo,extracellular,bulk
PB1,76,1794,36,ERR3474687,human,in vivo,extracellular,bulk
PB1,800,1626,31,ERR3474687,human,in vivo,extracellular,bulk
PB1,829,1600,29,ERR3474687,human,in vivo,extracellular,bulk
PB1,865,1605,2,ERR3474687,human,in vivo,extracellular,bulk
PB1,876,1603,2,ERR3474687,human,in vivo,extracellular,bulk
PB1,879,1574,1,ERR3474687,human,in vivo,extracellular,bulk
PB1,946,2047,1,ERR3474687,human,in vivo,extracellular,bulk
PB1,951,1443,74,ERR3474687,human,in vivo,extracellular,bulk
PB2,1020,1981,67,ERR3474687,human,in vivo,extracellular,bulk
PB2,142,206,90,ERR3474687,human,in vivo,extracellular,bulk
PB2,243,1949,70,ERR3474687,human,in vivo,extracellular,bulk
PB2,243,2125,40,ERR3474687,human,in vivo,extracellular,bulk
PB2,298,2033,37,ERR3474687,human,in vivo,extracellular,bulk
PB2,430,2007,20,ERR3474687,human,in vivo,extracellular,bulk
PB2,468,1666,1,ERR3474687,human,in vivo,extracellular,bulk
PB2,572,1679,51,ERR3474687,human,in vivo,extracellular,bulk
PB2,572,1776,70,ERR3474687,human,in vivo,extracellular,bulk
PB2,584,1878,99,ERR3474687,human,in vivo,extracellular,bulk
PB2,584,1879,1,ERR3474687,human,in vivo,extracellular,bulk
PB2,602,1777,84,ERR3474687,human,in vivo,extracellular,bulk
PB2,624,1708,95,ERR3474687,human,in vivo,extracellular,bulk
PB2,624,1709,1,ERR3474687,human,in vivo,extracellular,bulk
PB2,634,1890,48,ERR3474687,human,in vivo,extracellular,bulk
PB2,748,2068,1,ERR3474687,human,in vivo,extracellular,bulk
PB2,795,1689,39,ERR3474687,human,in vivo,extracellular,bulk
PB2,995,2301,1,ERR3474687,human,in vivo,extracellular,bulk
PA,367,1850,44,ERR3474687,human,in vivo,extracellular,bulk
PA,399,1946,26,ERR3474687,human,in vivo,extracellular,bulk
PA,42,88,10,ERR3474687,human,in vivo,extracellular,bulk
PA,501,1823,55,ERR3474687,human,in vivo,extracellular,bulk
PA,89,2123,4,ERR3474687,human,in vivo,extracellular,bulk
M,477,1046,2,ERR3474687,human,in vivo,extracellular,bulk
PB1,142,2157,29,ERR3474689,human,in vivo,extracellular,bulk
PB1,143,2158,1,ERR3474689,human,in vivo,extracellular,bulk
PB1,1779,2036,1,ERR3474689,human,in vivo,extracellular,bulk
PB1,186,2058,1,ERR3474689,human,in vivo,extracellular,bulk
PB1,188,2060,358,ERR3474689,human,in vivo,extracellular,bulk
PB1,204,2044,2,ERR3474689,human,in vivo,extracellular,bulk
PB1,215,2187,1,ERR3474689,human,in vivo,extracellular,bulk
PB1,234,1917,2,ERR3474689,human,in vivo,extracellular,bulk
PB1,237,2079,2,ERR3474689,human,in vivo,extracellular,bulk
PB1,238,2172,19,ERR3474689,human,in vivo,extracellular,bulk
PB1,240,1797,170,ERR3474689,human,in vivo,extracellular,bulk
PB1,246,2119,2,ERR3474689,human,in vivo,extracellular,bulk
PB1,254,2005,37,ERR3474689,human,in vivo,extracellular,bulk
PB1,257,2155,123,ERR3474689,human,in vivo,extracellular,bulk
PB1,258,2156,1,ERR3474689,human,in vivo,extracellular,bulk
PB1,278,2045,190,ERR3474689,human,in vivo,extracellular,bulk
PB1,280,2047,1,ERR3474689,human,in vivo,extracellular,bulk
PB1,281,1924,13,ERR3474689,human,in vivo,extracellular,bulk
PB1,281,2019,102,ERR3474689,human,in vivo,extracellular,bulk
PB1,282,2020,1,ERR3474689,human,in vivo,extracellular,bulk
PB1,290,2005,1,ERR3474689,human,in vivo,extracellular,bulk
PB1,292,327,2,ERR3474689,human,in vivo,extracellular,bulk
PB1,293,1936,1,ERR3474689,human,in vivo,extracellular,bulk
PB1,294,2041,1,ERR3474689,human,in vivo,extracellular,bulk
PB1,295,1842,1,ERR3474689,human,in vivo,extracellular,bulk
PB1,296,1843,131,ERR3474689,human,in vivo,extracellular,bulk
PB1,296,2043,223,ERR3474689,human,in vivo,extracellular,bulk
PB1,297,1844,1,ERR3474689,human,in vivo,extracellular,bulk
PB1,297,2059,120,ERR3474689,human,in vivo,extracellular,bulk
PB1,299,2018,4,ERR3474689,human,in vivo,extracellular,bulk
PB1,299,2120,110,ERR3474689,human,in vivo,extracellular,bulk
PB1,300,2121,1,ERR3474689,human,in vivo,extracellular,bulk
PB1,301,2020,357,ERR3474689,human,in vivo,extracellular,bulk
PB1,301,2021,1,ERR3474689,human,in vivo,extracellular,bulk
PB1,301,2120,88,ERR3474689,human,in vivo,extracellular,bulk
PB1,302,2021,3,ERR3474689,human,in vivo,extracellular,bulk
PB1,305,2004,112,ERR3474689,human,in vivo,extracellular,bulk
PB1,305,2034,27,ERR3474689,human,in vivo,extracellular,bulk
PB1,308,2016,1,ERR3474689,human,in vivo,extracellular,bulk
PB1,309,2017,147,ERR3474689,human,in vivo,extracellular,bulk
PB1,309,2025,114,ERR3474689,human,in vivo,extracellular,bulk
PB1,310,1994,1,ERR3474689,human,in vivo,extracellular,bulk
PB1,310,2003,232,ERR3474689,human,in vivo,extracellular,bulk
PB1,310,2018,2,ERR3474689,human,in vivo,extracellular,bulk
PB1,310,2195,3,ERR3474689,human,in vivo,extracellular,bulk
PB1,311,2027,4,ERR3474689,human,in vivo,extracellular,bulk
PB1,311,2057,6,ERR3474689,human,in vivo,extracellular,bulk
PB1,311,2203,74,ERR3474689,human,in vivo,extracellular,bulk
PB1,312,2006,475,ERR3474689,human,in vivo,extracellular,bulk
PB1,320,2055,23,ERR3474689,human,in vivo,extracellular,bulk
PB1,326,1978,76,ERR3474689,human,in vivo,extracellular,bulk
PB1,326,2187,49,ERR3474689,human,in vivo,extracellular,bulk
PB1,327,2003,92,ERR3474689,human,in vivo,extracellular,bulk
PB1,330,2118,2,ERR3474689,human,in vivo,extracellular,bulk
PB1,337,1984,1,ERR3474689,human,in vivo,extracellular,bulk
PB1,342,2171,30,ERR3474689,human,in vivo,extracellular,bulk
PB1,344,2065,65,ERR3474689,human,in vivo,extracellular,bulk
PB1,347,2025,113,ERR3474689,human,in vivo,extracellular,bulk
PB1,347,2030,41,ERR3474689,human,in vivo,extracellular,bulk
PB1,347,2045,109,ERR3474689,human,in vivo,extracellular,bulk
PB1,353,2065,67,ERR3474689,human,in vivo,extracellular,bulk
PB1,354,2094,118,ERR3474689,human,in vivo,extracellular,bulk
PB1,358,1710,1,ERR3474689,human,in vivo,extracellular,bulk
PB1,361,2198,1,ERR3474689,human,in vivo,extracellular,bulk
PB1,362,2164,102,ERR3474689,human,in vivo,extracellular,bulk
PB1,364,1941,2,ERR3474689,human,in vivo,extracellular,bulk
PB1,364,1945,151,ERR3474689,human,in vivo,extracellular,bulk
PB1,366,1943,191,ERR3474689,human,in vivo,extracellular,bulk
PB1,367,1944,1,ERR3474689,human,in vivo,extracellular,bulk
PB1,368,1942,1,ERR3474689,human,in vivo,extracellular,bulk
PB1,370,1944,1539,ERR3474689,human,in vivo,extracellular,bulk
PB1,371,1945,7,ERR3474689,human,in vivo,extracellular,bulk
PB1,372,2063,138,ERR3474689,human,in vivo,extracellular,bulk
PB1,373,1903,303,ERR3474689,human,in vivo,extracellular,bulk
PB1,373,1945,2,ERR3474689,human,in vivo,extracellular,bulk
PB1,374,1904,2,ERR3474689,human,in vivo,extracellular,bulk
PB1,376,1946,1,ERR3474689,human,in vivo,extracellular,bulk
PB1,376,2016,1,ERR3474689,human,in vivo,extracellular,bulk
PB1,377,1934,175,ERR3474689,human,in vivo,extracellular,bulk
PB1,379,1934,1,ERR3474689,human,in vivo,extracellular,bulk
PB1,379,1935,1,ERR3474689,human,in vivo,extracellular,bulk
PB1,384,1942,269,ERR3474689,human,in vivo,extracellular,bulk
PB1,385,1943,1,ERR3474689,human,in vivo,extracellular,bulk
PB1,385,1946,166,ERR3474689,human,in vivo,extracellular,bulk
PB1,387,1918,155,ERR3474689,human,in vivo,extracellular,bulk
PB1,404,1817,1,ERR3474689,human,in vivo,extracellular,bulk
PB1,410,1823,133,ERR3474689,human,in vivo,extracellular,bulk
PB1,412,1927,2,ERR3474689,human,in vivo,extracellular,bulk
PB1,425,1997,2,ERR3474689,human,in vivo,extracellular,bulk
PB1,427,2121,106,ERR3474689,human,in vivo,extracellular,bulk
PB1,429,1816,147,ERR3474689,human,in vivo,extracellular,bulk
PB1,436,1796,1,ERR3474689,human,in vivo,extracellular,bulk
PB1,438,2004,197,ERR3474689,human,in vivo,extracellular,bulk
PB1,439,1799,58,ERR3474689,human,in vivo,extracellular,bulk
PB1,446,1990,1,ERR3474689,human,in vivo,extracellular,bulk
PB1,446,2167,6,ERR3474689,human,in vivo,extracellular,bulk
PB1,447,1792,2,ERR3474689,human,in vivo,extracellular,bulk
PB1,447,1828,1,ERR3474689,human,in vivo,extracellular,bulk
PB1,450,1831,446,ERR3474689,human,in vivo,extracellular,bulk
PB1,450,2171,527,ERR3474689,human,in vivo,extracellular,bulk
PB1,451,2121,147,ERR3474689,human,in vivo,extracellular,bulk
PB1,452,1833,1,ERR3474689,human,in vivo,extracellular,bulk
PB1,453,1993,83,ERR3474689,human,in vivo,extracellular,bulk
PB1,453,2007,2,ERR3474689,human,in vivo,extracellular,bulk
PB1,454,1944,208,ERR3474689,human,in vivo,extracellular,bulk
PB1,454,1996,1,ERR3474689,human,in vivo,extracellular,bulk
PB1,455,1945,2,ERR3474689,human,in vivo,extracellular,bulk
PB1,457,1975,1,ERR3474689,human,in vivo,extracellular,bulk
PB1,459,1977,102,ERR3474689,human,in vivo,extracellular,bulk
PB1,460,1941,2,ERR3474689,human,in vivo,extracellular,bulk
PB1,462,1942,195,ERR3474689,human,in vivo,extracellular,bulk
PB1,463,1941,206,ERR3474689,human,in vivo,extracellular,bulk
PB1,464,1990,1,ERR3474689,human,in vivo,extracellular,bulk
PB1,46,2114,1,ERR3474689,human,in vivo,extracellular,bulk
PB1,481,1915,1,ERR3474689,human,in vivo,extracellular,bulk
PB1,500,1904,51,ERR3474689,human,in vivo,extracellular,bulk
PB1,505,1796,102,ERR3474689,human,in vivo,extracellular,bulk
PB1,506,1797,1,ERR3474689,human,in vivo,extracellular,bulk
PB1,506,2261,33,ERR3474689,human,in vivo,extracellular,bulk
PB1,509,1890,64,ERR3474689,human,in vivo,extracellular,bulk
PB1,517,1863,1,ERR3474689,human,in vivo,extracellular,bulk
PB1,518,2190,96,ERR3474689,human,in vivo,extracellular,bulk
PB1,527,1846,146,ERR3474689,human,in vivo,extracellular,bulk
PB1,535,1781,198,ERR3474689,human,in vivo,extracellular,bulk
PB1,576,1772,68,ERR3474689,human,in vivo,extracellular,bulk
PB1,579,2172,81,ERR3474689,human,in vivo,extracellular,bulk
PB1,590,1780,13,ERR3474689,human,in vivo,extracellular,bulk
PB1,593,1734,71,ERR3474689,human,in vivo,extracellular,bulk
PB1,601,1555,1,ERR3474689,human,in vivo,extracellular,bulk
PB1,627,1772,180,ERR3474689,human,in vivo,extracellular,bulk
PB1,628,936,1,ERR3474689,human,in vivo,extracellular,bulk
PB1,637,1777,2,ERR3474689,human,in vivo,extracellular,bulk
PB1,638,1778,867,ERR3474689,human,in vivo,extracellular,bulk
PB1,639,1779,1,ERR3474689,human,in vivo,extracellular,bulk
PB1,697,1673,1,ERR3474689,human,in vivo,extracellular,bulk
PB1,697,2203,109,ERR3474689,human,in vivo,extracellular,bulk
PB1,699,1675,86,ERR3474689,human,in vivo,extracellular,bulk
PB1,759,1542,148,ERR3474689,human,in vivo,extracellular,bulk
PB1,768,1774,63,ERR3474689,human,in vivo,extracellular,bulk
PB1,875,2049,1,ERR3474689,human,in vivo,extracellular,bulk
PB1,917,2216,1,ERR3474689,human,in vivo,extracellular,bulk
PB1,946,2047,2,ERR3474689,human,in vivo,extracellular,bulk
PB2,134,167,44,ERR3474689,human,in vivo,extracellular,bulk
PB2,140,2125,47,ERR3474689,human,in vivo,extracellular,bulk
PB2,143,169,23,ERR3474689,human,in vivo,extracellular,bulk
PB2,154,2084,1,ERR3474689,human,in vivo,extracellular,bulk
PB2,163,1767,73,ERR3474689,human,in vivo,extracellular,bulk
PB2,164,2144,6,ERR3474689,human,in vivo,extracellular,bulk
PB2,164,2195,14,ERR3474689,human,in vivo,extracellular,bulk
PB2,165,211,1,ERR3474689,human,in vivo,extracellular,bulk
PB2,165,232,10,ERR3474689,human,in vivo,extracellular,bulk
PB2,166,2143,1,ERR3474689,human,in vivo,extracellular,bulk
PB2,166,2183,2,ERR3474689,human,in vivo,extracellular,bulk
PB2,167,214,2,ERR3474689,human,in vivo,extracellular,bulk
PB2,167,2149,23,ERR3474689,human,in vivo,extracellular,bulk
PB2,168,2062,1,ERR3474689,human,in vivo,extracellular,bulk
PB2,168,252,1,ERR3474689,human,in vivo,extracellular,bulk
PB2,171,2144,1,ERR3474689,human,in vivo,extracellular,bulk
PB2,196,2146,2,ERR3474689,human,in vivo,extracellular,bulk
PB2,1984,2084,1,ERR3474689,human,in vivo,extracellular,bulk
PB2,203,2122,819,ERR3474689,human,in vivo,extracellular,bulk
PB2,203,2123,1,ERR3474689,human,in vivo,extracellular,bulk
PB2,203,2208,52,ERR3474689,human,in vivo,extracellular,bulk
PB2,205,2124,1,ERR3474689,human,in vivo,extracellular,bulk
PB2,2078,2302,1,ERR3474689,human,in vivo,extracellular,bulk
PB2,2113,2192,17,ERR3474689,human,in vivo,extracellular,bulk
PB2,231,2022,1,ERR3474689,human,in vivo,extracellular,bulk
PB2,234,2212,1,ERR3474689,human,in vivo,extracellular,bulk
PB2,237,2079,1,ERR3474689,human,in vivo,extracellular,bulk
PB2,238,2040,6,ERR3474689,human,in vivo,extracellular,bulk
PB2,238,2205,38,ERR3474689,human,in vivo,extracellular,bulk
PB2,238,2210,32,ERR3474689,human,in vivo,extracellular,bulk
PB2,239,1911,45,ERR3474689,human,in vivo,extracellular,bulk
PB2,241,2122,2,ERR3474689,human,in vivo,extracellular,bulk
PB2,242,2185,1,ERR3474689,human,in vivo,extracellular,bulk
PB2,243,1954,43,ERR3474689,human,in vivo,extracellular,bulk
PB2,243,2045,28,ERR3474689,human,in vivo,extracellular,bulk
PB2,243,2123,835,ERR3474689,human,in vivo,extracellular,bulk
PB2,243,2175,1,ERR3474689,human,in vivo,extracellular,bulk
PB2,243,2193,504,ERR3474689,human,in vivo,extracellular,bulk
PB2,243,2199,124,ERR3474689,human,in vivo,extracellular,bulk
PB2,244,2086,260,ERR3474689,human,in vivo,extracellular,bulk
PB2,244,2124,1,ERR3474689,human,in vivo,extracellular,bulk
PB2,244,2125,1492,ERR3474689,human,in vivo,extracellular,bulk
PB2,244,2144,5,ERR3474689,human,in vivo,extracellular,bulk
PB2,244,2177,1,ERR3474689,human,in vivo,extracellular,bulk
PB2,244,2184,1,ERR3474689,human,in vivo,extracellular,bulk
PB2,244,2206,139,ERR3474689,human,in vivo,extracellular,bulk
PB2,244,2233,25,ERR3474689,human,in vivo,extracellular,bulk
PB2,245,2207,2,ERR3474689,human,in vivo,extracellular,bulk
PB2,245,2212,131,ERR3474689,human,in vivo,extracellular,bulk
PB2,246,2275,20,ERR3474689,human,in vivo,extracellular,bulk
PB2,281,1619,1,ERR3474689,human,in vivo,extracellular,bulk
PB2,285,1994,16,ERR3474689,human,in vivo,extracellular,bulk
PB2,291,1632,1,ERR3474689,human,in vivo,extracellular,bulk
PB2,324,1955,1,ERR3474689,human,in vivo,extracellular,bulk
PB2,348,2060,1,ERR3474689,human,in vivo,extracellular,bulk
PB2,351,2014,51,ERR3474689,human,in vivo,extracellular,bulk
PB2,357,1714,56,ERR3474689,human,in vivo,extracellular,bulk
PB2,358,1954,1,ERR3474689,human,in vivo,extracellular,bulk
PB2,376,2123,9,ERR3474689,human,in vivo,extracellular,bulk
PB2,37,64,10,ERR3474689,human,in vivo,extracellular,bulk
PB2,391,1888,29,ERR3474689,human,in vivo,extracellular,bulk
PB2,391,1949,42,ERR3474689,human,in vivo,extracellular,bulk
PB2,395,1940,110,ERR3474689,human,in vivo,extracellular,bulk
PB2,400,1949,78,ERR3474689,human,in vivo,extracellular,bulk
PB2,414,2275,1,ERR3474689,human,in vivo,extracellular,bulk
PB2,417,1979,36,ERR3474689,human,in vivo,extracellular,bulk
PB2,427,1888,61,ERR3474689,human,in vivo,extracellular,bulk
PB2,428,2032,54,ERR3474689,human,in vivo,extracellular,bulk
PB2,428,2086,2,ERR3474689,human,in vivo,extracellular,bulk
PB2,429,1909,96,ERR3474689,human,in vivo,extracellular,bulk
PB2,429,2056,66,ERR3474689,human,in vivo,extracellular,bulk
PB2,430,2057,1,ERR3474689,human,in vivo,extracellular,bulk
PB2,43,68,14,ERR3474689,human,in vivo,extracellular,bulk
PB2,443,1907,22,ERR3474689,human,in vivo,extracellular,bulk
PB2,443,1934,1,ERR3474689,human,in vivo,extracellular,bulk
PB2,443,1958,48,ERR3474689,human,in vivo,extracellular,bulk
PB2,444,1888,23,ERR3474689,human,in vivo,extracellular,bulk
PB2,444,1905,38,ERR3474689,human,in vivo,extracellular,bulk
PB2,44,69,1,ERR3474689,human,in vivo,extracellular,bulk
PB2,460,1513,1,ERR3474689,human,in vivo,extracellular,bulk
PB2,461,1997,25,ERR3474689,human,in vivo,extracellular,bulk
PB2,470,2235,50,ERR3474689,human,in vivo,extracellular,bulk
PB2,471,1758,10,ERR3474689,human,in vivo,extracellular,bulk
PB2,537,1738,87,ERR3474689,human,in vivo,extracellular,bulk
PB2,553,1363,1,ERR3474689,human,in vivo,extracellular,bulk
PB2,558,1875,1,ERR3474689,human,in vivo,extracellular,bulk
PB2,596,2251,1,ERR3474689,human,in vivo,extracellular,bulk
PB2,860,1633,92,ERR3474689,human,in vivo,extracellular,bulk
PB2,995,2301,1,ERR3474689,human,in vivo,extracellular,bulk
PA,103,2006,21,ERR3474689,human,in vivo,extracellular,bulk
PA,106,175,70,ERR3474689,human,in vivo,extracellular,bulk
PA,169,2006,83,ERR3474689,human,in vivo,extracellular,bulk
PA,169,2052,9,ERR3474689,human,in vivo,extracellular,bulk
PA,170,214,50,ERR3474689,human,in vivo,extracellular,bulk
PA,173,2045,23,ERR3474689,human,in vivo,extracellular,bulk
PA,173,214,12,ERR3474689,human,in vivo,extracellular,bulk
PA,1747,1787,1,ERR3474689,human,in vivo,extracellular,bulk
PA,191,2042,77,ERR3474689,human,in vivo,extracellular,bulk
PA,192,2000,40,ERR3474689,human,in vivo,extracellular,bulk
PA,192,2128,12,ERR3474689,human,in vivo,extracellular,bulk
PA,210,2046,11,ERR3474689,human,in vivo,extracellular,bulk
PA,210,2123,17,ERR3474689,human,in vivo,extracellular,bulk
PA,211,1861,28,ERR3474689,human,in vivo,extracellular,bulk
PA,2134,2172,19,ERR3474689,human,in vivo,extracellular,bulk
PA,214,2064,31,ERR3474689,human,in vivo,extracellular,bulk
PA,227,2118,12,ERR3474689,human,in vivo,extracellular,bulk
PA,229,2041,1,ERR3474689,human,in vivo,extracellular,bulk
PA,259,1823,3,ERR3474689,human,in vivo,extracellular,bulk
PA,261,2037,19,ERR3474689,human,in vivo,extracellular,bulk
PA,307,1908,28,ERR3474689,human,in vivo,extracellular,bulk
PA,314,1857,62,ERR3474689,human,in vivo,extracellular,bulk
PA,368,2134,7,ERR3474689,human,in vivo,extracellular,bulk
PA,369,1812,5,ERR3474689,human,in vivo,extracellular,bulk
PA,371,2036,14,ERR3474689,human,in vivo,extracellular,bulk
PA,379,1811,7,ERR3474689,human,in vivo,extracellular,bulk
PA,399,1858,43,ERR3474689,human,in vivo,extracellular,bulk
PA,400,1829,1,ERR3474689,human,in vivo,extracellular,bulk
PA,400,1859,1,ERR3474689,human,in vivo,extracellular,bulk
PA,416,1912,2,ERR3474689,human,in vivo,extracellular,bulk
PA,417,2110,1,ERR3474689,human,in vivo,extracellular,bulk
PA,421,1857,104,ERR3474689,human,in vivo,extracellular,bulk
PA,426,1856,262,ERR3474689,human,in vivo,extracellular,bulk
PA,42,72,4,ERR3474689,human,in vivo,extracellular,bulk
PA,432,1923,1,ERR3474689,human,in vivo,extracellular,bulk
PA,433,1770,89,ERR3474689,human,in vivo,extracellular,bulk
PA,436,1936,44,ERR3474689,human,in vivo,extracellular,bulk
PA,457,1860,34,ERR3474689,human,in vivo,extracellular,bulk
PA,463,1731,9,ERR3474689,human,in vivo,extracellular,bulk
PA,488,1813,12,ERR3474689,human,in vivo,extracellular,bulk
PA,490,1831,47,ERR3474689,human,in vivo,extracellular,bulk
PA,500,1742,23,ERR3474689,human,in vivo,extracellular,bulk
PA,503,1811,6,ERR3474689,human,in vivo,extracellular,bulk
PA,514,1811,150,ERR3474689,human,in vivo,extracellular,bulk
PA,514,1856,54,ERR3474689,human,in vivo,extracellular,bulk
PA,515,1731,43,ERR3474689,human,in vivo,extracellular,bulk
PA,517,1733,1,ERR3474689,human,in vivo,extracellular,bulk
PA,518,1719,14,ERR3474689,human,in vivo,extracellular,bulk
PA,520,1905,62,ERR3474689,human,in vivo,extracellular,bulk
PA,524,1741,1,ERR3474689,human,in vivo,extracellular,bulk
PA,525,1928,38,ERR3474689,human,in vivo,extracellular,bulk
PA,526,1811,61,ERR3474689,human,in vivo,extracellular,bulk
PA,537,1862,26,ERR3474689,human,in vivo,extracellular,bulk
PA,541,1772,91,ERR3474689,human,in vivo,extracellular,bulk
PA,542,1859,90,ERR3474689,human,in vivo,extracellular,bulk
PA,543,1936,62,ERR3474689,human,in vivo,extracellular,bulk
PA,572,1861,1,ERR3474689,human,in vivo,extracellular,bulk
PA,602,1945,381,ERR3474689,human,in vivo,extracellular,bulk
PA,602,1946,2,ERR3474689,human,in vivo,extracellular,bulk
PA,67,92,2,ERR3474689,human,in vivo,extracellular,bulk
PA,775,1504,122,ERR3474689,human,in vivo,extracellular,bulk
PA,847,1396,124,ERR3474689,human,in vivo,extracellular,bulk
NA,349,1093,5,ERR3474689,human,in vivo,extracellular,bulk
NA,391,1265,1,ERR3474689,human,in vivo,extracellular,bulk
M,107,1007,3,ERR3474689,human,in vivo,extracellular,bulk
M,108,1008,859,ERR3474689,human,in vivo,extracellular,bulk
M,109,1009,1,ERR3474689,human,in vivo,extracellular,bulk
M,135,1055,63,ERR3474689,human,in vivo,extracellular,bulk
M,139,1028,1,ERR3474689,human,in vivo,extracellular,bulk
M,141,1030,73,ERR3474689,human,in vivo,extracellular,bulk
M,141,1059,16,ERR3474689,human,in vivo,extracellular,bulk
M,152,1042,12,ERR3474689,human,in vivo,extracellular,bulk
M,152,863,36,ERR3474689,human,in vivo,extracellular,bulk
M,173,1082,2,ERR3474689,human,in vivo,extracellular,bulk
M,189,1086,1,ERR3474689,human,in vivo,extracellular,bulk
M,217,1085,5,ERR3474689,human,in vivo,extracellular,bulk
M,225,1086,14,ERR3474689,human,in vivo,extracellular,bulk
M,250,1056,19,ERR3474689,human,in vivo,extracellular,bulk
PB2,602,1777,1,ERR3474692,human,in vivo,extracellular,bulk
PB1,242,2190,1,ERR3474693,human,in vivo,extracellular,bulk
PB1,365,2047,43,ERR3474693,human,in vivo,extracellular,bulk
PB1,435,1674,19,ERR3474693,human,in vivo,extracellular,bulk
PB1,435,1810,70,ERR3474693,human,in vivo,extracellular,bulk
PB1,449,1727,6,ERR3474693,human,in vivo,extracellular,bulk
PB1,462,1809,65,ERR3474693,human,in vivo,extracellular,bulk
PB1,501,1743,2,ERR3474693,human,in vivo,extracellular,bulk
PB1,502,1744,123,ERR3474693,human,in vivo,extracellular,bulk
PB1,544,1782,1,ERR3474693,human,in vivo,extracellular,bulk
PB1,576,1772,15,ERR3474693,human,in vivo,extracellular,bulk
PB1,686,1841,13,ERR3474693,human,in vivo,extracellular,bulk
PB1,722,1574,21,ERR3474693,human,in vivo,extracellular,bulk
PB1,848,1568,6,ERR3474693,human,in vivo,extracellular,bulk
PB1,867,1596,23,ERR3474693,human,in vivo,extracellular,bulk
PB1,876,1603,1,ERR3474693,human,in vivo,extracellular,bulk
PB2,138,2152,130,ERR3474693,human,in vivo,extracellular,bulk
PB2,166,2143,45,ERR3474693,human,in vivo,extracellular,bulk
PB2,242,2207,1,ERR3474693,human,in vivo,extracellular,bulk
PB2,243,2154,1,ERR3474693,human,in vivo,extracellular,bulk
PB2,243,2208,154,ERR3474693,human,in vivo,extracellular,bulk
PB2,244,2144,9,ERR3474693,human,in vivo,extracellular,bulk
PB2,281,1619,1,ERR3474693,human,in vivo,extracellular,bulk
PB2,325,1665,1,ERR3474693,human,in vivo,extracellular,bulk
PB2,341,1931,32,ERR3474693,human,in vivo,extracellular,bulk
PB2,358,1954,1,ERR3474693,human,in vivo,extracellular,bulk
PB2,392,2144,32,ERR3474693,human,in vivo,extracellular,bulk
PB2,517,1888,33,ERR3474693,human,in vivo,extracellular,bulk
PB2,536,1685,22,ERR3474693,human,in vivo,extracellular,bulk
PB2,639,1520,3,ERR3474693,human,in vivo,extracellular,bulk
PB2,643,1654,11,ERR3474693,human,in vivo,extracellular,bulk
PB2,647,1791,19,ERR3474693,human,in vivo,extracellular,bulk
PB2,719,1777,33,ERR3474693,human,in vivo,extracellular,bulk
PB2,995,2301,1,ERR3474693,human,in vivo,extracellular,bulk
PA,232,2113,11,ERR3474693,human,in vivo,extracellular,bulk
PA,271,1708,29,ERR3474693,human,in vivo,extracellular,bulk
PA,439,1750,15,ERR3474693,human,in vivo,extracellular,bulk
PA,477,1763,1,ERR3474693,human,in vivo,extracellular,bulk
PA,477,1848,19,ERR3474693,human,in vivo,extracellular,bulk
PA,488,1824,13,ERR3474693,human,in vivo,extracellular,bulk
PA,490,1828,12,ERR3474693,human,in vivo,extracellular,bulk
PA,503,1811,4,ERR3474693,human,in vivo,extracellular,bulk
PA,653,1823,18,ERR3474693,human,in vivo,extracellular,bulk
M,134,1032,17,ERR3474693,human,in vivo,extracellular,bulk
PB2,1422,1762,1,ERR3474694,human,in vivo,extracellular,bulk
PB2,1600,1735,1,ERR3474694,human,in vivo,extracellular,bulk
PB2,635,1788,1,ERR3474694,human,in vivo,extracellular,bulk
PB2,640,1793,147,ERR3474694,human,in vivo,extracellular,bulk
PA,417,1524,2,ERR3474694,human,in vivo,extracellular,bulk
PA,636,1592,1,ERR3474694,human,in vivo,extracellular,bulk
NA,696,813,1,ERR3474694,human,in vivo,extracellular,bulk
PB1,296,2075,152,ERR3474697,human,in vivo,extracellular,bulk
PB1,586,1792,1,ERR3474697,human,in vivo,extracellular,bulk
PB2,113,1742,4,ERR3474697,human,in vivo,extracellular,bulk
PB2,1341,1482,1,ERR3474697,human,in vivo,extracellular,bulk
PB2,236,1782,1,ERR3474697,human,in vivo,extracellular,bulk
PB2,244,2184,6,ERR3474697,human,in vivo,extracellular,bulk
PB2,841,1430,124,ERR3474697,human,in vivo,extracellular,bulk
PB1,1033,1430,10,ERR3474698,human,in vivo,extracellular,bulk
PB1,1037,1793,1,ERR3474698,human,in vivo,extracellular,bulk
PB1,242,2163,1,ERR3474698,human,in vivo,extracellular,bulk
PB1,306,2051,39,ERR3474698,human,in vivo,extracellular,bulk
PB1,311,2057,2,ERR3474698,human,in vivo,extracellular,bulk
PB1,344,1697,2,ERR3474698,human,in vivo,extracellular,bulk
PB1,348,2038,23,ERR3474698,human,in vivo,extracellular,bulk
PB1,375,1936,25,ERR3474698,human,in vivo,extracellular,bulk
PB1,378,1864,10,ERR3474698,human,in vivo,extracellular,bulk
PB1,403,2033,27,ERR3474698,human,in vivo,extracellular,bulk
PB1,425,1935,11,ERR3474698,human,in vivo,extracellular,bulk
PB1,438,1778,7,ERR3474698,human,in vivo,extracellular,bulk
PB1,442,1944,41,ERR3474698,human,in vivo,extracellular,bulk
PB1,443,1647,1,ERR3474698,human,in vivo,extracellular,bulk
PB1,443,2007,2,ERR3474698,human,in vivo,extracellular,bulk
PB1,447,1937,20,ERR3474698,human,in vivo,extracellular,bulk
PB1,450,1695,12,ERR3474698,human,in vivo,extracellular,bulk
PB1,454,1944,22,ERR3474698,human,in vivo,extracellular,bulk
PB1,499,1815,17,ERR3474698,human,in vivo,extracellular,bulk
PB1,500,1698,2,ERR3474698,human,in vivo,extracellular,bulk
PB1,500,1814,16,ERR3474698,human,in vivo,extracellular,bulk
PB1,518,1830,1,ERR3474698,human,in vivo,extracellular,bulk
PB1,521,1723,9,ERR3474698,human,in vivo,extracellular,bulk
PB1,527,1625,16,ERR3474698,human,in vivo,extracellular,bulk
PB1,530,1824,3,ERR3474698,human,in vivo,extracellular,bulk
PB1,532,1747,20,ERR3474698,human,in vivo,extracellular,bulk
PB1,534,1776,14,ERR3474698,human,in vivo,extracellular,bulk
PB1,534,1868,30,ERR3474698,human,in vivo,extracellular,bulk
PB1,538,1728,29,ERR3474698,human,in vivo,extracellular,bulk
PB1,540,1864,6,ERR3474698,human,in vivo,extracellular,bulk
PB1,542,1768,3,ERR3474698,human,in vivo,extracellular,bulk
PB1,542,1995,13,ERR3474698,human,in vivo,extracellular,bulk
PB1,589,1749,6,ERR3474698,human,in vivo,extracellular,bulk
PB1,613,1746,11,ERR3474698,human,in vivo,extracellular,bulk
PB1,633,1625,5,ERR3474698,human,in vivo,extracellular,bulk
PB1,635,2042,5,ERR3474698,human,in vivo,extracellular,bulk
PB1,638,1729,9,ERR3474698,human,in vivo,extracellular,bulk
PB1,642,1741,326,ERR3474698,human,in vivo,extracellular,bulk
PB1,644,1737,12,ERR3474698,human,in vivo,extracellular,bulk
PB1,645,1745,6,ERR3474698,human,in vivo,extracellular,bulk
PB1,645,1815,5,ERR3474698,human,in vivo,extracellular,bulk
PB1,647,1749,30,ERR3474698,human,in vivo,extracellular,bulk
PB1,649,1737,16,ERR3474698,human,in vivo,extracellular,bulk
PB1,650,1944,11,ERR3474698,human,in vivo,extracellular,bulk
PB1,686,1939,11,ERR3474698,human,in vivo,extracellular,bulk
PB1,692,1595,21,ERR3474698,human,in vivo,extracellular,bulk
PB1,692,1722,41,ERR3474698,human,in vivo,extracellular,bulk
PB1,692,1758,64,ERR3474698,human,in vivo,extracellular,bulk
PB1,693,1695,12,ERR3474698,human,in vivo,extracellular,bulk
PB1,693,1982,1,ERR3474698,human,in vivo,extracellular,bulk
PB1,696,1595,22,ERR3474698,human,in vivo,extracellular,bulk
PB1,703,1725,7,ERR3474698,human,in vivo,extracellular,bulk
PB1,705,1586,21,ERR3474698,human,in vivo,extracellular,bulk
PB1,711,1577,25,ERR3474698,human,in vivo,extracellular,bulk
PB1,713,1587,1,ERR3474698,human,in vivo,extracellular,bulk
PB1,713,1590,1,ERR3474698,human,in vivo,extracellular,bulk
PB1,714,1574,15,ERR3474698,human,in vivo,extracellular,bulk
PB1,714,1612,2,ERR3474698,human,in vivo,extracellular,bulk
PB1,715,1565,20,ERR3474698,human,in vivo,extracellular,bulk
PB1,719,1497,13,ERR3474698,human,in vivo,extracellular,bulk
PB1,720,1569,47,ERR3474698,human,in vivo,extracellular,bulk
PB1,720,1574,26,ERR3474698,human,in vivo,extracellular,bulk
PB1,721,1574,12,ERR3474698,human,in vivo,extracellular,bulk
PB1,728,1555,18,ERR3474698,human,in vivo,extracellular,bulk
PB1,728,1564,8,ERR3474698,human,in vivo,extracellular,bulk
PB1,728,1678,16,ERR3474698,human,in vivo,extracellular,bulk
PB1,732,1558,15,ERR3474698,human,in vivo,extracellular,bulk
PB1,736,1576,3,ERR3474698,human,in vivo,extracellular,bulk
PB1,747,1511,1,ERR3474698,human,in vivo,extracellular,bulk
PB1,753,1543,6,ERR3474698,human,in vivo,extracellular,bulk
PB1,754,1674,8,ERR3474698,human,in vivo,extracellular,bulk
PB1,757,1719,31,ERR3474698,human,in vivo,extracellular,bulk
PB1,758,1539,13,ERR3474698,human,in vivo,extracellular,bulk
PB1,760,1531,3,ERR3474698,human,in vivo,extracellular,bulk
PB1,763,1543,40,ERR3474698,human,in vivo,extracellular,bulk
PB1,769,1514,11,ERR3474698,human,in vivo,extracellular,bulk
PB1,774,1543,113,ERR3474698,human,in vivo,extracellular,bulk
PB1,774,1608,3,ERR3474698,human,in vivo,extracellular,bulk
PB1,776,1545,1,ERR3474698,human,in vivo,extracellular,bulk
PB1,777,1496,9,ERR3474698,human,in vivo,extracellular,bulk
PB1,777,1509,10,ERR3474698,human,in vivo,extracellular,bulk
PB1,777,1511,17,ERR3474698,human,in vivo,extracellular,bulk
PB1,777,1515,14,ERR3474698,human,in vivo,extracellular,bulk
PB1,778,1610,7,ERR3474698,human,in vivo,extracellular,bulk
PB1,778,1614,2,ERR3474698,human,in vivo,extracellular,bulk
PB1,778,1626,7,ERR3474698,human,in vivo,extracellular,bulk
PB1,786,1575,20,ERR3474698,human,in vivo,extracellular,bulk
PB1,786,1585,2,ERR3474698,human,in vivo,extracellular,bulk
PB1,787,1534,8,ERR3474698,human,in vivo,extracellular,bulk
PB1,790,1522,22,ERR3474698,human,in vivo,extracellular,bulk
PB1,790,1539,11,ERR3474698,human,in vivo,extracellular,bulk
PB1,794,1508,9,ERR3474698,human,in vivo,extracellular,bulk
PB1,794,1536,1,ERR3474698,human,in vivo,extracellular,bulk
PB1,795,1508,17,ERR3474698,human,in vivo,extracellular,bulk
PB1,795,1512,2,ERR3474698,human,in vivo,extracellular,bulk
PB1,795,1541,11,ERR3474698,human,in vivo,extracellular,bulk
PB1,796,1482,6,ERR3474698,human,in vivo,extracellular,bulk
PB1,796,1490,3,ERR3474698,human,in vivo,extracellular,bulk
PB1,798,1611,3,ERR3474698,human,in vivo,extracellular,bulk
PB1,799,1511,51,ERR3474698,human,in vivo,extracellular,bulk
PB1,799,1586,7,ERR3474698,human,in vivo,extracellular,bulk
PB1,800,1611,14,ERR3474698,human,in vivo,extracellular,bulk
PB1,800,1617,4,ERR3474698,human,in vivo,extracellular,bulk
PB1,801,1611,5,ERR3474698,human,in vivo,extracellular,bulk
PB1,829,1498,11,ERR3474698,human,in vivo,extracellular,bulk
PB1,829,1500,4,ERR3474698,human,in vivo,extracellular,bulk
PB1,829,1652,9,ERR3474698,human,in vivo,extracellular,bulk
PB1,830,1566,10,ERR3474698,human,in vivo,extracellular,bulk
PB1,830,1643,10,ERR3474698,human,in vivo,extracellular,bulk
PB1,833,1551,10,ERR3474698,human,in vivo,extracellular,bulk
PB1,833,1608,8,ERR3474698,human,in vivo,extracellular,bulk
PB1,834,1450,13,ERR3474698,human,in vivo,extracellular,bulk
PB1,834,1490,10,ERR3474698,human,in vivo,extracellular,bulk
PB1,839,1534,11,ERR3474698,human,in vivo,extracellular,bulk
PB1,839,1642,8,ERR3474698,human,in vivo,extracellular,bulk
PB1,840,1552,8,ERR3474698,human,in vivo,extracellular,bulk
PB1,848,1494,8,ERR3474698,human,in vivo,extracellular,bulk
PB1,848,1607,13,ERR3474698,human,in vivo,extracellular,bulk
PB1,866,1778,3,ERR3474698,human,in vivo,extracellular,bulk
PB1,867,1556,12,ERR3474698,human,in vivo,extracellular,bulk
PB1,86,1312,1,ERR3474698,human,in vivo,extracellular,bulk
PB1,871,1484,6,ERR3474698,human,in vivo,extracellular,bulk
PB1,873,1593,10,ERR3474698,human,in vivo,extracellular,bulk
PB1,874,1481,10,ERR3474698,human,in vivo,extracellular,bulk
PB1,876,1593,4,ERR3474698,human,in vivo,extracellular,bulk
PB1,878,1466,4,ERR3474698,human,in vivo,extracellular,bulk
PB1,887,1593,6,ERR3474698,human,in vivo,extracellular,bulk
PB1,892,1496,13,ERR3474698,human,in vivo,extracellular,bulk
PB1,892,1509,11,ERR3474698,human,in vivo,extracellular,bulk
PB1,894,1573,18,ERR3474698,human,in vivo,extracellular,bulk
PB1,895,1502,7,ERR3474698,human,in vivo,extracellular,bulk
PB1,896,1445,7,ERR3474698,human,in vivo,extracellular,bulk
PB1,898,1569,2,ERR3474698,human,in vivo,extracellular,bulk
PB1,903,1483,11,ERR3474698,human,in vivo,extracellular,bulk
PB1,907,1559,6,ERR3474698,human,in vivo,extracellular,bulk
PB1,909,1570,10,ERR3474698,human,in vivo,extracellular,bulk
PB1,913,1476,12,ERR3474698,human,in vivo,extracellular,bulk
PB1,921,1540,12,ERR3474698,human,in vivo,extracellular,bulk
PB1,924,1430,16,ERR3474698,human,in vivo,extracellular,bulk
PB1,925,1724,50,ERR3474698,human,in vivo,extracellular,bulk
PB1,927,1695,14,ERR3474698,human,in vivo,extracellular,bulk
PB1,947,1450,8,ERR3474698,human,in vivo,extracellular,bulk
PB1,951,1543,16,ERR3474698,human,in vivo,extracellular,bulk
PB1,953,1680,1,ERR3474698,human,in vivo,extracellular,bulk
PB1,983,1495,14,ERR3474698,human,in vivo,extracellular,bulk
PB1,984,1496,1,ERR3474698,human,in vivo,extracellular,bulk
PB2,1010,1534,12,ERR3474698,human,in vivo,extracellular,bulk
PB2,1019,1464,6,ERR3474698,human,in vivo,extracellular,bulk
PB2,1070,1398,7,ERR3474698,human,in vivo,extracellular,bulk
PB2,141,2215,8,ERR3474698,human,in vivo,extracellular,bulk
PB2,181,2194,5,ERR3474698,human,in vivo,extracellular,bulk
PB2,203,2052,55,ERR3474698,human,in vivo,extracellular,bulk
PB2,243,2303,2,ERR3474698,human,in vivo,extracellular,bulk
PB2,244,2032,7,ERR3474698,human,in vivo,extracellular,bulk
PB2,244,2078,4,ERR3474698,human,in vivo,extracellular,bulk
PB2,244,2086,5,ERR3474698,human,in vivo,extracellular,bulk
PB2,263,2080,10,ERR3474698,human,in vivo,extracellular,bulk
PB2,265,2058,8,ERR3474698,human,in vivo,extracellular,bulk
PB2,283,2123,4,ERR3474698,human,in vivo,extracellular,bulk
PB2,308,1916,6,ERR3474698,human,in vivo,extracellular,bulk
PB2,356,2123,10,ERR3474698,human,in vivo,extracellular,bulk
PB2,379,2003,11,ERR3474698,human,in vivo,extracellular,bulk
PB2,389,1960,8,ERR3474698,human,in vivo,extracellular,bulk
PB2,393,1981,13,ERR3474698,human,in vivo,extracellular,bulk
PB2,428,1896,2,ERR3474698,human,in vivo,extracellular,bulk
PB2,443,1907,38,ERR3474698,human,in vivo,extracellular,bulk
PB2,445,1751,12,ERR3474698,human,in vivo,extracellular,bulk
PB2,451,1949,7,ERR3474698,human,in vivo,extracellular,bulk
PB2,453,1829,5,ERR3474698,human,in vivo,extracellular,bulk
PB2,463,1739,17,ERR3474698,human,in vivo,extracellular,bulk
PB2,466,1963,2,ERR3474698,human,in vivo,extracellular,bulk
PB2,469,1982,8,ERR3474698,human,in vivo,extracellular,bulk
PB2,472,1966,19,ERR3474698,human,in vivo,extracellular,bulk
PB2,480,1865,59,ERR3474698,human,in vivo,extracellular,bulk
PB2,490,1975,3,ERR3474698,human,in vivo,extracellular,bulk
PB2,500,1658,6,ERR3474698,human,in vivo,extracellular,bulk
PB2,505,1688,4,ERR3474698,human,in vivo,extracellular,bulk
PB2,511,1909,12,ERR3474698,human,in vivo,extracellular,bulk
PB2,512,1930,7,ERR3474698,human,in vivo,extracellular,bulk
PB2,520,1966,12,ERR3474698,human,in vivo,extracellular,bulk
PB2,521,1878,14,ERR3474698,human,in vivo,extracellular,bulk
PB2,547,1710,4,ERR3474698,human,in vivo,extracellular,bulk
PB2,563,1888,4,ERR3474698,human,in vivo,extracellular,bulk
PB2,583,2005,13,ERR3474698,human,in vivo,extracellular,bulk
PB2,586,1949,27,ERR3474698,human,in vivo,extracellular,bulk
PB2,607,1907,13,ERR3474698,human,in vivo,extracellular,bulk
PB2,610,1587,13,ERR3474698,human,in vivo,extracellular,bulk
PB2,612,1737,19,ERR3474698,human,in vivo,extracellular,bulk
PB2,632,1632,13,ERR3474698,human,in vivo,extracellular,bulk
PB2,637,1911,27,ERR3474698,human,in vivo,extracellular,bulk
PB2,642,1877,18,ERR3474698,human,in vivo,extracellular,bulk
PB2,643,1592,3,ERR3474698,human,in vivo,extracellular,bulk
PB2,729,1580,11,ERR3474698,human,in vivo,extracellular,bulk
PB2,738,1689,10,ERR3474698,human,in vivo,extracellular,bulk
PB2,743,1582,8,ERR3474698,human,in vivo,extracellular,bulk
PB2,744,1577,5,ERR3474698,human,in vivo,extracellular,bulk
PB2,772,1590,1,ERR3474698,human,in vivo,extracellular,bulk
PB2,792,1521,7,ERR3474698,human,in vivo,extracellular,bulk
PB2,792,1619,3,ERR3474698,human,in vivo,extracellular,bulk
PB2,792,1654,5,ERR3474698,human,in vivo,extracellular,bulk
PB2,840,1534,15,ERR3474698,human,in vivo,extracellular,bulk
PB2,841,1578,15,ERR3474698,human,in vivo,extracellular,bulk
PB2,841,1634,3,ERR3474698,human,in vivo,extracellular,bulk
PB2,842,1467,6,ERR3474698,human,in vivo,extracellular,bulk
PB2,842,1574,15,ERR3474698,human,in vivo,extracellular,bulk
PB2,842,1581,8,ERR3474698,human,in vivo,extracellular,bulk
PB2,860,1577,12,ERR3474698,human,in vivo,extracellular,bulk
PB2,860,1629,4,ERR3474698,human,in vivo,extracellular,bulk
PB2,920,1520,1,ERR3474698,human,in vivo,extracellular,bulk
PB2,922,1483,4,ERR3474698,human,in vivo,extracellular,bulk
PB2,926,1412,3,ERR3474698,human,in vivo,extracellular,bulk
PB2,993,1544,58,ERR3474698,human,in vivo,extracellular,bulk
PB2,995,2301,1,ERR3474698,human,in vivo,extracellular,bulk
PB2,996,1578,1,ERR3474698,human,in vivo,extracellular,bulk
PA,1110,1643,22,ERR3474698,human,in vivo,extracellular,bulk
PA,1128,1612,7,ERR3474698,human,in vivo,extracellular,bulk
PA,1396,2062,4,ERR3474698,human,in vivo,extracellular,bulk
PA,244,2067,19,ERR3474698,human,in vivo,extracellular,bulk
PA,269,2004,2,ERR3474698,human,in vivo,extracellular,bulk
PA,314,1495,10,ERR3474698,human,in vivo,extracellular,bulk
PA,314,1945,20,ERR3474698,human,in vivo,extracellular,bulk
PA,320,1473,11,ERR3474698,human,in vivo,extracellular,bulk
PA,379,1862,26,ERR3474698,human,in vivo,extracellular,bulk
PA,415,1861,16,ERR3474698,human,in vivo,extracellular,bulk
PA,416,1860,3,ERR3474698,human,in vivo,extracellular,bulk
PA,427,2072,4,ERR3474698,human,in vivo,extracellular,bulk
PA,430,1861,19,ERR3474698,human,in vivo,extracellular,bulk
PA,430,1885,9,ERR3474698,human,in vivo,extracellular,bulk
PA,431,1854,11,ERR3474698,human,in vivo,extracellular,bulk
PA,455,1863,10,ERR3474698,human,in vivo,extracellular,bulk
PA,478,1935,4,ERR3474698,human,in vivo,extracellular,bulk
PA,480,1854,5,ERR3474698,human,in vivo,extracellular,bulk
PA,490,1572,3,ERR3474698,human,in vivo,extracellular,bulk
PA,502,1785,12,ERR3474698,human,in vivo,extracellular,bulk
PA,507,1711,10,ERR3474698,human,in vivo,extracellular,bulk
PA,512,1814,7,ERR3474698,human,in vivo,extracellular,bulk
PA,514,1811,22,ERR3474698,human,in vivo,extracellular,bulk
PA,514,1869,7,ERR3474698,human,in vivo,extracellular,bulk
PA,515,1811,16,ERR3474698,human,in vivo,extracellular,bulk
PA,518,1719,17,ERR3474698,human,in vivo,extracellular,bulk
PA,521,1851,3,ERR3474698,human,in vivo,extracellular,bulk
PA,531,1783,74,ERR3474698,human,in vivo,extracellular,bulk
PA,532,1784,1,ERR3474698,human,in vivo,extracellular,bulk
PA,532,1795,2,ERR3474698,human,in vivo,extracellular,bulk
PA,535,918,1,ERR3474698,human,in vivo,extracellular,bulk
PA,556,1639,8,ERR3474698,human,in vivo,extracellular,bulk
PA,557,1683,1,ERR3474698,human,in vivo,extracellular,bulk
PA,605,1723,4,ERR3474698,human,in vivo,extracellular,bulk
PA,619,1850,5,ERR3474698,human,in vivo,extracellular,bulk
PA,635,1641,4,ERR3474698,human,in vivo,extracellular,bulk
PA,654,1638,1,ERR3474698,human,in vivo,extracellular,bulk
PA,698,1722,8,ERR3474698,human,in vivo,extracellular,bulk
PA,725,1781,6,ERR3474698,human,in vivo,extracellular,bulk
PA,796,1470,1,ERR3474698,human,in vivo,extracellular,bulk
PA,805,1407,3,ERR3474698,human,in vivo,extracellular,bulk
PA,805,1761,7,ERR3474698,human,in vivo,extracellular,bulk
PA,892,1611,3,ERR3474698,human,in vivo,extracellular,bulk
PA,943,1356,3,ERR3474698,human,in vivo,extracellular,bulk
HA,1560,1586,2,ERR3474698,human,in vivo,extracellular,bulk
HA,280,1585,4,ERR3474698,human,in vivo,extracellular,bulk
HA,378,1460,9,ERR3474698,human,in vivo,extracellular,bulk
NP,123,1636,2,ERR3474698,human,in vivo,extracellular,bulk
NS,809,846,2,ERR3474698,human,in vivo,extracellular,bulk
PB1,362,2093,369,ERR3474699,human,in vivo,extracellular,bulk
PB1,396,1915,8,ERR3474699,human,in vivo,extracellular,bulk
PB1,770,2059,1,ERR3474699,human,in vivo,extracellular,bulk
PB1,829,1504,1,ERR3474699,human,in vivo,extracellular,bulk
PB2,244,2242,63,ERR3474699,human,in vivo,extracellular,bulk
PB2,275,1691,1,ERR3474699,human,in vivo,extracellular,bulk
PB2,281,1619,1,ERR3474699,human,in vivo,extracellular,bulk
PB2,547,1878,1,ERR3474699,human,in vivo,extracellular,bulk
NA,1010,1099,9,ERR3474699,human,in vivo,extracellular,bulk
NA,347,1102,3,ERR3474699,human,in vivo,extracellular,bulk
M,426,688,1,ERR3474699,human,in vivo,extracellular,bulk
M,634,727,1,ERR3474699,human,in vivo,extracellular,bulk
M,85,196,1,ERR3474699,human,in vivo,extracellular,bulk
PB1,1023,2051,2,ERR3474701,human,in vivo,extracellular,bulk
PB1,1043,1417,3,ERR3474701,human,in vivo,extracellular,bulk
PB1,173,2190,6,ERR3474701,human,in vivo,extracellular,bulk
PB1,1840,2190,5,ERR3474701,human,in vivo,extracellular,bulk
PB1,185,2208,1,ERR3474701,human,in vivo,extracellular,bulk
PB1,239,2167,1,ERR3474701,human,in vivo,extracellular,bulk
PB1,268,1781,3,ERR3474701,human,in vivo,extracellular,bulk
PB1,270,1745,2,ERR3474701,human,in vivo,extracellular,bulk
PB1,272,1942,10,ERR3474701,human,in vivo,extracellular,bulk
PB1,276,2048,1,ERR3474701,human,in vivo,extracellular,bulk
PB1,292,1997,2,ERR3474701,human,in vivo,extracellular,bulk
PB1,297,2108,2,ERR3474701,human,in vivo,extracellular,bulk
PB1,301,2041,5,ERR3474701,human,in vivo,extracellular,bulk
PB1,301,2048,69,ERR3474701,human,in vivo,extracellular,bulk
PB1,302,2002,10,ERR3474701,human,in vivo,extracellular,bulk
PB1,303,2057,12,ERR3474701,human,in vivo,extracellular,bulk
PB1,304,1933,4,ERR3474701,human,in vivo,extracellular,bulk
PB1,304,2019,4,ERR3474701,human,in vivo,extracellular,bulk
PB1,304,2021,5,ERR3474701,human,in vivo,extracellular,bulk
PB1,307,1934,3,ERR3474701,human,in vivo,extracellular,bulk
PB1,309,2004,2,ERR3474701,human,in vivo,extracellular,bulk
PB1,311,2002,7,ERR3474701,human,in vivo,extracellular,bulk
PB1,311,2003,2,ERR3474701,human,in vivo,extracellular,bulk
PB1,322,1590,4,ERR3474701,human,in vivo,extracellular,bulk
PB1,327,1728,2,ERR3474701,human,in vivo,extracellular,bulk
PB1,327,2003,14,ERR3474701,human,in vivo,extracellular,bulk
PB1,336,2045,11,ERR3474701,human,in vivo,extracellular,bulk
PB1,349,2094,2,ERR3474701,human,in vivo,extracellular,bulk
PB1,356,1845,5,ERR3474701,human,in vivo,extracellular,bulk
PB1,362,1934,7,ERR3474701,human,in vivo,extracellular,bulk
PB1,364,1821,4,ERR3474701,human,in vivo,extracellular,bulk
PB1,373,1942,13,ERR3474701,human,in vivo,extracellular,bulk
PB1,378,1940,7,ERR3474701,human,in vivo,extracellular,bulk
PB1,379,1946,4,ERR3474701,human,in vivo,extracellular,bulk
PB1,384,1941,5,ERR3474701,human,in vivo,extracellular,bulk
PB1,386,1942,8,ERR3474701,human,in vivo,extracellular,bulk
PB1,387,1915,29,ERR3474701,human,in vivo,extracellular,bulk
PB1,388,1904,2,ERR3474701,human,in vivo,extracellular,bulk
PB1,388,2025,8,ERR3474701,human,in vivo,extracellular,bulk
PB1,388,2045,7,ERR3474701,human,in vivo,extracellular,bulk
PB1,393,1914,5,ERR3474701,human,in vivo,extracellular,bulk
PB1,397,1902,4,ERR3474701,human,in vivo,extracellular,bulk
PB1,397,1918,4,ERR3474701,human,in vivo,extracellular,bulk
PB1,398,1912,3,ERR3474701,human,in vivo,extracellular,bulk
PB1,399,1903,6,ERR3474701,human,in vivo,extracellular,bulk
PB1,399,1904,3,ERR3474701,human,in vivo,extracellular,bulk
PB1,404,1832,5,ERR3474701,human,in vivo,extracellular,bulk
PB1,419,1977,3,ERR3474701,human,in vivo,extracellular,bulk
PB1,419,2016,10,ERR3474701,human,in vivo,extracellular,bulk
PB1,420,1917,3,ERR3474701,human,in vivo,extracellular,bulk
PB1,420,1918,2,ERR3474701,human,in vivo,extracellular,bulk
PB1,438,1901,3,ERR3474701,human,in vivo,extracellular,bulk
PB1,438,1943,1,ERR3474701,human,in vivo,extracellular,bulk
PB1,442,1944,3,ERR3474701,human,in vivo,extracellular,bulk
PB1,443,1593,6,ERR3474701,human,in vivo,extracellular,bulk
PB1,445,1738,5,ERR3474701,human,in vivo,extracellular,bulk
PB1,446,1821,3,ERR3474701,human,in vivo,extracellular,bulk
PB1,447,1854,1,ERR3474701,human,in vivo,extracellular,bulk
PB1,448,1990,4,ERR3474701,human,in vivo,extracellular,bulk
PB1,450,1846,5,ERR3474701,human,in vivo,extracellular,bulk
PB1,451,1945,5,ERR3474701,human,in vivo,extracellular,bulk
PB1,452,1779,4,ERR3474701,human,in vivo,extracellular,bulk
PB1,453,2102,5,ERR3474701,human,in vivo,extracellular,bulk
PB1,454,1835,52,ERR3474701,human,in vivo,extracellular,bulk
PB1,454,1948,4,ERR3474701,human,in vivo,extracellular,bulk
PB1,495,1904,1,ERR3474701,human,in vivo,extracellular,bulk
PB1,502,1830,1,ERR3474701,human,in vivo,extracellular,bulk
PB1,503,1738,1,ERR3474701,human,in vivo,extracellular,bulk
PB1,508,1587,3,ERR3474701,human,in vivo,extracellular,bulk
PB1,514,1832,6,ERR3474701,human,in vivo,extracellular,bulk
PB1,520,1831,3,ERR3474701,human,in vivo,extracellular,bulk
PB1,527,1729,5,ERR3474701,human,in vivo,extracellular,bulk
PB1,528,1780,7,ERR3474701,human,in vivo,extracellular,bulk
PB1,528,1781,3,ERR3474701,human,in vivo,extracellular,bulk
PB1,529,1769,6,ERR3474701,human,in vivo,extracellular,bulk
PB1,530,1681,1,ERR3474701,human,in vivo,extracellular,bulk
PB1,532,1857,8,ERR3474701,human,in vivo,extracellular,bulk
PB1,534,1778,2,ERR3474701,human,in vivo,extracellular,bulk
PB1,535,1782,3,ERR3474701,human,in vivo,extracellular,bulk
PB1,537,1585,5,ERR3474701,human,in vivo,extracellular,bulk
PB1,542,1608,10,ERR3474701,human,in vivo,extracellular,bulk
PB1,542,1624,10,ERR3474701,human,in vivo,extracellular,bulk
PB1,542,1773,3,ERR3474701,human,in vivo,extracellular,bulk
PB1,542,1778,5,ERR3474701,human,in vivo,extracellular,bulk
PB1,542,1845,8,ERR3474701,human,in vivo,extracellular,bulk
PB1,543,1778,4,ERR3474701,human,in vivo,extracellular,bulk
PB1,546,1870,3,ERR3474701,human,in vivo,extracellular,bulk
PB1,573,1745,1,ERR3474701,human,in vivo,extracellular,bulk
PB1,574,1607,5,ERR3474701,human,in vivo,extracellular,bulk
PB1,576,1772,2,ERR3474701,human,in vivo,extracellular,bulk
PB1,577,1818,1,ERR3474701,human,in vivo,extracellular,bulk
PB1,578,1626,2,ERR3474701,human,in vivo,extracellular,bulk
PB1,579,1737,2,ERR3474701,human,in vivo,extracellular,bulk
PB1,580,1769,3,ERR3474701,human,in vivo,extracellular,bulk
PB1,581,1620,1,ERR3474701,human,in vivo,extracellular,bulk
PB1,582,1711,6,ERR3474701,human,in vivo,extracellular,bulk
PB1,582,1756,5,ERR3474701,human,in vivo,extracellular,bulk
PB1,583,1818,5,ERR3474701,human,in vivo,extracellular,bulk
PB1,585,1539,4,ERR3474701,human,in vivo,extracellular,bulk
PB1,586,1756,2,ERR3474701,human,in vivo,extracellular,bulk
PB1,587,1775,4,ERR3474701,human,in vivo,extracellular,bulk
PB1,587,1818,31,ERR3474701,human,in vivo,extracellular,bulk
PB1,589,1764,2,ERR3474701,human,in vivo,extracellular,bulk
PB1,590,1756,6,ERR3474701,human,in vivo,extracellular,bulk
PB1,593,1734,1,ERR3474701,human,in vivo,extracellular,bulk
PB1,593,1755,1,ERR3474701,human,in vivo,extracellular,bulk
PB1,593,1768,4,ERR3474701,human,in vivo,extracellular,bulk
PB1,593,1778,1,ERR3474701,human,in vivo,extracellular,bulk
PB1,594,1781,1,ERR3474701,human,in vivo,extracellular,bulk
PB1,597,1746,1,ERR3474701,human,in vivo,extracellular,bulk
PB1,597,1768,3,ERR3474701,human,in vivo,extracellular,bulk
PB1,598,1738,2,ERR3474701,human,in vivo,extracellular,bulk
PB1,598,1751,2,ERR3474701,human,in vivo,extracellular,bulk
PB1,611,1770,1,ERR3474701,human,in vivo,extracellular,bulk
PB1,613,1768,7,ERR3474701,human,in vivo,extracellular,bulk
PB1,614,1738,1,ERR3474701,human,in vivo,extracellular,bulk
PB1,623,1556,2,ERR3474701,human,in vivo,extracellular,bulk
PB1,623,1657,2,ERR3474701,human,in vivo,extracellular,bulk
PB1,623,1737,19,ERR3474701,human,in vivo,extracellular,bulk
PB1,623,1780,2,ERR3474701,human,in vivo,extracellular,bulk
PB1,623,1781,1,ERR3474701,human,in vivo,extracellular,bulk
PB1,624,1849,2,ERR3474701,human,in vivo,extracellular,bulk
PB1,627,1772,1,ERR3474701,human,in vivo,extracellular,bulk
PB1,628,1747,8,ERR3474701,human,in vivo,extracellular,bulk
PB1,628,1762,2,ERR3474701,human,in vivo,extracellular,bulk
PB1,628,1766,4,ERR3474701,human,in vivo,extracellular,bulk
PB1,630,1752,5,ERR3474701,human,in vivo,extracellular,bulk
PB1,632,1757,1,ERR3474701,human,in vivo,extracellular,bulk
PB1,633,1609,3,ERR3474701,human,in vivo,extracellular,bulk
PB1,633,1741,4,ERR3474701,human,in vivo,extracellular,bulk
PB1,633,1745,4,ERR3474701,human,in vivo,extracellular,bulk
PB1,633,1747,1,ERR3474701,human,in vivo,extracellular,bulk
PB1,633,1752,2,ERR3474701,human,in vivo,extracellular,bulk
PB1,633,1761,4,ERR3474701,human,in vivo,extracellular,bulk
PB1,633,2025,2,ERR3474701,human,in vivo,extracellular,bulk
PB1,636,1745,2,ERR3474701,human,in vivo,extracellular,bulk
PB1,638,1744,7,ERR3474701,human,in vivo,extracellular,bulk
PB1,640,1558,2,ERR3474701,human,in vivo,extracellular,bulk
PB1,641,1777,1,ERR3474701,human,in vivo,extracellular,bulk
PB1,642,1741,7,ERR3474701,human,in vivo,extracellular,bulk
PB1,644,1722,9,ERR3474701,human,in vivo,extracellular,bulk
PB1,644,1723,7,ERR3474701,human,in vivo,extracellular,bulk
PB1,644,1727,1,ERR3474701,human,in vivo,extracellular,bulk
PB1,644,1737,30,ERR3474701,human,in vivo,extracellular,bulk
PB1,645,1733,4,ERR3474701,human,in vivo,extracellular,bulk
PB1,645,1736,8,ERR3474701,human,in vivo,extracellular,bulk
PB1,645,1745,9,ERR3474701,human,in vivo,extracellular,bulk
PB1,645,1846,1,ERR3474701,human,in vivo,extracellular,bulk
PB1,647,1594,1,ERR3474701,human,in vivo,extracellular,bulk
PB1,647,1749,10,ERR3474701,human,in vivo,extracellular,bulk
PB1,649,1723,2,ERR3474701,human,in vivo,extracellular,bulk
PB1,650,1735,18,ERR3474701,human,in vivo,extracellular,bulk
PB1,650,1915,41,ERR3474701,human,in vivo,extracellular,bulk
PB1,652,1769,2,ERR3474701,human,in vivo,extracellular,bulk
PB1,683,1709,6,ERR3474701,human,in vivo,extracellular,bulk
PB1,684,1609,3,ERR3474701,human,in vivo,extracellular,bulk
PB1,685,1938,3,ERR3474701,human,in vivo,extracellular,bulk
PB1,686,1608,2,ERR3474701,human,in vivo,extracellular,bulk
PB1,687,1679,2,ERR3474701,human,in vivo,extracellular,bulk
PB1,690,1825,1,ERR3474701,human,in vivo,extracellular,bulk
PB1,693,1695,8,ERR3474701,human,in vivo,extracellular,bulk
PB1,697,1697,7,ERR3474701,human,in vivo,extracellular,bulk
PB1,701,1593,8,ERR3474701,human,in vivo,extracellular,bulk
PB1,703,1586,7,ERR3474701,human,in vivo,extracellular,bulk
PB1,708,1844,6,ERR3474701,human,in vivo,extracellular,bulk
PB1,711,1372,2,ERR3474701,human,in vivo,extracellular,bulk
PB1,711,1684,2,ERR3474701,human,in vivo,extracellular,bulk
PB1,711,1755,3,ERR3474701,human,in vivo,extracellular,bulk
PB1,712,1566,6,ERR3474701,human,in vivo,extracellular,bulk
PB1,712,1679,1,ERR3474701,human,in vivo,extracellular,bulk
PB1,714,1682,2,ERR3474701,human,in vivo,extracellular,bulk
PB1,716,1752,2,ERR3474701,human,in vivo,extracellular,bulk
PB1,717,1576,16,ERR3474701,human,in vivo,extracellular,bulk
PB1,717,1646,1,ERR3474701,human,in vivo,extracellular,bulk
PB1,718,1574,3,ERR3474701,human,in vivo,extracellular,bulk
PB1,718,1741,6,ERR3474701,human,in vivo,extracellular,bulk
PB1,719,1569,6,ERR3474701,human,in vivo,extracellular,bulk
PB1,720,1569,3,ERR3474701,human,in vivo,extracellular,bulk
PB1,720,1585,1,ERR3474701,human,in vivo,extracellular,bulk
PB1,721,1679,2,ERR3474701,human,in vivo,extracellular,bulk
PB1,728,1555,7,ERR3474701,human,in vivo,extracellular,bulk
PB1,728,1561,6,ERR3474701,human,in vivo,extracellular,bulk
PB1,728,1573,1,ERR3474701,human,in vivo,extracellular,bulk
PB1,728,1912,1,ERR3474701,human,in vivo,extracellular,bulk
PB1,729,1733,5,ERR3474701,human,in vivo,extracellular,bulk
PB1,730,1626,2,ERR3474701,human,in vivo,extracellular,bulk
PB1,734,1709,3,ERR3474701,human,in vivo,extracellular,bulk
PB1,734,1737,2,ERR3474701,human,in vivo,extracellular,bulk
PB1,737,1540,4,ERR3474701,human,in vivo,extracellular,bulk
PB1,737,1883,12,ERR3474701,human,in vivo,extracellular,bulk
PB1,747,1937,1,ERR3474701,human,in vivo,extracellular,bulk
PB1,753,1768,1,ERR3474701,human,in vivo,extracellular,bulk
PB1,753,1778,4,ERR3474701,human,in vivo,extracellular,bulk
PB1,758,1709,2,ERR3474701,human,in vivo,extracellular,bulk
PB1,758,1737,1,ERR3474701,human,in vivo,extracellular,bulk
PB1,759,1680,1,ERR3474701,human,in vivo,extracellular,bulk
PB1,760,1531,8,ERR3474701,human,in vivo,extracellular,bulk
PB1,763,1614,2,ERR3474701,human,in vivo,extracellular,bulk
PB1,763,1655,1,ERR3474701,human,in vivo,extracellular,bulk
PB1,763,1915,11,ERR3474701,human,in vivo,extracellular,bulk
PB1,767,1516,2,ERR3474701,human,in vivo,extracellular,bulk
PB1,767,1517,4,ERR3474701,human,in vivo,extracellular,bulk
PB1,768,1735,2,ERR3474701,human,in vivo,extracellular,bulk
PB1,769,1769,3,ERR3474701,human,in vivo,extracellular,bulk
PB1,774,1612,2,ERR3474701,human,in vivo,extracellular,bulk
PB1,774,1624,1,ERR3474701,human,in vivo,extracellular,bulk
PB1,775,1562,1,ERR3474701,human,in vivo,extracellular,bulk
PB1,775,1867,2,ERR3474701,human,in vivo,extracellular,bulk
PB1,776,1866,4,ERR3474701,human,in vivo,extracellular,bulk
PB1,777,1553,2,ERR3474701,human,in vivo,extracellular,bulk
PB1,786,1495,3,ERR3474701,human,in vivo,extracellular,bulk
PB1,787,1522,2,ERR3474701,human,in vivo,extracellular,bulk
PB1,787,1535,2,ERR3474701,human,in vivo,extracellular,bulk
PB1,790,1630,1,ERR3474701,human,in vivo,extracellular,bulk
PB1,791,1537,2,ERR3474701,human,in vivo,extracellular,bulk
PB1,793,1863,1,ERR3474701,human,in vivo,extracellular,bulk
PB1,794,1845,6,ERR3474701,human,in vivo,extracellular,bulk
PB1,795,1535,3,ERR3474701,human,in vivo,extracellular,bulk
PB1,798,1522,2,ERR3474701,human,in vivo,extracellular,bulk
PB1,799,1435,4,ERR3474701,human,in vivo,extracellular,bulk
PB1,799,1496,4,ERR3474701,human,in vivo,extracellular,bulk
PB1,799,1509,8,ERR3474701,human,in vivo,extracellular,bulk
PB1,799,1511,2,ERR3474701,human,in vivo,extracellular,bulk
PB1,799,1594,1,ERR3474701,human,in vivo,extracellular,bulk
PB1,800,1484,3,ERR3474701,human,in vivo,extracellular,bulk
PB1,800,1607,1,ERR3474701,human,in vivo,extracellular,bulk
PB1,801,1572,1,ERR3474701,human,in vivo,extracellular,bulk
PB1,801,1611,4,ERR3474701,human,in vivo,extracellular,bulk
PB1,833,1418,11,ERR3474701,human,in vivo,extracellular,bulk
PB1,834,1486,1,ERR3474701,human,in vivo,extracellular,bulk
PB1,839,1539,1,ERR3474701,human,in vivo,extracellular,bulk
PB1,840,1445,2,ERR3474701,human,in vivo,extracellular,bulk
PB1,840,1625,1,ERR3474701,human,in vivo,extracellular,bulk
PB1,848,1538,1,ERR3474701,human,in vivo,extracellular,bulk
PB1,848,1847,3,ERR3474701,human,in vivo,extracellular,bulk
PB1,874,1596,4,ERR3474701,human,in vivo,extracellular,bulk
PB1,878,1508,3,ERR3474701,human,in vivo,extracellular,bulk
PB1,878,1585,1,ERR3474701,human,in vivo,extracellular,bulk
PB1,878,1605,5,ERR3474701,human,in vivo,extracellular,bulk
PB1,892,1584,1,ERR3474701,human,in vivo,extracellular,bulk
PB1,895,1509,3,ERR3474701,human,in vivo,extracellular,bulk
PB1,896,1576,2,ERR3474701,human,in vivo,extracellular,bulk
PB1,900,1581,3,ERR3474701,human,in vivo,extracellular,bulk
PB1,912,1561,4,ERR3474701,human,in vivo,extracellular,bulk
PB1,920,1856,1,ERR3474701,human,in vivo,extracellular,bulk
PB1,921,1486,3,ERR3474701,human,in vivo,extracellular,bulk
PB1,922,1864,4,ERR3474701,human,in vivo,extracellular,bulk
PB1,927,1496,9,ERR3474701,human,in vivo,extracellular,bulk
PB1,949,1519,2,ERR3474701,human,in vivo,extracellular,bulk
PB1,959,1573,2,ERR3474701,human,in vivo,extracellular,bulk
PB1,963,1700,1,ERR3474701,human,in vivo,extracellular,bulk
PB1,99,1848,12,ERR3474701,human,in vivo,extracellular,bulk
PB2,1050,1414,1,ERR3474701,human,in vivo,extracellular,bulk
PB2,1054,2195,1,ERR3474701,human,in vivo,extracellular,bulk
PB2,1273,2319,1,ERR3474701,human,in vivo,extracellular,bulk
PB2,1559,2025,1,ERR3474701,human,in vivo,extracellular,bulk
PB2,1645,1920,2,ERR3474701,human,in vivo,extracellular,bulk
PB2,164,2144,2,ERR3474701,human,in vivo,extracellular,bulk
PB2,164,2190,6,ERR3474701,human,in vivo,extracellular,bulk
PB2,203,2208,1,ERR3474701,human,in vivo,extracellular,bulk
PB2,242,2197,1,ERR3474701,human,in vivo,extracellular,bulk
PB2,244,2086,6,ERR3474701,human,in vivo,extracellular,bulk
PB2,244,2144,6,ERR3474701,human,in vivo,extracellular,bulk
PB2,244,2206,5,ERR3474701,human,in vivo,extracellular,bulk
PB2,245,2212,2,ERR3474701,human,in vivo,extracellular,bulk
PB2,250,2123,3,ERR3474701,human,in vivo,extracellular,bulk
PB2,267,2148,1,ERR3474701,human,in vivo,extracellular,bulk
PB2,327,1967,3,ERR3474701,human,in vivo,extracellular,bulk
PB2,335,1958,2,ERR3474701,human,in vivo,extracellular,bulk
PB2,351,1872,2,ERR3474701,human,in vivo,extracellular,bulk
PB2,353,2005,2,ERR3474701,human,in vivo,extracellular,bulk
PB2,361,1954,7,ERR3474701,human,in vivo,extracellular,bulk
PB2,367,1964,1,ERR3474701,human,in vivo,extracellular,bulk
PB2,378,2005,4,ERR3474701,human,in vivo,extracellular,bulk
PB2,388,2003,2,ERR3474701,human,in vivo,extracellular,bulk
PB2,390,1841,4,ERR3474701,human,in vivo,extracellular,bulk
PB2,391,2035,5,ERR3474701,human,in vivo,extracellular,bulk
PB2,397,2031,3,ERR3474701,human,in vivo,extracellular,bulk
PB2,400,1710,2,ERR3474701,human,in vivo,extracellular,bulk
PB2,401,1487,1,ERR3474701,human,in vivo,extracellular,bulk
PB2,401,1769,6,ERR3474701,human,in vivo,extracellular,bulk
PB2,401,453,10,ERR3474701,human,in vivo,extracellular,bulk
PB2,403,1949,3,ERR3474701,human,in vivo,extracellular,bulk
PB2,413,2026,1,ERR3474701,human,in vivo,extracellular,bulk
PB2,417,1979,1,ERR3474701,human,in vivo,extracellular,bulk
PB2,417,2033,11,ERR3474701,human,in vivo,extracellular,bulk
PB2,429,1829,2,ERR3474701,human,in vivo,extracellular,bulk
PB2,429,1981,2,ERR3474701,human,in vivo,extracellular,bulk
PB2,443,2051,1,ERR3474701,human,in vivo,extracellular,bulk
PB2,444,1888,1,ERR3474701,human,in vivo,extracellular,bulk
PB2,446,515,3,ERR3474701,human,in vivo,extracellular,bulk
PB2,448,1888,4,ERR3474701,human,in vivo,extracellular,bulk
PB2,454,2010,3,ERR3474701,human,in vivo,extracellular,bulk
PB2,463,1767,2,ERR3474701,human,in vivo,extracellular,bulk
PB2,463,1957,5,ERR3474701,human,in vivo,extracellular,bulk
PB2,464,1872,2,ERR3474701,human,in vivo,extracellular,bulk
PB2,464,1964,3,ERR3474701,human,in vivo,extracellular,bulk
PB2,472,1874,4,ERR3474701,human,in vivo,extracellular,bulk
PB2,472,2064,36,ERR3474701,human,in vivo,extracellular,bulk
PB2,481,1852,1,ERR3474701,human,in vivo,extracellular,bulk
PB2,481,1859,7,ERR3474701,human,in vivo,extracellular,bulk
PB2,481,1948,4,ERR3474701,human,in vivo,extracellular,bulk
PB2,481,2030,3,ERR3474701,human,in vivo,extracellular,bulk
PB2,499,1839,3,ERR3474701,human,in vivo,extracellular,bulk
PB2,499,1841,7,ERR3474701,human,in vivo,extracellular,bulk
PB2,504,1768,11,ERR3474701,human,in vivo,extracellular,bulk
PB2,507,2123,2,ERR3474701,human,in vivo,extracellular,bulk
PB2,509,1747,3,ERR3474701,human,in vivo,extracellular,bulk
PB2,512,1827,3,ERR3474701,human,in vivo,extracellular,bulk
PB2,513,1753,1,ERR3474701,human,in vivo,extracellular,bulk
PB2,515,1748,3,ERR3474701,human,in vivo,extracellular,bulk
PB2,517,1761,4,ERR3474701,human,in vivo,extracellular,bulk
PB2,518,1928,2,ERR3474701,human,in vivo,extracellular,bulk
PB2,519,1787,3,ERR3474701,human,in vivo,extracellular,bulk
PB2,553,1880,1,ERR3474701,human,in vivo,extracellular,bulk
PB2,556,1717,4,ERR3474701,human,in vivo,extracellular,bulk
PB2,559,1839,3,ERR3474701,human,in vivo,extracellular,bulk
PB2,560,1691,2,ERR3474701,human,in vivo,extracellular,bulk
PB2,563,1688,2,ERR3474701,human,in vivo,extracellular,bulk
PB2,563,1877,1,ERR3474701,human,in vivo,extracellular,bulk
PB2,563,1888,1,ERR3474701,human,in vivo,extracellular,bulk
PB2,570,1648,1,ERR3474701,human,in vivo,extracellular,bulk
PB2,572,1774,4,ERR3474701,human,in vivo,extracellular,bulk
PB2,575,1688,5,ERR3474701,human,in vivo,extracellular,bulk
PB2,576,1776,4,ERR3474701,human,in vivo,extracellular,bulk
PB2,576,2006,3,ERR3474701,human,in vivo,extracellular,bulk
PB2,579,1762,6,ERR3474701,human,in vivo,extracellular,bulk
PB2,583,1788,4,ERR3474701,human,in vivo,extracellular,bulk
PB2,585,1776,3,ERR3474701,human,in vivo,extracellular,bulk
PB2,586,1835,1,ERR3474701,human,in vivo,extracellular,bulk
PB2,588,1615,3,ERR3474701,human,in vivo,extracellular,bulk
PB2,588,1656,2,ERR3474701,human,in vivo,extracellular,bulk
PB2,593,1761,2,ERR3474701,human,in vivo,extracellular,bulk
PB2,595,1755,22,ERR3474701,human,in vivo,extracellular,bulk
PB2,599,1760,2,ERR3474701,human,in vivo,extracellular,bulk
PB2,599,1980,5,ERR3474701,human,in vivo,extracellular,bulk
PB2,600,1677,2,ERR3474701,human,in vivo,extracellular,bulk
PB2,603,1834,1,ERR3474701,human,in vivo,extracellular,bulk
PB2,604,1967,2,ERR3474701,human,in vivo,extracellular,bulk
PB2,607,1538,1,ERR3474701,human,in vivo,extracellular,bulk
PB2,607,1861,3,ERR3474701,human,in vivo,extracellular,bulk
PB2,608,1748,3,ERR3474701,human,in vivo,extracellular,bulk
PB2,610,1761,2,ERR3474701,human,in vivo,extracellular,bulk
PB2,615,2055,2,ERR3474701,human,in vivo,extracellular,bulk
PB2,617,1681,1,ERR3474701,human,in vivo,extracellular,bulk
PB2,618,1828,2,ERR3474701,human,in vivo,extracellular,bulk
PB2,620,1635,4,ERR3474701,human,in vivo,extracellular,bulk
PB2,620,1686,2,ERR3474701,human,in vivo,extracellular,bulk
PB2,620,1740,2,ERR3474701,human,in vivo,extracellular,bulk
PB2,621,1951,2,ERR3474701,human,in vivo,extracellular,bulk
PB2,623,1633,2,ERR3474701,human,in vivo,extracellular,bulk
PB2,623,1731,4,ERR3474701,human,in vivo,extracellular,bulk
PB2,624,1429,1,ERR3474701,human,in vivo,extracellular,bulk
PB2,624,1829,4,ERR3474701,human,in vivo,extracellular,bulk
PB2,632,1827,1,ERR3474701,human,in vivo,extracellular,bulk
PB2,633,1647,2,ERR3474701,human,in vivo,extracellular,bulk
PB2,634,1710,7,ERR3474701,human,in vivo,extracellular,bulk
PB2,634,1739,1,ERR3474701,human,in vivo,extracellular,bulk
PB2,634,1890,5,ERR3474701,human,in vivo,extracellular,bulk
PB2,635,1633,10,ERR3474701,human,in vivo,extracellular,bulk
PB2,642,1634,5,ERR3474701,human,in vivo,extracellular,bulk
PB2,642,1739,2,ERR3474701,human,in vivo,extracellular,bulk
PB2,642,1888,5,ERR3474701,human,in vivo,extracellular,bulk
PB2,643,1789,6,ERR3474701,human,in vivo,extracellular,bulk
PB2,643,1828,14,ERR3474701,human,in vivo,extracellular,bulk
PB2,643,1872,3,ERR3474701,human,in vivo,extracellular,bulk
PB2,646,1895,1,ERR3474701,human,in vivo,extracellular,bulk
PB2,699,1738,1,ERR3474701,human,in vivo,extracellular,bulk
PB2,702,1739,1,ERR3474701,human,in vivo,extracellular,bulk
PB2,707,1788,3,ERR3474701,human,in vivo,extracellular,bulk
PB2,721,1350,1,ERR3474701,human,in vivo,extracellular,bulk
PB2,726,1758,2,ERR3474701,human,in vivo,extracellular,bulk
PB2,734,1608,1,ERR3474701,human,in vivo,extracellular,bulk
PB2,734,1654,3,ERR3474701,human,in vivo,extracellular,bulk
PB2,738,1576,3,ERR3474701,human,in vivo,extracellular,bulk
PB2,739,1911,5,ERR3474701,human,in vivo,extracellular,bulk
PB2,744,2123,4,ERR3474701,human,in vivo,extracellular,bulk
PB2,750,1614,2,ERR3474701,human,in vivo,extracellular,bulk
PB2,768,1889,4,ERR3474701,human,in vivo,extracellular,bulk
PB2,772,1635,4,ERR3474701,human,in vivo,extracellular,bulk
PB2,772,1688,2,ERR3474701,human,in vivo,extracellular,bulk
PB2,782,1498,1,ERR3474701,human,in vivo,extracellular,bulk
PB2,787,1534,1,ERR3474701,human,in vivo,extracellular,bulk
PB2,788,1629,3,ERR3474701,human,in vivo,extracellular,bulk
PB2,788,1761,1,ERR3474701,human,in vivo,extracellular,bulk
PB2,792,1608,2,ERR3474701,human,in vivo,extracellular,bulk
PB2,793,2040,1,ERR3474701,human,in vivo,extracellular,bulk
PB2,80,1889,3,ERR3474701,human,in vivo,extracellular,bulk
PB2,842,1573,1,ERR3474701,human,in vivo,extracellular,bulk
PB2,842,1980,1,ERR3474701,human,in vivo,extracellular,bulk
PB2,848,1857,4,ERR3474701,human,in vivo,extracellular,bulk
PB2,857,1470,3,ERR3474701,human,in vivo,extracellular,bulk
PB2,860,1976,3,ERR3474701,human,in vivo,extracellular,bulk
PB2,86,2125,2,ERR3474701,human,in vivo,extracellular,bulk
PB2,922,1491,9,ERR3474701,human,in vivo,extracellular,bulk
PB2,928,1462,5,ERR3474701,human,in vivo,extracellular,bulk
PB2,928,1680,7,ERR3474701,human,in vivo,extracellular,bulk
PA,1118,1195,2,ERR3474701,human,in vivo,extracellular,bulk
PA,112,1868,3,ERR3474701,human,in vivo,extracellular,bulk
PA,1247,1903,1,ERR3474701,human,in vivo,extracellular,bulk
PA,1644,1690,2,ERR3474701,human,in vivo,extracellular,bulk
PA,177,428,1,ERR3474701,human,in vivo,extracellular,bulk
PA,191,2117,4,ERR3474701,human,in vivo,extracellular,bulk
PA,1955,2143,1,ERR3474701,human,in vivo,extracellular,bulk
PA,202,1724,2,ERR3474701,human,in vivo,extracellular,bulk
PA,2098,2185,2,ERR3474701,human,in vivo,extracellular,bulk
PA,223,2069,2,ERR3474701,human,in vivo,extracellular,bulk
PA,277,2042,6,ERR3474701,human,in vivo,extracellular,bulk
PA,296,1504,1,ERR3474701,human,in vivo,extracellular,bulk
PA,298,1506,1,ERR3474701,human,in vivo,extracellular,bulk
PA,304,1870,2,ERR3474701,human,in vivo,extracellular,bulk
PA,306,1907,8,ERR3474701,human,in vivo,extracellular,bulk
PA,306,2033,2,ERR3474701,human,in vivo,extracellular,bulk
PA,314,2034,3,ERR3474701,human,in vivo,extracellular,bulk
PA,366,1621,1,ERR3474701,human,in vivo,extracellular,bulk
PA,367,1857,4,ERR3474701,human,in vivo,extracellular,bulk
PA,371,1859,7,ERR3474701,human,in vivo,extracellular,bulk
PA,399,1906,1,ERR3474701,human,in vivo,extracellular,bulk
PA,401,1870,1,ERR3474701,human,in vivo,extracellular,bulk
PA,401,2080,1,ERR3474701,human,in vivo,extracellular,bulk
PA,416,1856,4,ERR3474701,human,in vivo,extracellular,bulk
PA,453,1857,2,ERR3474701,human,in vivo,extracellular,bulk
PA,453,1885,3,ERR3474701,human,in vivo,extracellular,bulk
PA,458,1856,6,ERR3474701,human,in vivo,extracellular,bulk
PA,463,1858,2,ERR3474701,human,in vivo,extracellular,bulk
PA,464,1859,1,ERR3474701,human,in vivo,extracellular,bulk
PA,478,1723,1,ERR3474701,human,in vivo,extracellular,bulk
PA,486,1706,1,ERR3474701,human,in vivo,extracellular,bulk
PA,490,1857,2,ERR3474701,human,in vivo,extracellular,bulk
PA,492,1739,1,ERR3474701,human,in vivo,extracellular,bulk
PA,496,1750,2,ERR3474701,human,in vivo,extracellular,bulk
PA,496,1881,6,ERR3474701,human,in vivo,extracellular,bulk
PA,497,1750,4,ERR3474701,human,in vivo,extracellular,bulk
PA,49,79,1,ERR3474701,human,in vivo,extracellular,bulk
PA,501,1902,2,ERR3474701,human,in vivo,extracellular,bulk
PA,503,1733,1,ERR3474701,human,in vivo,extracellular,bulk
PA,504,1792,5,ERR3474701,human,in vivo,extracellular,bulk
PA,505,1723,2,ERR3474701,human,in vivo,extracellular,bulk
PA,512,1889,1,ERR3474701,human,in vivo,extracellular,bulk
PA,514,1351,3,ERR3474701,human,in vivo,extracellular,bulk
PA,514,1731,3,ERR3474701,human,in vivo,extracellular,bulk
PA,514,1856,2,ERR3474701,human,in vivo,extracellular,bulk
PA,519,1792,2,ERR3474701,human,in vivo,extracellular,bulk
PA,520,1723,2,ERR3474701,human,in vivo,extracellular,bulk
PA,526,1795,1,ERR3474701,human,in vivo,extracellular,bulk
PA,529,2105,5,ERR3474701,human,in vivo,extracellular,bulk
PA,529,628,5,ERR3474701,human,in vivo,extracellular,bulk
PA,531,924,4,ERR3474701,human,in vivo,extracellular,bulk
PA,536,1796,1,ERR3474701,human,in vivo,extracellular,bulk
PA,542,1714,2,ERR3474701,human,in vivo,extracellular,bulk
PA,547,1782,5,ERR3474701,human,in vivo,extracellular,bulk
PA,556,1639,1,ERR3474701,human,in vivo,extracellular,bulk
PA,561,1676,3,ERR3474701,human,in vivo,extracellular,bulk
PA,562,1637,4,ERR3474701,human,in vivo,extracellular,bulk
PA,562,1639,3,ERR3474701,human,in vivo,extracellular,bulk
PA,577,1622,1,ERR3474701,human,in vivo,extracellular,bulk
PA,577,1761,1,ERR3474701,human,in vivo,extracellular,bulk
PA,583,1683,1,ERR3474701,human,in vivo,extracellular,bulk
PA,601,1676,4,ERR3474701,human,in vivo,extracellular,bulk
PA,602,1581,1,ERR3474701,human,in vivo,extracellular,bulk
PA,604,2047,5,ERR3474701,human,in vivo,extracellular,bulk
PA,618,1790,1,ERR3474701,human,in vivo,extracellular,bulk
PA,618,682,5,ERR3474701,human,in vivo,extracellular,bulk
PA,620,1710,1,ERR3474701,human,in vivo,extracellular,bulk
PA,636,1639,1,ERR3474701,human,in vivo,extracellular,bulk
PA,636,1750,1,ERR3474701,human,in vivo,extracellular,bulk
PA,63,98,2,ERR3474701,human,in vivo,extracellular,bulk
PA,649,1640,5,ERR3474701,human,in vivo,extracellular,bulk
PA,650,1639,2,ERR3474701,human,in vivo,extracellular,bulk
PA,653,1620,3,ERR3474701,human,in vivo,extracellular,bulk
PA,653,1639,3,ERR3474701,human,in vivo,extracellular,bulk
PA,662,1565,3,ERR3474701,human,in vivo,extracellular,bulk
PA,690,1633,3,ERR3474701,human,in vivo,extracellular,bulk
PA,694,1616,2,ERR3474701,human,in vivo,extracellular,bulk
PA,701,1680,2,ERR3474701,human,in vivo,extracellular,bulk
PA,714,1566,6,ERR3474701,human,in vivo,extracellular,bulk
PA,715,1695,1,ERR3474701,human,in vivo,extracellular,bulk
PA,766,1638,4,ERR3474701,human,in vivo,extracellular,bulk
PA,778,1909,1,ERR3474701,human,in vivo,extracellular,bulk
PA,800,1522,1,ERR3474701,human,in vivo,extracellular,bulk
PA,804,1560,1,ERR3474701,human,in vivo,extracellular,bulk
PA,808,1473,4,ERR3474701,human,in vivo,extracellular,bulk
PA,865,1639,2,ERR3474701,human,in vivo,extracellular,bulk
PA,90,1491,5,ERR3474701,human,in vivo,extracellular,bulk
PA,950,1637,1,ERR3474701,human,in vivo,extracellular,bulk
HA,236,1588,1,ERR3474701,human,in vivo,extracellular,bulk
NP,273,1250,1,ERR3474701,human,in vivo,extracellular,bulk
NP,472,1275,1,ERR3474701,human,in vivo,extracellular,bulk
NP,516,802,2,ERR3474701,human,in vivo,extracellular,bulk
NA,107,1240,1,ERR3474701,human,in vivo,extracellular,bulk
M,201,1086,2,ERR3474701,human,in vivo,extracellular,bulk
M,227,909,1,ERR3474701,human,in vivo,extracellular,bulk
M,377,647,2,ERR3474701,human,in vivo,extracellular,bulk
M,425,448,1,ERR3474701,human,in vivo,extracellular,bulk
M,605,744,1,ERR3474701,human,in vivo,extracellular,bulk
NS,851,897,1,ERR3474701,human,in vivo,extracellular,bulk
PB1,302,1990,1,ERR3474702,human,in vivo,extracellular,bulk
PB1,302,2016,2,ERR3474702,human,in vivo,extracellular,bulk
PB1,305,2024,210,ERR3474702,human,in vivo,extracellular,bulk
PB1,310,2195,1,ERR3474702,human,in vivo,extracellular,bulk
PB1,363,2085,1,ERR3474702,human,in vivo,extracellular,bulk
PB1,377,1925,393,ERR3474702,human,in vivo,extracellular,bulk
PB1,399,1713,1,ERR3474702,human,in vivo,extracellular,bulk
PB1,421,1850,1,ERR3474702,human,in vivo,extracellular,bulk
PB1,435,1816,403,ERR3474702,human,in vivo,extracellular,bulk
PB1,540,1778,1,ERR3474702,human,in vivo,extracellular,bulk
PB1,541,1775,1,ERR3474702,human,in vivo,extracellular,bulk
PB1,542,1776,456,ERR3474702,human,in vivo,extracellular,bulk
PB1,544,1782,289,ERR3474702,human,in vivo,extracellular,bulk
PB1,631,1900,1,ERR3474702,human,in vivo,extracellular,bulk
PB1,633,1902,360,ERR3474702,human,in vivo,extracellular,bulk
PB1,648,1743,1,ERR3474702,human,in vivo,extracellular,bulk
PB1,650,1745,222,ERR3474702,human,in vivo,extracellular,bulk
PB1,671,1817,2,ERR3474702,human,in vivo,extracellular,bulk
PB1,687,1723,1,ERR3474702,human,in vivo,extracellular,bulk
PB1,727,1815,1,ERR3474702,human,in vivo,extracellular,bulk
PB1,730,1818,269,ERR3474702,human,in vivo,extracellular,bulk
PB1,731,1819,1,ERR3474702,human,in vivo,extracellular,bulk
PB1,946,2047,1,ERR3474702,human,in vivo,extracellular,bulk
PB2,223,2123,1,ERR3474702,human,in vivo,extracellular,bulk
PB2,248,1911,1,ERR3474702,human,in vivo,extracellular,bulk
PB2,250,1913,418,ERR3474702,human,in vivo,extracellular,bulk
PB2,252,1915,1,ERR3474702,human,in vivo,extracellular,bulk
PB2,258,1914,9,ERR3474702,human,in vivo,extracellular,bulk
PB2,281,1619,1,ERR3474702,human,in vivo,extracellular,bulk
PB2,443,1907,222,ERR3474702,human,in vivo,extracellular,bulk
PB2,446,1952,138,ERR3474702,human,in vivo,extracellular,bulk
PB2,468,1666,1,ERR3474702,human,in vivo,extracellular,bulk
PB2,564,1786,455,ERR3474702,human,in vivo,extracellular,bulk
PB2,565,1787,2,ERR3474702,human,in vivo,extracellular,bulk
PA,313,1916,1,ERR3474702,human,in vivo,extracellular,bulk
PA,328,1450,1,ERR3474702,human,in vivo,extracellular,bulk
PA,416,1901,116,ERR3474702,human,in vivo,extracellular,bulk
PA,417,1902,2,ERR3474702,human,in vivo,extracellular,bulk
PA,439,1702,524,ERR3474702,human,in vivo,extracellular,bulk
PA,452,1756,123,ERR3474702,human,in vivo,extracellular,bulk
PA,45,82,1,ERR3474702,human,in vivo,extracellular,bulk
PA,484,1565,238,ERR3474702,human,in vivo,extracellular,bulk
PA,485,1771,1,ERR3474702,human,in vivo,extracellular,bulk
PA,486,1567,1,ERR3474702,human,in vivo,extracellular,bulk
PA,48,85,67,ERR3474702,human,in vivo,extracellular,bulk
PA,501,1828,1,ERR3474702,human,in vivo,extracellular,bulk
PA,511,1808,5,ERR3474702,human,in vivo,extracellular,bulk
PA,514,1855,1,ERR3474702,human,in vivo,extracellular,bulk
PA,515,1856,320,ERR3474702,human,in vivo,extracellular,bulk
PA,592,1714,1,ERR3474702,human,in vivo,extracellular,bulk
PA,783,2102,1,ERR3474702,human,in vivo,extracellular,bulk
PB1,795,1498,30,ERR3474703,human,in vivo,extracellular,bulk
PB1,449,1934,17,ERR3474704,human,in vivo,extracellular,bulk
PB2,480,1927,19,ERR3474704,human,in vivo,extracellular,bulk
PA,1084,1177,32,ERR3474704,human,in vivo,extracellular,bulk
NP,850,878,3,ERR3474704,human,in vivo,extracellular,bulk
PB1,327,1994,466,ERR3474705,human,in vivo,extracellular,bulk
PB1,328,1995,1,ERR3474705,human,in vivo,extracellular,bulk
PB1,338,1995,2,ERR3474705,human,in vivo,extracellular,bulk
PB1,339,1995,8,ERR3474705,human,in vivo,extracellular,bulk
PB1,402,1912,1,ERR3474705,human,in vivo,extracellular,bulk
PB1,623,1798,82,ERR3474705,human,in vivo,extracellular,bulk
PB1,929,1531,1,ERR3474705,human,in vivo,extracellular,bulk
PB2,205,1871,2,ERR3474705,human,in vivo,extracellular,bulk
PB2,242,2204,10,ERR3474705,human,in vivo,extracellular,bulk
PB2,244,2206,5038,ERR3474705,human,in vivo,extracellular,bulk
PB2,245,2207,30,ERR3474705,human,in vivo,extracellular,bulk
M,347,386,2,ERR3474705,human,in vivo,extracellular,bulk
M,576,814,1,ERR3474705,human,in vivo,extracellular,bulk
PB1,257,2183,502,ERR3474706,human,in vivo,extracellular,bulk
PA,323,1919,1,ERR3474706,human,in vivo,extracellular,bulk
PA,325,1921,1,ERR3474706,human,in vivo,extracellular,bulk
M,655,925,1,ERR3474706,human,in vivo,extracellular,bulk
PB1,1025,1609,2,ERR3474709,human,in vivo,extracellular,bulk
PB1,1031,1781,3,ERR3474709,human,in vivo,extracellular,bulk
PB1,119,2064,18,ERR3474709,human,in vivo,extracellular,bulk
PB1,2146,2184,29,ERR3474709,human,in vivo,extracellular,bulk
PB1,328,2000,8,ERR3474709,human,in vivo,extracellular,bulk
PB1,396,1923,3,ERR3474709,human,in vivo,extracellular,bulk
PB1,439,1450,5,ERR3474709,human,in vivo,extracellular,bulk
PB1,439,2108,2,ERR3474709,human,in vivo,extracellular,bulk
PB1,451,2186,12,ERR3474709,human,in vivo,extracellular,bulk
PB1,509,1814,4,ERR3474709,human,in vivo,extracellular,bulk
PB1,527,1789,5,ERR3474709,human,in vivo,extracellular,bulk
PB1,577,1815,1,ERR3474709,human,in vivo,extracellular,bulk
PB1,580,1594,6,ERR3474709,human,in vivo,extracellular,bulk
PB1,608,1555,1,ERR3474709,human,in vivo,extracellular,bulk
PB1,623,1780,6,ERR3474709,human,in vivo,extracellular,bulk
PB1,624,1756,1,ERR3474709,human,in vivo,extracellular,bulk
PB1,627,1772,2,ERR3474709,human,in vivo,extracellular,bulk
PB1,633,1904,1,ERR3474709,human,in vivo,extracellular,bulk
PB1,639,1758,3,ERR3474709,human,in vivo,extracellular,bulk
PB1,644,1737,3,ERR3474709,human,in vivo,extracellular,bulk
PB1,648,1732,3,ERR3474709,human,in vivo,extracellular,bulk
PB1,650,1752,1,ERR3474709,human,in vivo,extracellular,bulk
PB1,719,1562,5,ERR3474709,human,in vivo,extracellular,bulk
PB1,720,1574,2,ERR3474709,human,in vivo,extracellular,bulk
PB1,729,1680,27,ERR3474709,human,in vivo,extracellular,bulk
PB1,738,1542,3,ERR3474709,human,in vivo,extracellular,bulk
PB1,768,1613,1,ERR3474709,human,in vivo,extracellular,bulk
PB1,774,1698,2,ERR3474709,human,in vivo,extracellular,bulk
PB1,799,1496,3,ERR3474709,human,in vivo,extracellular,bulk
PB1,822,1762,2,ERR3474709,human,in vivo,extracellular,bulk
PB1,873,1593,1,ERR3474709,human,in vivo,extracellular,bulk
PB1,878,1453,5,ERR3474709,human,in vivo,extracellular,bulk
PB1,879,1504,1,ERR3474709,human,in vivo,extracellular,bulk
PB1,887,1456,2,ERR3474709,human,in vivo,extracellular,bulk
PB1,887,1583,1,ERR3474709,human,in vivo,extracellular,bulk
PB2,1060,1434,2,ERR3474709,human,in vivo,extracellular,bulk
PB2,134,2175,2,ERR3474709,human,in vivo,extracellular,bulk
PB2,136,2212,1,ERR3474709,human,in vivo,extracellular,bulk
PB2,146,2085,4,ERR3474709,human,in vivo,extracellular,bulk
PB2,146,2143,4,ERR3474709,human,in vivo,extracellular,bulk
PB2,164,208,2,ERR3474709,human,in vivo,extracellular,bulk
PB2,164,2144,2,ERR3474709,human,in vivo,extracellular,bulk
PB2,164,2153,5,ERR3474709,human,in vivo,extracellular,bulk
PB2,166,2143,3,ERR3474709,human,in vivo,extracellular,bulk
PB2,168,2086,1,ERR3474709,human,in vivo,extracellular,bulk
PB2,203,2052,3,ERR3474709,human,in vivo,extracellular,bulk
PB2,243,2035,1,ERR3474709,human,in vivo,extracellular,bulk
PB2,243,2073,1,ERR3474709,human,in vivo,extracellular,bulk
PB2,244,2032,3,ERR3474709,human,in vivo,extracellular,bulk
PB2,244,2125,1,ERR3474709,human,in vivo,extracellular,bulk
PB2,244,2144,12,ERR3474709,human,in vivo,extracellular,bulk
PB2,244,2151,3,ERR3474709,human,in vivo,extracellular,bulk
PB2,245,1948,2,ERR3474709,human,in vivo,extracellular,bulk
PB2,346,2050,184,ERR3474709,human,in vivo,extracellular,bulk
PB2,351,2197,5,ERR3474709,human,in vivo,extracellular,bulk
PB2,354,2094,2,ERR3474709,human,in vivo,extracellular,bulk
PB2,355,1962,5,ERR3474709,human,in vivo,extracellular,bulk
PB2,363,2149,35,ERR3474709,human,in vivo,extracellular,bulk
PB2,377,1972,6,ERR3474709,human,in vivo,extracellular,bulk
PB2,391,1790,5,ERR3474709,human,in vivo,extracellular,bulk
PB2,392,1962,4,ERR3474709,human,in vivo,extracellular,bulk
PB2,397,1387,3,ERR3474709,human,in vivo,extracellular,bulk
PB2,428,2265,1,ERR3474709,human,in vivo,extracellular,bulk
PB2,429,1965,7,ERR3474709,human,in vivo,extracellular,bulk
PB2,429,1981,3,ERR3474709,human,in vivo,extracellular,bulk
PB2,481,1859,3,ERR3474709,human,in vivo,extracellular,bulk
PB2,516,1103,6,ERR3474709,human,in vivo,extracellular,bulk
PB2,520,1827,1,ERR3474709,human,in vivo,extracellular,bulk
PB2,548,1784,2,ERR3474709,human,in vivo,extracellular,bulk
PB2,563,1888,2,ERR3474709,human,in vivo,extracellular,bulk
PB2,575,1790,3,ERR3474709,human,in vivo,extracellular,bulk
PB2,578,1941,1,ERR3474709,human,in vivo,extracellular,bulk
PB2,580,1939,1,ERR3474709,human,in vivo,extracellular,bulk
PB2,589,1874,1,ERR3474709,human,in vivo,extracellular,bulk
PB2,593,1777,2,ERR3474709,human,in vivo,extracellular,bulk
PB2,598,1758,2,ERR3474709,human,in vivo,extracellular,bulk
PB2,608,1663,11,ERR3474709,human,in vivo,extracellular,bulk
PB2,619,1827,2,ERR3474709,human,in vivo,extracellular,bulk
PB2,621,1690,3,ERR3474709,human,in vivo,extracellular,bulk
PB2,643,1707,2,ERR3474709,human,in vivo,extracellular,bulk
PB2,730,1533,3,ERR3474709,human,in vivo,extracellular,bulk
PB2,771,1679,3,ERR3474709,human,in vivo,extracellular,bulk
PB2,792,1928,1,ERR3474709,human,in vivo,extracellular,bulk
PB2,842,1474,1,ERR3474709,human,in vivo,extracellular,bulk
PB2,843,1963,2,ERR3474709,human,in vivo,extracellular,bulk
PB2,922,1618,3,ERR3474709,human,in vivo,extracellular,bulk
PA,103,1862,2,ERR3474709,human,in vivo,extracellular,bulk
PA,1093,1150,2,ERR3474709,human,in vivo,extracellular,bulk
PA,181,1581,5,ERR3474709,human,in vivo,extracellular,bulk
PA,191,2044,2,ERR3474709,human,in vivo,extracellular,bulk
PA,2062,2104,2,ERR3474709,human,in vivo,extracellular,bulk
PA,259,2027,1,ERR3474709,human,in vivo,extracellular,bulk
PA,263,1582,1,ERR3474709,human,in vivo,extracellular,bulk
PA,305,2010,1,ERR3474709,human,in vivo,extracellular,bulk
PA,407,1857,5,ERR3474709,human,in vivo,extracellular,bulk
PA,475,1827,31,ERR3474709,human,in vivo,extracellular,bulk
PA,508,1739,1,ERR3474709,human,in vivo,extracellular,bulk
PA,514,1901,1,ERR3474709,human,in vivo,extracellular,bulk
PA,518,1720,5,ERR3474709,human,in vivo,extracellular,bulk
PA,543,1858,7,ERR3474709,human,in vivo,extracellular,bulk
PA,62,105,4,ERR3474709,human,in vivo,extracellular,bulk
PA,635,1563,3,ERR3474709,human,in vivo,extracellular,bulk
PA,636,1639,26,ERR3474709,human,in vivo,extracellular,bulk
PA,650,1823,2,ERR3474709,human,in vivo,extracellular,bulk
PA,654,1521,2,ERR3474709,human,in vivo,extracellular,bulk
PA,661,2046,4,ERR3474709,human,in vivo,extracellular,bulk
PA,677,1615,1,ERR3474709,human,in vivo,extracellular,bulk
PA,719,1581,1,ERR3474709,human,in vivo,extracellular,bulk
PA,725,1706,5,ERR3474709,human,in vivo,extracellular,bulk
PA,726,1854,2,ERR3474709,human,in vivo,extracellular,bulk
PA,831,1435,1,ERR3474709,human,in vivo,extracellular,bulk
PA,91,1928,6,ERR3474709,human,in vivo,extracellular,bulk
NA,163,422,3,ERR3474709,human,in vivo,extracellular,bulk
M,112,1028,1,ERR3474709,human,in vivo,extracellular,bulk
M,317,430,7,ERR3474709,human,in vivo,extracellular,bulk
M,406,428,1,ERR3474709,human,in vivo,extracellular,bulk
M,602,691,6,ERR3474709,human,in vivo,extracellular,bulk
M,85,196,1,ERR3474709,human,in vivo,extracellular,bulk
M,95,153,2,ERR3474709,human,in vivo,extracellular,bulk
PA,662,1691,9,ERR3474712,human,in vivo,extracellular,bulk
PB2,1336,1535,2,ERR3474713,human,in vivo,extracellular,bulk
PA,2056,2117,118,ERR3474713,human,in vivo,extracellular,bulk
M,134,700,1,ERR3474713,human,in vivo,extracellular,bulk
PB1,327,2003,146,ERR3474714,human,in vivo,extracellular,bulk
PB1,328,2004,1,ERR3474714,human,in vivo,extracellular,bulk
PB1,333,1907,2,ERR3474714,human,in vivo,extracellular,bulk
PB1,364,1933,129,ERR3474714,human,in vivo,extracellular,bulk
PB1,366,1935,1,ERR3474714,human,in vivo,extracellular,bulk
PB1,400,1915,2,ERR3474714,human,in vivo,extracellular,bulk
PB1,404,1919,172,ERR3474714,human,in vivo,extracellular,bulk
PB1,431,1807,80,ERR3474714,human,in vivo,extracellular,bulk
PB1,459,1766,1,ERR3474714,human,in vivo,extracellular,bulk
PB1,463,1770,53,ERR3474714,human,in vivo,extracellular,bulk
PB1,464,1771,1,ERR3474714,human,in vivo,extracellular,bulk
PB1,489,1814,13,ERR3474714,human,in vivo,extracellular,bulk
PB1,499,1909,1,ERR3474714,human,in vivo,extracellular,bulk
PB1,516,1816,2,ERR3474714,human,in vivo,extracellular,bulk
PB1,528,1867,11,ERR3474714,human,in vivo,extracellular,bulk
PB1,584,1773,72,ERR3474714,human,in vivo,extracellular,bulk
PB1,595,1744,1,ERR3474714,human,in vivo,extracellular,bulk
PB1,597,1746,409,ERR3474714,human,in vivo,extracellular,bulk
PB1,598,1747,1,ERR3474714,human,in vivo,extracellular,bulk
PB1,609,1792,34,ERR3474714,human,in vivo,extracellular,bulk
PB1,628,1769,54,ERR3474714,human,in vivo,extracellular,bulk
PB1,630,1771,1,ERR3474714,human,in vivo,extracellular,bulk
PB1,640,1750,219,ERR3474714,human,in vivo,extracellular,bulk
PB1,640,1779,84,ERR3474714,human,in vivo,extracellular,bulk
PB1,645,1742,151,ERR3474714,human,in vivo,extracellular,bulk
PB1,649,1722,88,ERR3474714,human,in vivo,extracellular,bulk
PB1,653,1642,166,ERR3474714,human,in vivo,extracellular,bulk
PB1,686,1694,46,ERR3474714,human,in vivo,extracellular,bulk
PB1,726,1124,1,ERR3474714,human,in vivo,extracellular,bulk
PB1,726,1735,1,ERR3474714,human,in vivo,extracellular,bulk
PB1,728,1555,69,ERR3474714,human,in vivo,extracellular,bulk
PB1,728,1564,146,ERR3474714,human,in vivo,extracellular,bulk
PB1,728,1737,559,ERR3474714,human,in vivo,extracellular,bulk
PB1,732,1749,1,ERR3474714,human,in vivo,extracellular,bulk
PB1,734,1750,160,ERR3474714,human,in vivo,extracellular,bulk
PB1,745,1541,1,ERR3474714,human,in vivo,extracellular,bulk
PB1,749,1531,103,ERR3474714,human,in vivo,extracellular,bulk
PB1,754,1788,177,ERR3474714,human,in vivo,extracellular,bulk
PB1,755,1789,1,ERR3474714,human,in vivo,extracellular,bulk
PB1,759,1543,97,ERR3474714,human,in vivo,extracellular,bulk
PB1,760,1531,4,ERR3474714,human,in vivo,extracellular,bulk
PB1,766,1518,177,ERR3474714,human,in vivo,extracellular,bulk
PB1,767,1517,63,ERR3474714,human,in vivo,extracellular,bulk
PB1,775,1540,81,ERR3474714,human,in vivo,extracellular,bulk
PB1,776,1866,23,ERR3474714,human,in vivo,extracellular,bulk
PB1,776,1867,54,ERR3474714,human,in vivo,extracellular,bulk
PB1,787,1540,11,ERR3474714,human,in vivo,extracellular,bulk
PB1,790,1539,74,ERR3474714,human,in vivo,extracellular,bulk
PB1,794,1533,57,ERR3474714,human,in vivo,extracellular,bulk
PB1,797,1536,1,ERR3474714,human,in vivo,extracellular,bulk
PB1,798,1496,59,ERR3474714,human,in vivo,extracellular,bulk
PB1,798,1534,40,ERR3474714,human,in vivo,extracellular,bulk
PB1,799,1515,26,ERR3474714,human,in vivo,extracellular,bulk
PB1,819,1491,1,ERR3474714,human,in vivo,extracellular,bulk
PB1,829,1645,3,ERR3474714,human,in vivo,extracellular,bulk
PB1,830,1482,18,ERR3474714,human,in vivo,extracellular,bulk
PB1,831,1524,1,ERR3474714,human,in vivo,extracellular,bulk
PB1,840,1496,76,ERR3474714,human,in vivo,extracellular,bulk
PB1,840,1552,71,ERR3474714,human,in vivo,extracellular,bulk
PB1,867,1574,24,ERR3474714,human,in vivo,extracellular,bulk
PB1,873,1615,13,ERR3474714,human,in vivo,extracellular,bulk
PB1,874,1600,85,ERR3474714,human,in vivo,extracellular,bulk
PB1,877,1595,56,ERR3474714,human,in vivo,extracellular,bulk
PB1,878,1596,1,ERR3474714,human,in vivo,extracellular,bulk
PB1,911,1475,217,ERR3474714,human,in vivo,extracellular,bulk
PB1,923,1479,8,ERR3474714,human,in vivo,extracellular,bulk
PB1,950,1543,43,ERR3474714,human,in vivo,extracellular,bulk
PB2,146,2152,48,ERR3474714,human,in vivo,extracellular,bulk
PB2,187,2067,27,ERR3474714,human,in vivo,extracellular,bulk
PB2,391,1937,3,ERR3474714,human,in vivo,extracellular,bulk
PB2,417,2033,50,ERR3474714,human,in vivo,extracellular,bulk
PB2,443,1907,14,ERR3474714,human,in vivo,extracellular,bulk
PB2,520,1997,60,ERR3474714,human,in vivo,extracellular,bulk
PB2,623,1816,2,ERR3474714,human,in vivo,extracellular,bulk
PB2,642,1715,7,ERR3474714,human,in vivo,extracellular,bulk
PB2,651,1662,2,ERR3474714,human,in vivo,extracellular,bulk
PB2,708,1748,58,ERR3474714,human,in vivo,extracellular,bulk
PB2,715,1661,30,ERR3474714,human,in vivo,extracellular,bulk
PB2,915,1463,1,ERR3474714,human,in vivo,extracellular,bulk
PB2,995,2301,1,ERR3474714,human,in vivo,extracellular,bulk
PB2,996,1499,40,ERR3474714,human,in vivo,extracellular,bulk
PA,314,2034,8,ERR3474714,human,in vivo,extracellular,bulk
PA,399,1906,14,ERR3474714,human,in vivo,extracellular,bulk
PA,462,1960,1,ERR3474714,human,in vivo,extracellular,bulk
PA,475,1849,26,ERR3474714,human,in vivo,extracellular,bulk
PA,496,1794,1178,ERR3474714,human,in vivo,extracellular,bulk
PA,498,1796,1,ERR3474714,human,in vivo,extracellular,bulk
PA,517,1812,4,ERR3474714,human,in vivo,extracellular,bulk
PA,528,1826,19,ERR3474714,human,in vivo,extracellular,bulk
PA,530,1899,1,ERR3474714,human,in vivo,extracellular,bulk
PA,601,1676,23,ERR3474714,human,in vivo,extracellular,bulk
PA,707,1687,25,ERR3474714,human,in vivo,extracellular,bulk
PA,730,1639,96,ERR3474714,human,in vivo,extracellular,bulk
PA,778,1491,15,ERR3474714,human,in vivo,extracellular,bulk
PA,824,1520,49,ERR3474714,human,in vivo,extracellular,bulk
PA,839,1374,7,ERR3474714,human,in vivo,extracellular,bulk
M,201,1052,44,ERR3474714,human,in vivo,extracellular,bulk
M,28,217,1,ERR3474714,human,in vivo,extracellular,bulk
M,602,691,1,ERR3474714,human,in vivo,extracellular,bulk
PB1,798,891,1,ERR3474715,human,in vivo,extracellular,bulk
PB1,829,1504,1,ERR3474715,human,in vivo,extracellular,bulk
PB2,1115,1570,1,ERR3474715,human,in vivo,extracellular,bulk
PB2,1150,2067,1,ERR3474715,human,in vivo,extracellular,bulk
PB2,1169,1839,2,ERR3474715,human,in vivo,extracellular,bulk
PB2,1455,1772,1,ERR3474715,human,in vivo,extracellular,bulk
PB2,171,2047,6,ERR3474715,human,in vivo,extracellular,bulk
PB2,174,2050,4,ERR3474715,human,in vivo,extracellular,bulk
PB2,2102,2213,1,ERR3474715,human,in vivo,extracellular,bulk
PB2,2106,2217,205,ERR3474715,human,in vivo,extracellular,bulk
PB2,244,2075,426,ERR3474715,human,in vivo,extracellular,bulk
PB2,244,2125,2,ERR3474715,human,in vivo,extracellular,bulk
PB2,346,2050,1,ERR3474715,human,in vivo,extracellular,bulk
PB2,358,1954,2,ERR3474715,human,in vivo,extracellular,bulk
PB2,390,1965,638,ERR3474715,human,in vivo,extracellular,bulk
PB2,397,827,1,ERR3474715,human,in vivo,extracellular,bulk
PB2,599,1751,3,ERR3474715,human,in vivo,extracellular,bulk
PB2,600,1748,1,ERR3474715,human,in vivo,extracellular,bulk
PB2,600,1749,5,ERR3474715,human,in vivo,extracellular,bulk
PB2,600,1752,799,ERR3474715,human,in vivo,extracellular,bulk
PB2,995,2301,1,ERR3474715,human,in vivo,extracellular,bulk
PA,1436,1748,1,ERR3474715,human,in vivo,extracellular,bulk
PA,1603,2125,1,ERR3474715,human,in vivo,extracellular,bulk
PA,2056,2117,1,ERR3474715,human,in vivo,extracellular,bulk
PA,232,919,1,ERR3474715,human,in vivo,extracellular,bulk
PA,504,1689,37,ERR3474715,human,in vivo,extracellular,bulk
PA,545,887,1,ERR3474715,human,in vivo,extracellular,bulk
PA,655,1434,3,ERR3474715,human,in vivo,extracellular,bulk
PA,656,1435,318,ERR3474715,human,in vivo,extracellular,bulk
HA,195,1629,3,ERR3474715,human,in vivo,extracellular,bulk
NA,685,944,1,ERR3474715,human,in vivo,extracellular,bulk
PB1,110,2120,9,ERR3474716,human,in vivo,extracellular,bulk
PB1,156,2057,1,ERR3474716,human,in vivo,extracellular,bulk
PB1,1592,1642,18,ERR3474716,human,in vivo,extracellular,bulk
PB1,161,2120,23,ERR3474716,human,in vivo,extracellular,bulk
PB1,2132,2185,14,ERR3474716,human,in vivo,extracellular,bulk
PB1,233,2192,11,ERR3474716,human,in vivo,extracellular,bulk
PB1,237,2032,15,ERR3474716,human,in vivo,extracellular,bulk
PB1,239,2028,17,ERR3474716,human,in vivo,extracellular,bulk
PB1,239,2107,81,ERR3474716,human,in vivo,extracellular,bulk
PB1,239,2190,8,ERR3474716,human,in vivo,extracellular,bulk
PB1,252,2047,1,ERR3474716,human,in vivo,extracellular,bulk
PB1,257,2040,63,ERR3474716,human,in vivo,extracellular,bulk
PB1,276,2048,9,ERR3474716,human,in vivo,extracellular,bulk
PB1,277,1489,1,ERR3474716,human,in vivo,extracellular,bulk
PB1,277,1934,14,ERR3474716,human,in vivo,extracellular,bulk
PB1,285,2164,4,ERR3474716,human,in vivo,extracellular,bulk
PB1,291,2034,17,ERR3474716,human,in vivo,extracellular,bulk
PB1,296,1841,27,ERR3474716,human,in vivo,extracellular,bulk
PB1,296,1901,28,ERR3474716,human,in vivo,extracellular,bulk
PB1,299,2061,15,ERR3474716,human,in vivo,extracellular,bulk
PB1,302,2064,100,ERR3474716,human,in vivo,extracellular,bulk
PB1,304,2021,14,ERR3474716,human,in vivo,extracellular,bulk
PB1,305,1694,15,ERR3474716,human,in vivo,extracellular,bulk
PB1,308,2006,3,ERR3474716,human,in vivo,extracellular,bulk
PB1,309,1987,8,ERR3474716,human,in vivo,extracellular,bulk
PB1,309,2004,82,ERR3474716,human,in vivo,extracellular,bulk
PB1,310,1998,135,ERR3474716,human,in vivo,extracellular,bulk
PB1,311,2002,19,ERR3474716,human,in vivo,extracellular,bulk
PB1,311,2052,13,ERR3474716,human,in vivo,extracellular,bulk
PB1,311,2057,1,ERR3474716,human,in vivo,extracellular,bulk
PB1,312,1980,20,ERR3474716,human,in vivo,extracellular,bulk
PB1,313,1934,14,ERR3474716,human,in vivo,extracellular,bulk
PB1,320,2002,1,ERR3474716,human,in vivo,extracellular,bulk
PB1,322,2119,20,ERR3474716,human,in vivo,extracellular,bulk
PB1,322,2188,122,ERR3474716,human,in vivo,extracellular,bulk
PB1,328,2000,35,ERR3474716,human,in vivo,extracellular,bulk
PB1,328,2125,10,ERR3474716,human,in vivo,extracellular,bulk
PB1,330,2118,1,ERR3474716,human,in vivo,extracellular,bulk
PB1,332,1934,15,ERR3474716,human,in vivo,extracellular,bulk
PB1,333,2121,19,ERR3474716,human,in vivo,extracellular,bulk
PB1,333,2170,3,ERR3474716,human,in vivo,extracellular,bulk
PB1,336,1980,11,ERR3474716,human,in vivo,extracellular,bulk
PB1,336,2023,55,ERR3474716,human,in vivo,extracellular,bulk
PB1,338,2014,2,ERR3474716,human,in vivo,extracellular,bulk
PB1,340,2015,1,ERR3474716,human,in vivo,extracellular,bulk
PB1,340,2114,14,ERR3474716,human,in vivo,extracellular,bulk
PB1,344,1941,89,ERR3474716,human,in vivo,extracellular,bulk
PB1,347,2031,3,ERR3474716,human,in vivo,extracellular,bulk
PB1,348,2062,63,ERR3474716,human,in vivo,extracellular,bulk
PB1,352,2044,25,ERR3474716,human,in vivo,extracellular,bulk
PB1,353,2043,27,ERR3474716,human,in vivo,extracellular,bulk
PB1,353,2089,1,ERR3474716,human,in vivo,extracellular,bulk
PB1,353,2187,38,ERR3474716,human,in vivo,extracellular,bulk
PB1,356,2005,6,ERR3474716,human,in vivo,extracellular,bulk
PB1,358,415,1,ERR3474716,human,in vivo,extracellular,bulk
PB1,360,1937,28,ERR3474716,human,in vivo,extracellular,bulk
PB1,361,1994,7,ERR3474716,human,in vivo,extracellular,bulk
PB1,362,1993,39,ERR3474716,human,in vivo,extracellular,bulk
PB1,362,2002,22,ERR3474716,human,in vivo,extracellular,bulk
PB1,362,2093,7,ERR3474716,human,in vivo,extracellular,bulk
PB1,363,1996,1130,ERR3474716,human,in vivo,extracellular,bulk
PB1,365,1937,2,ERR3474716,human,in vivo,extracellular,bulk
PB1,365,1941,14,ERR3474716,human,in vivo,extracellular,bulk
PB1,366,1938,209,ERR3474716,human,in vivo,extracellular,bulk
PB1,369,1934,11,ERR3474716,human,in vivo,extracellular,bulk
PB1,370,1937,19,ERR3474716,human,in vivo,extracellular,bulk
PB1,372,1934,18,ERR3474716,human,in vivo,extracellular,bulk
PB1,372,1945,23,ERR3474716,human,in vivo,extracellular,bulk
PB1,375,1939,18,ERR3474716,human,in vivo,extracellular,bulk
PB1,376,1935,61,ERR3474716,human,in vivo,extracellular,bulk
PB1,376,1940,1,ERR3474716,human,in vivo,extracellular,bulk
PB1,379,2002,15,ERR3474716,human,in vivo,extracellular,bulk
PB1,380,1937,63,ERR3474716,human,in vivo,extracellular,bulk
PB1,380,1944,265,ERR3474716,human,in vivo,extracellular,bulk
PB1,382,1780,19,ERR3474716,human,in vivo,extracellular,bulk
PB1,382,1996,150,ERR3474716,human,in vivo,extracellular,bulk
PB1,385,1914,2,ERR3474716,human,in vivo,extracellular,bulk
PB1,386,1916,19,ERR3474716,human,in vivo,extracellular,bulk
PB1,386,1934,346,ERR3474716,human,in vivo,extracellular,bulk
PB1,387,1915,862,ERR3474716,human,in vivo,extracellular,bulk
PB1,387,1918,17,ERR3474716,human,in vivo,extracellular,bulk
PB1,387,1920,63,ERR3474716,human,in vivo,extracellular,bulk
PB1,388,1916,1,ERR3474716,human,in vivo,extracellular,bulk
PB1,388,1942,74,ERR3474716,human,in vivo,extracellular,bulk
PB1,389,1943,1,ERR3474716,human,in vivo,extracellular,bulk
PB1,391,1922,1,ERR3474716,human,in vivo,extracellular,bulk
PB1,393,1760,5,ERR3474716,human,in vivo,extracellular,bulk
PB1,393,1922,1,ERR3474716,human,in vivo,extracellular,bulk
PB1,394,1782,3,ERR3474716,human,in vivo,extracellular,bulk
PB1,394,1841,219,ERR3474716,human,in vivo,extracellular,bulk
PB1,395,1842,2,ERR3474716,human,in vivo,extracellular,bulk
PB1,395,1924,20,ERR3474716,human,in vivo,extracellular,bulk
PB1,398,1837,2,ERR3474716,human,in vivo,extracellular,bulk
PB1,399,1779,37,ERR3474716,human,in vivo,extracellular,bulk
PB1,399,1902,22,ERR3474716,human,in vivo,extracellular,bulk
PB1,400,1780,1,ERR3474716,human,in vivo,extracellular,bulk
PB1,400,1912,43,ERR3474716,human,in vivo,extracellular,bulk
PB1,400,1993,14,ERR3474716,human,in vivo,extracellular,bulk
PB1,401,1817,9,ERR3474716,human,in vivo,extracellular,bulk
PB1,401,1902,5,ERR3474716,human,in vivo,extracellular,bulk
PB1,401,1905,7,ERR3474716,human,in vivo,extracellular,bulk
PB1,402,2028,19,ERR3474716,human,in vivo,extracellular,bulk
PB1,403,1842,40,ERR3474716,human,in vivo,extracellular,bulk
PB1,404,1919,18,ERR3474716,human,in vivo,extracellular,bulk
PB1,421,1816,10,ERR3474716,human,in vivo,extracellular,bulk
PB1,425,1997,1,ERR3474716,human,in vivo,extracellular,bulk
PB1,425,2018,26,ERR3474716,human,in vivo,extracellular,bulk
PB1,436,1943,17,ERR3474716,human,in vivo,extracellular,bulk
PB1,437,1942,1,ERR3474716,human,in vivo,extracellular,bulk
PB1,438,1778,10,ERR3474716,human,in vivo,extracellular,bulk
PB1,438,1943,46,ERR3474716,human,in vivo,extracellular,bulk
PB1,439,1781,1,ERR3474716,human,in vivo,extracellular,bulk
PB1,441,1912,109,ERR3474716,human,in vivo,extracellular,bulk
PB1,442,1944,10,ERR3474716,human,in vivo,extracellular,bulk
PB1,442,1945,1,ERR3474716,human,in vivo,extracellular,bulk
PB1,446,1934,22,ERR3474716,human,in vivo,extracellular,bulk
PB1,447,1832,1,ERR3474716,human,in vivo,extracellular,bulk
PB1,448,1897,13,ERR3474716,human,in vivo,extracellular,bulk
PB1,449,1945,19,ERR3474716,human,in vivo,extracellular,bulk
PB1,450,1835,180,ERR3474716,human,in vivo,extracellular,bulk
PB1,450,1846,35,ERR3474716,human,in vivo,extracellular,bulk
PB1,450,1945,16,ERR3474716,human,in vivo,extracellular,bulk
PB1,451,1836,2,ERR3474716,human,in vivo,extracellular,bulk
PB1,451,1942,36,ERR3474716,human,in vivo,extracellular,bulk
PB1,452,1844,8,ERR3474716,human,in vivo,extracellular,bulk
PB1,455,1990,15,ERR3474716,human,in vivo,extracellular,bulk
PB1,457,1979,66,ERR3474716,human,in vivo,extracellular,bulk
PB1,458,1775,2,ERR3474716,human,in vivo,extracellular,bulk
PB1,458,1990,13,ERR3474716,human,in vivo,extracellular,bulk
PB1,458,2055,59,ERR3474716,human,in vivo,extracellular,bulk
PB1,466,1978,4,ERR3474716,human,in vivo,extracellular,bulk
PB1,470,1942,2,ERR3474716,human,in vivo,extracellular,bulk
PB1,470,2048,1,ERR3474716,human,in vivo,extracellular,bulk
PB1,495,1902,3,ERR3474716,human,in vivo,extracellular,bulk
PB1,499,1907,1,ERR3474716,human,in vivo,extracellular,bulk
PB1,500,1904,6,ERR3474716,human,in vivo,extracellular,bulk
PB1,504,1816,17,ERR3474716,human,in vivo,extracellular,bulk
PB1,505,1943,26,ERR3474716,human,in vivo,extracellular,bulk
PB1,507,1944,104,ERR3474716,human,in vivo,extracellular,bulk
PB1,507,2044,18,ERR3474716,human,in vivo,extracellular,bulk
PB1,509,1991,18,ERR3474716,human,in vivo,extracellular,bulk
PB1,513,1817,16,ERR3474716,human,in vivo,extracellular,bulk
PB1,513,2185,13,ERR3474716,human,in vivo,extracellular,bulk
PB1,515,1909,2,ERR3474716,human,in vivo,extracellular,bulk
PB1,517,1900,19,ERR3474716,human,in vivo,extracellular,bulk
PB1,519,1912,1,ERR3474716,human,in vivo,extracellular,bulk
PB1,525,1626,8,ERR3474716,human,in vivo,extracellular,bulk
PB1,528,1772,17,ERR3474716,human,in vivo,extracellular,bulk
PB1,528,2015,17,ERR3474716,human,in vivo,extracellular,bulk
PB1,530,1773,50,ERR3474716,human,in vivo,extracellular,bulk
PB1,532,1777,9,ERR3474716,human,in vivo,extracellular,bulk
PB1,534,1863,14,ERR3474716,human,in vivo,extracellular,bulk
PB1,536,1625,9,ERR3474716,human,in vivo,extracellular,bulk
PB1,536,1777,16,ERR3474716,human,in vivo,extracellular,bulk
PB1,538,2040,11,ERR3474716,human,in vivo,extracellular,bulk
PB1,542,1768,84,ERR3474716,human,in vivo,extracellular,bulk
PB1,542,1822,13,ERR3474716,human,in vivo,extracellular,bulk
PB1,542,1852,9,ERR3474716,human,in vivo,extracellular,bulk
PB1,542,1856,13,ERR3474716,human,in vivo,extracellular,bulk
PB1,542,2047,1,ERR3474716,human,in vivo,extracellular,bulk
PB1,543,1782,8,ERR3474716,human,in vivo,extracellular,bulk
PB1,543,1852,12,ERR3474716,human,in vivo,extracellular,bulk
PB1,544,1782,16,ERR3474716,human,in vivo,extracellular,bulk
PB1,574,1726,13,ERR3474716,human,in vivo,extracellular,bulk
PB1,575,1816,15,ERR3474716,human,in vivo,extracellular,bulk
PB1,575,2092,19,ERR3474716,human,in vivo,extracellular,bulk
PB1,576,1750,5,ERR3474716,human,in vivo,extracellular,bulk
PB1,578,1614,1,ERR3474716,human,in vivo,extracellular,bulk
PB1,578,2121,101,ERR3474716,human,in vivo,extracellular,bulk
PB1,579,1727,16,ERR3474716,human,in vivo,extracellular,bulk
PB1,579,1819,11,ERR3474716,human,in vivo,extracellular,bulk
PB1,580,1817,104,ERR3474716,human,in vivo,extracellular,bulk
PB1,580,2123,1,ERR3474716,human,in vivo,extracellular,bulk
PB1,581,1818,1,ERR3474716,human,in vivo,extracellular,bulk
PB1,582,1766,11,ERR3474716,human,in vivo,extracellular,bulk
PB1,582,1835,6,ERR3474716,human,in vivo,extracellular,bulk
PB1,583,1818,12,ERR3474716,human,in vivo,extracellular,bulk
PB1,587,2006,18,ERR3474716,human,in vivo,extracellular,bulk
PB1,591,1778,1,ERR3474716,human,in vivo,extracellular,bulk
PB1,592,1780,10,ERR3474716,human,in vivo,extracellular,bulk
PB1,593,1858,14,ERR3474716,human,in vivo,extracellular,bulk
PB1,594,1781,162,ERR3474716,human,in vivo,extracellular,bulk
PB1,594,1914,12,ERR3474716,human,in vivo,extracellular,bulk
PB1,594,2003,49,ERR3474716,human,in vivo,extracellular,bulk
PB1,598,1782,8,ERR3474716,human,in vivo,extracellular,bulk
PB1,608,1781,6,ERR3474716,human,in vivo,extracellular,bulk
PB1,609,1756,5,ERR3474716,human,in vivo,extracellular,bulk
PB1,609,1780,19,ERR3474716,human,in vivo,extracellular,bulk
PB1,612,1847,1,ERR3474716,human,in vivo,extracellular,bulk
PB1,613,1782,49,ERR3474716,human,in vivo,extracellular,bulk
PB1,623,1780,14,ERR3474716,human,in vivo,extracellular,bulk
PB1,623,1781,11,ERR3474716,human,in vivo,extracellular,bulk
PB1,623,1912,5,ERR3474716,human,in vivo,extracellular,bulk
PB1,624,2052,14,ERR3474716,human,in vivo,extracellular,bulk
PB1,627,1772,8,ERR3474716,human,in vivo,extracellular,bulk
PB1,628,1544,13,ERR3474716,human,in vivo,extracellular,bulk
PB1,632,1737,10,ERR3474716,human,in vivo,extracellular,bulk
PB1,632,1855,10,ERR3474716,human,in vivo,extracellular,bulk
PB1,632,1998,13,ERR3474716,human,in vivo,extracellular,bulk
PB1,633,1713,10,ERR3474716,human,in vivo,extracellular,bulk
PB1,633,1745,23,ERR3474716,human,in vivo,extracellular,bulk
PB1,633,1747,18,ERR3474716,human,in vivo,extracellular,bulk
PB1,633,1769,11,ERR3474716,human,in vivo,extracellular,bulk
PB1,636,1745,13,ERR3474716,human,in vivo,extracellular,bulk
PB1,637,1777,9,ERR3474716,human,in vivo,extracellular,bulk
PB1,638,1743,6,ERR3474716,human,in vivo,extracellular,bulk
PB1,638,1755,28,ERR3474716,human,in vivo,extracellular,bulk
PB1,640,1933,4,ERR3474716,human,in vivo,extracellular,bulk
PB1,642,1741,8,ERR3474716,human,in vivo,extracellular,bulk
PB1,644,1726,15,ERR3474716,human,in vivo,extracellular,bulk
PB1,644,1727,8,ERR3474716,human,in vivo,extracellular,bulk
PB1,644,1993,20,ERR3474716,human,in vivo,extracellular,bulk
PB1,645,1918,1,ERR3474716,human,in vivo,extracellular,bulk
PB1,649,1720,18,ERR3474716,human,in vivo,extracellular,bulk
PB1,649,1727,34,ERR3474716,human,in vivo,extracellular,bulk
PB1,653,1726,43,ERR3474716,human,in vivo,extracellular,bulk
PB1,653,1733,13,ERR3474716,human,in vivo,extracellular,bulk
PB1,655,2021,7,ERR3474716,human,in vivo,extracellular,bulk
PB1,686,1943,14,ERR3474716,human,in vivo,extracellular,bulk
PB1,692,1678,12,ERR3474716,human,in vivo,extracellular,bulk
PB1,692,1934,15,ERR3474716,human,in vivo,extracellular,bulk
PB1,692,1977,19,ERR3474716,human,in vivo,extracellular,bulk
PB1,693,1594,20,ERR3474716,human,in vivo,extracellular,bulk
PB1,693,1695,26,ERR3474716,human,in vivo,extracellular,bulk
PB1,695,1597,8,ERR3474716,human,in vivo,extracellular,bulk
PB1,695,1942,14,ERR3474716,human,in vivo,extracellular,bulk
PB1,697,1594,7,ERR3474716,human,in vivo,extracellular,bulk
PB1,697,1777,22,ERR3474716,human,in vivo,extracellular,bulk
PB1,697,1825,15,ERR3474716,human,in vivo,extracellular,bulk
PB1,698,1643,12,ERR3474716,human,in vivo,extracellular,bulk
PB1,700,1915,10,ERR3474716,human,in vivo,extracellular,bulk
PB1,701,1919,18,ERR3474716,human,in vivo,extracellular,bulk
PB1,703,1675,6,ERR3474716,human,in vivo,extracellular,bulk
PB1,703,1825,20,ERR3474716,human,in vivo,extracellular,bulk
PB1,708,1584,1,ERR3474716,human,in vivo,extracellular,bulk
PB1,709,1579,3,ERR3474716,human,in vivo,extracellular,bulk
PB1,710,2048,10,ERR3474716,human,in vivo,extracellular,bulk
PB1,711,1816,3,ERR3474716,human,in vivo,extracellular,bulk
PB1,712,1588,579,ERR3474716,human,in vivo,extracellular,bulk
PB1,712,1624,14,ERR3474716,human,in vivo,extracellular,bulk
PB1,713,1590,1,ERR3474716,human,in vivo,extracellular,bulk
PB1,715,1555,17,ERR3474716,human,in vivo,extracellular,bulk
PB1,715,1676,12,ERR3474716,human,in vivo,extracellular,bulk
PB1,716,1573,18,ERR3474716,human,in vivo,extracellular,bulk
PB1,716,1693,14,ERR3474716,human,in vivo,extracellular,bulk
PB1,719,1574,3,ERR3474716,human,in vivo,extracellular,bulk
PB1,720,1574,34,ERR3474716,human,in vivo,extracellular,bulk
PB1,720,1914,12,ERR3474716,human,in vivo,extracellular,bulk
PB1,721,1574,45,ERR3474716,human,in vivo,extracellular,bulk
PB1,724,1642,125,ERR3474716,human,in vivo,extracellular,bulk
PB1,728,1555,11,ERR3474716,human,in vivo,extracellular,bulk
PB1,728,1561,8,ERR3474716,human,in vivo,extracellular,bulk
PB1,729,1552,144,ERR3474716,human,in vivo,extracellular,bulk
PB1,729,1646,12,ERR3474716,human,in vivo,extracellular,bulk
PB1,729,1835,11,ERR3474716,human,in vivo,extracellular,bulk
PB1,729,1915,15,ERR3474716,human,in vivo,extracellular,bulk
PB1,730,1576,15,ERR3474716,human,in vivo,extracellular,bulk
PB1,730,1905,18,ERR3474716,human,in vivo,extracellular,bulk
PB1,735,1915,13,ERR3474716,human,in vivo,extracellular,bulk
PB1,736,2038,14,ERR3474716,human,in vivo,extracellular,bulk
PB1,737,1559,50,ERR3474716,human,in vivo,extracellular,bulk
PB1,738,1552,23,ERR3474716,human,in vivo,extracellular,bulk
PB1,738,1725,14,ERR3474716,human,in vivo,extracellular,bulk
PB1,739,1553,1,ERR3474716,human,in vivo,extracellular,bulk
PB1,760,2049,9,ERR3474716,human,in vivo,extracellular,bulk
PB1,761,1916,9,ERR3474716,human,in vivo,extracellular,bulk
PB1,762,1709,11,ERR3474716,human,in vivo,extracellular,bulk
PB1,763,1570,24,ERR3474716,human,in vivo,extracellular,bulk
PB1,766,1570,19,ERR3474716,human,in vivo,extracellular,bulk
PB1,769,1510,6,ERR3474716,human,in vivo,extracellular,bulk
PB1,769,1512,1,ERR3474716,human,in vivo,extracellular,bulk
PB1,770,1508,86,ERR3474716,human,in vivo,extracellular,bulk
PB1,770,2059,1,ERR3474716,human,in vivo,extracellular,bulk
PB1,771,1535,19,ERR3474716,human,in vivo,extracellular,bulk
PB1,771,1540,9,ERR3474716,human,in vivo,extracellular,bulk
PB1,771,1935,4,ERR3474716,human,in vivo,extracellular,bulk
PB1,773,1539,1,ERR3474716,human,in vivo,extracellular,bulk
PB1,775,1540,47,ERR3474716,human,in vivo,extracellular,bulk
PB1,777,1525,9,ERR3474716,human,in vivo,extracellular,bulk
PB1,778,1543,1,ERR3474716,human,in vivo,extracellular,bulk
PB1,779,1516,1,ERR3474716,human,in vivo,extracellular,bulk
PB1,779,1866,7,ERR3474716,human,in vivo,extracellular,bulk
PB1,786,1510,1,ERR3474716,human,in vivo,extracellular,bulk
PB1,786,1645,1,ERR3474716,human,in vivo,extracellular,bulk
PB1,787,1758,2,ERR3474716,human,in vivo,extracellular,bulk
PB1,790,1539,8,ERR3474716,human,in vivo,extracellular,bulk
PB1,791,1611,7,ERR3474716,human,in vivo,extracellular,bulk
PB1,793,1508,1,ERR3474716,human,in vivo,extracellular,bulk
PB1,794,1482,2,ERR3474716,human,in vivo,extracellular,bulk
PB1,794,1510,8,ERR3474716,human,in vivo,extracellular,bulk
PB1,794,1593,10,ERR3474716,human,in vivo,extracellular,bulk
PB1,795,1508,3,ERR3474716,human,in vivo,extracellular,bulk
PB1,795,1514,14,ERR3474716,human,in vivo,extracellular,bulk
PB1,795,1523,7,ERR3474716,human,in vivo,extracellular,bulk
PB1,795,1535,10,ERR3474716,human,in vivo,extracellular,bulk
PB1,796,1541,13,ERR3474716,human,in vivo,extracellular,bulk
PB1,796,1595,1,ERR3474716,human,in vivo,extracellular,bulk
PB1,798,1503,1,ERR3474716,human,in vivo,extracellular,bulk
PB1,798,1588,18,ERR3474716,human,in vivo,extracellular,bulk
PB1,799,1496,5,ERR3474716,human,in vivo,extracellular,bulk
PB1,799,1695,85,ERR3474716,human,in vivo,extracellular,bulk
PB1,800,1484,12,ERR3474716,human,in vivo,extracellular,bulk
PB1,801,1572,11,ERR3474716,human,in vivo,extracellular,bulk
PB1,829,1450,5,ERR3474716,human,in vivo,extracellular,bulk
PB1,829,1495,6,ERR3474716,human,in vivo,extracellular,bulk
PB1,829,1596,3,ERR3474716,human,in vivo,extracellular,bulk
PB1,830,1481,9,ERR3474716,human,in vivo,extracellular,bulk
PB1,833,1569,21,ERR3474716,human,in vivo,extracellular,bulk
PB1,834,1486,20,ERR3474716,human,in vivo,extracellular,bulk
PB1,839,1540,15,ERR3474716,human,in vivo,extracellular,bulk
PB1,840,1614,7,ERR3474716,human,in vivo,extracellular,bulk
PB1,840,1634,1,ERR3474716,human,in vivo,extracellular,bulk
PB1,848,1572,3,ERR3474716,human,in vivo,extracellular,bulk
PB1,866,1459,6,ERR3474716,human,in vivo,extracellular,bulk
PB1,866,1475,29,ERR3474716,human,in vivo,extracellular,bulk
PB1,866,1551,7,ERR3474716,human,in vivo,extracellular,bulk
PB1,866,1557,148,ERR3474716,human,in vivo,extracellular,bulk
PB1,867,1558,1,ERR3474716,human,in vivo,extracellular,bulk
PB1,871,1538,7,ERR3474716,human,in vivo,extracellular,bulk
PB1,871,1611,2,ERR3474716,human,in vivo,extracellular,bulk
PB1,873,1585,7,ERR3474716,human,in vivo,extracellular,bulk
PB1,873,1596,9,ERR3474716,human,in vivo,extracellular,bulk
PB1,873,1605,2,ERR3474716,human,in vivo,extracellular,bulk
PB1,874,1574,9,ERR3474716,human,in vivo,extracellular,bulk
PB1,874,1595,1,ERR3474716,human,in vivo,extracellular,bulk
PB1,876,1593,10,ERR3474716,human,in vivo,extracellular,bulk
PB1,878,1585,15,ERR3474716,human,in vivo,extracellular,bulk
PB1,878,1593,11,ERR3474716,human,in vivo,extracellular,bulk
PB1,878,1608,3,ERR3474716,human,in vivo,extracellular,bulk
PB1,878,1624,4,ERR3474716,human,in vivo,extracellular,bulk
PB1,887,1578,3,ERR3474716,human,in vivo,extracellular,bulk
PB1,888,1583,45,ERR3474716,human,in vivo,extracellular,bulk
PB1,894,1499,43,ERR3474716,human,in vivo,extracellular,bulk
PB1,895,1496,8,ERR3474716,human,in vivo,extracellular,bulk
PB1,898,1532,19,ERR3474716,human,in vivo,extracellular,bulk
PB1,898,1741,7,ERR3474716,human,in vivo,extracellular,bulk
PB1,913,1558,10,ERR3474716,human,in vivo,extracellular,bulk
PB1,915,1507,6,ERR3474716,human,in vivo,extracellular,bulk
PB1,919,1582,2,ERR3474716,human,in vivo,extracellular,bulk
PB1,922,1542,27,ERR3474716,human,in vivo,extracellular,bulk
PB1,959,1727,59,ERR3474716,human,in vivo,extracellular,bulk
PB1,99,1944,60,ERR3474716,human,in vivo,extracellular,bulk
PB2,1010,1521,1,ERR3474716,human,in vivo,extracellular,bulk
PB2,1012,1500,22,ERR3474716,human,in vivo,extracellular,bulk
PB2,1061,2062,2,ERR3474716,human,in vivo,extracellular,bulk
PB2,134,2123,6,ERR3474716,human,in vivo,extracellular,bulk
PB2,135,169,19,ERR3474716,human,in vivo,extracellular,bulk
PB2,135,2083,62,ERR3474716,human,in vivo,extracellular,bulk
PB2,135,2144,56,ERR3474716,human,in vivo,extracellular,bulk
PB2,1380,2259,1,ERR3474716,human,in vivo,extracellular,bulk
PB2,139,2146,45,ERR3474716,human,in vivo,extracellular,bulk
PB2,142,2238,2,ERR3474716,human,in vivo,extracellular,bulk
PB2,143,1834,25,ERR3474716,human,in vivo,extracellular,bulk
PB2,144,2195,13,ERR3474716,human,in vivo,extracellular,bulk
PB2,145,2196,1,ERR3474716,human,in vivo,extracellular,bulk
PB2,149,2070,9,ERR3474716,human,in vivo,extracellular,bulk
PB2,152,2123,11,ERR3474716,human,in vivo,extracellular,bulk
PB2,153,2123,87,ERR3474716,human,in vivo,extracellular,bulk
PB2,161,2055,14,ERR3474716,human,in vivo,extracellular,bulk
PB2,161,206,2,ERR3474716,human,in vivo,extracellular,bulk
PB2,162,2139,19,ERR3474716,human,in vivo,extracellular,bulk
PB2,162,2145,58,ERR3474716,human,in vivo,extracellular,bulk
PB2,163,2127,124,ERR3474716,human,in vivo,extracellular,bulk
PB2,163,2192,15,ERR3474716,human,in vivo,extracellular,bulk
PB2,163,2246,3,ERR3474716,human,in vivo,extracellular,bulk
PB2,163,2299,12,ERR3474716,human,in vivo,extracellular,bulk
PB2,164,2125,6,ERR3474716,human,in vivo,extracellular,bulk
PB2,164,2144,147,ERR3474716,human,in vivo,extracellular,bulk
PB2,164,2211,26,ERR3474716,human,in vivo,extracellular,bulk
PB2,164,2216,6,ERR3474716,human,in vivo,extracellular,bulk
PB2,165,2056,6,ERR3474716,human,in vivo,extracellular,bulk
PB2,165,2198,7,ERR3474716,human,in vivo,extracellular,bulk
PB2,166,2146,18,ERR3474716,human,in vivo,extracellular,bulk
PB2,166,2210,14,ERR3474716,human,in vivo,extracellular,bulk
PB2,1671,1865,1,ERR3474716,human,in vivo,extracellular,bulk
PB2,167,2166,1,ERR3474716,human,in vivo,extracellular,bulk
PB2,168,2125,17,ERR3474716,human,in vivo,extracellular,bulk
PB2,169,2145,9,ERR3474716,human,in vivo,extracellular,bulk
PB2,170,2142,39,ERR3474716,human,in vivo,extracellular,bulk
PB2,171,2123,31,ERR3474716,human,in vivo,extracellular,bulk
PB2,174,2085,3,ERR3474716,human,in vivo,extracellular,bulk
PB2,174,244,6,ERR3474716,human,in vivo,extracellular,bulk
PB2,175,2075,1,ERR3474716,human,in vivo,extracellular,bulk
PB2,177,2077,153,ERR3474716,human,in vivo,extracellular,bulk
PB2,178,2070,6,ERR3474716,human,in vivo,extracellular,bulk
PB2,188,2123,6,ERR3474716,human,in vivo,extracellular,bulk
PB2,188,222,24,ERR3474716,human,in vivo,extracellular,bulk
PB2,189,2144,114,ERR3474716,human,in vivo,extracellular,bulk
PB2,189,2199,268,ERR3474716,human,in vivo,extracellular,bulk
PB2,189,2211,13,ERR3474716,human,in vivo,extracellular,bulk
PB2,190,2199,20,ERR3474716,human,in vivo,extracellular,bulk
PB2,190,2200,1,ERR3474716,human,in vivo,extracellular,bulk
PB2,190,2203,17,ERR3474716,human,in vivo,extracellular,bulk
PB2,196,2146,3,ERR3474716,human,in vivo,extracellular,bulk
PB2,1979,2006,12,ERR3474716,human,in vivo,extracellular,bulk
PB2,197,2141,4,ERR3474716,human,in vivo,extracellular,bulk
PB2,197,2201,1,ERR3474716,human,in vivo,extracellular,bulk
PB2,198,2070,3,ERR3474716,human,in vivo,extracellular,bulk
PB2,198,2071,1,ERR3474716,human,in vivo,extracellular,bulk
PB2,199,2054,10,ERR3474716,human,in vivo,extracellular,bulk
PB2,199,2071,756,ERR3474716,human,in vivo,extracellular,bulk
PB2,199,2143,23,ERR3474716,human,in vivo,extracellular,bulk
PB2,199,2150,11,ERR3474716,human,in vivo,extracellular,bulk
PB2,199,2186,2,ERR3474716,human,in vivo,extracellular,bulk
PB2,200,2057,9,ERR3474716,human,in vivo,extracellular,bulk
PB2,200,2141,75,ERR3474716,human,in vivo,extracellular,bulk
PB2,201,2150,2,ERR3474716,human,in vivo,extracellular,bulk
PB2,203,2146,15,ERR3474716,human,in vivo,extracellular,bulk
PB2,203,2262,2,ERR3474716,human,in vivo,extracellular,bulk
PB2,2048,2086,7,ERR3474716,human,in vivo,extracellular,bulk
PB2,214,2194,1,ERR3474716,human,in vivo,extracellular,bulk
PB2,214,251,1,ERR3474716,human,in vivo,extracellular,bulk
PB2,2241,2265,25,ERR3474716,human,in vivo,extracellular,bulk
PB2,229,1960,1,ERR3474716,human,in vivo,extracellular,bulk
PB2,229,2148,11,ERR3474716,human,in vivo,extracellular,bulk
PB2,231,2198,1,ERR3474716,human,in vivo,extracellular,bulk
PB2,233,2212,2,ERR3474716,human,in vivo,extracellular,bulk
PB2,238,2085,4,ERR3474716,human,in vivo,extracellular,bulk
PB2,238,2143,130,ERR3474716,human,in vivo,extracellular,bulk
PB2,239,2143,16,ERR3474716,human,in vivo,extracellular,bulk
PB2,240,2230,6,ERR3474716,human,in vivo,extracellular,bulk
PB2,240,273,74,ERR3474716,human,in vivo,extracellular,bulk
PB2,241,2144,19,ERR3474716,human,in vivo,extracellular,bulk
PB2,243,1767,19,ERR3474716,human,in vivo,extracellular,bulk
PB2,243,2121,13,ERR3474716,human,in vivo,extracellular,bulk
PB2,243,2123,4,ERR3474716,human,in vivo,extracellular,bulk
PB2,243,2148,149,ERR3474716,human,in vivo,extracellular,bulk
PB2,244,1730,9,ERR3474716,human,in vivo,extracellular,bulk
PB2,244,2032,17,ERR3474716,human,in vivo,extracellular,bulk
PB2,244,2055,35,ERR3474716,human,in vivo,extracellular,bulk
PB2,244,2075,26,ERR3474716,human,in vivo,extracellular,bulk
PB2,244,2086,82,ERR3474716,human,in vivo,extracellular,bulk
PB2,244,2088,42,ERR3474716,human,in vivo,extracellular,bulk
PB2,244,2125,88,ERR3474716,human,in vivo,extracellular,bulk
PB2,244,2142,11,ERR3474716,human,in vivo,extracellular,bulk
PB2,244,2144,311,ERR3474716,human,in vivo,extracellular,bulk
PB2,244,2190,4,ERR3474716,human,in vivo,extracellular,bulk
PB2,244,2203,14,ERR3474716,human,in vivo,extracellular,bulk
PB2,244,2206,72,ERR3474716,human,in vivo,extracellular,bulk
PB2,244,2233,20,ERR3474716,human,in vivo,extracellular,bulk
PB2,244,2238,5,ERR3474716,human,in vivo,extracellular,bulk
PB2,244,2242,6,ERR3474716,human,in vivo,extracellular,bulk
PB2,244,2265,23,ERR3474716,human,in vivo,extracellular,bulk
PB2,245,2145,2,ERR3474716,human,in vivo,extracellular,bulk
PB2,245,2212,263,ERR3474716,human,in vivo,extracellular,bulk
PB2,250,2073,6,ERR3474716,human,in vivo,extracellular,bulk
PB2,252,2080,8,ERR3474716,human,in vivo,extracellular,bulk
PB2,253,2073,8,ERR3474716,human,in vivo,extracellular,bulk
PB2,253,2128,54,ERR3474716,human,in vivo,extracellular,bulk
PB2,254,2072,5,ERR3474716,human,in vivo,extracellular,bulk
PB2,254,2125,7,ERR3474716,human,in vivo,extracellular,bulk
PB2,259,2210,47,ERR3474716,human,in vivo,extracellular,bulk
PB2,260,2073,21,ERR3474716,human,in vivo,extracellular,bulk
PB2,260,2128,10,ERR3474716,human,in vivo,extracellular,bulk
PB2,260,2148,17,ERR3474716,human,in vivo,extracellular,bulk
PB2,261,2034,43,ERR3474716,human,in vivo,extracellular,bulk
PB2,261,2052,5,ERR3474716,human,in vivo,extracellular,bulk
PB2,262,2084,3,ERR3474716,human,in vivo,extracellular,bulk
PB2,264,2084,8,ERR3474716,human,in vivo,extracellular,bulk
PB2,269,2054,20,ERR3474716,human,in vivo,extracellular,bulk
PB2,269,2150,6,ERR3474716,human,in vivo,extracellular,bulk
PB2,270,1836,1,ERR3474716,human,in vivo,extracellular,bulk
PB2,272,2143,9,ERR3474716,human,in vivo,extracellular,bulk
PB2,277,2072,21,ERR3474716,human,in vivo,extracellular,bulk
PB2,277,2083,6,ERR3474716,human,in vivo,extracellular,bulk
PB2,277,2153,3,ERR3474716,human,in vivo,extracellular,bulk
PB2,280,2127,6,ERR3474716,human,in vivo,extracellular,bulk
PB2,282,2126,81,ERR3474716,human,in vivo,extracellular,bulk
PB2,282,2152,175,ERR3474716,human,in vivo,extracellular,bulk
PB2,291,2049,4,ERR3474716,human,in vivo,extracellular,bulk
PB2,293,1774,1,ERR3474716,human,in vivo,extracellular,bulk
PB2,293,1775,2,ERR3474716,human,in vivo,extracellular,bulk
PB2,296,1777,1415,ERR3474716,human,in vivo,extracellular,bulk
PB2,296,1998,38,ERR3474716,human,in vivo,extracellular,bulk
PB2,297,1778,2,ERR3474716,human,in vivo,extracellular,bulk
PB2,300,2276,20,ERR3474716,human,in vivo,extracellular,bulk
PB2,303,2085,10,ERR3474716,human,in vivo,extracellular,bulk
PB2,304,1779,1,ERR3474716,human,in vivo,extracellular,bulk
PB2,307,2035,5,ERR3474716,human,in vivo,extracellular,bulk
PB2,311,2131,4,ERR3474716,human,in vivo,extracellular,bulk
PB2,329,1888,7,ERR3474716,human,in vivo,extracellular,bulk
PB2,330,1776,4,ERR3474716,human,in vivo,extracellular,bulk
PB2,330,2016,61,ERR3474716,human,in vivo,extracellular,bulk
PB2,330,2144,18,ERR3474716,human,in vivo,extracellular,bulk
PB2,332,2019,4,ERR3474716,human,in vivo,extracellular,bulk
PB2,333,1880,54,ERR3474716,human,in vivo,extracellular,bulk
PB2,333,2067,14,ERR3474716,human,in vivo,extracellular,bulk
PB2,335,2079,11,ERR3474716,human,in vivo,extracellular,bulk
PB2,337,2081,36,ERR3474716,human,in vivo,extracellular,bulk
PB2,341,2065,6,ERR3474716,human,in vivo,extracellular,bulk
PB2,343,2023,68,ERR3474716,human,in vivo,extracellular,bulk
PB2,343,2195,4,ERR3474716,human,in vivo,extracellular,bulk
PB2,344,1998,2,ERR3474716,human,in vivo,extracellular,bulk
PB2,344,374,6,ERR3474716,human,in vivo,extracellular,bulk
PB2,348,1995,1,ERR3474716,human,in vivo,extracellular,bulk
PB2,350,2145,77,ERR3474716,human,in vivo,extracellular,bulk
PB2,351,1956,38,ERR3474716,human,in vivo,extracellular,bulk
PB2,351,1998,10,ERR3474716,human,in vivo,extracellular,bulk
PB2,351,2078,15,ERR3474716,human,in vivo,extracellular,bulk
PB2,351,2125,3,ERR3474716,human,in vivo,extracellular,bulk
PB2,352,2079,1,ERR3474716,human,in vivo,extracellular,bulk
PB2,353,1997,7,ERR3474716,human,in vivo,extracellular,bulk
PB2,353,2213,1,ERR3474716,human,in vivo,extracellular,bulk
PB2,354,2084,1,ERR3474716,human,in vivo,extracellular,bulk
PB2,355,2125,7,ERR3474716,human,in vivo,extracellular,bulk
PB2,356,1966,22,ERR3474716,human,in vivo,extracellular,bulk
PB2,357,1967,1,ERR3474716,human,in vivo,extracellular,bulk
PB2,357,2087,22,ERR3474716,human,in vivo,extracellular,bulk
PB2,358,1982,4,ERR3474716,human,in vivo,extracellular,bulk
PB2,361,1961,1,ERR3474716,human,in vivo,extracellular,bulk
PB2,364,2017,8,ERR3474716,human,in vivo,extracellular,bulk
PB2,367,1965,54,ERR3474716,human,in vivo,extracellular,bulk
PB2,367,1966,18,ERR3474716,human,in vivo,extracellular,bulk
PB2,367,1967,10,ERR3474716,human,in vivo,extracellular,bulk
PB2,367,1979,11,ERR3474716,human,in vivo,extracellular,bulk
PB2,373,1950,65,ERR3474716,human,in vivo,extracellular,bulk
PB2,376,2032,22,ERR3474716,human,in vivo,extracellular,bulk
PB2,377,2022,5,ERR3474716,human,in vivo,extracellular,bulk
PB2,378,1889,39,ERR3474716,human,in vivo,extracellular,bulk
PB2,378,1964,9,ERR3474716,human,in vivo,extracellular,bulk
PB2,378,2006,2,ERR3474716,human,in vivo,extracellular,bulk
PB2,378,2068,12,ERR3474716,human,in vivo,extracellular,bulk
PB2,378,2079,3,ERR3474716,human,in vivo,extracellular,bulk
PB2,378,2150,52,ERR3474716,human,in vivo,extracellular,bulk
PB2,379,2128,3,ERR3474716,human,in vivo,extracellular,bulk
PB2,384,2085,11,ERR3474716,human,in vivo,extracellular,bulk
PB2,389,1962,62,ERR3474716,human,in vivo,extracellular,bulk
PB2,389,1977,165,ERR3474716,human,in vivo,extracellular,bulk
PB2,390,1693,24,ERR3474716,human,in vivo,extracellular,bulk
PB2,391,1953,80,ERR3474716,human,in vivo,extracellular,bulk
PB2,391,1960,50,ERR3474716,human,in vivo,extracellular,bulk
PB2,391,1974,2,ERR3474716,human,in vivo,extracellular,bulk
PB2,391,2058,24,ERR3474716,human,in vivo,extracellular,bulk
PB2,392,1959,16,ERR3474716,human,in vivo,extracellular,bulk
PB2,392,1962,5,ERR3474716,human,in vivo,extracellular,bulk
PB2,392,1998,11,ERR3474716,human,in vivo,extracellular,bulk
PB2,392,2072,12,ERR3474716,human,in vivo,extracellular,bulk
PB2,392,2086,61,ERR3474716,human,in vivo,extracellular,bulk
PB2,392,2153,24,ERR3474716,human,in vivo,extracellular,bulk
PB2,393,1954,42,ERR3474716,human,in vivo,extracellular,bulk
PB2,393,1981,19,ERR3474716,human,in vivo,extracellular,bulk
PB2,393,2022,12,ERR3474716,human,in vivo,extracellular,bulk
PB2,394,2054,8,ERR3474716,human,in vivo,extracellular,bulk
PB2,395,1953,1,ERR3474716,human,in vivo,extracellular,bulk
PB2,397,1911,41,ERR3474716,human,in vivo,extracellular,bulk
PB2,397,1999,10,ERR3474716,human,in vivo,extracellular,bulk
PB2,397,2031,13,ERR3474716,human,in vivo,extracellular,bulk
PB2,398,1954,30,ERR3474716,human,in vivo,extracellular,bulk
PB2,398,2049,1,ERR3474716,human,in vivo,extracellular,bulk
PB2,399,2075,36,ERR3474716,human,in vivo,extracellular,bulk
PB2,39,63,1,ERR3474716,human,in vivo,extracellular,bulk
PB2,400,1957,59,ERR3474716,human,in vivo,extracellular,bulk
PB2,401,1950,15,ERR3474716,human,in vivo,extracellular,bulk
PB2,405,1711,6,ERR3474716,human,in vivo,extracellular,bulk
PB2,405,2049,109,ERR3474716,human,in vivo,extracellular,bulk
PB2,405,2059,8,ERR3474716,human,in vivo,extracellular,bulk
PB2,406,2055,75,ERR3474716,human,in vivo,extracellular,bulk
PB2,411,1889,7,ERR3474716,human,in vivo,extracellular,bulk
PB2,411,1918,10,ERR3474716,human,in vivo,extracellular,bulk
PB2,412,1971,27,ERR3474716,human,in vivo,extracellular,bulk
PB2,415,2033,1,ERR3474716,human,in vivo,extracellular,bulk
PB2,417,1966,116,ERR3474716,human,in vivo,extracellular,bulk
PB2,417,1979,164,ERR3474716,human,in vivo,extracellular,bulk
PB2,417,2027,14,ERR3474716,human,in vivo,extracellular,bulk
PB2,418,2036,132,ERR3474716,human,in vivo,extracellular,bulk
PB2,418,2061,18,ERR3474716,human,in vivo,extracellular,bulk
PB2,425,1917,42,ERR3474716,human,in vivo,extracellular,bulk
PB2,426,2055,126,ERR3474716,human,in vivo,extracellular,bulk
PB2,427,1877,14,ERR3474716,human,in vivo,extracellular,bulk
PB2,427,1917,13,ERR3474716,human,in vivo,extracellular,bulk
PB2,428,1959,8,ERR3474716,human,in vivo,extracellular,bulk
PB2,428,2211,124,ERR3474716,human,in vivo,extracellular,bulk
PB2,429,1951,3,ERR3474716,human,in vivo,extracellular,bulk
PB2,429,2212,1,ERR3474716,human,in vivo,extracellular,bulk
PB2,429,454,14,ERR3474716,human,in vivo,extracellular,bulk
PB2,43,68,1,ERR3474716,human,in vivo,extracellular,bulk
PB2,443,1759,8,ERR3474716,human,in vivo,extracellular,bulk
PB2,443,1895,5,ERR3474716,human,in vivo,extracellular,bulk
PB2,443,1907,5,ERR3474716,human,in vivo,extracellular,bulk
PB2,443,2031,4,ERR3474716,human,in vivo,extracellular,bulk
PB2,444,1905,9,ERR3474716,human,in vivo,extracellular,bulk
PB2,444,1917,4,ERR3474716,human,in vivo,extracellular,bulk
PB2,444,1973,2,ERR3474716,human,in vivo,extracellular,bulk
PB2,444,2039,16,ERR3474716,human,in vivo,extracellular,bulk
PB2,445,1959,7,ERR3474716,human,in vivo,extracellular,bulk
PB2,448,1982,5,ERR3474716,human,in vivo,extracellular,bulk
PB2,449,2013,30,ERR3474716,human,in vivo,extracellular,bulk
PB2,451,1906,18,ERR3474716,human,in vivo,extracellular,bulk
PB2,452,1998,6,ERR3474716,human,in vivo,extracellular,bulk
PB2,452,2032,3,ERR3474716,human,in vivo,extracellular,bulk
PB2,453,1774,11,ERR3474716,human,in vivo,extracellular,bulk
PB2,453,1996,1,ERR3474716,human,in vivo,extracellular,bulk
PB2,455,1998,94,ERR3474716,human,in vivo,extracellular,bulk
PB2,460,1827,4,ERR3474716,human,in vivo,extracellular,bulk
PB2,463,1837,19,ERR3474716,human,in vivo,extracellular,bulk
PB2,464,1964,33,ERR3474716,human,in vivo,extracellular,bulk
PB2,464,1966,60,ERR3474716,human,in vivo,extracellular,bulk
PB2,464,1998,6,ERR3474716,human,in vivo,extracellular,bulk
PB2,466,1975,9,ERR3474716,human,in vivo,extracellular,bulk
PB2,466,1979,3,ERR3474716,human,in vivo,extracellular,bulk
PB2,466,2077,8,ERR3474716,human,in vivo,extracellular,bulk
PB2,467,1961,11,ERR3474716,human,in vivo,extracellular,bulk
PB2,467,1983,9,ERR3474716,human,in vivo,extracellular,bulk
PB2,469,1688,6,ERR3474716,human,in vivo,extracellular,bulk
PB2,469,1875,6,ERR3474716,human,in vivo,extracellular,bulk
PB2,469,2073,6,ERR3474716,human,in vivo,extracellular,bulk
PB2,470,1962,61,ERR3474716,human,in vivo,extracellular,bulk
PB2,471,1858,27,ERR3474716,human,in vivo,extracellular,bulk
PB2,471,1977,9,ERR3474716,human,in vivo,extracellular,bulk
PB2,472,1874,38,ERR3474716,human,in vivo,extracellular,bulk
PB2,472,1916,13,ERR3474716,human,in vivo,extracellular,bulk
PB2,472,1986,12,ERR3474716,human,in vivo,extracellular,bulk
PB2,473,1831,16,ERR3474716,human,in vivo,extracellular,bulk
PB2,477,1961,11,ERR3474716,human,in vivo,extracellular,bulk
PB2,480,1787,15,ERR3474716,human,in vivo,extracellular,bulk
PB2,480,1828,2,ERR3474716,human,in vivo,extracellular,bulk
PB2,480,2034,23,ERR3474716,human,in vivo,extracellular,bulk
PB2,480,2055,37,ERR3474716,human,in vivo,extracellular,bulk
PB2,481,1751,58,ERR3474716,human,in vivo,extracellular,bulk
PB2,481,1969,13,ERR3474716,human,in vivo,extracellular,bulk
PB2,481,1978,2,ERR3474716,human,in vivo,extracellular,bulk
PB2,481,2012,48,ERR3474716,human,in vivo,extracellular,bulk
PB2,481,2072,14,ERR3474716,human,in vivo,extracellular,bulk
PB2,490,2079,10,ERR3474716,human,in vivo,extracellular,bulk
PB2,490,2085,4,ERR3474716,human,in vivo,extracellular,bulk
PB2,491,1854,1,ERR3474716,human,in vivo,extracellular,bulk
PB2,491,2074,6,ERR3474716,human,in vivo,extracellular,bulk
PB2,496,1790,5,ERR3474716,human,in vivo,extracellular,bulk
PB2,497,1895,4,ERR3474716,human,in vivo,extracellular,bulk
PB2,498,1790,3,ERR3474716,human,in vivo,extracellular,bulk
PB2,498,1917,1,ERR3474716,human,in vivo,extracellular,bulk
PB2,498,1954,8,ERR3474716,human,in vivo,extracellular,bulk
PB2,499,1784,15,ERR3474716,human,in vivo,extracellular,bulk
PB2,499,1786,9,ERR3474716,human,in vivo,extracellular,bulk
PB2,499,1837,15,ERR3474716,human,in vivo,extracellular,bulk
PB2,499,1908,11,ERR3474716,human,in vivo,extracellular,bulk
PB2,499,1950,21,ERR3474716,human,in vivo,extracellular,bulk
PB2,49,72,8,ERR3474716,human,in vivo,extracellular,bulk
PB2,500,1785,13,ERR3474716,human,in vivo,extracellular,bulk
PB2,500,1915,9,ERR3474716,human,in vivo,extracellular,bulk
PB2,500,2031,9,ERR3474716,human,in vivo,extracellular,bulk
PB2,501,1889,3,ERR3474716,human,in vivo,extracellular,bulk
PB2,501,1917,12,ERR3474716,human,in vivo,extracellular,bulk
PB2,501,2036,32,ERR3474716,human,in vivo,extracellular,bulk
PB2,503,1609,2,ERR3474716,human,in vivo,extracellular,bulk
PB2,504,2077,3,ERR3474716,human,in vivo,extracellular,bulk
PB2,505,2123,9,ERR3474716,human,in vivo,extracellular,bulk
PB2,507,1777,60,ERR3474716,human,in vivo,extracellular,bulk
PB2,508,1778,1,ERR3474716,human,in vivo,extracellular,bulk
PB2,510,1777,12,ERR3474716,human,in vivo,extracellular,bulk
PB2,510,1912,7,ERR3474716,human,in vivo,extracellular,bulk
PB2,511,1761,35,ERR3474716,human,in vivo,extracellular,bulk
PB2,511,2022,12,ERR3474716,human,in vivo,extracellular,bulk
PB2,512,1778,15,ERR3474716,human,in vivo,extracellular,bulk
PB2,512,2054,8,ERR3474716,human,in vivo,extracellular,bulk
PB2,514,1768,10,ERR3474716,human,in vivo,extracellular,bulk
PB2,514,1775,9,ERR3474716,human,in vivo,extracellular,bulk
PB2,514,2123,2,ERR3474716,human,in vivo,extracellular,bulk
PB2,517,1790,3,ERR3474716,human,in vivo,extracellular,bulk
PB2,51,2080,155,ERR3474716,human,in vivo,extracellular,bulk
PB2,520,1871,13,ERR3474716,human,in vivo,extracellular,bulk
PB2,526,1880,10,ERR3474716,human,in vivo,extracellular,bulk
PB2,527,1707,4,ERR3474716,human,in vivo,extracellular,bulk
PB2,530,1953,1,ERR3474716,human,in vivo,extracellular,bulk
PB2,550,1888,15,ERR3474716,human,in vivo,extracellular,bulk
PB2,557,2088,3,ERR3474716,human,in vivo,extracellular,bulk
PB2,558,1688,9,ERR3474716,human,in vivo,extracellular,bulk
PB2,558,2039,6,ERR3474716,human,in vivo,extracellular,bulk
PB2,559,2032,7,ERR3474716,human,in vivo,extracellular,bulk
PB2,560,1965,12,ERR3474716,human,in vivo,extracellular,bulk
PB2,564,1786,21,ERR3474716,human,in vivo,extracellular,bulk
PB2,564,1872,11,ERR3474716,human,in vivo,extracellular,bulk
PB2,567,1785,79,ERR3474716,human,in vivo,extracellular,bulk
PB2,568,1826,1,ERR3474716,human,in vivo,extracellular,bulk
PB2,569,1772,15,ERR3474716,human,in vivo,extracellular,bulk
PB2,570,1828,31,ERR3474716,human,in vivo,extracellular,bulk
PB2,571,1877,29,ERR3474716,human,in vivo,extracellular,bulk
PB2,572,2016,11,ERR3474716,human,in vivo,extracellular,bulk
PB2,574,1786,4,ERR3474716,human,in vivo,extracellular,bulk
PB2,575,1860,25,ERR3474716,human,in vivo,extracellular,bulk
PB2,575,1982,3,ERR3474716,human,in vivo,extracellular,bulk
PB2,576,2211,15,ERR3474716,human,in vivo,extracellular,bulk
PB2,578,1750,1,ERR3474716,human,in vivo,extracellular,bulk
PB2,578,2018,10,ERR3474716,human,in vivo,extracellular,bulk
PB2,580,1736,97,ERR3474716,human,in vivo,extracellular,bulk
PB2,583,1770,1,ERR3474716,human,in vivo,extracellular,bulk
PB2,583,1775,16,ERR3474716,human,in vivo,extracellular,bulk
PB2,583,1873,38,ERR3474716,human,in vivo,extracellular,bulk
PB2,584,1771,2632,ERR3474716,human,in vivo,extracellular,bulk
PB2,584,1889,3,ERR3474716,human,in vivo,extracellular,bulk
PB2,585,1772,5,ERR3474716,human,in vivo,extracellular,bulk
PB2,585,1776,6,ERR3474716,human,in vivo,extracellular,bulk
PB2,587,1862,25,ERR3474716,human,in vivo,extracellular,bulk
PB2,587,1998,16,ERR3474716,human,in vivo,extracellular,bulk
PB2,587,2086,6,ERR3474716,human,in vivo,extracellular,bulk
PB2,588,1609,6,ERR3474716,human,in vivo,extracellular,bulk
PB2,589,1874,18,ERR3474716,human,in vivo,extracellular,bulk
PB2,589,1952,5,ERR3474716,human,in vivo,extracellular,bulk
PB2,590,1967,12,ERR3474716,human,in vivo,extracellular,bulk
PB2,592,1862,6,ERR3474716,human,in vivo,extracellular,bulk
PB2,594,1761,32,ERR3474716,human,in vivo,extracellular,bulk
PB2,594,1952,4,ERR3474716,human,in vivo,extracellular,bulk
PB2,595,1767,48,ERR3474716,human,in vivo,extracellular,bulk
PB2,596,1865,11,ERR3474716,human,in vivo,extracellular,bulk
PB2,597,1852,1,ERR3474716,human,in vivo,extracellular,bulk
PB2,598,1749,48,ERR3474716,human,in vivo,extracellular,bulk
PB2,598,1752,15,ERR3474716,human,in vivo,extracellular,bulk
PB2,598,1758,12,ERR3474716,human,in vivo,extracellular,bulk
PB2,598,1853,9,ERR3474716,human,in vivo,extracellular,bulk
PB2,599,1858,13,ERR3474716,human,in vivo,extracellular,bulk
PB2,599,1998,3,ERR3474716,human,in vivo,extracellular,bulk
PB2,600,1710,14,ERR3474716,human,in vivo,extracellular,bulk
PB2,600,1715,4,ERR3474716,human,in vivo,extracellular,bulk
PB2,600,1747,13,ERR3474716,human,in vivo,extracellular,bulk
PB2,600,1752,129,ERR3474716,human,in vivo,extracellular,bulk
PB2,600,1758,31,ERR3474716,human,in vivo,extracellular,bulk
PB2,600,1875,19,ERR3474716,human,in vivo,extracellular,bulk
PB2,600,1881,1,ERR3474716,human,in vivo,extracellular,bulk
PB2,601,1752,3,ERR3474716,human,in vivo,extracellular,bulk
PB2,601,1858,14,ERR3474716,human,in vivo,extracellular,bulk
PB2,602,1887,2,ERR3474716,human,in vivo,extracellular,bulk
PB2,602,1888,1,ERR3474716,human,in vivo,extracellular,bulk
PB2,603,1751,18,ERR3474716,human,in vivo,extracellular,bulk
PB2,603,1761,1,ERR3474716,human,in vivo,extracellular,bulk
PB2,603,1888,343,ERR3474716,human,in vivo,extracellular,bulk
PB2,604,2145,3,ERR3474716,human,in vivo,extracellular,bulk
PB2,605,1904,40,ERR3474716,human,in vivo,extracellular,bulk
PB2,607,1735,5,ERR3474716,human,in vivo,extracellular,bulk
PB2,607,1775,15,ERR3474716,human,in vivo,extracellular,bulk
PB2,607,1827,79,ERR3474716,human,in vivo,extracellular,bulk
PB2,607,1831,1,ERR3474716,human,in vivo,extracellular,bulk
PB2,607,1907,186,ERR3474716,human,in vivo,extracellular,bulk
PB2,608,1747,16,ERR3474716,human,in vivo,extracellular,bulk
PB2,608,1748,50,ERR3474716,human,in vivo,extracellular,bulk
PB2,608,1889,9,ERR3474716,human,in vivo,extracellular,bulk
PB2,608,1918,9,ERR3474716,human,in vivo,extracellular,bulk
PB2,608,2149,1141,ERR3474716,human,in vivo,extracellular,bulk
PB2,609,1751,3,ERR3474716,human,in vivo,extracellular,bulk
PB2,610,1834,87,ERR3474716,human,in vivo,extracellular,bulk
PB2,610,2070,1,ERR3474716,human,in vivo,extracellular,bulk
PB2,610,2076,14,ERR3474716,human,in vivo,extracellular,bulk
PB2,610,2151,2,ERR3474716,human,in vivo,extracellular,bulk
PB2,611,1830,6,ERR3474716,human,in vivo,extracellular,bulk
PB2,612,1907,43,ERR3474716,human,in vivo,extracellular,bulk
PB2,615,1777,13,ERR3474716,human,in vivo,extracellular,bulk
PB2,616,1746,7,ERR3474716,human,in vivo,extracellular,bulk
PB2,617,1747,908,ERR3474716,human,in vivo,extracellular,bulk
PB2,617,1752,18,ERR3474716,human,in vivo,extracellular,bulk
PB2,618,1648,48,ERR3474716,human,in vivo,extracellular,bulk
PB2,619,1571,1,ERR3474716,human,in vivo,extracellular,bulk
PB2,619,1572,12,ERR3474716,human,in vivo,extracellular,bulk
PB2,619,1840,18,ERR3474716,human,in vivo,extracellular,bulk
PB2,619,2077,3,ERR3474716,human,in vivo,extracellular,bulk
PB2,620,1740,24,ERR3474716,human,in vivo,extracellular,bulk
PB2,620,1749,44,ERR3474716,human,in vivo,extracellular,bulk
PB2,620,1753,8,ERR3474716,human,in vivo,extracellular,bulk
PB2,621,1573,8,ERR3474716,human,in vivo,extracellular,bulk
PB2,621,1750,10,ERR3474716,human,in vivo,extracellular,bulk
PB2,622,1688,8,ERR3474716,human,in vivo,extracellular,bulk
PB2,622,1731,15,ERR3474716,human,in vivo,extracellular,bulk
PB2,622,1752,13,ERR3474716,human,in vivo,extracellular,bulk
PB2,623,2144,16,ERR3474716,human,in vivo,extracellular,bulk
PB2,624,1630,40,ERR3474716,human,in vivo,extracellular,bulk
PB2,624,1829,10,ERR3474716,human,in vivo,extracellular,bulk
PB2,624,1856,13,ERR3474716,human,in vivo,extracellular,bulk
PB2,628,1903,1,ERR3474716,human,in vivo,extracellular,bulk
PB2,632,1907,37,ERR3474716,human,in vivo,extracellular,bulk
PB2,632,1914,14,ERR3474716,human,in vivo,extracellular,bulk
PB2,633,1711,241,ERR3474716,human,in vivo,extracellular,bulk
PB2,634,1634,12,ERR3474716,human,in vivo,extracellular,bulk
PB2,634,1636,26,ERR3474716,human,in vivo,extracellular,bulk
PB2,634,1739,6,ERR3474716,human,in vivo,extracellular,bulk
PB2,635,1815,4,ERR3474716,human,in vivo,extracellular,bulk
PB2,635,2088,6,ERR3474716,human,in vivo,extracellular,bulk
PB2,637,1827,11,ERR3474716,human,in vivo,extracellular,bulk
PB2,637,2054,5,ERR3474716,human,in vivo,extracellular,bulk
PB2,638,1576,12,ERR3474716,human,in vivo,extracellular,bulk
PB2,638,1911,7,ERR3474716,human,in vivo,extracellular,bulk
PB2,642,1791,5,ERR3474716,human,in vivo,extracellular,bulk
PB2,643,1608,5,ERR3474716,human,in vivo,extracellular,bulk
PB2,643,1707,21,ERR3474716,human,in vivo,extracellular,bulk
PB2,643,1729,9,ERR3474716,human,in vivo,extracellular,bulk
PB2,643,1755,33,ERR3474716,human,in vivo,extracellular,bulk
PB2,643,1776,1,ERR3474716,human,in vivo,extracellular,bulk
PB2,643,1832,6,ERR3474716,human,in vivo,extracellular,bulk
PB2,646,1618,4,ERR3474716,human,in vivo,extracellular,bulk
PB2,646,1708,35,ERR3474716,human,in vivo,extracellular,bulk
PB2,647,1791,35,ERR3474716,human,in vivo,extracellular,bulk
PB2,649,1794,8,ERR3474716,human,in vivo,extracellular,bulk
PB2,65,1911,8,ERR3474716,human,in vivo,extracellular,bulk
PB2,696,1613,6,ERR3474716,human,in vivo,extracellular,bulk
PB2,701,1736,2,ERR3474716,human,in vivo,extracellular,bulk
PB2,702,1759,16,ERR3474716,human,in vivo,extracellular,bulk
PB2,704,1789,6,ERR3474716,human,in vivo,extracellular,bulk
PB2,704,1838,21,ERR3474716,human,in vivo,extracellular,bulk
PB2,707,1618,2,ERR3474716,human,in vivo,extracellular,bulk
PB2,708,1762,17,ERR3474716,human,in vivo,extracellular,bulk
PB2,715,1835,5,ERR3474716,human,in vivo,extracellular,bulk
PB2,716,1614,3,ERR3474716,human,in vivo,extracellular,bulk
PB2,716,1769,16,ERR3474716,human,in vivo,extracellular,bulk
PB2,716,1872,1,ERR3474716,human,in vivo,extracellular,bulk
PB2,717,1917,11,ERR3474716,human,in vivo,extracellular,bulk
PB2,719,1787,13,ERR3474716,human,in vivo,extracellular,bulk
PB2,722,1689,8,ERR3474716,human,in vivo,extracellular,bulk
PB2,724,1688,6,ERR3474716,human,in vivo,extracellular,bulk
PB2,724,1767,99,ERR3474716,human,in vivo,extracellular,bulk
PB2,730,1613,9,ERR3474716,human,in vivo,extracellular,bulk
PB2,731,1614,1,ERR3474716,human,in vivo,extracellular,bulk
PB2,733,1722,1,ERR3474716,human,in vivo,extracellular,bulk
PB2,736,1575,10,ERR3474716,human,in vivo,extracellular,bulk
PB2,736,1636,2,ERR3474716,human,in vivo,extracellular,bulk
PB2,739,1749,1,ERR3474716,human,in vivo,extracellular,bulk
PB2,73,2058,6,ERR3474716,human,in vivo,extracellular,bulk
PB2,740,1632,9,ERR3474716,human,in vivo,extracellular,bulk
PB2,740,1914,1,ERR3474716,human,in vivo,extracellular,bulk
PB2,741,1741,17,ERR3474716,human,in vivo,extracellular,bulk
PB2,743,1659,19,ERR3474716,human,in vivo,extracellular,bulk
PB2,748,2068,1,ERR3474716,human,in vivo,extracellular,bulk
PB2,74,1760,72,ERR3474716,human,in vivo,extracellular,bulk
PB2,74,2056,34,ERR3474716,human,in vivo,extracellular,bulk
PB2,750,1577,1,ERR3474716,human,in vivo,extracellular,bulk
PB2,752,1690,3,ERR3474716,human,in vivo,extracellular,bulk
PB2,760,1686,3,ERR3474716,human,in vivo,extracellular,bulk
PB2,767,1729,46,ERR3474716,human,in vivo,extracellular,bulk
PB2,768,1635,8,ERR3474716,human,in vivo,extracellular,bulk
PB2,782,1534,3,ERR3474716,human,in vivo,extracellular,bulk
PB2,782,1651,6,ERR3474716,human,in vivo,extracellular,bulk
PB2,782,1656,1,ERR3474716,human,in vivo,extracellular,bulk
PB2,785,1528,45,ERR3474716,human,in vivo,extracellular,bulk
PB2,785,1657,43,ERR3474716,human,in vivo,extracellular,bulk
PB2,792,1519,32,ERR3474716,human,in vivo,extracellular,bulk
PB2,792,1521,14,ERR3474716,human,in vivo,extracellular,bulk
PB2,792,1619,1,ERR3474716,human,in vivo,extracellular,bulk
PB2,792,1658,2,ERR3474716,human,in vivo,extracellular,bulk
PB2,80,1574,27,ERR3474716,human,in vivo,extracellular,bulk
PB2,841,1575,15,ERR3474716,human,in vivo,extracellular,bulk
PB2,842,1577,12,ERR3474716,human,in vivo,extracellular,bulk
PB2,842,1614,16,ERR3474716,human,in vivo,extracellular,bulk
PB2,842,1619,2,ERR3474716,human,in vivo,extracellular,bulk
PB2,843,1615,1,ERR3474716,human,in vivo,extracellular,bulk
PB2,844,1717,14,ERR3474716,human,in vivo,extracellular,bulk
PB2,844,1776,5,ERR3474716,human,in vivo,extracellular,bulk
PB2,845,1573,11,ERR3474716,human,in vivo,extracellular,bulk
PB2,846,1459,4,ERR3474716,human,in vivo,extracellular,bulk
PB2,848,1464,46,ERR3474716,human,in vivo,extracellular,bulk
PB2,849,1465,1,ERR3474716,human,in vivo,extracellular,bulk
PB2,853,1574,22,ERR3474716,human,in vivo,extracellular,bulk
PB2,854,1859,17,ERR3474716,human,in vivo,extracellular,bulk
PB2,855,1575,1,ERR3474716,human,in vivo,extracellular,bulk
PB2,861,1465,4,ERR3474716,human,in vivo,extracellular,bulk
PB2,872,1467,1,ERR3474716,human,in vivo,extracellular,bulk
PB2,918,1497,7,ERR3474716,human,in vivo,extracellular,bulk
PB2,922,1491,10,ERR3474716,human,in vivo,extracellular,bulk
PB2,926,1491,8,ERR3474716,human,in vivo,extracellular,bulk
PB2,927,1493,5,ERR3474716,human,in vivo,extracellular,bulk
PB2,928,1477,7,ERR3474716,human,in vivo,extracellular,bulk
PB2,969,1477,9,ERR3474716,human,in vivo,extracellular,bulk
PB2,974,2028,6,ERR3474716,human,in vivo,extracellular,bulk
PB2,988,1535,8,ERR3474716,human,in vivo,extracellular,bulk
PB2,995,2301,1,ERR3474716,human,in vivo,extracellular,bulk
PA,101,1514,32,ERR3474716,human,in vivo,extracellular,bulk
PA,103,2046,1,ERR3474716,human,in vivo,extracellular,bulk
PA,121,2041,57,ERR3474716,human,in vivo,extracellular,bulk
PA,1362,2128,4,ERR3474716,human,in vivo,extracellular,bulk
PA,171,2044,26,ERR3474716,human,in vivo,extracellular,bulk
PA,172,2127,11,ERR3474716,human,in vivo,extracellular,bulk
PA,173,2063,5,ERR3474716,human,in vivo,extracellular,bulk
PA,178,1520,9,ERR3474716,human,in vivo,extracellular,bulk
PA,183,1948,352,ERR3474716,human,in vivo,extracellular,bulk
PA,183,2023,12,ERR3474716,human,in vivo,extracellular,bulk
PA,184,2021,3,ERR3474716,human,in vivo,extracellular,bulk
PA,185,2022,887,ERR3474716,human,in vivo,extracellular,bulk
PA,189,2026,3,ERR3474716,human,in vivo,extracellular,bulk
PA,191,2009,29,ERR3474716,human,in vivo,extracellular,bulk
PA,191,2068,16,ERR3474716,human,in vivo,extracellular,bulk
PA,1968,1999,7,ERR3474716,human,in vivo,extracellular,bulk
PA,199,2067,7,ERR3474716,human,in vivo,extracellular,bulk
PA,201,2131,6,ERR3474716,human,in vivo,extracellular,bulk
PA,2042,2067,15,ERR3474716,human,in vivo,extracellular,bulk
PA,2043,2091,6,ERR3474716,human,in vivo,extracellular,bulk
PA,206,2132,1,ERR3474716,human,in vivo,extracellular,bulk
PA,2087,2132,3,ERR3474716,human,in vivo,extracellular,bulk
PA,210,2082,6,ERR3474716,human,in vivo,extracellular,bulk
PA,211,2043,9,ERR3474716,human,in vivo,extracellular,bulk
PA,211,2045,11,ERR3474716,human,in vivo,extracellular,bulk
PA,211,2088,16,ERR3474716,human,in vivo,extracellular,bulk
PA,211,2132,5,ERR3474716,human,in vivo,extracellular,bulk
PA,213,1581,11,ERR3474716,human,in vivo,extracellular,bulk
PA,213,2104,3,ERR3474716,human,in vivo,extracellular,bulk
PA,216,1498,18,ERR3474716,human,in vivo,extracellular,bulk
PA,216,2124,28,ERR3474716,human,in vivo,extracellular,bulk
PA,220,2053,5,ERR3474716,human,in vivo,extracellular,bulk
PA,225,2092,7,ERR3474716,human,in vivo,extracellular,bulk
PA,225,2103,9,ERR3474716,human,in vivo,extracellular,bulk
PA,226,1737,3,ERR3474716,human,in vivo,extracellular,bulk
PA,233,2088,4,ERR3474716,human,in vivo,extracellular,bulk
PA,241,2088,6,ERR3474716,human,in vivo,extracellular,bulk
PA,259,1867,3,ERR3474716,human,in vivo,extracellular,bulk
PA,259,2067,2,ERR3474716,human,in vivo,extracellular,bulk
PA,259,2181,3,ERR3474716,human,in vivo,extracellular,bulk
PA,260,2032,7,ERR3474716,human,in vivo,extracellular,bulk
PA,260,2117,3,ERR3474716,human,in vivo,extracellular,bulk
PA,260,2124,7,ERR3474716,human,in vivo,extracellular,bulk
PA,261,1956,1,ERR3474716,human,in vivo,extracellular,bulk
PA,265,2082,5,ERR3474716,human,in vivo,extracellular,bulk
PA,266,1616,2,ERR3474716,human,in vivo,extracellular,bulk
PA,266,1870,3,ERR3474716,human,in vivo,extracellular,bulk
PA,269,1719,4,ERR3474716,human,in vivo,extracellular,bulk
PA,269,2033,18,ERR3474716,human,in vivo,extracellular,bulk
PA,270,1955,4,ERR3474716,human,in vivo,extracellular,bulk
PA,272,2009,15,ERR3474716,human,in vivo,extracellular,bulk
PA,275,2023,27,ERR3474716,human,in vivo,extracellular,bulk
PA,276,2173,1,ERR3474716,human,in vivo,extracellular,bulk
PA,277,1722,167,ERR3474716,human,in vivo,extracellular,bulk
PA,277,2022,10,ERR3474716,human,in vivo,extracellular,bulk
PA,277,2033,12,ERR3474716,human,in vivo,extracellular,bulk
PA,277,314,6,ERR3474716,human,in vivo,extracellular,bulk
PA,278,2076,1,ERR3474716,human,in vivo,extracellular,bulk
PA,281,2005,22,ERR3474716,human,in vivo,extracellular,bulk
PA,285,1753,15,ERR3474716,human,in vivo,extracellular,bulk
PA,286,2036,24,ERR3474716,human,in vivo,extracellular,bulk
PA,294,2009,12,ERR3474716,human,in vivo,extracellular,bulk
PA,295,1953,5,ERR3474716,human,in vivo,extracellular,bulk
PA,295,2009,2,ERR3474716,human,in vivo,extracellular,bulk
PA,296,1952,1,ERR3474716,human,in vivo,extracellular,bulk
PA,298,1719,3,ERR3474716,human,in vivo,extracellular,bulk
PA,299,1644,3,ERR3474716,human,in vivo,extracellular,bulk
PA,299,1944,16,ERR3474716,human,in vivo,extracellular,bulk
PA,299,2038,10,ERR3474716,human,in vivo,extracellular,bulk
PA,306,2043,31,ERR3474716,human,in vivo,extracellular,bulk
PA,306,2044,2,ERR3474716,human,in vivo,extracellular,bulk
PA,308,1857,27,ERR3474716,human,in vivo,extracellular,bulk
PA,308,2010,11,ERR3474716,human,in vivo,extracellular,bulk
PA,308,2034,8,ERR3474716,human,in vivo,extracellular,bulk
PA,309,2022,8,ERR3474716,human,in vivo,extracellular,bulk
PA,309,2024,14,ERR3474716,human,in vivo,extracellular,bulk
PA,310,2030,1,ERR3474716,human,in vivo,extracellular,bulk
PA,312,1905,1,ERR3474716,human,in vivo,extracellular,bulk
PA,313,1995,4,ERR3474716,human,in vivo,extracellular,bulk
PA,314,1488,5,ERR3474716,human,in vivo,extracellular,bulk
PA,314,1901,76,ERR3474716,human,in vivo,extracellular,bulk
PA,314,1905,35,ERR3474716,human,in vivo,extracellular,bulk
PA,314,1906,14,ERR3474716,human,in vivo,extracellular,bulk
PA,314,1907,6,ERR3474716,human,in vivo,extracellular,bulk
PA,314,1961,14,ERR3474716,human,in vivo,extracellular,bulk
PA,314,2034,708,ERR3474716,human,in vivo,extracellular,bulk
PA,314,2043,7,ERR3474716,human,in vivo,extracellular,bulk
PA,315,2001,34,ERR3474716,human,in vivo,extracellular,bulk
PA,315,2035,3,ERR3474716,human,in vivo,extracellular,bulk
PA,319,1704,26,ERR3474716,human,in vivo,extracellular,bulk
PA,321,2037,26,ERR3474716,human,in vivo,extracellular,bulk
PA,322,1892,2,ERR3474716,human,in vivo,extracellular,bulk
PA,322,2023,23,ERR3474716,human,in vivo,extracellular,bulk
PA,323,1994,14,ERR3474716,human,in vivo,extracellular,bulk
PA,326,1897,9,ERR3474716,human,in vivo,extracellular,bulk
PA,326,1901,60,ERR3474716,human,in vivo,extracellular,bulk
PA,326,2090,9,ERR3474716,human,in vivo,extracellular,bulk
PA,327,1896,11,ERR3474716,human,in vivo,extracellular,bulk
PA,328,1903,2,ERR3474716,human,in vivo,extracellular,bulk
PA,329,1932,1,ERR3474716,human,in vivo,extracellular,bulk
PA,330,1885,28,ERR3474716,human,in vivo,extracellular,bulk
PA,330,1898,7,ERR3474716,human,in vivo,extracellular,bulk
PA,337,1867,25,ERR3474716,human,in vivo,extracellular,bulk
PA,355,1861,4,ERR3474716,human,in vivo,extracellular,bulk
PA,356,1999,2,ERR3474716,human,in vivo,extracellular,bulk
PA,358,1856,34,ERR3474716,human,in vivo,extracellular,bulk
PA,359,1736,6,ERR3474716,human,in vivo,extracellular,bulk
PA,362,1856,5,ERR3474716,human,in vivo,extracellular,bulk
PA,362,2033,7,ERR3474716,human,in vivo,extracellular,bulk
PA,366,2127,13,ERR3474716,human,in vivo,extracellular,bulk
PA,367,1812,1,ERR3474716,human,in vivo,extracellular,bulk
PA,367,1857,38,ERR3474716,human,in vivo,extracellular,bulk
PA,367,1861,22,ERR3474716,human,in vivo,extracellular,bulk
PA,367,1884,10,ERR3474716,human,in vivo,extracellular,bulk
PA,368,1772,18,ERR3474716,human,in vivo,extracellular,bulk
PA,369,2005,2,ERR3474716,human,in vivo,extracellular,bulk
PA,36,107,1,ERR3474716,human,in vivo,extracellular,bulk
PA,36,110,3,ERR3474716,human,in vivo,extracellular,bulk
PA,37,73,1,ERR3474716,human,in vivo,extracellular,bulk
PA,396,2048,6,ERR3474716,human,in vivo,extracellular,bulk
PA,397,1688,2,ERR3474716,human,in vivo,extracellular,bulk
PA,397,1794,2,ERR3474716,human,in vivo,extracellular,bulk
PA,397,2049,1086,ERR3474716,human,in vivo,extracellular,bulk
PA,397,2109,1,ERR3474716,human,in vivo,extracellular,bulk
PA,398,1902,9,ERR3474716,human,in vivo,extracellular,bulk
PA,398,2125,25,ERR3474716,human,in vivo,extracellular,bulk
PA,399,1858,15,ERR3474716,human,in vivo,extracellular,bulk
PA,399,1906,13,ERR3474716,human,in vivo,extracellular,bulk
PA,400,1886,3,ERR3474716,human,in vivo,extracellular,bulk
PA,408,1906,1,ERR3474716,human,in vivo,extracellular,bulk
PA,408,1912,3,ERR3474716,human,in vivo,extracellular,bulk
PA,409,1907,12,ERR3474716,human,in vivo,extracellular,bulk
PA,410,1904,23,ERR3474716,human,in vivo,extracellular,bulk
PA,413,1934,13,ERR3474716,human,in vivo,extracellular,bulk
PA,414,1854,1,ERR3474716,human,in vivo,extracellular,bulk
PA,415,1861,25,ERR3474716,human,in vivo,extracellular,bulk
PA,415,1897,16,ERR3474716,human,in vivo,extracellular,bulk
PA,415,2183,41,ERR3474716,human,in vivo,extracellular,bulk
PA,416,1856,269,ERR3474716,human,in vivo,extracellular,bulk
PA,417,1743,23,ERR3474716,human,in vivo,extracellular,bulk
PA,417,1782,5,ERR3474716,human,in vivo,extracellular,bulk
PA,417,1792,10,ERR3474716,human,in vivo,extracellular,bulk
PA,418,1857,9,ERR3474716,human,in vivo,extracellular,bulk
PA,418,1858,1,ERR3474716,human,in vivo,extracellular,bulk
PA,418,1905,32,ERR3474716,human,in vivo,extracellular,bulk
PA,420,1948,8,ERR3474716,human,in vivo,extracellular,bulk
PA,421,1857,9,ERR3474716,human,in vivo,extracellular,bulk
PA,421,1905,25,ERR3474716,human,in vivo,extracellular,bulk
PA,421,2005,12,ERR3474716,human,in vivo,extracellular,bulk
PA,422,1813,3,ERR3474716,human,in vivo,extracellular,bulk
PA,426,1776,11,ERR3474716,human,in vivo,extracellular,bulk
PA,426,1856,18,ERR3474716,human,in vivo,extracellular,bulk
PA,42,84,1,ERR3474716,human,in vivo,extracellular,bulk
PA,42,85,11,ERR3474716,human,in vivo,extracellular,bulk
PA,430,1785,36,ERR3474716,human,in vivo,extracellular,bulk
PA,431,1899,9,ERR3474716,human,in vivo,extracellular,bulk
PA,433,2086,12,ERR3474716,human,in vivo,extracellular,bulk
PA,434,1706,7,ERR3474716,human,in vivo,extracellular,bulk
PA,434,1781,2,ERR3474716,human,in vivo,extracellular,bulk
PA,435,1861,8,ERR3474716,human,in vivo,extracellular,bulk
PA,435,1885,8,ERR3474716,human,in vivo,extracellular,bulk
PA,436,1721,8,ERR3474716,human,in vivo,extracellular,bulk
PA,436,1885,17,ERR3474716,human,in vivo,extracellular,bulk
PA,437,1907,9,ERR3474716,human,in vivo,extracellular,bulk
PA,449,1861,1,ERR3474716,human,in vivo,extracellular,bulk
PA,449,1870,5,ERR3474716,human,in vivo,extracellular,bulk
PA,450,1741,6,ERR3474716,human,in vivo,extracellular,bulk
PA,451,1797,1,ERR3474716,human,in vivo,extracellular,bulk
PA,451,1868,1,ERR3474716,human,in vivo,extracellular,bulk
PA,452,1861,15,ERR3474716,human,in vivo,extracellular,bulk
PA,453,1766,9,ERR3474716,human,in vivo,extracellular,bulk
PA,453,1857,6,ERR3474716,human,in vivo,extracellular,bulk
PA,453,1870,156,ERR3474716,human,in vivo,extracellular,bulk
PA,453,1897,2,ERR3474716,human,in vivo,extracellular,bulk
PA,455,1863,5,ERR3474716,human,in vivo,extracellular,bulk
PA,45,69,3,ERR3474716,human,in vivo,extracellular,bulk
PA,463,1857,26,ERR3474716,human,in vivo,extracellular,bulk
PA,463,1860,13,ERR3474716,human,in vivo,extracellular,bulk
PA,463,1862,12,ERR3474716,human,in vivo,extracellular,bulk
PA,478,1857,35,ERR3474716,human,in vivo,extracellular,bulk
PA,478,1858,46,ERR3474716,human,in vivo,extracellular,bulk
PA,478,1861,2,ERR3474716,human,in vivo,extracellular,bulk
PA,478,1906,1,ERR3474716,human,in vivo,extracellular,bulk
PA,480,1730,3,ERR3474716,human,in vivo,extracellular,bulk
PA,480,1781,9,ERR3474716,human,in vivo,extracellular,bulk
PA,485,1771,2,ERR3474716,human,in vivo,extracellular,bulk
PA,485,1868,1,ERR3474716,human,in vivo,extracellular,bulk
PA,489,1743,9,ERR3474716,human,in vivo,extracellular,bulk
PA,48,75,1,ERR3474716,human,in vivo,extracellular,bulk
PA,48,91,1,ERR3474716,human,in vivo,extracellular,bulk
PA,491,1756,5,ERR3474716,human,in vivo,extracellular,bulk
PA,493,1928,8,ERR3474716,human,in vivo,extracellular,bulk
PA,493,1999,5,ERR3474716,human,in vivo,extracellular,bulk
PA,494,1747,3,ERR3474716,human,in vivo,extracellular,bulk
PA,496,1760,5,ERR3474716,human,in vivo,extracellular,bulk
PA,497,1750,495,ERR3474716,human,in vivo,extracellular,bulk
PA,500,1993,13,ERR3474716,human,in vivo,extracellular,bulk
PA,501,1750,11,ERR3474716,human,in vivo,extracellular,bulk
PA,501,1823,85,ERR3474716,human,in vivo,extracellular,bulk
PA,501,1902,10,ERR3474716,human,in vivo,extracellular,bulk
PA,503,1822,21,ERR3474716,human,in vivo,extracellular,bulk
PA,504,1743,5,ERR3474716,human,in vivo,extracellular,bulk
PA,504,1861,1,ERR3474716,human,in vivo,extracellular,bulk
PA,504,1882,95,ERR3474716,human,in vivo,extracellular,bulk
PA,504,1883,1,ERR3474716,human,in vivo,extracellular,bulk
PA,505,1711,13,ERR3474716,human,in vivo,extracellular,bulk
PA,505,1861,3,ERR3474716,human,in vivo,extracellular,bulk
PA,506,1812,24,ERR3474716,human,in vivo,extracellular,bulk
PA,506,1884,28,ERR3474716,human,in vivo,extracellular,bulk
PA,506,1885,1,ERR3474716,human,in vivo,extracellular,bulk
PA,508,1748,2,ERR3474716,human,in vivo,extracellular,bulk
PA,511,1763,6,ERR3474716,human,in vivo,extracellular,bulk
PA,511,1808,2,ERR3474716,human,in vivo,extracellular,bulk
PA,512,1812,9,ERR3474716,human,in vivo,extracellular,bulk
PA,514,1795,3,ERR3474716,human,in vivo,extracellular,bulk
PA,514,1809,10,ERR3474716,human,in vivo,extracellular,bulk
PA,514,1811,126,ERR3474716,human,in vivo,extracellular,bulk
PA,514,1901,9,ERR3474716,human,in vivo,extracellular,bulk
PA,514,2062,5,ERR3474716,human,in vivo,extracellular,bulk
PA,514,2089,5,ERR3474716,human,in vivo,extracellular,bulk
PA,515,1786,1,ERR3474716,human,in vivo,extracellular,bulk
PA,515,1792,25,ERR3474716,human,in vivo,extracellular,bulk
PA,515,1809,12,ERR3474716,human,in vivo,extracellular,bulk
PA,515,1811,5,ERR3474716,human,in vivo,extracellular,bulk
PA,515,1856,11,ERR3474716,human,in vivo,extracellular,bulk
PA,515,1860,10,ERR3474716,human,in vivo,extracellular,bulk
PA,516,1735,14,ERR3474716,human,in vivo,extracellular,bulk
PA,516,1812,1,ERR3474716,human,in vivo,extracellular,bulk
PA,517,1740,17,ERR3474716,human,in vivo,extracellular,bulk
PA,517,1812,9,ERR3474716,human,in vivo,extracellular,bulk
PA,518,1719,213,ERR3474716,human,in vivo,extracellular,bulk
PA,518,1811,40,ERR3474716,human,in vivo,extracellular,bulk
PA,520,1884,1,ERR3474716,human,in vivo,extracellular,bulk
PA,521,1719,30,ERR3474716,human,in vivo,extracellular,bulk
PA,522,1721,36,ERR3474716,human,in vivo,extracellular,bulk
PA,522,1794,16,ERR3474716,human,in vivo,extracellular,bulk
PA,525,1719,10,ERR3474716,human,in vivo,extracellular,bulk
PA,525,1795,70,ERR3474716,human,in vivo,extracellular,bulk
PA,525,1801,1,ERR3474716,human,in vivo,extracellular,bulk
PA,525,1904,5,ERR3474716,human,in vivo,extracellular,bulk
PA,527,1792,4,ERR3474716,human,in vivo,extracellular,bulk
PA,527,1794,12,ERR3474716,human,in vivo,extracellular,bulk
PA,529,1721,8,ERR3474716,human,in vivo,extracellular,bulk
PA,530,1899,26,ERR3474716,human,in vivo,extracellular,bulk
PA,530,1936,29,ERR3474716,human,in vivo,extracellular,bulk
PA,531,1787,7,ERR3474716,human,in vivo,extracellular,bulk
PA,533,1706,46,ERR3474716,human,in vivo,extracellular,bulk
PA,533,1782,6,ERR3474716,human,in vivo,extracellular,bulk
PA,534,1857,20,ERR3474716,human,in vivo,extracellular,bulk
PA,535,1706,8,ERR3474716,human,in vivo,extracellular,bulk
PA,535,1791,23,ERR3474716,human,in vivo,extracellular,bulk
PA,536,1766,15,ERR3474716,human,in vivo,extracellular,bulk
PA,536,1856,3,ERR3474716,human,in vivo,extracellular,bulk
PA,538,1723,11,ERR3474716,human,in vivo,extracellular,bulk
PA,538,1783,7,ERR3474716,human,in vivo,extracellular,bulk
PA,541,1781,8,ERR3474716,human,in vivo,extracellular,bulk
PA,542,1771,5,ERR3474716,human,in vivo,extracellular,bulk
PA,543,1858,12,ERR3474716,human,in vivo,extracellular,bulk
PA,544,1931,1,ERR3474716,human,in vivo,extracellular,bulk
PA,546,1788,8,ERR3474716,human,in vivo,extracellular,bulk
PA,547,1782,2,ERR3474716,human,in vivo,extracellular,bulk
PA,547,1794,15,ERR3474716,human,in vivo,extracellular,bulk
PA,548,1780,11,ERR3474716,human,in vivo,extracellular,bulk
PA,552,1637,1,ERR3474716,human,in vivo,extracellular,bulk
PA,556,1639,6,ERR3474716,human,in vivo,extracellular,bulk
PA,557,1682,2,ERR3474716,human,in vivo,extracellular,bulk
PA,557,2028,5,ERR3474716,human,in vivo,extracellular,bulk
PA,561,1762,4,ERR3474716,human,in vivo,extracellular,bulk
PA,561,1781,12,ERR3474716,human,in vivo,extracellular,bulk
PA,562,1639,18,ERR3474716,human,in vivo,extracellular,bulk
PA,562,1679,6,ERR3474716,human,in vivo,extracellular,bulk
PA,562,2027,1,ERR3474716,human,in vivo,extracellular,bulk
PA,572,1750,5,ERR3474716,human,in vivo,extracellular,bulk
PA,573,1751,1,ERR3474716,human,in vivo,extracellular,bulk
PA,577,1720,13,ERR3474716,human,in vivo,extracellular,bulk
PA,578,1686,9,ERR3474716,human,in vivo,extracellular,bulk
PA,578,1724,3,ERR3474716,human,in vivo,extracellular,bulk
PA,580,1709,13,ERR3474716,human,in vivo,extracellular,bulk
PA,582,1730,2,ERR3474716,human,in vivo,extracellular,bulk
PA,584,1821,8,ERR3474716,human,in vivo,extracellular,bulk
PA,599,1688,10,ERR3474716,human,in vivo,extracellular,bulk
PA,601,1684,8,ERR3474716,human,in vivo,extracellular,bulk
PA,601,1686,31,ERR3474716,human,in vivo,extracellular,bulk
PA,602,1637,7,ERR3474716,human,in vivo,extracellular,bulk
PA,602,2060,2,ERR3474716,human,in vivo,extracellular,bulk
PA,603,2089,15,ERR3474716,human,in vivo,extracellular,bulk
PA,604,1687,5,ERR3474716,human,in vivo,extracellular,bulk
PA,605,1639,11,ERR3474716,human,in vivo,extracellular,bulk
PA,608,1797,1,ERR3474716,human,in vivo,extracellular,bulk
PA,617,1533,5,ERR3474716,human,in vivo,extracellular,bulk
PA,618,1724,12,ERR3474716,human,in vivo,extracellular,bulk
PA,618,2142,3,ERR3474716,human,in vivo,extracellular,bulk
PA,624,1703,12,ERR3474716,human,in vivo,extracellular,bulk
PA,625,1522,9,ERR3474716,human,in vivo,extracellular,bulk
PA,627,1749,6,ERR3474716,human,in vivo,extracellular,bulk
PA,635,1686,10,ERR3474716,human,in vivo,extracellular,bulk
PA,636,2036,31,ERR3474716,human,in vivo,extracellular,bulk
PA,637,1474,18,ERR3474716,human,in vivo,extracellular,bulk
PA,637,1936,15,ERR3474716,human,in vivo,extracellular,bulk
PA,63,1861,2,ERR3474716,human,in vivo,extracellular,bulk
PA,645,1640,13,ERR3474716,human,in vivo,extracellular,bulk
PA,646,1639,2,ERR3474716,human,in vivo,extracellular,bulk
PA,648,1637,10,ERR3474716,human,in vivo,extracellular,bulk
PA,648,1680,3,ERR3474716,human,in vivo,extracellular,bulk
PA,652,1756,6,ERR3474716,human,in vivo,extracellular,bulk
PA,653,1639,8,ERR3474716,human,in vivo,extracellular,bulk
PA,653,1648,1,ERR3474716,human,in vivo,extracellular,bulk
PA,653,1750,2,ERR3474716,human,in vivo,extracellular,bulk
PA,654,1638,7,ERR3474716,human,in vivo,extracellular,bulk
PA,663,1906,18,ERR3474716,human,in vivo,extracellular,bulk
PA,670,1504,26,ERR3474716,human,in vivo,extracellular,bulk
PA,679,1685,4,ERR3474716,human,in vivo,extracellular,bulk
PA,67,92,7,ERR3474716,human,in vivo,extracellular,bulk
PA,693,1637,14,ERR3474716,human,in vivo,extracellular,bulk
PA,694,1494,7,ERR3474716,human,in vivo,extracellular,bulk
PA,694,1884,4,ERR3474716,human,in vivo,extracellular,bulk
PA,698,1593,7,ERR3474716,human,in vivo,extracellular,bulk
PA,701,1624,3,ERR3474716,human,in vivo,extracellular,bulk
PA,706,1596,3,ERR3474716,human,in vivo,extracellular,bulk
PA,706,1632,9,ERR3474716,human,in vivo,extracellular,bulk
PA,706,1868,5,ERR3474716,human,in vivo,extracellular,bulk
PA,708,1581,8,ERR3474716,human,in vivo,extracellular,bulk
PA,710,1688,21,ERR3474716,human,in vivo,extracellular,bulk
PA,710,1706,12,ERR3474716,human,in vivo,extracellular,bulk
PA,715,1581,6,ERR3474716,human,in vivo,extracellular,bulk
PA,720,1521,1,ERR3474716,human,in vivo,extracellular,bulk
PA,725,1675,6,ERR3474716,human,in vivo,extracellular,bulk
PA,726,1594,8,ERR3474716,human,in vivo,extracellular,bulk
PA,726,1639,7,ERR3474716,human,in vivo,extracellular,bulk
PA,727,1521,13,ERR3474716,human,in vivo,extracellular,bulk
PA,728,1639,5,ERR3474716,human,in vivo,extracellular,bulk
PA,730,1473,5,ERR3474716,human,in vivo,extracellular,bulk
PA,730,1581,6,ERR3474716,human,in vivo,extracellular,bulk
PA,731,1638,3,ERR3474716,human,in vivo,extracellular,bulk
PA,73,216,1,ERR3474716,human,in vivo,extracellular,bulk
PA,764,1743,3,ERR3474716,human,in vivo,extracellular,bulk
PA,766,1636,7,ERR3474716,human,in vivo,extracellular,bulk
PA,779,1488,5,ERR3474716,human,in vivo,extracellular,bulk
PA,779,1502,10,ERR3474716,human,in vivo,extracellular,bulk
PA,77,1172,5,ERR3474716,human,in vivo,extracellular,bulk
PA,794,1467,2,ERR3474716,human,in vivo,extracellular,bulk
PA,800,1514,44,ERR3474716,human,in vivo,extracellular,bulk
PA,802,1474,1,ERR3474716,human,in vivo,extracellular,bulk
PA,802,1483,1,ERR3474716,human,in vivo,extracellular,bulk
PA,803,1473,21,ERR3474716,human,in vivo,extracellular,bulk
PA,805,1407,3,ERR3474716,human,in vivo,extracellular,bulk
PA,808,1473,2,ERR3474716,human,in vivo,extracellular,bulk
PA,824,1520,9,ERR3474716,human,in vivo,extracellular,bulk
PA,824,1561,21,ERR3474716,human,in vivo,extracellular,bulk
PA,833,1498,4,ERR3474716,human,in vivo,extracellular,bulk
PA,856,1342,6,ERR3474716,human,in vivo,extracellular,bulk
PA,85,1858,7,ERR3474716,human,in vivo,extracellular,bulk
PA,865,1348,27,ERR3474716,human,in vivo,extracellular,bulk
PA,930,1404,11,ERR3474716,human,in vivo,extracellular,bulk
PA,930,1406,4,ERR3474716,human,in vivo,extracellular,bulk
PA,93,1860,21,ERR3474716,human,in vivo,extracellular,bulk
HA,120,1645,1,ERR3474716,human,in vivo,extracellular,bulk
HA,180,1565,4,ERR3474716,human,in vivo,extracellular,bulk
HA,183,1583,1,ERR3474716,human,in vivo,extracellular,bulk
HA,209,1636,1,ERR3474716,human,in vivo,extracellular,bulk
HA,232,1570,1,ERR3474716,human,in vivo,extracellular,bulk
HA,236,1648,1,ERR3474716,human,in vivo,extracellular,bulk
HA,237,1561,9,ERR3474716,human,in vivo,extracellular,bulk
HA,237,1586,6,ERR3474716,human,in vivo,extracellular,bulk
HA,238,1684,3,ERR3474716,human,in vivo,extracellular,bulk
HA,278,1562,2,ERR3474716,human,in vivo,extracellular,bulk
HA,363,1483,1,ERR3474716,human,in vivo,extracellular,bulk
HA,366,1524,5,ERR3474716,human,in vivo,extracellular,bulk
HA,367,1484,13,ERR3474716,human,in vivo,extracellular,bulk
HA,367,1535,1,ERR3474716,human,in vivo,extracellular,bulk
HA,367,1570,7,ERR3474716,human,in vivo,extracellular,bulk
HA,368,1460,3,ERR3474716,human,in vivo,extracellular,bulk
HA,368,1571,1,ERR3474716,human,in vivo,extracellular,bulk
HA,377,1484,2,ERR3474716,human,in vivo,extracellular,bulk
HA,382,1587,4,ERR3474716,human,in vivo,extracellular,bulk
HA,413,1556,6,ERR3474716,human,in vivo,extracellular,bulk
HA,422,1452,1,ERR3474716,human,in vivo,extracellular,bulk
HA,500,1472,5,ERR3474716,human,in vivo,extracellular,bulk
HA,511,1459,3,ERR3474716,human,in vivo,extracellular,bulk
HA,66,103,2,ERR3474716,human,in vivo,extracellular,bulk
NP,1556,1645,1,ERR3474716,human,in vivo,extracellular,bulk
NP,187,1420,1,ERR3474716,human,in vivo,extracellular,bulk
NP,195,1515,1,ERR3474716,human,in vivo,extracellular,bulk
NP,195,1600,1,ERR3474716,human,in vivo,extracellular,bulk
NP,277,1510,3,ERR3474716,human,in vivo,extracellular,bulk
NP,294,1638,53,ERR3474716,human,in vivo,extracellular,bulk
NP,34,110,1,ERR3474716,human,in vivo,extracellular,bulk
NP,508,1306,1,ERR3474716,human,in vivo,extracellular,bulk
NP,521,1317,2,ERR3474716,human,in vivo,extracellular,bulk
NP,540,1295,2,ERR3474716,human,in vivo,extracellular,bulk
NP,543,1206,1,ERR3474716,human,in vivo,extracellular,bulk
NA,186,1301,1,ERR3474716,human,in vivo,extracellular,bulk
NA,324,1123,1,ERR3474716,human,in vivo,extracellular,bulk
NA,392,1090,1,ERR3474716,human,in vivo,extracellular,bulk
NA,422,977,4,ERR3474716,human,in vivo,extracellular,bulk
NA,488,1459,3,ERR3474716,human,in vivo,extracellular,bulk
M,108,1029,36,ERR3474716,human,in vivo,extracellular,bulk
M,117,1037,1,ERR3474716,human,in vivo,extracellular,bulk
M,124,1055,4,ERR3474716,human,in vivo,extracellular,bulk
M,129,1069,4,ERR3474716,human,in vivo,extracellular,bulk
M,140,1068,4,ERR3474716,human,in vivo,extracellular,bulk
M,148,1033,4,ERR3474716,human,in vivo,extracellular,bulk
M,151,1047,6,ERR3474716,human,in vivo,extracellular,bulk
M,153,1033,1,ERR3474716,human,in vivo,extracellular,bulk
M,166,1054,4,ERR3474716,human,in vivo,extracellular,bulk
M,193,370,5,ERR3474716,human,in vivo,extracellular,bulk
M,284,863,18,ERR3474716,human,in vivo,extracellular,bulk
M,598,718,13,ERR3474716,human,in vivo,extracellular,bulk
M,662,1016,1,ERR3474716,human,in vivo,extracellular,bulk
PB2,164,2144,1,ERR3474717,human,in vivo,extracellular,bulk
PB1,156,2057,2,ERR3474718,human,in vivo,extracellular,bulk
PB1,2129,2182,2,ERR3474718,human,in vivo,extracellular,bulk
PB1,2132,2185,262,ERR3474718,human,in vivo,extracellular,bulk
PB1,236,2012,3,ERR3474718,human,in vivo,extracellular,bulk
PB1,239,2015,918,ERR3474718,human,in vivo,extracellular,bulk
PB1,240,2016,2,ERR3474718,human,in vivo,extracellular,bulk
PB1,255,2167,82,ERR3474718,human,in vivo,extracellular,bulk
PB1,256,2165,1,ERR3474718,human,in vivo,extracellular,bulk
PB1,268,2210,26,ERR3474718,human,in vivo,extracellular,bulk
PB1,282,2169,2,ERR3474718,human,in vivo,extracellular,bulk
PB1,290,2030,292,ERR3474718,human,in vivo,extracellular,bulk
PB1,300,2036,1,ERR3474718,human,in vivo,extracellular,bulk
PB1,300,2053,2,ERR3474718,human,in vivo,extracellular,bulk
PB1,301,2001,1,ERR3474718,human,in vivo,extracellular,bulk
PB1,301,2076,1,ERR3474718,human,in vivo,extracellular,bulk
PB1,302,2002,300,ERR3474718,human,in vivo,extracellular,bulk
PB1,303,2035,7,ERR3474718,human,in vivo,extracellular,bulk
PB1,303,2048,371,ERR3474718,human,in vivo,extracellular,bulk
PB1,307,2002,1,ERR3474718,human,in vivo,extracellular,bulk
PB1,308,2005,107,ERR3474718,human,in vivo,extracellular,bulk
PB1,310,2195,2,ERR3474718,human,in vivo,extracellular,bulk
PB1,311,2002,8,ERR3474718,human,in vivo,extracellular,bulk
PB1,311,2003,2,ERR3474718,human,in vivo,extracellular,bulk
PB1,311,2057,3,ERR3474718,human,in vivo,extracellular,bulk
PB1,312,2006,132,ERR3474718,human,in vivo,extracellular,bulk
PB1,318,1912,1,ERR3474718,human,in vivo,extracellular,bulk
PB1,323,1978,1,ERR3474718,human,in vivo,extracellular,bulk
PB1,327,1977,4,ERR3474718,human,in vivo,extracellular,bulk
PB1,327,1978,1,ERR3474718,human,in vivo,extracellular,bulk
PB1,327,1984,2,ERR3474718,human,in vivo,extracellular,bulk
PB1,328,2000,309,ERR3474718,human,in vivo,extracellular,bulk
PB1,337,2002,1,ERR3474718,human,in vivo,extracellular,bulk
PB1,338,1990,5,ERR3474718,human,in vivo,extracellular,bulk
PB1,338,1995,3,ERR3474718,human,in vivo,extracellular,bulk
PB1,338,2001,4,ERR3474718,human,in vivo,extracellular,bulk
PB1,338,2014,1,ERR3474718,human,in vivo,extracellular,bulk
PB1,339,1990,3,ERR3474718,human,in vivo,extracellular,bulk
PB1,352,1935,10,ERR3474718,human,in vivo,extracellular,bulk
PB1,353,1936,2261,ERR3474718,human,in vivo,extracellular,bulk
PB1,354,1937,4,ERR3474718,human,in vivo,extracellular,bulk
PB1,376,1933,2,ERR3474718,human,in vivo,extracellular,bulk
PB1,377,1670,1,ERR3474718,human,in vivo,extracellular,bulk
PB1,377,1934,463,ERR3474718,human,in vivo,extracellular,bulk
PB1,378,1935,1,ERR3474718,human,in vivo,extracellular,bulk
PB1,386,1930,15,ERR3474718,human,in vivo,extracellular,bulk
PB1,387,1928,5,ERR3474718,human,in vivo,extracellular,bulk
PB1,391,1922,1,ERR3474718,human,in vivo,extracellular,bulk
PB1,451,1933,405,ERR3474718,human,in vivo,extracellular,bulk
PB1,453,1916,319,ERR3474718,human,in vivo,extracellular,bulk
PB1,457,1538,1,ERR3474718,human,in vivo,extracellular,bulk
PB1,497,1905,1,ERR3474718,human,in vivo,extracellular,bulk
PB1,530,2004,244,ERR3474718,human,in vivo,extracellular,bulk
PB1,684,1606,118,ERR3474718,human,in vivo,extracellular,bulk
PB1,686,1608,1,ERR3474718,human,in vivo,extracellular,bulk
PB1,693,2039,277,ERR3474718,human,in vivo,extracellular,bulk
PB1,696,2042,1,ERR3474718,human,in vivo,extracellular,bulk
PB1,756,2018,1,ERR3474718,human,in vivo,extracellular,bulk
PB1,761,1579,1,ERR3474718,human,in vivo,extracellular,bulk
PB1,777,1538,210,ERR3474718,human,in vivo,extracellular,bulk
PB1,894,1503,118,ERR3474718,human,in vivo,extracellular,bulk
PB2,139,2142,1,ERR3474718,human,in vivo,extracellular,bulk
PB2,1415,2321,1,ERR3474718,human,in vivo,extracellular,bulk
PB2,141,2144,647,ERR3474718,human,in vivo,extracellular,bulk
PB2,164,245,269,ERR3474718,human,in vivo,extracellular,bulk
PB2,188,2166,2,ERR3474718,human,in vivo,extracellular,bulk
PB2,197,2228,2,ERR3474718,human,in vivo,extracellular,bulk
PB2,251,2123,75,ERR3474718,human,in vivo,extracellular,bulk
PB2,253,2149,159,ERR3474718,human,in vivo,extracellular,bulk
PB2,270,1836,1,ERR3474718,human,in vivo,extracellular,bulk
PB2,275,1691,1,ERR3474718,human,in vivo,extracellular,bulk
PB2,337,1992,1,ERR3474718,human,in vivo,extracellular,bulk
PB2,341,2006,261,ERR3474718,human,in vivo,extracellular,bulk
PB2,343,2127,108,ERR3474718,human,in vivo,extracellular,bulk
PB2,357,401,1,ERR3474718,human,in vivo,extracellular,bulk
PB2,358,1954,1,ERR3474718,human,in vivo,extracellular,bulk
PB2,373,1980,19,ERR3474718,human,in vivo,extracellular,bulk
PB2,394,2053,1,ERR3474718,human,in vivo,extracellular,bulk
PB2,396,2055,242,ERR3474718,human,in vivo,extracellular,bulk
PB2,415,2033,1,ERR3474718,human,in vivo,extracellular,bulk
PB2,418,2036,187,ERR3474718,human,in vivo,extracellular,bulk
PB2,422,2040,1,ERR3474718,human,in vivo,extracellular,bulk
PB2,443,1907,53,ERR3474718,human,in vivo,extracellular,bulk
PB2,448,2081,58,ERR3474718,human,in vivo,extracellular,bulk
PB2,466,2005,124,ERR3474718,human,in vivo,extracellular,bulk
PB2,474,2007,2,ERR3474718,human,in vivo,extracellular,bulk
PB2,476,1885,1,ERR3474718,human,in vivo,extracellular,bulk
PB2,500,1775,145,ERR3474718,human,in vivo,extracellular,bulk
PB2,504,2077,1,ERR3474718,human,in vivo,extracellular,bulk
PB2,527,1734,190,ERR3474718,human,in vivo,extracellular,bulk
PB2,528,1735,1,ERR3474718,human,in vivo,extracellular,bulk
PB2,610,2070,2,ERR3474718,human,in vivo,extracellular,bulk
PB2,620,1812,1,ERR3474718,human,in vivo,extracellular,bulk
PB2,642,1860,373,ERR3474718,human,in vivo,extracellular,bulk
PB2,739,1961,2,ERR3474718,human,in vivo,extracellular,bulk
PB2,748,2068,1,ERR3474718,human,in vivo,extracellular,bulk
PB2,842,1581,1,ERR3474718,human,in vivo,extracellular,bulk
PB2,856,1500,188,ERR3474718,human,in vivo,extracellular,bulk
PA,193,2043,56,ERR3474718,human,in vivo,extracellular,bulk
PA,232,1677,1,ERR3474718,human,in vivo,extracellular,bulk
PA,259,1861,23,ERR3474718,human,in vivo,extracellular,bulk
PA,272,1705,1,ERR3474718,human,in vivo,extracellular,bulk
PA,307,2046,3,ERR3474718,human,in vivo,extracellular,bulk
PA,421,2067,90,ERR3474718,human,in vivo,extracellular,bulk
PA,426,1904,73,ERR3474718,human,in vivo,extracellular,bulk
PA,427,1795,96,ERR3474718,human,in vivo,extracellular,bulk
PA,428,2024,180,ERR3474718,human,in vivo,extracellular,bulk
PA,438,1882,1,ERR3474718,human,in vivo,extracellular,bulk
PA,488,1588,42,ERR3474718,human,in vivo,extracellular,bulk
PA,497,1825,1,ERR3474718,human,in vivo,extracellular,bulk
PA,505,1879,2,ERR3474718,human,in vivo,extracellular,bulk
PA,514,1733,101,ERR3474718,human,in vivo,extracellular,bulk
PA,602,1720,124,ERR3474718,human,in vivo,extracellular,bulk
PA,617,1519,42,ERR3474718,human,in vivo,extracellular,bulk
PA,719,1679,19,ERR3474718,human,in vivo,extracellular,bulk
PA,74,1859,1,ERR3474718,human,in vivo,extracellular,bulk
PA,804,1811,72,ERR3474718,human,in vivo,extracellular,bulk
PA,91,125,125,ERR3474718,human,in vivo,extracellular,bulk
M,239,748,1,ERR3474718,human,in vivo,extracellular,bulk
M,64,911,223,ERR3474718,human,in vivo,extracellular,bulk
M,65,912,1,ERR3474718,human,in vivo,extracellular,bulk
M,90,915,2,ERR3474718,human,in vivo,extracellular,bulk
PB1,291,2121,16,ERR3474719,human,in vivo,extracellular,bulk
PB1,291,2124,1,ERR3474719,human,in vivo,extracellular,bulk
PB1,292,2115,1,ERR3474719,human,in vivo,extracellular,bulk
PB1,292,2122,18372,ERR3474719,human,in vivo,extracellular,bulk
PB1,293,2123,28,ERR3474719,human,in vivo,extracellular,bulk
PB1,306,2124,1,ERR3474719,human,in vivo,extracellular,bulk
PB1,310,2124,6,ERR3474719,human,in vivo,extracellular,bulk
PB1,310,2195,5,ERR3474719,human,in vivo,extracellular,bulk
PB1,328,2125,1,ERR3474719,human,in vivo,extracellular,bulk
PB1,719,1653,32,ERR3474719,human,in vivo,extracellular,bulk
PB2,164,2144,39,ERR3474719,human,in vivo,extracellular,bulk
PB2,353,1927,13,ERR3474719,human,in vivo,extracellular,bulk
PB2,511,2070,70,ERR3474719,human,in vivo,extracellular,bulk
PB2,617,1880,38,ERR3474719,human,in vivo,extracellular,bulk
PB2,618,1881,1,ERR3474719,human,in vivo,extracellular,bulk
PB2,842,1605,6,ERR3474719,human,in vivo,extracellular,bulk
PA,277,1860,25,ERR3474719,human,in vivo,extracellular,bulk
PA,426,1752,33,ERR3474719,human,in vivo,extracellular,bulk
PA,429,1755,1,ERR3474719,human,in vivo,extracellular,bulk
PA,463,1856,23,ERR3474719,human,in vivo,extracellular,bulk
PA,501,1823,15,ERR3474719,human,in vivo,extracellular,bulk
PA,520,1867,44,ERR3474719,human,in vivo,extracellular,bulk
PA,542,1704,21,ERR3474719,human,in vivo,extracellular,bulk
PA,547,1706,38,ERR3474719,human,in vivo,extracellular,bulk
PA,614,1724,4,ERR3474719,human,in vivo,extracellular,bulk
PA,63,107,12,ERR3474719,human,in vivo,extracellular,bulk
PA,652,1614,31,ERR3474719,human,in vivo,extracellular,bulk
HA,284,1066,1,ERR3474719,human,in vivo,extracellular,bulk
NP,543,1192,4,ERR3474719,human,in vivo,extracellular,bulk
M,518,638,1,ERR3474719,human,in vivo,extracellular,bulk
PB1,100,1744,3,ERR3474720,human,in vivo,extracellular,bulk
PB1,1031,1701,1,ERR3474720,human,in vivo,extracellular,bulk
PB1,1033,1467,1,ERR3474720,human,in vivo,extracellular,bulk
PB1,1043,1371,1,ERR3474720,human,in vivo,extracellular,bulk
PB1,1071,1817,2,ERR3474720,human,in vivo,extracellular,bulk
PB1,132,2106,4,ERR3474720,human,in vivo,extracellular,bulk
PB1,1378,1442,2,ERR3474720,human,in vivo,extracellular,bulk
PB1,1388,1422,2,ERR3474720,human,in vivo,extracellular,bulk
PB1,155,2164,6,ERR3474720,human,in vivo,extracellular,bulk
PB1,1566,1613,2,ERR3474720,human,in vivo,extracellular,bulk
PB1,166,1722,3,ERR3474720,human,in vivo,extracellular,bulk
PB1,2131,2161,3,ERR3474720,human,in vivo,extracellular,bulk
PB1,232,2115,1,ERR3474720,human,in vivo,extracellular,bulk
PB1,233,2192,3,ERR3474720,human,in vivo,extracellular,bulk
PB1,239,1821,2,ERR3474720,human,in vivo,extracellular,bulk
PB1,239,2015,3,ERR3474720,human,in vivo,extracellular,bulk
PB1,239,2107,2,ERR3474720,human,in vivo,extracellular,bulk
PB1,239,2112,13,ERR3474720,human,in vivo,extracellular,bulk
PB1,240,1980,54,ERR3474720,human,in vivo,extracellular,bulk
PB1,240,2120,295,ERR3474720,human,in vivo,extracellular,bulk
PB1,241,1679,1,ERR3474720,human,in vivo,extracellular,bulk
PB1,241,1773,6,ERR3474720,human,in vivo,extracellular,bulk
PB1,242,1680,14,ERR3474720,human,in vivo,extracellular,bulk
PB1,242,2106,4,ERR3474720,human,in vivo,extracellular,bulk
PB1,242,2122,1,ERR3474720,human,in vivo,extracellular,bulk
PB1,251,2064,1,ERR3474720,human,in vivo,extracellular,bulk
PB1,254,1323,2,ERR3474720,human,in vivo,extracellular,bulk
PB1,258,2115,1,ERR3474720,human,in vivo,extracellular,bulk
PB1,268,1311,2,ERR3474720,human,in vivo,extracellular,bulk
PB1,268,1781,2,ERR3474720,human,in vivo,extracellular,bulk
PB1,269,1915,1,ERR3474720,human,in vivo,extracellular,bulk
PB1,275,1977,4,ERR3474720,human,in vivo,extracellular,bulk
PB1,275,2107,9,ERR3474720,human,in vivo,extracellular,bulk
PB1,278,2156,2,ERR3474720,human,in vivo,extracellular,bulk
PB1,278,304,19,ERR3474720,human,in vivo,extracellular,bulk
PB1,280,1721,14,ERR3474720,human,in vivo,extracellular,bulk
PB1,280,2047,48,ERR3474720,human,in vivo,extracellular,bulk
PB1,287,1919,7,ERR3474720,human,in vivo,extracellular,bulk
PB1,287,1927,1,ERR3474720,human,in vivo,extracellular,bulk
PB1,288,2051,2,ERR3474720,human,in vivo,extracellular,bulk
PB1,288,2094,7,ERR3474720,human,in vivo,extracellular,bulk
PB1,289,1580,4,ERR3474720,human,in vivo,extracellular,bulk
PB1,291,2019,2,ERR3474720,human,in vivo,extracellular,bulk
PB1,296,1712,20,ERR3474720,human,in vivo,extracellular,bulk
PB1,296,2029,4,ERR3474720,human,in vivo,extracellular,bulk
PB1,296,2047,2,ERR3474720,human,in vivo,extracellular,bulk
PB1,297,1744,6,ERR3474720,human,in vivo,extracellular,bulk
PB1,297,1994,11,ERR3474720,human,in vivo,extracellular,bulk
PB1,298,2064,1,ERR3474720,human,in vivo,extracellular,bulk
PB1,300,1900,6,ERR3474720,human,in vivo,extracellular,bulk
PB1,300,2002,1,ERR3474720,human,in vivo,extracellular,bulk
PB1,300,2015,1,ERR3474720,human,in vivo,extracellular,bulk
PB1,300,2016,11,ERR3474720,human,in vivo,extracellular,bulk
PB1,300,2064,2,ERR3474720,human,in vivo,extracellular,bulk
PB1,301,2020,7,ERR3474720,human,in vivo,extracellular,bulk
PB1,301,2026,12,ERR3474720,human,in vivo,extracellular,bulk
PB1,301,2041,6,ERR3474720,human,in vivo,extracellular,bulk
PB1,301,2048,3,ERR3474720,human,in vivo,extracellular,bulk
PB1,302,1847,2,ERR3474720,human,in vivo,extracellular,bulk
PB1,302,2064,2,ERR3474720,human,in vivo,extracellular,bulk
PB1,304,1843,4,ERR3474720,human,in vivo,extracellular,bulk
PB1,305,2019,11,ERR3474720,human,in vivo,extracellular,bulk
PB1,306,1999,2,ERR3474720,human,in vivo,extracellular,bulk
PB1,307,1993,3,ERR3474720,human,in vivo,extracellular,bulk
PB1,307,1999,16,ERR3474720,human,in vivo,extracellular,bulk
PB1,307,2003,13,ERR3474720,human,in vivo,extracellular,bulk
PB1,308,2018,2,ERR3474720,human,in vivo,extracellular,bulk
PB1,309,2019,1,ERR3474720,human,in vivo,extracellular,bulk
PB1,310,2261,2,ERR3474720,human,in vivo,extracellular,bulk
PB1,311,1539,2,ERR3474720,human,in vivo,extracellular,bulk
PB1,311,2002,5,ERR3474720,human,in vivo,extracellular,bulk
PB1,311,2003,2,ERR3474720,human,in vivo,extracellular,bulk
PB1,311,2018,1,ERR3474720,human,in vivo,extracellular,bulk
PB1,311,2035,23,ERR3474720,human,in vivo,extracellular,bulk
PB1,311,2064,2,ERR3474720,human,in vivo,extracellular,bulk
PB1,311,2073,3,ERR3474720,human,in vivo,extracellular,bulk
PB1,312,2005,3,ERR3474720,human,in vivo,extracellular,bulk
PB1,312,2006,13,ERR3474720,human,in vivo,extracellular,bulk
PB1,312,2061,3,ERR3474720,human,in vivo,extracellular,bulk
PB1,317,2079,1,ERR3474720,human,in vivo,extracellular,bulk
PB1,320,1993,1,ERR3474720,human,in vivo,extracellular,bulk
PB1,322,2024,2,ERR3474720,human,in vivo,extracellular,bulk
PB1,323,1723,2,ERR3474720,human,in vivo,extracellular,bulk
PB1,326,2024,4,ERR3474720,human,in vivo,extracellular,bulk
PB1,326,2184,2,ERR3474720,human,in vivo,extracellular,bulk
PB1,327,2003,2,ERR3474720,human,in vivo,extracellular,bulk
PB1,327,2019,7,ERR3474720,human,in vivo,extracellular,bulk
PB1,327,2051,2,ERR3474720,human,in vivo,extracellular,bulk
PB1,328,2000,1,ERR3474720,human,in vivo,extracellular,bulk
PB1,331,1993,10,ERR3474720,human,in vivo,extracellular,bulk
PB1,333,2030,4,ERR3474720,human,in vivo,extracellular,bulk
PB1,333,2043,2,ERR3474720,human,in vivo,extracellular,bulk
PB1,334,2115,1,ERR3474720,human,in vivo,extracellular,bulk
PB1,336,1991,4,ERR3474720,human,in vivo,extracellular,bulk
PB1,336,1992,16,ERR3474720,human,in vivo,extracellular,bulk
PB1,337,1997,2,ERR3474720,human,in vivo,extracellular,bulk
PB1,337,2051,122,ERR3474720,human,in vivo,extracellular,bulk
PB1,339,1995,3,ERR3474720,human,in vivo,extracellular,bulk
PB1,341,2160,2,ERR3474720,human,in vivo,extracellular,bulk
PB1,343,2160,1,ERR3474720,human,in vivo,extracellular,bulk
PB1,344,2040,7,ERR3474720,human,in vivo,extracellular,bulk
PB1,344,2105,2,ERR3474720,human,in vivo,extracellular,bulk
PB1,344,2171,1,ERR3474720,human,in vivo,extracellular,bulk
PB1,346,2041,4,ERR3474720,human,in vivo,extracellular,bulk
PB1,348,1848,1,ERR3474720,human,in vivo,extracellular,bulk
PB1,349,1984,2,ERR3474720,human,in vivo,extracellular,bulk
PB1,350,1947,1,ERR3474720,human,in vivo,extracellular,bulk
PB1,352,1940,3,ERR3474720,human,in vivo,extracellular,bulk
PB1,353,1917,63,ERR3474720,human,in vivo,extracellular,bulk
PB1,353,2034,3,ERR3474720,human,in vivo,extracellular,bulk
PB1,353,2181,12,ERR3474720,human,in vivo,extracellular,bulk
PB1,354,2042,1,ERR3474720,human,in vivo,extracellular,bulk
PB1,354,2094,1,ERR3474720,human,in vivo,extracellular,bulk
PB1,354,2210,2,ERR3474720,human,in vivo,extracellular,bulk
PB1,355,1897,18,ERR3474720,human,in vivo,extracellular,bulk
PB1,356,2005,1,ERR3474720,human,in vivo,extracellular,bulk
PB1,356,2044,65,ERR3474720,human,in vivo,extracellular,bulk
PB1,357,2019,4,ERR3474720,human,in vivo,extracellular,bulk
PB1,361,2068,1,ERR3474720,human,in vivo,extracellular,bulk
PB1,362,1942,6,ERR3474720,human,in vivo,extracellular,bulk
PB1,363,1915,7,ERR3474720,human,in vivo,extracellular,bulk
PB1,363,2048,2,ERR3474720,human,in vivo,extracellular,bulk
PB1,364,1945,4,ERR3474720,human,in vivo,extracellular,bulk
PB1,364,2045,2,ERR3474720,human,in vivo,extracellular,bulk
PB1,366,1938,6,ERR3474720,human,in vivo,extracellular,bulk
PB1,366,1994,21,ERR3474720,human,in vivo,extracellular,bulk
PB1,367,1985,1,ERR3474720,human,in vivo,extracellular,bulk
PB1,367,1995,1,ERR3474720,human,in vivo,extracellular,bulk
PB1,370,1937,5,ERR3474720,human,in vivo,extracellular,bulk
PB1,372,1934,3,ERR3474720,human,in vivo,extracellular,bulk
PB1,372,1937,2,ERR3474720,human,in vivo,extracellular,bulk
PB1,373,1941,3,ERR3474720,human,in vivo,extracellular,bulk
PB1,373,1944,7,ERR3474720,human,in vivo,extracellular,bulk
PB1,375,1645,3,ERR3474720,human,in vivo,extracellular,bulk
PB1,375,1936,1,ERR3474720,human,in vivo,extracellular,bulk
PB1,375,1939,13,ERR3474720,human,in vivo,extracellular,bulk
PB1,375,1940,1,ERR3474720,human,in vivo,extracellular,bulk
PB1,375,1941,11,ERR3474720,human,in vivo,extracellular,bulk
PB1,375,1944,7,ERR3474720,human,in vivo,extracellular,bulk
PB1,376,1935,6,ERR3474720,human,in vivo,extracellular,bulk
PB1,376,1945,1,ERR3474720,human,in vivo,extracellular,bulk
PB1,377,1933,3,ERR3474720,human,in vivo,extracellular,bulk
PB1,377,1945,60,ERR3474720,human,in vivo,extracellular,bulk
PB1,377,1946,2,ERR3474720,human,in vivo,extracellular,bulk
PB1,377,1977,7,ERR3474720,human,in vivo,extracellular,bulk
PB1,378,1937,6,ERR3474720,human,in vivo,extracellular,bulk
PB1,378,1940,8,ERR3474720,human,in vivo,extracellular,bulk
PB1,380,1835,2,ERR3474720,human,in vivo,extracellular,bulk
PB1,380,1940,326,ERR3474720,human,in vivo,extracellular,bulk
PB1,381,2007,4,ERR3474720,human,in vivo,extracellular,bulk
PB1,382,1937,5,ERR3474720,human,in vivo,extracellular,bulk
PB1,382,1942,3,ERR3474720,human,in vivo,extracellular,bulk
PB1,383,1745,3,ERR3474720,human,in vivo,extracellular,bulk
PB1,383,1933,6,ERR3474720,human,in vivo,extracellular,bulk
PB1,384,1944,3,ERR3474720,human,in vivo,extracellular,bulk
PB1,385,1331,1,ERR3474720,human,in vivo,extracellular,bulk
PB1,386,1912,2,ERR3474720,human,in vivo,extracellular,bulk
PB1,386,1916,19,ERR3474720,human,in vivo,extracellular,bulk
PB1,386,1923,10,ERR3474720,human,in vivo,extracellular,bulk
PB1,386,1934,5,ERR3474720,human,in vivo,extracellular,bulk
PB1,386,1998,3,ERR3474720,human,in vivo,extracellular,bulk
PB1,386,2110,3,ERR3474720,human,in vivo,extracellular,bulk
PB1,387,1779,2,ERR3474720,human,in vivo,extracellular,bulk
PB1,387,1915,4,ERR3474720,human,in vivo,extracellular,bulk
PB1,387,1918,10,ERR3474720,human,in vivo,extracellular,bulk
PB1,387,1920,5,ERR3474720,human,in vivo,extracellular,bulk
PB1,387,1937,23,ERR3474720,human,in vivo,extracellular,bulk
PB1,387,2109,2,ERR3474720,human,in vivo,extracellular,bulk
PB1,387,2180,3,ERR3474720,human,in vivo,extracellular,bulk
PB1,388,1844,58,ERR3474720,human,in vivo,extracellular,bulk
PB1,388,1915,7,ERR3474720,human,in vivo,extracellular,bulk
PB1,388,2025,2,ERR3474720,human,in vivo,extracellular,bulk
PB1,389,1447,4,ERR3474720,human,in vivo,extracellular,bulk
PB1,391,1912,2,ERR3474720,human,in vivo,extracellular,bulk
PB1,391,1993,2,ERR3474720,human,in vivo,extracellular,bulk
PB1,392,1831,1,ERR3474720,human,in vivo,extracellular,bulk
PB1,393,1746,1,ERR3474720,human,in vivo,extracellular,bulk
PB1,393,2163,4,ERR3474720,human,in vivo,extracellular,bulk
PB1,394,1580,1,ERR3474720,human,in vivo,extracellular,bulk
PB1,394,1913,1,ERR3474720,human,in vivo,extracellular,bulk
PB1,394,1914,2,ERR3474720,human,in vivo,extracellular,bulk
PB1,395,1913,1,ERR3474720,human,in vivo,extracellular,bulk
PB1,397,1830,1,ERR3474720,human,in vivo,extracellular,bulk
PB1,397,1903,4,ERR3474720,human,in vivo,extracellular,bulk
PB1,398,1934,7,ERR3474720,human,in vivo,extracellular,bulk
PB1,398,1993,2,ERR3474720,human,in vivo,extracellular,bulk
PB1,399,1903,15,ERR3474720,human,in vivo,extracellular,bulk
PB1,399,1904,8,ERR3474720,human,in vivo,extracellular,bulk
PB1,399,1905,31,ERR3474720,human,in vivo,extracellular,bulk
PB1,401,1766,1,ERR3474720,human,in vivo,extracellular,bulk
PB1,401,1834,1,ERR3474720,human,in vivo,extracellular,bulk
PB1,401,1903,2,ERR3474720,human,in vivo,extracellular,bulk
PB1,401,1905,2,ERR3474720,human,in vivo,extracellular,bulk
PB1,402,1711,2,ERR3474720,human,in vivo,extracellular,bulk
PB1,402,1916,9,ERR3474720,human,in vivo,extracellular,bulk
PB1,403,1902,1,ERR3474720,human,in vivo,extracellular,bulk
PB1,403,1903,19,ERR3474720,human,in vivo,extracellular,bulk
PB1,403,1904,1,ERR3474720,human,in vivo,extracellular,bulk
PB1,403,2033,1,ERR3474720,human,in vivo,extracellular,bulk
PB1,404,1919,12,ERR3474720,human,in vivo,extracellular,bulk
PB1,407,1542,15,ERR3474720,human,in vivo,extracellular,bulk
PB1,407,1815,3,ERR3474720,human,in vivo,extracellular,bulk
PB1,407,1946,10,ERR3474720,human,in vivo,extracellular,bulk
PB1,419,2015,21,ERR3474720,human,in vivo,extracellular,bulk
PB1,420,1817,2,ERR3474720,human,in vivo,extracellular,bulk
PB1,420,1857,12,ERR3474720,human,in vivo,extracellular,bulk
PB1,420,1915,2,ERR3474720,human,in vivo,extracellular,bulk
PB1,420,1944,13,ERR3474720,human,in vivo,extracellular,bulk
PB1,420,1979,1,ERR3474720,human,in vivo,extracellular,bulk
PB1,420,2020,2,ERR3474720,human,in vivo,extracellular,bulk
PB1,421,1816,85,ERR3474720,human,in vivo,extracellular,bulk
PB1,421,1978,5,ERR3474720,human,in vivo,extracellular,bulk
PB1,421,2036,1,ERR3474720,human,in vivo,extracellular,bulk
PB1,422,1781,1,ERR3474720,human,in vivo,extracellular,bulk
PB1,422,1999,2,ERR3474720,human,in vivo,extracellular,bulk
PB1,423,1998,84,ERR3474720,human,in vivo,extracellular,bulk
PB1,425,1942,9,ERR3474720,human,in vivo,extracellular,bulk
PB1,425,1990,4,ERR3474720,human,in vivo,extracellular,bulk
PB1,436,1913,2,ERR3474720,human,in vivo,extracellular,bulk
PB1,438,1943,4,ERR3474720,human,in vivo,extracellular,bulk
PB1,438,1991,3,ERR3474720,human,in vivo,extracellular,bulk
PB1,438,2004,7,ERR3474720,human,in vivo,extracellular,bulk
PB1,439,1781,12,ERR3474720,human,in vivo,extracellular,bulk
PB1,439,1999,6,ERR3474720,human,in vivo,extracellular,bulk
PB1,442,1940,3,ERR3474720,human,in vivo,extracellular,bulk
PB1,444,1901,4,ERR3474720,human,in vivo,extracellular,bulk
PB1,445,1759,2,ERR3474720,human,in vivo,extracellular,bulk
PB1,446,1935,30,ERR3474720,human,in vivo,extracellular,bulk
PB1,447,1937,2,ERR3474720,human,in vivo,extracellular,bulk
PB1,447,1941,4,ERR3474720,human,in vivo,extracellular,bulk
PB1,449,1777,1,ERR3474720,human,in vivo,extracellular,bulk
PB1,449,1934,1,ERR3474720,human,in vivo,extracellular,bulk
PB1,449,1942,2,ERR3474720,human,in vivo,extracellular,bulk
PB1,450,1693,1,ERR3474720,human,in vivo,extracellular,bulk
PB1,450,1777,2,ERR3474720,human,in vivo,extracellular,bulk
PB1,451,1780,6,ERR3474720,human,in vivo,extracellular,bulk
PB1,451,1933,10,ERR3474720,human,in vivo,extracellular,bulk
PB1,451,1945,4,ERR3474720,human,in vivo,extracellular,bulk
PB1,451,2121,4,ERR3474720,human,in vivo,extracellular,bulk
PB1,452,1942,15,ERR3474720,human,in vivo,extracellular,bulk
PB1,453,1923,6,ERR3474720,human,in vivo,extracellular,bulk
PB1,454,1732,8,ERR3474720,human,in vivo,extracellular,bulk
PB1,454,1745,1,ERR3474720,human,in vivo,extracellular,bulk
PB1,454,1777,2,ERR3474720,human,in vivo,extracellular,bulk
PB1,454,1833,2,ERR3474720,human,in vivo,extracellular,bulk
PB1,454,1835,10,ERR3474720,human,in vivo,extracellular,bulk
PB1,454,1978,1,ERR3474720,human,in vivo,extracellular,bulk
PB1,456,1780,3,ERR3474720,human,in vivo,extracellular,bulk
PB1,456,1846,9,ERR3474720,human,in vivo,extracellular,bulk
PB1,456,1993,9,ERR3474720,human,in vivo,extracellular,bulk
PB1,457,1777,7,ERR3474720,human,in vivo,extracellular,bulk
PB1,458,1777,5,ERR3474720,human,in vivo,extracellular,bulk
PB1,458,1780,3,ERR3474720,human,in vivo,extracellular,bulk
PB1,458,1933,3,ERR3474720,human,in vivo,extracellular,bulk
PB1,458,2049,1,ERR3474720,human,in vivo,extracellular,bulk
PB1,470,1550,1,ERR3474720,human,in vivo,extracellular,bulk
PB1,499,1862,3,ERR3474720,human,in vivo,extracellular,bulk
PB1,500,1748,4,ERR3474720,human,in vivo,extracellular,bulk
PB1,500,1903,3,ERR3474720,human,in vivo,extracellular,bulk
PB1,500,1904,2,ERR3474720,human,in vivo,extracellular,bulk
PB1,501,1769,1,ERR3474720,human,in vivo,extracellular,bulk
PB1,502,1746,9,ERR3474720,human,in vivo,extracellular,bulk
PB1,502,1816,2,ERR3474720,human,in vivo,extracellular,bulk
PB1,503,1822,26,ERR3474720,human,in vivo,extracellular,bulk
PB1,504,1768,2,ERR3474720,human,in vivo,extracellular,bulk
PB1,504,1776,2,ERR3474720,human,in vivo,extracellular,bulk
PB1,504,1943,4,ERR3474720,human,in vivo,extracellular,bulk
PB1,505,1738,4,ERR3474720,human,in vivo,extracellular,bulk
PB1,508,1746,4,ERR3474720,human,in vivo,extracellular,bulk
PB1,509,1734,1,ERR3474720,human,in vivo,extracellular,bulk
PB1,509,1744,5,ERR3474720,human,in vivo,extracellular,bulk
PB1,509,1746,3,ERR3474720,human,in vivo,extracellular,bulk
PB1,510,1738,1,ERR3474720,human,in vivo,extracellular,bulk
PB1,511,1772,11,ERR3474720,human,in vivo,extracellular,bulk
PB1,514,1858,1,ERR3474720,human,in vivo,extracellular,bulk
PB1,519,1912,1,ERR3474720,human,in vivo,extracellular,bulk
PB1,520,1755,3,ERR3474720,human,in vivo,extracellular,bulk
PB1,524,1766,1,ERR3474720,human,in vivo,extracellular,bulk
PB1,524,1840,1,ERR3474720,human,in vivo,extracellular,bulk
PB1,525,1770,1,ERR3474720,human,in vivo,extracellular,bulk
PB1,526,1726,1,ERR3474720,human,in vivo,extracellular,bulk
PB1,527,1747,2,ERR3474720,human,in vivo,extracellular,bulk
PB1,528,1587,12,ERR3474720,human,in vivo,extracellular,bulk
PB1,528,1772,21,ERR3474720,human,in vivo,extracellular,bulk
PB1,528,1780,2,ERR3474720,human,in vivo,extracellular,bulk
PB1,529,1695,1,ERR3474720,human,in vivo,extracellular,bulk
PB1,529,1711,1,ERR3474720,human,in vivo,extracellular,bulk
PB1,529,1747,2,ERR3474720,human,in vivo,extracellular,bulk
PB1,529,1769,1,ERR3474720,human,in vivo,extracellular,bulk
PB1,529,1817,19,ERR3474720,human,in vivo,extracellular,bulk
PB1,529,1831,1,ERR3474720,human,in vivo,extracellular,bulk
PB1,530,1510,2,ERR3474720,human,in vivo,extracellular,bulk
PB1,530,1757,2,ERR3474720,human,in vivo,extracellular,bulk
PB1,530,1780,1,ERR3474720,human,in vivo,extracellular,bulk
PB1,530,1834,6,ERR3474720,human,in vivo,extracellular,bulk
PB1,530,1852,1,ERR3474720,human,in vivo,extracellular,bulk
PB1,531,1780,13,ERR3474720,human,in vivo,extracellular,bulk
PB1,534,1718,2,ERR3474720,human,in vivo,extracellular,bulk
PB1,534,1773,11,ERR3474720,human,in vivo,extracellular,bulk
PB1,534,1776,2,ERR3474720,human,in vivo,extracellular,bulk
PB1,534,1830,1,ERR3474720,human,in vivo,extracellular,bulk
PB1,534,1834,2,ERR3474720,human,in vivo,extracellular,bulk
PB1,534,1856,5,ERR3474720,human,in vivo,extracellular,bulk
PB1,534,1859,68,ERR3474720,human,in vivo,extracellular,bulk
PB1,535,1517,2,ERR3474720,human,in vivo,extracellular,bulk
PB1,535,1759,1,ERR3474720,human,in vivo,extracellular,bulk
PB1,535,1781,18,ERR3474720,human,in vivo,extracellular,bulk
PB1,535,1782,1,ERR3474720,human,in vivo,extracellular,bulk
PB1,535,1860,1,ERR3474720,human,in vivo,extracellular,bulk
PB1,536,1769,14,ERR3474720,human,in vivo,extracellular,bulk
PB1,536,1857,2,ERR3474720,human,in vivo,extracellular,bulk
PB1,537,1780,40,ERR3474720,human,in vivo,extracellular,bulk
PB1,539,1780,6,ERR3474720,human,in vivo,extracellular,bulk
PB1,539,2003,1,ERR3474720,human,in vivo,extracellular,bulk
PB1,540,1305,1,ERR3474720,human,in vivo,extracellular,bulk
PB1,540,1945,1,ERR3474720,human,in vivo,extracellular,bulk
PB1,541,1760,2,ERR3474720,human,in vivo,extracellular,bulk
PB1,542,1734,4,ERR3474720,human,in vivo,extracellular,bulk
PB1,542,1744,1,ERR3474720,human,in vivo,extracellular,bulk
PB1,542,1761,3,ERR3474720,human,in vivo,extracellular,bulk
PB1,542,1765,3,ERR3474720,human,in vivo,extracellular,bulk
PB1,542,1768,23,ERR3474720,human,in vivo,extracellular,bulk
PB1,542,1773,10,ERR3474720,human,in vivo,extracellular,bulk
PB1,542,1774,12,ERR3474720,human,in vivo,extracellular,bulk
PB1,542,1776,36,ERR3474720,human,in vivo,extracellular,bulk
PB1,542,1778,1,ERR3474720,human,in vivo,extracellular,bulk
PB1,542,1848,4,ERR3474720,human,in vivo,extracellular,bulk
PB1,542,1856,16,ERR3474720,human,in vivo,extracellular,bulk
PB1,542,1858,8,ERR3474720,human,in vivo,extracellular,bulk
PB1,542,1863,2,ERR3474720,human,in vivo,extracellular,bulk
PB1,542,2119,1,ERR3474720,human,in vivo,extracellular,bulk
PB1,543,1724,1,ERR3474720,human,in vivo,extracellular,bulk
PB1,543,1773,3,ERR3474720,human,in vivo,extracellular,bulk
PB1,543,1782,1,ERR3474720,human,in vivo,extracellular,bulk
PB1,544,1782,1,ERR3474720,human,in vivo,extracellular,bulk
PB1,574,1775,2,ERR3474720,human,in vivo,extracellular,bulk
PB1,574,1777,5,ERR3474720,human,in vivo,extracellular,bulk
PB1,574,1818,3,ERR3474720,human,in vivo,extracellular,bulk
PB1,575,1731,1,ERR3474720,human,in vivo,extracellular,bulk
PB1,575,1763,1,ERR3474720,human,in vivo,extracellular,bulk
PB1,576,1757,2,ERR3474720,human,in vivo,extracellular,bulk
PB1,576,1772,8,ERR3474720,human,in vivo,extracellular,bulk
PB1,578,1614,1,ERR3474720,human,in vivo,extracellular,bulk
PB1,579,1700,1,ERR3474720,human,in vivo,extracellular,bulk
PB1,579,1723,2,ERR3474720,human,in vivo,extracellular,bulk
PB1,579,1828,2,ERR3474720,human,in vivo,extracellular,bulk
PB1,580,1594,1,ERR3474720,human,in vivo,extracellular,bulk
PB1,580,1651,1,ERR3474720,human,in vivo,extracellular,bulk
PB1,580,1747,1,ERR3474720,human,in vivo,extracellular,bulk
PB1,580,1764,2,ERR3474720,human,in vivo,extracellular,bulk
PB1,580,1769,14,ERR3474720,human,in vivo,extracellular,bulk
PB1,580,1817,6,ERR3474720,human,in vivo,extracellular,bulk
PB1,580,1831,7,ERR3474720,human,in vivo,extracellular,bulk
PB1,580,1842,1,ERR3474720,human,in vivo,extracellular,bulk
PB1,580,1915,3,ERR3474720,human,in vivo,extracellular,bulk
PB1,580,2044,4,ERR3474720,human,in vivo,extracellular,bulk
PB1,581,1714,2,ERR3474720,human,in vivo,extracellular,bulk
PB1,581,1737,5,ERR3474720,human,in vivo,extracellular,bulk
PB1,581,1750,4,ERR3474720,human,in vivo,extracellular,bulk
PB1,581,1757,5,ERR3474720,human,in vivo,extracellular,bulk
PB1,581,2002,1,ERR3474720,human,in vivo,extracellular,bulk
PB1,581,2064,1,ERR3474720,human,in vivo,extracellular,bulk
PB1,581,2172,1,ERR3474720,human,in vivo,extracellular,bulk
PB1,582,1713,5,ERR3474720,human,in vivo,extracellular,bulk
PB1,582,1831,1,ERR3474720,human,in vivo,extracellular,bulk
PB1,583,1818,3,ERR3474720,human,in vivo,extracellular,bulk
PB1,583,1945,12,ERR3474720,human,in vivo,extracellular,bulk
PB1,585,1750,9,ERR3474720,human,in vivo,extracellular,bulk
PB1,590,2002,9,ERR3474720,human,in vivo,extracellular,bulk
PB1,593,1734,1,ERR3474720,human,in vivo,extracellular,bulk
PB1,593,1738,1,ERR3474720,human,in vivo,extracellular,bulk
PB1,593,1755,6,ERR3474720,human,in vivo,extracellular,bulk
PB1,594,1738,3,ERR3474720,human,in vivo,extracellular,bulk
PB1,594,1758,5,ERR3474720,human,in vivo,extracellular,bulk
PB1,597,1724,2,ERR3474720,human,in vivo,extracellular,bulk
PB1,597,1744,34,ERR3474720,human,in vivo,extracellular,bulk
PB1,597,1746,2,ERR3474720,human,in vivo,extracellular,bulk
PB1,597,1765,13,ERR3474720,human,in vivo,extracellular,bulk
PB1,597,1776,3,ERR3474720,human,in vivo,extracellular,bulk
PB1,598,1724,6,ERR3474720,human,in vivo,extracellular,bulk
PB1,598,1822,5,ERR3474720,human,in vivo,extracellular,bulk
PB1,608,1722,1,ERR3474720,human,in vivo,extracellular,bulk
PB1,609,1722,3,ERR3474720,human,in vivo,extracellular,bulk
PB1,609,1752,12,ERR3474720,human,in vivo,extracellular,bulk
PB1,609,1781,3,ERR3474720,human,in vivo,extracellular,bulk
PB1,609,1918,3,ERR3474720,human,in vivo,extracellular,bulk
PB1,611,1712,13,ERR3474720,human,in vivo,extracellular,bulk
PB1,611,1778,4,ERR3474720,human,in vivo,extracellular,bulk
PB1,613,1569,5,ERR3474720,human,in vivo,extracellular,bulk
PB1,613,1734,2,ERR3474720,human,in vivo,extracellular,bulk
PB1,614,1773,6,ERR3474720,human,in vivo,extracellular,bulk
PB1,614,1781,14,ERR3474720,human,in vivo,extracellular,bulk
PB1,615,1783,6,ERR3474720,human,in vivo,extracellular,bulk
PB1,621,1912,2,ERR3474720,human,in vivo,extracellular,bulk
PB1,623,1700,2,ERR3474720,human,in vivo,extracellular,bulk
PB1,623,1722,2,ERR3474720,human,in vivo,extracellular,bulk
PB1,623,1723,1,ERR3474720,human,in vivo,extracellular,bulk
PB1,623,1757,3,ERR3474720,human,in vivo,extracellular,bulk
PB1,623,1771,11,ERR3474720,human,in vivo,extracellular,bulk
PB1,623,1780,1,ERR3474720,human,in vivo,extracellular,bulk
PB1,623,1781,2,ERR3474720,human,in vivo,extracellular,bulk
PB1,623,1912,3,ERR3474720,human,in vivo,extracellular,bulk
PB1,624,1756,1,ERR3474720,human,in vivo,extracellular,bulk
PB1,624,1777,1,ERR3474720,human,in vivo,extracellular,bulk
PB1,624,1779,1,ERR3474720,human,in vivo,extracellular,bulk
PB1,624,1905,2,ERR3474720,human,in vivo,extracellular,bulk
PB1,624,2048,1,ERR3474720,human,in vivo,extracellular,bulk
PB1,625,1736,2,ERR3474720,human,in vivo,extracellular,bulk
PB1,625,1775,1,ERR3474720,human,in vivo,extracellular,bulk
PB1,626,1755,1,ERR3474720,human,in vivo,extracellular,bulk
PB1,626,1905,3,ERR3474720,human,in vivo,extracellular,bulk
PB1,627,1642,2,ERR3474720,human,in vivo,extracellular,bulk
PB1,627,1750,1,ERR3474720,human,in vivo,extracellular,bulk
PB1,627,1772,6,ERR3474720,human,in vivo,extracellular,bulk
PB1,628,1609,2,ERR3474720,human,in vivo,extracellular,bulk
PB1,628,1613,1,ERR3474720,human,in vivo,extracellular,bulk
PB1,628,1725,4,ERR3474720,human,in vivo,extracellular,bulk
PB1,628,1740,4,ERR3474720,human,in vivo,extracellular,bulk
PB1,632,1737,3,ERR3474720,human,in vivo,extracellular,bulk
PB1,632,1912,1,ERR3474720,human,in vivo,extracellular,bulk
PB1,633,1594,1,ERR3474720,human,in vivo,extracellular,bulk
PB1,633,1609,2,ERR3474720,human,in vivo,extracellular,bulk
PB1,633,1735,1,ERR3474720,human,in vivo,extracellular,bulk
PB1,633,1745,4,ERR3474720,human,in vivo,extracellular,bulk
PB1,633,1747,7,ERR3474720,human,in vivo,extracellular,bulk
PB1,633,1756,17,ERR3474720,human,in vivo,extracellular,bulk
PB1,633,1769,2,ERR3474720,human,in vivo,extracellular,bulk
PB1,633,1903,1,ERR3474720,human,in vivo,extracellular,bulk
PB1,636,1745,3,ERR3474720,human,in vivo,extracellular,bulk
PB1,636,1756,1,ERR3474720,human,in vivo,extracellular,bulk
PB1,638,1734,3,ERR3474720,human,in vivo,extracellular,bulk
PB1,638,1738,3,ERR3474720,human,in vivo,extracellular,bulk
PB1,638,1739,2,ERR3474720,human,in vivo,extracellular,bulk
PB1,638,1740,2,ERR3474720,human,in vivo,extracellular,bulk
PB1,638,1744,5,ERR3474720,human,in vivo,extracellular,bulk
PB1,638,1746,3,ERR3474720,human,in vivo,extracellular,bulk
PB1,638,1755,2,ERR3474720,human,in vivo,extracellular,bulk
PB1,638,1765,2,ERR3474720,human,in vivo,extracellular,bulk
PB1,638,1776,1,ERR3474720,human,in vivo,extracellular,bulk
PB1,639,1723,3,ERR3474720,human,in vivo,extracellular,bulk
PB1,639,1737,3,ERR3474720,human,in vivo,extracellular,bulk
PB1,640,1601,2,ERR3474720,human,in vivo,extracellular,bulk
PB1,640,1713,1,ERR3474720,human,in vivo,extracellular,bulk
PB1,640,1915,1,ERR3474720,human,in vivo,extracellular,bulk
PB1,641,1736,1,ERR3474720,human,in vivo,extracellular,bulk
PB1,641,1933,5,ERR3474720,human,in vivo,extracellular,bulk
PB1,642,1731,1,ERR3474720,human,in vivo,extracellular,bulk
PB1,642,1741,14,ERR3474720,human,in vivo,extracellular,bulk
PB1,643,1753,1,ERR3474720,human,in vivo,extracellular,bulk
PB1,644,1539,1,ERR3474720,human,in vivo,extracellular,bulk
PB1,644,1722,16,ERR3474720,human,in vivo,extracellular,bulk
PB1,644,1727,7,ERR3474720,human,in vivo,extracellular,bulk
PB1,644,1737,62,ERR3474720,human,in vivo,extracellular,bulk
PB1,644,1771,1,ERR3474720,human,in vivo,extracellular,bulk
PB1,644,2107,3,ERR3474720,human,in vivo,extracellular,bulk
PB1,645,1713,1,ERR3474720,human,in vivo,extracellular,bulk
PB1,645,1720,4,ERR3474720,human,in vivo,extracellular,bulk
PB1,645,1733,1,ERR3474720,human,in vivo,extracellular,bulk
PB1,645,1745,5,ERR3474720,human,in vivo,extracellular,bulk
PB1,645,1752,6,ERR3474720,human,in vivo,extracellular,bulk
PB1,645,1756,9,ERR3474720,human,in vivo,extracellular,bulk
PB1,645,1766,4,ERR3474720,human,in vivo,extracellular,bulk
PB1,645,2194,2,ERR3474720,human,in vivo,extracellular,bulk
PB1,646,1617,2,ERR3474720,human,in vivo,extracellular,bulk
PB1,646,1736,9,ERR3474720,human,in vivo,extracellular,bulk
PB1,646,1775,6,ERR3474720,human,in vivo,extracellular,bulk
PB1,647,1733,7,ERR3474720,human,in vivo,extracellular,bulk
PB1,647,1749,8,ERR3474720,human,in vivo,extracellular,bulk
PB1,648,1731,2,ERR3474720,human,in vivo,extracellular,bulk
PB1,648,1732,12,ERR3474720,human,in vivo,extracellular,bulk
PB1,648,1742,4,ERR3474720,human,in vivo,extracellular,bulk
PB1,649,1720,3,ERR3474720,human,in vivo,extracellular,bulk
PB1,649,1722,6,ERR3474720,human,in vivo,extracellular,bulk
PB1,649,1727,10,ERR3474720,human,in vivo,extracellular,bulk
PB1,649,1737,2,ERR3474720,human,in vivo,extracellular,bulk
PB1,650,1735,11,ERR3474720,human,in vivo,extracellular,bulk
PB1,650,1739,4,ERR3474720,human,in vivo,extracellular,bulk
PB1,650,1761,1,ERR3474720,human,in vivo,extracellular,bulk
PB1,650,1915,1,ERR3474720,human,in vivo,extracellular,bulk
PB1,650,2018,2,ERR3474720,human,in vivo,extracellular,bulk
PB1,651,1720,1,ERR3474720,human,in vivo,extracellular,bulk
PB1,652,1729,4,ERR3474720,human,in vivo,extracellular,bulk
PB1,653,1711,1,ERR3474720,human,in vivo,extracellular,bulk
PB1,653,1727,2,ERR3474720,human,in vivo,extracellular,bulk
PB1,653,1737,6,ERR3474720,human,in vivo,extracellular,bulk
PB1,653,1777,5,ERR3474720,human,in vivo,extracellular,bulk
PB1,654,1777,20,ERR3474720,human,in vivo,extracellular,bulk
PB1,654,1920,1,ERR3474720,human,in vivo,extracellular,bulk
PB1,655,1731,1,ERR3474720,human,in vivo,extracellular,bulk
PB1,656,1737,1,ERR3474720,human,in vivo,extracellular,bulk
PB1,684,1846,1,ERR3474720,human,in vivo,extracellular,bulk
PB1,686,1608,2,ERR3474720,human,in vivo,extracellular,bulk
PB1,686,1694,10,ERR3474720,human,in vivo,extracellular,bulk
PB1,686,1746,3,ERR3474720,human,in vivo,extracellular,bulk
PB1,686,1939,5,ERR3474720,human,in vivo,extracellular,bulk
PB1,687,1935,4,ERR3474720,human,in vivo,extracellular,bulk
PB1,688,1824,1,ERR3474720,human,in vivo,extracellular,bulk
PB1,689,1934,6,ERR3474720,human,in vivo,extracellular,bulk
PB1,690,1695,5,ERR3474720,human,in vivo,extracellular,bulk
PB1,690,1697,1,ERR3474720,human,in vivo,extracellular,bulk
PB1,690,1747,2,ERR3474720,human,in vivo,extracellular,bulk
PB1,692,1595,9,ERR3474720,human,in vivo,extracellular,bulk
PB1,692,1722,2,ERR3474720,human,in vivo,extracellular,bulk
PB1,692,1759,2,ERR3474720,human,in vivo,extracellular,bulk
PB1,692,1923,23,ERR3474720,human,in vivo,extracellular,bulk
PB1,692,1934,1,ERR3474720,human,in vivo,extracellular,bulk
PB1,692,1977,4,ERR3474720,human,in vivo,extracellular,bulk
PB1,693,1539,3,ERR3474720,human,in vivo,extracellular,bulk
PB1,693,1594,3,ERR3474720,human,in vivo,extracellular,bulk
PB1,693,1695,9,ERR3474720,human,in vivo,extracellular,bulk
PB1,693,1745,3,ERR3474720,human,in vivo,extracellular,bulk
PB1,693,1933,2,ERR3474720,human,in vivo,extracellular,bulk
PB1,693,1992,2,ERR3474720,human,in vivo,extracellular,bulk
PB1,694,1598,7,ERR3474720,human,in vivo,extracellular,bulk
PB1,694,1607,3,ERR3474720,human,in vivo,extracellular,bulk
PB1,695,1586,1,ERR3474720,human,in vivo,extracellular,bulk
PB1,695,1594,3,ERR3474720,human,in vivo,extracellular,bulk
PB1,695,1680,1,ERR3474720,human,in vivo,extracellular,bulk
PB1,695,1771,4,ERR3474720,human,in vivo,extracellular,bulk
PB1,697,1937,34,ERR3474720,human,in vivo,extracellular,bulk
PB1,698,1836,2,ERR3474720,human,in vivo,extracellular,bulk
PB1,699,1693,4,ERR3474720,human,in vivo,extracellular,bulk
PB1,700,1698,1,ERR3474720,human,in vivo,extracellular,bulk
PB1,701,1569,2,ERR3474720,human,in vivo,extracellular,bulk
PB1,701,1585,6,ERR3474720,human,in vivo,extracellular,bulk
PB1,701,1593,2,ERR3474720,human,in vivo,extracellular,bulk
PB1,702,1587,1,ERR3474720,human,in vivo,extracellular,bulk
PB1,702,1678,23,ERR3474720,human,in vivo,extracellular,bulk
PB1,703,1680,2,ERR3474720,human,in vivo,extracellular,bulk
PB1,703,1746,2,ERR3474720,human,in vivo,extracellular,bulk
PB1,703,1769,3,ERR3474720,human,in vivo,extracellular,bulk
PB1,704,1485,2,ERR3474720,human,in vivo,extracellular,bulk
PB1,705,1920,6,ERR3474720,human,in vivo,extracellular,bulk
PB1,707,1680,2,ERR3474720,human,in vivo,extracellular,bulk
PB1,708,1609,2,ERR3474720,human,in vivo,extracellular,bulk
PB1,708,1655,1,ERR3474720,human,in vivo,extracellular,bulk
PB1,708,1920,3,ERR3474720,human,in vivo,extracellular,bulk
PB1,709,1573,3,ERR3474720,human,in vivo,extracellular,bulk
PB1,710,1735,2,ERR3474720,human,in vivo,extracellular,bulk
PB1,710,1915,1,ERR3474720,human,in vivo,extracellular,bulk
PB1,710,1918,11,ERR3474720,human,in vivo,extracellular,bulk
PB1,711,1605,6,ERR3474720,human,in vivo,extracellular,bulk
PB1,711,1674,2,ERR3474720,human,in vivo,extracellular,bulk
PB1,711,1694,3,ERR3474720,human,in vivo,extracellular,bulk
PB1,711,1914,2,ERR3474720,human,in vivo,extracellular,bulk
PB1,711,1929,1,ERR3474720,human,in vivo,extracellular,bulk
PB1,712,1565,4,ERR3474720,human,in vivo,extracellular,bulk
PB1,712,1612,1,ERR3474720,human,in vivo,extracellular,bulk
PB1,712,1674,2,ERR3474720,human,in vivo,extracellular,bulk
PB1,712,1984,3,ERR3474720,human,in vivo,extracellular,bulk
PB1,713,1602,2,ERR3474720,human,in vivo,extracellular,bulk
PB1,714,1569,1,ERR3474720,human,in vivo,extracellular,bulk
PB1,714,1672,2,ERR3474720,human,in vivo,extracellular,bulk
PB1,714,1746,1,ERR3474720,human,in vivo,extracellular,bulk
PB1,715,1540,8,ERR3474720,human,in vivo,extracellular,bulk
PB1,715,1565,5,ERR3474720,human,in vivo,extracellular,bulk
PB1,715,1573,8,ERR3474720,human,in vivo,extracellular,bulk
PB1,716,1573,3,ERR3474720,human,in vivo,extracellular,bulk
PB1,717,1576,7,ERR3474720,human,in vivo,extracellular,bulk
PB1,719,1557,3,ERR3474720,human,in vivo,extracellular,bulk
PB1,719,1574,2,ERR3474720,human,in vivo,extracellular,bulk
PB1,719,1744,4,ERR3474720,human,in vivo,extracellular,bulk
PB1,719,1746,2,ERR3474720,human,in vivo,extracellular,bulk
PB1,720,1574,7,ERR3474720,human,in vivo,extracellular,bulk
PB1,720,1615,2,ERR3474720,human,in vivo,extracellular,bulk
PB1,720,1746,3,ERR3474720,human,in vivo,extracellular,bulk
PB1,721,1569,2,ERR3474720,human,in vivo,extracellular,bulk
PB1,721,1574,3,ERR3474720,human,in vivo,extracellular,bulk
PB1,722,1574,5,ERR3474720,human,in vivo,extracellular,bulk
PB1,724,1675,1,ERR3474720,human,in vivo,extracellular,bulk
PB1,725,1561,2,ERR3474720,human,in vivo,extracellular,bulk
PB1,726,1558,1,ERR3474720,human,in vivo,extracellular,bulk
PB1,726,1576,7,ERR3474720,human,in vivo,extracellular,bulk
PB1,726,1745,3,ERR3474720,human,in vivo,extracellular,bulk
PB1,726,1904,2,ERR3474720,human,in vivo,extracellular,bulk
PB1,728,1446,1,ERR3474720,human,in vivo,extracellular,bulk
PB1,728,1449,8,ERR3474720,human,in vivo,extracellular,bulk
PB1,728,1555,15,ERR3474720,human,in vivo,extracellular,bulk
PB1,728,1556,1,ERR3474720,human,in vivo,extracellular,bulk
PB1,728,1573,2,ERR3474720,human,in vivo,extracellular,bulk
PB1,728,1916,2,ERR3474720,human,in vivo,extracellular,bulk
PB1,729,1558,32,ERR3474720,human,in vivo,extracellular,bulk
PB1,729,1695,12,ERR3474720,human,in vivo,extracellular,bulk
PB1,729,1708,1,ERR3474720,human,in vivo,extracellular,bulk
PB1,729,1764,1,ERR3474720,human,in vivo,extracellular,bulk
PB1,730,1629,1,ERR3474720,human,in vivo,extracellular,bulk
PB1,730,1720,1,ERR3474720,human,in vivo,extracellular,bulk
PB1,730,1722,5,ERR3474720,human,in vivo,extracellular,bulk
PB1,730,1775,4,ERR3474720,human,in vivo,extracellular,bulk
PB1,731,1544,4,ERR3474720,human,in vivo,extracellular,bulk
PB1,731,1572,3,ERR3474720,human,in vivo,extracellular,bulk
PB1,733,1515,1,ERR3474720,human,in vivo,extracellular,bulk
PB1,734,1780,1,ERR3474720,human,in vivo,extracellular,bulk
PB1,734,1934,2,ERR3474720,human,in vivo,extracellular,bulk
PB1,734,817,2,ERR3474720,human,in vivo,extracellular,bulk
PB1,735,1713,1,ERR3474720,human,in vivo,extracellular,bulk
PB1,735,1912,3,ERR3474720,human,in vivo,extracellular,bulk
PB1,737,1556,12,ERR3474720,human,in vivo,extracellular,bulk
PB1,747,1923,2,ERR3474720,human,in vivo,extracellular,bulk
PB1,751,1728,1,ERR3474720,human,in vivo,extracellular,bulk
PB1,753,1612,3,ERR3474720,human,in vivo,extracellular,bulk
PB1,753,1773,3,ERR3474720,human,in vivo,extracellular,bulk
PB1,754,1724,12,ERR3474720,human,in vivo,extracellular,bulk
PB1,755,1836,6,ERR3474720,human,in vivo,extracellular,bulk
PB1,756,1573,2,ERR3474720,human,in vivo,extracellular,bulk
PB1,757,1543,5,ERR3474720,human,in vivo,extracellular,bulk
PB1,757,1614,3,ERR3474720,human,in vivo,extracellular,bulk
PB1,757,1903,7,ERR3474720,human,in vivo,extracellular,bulk
PB1,757,1933,2,ERR3474720,human,in vivo,extracellular,bulk
PB1,758,1540,2,ERR3474720,human,in vivo,extracellular,bulk
PB1,758,1561,2,ERR3474720,human,in vivo,extracellular,bulk
PB1,758,1711,4,ERR3474720,human,in vivo,extracellular,bulk
PB1,758,1727,2,ERR3474720,human,in vivo,extracellular,bulk
PB1,759,1567,2,ERR3474720,human,in vivo,extracellular,bulk
PB1,759,1575,1,ERR3474720,human,in vivo,extracellular,bulk
PB1,759,1594,1,ERR3474720,human,in vivo,extracellular,bulk
PB1,759,1606,2,ERR3474720,human,in vivo,extracellular,bulk
PB1,759,1609,4,ERR3474720,human,in vivo,extracellular,bulk
PB1,759,1708,1,ERR3474720,human,in vivo,extracellular,bulk
PB1,759,1711,17,ERR3474720,human,in vivo,extracellular,bulk
PB1,761,1709,7,ERR3474720,human,in vivo,extracellular,bulk
PB1,762,1485,1,ERR3474720,human,in vivo,extracellular,bulk
PB1,762,1711,3,ERR3474720,human,in vivo,extracellular,bulk
PB1,763,1918,3,ERR3474720,human,in vivo,extracellular,bulk
PB1,765,1708,2,ERR3474720,human,in vivo,extracellular,bulk
PB1,767,1534,10,ERR3474720,human,in vivo,extracellular,bulk
PB1,767,1561,3,ERR3474720,human,in vivo,extracellular,bulk
PB1,767,1709,4,ERR3474720,human,in vivo,extracellular,bulk
PB1,768,1515,2,ERR3474720,human,in vivo,extracellular,bulk
PB1,768,1613,4,ERR3474720,human,in vivo,extracellular,bulk
PB1,768,1625,2,ERR3474720,human,in vivo,extracellular,bulk
PB1,770,1535,2,ERR3474720,human,in vivo,extracellular,bulk
PB1,770,1710,1,ERR3474720,human,in vivo,extracellular,bulk
PB1,770,1712,3,ERR3474720,human,in vivo,extracellular,bulk
PB1,772,1524,1,ERR3474720,human,in vivo,extracellular,bulk
PB1,773,1506,3,ERR3474720,human,in vivo,extracellular,bulk
PB1,774,1536,2,ERR3474720,human,in vivo,extracellular,bulk
PB1,774,1605,4,ERR3474720,human,in vivo,extracellular,bulk
PB1,775,1517,2,ERR3474720,human,in vivo,extracellular,bulk
PB1,775,1535,5,ERR3474720,human,in vivo,extracellular,bulk
PB1,775,1540,52,ERR3474720,human,in vivo,extracellular,bulk
PB1,776,1534,3,ERR3474720,human,in vivo,extracellular,bulk
PB1,776,1539,5,ERR3474720,human,in vivo,extracellular,bulk
PB1,776,1540,4,ERR3474720,human,in vivo,extracellular,bulk
PB1,776,1595,6,ERR3474720,human,in vivo,extracellular,bulk
PB1,777,1511,6,ERR3474720,human,in vivo,extracellular,bulk
PB1,777,1520,3,ERR3474720,human,in vivo,extracellular,bulk
PB1,777,1915,1,ERR3474720,human,in vivo,extracellular,bulk
PB1,778,1610,2,ERR3474720,human,in vivo,extracellular,bulk
PB1,786,1495,1,ERR3474720,human,in vivo,extracellular,bulk
PB1,786,1593,1,ERR3474720,human,in vivo,extracellular,bulk
PB1,787,1540,1,ERR3474720,human,in vivo,extracellular,bulk
PB1,788,1539,1,ERR3474720,human,in vivo,extracellular,bulk
PB1,789,1594,2,ERR3474720,human,in vivo,extracellular,bulk
PB1,792,1497,1,ERR3474720,human,in vivo,extracellular,bulk
PB1,794,1495,3,ERR3474720,human,in vivo,extracellular,bulk
PB1,794,1498,1,ERR3474720,human,in vivo,extracellular,bulk
PB1,794,1508,2,ERR3474720,human,in vivo,extracellular,bulk
PB1,794,1518,1,ERR3474720,human,in vivo,extracellular,bulk
PB1,794,1569,1,ERR3474720,human,in vivo,extracellular,bulk
PB1,794,1605,4,ERR3474720,human,in vivo,extracellular,bulk
PB1,795,1504,3,ERR3474720,human,in vivo,extracellular,bulk
PB1,795,1510,1,ERR3474720,human,in vivo,extracellular,bulk
PB1,795,1512,1,ERR3474720,human,in vivo,extracellular,bulk
PB1,795,1535,9,ERR3474720,human,in vivo,extracellular,bulk
PB1,795,1541,1,ERR3474720,human,in vivo,extracellular,bulk
PB1,796,1541,1,ERR3474720,human,in vivo,extracellular,bulk
PB1,798,1489,1,ERR3474720,human,in vivo,extracellular,bulk
PB1,798,1516,2,ERR3474720,human,in vivo,extracellular,bulk
PB1,798,1517,1,ERR3474720,human,in vivo,extracellular,bulk
PB1,798,1522,1,ERR3474720,human,in vivo,extracellular,bulk
PB1,798,1534,5,ERR3474720,human,in vivo,extracellular,bulk
PB1,798,1539,4,ERR3474720,human,in vivo,extracellular,bulk
PB1,798,1564,1,ERR3474720,human,in vivo,extracellular,bulk
PB1,798,1573,1,ERR3474720,human,in vivo,extracellular,bulk
PB1,798,1587,3,ERR3474720,human,in vivo,extracellular,bulk
PB1,799,1467,2,ERR3474720,human,in vivo,extracellular,bulk
PB1,799,1478,2,ERR3474720,human,in vivo,extracellular,bulk
PB1,799,1496,5,ERR3474720,human,in vivo,extracellular,bulk
PB1,799,1511,2,ERR3474720,human,in vivo,extracellular,bulk
PB1,799,1594,1,ERR3474720,human,in vivo,extracellular,bulk
PB1,79,1455,1,ERR3474720,human,in vivo,extracellular,bulk
PB1,800,1480,1,ERR3474720,human,in vivo,extracellular,bulk
PB1,801,1544,1,ERR3474720,human,in vivo,extracellular,bulk
PB1,801,1611,1,ERR3474720,human,in vivo,extracellular,bulk
PB1,829,1500,2,ERR3474720,human,in vivo,extracellular,bulk
PB1,830,1541,3,ERR3474720,human,in vivo,extracellular,bulk
PB1,830,1562,9,ERR3474720,human,in vivo,extracellular,bulk
PB1,830,1724,2,ERR3474720,human,in vivo,extracellular,bulk
PB1,833,1466,1,ERR3474720,human,in vivo,extracellular,bulk
PB1,833,1510,2,ERR3474720,human,in vivo,extracellular,bulk
PB1,833,1551,2,ERR3474720,human,in vivo,extracellular,bulk
PB1,833,1645,5,ERR3474720,human,in vivo,extracellular,bulk
PB1,834,1481,4,ERR3474720,human,in vivo,extracellular,bulk
PB1,834,1486,6,ERR3474720,human,in vivo,extracellular,bulk
PB1,834,1490,2,ERR3474720,human,in vivo,extracellular,bulk
PB1,834,1540,2,ERR3474720,human,in vivo,extracellular,bulk
PB1,834,1574,3,ERR3474720,human,in vivo,extracellular,bulk
PB1,837,1495,1,ERR3474720,human,in vivo,extracellular,bulk
PB1,839,1480,3,ERR3474720,human,in vivo,extracellular,bulk
PB1,839,1481,3,ERR3474720,human,in vivo,extracellular,bulk
PB1,839,1489,4,ERR3474720,human,in vivo,extracellular,bulk
PB1,839,1534,13,ERR3474720,human,in vivo,extracellular,bulk
PB1,839,1539,5,ERR3474720,human,in vivo,extracellular,bulk
PB1,839,1595,15,ERR3474720,human,in vivo,extracellular,bulk
PB1,839,1630,1,ERR3474720,human,in vivo,extracellular,bulk
PB1,839,1727,31,ERR3474720,human,in vivo,extracellular,bulk
PB1,839,2260,1,ERR3474720,human,in vivo,extracellular,bulk
PB1,840,1435,5,ERR3474720,human,in vivo,extracellular,bulk
PB1,840,1444,3,ERR3474720,human,in vivo,extracellular,bulk
PB1,840,1552,2,ERR3474720,human,in vivo,extracellular,bulk
PB1,840,1586,11,ERR3474720,human,in vivo,extracellular,bulk
PB1,840,1606,1,ERR3474720,human,in vivo,extracellular,bulk
PB1,840,1609,4,ERR3474720,human,in vivo,extracellular,bulk
PB1,841,1512,1,ERR3474720,human,in vivo,extracellular,bulk
PB1,841,1580,3,ERR3474720,human,in vivo,extracellular,bulk
PB1,848,1484,1,ERR3474720,human,in vivo,extracellular,bulk
PB1,848,1604,1,ERR3474720,human,in vivo,extracellular,bulk
PB1,85,2188,3,ERR3474720,human,in vivo,extracellular,bulk
PB1,866,1512,2,ERR3474720,human,in vivo,extracellular,bulk
PB1,866,1585,1,ERR3474720,human,in vivo,extracellular,bulk
PB1,866,1615,2,ERR3474720,human,in vivo,extracellular,bulk
PB1,867,1510,1,ERR3474720,human,in vivo,extracellular,bulk
PB1,868,1487,1,ERR3474720,human,in vivo,extracellular,bulk
PB1,868,1585,14,ERR3474720,human,in vivo,extracellular,bulk
PB1,868,1596,1,ERR3474720,human,in vivo,extracellular,bulk
PB1,873,1476,1,ERR3474720,human,in vivo,extracellular,bulk
PB1,873,1490,1,ERR3474720,human,in vivo,extracellular,bulk
PB1,873,1593,4,ERR3474720,human,in vivo,extracellular,bulk
PB1,873,1597,4,ERR3474720,human,in vivo,extracellular,bulk
PB1,873,1605,2,ERR3474720,human,in vivo,extracellular,bulk
PB1,874,1490,2,ERR3474720,human,in vivo,extracellular,bulk
PB1,874,1588,1,ERR3474720,human,in vivo,extracellular,bulk
PB1,874,1594,1,ERR3474720,human,in vivo,extracellular,bulk
PB1,876,1537,1,ERR3474720,human,in vivo,extracellular,bulk
PB1,878,1466,54,ERR3474720,human,in vivo,extracellular,bulk
PB1,878,1593,6,ERR3474720,human,in vivo,extracellular,bulk
PB1,879,1512,1,ERR3474720,human,in vivo,extracellular,bulk
PB1,887,1497,1,ERR3474720,human,in vivo,extracellular,bulk
PB1,887,1585,2,ERR3474720,human,in vivo,extracellular,bulk
PB1,887,1593,2,ERR3474720,human,in vivo,extracellular,bulk
PB1,888,1588,2,ERR3474720,human,in vivo,extracellular,bulk
PB1,892,1447,2,ERR3474720,human,in vivo,extracellular,bulk
PB1,894,1449,2,ERR3474720,human,in vivo,extracellular,bulk
PB1,894,1573,2,ERR3474720,human,in vivo,extracellular,bulk
PB1,894,1577,1,ERR3474720,human,in vivo,extracellular,bulk
PB1,895,1496,1,ERR3474720,human,in vivo,extracellular,bulk
PB1,895,1594,1,ERR3474720,human,in vivo,extracellular,bulk
PB1,896,1445,2,ERR3474720,human,in vivo,extracellular,bulk
PB1,896,1571,1,ERR3474720,human,in vivo,extracellular,bulk
PB1,897,1447,1,ERR3474720,human,in vivo,extracellular,bulk
PB1,897,1810,1,ERR3474720,human,in vivo,extracellular,bulk
PB1,899,1486,3,ERR3474720,human,in vivo,extracellular,bulk
PB1,899,1760,2,ERR3474720,human,in vivo,extracellular,bulk
PB1,906,1570,11,ERR3474720,human,in vivo,extracellular,bulk
PB1,910,1568,2,ERR3474720,human,in vivo,extracellular,bulk
PB1,911,1562,2,ERR3474720,human,in vivo,extracellular,bulk
PB1,912,1485,1,ERR3474720,human,in vivo,extracellular,bulk
PB1,913,1675,1,ERR3474720,human,in vivo,extracellular,bulk
PB1,921,1556,1,ERR3474720,human,in vivo,extracellular,bulk
PB1,923,1556,4,ERR3474720,human,in vivo,extracellular,bulk
PB1,925,1557,2,ERR3474720,human,in vivo,extracellular,bulk
PB1,926,1560,2,ERR3474720,human,in vivo,extracellular,bulk
PB1,92,157,1,ERR3474720,human,in vivo,extracellular,bulk
PB1,939,1449,2,ERR3474720,human,in vivo,extracellular,bulk
PB1,939,1539,5,ERR3474720,human,in vivo,extracellular,bulk
PB1,952,1540,2,ERR3474720,human,in vivo,extracellular,bulk
PB1,955,1518,3,ERR3474720,human,in vivo,extracellular,bulk
PB1,956,1852,2,ERR3474720,human,in vivo,extracellular,bulk
PB1,960,1419,1,ERR3474720,human,in vivo,extracellular,bulk
PB1,978,1669,1,ERR3474720,human,in vivo,extracellular,bulk
PB1,996,1651,1,ERR3474720,human,in vivo,extracellular,bulk
PB2,1001,1506,2,ERR3474720,human,in vivo,extracellular,bulk
PB2,1004,1466,2,ERR3474720,human,in vivo,extracellular,bulk
PB2,1083,1499,2,ERR3474720,human,in vivo,extracellular,bulk
PB2,1148,1170,1,ERR3474720,human,in vivo,extracellular,bulk
PB2,1155,1202,2,ERR3474720,human,in vivo,extracellular,bulk
PB2,1221,1285,1,ERR3474720,human,in vivo,extracellular,bulk
PB2,135,2125,2,ERR3474720,human,in vivo,extracellular,bulk
PB2,139,2267,1,ERR3474720,human,in vivo,extracellular,bulk
PB2,140,1410,1,ERR3474720,human,in vivo,extracellular,bulk
PB2,145,2128,3,ERR3474720,human,in vivo,extracellular,bulk
PB2,147,2127,10,ERR3474720,human,in vivo,extracellular,bulk
PB2,147,2149,3,ERR3474720,human,in vivo,extracellular,bulk
PB2,162,2142,2,ERR3474720,human,in vivo,extracellular,bulk
PB2,162,2143,2,ERR3474720,human,in vivo,extracellular,bulk
PB2,162,2145,1,ERR3474720,human,in vivo,extracellular,bulk
PB2,163,2144,2,ERR3474720,human,in vivo,extracellular,bulk
PB2,163,239,4,ERR3474720,human,in vivo,extracellular,bulk
PB2,1642,1692,2,ERR3474720,human,in vivo,extracellular,bulk
PB2,1645,1920,3,ERR3474720,human,in vivo,extracellular,bulk
PB2,164,2125,12,ERR3474720,human,in vivo,extracellular,bulk
PB2,164,2144,8934,ERR3474720,human,in vivo,extracellular,bulk
PB2,164,2216,3,ERR3474720,human,in vivo,extracellular,bulk
PB2,164,2305,1,ERR3474720,human,in vivo,extracellular,bulk
PB2,164,245,6,ERR3474720,human,in vivo,extracellular,bulk
PB2,165,2145,6,ERR3474720,human,in vivo,extracellular,bulk
PB2,165,2243,2,ERR3474720,human,in vivo,extracellular,bulk
PB2,1671,1865,1,ERR3474720,human,in vivo,extracellular,bulk
PB2,1675,2088,1,ERR3474720,human,in vivo,extracellular,bulk
PB2,167,2192,1,ERR3474720,human,in vivo,extracellular,bulk
PB2,168,2125,3,ERR3474720,human,in vivo,extracellular,bulk
PB2,170,222,1,ERR3474720,human,in vivo,extracellular,bulk
PB2,1718,1745,2,ERR3474720,human,in vivo,extracellular,bulk
PB2,172,2198,4,ERR3474720,human,in vivo,extracellular,bulk
PB2,173,2077,9,ERR3474720,human,in vivo,extracellular,bulk
PB2,174,2210,3,ERR3474720,human,in vivo,extracellular,bulk
PB2,174,2215,1,ERR3474720,human,in vivo,extracellular,bulk
PB2,175,2074,1,ERR3474720,human,in vivo,extracellular,bulk
PB2,188,2067,12,ERR3474720,human,in vivo,extracellular,bulk
PB2,188,2199,6,ERR3474720,human,in vivo,extracellular,bulk
PB2,189,2199,7,ERR3474720,human,in vivo,extracellular,bulk
PB2,190,2203,2,ERR3474720,human,in vivo,extracellular,bulk
PB2,196,2146,2,ERR3474720,human,in vivo,extracellular,bulk
PB2,199,2054,1,ERR3474720,human,in vivo,extracellular,bulk
PB2,199,2055,2,ERR3474720,human,in vivo,extracellular,bulk
PB2,199,2056,1,ERR3474720,human,in vivo,extracellular,bulk
PB2,199,2143,1,ERR3474720,human,in vivo,extracellular,bulk
PB2,201,2150,4,ERR3474720,human,in vivo,extracellular,bulk
PB2,203,1905,1,ERR3474720,human,in vivo,extracellular,bulk
PB2,203,2052,3,ERR3474720,human,in vivo,extracellular,bulk
PB2,203,2122,3,ERR3474720,human,in vivo,extracellular,bulk
PB2,203,2208,37,ERR3474720,human,in vivo,extracellular,bulk
PB2,214,251,1,ERR3474720,human,in vivo,extracellular,bulk
PB2,2156,2310,1,ERR3474720,human,in vivo,extracellular,bulk
PB2,2219,2250,1,ERR3474720,human,in vivo,extracellular,bulk
PB2,2241,2265,2,ERR3474720,human,in vivo,extracellular,bulk
PB2,2248,2287,1,ERR3474720,human,in vivo,extracellular,bulk
PB2,238,2075,23,ERR3474720,human,in vivo,extracellular,bulk
PB2,238,2143,1,ERR3474720,human,in vivo,extracellular,bulk
PB2,243,1880,2,ERR3474720,human,in vivo,extracellular,bulk
PB2,243,2121,1,ERR3474720,human,in vivo,extracellular,bulk
PB2,243,2127,1,ERR3474720,human,in vivo,extracellular,bulk
PB2,243,2142,4,ERR3474720,human,in vivo,extracellular,bulk
PB2,243,2148,1,ERR3474720,human,in vivo,extracellular,bulk
PB2,243,2258,4,ERR3474720,human,in vivo,extracellular,bulk
PB2,243,273,3,ERR3474720,human,in vivo,extracellular,bulk
PB2,244,2034,2,ERR3474720,human,in vivo,extracellular,bulk
PB2,244,2055,6,ERR3474720,human,in vivo,extracellular,bulk
PB2,244,2057,3,ERR3474720,human,in vivo,extracellular,bulk
PB2,244,2086,13,ERR3474720,human,in vivo,extracellular,bulk
PB2,244,2125,60,ERR3474720,human,in vivo,extracellular,bulk
PB2,244,2142,13,ERR3474720,human,in vivo,extracellular,bulk
PB2,244,2144,160,ERR3474720,human,in vivo,extracellular,bulk
PB2,244,2153,71,ERR3474720,human,in vivo,extracellular,bulk
PB2,244,2195,105,ERR3474720,human,in vivo,extracellular,bulk
PB2,244,2206,63,ERR3474720,human,in vivo,extracellular,bulk
PB2,244,2216,3,ERR3474720,human,in vivo,extracellular,bulk
PB2,244,2257,1,ERR3474720,human,in vivo,extracellular,bulk
PB2,244,282,2,ERR3474720,human,in vivo,extracellular,bulk
PB2,246,2206,3,ERR3474720,human,in vivo,extracellular,bulk
PB2,249,2031,4,ERR3474720,human,in vivo,extracellular,bulk
PB2,253,2121,5,ERR3474720,human,in vivo,extracellular,bulk
PB2,254,2086,4,ERR3474720,human,in vivo,extracellular,bulk
PB2,260,1967,1,ERR3474720,human,in vivo,extracellular,bulk
PB2,260,2067,1,ERR3474720,human,in vivo,extracellular,bulk
PB2,260,2127,2,ERR3474720,human,in vivo,extracellular,bulk
PB2,261,2058,2,ERR3474720,human,in vivo,extracellular,bulk
PB2,262,2076,1,ERR3474720,human,in vivo,extracellular,bulk
PB2,264,1614,4,ERR3474720,human,in vivo,extracellular,bulk
PB2,264,2063,1,ERR3474720,human,in vivo,extracellular,bulk
PB2,270,1836,1,ERR3474720,human,in vivo,extracellular,bulk
PB2,270,2068,6,ERR3474720,human,in vivo,extracellular,bulk
PB2,272,2005,6,ERR3474720,human,in vivo,extracellular,bulk
PB2,273,2036,1,ERR3474720,human,in vivo,extracellular,bulk
PB2,281,2055,1,ERR3474720,human,in vivo,extracellular,bulk
PB2,290,2006,1,ERR3474720,human,in vivo,extracellular,bulk
PB2,290,2234,6,ERR3474720,human,in vivo,extracellular,bulk
PB2,304,2267,4,ERR3474720,human,in vivo,extracellular,bulk
PB2,305,1967,2,ERR3474720,human,in vivo,extracellular,bulk
PB2,325,2196,1,ERR3474720,human,in vivo,extracellular,bulk
PB2,330,1916,4,ERR3474720,human,in vivo,extracellular,bulk
PB2,333,2067,1,ERR3474720,human,in vivo,extracellular,bulk
PB2,333,2192,4,ERR3474720,human,in vivo,extracellular,bulk
PB2,334,2086,5,ERR3474720,human,in vivo,extracellular,bulk
PB2,334,2211,3,ERR3474720,human,in vivo,extracellular,bulk
PB2,336,1740,5,ERR3474720,human,in vivo,extracellular,bulk
PB2,338,1951,1,ERR3474720,human,in vivo,extracellular,bulk
PB2,339,2231,1,ERR3474720,human,in vivo,extracellular,bulk
PB2,344,1908,2,ERR3474720,human,in vivo,extracellular,bulk
PB2,345,1872,3,ERR3474720,human,in vivo,extracellular,bulk
PB2,345,2087,5,ERR3474720,human,in vivo,extracellular,bulk
PB2,345,2255,6,ERR3474720,human,in vivo,extracellular,bulk
PB2,350,2128,1,ERR3474720,human,in vivo,extracellular,bulk
PB2,351,1980,4,ERR3474720,human,in vivo,extracellular,bulk
PB2,351,2055,1,ERR3474720,human,in vivo,extracellular,bulk
PB2,355,2125,1,ERR3474720,human,in vivo,extracellular,bulk
PB2,357,1979,1,ERR3474720,human,in vivo,extracellular,bulk
PB2,363,2059,5,ERR3474720,human,in vivo,extracellular,bulk
PB2,364,2153,1,ERR3474720,human,in vivo,extracellular,bulk
PB2,366,1986,1,ERR3474720,human,in vivo,extracellular,bulk
PB2,367,2031,16,ERR3474720,human,in vivo,extracellular,bulk
PB2,367,2150,7,ERR3474720,human,in vivo,extracellular,bulk
PB2,377,1952,3,ERR3474720,human,in vivo,extracellular,bulk
PB2,378,1971,8,ERR3474720,human,in vivo,extracellular,bulk
PB2,379,1960,4,ERR3474720,human,in vivo,extracellular,bulk
PB2,389,1954,1,ERR3474720,human,in vivo,extracellular,bulk
PB2,390,1775,7,ERR3474720,human,in vivo,extracellular,bulk
PB2,390,1965,3,ERR3474720,human,in vivo,extracellular,bulk
PB2,391,1835,1,ERR3474720,human,in vivo,extracellular,bulk
PB2,391,1889,4,ERR3474720,human,in vivo,extracellular,bulk
PB2,391,2067,3,ERR3474720,human,in vivo,extracellular,bulk
PB2,392,1956,2,ERR3474720,human,in vivo,extracellular,bulk
PB2,392,1959,2,ERR3474720,human,in vivo,extracellular,bulk
PB2,393,1888,7,ERR3474720,human,in vivo,extracellular,bulk
PB2,393,1909,2,ERR3474720,human,in vivo,extracellular,bulk
PB2,394,1834,1,ERR3474720,human,in vivo,extracellular,bulk
PB2,395,1747,3,ERR3474720,human,in vivo,extracellular,bulk
PB2,395,1957,5,ERR3474720,human,in vivo,extracellular,bulk
PB2,396,1959,4,ERR3474720,human,in vivo,extracellular,bulk
PB2,397,1927,2,ERR3474720,human,in vivo,extracellular,bulk
PB2,397,2054,3,ERR3474720,human,in vivo,extracellular,bulk
PB2,398,1753,4,ERR3474720,human,in vivo,extracellular,bulk
PB2,398,2060,2,ERR3474720,human,in vivo,extracellular,bulk
PB2,399,1951,1,ERR3474720,human,in vivo,extracellular,bulk
PB2,399,2069,1,ERR3474720,human,in vivo,extracellular,bulk
PB2,401,2028,1,ERR3474720,human,in vivo,extracellular,bulk
PB2,404,1979,1,ERR3474720,human,in vivo,extracellular,bulk
PB2,404,2054,1,ERR3474720,human,in vivo,extracellular,bulk
PB2,405,1888,1,ERR3474720,human,in vivo,extracellular,bulk
PB2,406,1912,5,ERR3474720,human,in vivo,extracellular,bulk
PB2,410,1576,5,ERR3474720,human,in vivo,extracellular,bulk
PB2,410,1927,1,ERR3474720,human,in vivo,extracellular,bulk
PB2,410,2033,4,ERR3474720,human,in vivo,extracellular,bulk
PB2,411,1957,6,ERR3474720,human,in vivo,extracellular,bulk
PB2,413,1781,17,ERR3474720,human,in vivo,extracellular,bulk
PB2,414,1872,3,ERR3474720,human,in vivo,extracellular,bulk
PB2,417,1871,2,ERR3474720,human,in vivo,extracellular,bulk
PB2,417,1930,2,ERR3474720,human,in vivo,extracellular,bulk
PB2,417,1980,2,ERR3474720,human,in vivo,extracellular,bulk
PB2,417,2031,1,ERR3474720,human,in vivo,extracellular,bulk
PB2,417,2033,3,ERR3474720,human,in vivo,extracellular,bulk
PB2,418,1950,2,ERR3474720,human,in vivo,extracellular,bulk
PB2,418,2031,2,ERR3474720,human,in vivo,extracellular,bulk
PB2,418,2033,1,ERR3474720,human,in vivo,extracellular,bulk
PB2,425,2032,1,ERR3474720,human,in vivo,extracellular,bulk
PB2,426,1873,2,ERR3474720,human,in vivo,extracellular,bulk
PB2,427,1937,3,ERR3474720,human,in vivo,extracellular,bulk
PB2,427,1949,2,ERR3474720,human,in vivo,extracellular,bulk
PB2,428,1784,3,ERR3474720,human,in vivo,extracellular,bulk
PB2,428,1937,2,ERR3474720,human,in vivo,extracellular,bulk
PB2,429,1708,1,ERR3474720,human,in vivo,extracellular,bulk
PB2,429,1777,1,ERR3474720,human,in vivo,extracellular,bulk
PB2,429,1981,7,ERR3474720,human,in vivo,extracellular,bulk
PB2,429,2016,2,ERR3474720,human,in vivo,extracellular,bulk
PB2,429,2022,8,ERR3474720,human,in vivo,extracellular,bulk
PB2,429,454,4,ERR3474720,human,in vivo,extracellular,bulk
PB2,431,1860,2,ERR3474720,human,in vivo,extracellular,bulk
PB2,433,1742,2,ERR3474720,human,in vivo,extracellular,bulk
PB2,443,2054,1,ERR3474720,human,in vivo,extracellular,bulk
PB2,444,1753,1,ERR3474720,human,in vivo,extracellular,bulk
PB2,444,1889,1,ERR3474720,human,in vivo,extracellular,bulk
PB2,445,1764,4,ERR3474720,human,in vivo,extracellular,bulk
PB2,445,1896,1,ERR3474720,human,in vivo,extracellular,bulk
PB2,446,1765,1,ERR3474720,human,in vivo,extracellular,bulk
PB2,448,1748,1,ERR3474720,human,in vivo,extracellular,bulk
PB2,448,1772,1,ERR3474720,human,in vivo,extracellular,bulk
PB2,451,1937,3,ERR3474720,human,in vivo,extracellular,bulk
PB2,451,1960,13,ERR3474720,human,in vivo,extracellular,bulk
PB2,451,2073,1,ERR3474720,human,in vivo,extracellular,bulk
PB2,452,1751,2,ERR3474720,human,in vivo,extracellular,bulk
PB2,453,1829,3,ERR3474720,human,in vivo,extracellular,bulk
PB2,458,1830,2,ERR3474720,human,in vivo,extracellular,bulk
PB2,463,2013,3,ERR3474720,human,in vivo,extracellular,bulk
PB2,463,2073,1,ERR3474720,human,in vivo,extracellular,bulk
PB2,464,1980,2,ERR3474720,human,in vivo,extracellular,bulk
PB2,466,1735,1,ERR3474720,human,in vivo,extracellular,bulk
PB2,466,2005,4,ERR3474720,human,in vivo,extracellular,bulk
PB2,467,1836,1,ERR3474720,human,in vivo,extracellular,bulk
PB2,467,1861,7,ERR3474720,human,in vivo,extracellular,bulk
PB2,467,2068,2,ERR3474720,human,in vivo,extracellular,bulk
PB2,468,1862,1,ERR3474720,human,in vivo,extracellular,bulk
PB2,469,1794,2,ERR3474720,human,in vivo,extracellular,bulk
PB2,469,1937,1,ERR3474720,human,in vivo,extracellular,bulk
PB2,469,1949,1,ERR3474720,human,in vivo,extracellular,bulk
PB2,470,1862,2,ERR3474720,human,in vivo,extracellular,bulk
PB2,470,1931,1,ERR3474720,human,in vivo,extracellular,bulk
PB2,472,1874,1,ERR3474720,human,in vivo,extracellular,bulk
PB2,473,1831,2,ERR3474720,human,in vivo,extracellular,bulk
PB2,480,1844,1,ERR3474720,human,in vivo,extracellular,bulk
PB2,480,1980,2,ERR3474720,human,in vivo,extracellular,bulk
PB2,480,2034,21,ERR3474720,human,in vivo,extracellular,bulk
PB2,481,1738,2,ERR3474720,human,in vivo,extracellular,bulk
PB2,481,1852,1,ERR3474720,human,in vivo,extracellular,bulk
PB2,481,1926,4,ERR3474720,human,in vivo,extracellular,bulk
PB2,481,1936,12,ERR3474720,human,in vivo,extracellular,bulk
PB2,481,1948,2,ERR3474720,human,in vivo,extracellular,bulk
PB2,481,1978,5,ERR3474720,human,in vivo,extracellular,bulk
PB2,481,2034,2,ERR3474720,human,in vivo,extracellular,bulk
PB2,494,1949,1,ERR3474720,human,in vivo,extracellular,bulk
PB2,496,1931,1,ERR3474720,human,in vivo,extracellular,bulk
PB2,497,1788,3,ERR3474720,human,in vivo,extracellular,bulk
PB2,497,2034,1,ERR3474720,human,in vivo,extracellular,bulk
PB2,498,1790,8,ERR3474720,human,in vivo,extracellular,bulk
PB2,498,1917,1,ERR3474720,human,in vivo,extracellular,bulk
PB2,498,1931,2,ERR3474720,human,in vivo,extracellular,bulk
PB2,498,1949,4,ERR3474720,human,in vivo,extracellular,bulk
PB2,498,1962,2,ERR3474720,human,in vivo,extracellular,bulk
PB2,498,2059,1,ERR3474720,human,in vivo,extracellular,bulk
PB2,498,2060,1,ERR3474720,human,in vivo,extracellular,bulk
PB2,499,1956,1,ERR3474720,human,in vivo,extracellular,bulk
PB2,499,2078,1,ERR3474720,human,in vivo,extracellular,bulk
PB2,49,72,3,ERR3474720,human,in vivo,extracellular,bulk
PB2,500,1775,1,ERR3474720,human,in vivo,extracellular,bulk
PB2,500,1785,2,ERR3474720,human,in vivo,extracellular,bulk
PB2,500,1827,2,ERR3474720,human,in vivo,extracellular,bulk
PB2,500,1854,2,ERR3474720,human,in vivo,extracellular,bulk
PB2,500,1927,2,ERR3474720,human,in vivo,extracellular,bulk
PB2,500,2031,6,ERR3474720,human,in vivo,extracellular,bulk
PB2,500,2033,1,ERR3474720,human,in vivo,extracellular,bulk
PB2,501,1791,1,ERR3474720,human,in vivo,extracellular,bulk
PB2,501,1792,2,ERR3474720,human,in vivo,extracellular,bulk
PB2,501,1892,1,ERR3474720,human,in vivo,extracellular,bulk
PB2,501,1932,1,ERR3474720,human,in vivo,extracellular,bulk
PB2,501,2036,1,ERR3474720,human,in vivo,extracellular,bulk
PB2,502,1939,2,ERR3474720,human,in vivo,extracellular,bulk
PB2,503,1770,2,ERR3474720,human,in vivo,extracellular,bulk
PB2,504,1953,5,ERR3474720,human,in vivo,extracellular,bulk
PB2,504,2071,1,ERR3474720,human,in vivo,extracellular,bulk
PB2,507,1760,1,ERR3474720,human,in vivo,extracellular,bulk
PB2,509,1747,3,ERR3474720,human,in vivo,extracellular,bulk
PB2,509,1758,4,ERR3474720,human,in vivo,extracellular,bulk
PB2,509,2067,1,ERR3474720,human,in vivo,extracellular,bulk
PB2,510,1931,3,ERR3474720,human,in vivo,extracellular,bulk
PB2,510,1998,2,ERR3474720,human,in vivo,extracellular,bulk
PB2,512,1778,1,ERR3474720,human,in vivo,extracellular,bulk
PB2,512,2010,2,ERR3474720,human,in vivo,extracellular,bulk
PB2,514,1735,1,ERR3474720,human,in vivo,extracellular,bulk
PB2,514,1890,2,ERR3474720,human,in vivo,extracellular,bulk
PB2,515,1747,2,ERR3474720,human,in vivo,extracellular,bulk
PB2,517,1877,5,ERR3474720,human,in vivo,extracellular,bulk
PB2,517,1888,2,ERR3474720,human,in vivo,extracellular,bulk
PB2,517,1909,7,ERR3474720,human,in vivo,extracellular,bulk
PB2,518,1648,2,ERR3474720,human,in vivo,extracellular,bulk
PB2,518,1747,5,ERR3474720,human,in vivo,extracellular,bulk
PB2,518,1931,1,ERR3474720,human,in vivo,extracellular,bulk
PB2,518,2211,2,ERR3474720,human,in vivo,extracellular,bulk
PB2,519,1761,1,ERR3474720,human,in vivo,extracellular,bulk
PB2,519,2243,1,ERR3474720,human,in vivo,extracellular,bulk
PB2,521,1889,6,ERR3474720,human,in vivo,extracellular,bulk
PB2,524,1734,4,ERR3474720,human,in vivo,extracellular,bulk
PB2,526,1739,5,ERR3474720,human,in vivo,extracellular,bulk
PB2,526,1790,3,ERR3474720,human,in vivo,extracellular,bulk
PB2,526,1888,1,ERR3474720,human,in vivo,extracellular,bulk
PB2,527,1908,2,ERR3474720,human,in vivo,extracellular,bulk
PB2,529,1871,4,ERR3474720,human,in vivo,extracellular,bulk
PB2,536,1879,1,ERR3474720,human,in vivo,extracellular,bulk
PB2,537,1619,1,ERR3474720,human,in vivo,extracellular,bulk
PB2,538,1714,5,ERR3474720,human,in vivo,extracellular,bulk
PB2,538,1777,1,ERR3474720,human,in vivo,extracellular,bulk
PB2,538,2056,6,ERR3474720,human,in vivo,extracellular,bulk
PB2,539,1978,2,ERR3474720,human,in vivo,extracellular,bulk
PB2,541,1912,1,ERR3474720,human,in vivo,extracellular,bulk
PB2,550,1865,6,ERR3474720,human,in vivo,extracellular,bulk
PB2,551,1357,53,ERR3474720,human,in vivo,extracellular,bulk
PB2,552,2007,4,ERR3474720,human,in vivo,extracellular,bulk
PB2,555,2032,3,ERR3474720,human,in vivo,extracellular,bulk
PB2,556,1688,1,ERR3474720,human,in vivo,extracellular,bulk
PB2,563,1790,2,ERR3474720,human,in vivo,extracellular,bulk
PB2,563,1877,1,ERR3474720,human,in vivo,extracellular,bulk
PB2,563,1880,2,ERR3474720,human,in vivo,extracellular,bulk
PB2,572,1828,1,ERR3474720,human,in vivo,extracellular,bulk
PB2,572,2019,1,ERR3474720,human,in vivo,extracellular,bulk
PB2,573,1359,1,ERR3474720,human,in vivo,extracellular,bulk
PB2,574,2021,3,ERR3474720,human,in vivo,extracellular,bulk
PB2,575,1605,1,ERR3474720,human,in vivo,extracellular,bulk
PB2,575,1688,1,ERR3474720,human,in vivo,extracellular,bulk
PB2,575,1888,4,ERR3474720,human,in vivo,extracellular,bulk
PB2,576,1786,2,ERR3474720,human,in vivo,extracellular,bulk
PB2,577,1871,3,ERR3474720,human,in vivo,extracellular,bulk
PB2,578,1961,3,ERR3474720,human,in vivo,extracellular,bulk
PB2,583,1613,2,ERR3474720,human,in vivo,extracellular,bulk
PB2,583,1927,1,ERR3474720,human,in vivo,extracellular,bulk
PB2,583,2005,6,ERR3474720,human,in vivo,extracellular,bulk
PB2,584,1880,1,ERR3474720,human,in vivo,extracellular,bulk
PB2,584,1957,7,ERR3474720,human,in vivo,extracellular,bulk
PB2,585,1769,1,ERR3474720,human,in vivo,extracellular,bulk
PB2,586,1710,6,ERR3474720,human,in vivo,extracellular,bulk
PB2,586,1758,4,ERR3474720,human,in vivo,extracellular,bulk
PB2,586,1790,6,ERR3474720,human,in vivo,extracellular,bulk
PB2,587,1736,1,ERR3474720,human,in vivo,extracellular,bulk
PB2,587,1738,2,ERR3474720,human,in vivo,extracellular,bulk
PB2,587,1858,2,ERR3474720,human,in vivo,extracellular,bulk
PB2,588,1615,2,ERR3474720,human,in vivo,extracellular,bulk
PB2,592,1758,1,ERR3474720,human,in vivo,extracellular,bulk
PB2,592,1764,2,ERR3474720,human,in vivo,extracellular,bulk
PB2,592,1837,1,ERR3474720,human,in vivo,extracellular,bulk
PB2,594,1888,1,ERR3474720,human,in vivo,extracellular,bulk
PB2,596,1761,4,ERR3474720,human,in vivo,extracellular,bulk
PB2,596,1853,4,ERR3474720,human,in vivo,extracellular,bulk
PB2,598,1747,6,ERR3474720,human,in vivo,extracellular,bulk
PB2,598,1748,2,ERR3474720,human,in vivo,extracellular,bulk
PB2,598,1752,1,ERR3474720,human,in vivo,extracellular,bulk
PB2,598,1835,3,ERR3474720,human,in vivo,extracellular,bulk
PB2,598,1949,6,ERR3474720,human,in vivo,extracellular,bulk
PB2,599,1862,5,ERR3474720,human,in vivo,extracellular,bulk
PB2,600,2126,1,ERR3474720,human,in vivo,extracellular,bulk
PB2,601,2032,2,ERR3474720,human,in vivo,extracellular,bulk
PB2,602,1615,1,ERR3474720,human,in vivo,extracellular,bulk
PB2,602,1860,2,ERR3474720,human,in vivo,extracellular,bulk
PB2,603,1830,1,ERR3474720,human,in vivo,extracellular,bulk
PB2,603,1835,8,ERR3474720,human,in vivo,extracellular,bulk
PB2,604,1738,5,ERR3474720,human,in vivo,extracellular,bulk
PB2,605,1707,2,ERR3474720,human,in vivo,extracellular,bulk
PB2,607,1284,1,ERR3474720,human,in vivo,extracellular,bulk
PB2,607,1831,2,ERR3474720,human,in vivo,extracellular,bulk
PB2,607,1832,1,ERR3474720,human,in vivo,extracellular,bulk
PB2,607,1840,7,ERR3474720,human,in vivo,extracellular,bulk
PB2,607,1927,3,ERR3474720,human,in vivo,extracellular,bulk
PB2,608,1748,7,ERR3474720,human,in vivo,extracellular,bulk
PB2,608,1749,2,ERR3474720,human,in vivo,extracellular,bulk
PB2,608,1752,1,ERR3474720,human,in vivo,extracellular,bulk
PB2,608,1753,5,ERR3474720,human,in vivo,extracellular,bulk
PB2,609,1830,2,ERR3474720,human,in vivo,extracellular,bulk
PB2,609,1837,8,ERR3474720,human,in vivo,extracellular,bulk
PB2,609,1862,7,ERR3474720,human,in vivo,extracellular,bulk
PB2,610,1761,4,ERR3474720,human,in vivo,extracellular,bulk
PB2,610,1909,1,ERR3474720,human,in vivo,extracellular,bulk
PB2,610,1952,1,ERR3474720,human,in vivo,extracellular,bulk
PB2,611,1828,2,ERR3474720,human,in vivo,extracellular,bulk
PB2,612,1296,1,ERR3474720,human,in vivo,extracellular,bulk
PB2,612,1875,2,ERR3474720,human,in vivo,extracellular,bulk
PB2,615,1770,1,ERR3474720,human,in vivo,extracellular,bulk
PB2,615,1981,4,ERR3474720,human,in vivo,extracellular,bulk
PB2,617,1917,2,ERR3474720,human,in vivo,extracellular,bulk
PB2,618,1827,2,ERR3474720,human,in vivo,extracellular,bulk
PB2,618,1841,1,ERR3474720,human,in vivo,extracellular,bulk
PB2,619,1689,1,ERR3474720,human,in vivo,extracellular,bulk
PB2,619,1737,2,ERR3474720,human,in vivo,extracellular,bulk
PB2,620,1635,1,ERR3474720,human,in vivo,extracellular,bulk
PB2,620,1688,2,ERR3474720,human,in vivo,extracellular,bulk
PB2,620,1740,3,ERR3474720,human,in vivo,extracellular,bulk
PB2,620,1917,1,ERR3474720,human,in vivo,extracellular,bulk
PB2,621,1690,1,ERR3474720,human,in vivo,extracellular,bulk
PB2,621,1733,1,ERR3474720,human,in vivo,extracellular,bulk
PB2,621,1776,3,ERR3474720,human,in vivo,extracellular,bulk
PB2,622,1688,5,ERR3474720,human,in vivo,extracellular,bulk
PB2,622,1767,34,ERR3474720,human,in vivo,extracellular,bulk
PB2,622,1880,1,ERR3474720,human,in vivo,extracellular,bulk
PB2,623,1492,1,ERR3474720,human,in vivo,extracellular,bulk
PB2,624,1691,2,ERR3474720,human,in vivo,extracellular,bulk
PB2,624,1777,1,ERR3474720,human,in vivo,extracellular,bulk
PB2,624,1909,4,ERR3474720,human,in vivo,extracellular,bulk
PB2,624,1952,1,ERR3474720,human,in vivo,extracellular,bulk
PB2,632,1632,1,ERR3474720,human,in vivo,extracellular,bulk
PB2,632,1908,2,ERR3474720,human,in vivo,extracellular,bulk
PB2,632,1955,1,ERR3474720,human,in vivo,extracellular,bulk
PB2,632,2143,2,ERR3474720,human,in vivo,extracellular,bulk
PB2,633,1621,1,ERR3474720,human,in vivo,extracellular,bulk
PB2,633,1711,4,ERR3474720,human,in vivo,extracellular,bulk
PB2,633,1918,3,ERR3474720,human,in vivo,extracellular,bulk
PB2,634,1634,1,ERR3474720,human,in vivo,extracellular,bulk
PB2,634,1636,2,ERR3474720,human,in vivo,extracellular,bulk
PB2,634,1717,7,ERR3474720,human,in vivo,extracellular,bulk
PB2,634,1739,4,ERR3474720,human,in vivo,extracellular,bulk
PB2,634,1949,2,ERR3474720,human,in vivo,extracellular,bulk
PB2,635,1633,8,ERR3474720,human,in vivo,extracellular,bulk
PB2,635,1912,2,ERR3474720,human,in vivo,extracellular,bulk
PB2,635,2088,2,ERR3474720,human,in vivo,extracellular,bulk
PB2,637,1827,2,ERR3474720,human,in vivo,extracellular,bulk
PB2,637,1829,3,ERR3474720,human,in vivo,extracellular,bulk
PB2,637,2205,1,ERR3474720,human,in vivo,extracellular,bulk
PB2,638,1635,2,ERR3474720,human,in vivo,extracellular,bulk
PB2,642,1485,1,ERR3474720,human,in vivo,extracellular,bulk
PB2,642,1710,5,ERR3474720,human,in vivo,extracellular,bulk
PB2,642,1790,3,ERR3474720,human,in vivo,extracellular,bulk
PB2,642,1791,4,ERR3474720,human,in vivo,extracellular,bulk
PB2,643,1658,1,ERR3474720,human,in vivo,extracellular,bulk
PB2,643,1707,3,ERR3474720,human,in vivo,extracellular,bulk
PB2,643,1786,3,ERR3474720,human,in vivo,extracellular,bulk
PB2,643,1828,1,ERR3474720,human,in vivo,extracellular,bulk
PB2,643,2034,2,ERR3474720,human,in vivo,extracellular,bulk
PB2,645,1614,2,ERR3474720,human,in vivo,extracellular,bulk
PB2,645,1776,1,ERR3474720,human,in vivo,extracellular,bulk
PB2,646,1785,17,ERR3474720,human,in vivo,extracellular,bulk
PB2,646,1788,2,ERR3474720,human,in vivo,extracellular,bulk
PB2,646,2031,1,ERR3474720,human,in vivo,extracellular,bulk
PB2,647,1791,2,ERR3474720,human,in vivo,extracellular,bulk
PB2,647,1854,3,ERR3474720,human,in vivo,extracellular,bulk
PB2,647,1889,2,ERR3474720,human,in vivo,extracellular,bulk
PB2,647,674,1,ERR3474720,human,in vivo,extracellular,bulk
PB2,649,1520,1,ERR3474720,human,in vivo,extracellular,bulk
PB2,700,1747,2,ERR3474720,human,in vivo,extracellular,bulk
PB2,707,1827,2,ERR3474720,human,in vivo,extracellular,bulk
PB2,708,1636,1,ERR3474720,human,in vivo,extracellular,bulk
PB2,709,1612,1,ERR3474720,human,in vivo,extracellular,bulk
PB2,715,1767,3,ERR3474720,human,in vivo,extracellular,bulk
PB2,716,1467,2,ERR3474720,human,in vivo,extracellular,bulk
PB2,716,1760,1,ERR3474720,human,in vivo,extracellular,bulk
PB2,716,1776,3,ERR3474720,human,in vivo,extracellular,bulk
PB2,716,1828,4,ERR3474720,human,in vivo,extracellular,bulk
PB2,722,1682,2,ERR3474720,human,in vivo,extracellular,bulk
PB2,726,1767,3,ERR3474720,human,in vivo,extracellular,bulk
PB2,729,1541,2,ERR3474720,human,in vivo,extracellular,bulk
PB2,729,1650,1,ERR3474720,human,in vivo,extracellular,bulk
PB2,72,2036,2,ERR3474720,human,in vivo,extracellular,bulk
PB2,733,1661,1,ERR3474720,human,in vivo,extracellular,bulk
PB2,734,1396,3,ERR3474720,human,in vivo,extracellular,bulk
PB2,734,1658,2,ERR3474720,human,in vivo,extracellular,bulk
PB2,734,1784,1,ERR3474720,human,in vivo,extracellular,bulk
PB2,739,1750,2,ERR3474720,human,in vivo,extracellular,bulk
PB2,739,1753,7,ERR3474720,human,in vivo,extracellular,bulk
PB2,739,1961,1,ERR3474720,human,in vivo,extracellular,bulk
PB2,745,1787,3,ERR3474720,human,in vivo,extracellular,bulk
PB2,748,1889,1,ERR3474720,human,in vivo,extracellular,bulk
PB2,749,1683,4,ERR3474720,human,in vivo,extracellular,bulk
PB2,750,1622,1,ERR3474720,human,in vivo,extracellular,bulk
PB2,760,1608,1,ERR3474720,human,in vivo,extracellular,bulk
PB2,767,1679,3,ERR3474720,human,in vivo,extracellular,bulk
PB2,768,1629,1,ERR3474720,human,in vivo,extracellular,bulk
PB2,768,1665,1,ERR3474720,human,in vivo,extracellular,bulk
PB2,770,1357,1,ERR3474720,human,in vivo,extracellular,bulk
PB2,771,1613,2,ERR3474720,human,in vivo,extracellular,bulk
PB2,771,1775,1,ERR3474720,human,in vivo,extracellular,bulk
PB2,775,1709,1,ERR3474720,human,in vivo,extracellular,bulk
PB2,781,1664,1,ERR3474720,human,in vivo,extracellular,bulk
PB2,783,1630,2,ERR3474720,human,in vivo,extracellular,bulk
PB2,785,1497,1,ERR3474720,human,in vivo,extracellular,bulk
PB2,785,1528,1,ERR3474720,human,in vivo,extracellular,bulk
PB2,785,1613,1,ERR3474720,human,in vivo,extracellular,bulk
PB2,785,1618,3,ERR3474720,human,in vivo,extracellular,bulk
PB2,785,1649,8,ERR3474720,human,in vivo,extracellular,bulk
PB2,785,1654,2,ERR3474720,human,in vivo,extracellular,bulk
PB2,791,1853,1,ERR3474720,human,in vivo,extracellular,bulk
PB2,791,1877,91,ERR3474720,human,in vivo,extracellular,bulk
PB2,792,1521,1,ERR3474720,human,in vivo,extracellular,bulk
PB2,792,1651,1,ERR3474720,human,in vivo,extracellular,bulk
PB2,792,1654,1,ERR3474720,human,in vivo,extracellular,bulk
PB2,792,1658,9,ERR3474720,human,in vivo,extracellular,bulk
PB2,792,1707,1,ERR3474720,human,in vivo,extracellular,bulk
PB2,793,1520,1,ERR3474720,human,in vivo,extracellular,bulk
PB2,80,2209,2,ERR3474720,human,in vivo,extracellular,bulk
PB2,841,1575,1,ERR3474720,human,in vivo,extracellular,bulk
PB2,842,1508,2,ERR3474720,human,in vivo,extracellular,bulk
PB2,842,1573,1,ERR3474720,human,in vivo,extracellular,bulk
PB2,845,1576,3,ERR3474720,human,in vivo,extracellular,bulk
PB2,846,1576,4,ERR3474720,human,in vivo,extracellular,bulk
PB2,850,1752,1,ERR3474720,human,in vivo,extracellular,bulk
PB2,851,1464,6,ERR3474720,human,in vivo,extracellular,bulk
PB2,851,1574,3,ERR3474720,human,in vivo,extracellular,bulk
PB2,852,1468,1,ERR3474720,human,in vivo,extracellular,bulk
PB2,853,2028,1,ERR3474720,human,in vivo,extracellular,bulk
PB2,857,1786,3,ERR3474720,human,in vivo,extracellular,bulk
PB2,858,1575,3,ERR3474720,human,in vivo,extracellular,bulk
PB2,859,1485,1,ERR3474720,human,in vivo,extracellular,bulk
PB2,860,1467,3,ERR3474720,human,in vivo,extracellular,bulk
PB2,860,1966,3,ERR3474720,human,in vivo,extracellular,bulk
PB2,861,1493,1,ERR3474720,human,in vivo,extracellular,bulk
PB2,919,1483,2,ERR3474720,human,in vivo,extracellular,bulk
PB2,922,1483,1,ERR3474720,human,in vivo,extracellular,bulk
PB2,922,1491,1,ERR3474720,human,in vivo,extracellular,bulk
PB2,923,1485,1,ERR3474720,human,in vivo,extracellular,bulk
PB2,924,1492,1,ERR3474720,human,in vivo,extracellular,bulk
PB2,928,1517,2,ERR3474720,human,in vivo,extracellular,bulk
PB2,928,1680,1,ERR3474720,human,in vivo,extracellular,bulk
PB2,960,1522,1,ERR3474720,human,in vivo,extracellular,bulk
PB2,961,1688,1,ERR3474720,human,in vivo,extracellular,bulk
PB2,961,1888,6,ERR3474720,human,in vivo,extracellular,bulk
PB2,980,2034,1,ERR3474720,human,in vivo,extracellular,bulk
PB2,994,1888,3,ERR3474720,human,in vivo,extracellular,bulk
PB2,995,1542,2,ERR3474720,human,in vivo,extracellular,bulk
PA,109,2000,3,ERR3474720,human,in vivo,extracellular,bulk
PA,1102,1616,1,ERR3474720,human,in vivo,extracellular,bulk
PA,114,2083,3,ERR3474720,human,in vivo,extracellular,bulk
PA,167,2087,1,ERR3474720,human,in vivo,extracellular,bulk
PA,168,2046,42,ERR3474720,human,in vivo,extracellular,bulk
PA,172,2157,2,ERR3474720,human,in vivo,extracellular,bulk
PA,174,1858,3,ERR3474720,human,in vivo,extracellular,bulk
PA,177,2046,42,ERR3474720,human,in vivo,extracellular,bulk
PA,191,1856,391,ERR3474720,human,in vivo,extracellular,bulk
PA,191,2044,4,ERR3474720,human,in vivo,extracellular,bulk
PA,191,221,1,ERR3474720,human,in vivo,extracellular,bulk
PA,192,2083,2,ERR3474720,human,in vivo,extracellular,bulk
PA,2066,2090,5,ERR3474720,human,in vivo,extracellular,bulk
PA,206,1465,3,ERR3474720,human,in vivo,extracellular,bulk
PA,207,1857,1,ERR3474720,human,in vivo,extracellular,bulk
PA,2087,2121,1,ERR3474720,human,in vivo,extracellular,bulk
PA,2095,2128,8,ERR3474720,human,in vivo,extracellular,bulk
PA,2095,2158,1,ERR3474720,human,in vivo,extracellular,bulk
PA,210,2037,5,ERR3474720,human,in vivo,extracellular,bulk
PA,210,2134,2,ERR3474720,human,in vivo,extracellular,bulk
PA,211,1861,1,ERR3474720,human,in vivo,extracellular,bulk
PA,211,1945,1,ERR3474720,human,in vivo,extracellular,bulk
PA,211,2034,4,ERR3474720,human,in vivo,extracellular,bulk
PA,211,2088,2,ERR3474720,human,in vivo,extracellular,bulk
PA,211,2104,1,ERR3474720,human,in vivo,extracellular,bulk
PA,213,2104,3,ERR3474720,human,in vivo,extracellular,bulk
PA,2146,2180,1,ERR3474720,human,in vivo,extracellular,bulk
PA,217,2061,3,ERR3474720,human,in vivo,extracellular,bulk
PA,2209,2246,1,ERR3474720,human,in vivo,extracellular,bulk
PA,221,1790,2,ERR3474720,human,in vivo,extracellular,bulk
PA,221,1858,5,ERR3474720,human,in vivo,extracellular,bulk
PA,221,2121,1,ERR3474720,human,in vivo,extracellular,bulk
PA,224,1885,2,ERR3474720,human,in vivo,extracellular,bulk
PA,227,1929,1,ERR3474720,human,in vivo,extracellular,bulk
PA,231,1722,1,ERR3474720,human,in vivo,extracellular,bulk
PA,233,2008,1,ERR3474720,human,in vivo,extracellular,bulk
PA,244,2154,1,ERR3474720,human,in vivo,extracellular,bulk
PA,258,1861,1,ERR3474720,human,in vivo,extracellular,bulk
PA,259,2041,4,ERR3474720,human,in vivo,extracellular,bulk
PA,259,2067,1,ERR3474720,human,in vivo,extracellular,bulk
PA,260,2043,4,ERR3474720,human,in vivo,extracellular,bulk
PA,261,2037,2,ERR3474720,human,in vivo,extracellular,bulk
PA,266,2045,2,ERR3474720,human,in vivo,extracellular,bulk
PA,269,2007,1,ERR3474720,human,in vivo,extracellular,bulk
PA,270,1949,44,ERR3474720,human,in vivo,extracellular,bulk
PA,270,1956,2,ERR3474720,human,in vivo,extracellular,bulk
PA,271,1944,2,ERR3474720,human,in vivo,extracellular,bulk
PA,271,2023,4,ERR3474720,human,in vivo,extracellular,bulk
PA,272,2009,5,ERR3474720,human,in vivo,extracellular,bulk
PA,274,2032,3,ERR3474720,human,in vivo,extracellular,bulk
PA,275,1539,2,ERR3474720,human,in vivo,extracellular,bulk
PA,277,1860,8,ERR3474720,human,in vivo,extracellular,bulk
PA,298,1928,3,ERR3474720,human,in vivo,extracellular,bulk
PA,299,1944,5,ERR3474720,human,in vivo,extracellular,bulk
PA,305,1823,2,ERR3474720,human,in vivo,extracellular,bulk
PA,308,1812,1,ERR3474720,human,in vivo,extracellular,bulk
PA,308,2000,38,ERR3474720,human,in vivo,extracellular,bulk
PA,308,2034,5,ERR3474720,human,in vivo,extracellular,bulk
PA,308,2036,4,ERR3474720,human,in vivo,extracellular,bulk
PA,314,1488,1,ERR3474720,human,in vivo,extracellular,bulk
PA,314,1812,6,ERR3474720,human,in vivo,extracellular,bulk
PA,314,1904,2,ERR3474720,human,in vivo,extracellular,bulk
PA,314,1905,23,ERR3474720,human,in vivo,extracellular,bulk
PA,314,1907,22,ERR3474720,human,in vivo,extracellular,bulk
PA,314,2033,5,ERR3474720,human,in vivo,extracellular,bulk
PA,314,2034,6,ERR3474720,human,in vivo,extracellular,bulk
PA,314,2104,11,ERR3474720,human,in vivo,extracellular,bulk
PA,320,1857,3,ERR3474720,human,in vivo,extracellular,bulk
PA,320,1905,7,ERR3474720,human,in vivo,extracellular,bulk
PA,320,1906,1,ERR3474720,human,in vivo,extracellular,bulk
PA,320,1907,2,ERR3474720,human,in vivo,extracellular,bulk
PA,321,2134,2,ERR3474720,human,in vivo,extracellular,bulk
PA,322,1905,2,ERR3474720,human,in vivo,extracellular,bulk
PA,322,2027,23,ERR3474720,human,in vivo,extracellular,bulk
PA,322,2039,1,ERR3474720,human,in vivo,extracellular,bulk
PA,323,1903,1,ERR3474720,human,in vivo,extracellular,bulk
PA,325,2005,10,ERR3474720,human,in vivo,extracellular,bulk
PA,327,1792,20,ERR3474720,human,in vivo,extracellular,bulk
PA,327,2022,1,ERR3474720,human,in vivo,extracellular,bulk
PA,328,1808,12,ERR3474720,human,in vivo,extracellular,bulk
PA,328,1994,2,ERR3474720,human,in vivo,extracellular,bulk
PA,330,1898,1,ERR3474720,human,in vivo,extracellular,bulk
PA,356,1860,3,ERR3474720,human,in vivo,extracellular,bulk
PA,358,1466,2,ERR3474720,human,in vivo,extracellular,bulk
PA,358,1856,4,ERR3474720,human,in vivo,extracellular,bulk
PA,362,1866,5,ERR3474720,human,in vivo,extracellular,bulk
PA,362,2011,10,ERR3474720,human,in vivo,extracellular,bulk
PA,366,1948,2,ERR3474720,human,in vivo,extracellular,bulk
PA,366,393,2,ERR3474720,human,in vivo,extracellular,bulk
PA,366,414,6,ERR3474720,human,in vivo,extracellular,bulk
PA,367,1857,13,ERR3474720,human,in vivo,extracellular,bulk
PA,367,1861,6,ERR3474720,human,in vivo,extracellular,bulk
PA,367,1870,2,ERR3474720,human,in vivo,extracellular,bulk
PA,367,1935,1,ERR3474720,human,in vivo,extracellular,bulk
PA,367,1945,4,ERR3474720,human,in vivo,extracellular,bulk
PA,367,2088,1,ERR3474720,human,in vivo,extracellular,bulk
PA,369,2088,2,ERR3474720,human,in vivo,extracellular,bulk
PA,371,1947,108,ERR3474720,human,in vivo,extracellular,bulk
PA,371,2036,7,ERR3474720,human,in vivo,extracellular,bulk
PA,372,1908,2,ERR3474720,human,in vivo,extracellular,bulk
PA,379,1856,5,ERR3474720,human,in vivo,extracellular,bulk
PA,379,1860,3,ERR3474720,human,in vivo,extracellular,bulk
PA,398,1954,1,ERR3474720,human,in vivo,extracellular,bulk
PA,398,2008,2,ERR3474720,human,in vivo,extracellular,bulk
PA,399,1858,23,ERR3474720,human,in vivo,extracellular,bulk
PA,399,1946,3,ERR3474720,human,in vivo,extracellular,bulk
PA,405,1860,2,ERR3474720,human,in vivo,extracellular,bulk
PA,409,1856,1,ERR3474720,human,in vivo,extracellular,bulk
PA,410,1907,4,ERR3474720,human,in vivo,extracellular,bulk
PA,411,1783,4,ERR3474720,human,in vivo,extracellular,bulk
PA,411,1909,5,ERR3474720,human,in vivo,extracellular,bulk
PA,413,1822,2,ERR3474720,human,in vivo,extracellular,bulk
PA,413,1860,2,ERR3474720,human,in vivo,extracellular,bulk
PA,413,2015,2,ERR3474720,human,in vivo,extracellular,bulk
PA,414,1756,2,ERR3474720,human,in vivo,extracellular,bulk
PA,415,2039,27,ERR3474720,human,in vivo,extracellular,bulk
PA,416,1860,11,ERR3474720,human,in vivo,extracellular,bulk
PA,416,1901,1,ERR3474720,human,in vivo,extracellular,bulk
PA,416,2010,3,ERR3474720,human,in vivo,extracellular,bulk
PA,416,2038,3,ERR3474720,human,in vivo,extracellular,bulk
PA,417,1782,7,ERR3474720,human,in vivo,extracellular,bulk
PA,418,1905,2,ERR3474720,human,in vivo,extracellular,bulk
PA,418,1920,11,ERR3474720,human,in vivo,extracellular,bulk
PA,418,1935,16,ERR3474720,human,in vivo,extracellular,bulk
PA,420,2053,1,ERR3474720,human,in vivo,extracellular,bulk
PA,421,1857,1,ERR3474720,human,in vivo,extracellular,bulk
PA,421,1861,3,ERR3474720,human,in vivo,extracellular,bulk
PA,421,1867,3,ERR3474720,human,in vivo,extracellular,bulk
PA,421,1897,1,ERR3474720,human,in vivo,extracellular,bulk
PA,421,1902,1,ERR3474720,human,in vivo,extracellular,bulk
PA,421,1905,5,ERR3474720,human,in vivo,extracellular,bulk
PA,421,2008,56,ERR3474720,human,in vivo,extracellular,bulk
PA,421,2178,3,ERR3474720,human,in vivo,extracellular,bulk
PA,426,1172,2,ERR3474720,human,in vivo,extracellular,bulk
PA,426,1775,4,ERR3474720,human,in vivo,extracellular,bulk
PA,426,1856,24,ERR3474720,human,in vivo,extracellular,bulk
PA,426,2038,15,ERR3474720,human,in vivo,extracellular,bulk
PA,427,1634,1,ERR3474720,human,in vivo,extracellular,bulk
PA,427,1751,1,ERR3474720,human,in vivo,extracellular,bulk
PA,428,1773,2,ERR3474720,human,in vivo,extracellular,bulk
PA,428,1956,2,ERR3474720,human,in vivo,extracellular,bulk
PA,42,2069,1,ERR3474720,human,in vivo,extracellular,bulk
PA,42,72,1,ERR3474720,human,in vivo,extracellular,bulk
PA,430,1785,1,ERR3474720,human,in vivo,extracellular,bulk
PA,430,1885,4,ERR3474720,human,in vivo,extracellular,bulk
PA,431,1899,3,ERR3474720,human,in vivo,extracellular,bulk
PA,432,1861,22,ERR3474720,human,in vivo,extracellular,bulk
PA,433,1905,1,ERR3474720,human,in vivo,extracellular,bulk
PA,436,1706,2,ERR3474720,human,in vivo,extracellular,bulk
PA,436,1785,20,ERR3474720,human,in vivo,extracellular,bulk
PA,437,1683,1,ERR3474720,human,in vivo,extracellular,bulk
PA,437,1870,23,ERR3474720,human,in vivo,extracellular,bulk
PA,439,1821,4,ERR3474720,human,in vivo,extracellular,bulk
PA,439,1870,5,ERR3474720,human,in vivo,extracellular,bulk
PA,439,1902,1,ERR3474720,human,in vivo,extracellular,bulk
PA,43,1869,6,ERR3474720,human,in vivo,extracellular,bulk
PA,450,1746,1,ERR3474720,human,in vivo,extracellular,bulk
PA,453,1752,2,ERR3474720,human,in vivo,extracellular,bulk
PA,453,1857,4,ERR3474720,human,in vivo,extracellular,bulk
PA,453,1859,8,ERR3474720,human,in vivo,extracellular,bulk
PA,453,1869,8,ERR3474720,human,in vivo,extracellular,bulk
PA,453,1870,6,ERR3474720,human,in vivo,extracellular,bulk
PA,453,1884,1,ERR3474720,human,in vivo,extracellular,bulk
PA,455,1863,2,ERR3474720,human,in vivo,extracellular,bulk
PA,457,1432,1,ERR3474720,human,in vivo,extracellular,bulk
PA,457,1811,2,ERR3474720,human,in vivo,extracellular,bulk
PA,459,1736,2,ERR3474720,human,in vivo,extracellular,bulk
PA,459,1862,2,ERR3474720,human,in vivo,extracellular,bulk
PA,461,1855,2,ERR3474720,human,in vivo,extracellular,bulk
PA,462,1943,2,ERR3474720,human,in vivo,extracellular,bulk
PA,463,1739,7,ERR3474720,human,in vivo,extracellular,bulk
PA,463,1857,1,ERR3474720,human,in vivo,extracellular,bulk
PA,463,1928,1,ERR3474720,human,in vivo,extracellular,bulk
PA,463,1944,18,ERR3474720,human,in vivo,extracellular,bulk
PA,475,1460,1,ERR3474720,human,in vivo,extracellular,bulk
PA,477,1711,1,ERR3474720,human,in vivo,extracellular,bulk
PA,477,1730,1,ERR3474720,human,in vivo,extracellular,bulk
PA,477,1735,2,ERR3474720,human,in vivo,extracellular,bulk
PA,478,1683,1,ERR3474720,human,in vivo,extracellular,bulk
PA,480,1575,2,ERR3474720,human,in vivo,extracellular,bulk
PA,481,1639,1,ERR3474720,human,in vivo,extracellular,bulk
PA,481,1815,1,ERR3474720,human,in vivo,extracellular,bulk
PA,482,1709,5,ERR3474720,human,in vivo,extracellular,bulk
PA,487,1784,2,ERR3474720,human,in vivo,extracellular,bulk
PA,487,1861,1,ERR3474720,human,in vivo,extracellular,bulk
PA,489,1688,9,ERR3474720,human,in vivo,extracellular,bulk
PA,489,2053,2,ERR3474720,human,in vivo,extracellular,bulk
PA,490,1740,1,ERR3474720,human,in vivo,extracellular,bulk
PA,490,1753,3,ERR3474720,human,in vivo,extracellular,bulk
PA,490,1823,3,ERR3474720,human,in vivo,extracellular,bulk
PA,490,1902,1,ERR3474720,human,in vivo,extracellular,bulk
PA,490,2008,3,ERR3474720,human,in vivo,extracellular,bulk
PA,495,1744,1,ERR3474720,human,in vivo,extracellular,bulk
PA,496,1955,1,ERR3474720,human,in vivo,extracellular,bulk
PA,497,1810,4,ERR3474720,human,in vivo,extracellular,bulk
PA,497,1823,3,ERR3474720,human,in vivo,extracellular,bulk
PA,497,1828,1,ERR3474720,human,in vivo,extracellular,bulk
PA,497,1902,3,ERR3474720,human,in vivo,extracellular,bulk
PA,498,1822,2,ERR3474720,human,in vivo,extracellular,bulk
PA,499,1931,4,ERR3474720,human,in vivo,extracellular,bulk
PA,500,1621,2,ERR3474720,human,in vivo,extracellular,bulk
PA,500,1735,2,ERR3474720,human,in vivo,extracellular,bulk
PA,500,1742,1,ERR3474720,human,in vivo,extracellular,bulk
PA,501,1750,2,ERR3474720,human,in vivo,extracellular,bulk
PA,501,1823,2,ERR3474720,human,in vivo,extracellular,bulk
PA,501,537,1,ERR3474720,human,in vivo,extracellular,bulk
PA,502,1721,4,ERR3474720,human,in vivo,extracellular,bulk
PA,503,1811,10,ERR3474720,human,in vivo,extracellular,bulk
PA,503,1905,2,ERR3474720,human,in vivo,extracellular,bulk
PA,504,1687,1,ERR3474720,human,in vivo,extracellular,bulk
PA,507,1795,2,ERR3474720,human,in vivo,extracellular,bulk
PA,511,1730,2,ERR3474720,human,in vivo,extracellular,bulk
PA,512,1809,1,ERR3474720,human,in vivo,extracellular,bulk
PA,512,1812,2,ERR3474720,human,in vivo,extracellular,bulk
PA,512,1907,4,ERR3474720,human,in vivo,extracellular,bulk
PA,514,1719,13,ERR3474720,human,in vivo,extracellular,bulk
PA,514,1795,4,ERR3474720,human,in vivo,extracellular,bulk
PA,514,1809,2,ERR3474720,human,in vivo,extracellular,bulk
PA,514,1811,39,ERR3474720,human,in vivo,extracellular,bulk
PA,514,1822,1,ERR3474720,human,in vivo,extracellular,bulk
PA,514,1856,2,ERR3474720,human,in vivo,extracellular,bulk
PA,514,1901,1,ERR3474720,human,in vivo,extracellular,bulk
PA,514,1904,11,ERR3474720,human,in vivo,extracellular,bulk
PA,514,1928,1,ERR3474720,human,in vivo,extracellular,bulk
PA,515,1792,1,ERR3474720,human,in vivo,extracellular,bulk
PA,515,1811,3,ERR3474720,human,in vivo,extracellular,bulk
PA,515,1860,4,ERR3474720,human,in vivo,extracellular,bulk
PA,516,1712,2,ERR3474720,human,in vivo,extracellular,bulk
PA,517,1784,3,ERR3474720,human,in vivo,extracellular,bulk
PA,517,1812,8,ERR3474720,human,in vivo,extracellular,bulk
PA,518,1809,5,ERR3474720,human,in vivo,extracellular,bulk
PA,518,1811,6,ERR3474720,human,in vivo,extracellular,bulk
PA,518,2120,3,ERR3474720,human,in vivo,extracellular,bulk
PA,519,1710,2,ERR3474720,human,in vivo,extracellular,bulk
PA,519,1730,30,ERR3474720,human,in vivo,extracellular,bulk
PA,519,1781,1,ERR3474720,human,in vivo,extracellular,bulk
PA,519,1782,1,ERR3474720,human,in vivo,extracellular,bulk
PA,519,1785,3,ERR3474720,human,in vivo,extracellular,bulk
PA,519,1794,1,ERR3474720,human,in vivo,extracellular,bulk
PA,520,1708,3,ERR3474720,human,in vivo,extracellular,bulk
PA,521,1722,1,ERR3474720,human,in vivo,extracellular,bulk
PA,523,1616,1,ERR3474720,human,in vivo,extracellular,bulk
PA,525,1811,2,ERR3474720,human,in vivo,extracellular,bulk
PA,526,1788,3,ERR3474720,human,in vivo,extracellular,bulk
PA,526,1795,1,ERR3474720,human,in vivo,extracellular,bulk
PA,527,1711,2,ERR3474720,human,in vivo,extracellular,bulk
PA,529,1709,1,ERR3474720,human,in vivo,extracellular,bulk
PA,529,1772,3,ERR3474720,human,in vivo,extracellular,bulk
PA,529,1794,1,ERR3474720,human,in vivo,extracellular,bulk
PA,529,1885,1,ERR3474720,human,in vivo,extracellular,bulk
PA,531,1719,6,ERR3474720,human,in vivo,extracellular,bulk
PA,531,1788,3,ERR3474720,human,in vivo,extracellular,bulk
PA,531,924,1,ERR3474720,human,in vivo,extracellular,bulk
PA,534,1904,1,ERR3474720,human,in vivo,extracellular,bulk
PA,536,1776,3,ERR3474720,human,in vivo,extracellular,bulk
PA,539,1687,1,ERR3474720,human,in vivo,extracellular,bulk
PA,539,1731,1,ERR3474720,human,in vivo,extracellular,bulk
PA,539,1792,2,ERR3474720,human,in vivo,extracellular,bulk
PA,540,1787,1,ERR3474720,human,in vivo,extracellular,bulk
PA,541,1756,2,ERR3474720,human,in vivo,extracellular,bulk
PA,541,1781,6,ERR3474720,human,in vivo,extracellular,bulk
PA,541,1791,1,ERR3474720,human,in vivo,extracellular,bulk
PA,542,1704,1,ERR3474720,human,in vivo,extracellular,bulk
PA,544,1782,2,ERR3474720,human,in vivo,extracellular,bulk
PA,546,1775,1,ERR3474720,human,in vivo,extracellular,bulk
PA,546,1784,9,ERR3474720,human,in vivo,extracellular,bulk
PA,546,1857,1,ERR3474720,human,in vivo,extracellular,bulk
PA,547,1500,3,ERR3474720,human,in vivo,extracellular,bulk
PA,547,1706,4,ERR3474720,human,in vivo,extracellular,bulk
PA,547,1781,1,ERR3474720,human,in vivo,extracellular,bulk
PA,548,1780,1,ERR3474720,human,in vivo,extracellular,bulk
PA,556,1500,2,ERR3474720,human,in vivo,extracellular,bulk
PA,556,1639,2,ERR3474720,human,in vivo,extracellular,bulk
PA,557,1905,1,ERR3474720,human,in vivo,extracellular,bulk
PA,559,1641,2,ERR3474720,human,in vivo,extracellular,bulk
PA,561,1756,2,ERR3474720,human,in vivo,extracellular,bulk
PA,562,1638,1,ERR3474720,human,in vivo,extracellular,bulk
PA,562,1745,2,ERR3474720,human,in vivo,extracellular,bulk
PA,578,1689,1,ERR3474720,human,in vivo,extracellular,bulk
PA,578,1743,1,ERR3474720,human,in vivo,extracellular,bulk
PA,582,1730,2,ERR3474720,human,in vivo,extracellular,bulk
PA,598,1510,1,ERR3474720,human,in vivo,extracellular,bulk
PA,599,1686,10,ERR3474720,human,in vivo,extracellular,bulk
PA,601,1676,3,ERR3474720,human,in vivo,extracellular,bulk
PA,601,1706,2,ERR3474720,human,in vivo,extracellular,bulk
PA,601,1710,1,ERR3474720,human,in vivo,extracellular,bulk
PA,601,1772,6,ERR3474720,human,in vivo,extracellular,bulk
PA,601,1886,2,ERR3474720,human,in vivo,extracellular,bulk
PA,601,1909,3,ERR3474720,human,in vivo,extracellular,bulk
PA,602,1581,1,ERR3474720,human,in vivo,extracellular,bulk
PA,602,1859,2,ERR3474720,human,in vivo,extracellular,bulk
PA,604,2155,1,ERR3474720,human,in vivo,extracellular,bulk
PA,607,1609,1,ERR3474720,human,in vivo,extracellular,bulk
PA,612,1676,1,ERR3474720,human,in vivo,extracellular,bulk
PA,613,1387,3,ERR3474720,human,in vivo,extracellular,bulk
PA,614,1703,2,ERR3474720,human,in vivo,extracellular,bulk
PA,618,1687,2,ERR3474720,human,in vivo,extracellular,bulk
PA,619,645,1,ERR3474720,human,in vivo,extracellular,bulk
PA,620,1797,1,ERR3474720,human,in vivo,extracellular,bulk
PA,629,1581,1,ERR3474720,human,in vivo,extracellular,bulk
PA,629,1592,2,ERR3474720,human,in vivo,extracellular,bulk
PA,630,1644,4,ERR3474720,human,in vivo,extracellular,bulk
PA,630,1655,1,ERR3474720,human,in vivo,extracellular,bulk
PA,630,1782,3,ERR3474720,human,in vivo,extracellular,bulk
PA,631,1637,1,ERR3474720,human,in vivo,extracellular,bulk
PA,632,1692,7,ERR3474720,human,in vivo,extracellular,bulk
PA,632,1821,2,ERR3474720,human,in vivo,extracellular,bulk
PA,635,1760,3,ERR3474720,human,in vivo,extracellular,bulk
PA,636,1520,1,ERR3474720,human,in vivo,extracellular,bulk
PA,636,1637,2,ERR3474720,human,in vivo,extracellular,bulk
PA,637,1465,11,ERR3474720,human,in vivo,extracellular,bulk
PA,638,1536,1,ERR3474720,human,in vivo,extracellular,bulk
PA,647,1639,4,ERR3474720,human,in vivo,extracellular,bulk
PA,648,1623,1,ERR3474720,human,in vivo,extracellular,bulk
PA,650,1637,1,ERR3474720,human,in vivo,extracellular,bulk
PA,651,1677,1,ERR3474720,human,in vivo,extracellular,bulk
PA,652,1641,1,ERR3474720,human,in vivo,extracellular,bulk
PA,652,1688,2,ERR3474720,human,in vivo,extracellular,bulk
PA,653,1488,2,ERR3474720,human,in vivo,extracellular,bulk
PA,653,1623,1,ERR3474720,human,in vivo,extracellular,bulk
PA,653,1639,3,ERR3474720,human,in vivo,extracellular,bulk
PA,653,1674,2,ERR3474720,human,in vivo,extracellular,bulk
PA,654,1756,2,ERR3474720,human,in vivo,extracellular,bulk
PA,656,1710,3,ERR3474720,human,in vivo,extracellular,bulk
PA,658,1514,1,ERR3474720,human,in vivo,extracellular,bulk
PA,661,1618,2,ERR3474720,human,in vivo,extracellular,bulk
PA,661,1686,5,ERR3474720,human,in vivo,extracellular,bulk
PA,661,1753,1,ERR3474720,human,in vivo,extracellular,bulk
PA,679,1635,1,ERR3474720,human,in vivo,extracellular,bulk
PA,67,92,4,ERR3474720,human,in vivo,extracellular,bulk
PA,693,1614,3,ERR3474720,human,in vivo,extracellular,bulk
PA,693,1616,1,ERR3474720,human,in vivo,extracellular,bulk
PA,694,1633,1,ERR3474720,human,in vivo,extracellular,bulk
PA,698,1638,2,ERR3474720,human,in vivo,extracellular,bulk
PA,698,1713,2,ERR3474720,human,in vivo,extracellular,bulk
PA,702,1868,2,ERR3474720,human,in vivo,extracellular,bulk
PA,706,1719,1,ERR3474720,human,in vivo,extracellular,bulk
PA,706,1860,3,ERR3474720,human,in vivo,extracellular,bulk
PA,714,1406,2,ERR3474720,human,in vivo,extracellular,bulk
PA,715,1473,1,ERR3474720,human,in vivo,extracellular,bulk
PA,725,1566,1,ERR3474720,human,in vivo,extracellular,bulk
PA,726,1633,2,ERR3474720,human,in vivo,extracellular,bulk
PA,75,110,1,ERR3474720,human,in vivo,extracellular,bulk
PA,763,1636,1,ERR3474720,human,in vivo,extracellular,bulk
PA,763,1904,1,ERR3474720,human,in vivo,extracellular,bulk
PA,764,1563,4,ERR3474720,human,in vivo,extracellular,bulk
PA,765,1639,1,ERR3474720,human,in vivo,extracellular,bulk
PA,765,1902,1,ERR3474720,human,in vivo,extracellular,bulk
PA,766,1638,1,ERR3474720,human,in vivo,extracellular,bulk
PA,767,1739,1,ERR3474720,human,in vivo,extracellular,bulk
PA,775,1491,1,ERR3474720,human,in vivo,extracellular,bulk
PA,776,1487,3,ERR3474720,human,in vivo,extracellular,bulk
PA,776,1520,1,ERR3474720,human,in vivo,extracellular,bulk
PA,776,1674,3,ERR3474720,human,in vivo,extracellular,bulk
PA,779,1511,2,ERR3474720,human,in vivo,extracellular,bulk
PA,783,1612,2,ERR3474720,human,in vivo,extracellular,bulk
PA,793,1498,1,ERR3474720,human,in vivo,extracellular,bulk
PA,799,1519,2,ERR3474720,human,in vivo,extracellular,bulk
PA,799,1533,1,ERR3474720,human,in vivo,extracellular,bulk
PA,800,1531,1,ERR3474720,human,in vivo,extracellular,bulk
PA,802,2105,4,ERR3474720,human,in vivo,extracellular,bulk
PA,804,1472,3,ERR3474720,human,in vivo,extracellular,bulk
PA,804,1501,2,ERR3474720,human,in vivo,extracellular,bulk
PA,805,1642,2,ERR3474720,human,in vivo,extracellular,bulk
PA,808,1885,1,ERR3474720,human,in vivo,extracellular,bulk
PA,821,1387,2,ERR3474720,human,in vivo,extracellular,bulk
PA,824,1857,1,ERR3474720,human,in vivo,extracellular,bulk
PA,832,1520,5,ERR3474720,human,in vivo,extracellular,bulk
PA,838,1493,2,ERR3474720,human,in vivo,extracellular,bulk
PA,851,1360,1,ERR3474720,human,in vivo,extracellular,bulk
PA,858,1522,1,ERR3474720,human,in vivo,extracellular,bulk
PA,861,2022,2,ERR3474720,human,in vivo,extracellular,bulk
PA,865,1467,2,ERR3474720,human,in vivo,extracellular,bulk
PA,865,1489,1,ERR3474720,human,in vivo,extracellular,bulk
PA,865,1639,2,ERR3474720,human,in vivo,extracellular,bulk
PA,909,1485,1,ERR3474720,human,in vivo,extracellular,bulk
PA,911,1441,1,ERR3474720,human,in vivo,extracellular,bulk
PA,91,2087,1,ERR3474720,human,in vivo,extracellular,bulk
HA,1702,1804,1,ERR3474720,human,in vivo,extracellular,bulk
HA,367,1480,2,ERR3474720,human,in vivo,extracellular,bulk
HA,71,105,3,ERR3474720,human,in vivo,extracellular,bulk
HA,748,817,1,ERR3474720,human,in vivo,extracellular,bulk
HA,894,998,1,ERR3474720,human,in vivo,extracellular,bulk
NP,387,1282,1,ERR3474720,human,in vivo,extracellular,bulk
NP,488,1243,2,ERR3474720,human,in vivo,extracellular,bulk
NP,491,1267,1,ERR3474720,human,in vivo,extracellular,bulk
NP,497,645,1,ERR3474720,human,in vivo,extracellular,bulk
NP,619,1142,1,ERR3474720,human,in vivo,extracellular,bulk
NP,851,885,2,ERR3474720,human,in vivo,extracellular,bulk
NA,478,1335,1,ERR3474720,human,in vivo,extracellular,bulk
NA,596,954,1,ERR3474720,human,in vivo,extracellular,bulk
NA,970,1242,1,ERR3474720,human,in vivo,extracellular,bulk
M,107,1032,3,ERR3474720,human,in vivo,extracellular,bulk
M,107,1064,2,ERR3474720,human,in vivo,extracellular,bulk
M,1084,1111,1,ERR3474720,human,in vivo,extracellular,bulk
M,108,1034,7,ERR3474720,human,in vivo,extracellular,bulk
M,113,154,1,ERR3474720,human,in vivo,extracellular,bulk
M,116,1058,8,ERR3474720,human,in vivo,extracellular,bulk
M,132,1050,1,ERR3474720,human,in vivo,extracellular,bulk
M,149,178,1,ERR3474720,human,in vivo,extracellular,bulk
M,152,189,7,ERR3474720,human,in vivo,extracellular,bulk
M,153,1069,1,ERR3474720,human,in vivo,extracellular,bulk
M,163,1030,1,ERR3474720,human,in vivo,extracellular,bulk
M,172,1060,86,ERR3474720,human,in vivo,extracellular,bulk
M,172,1061,2,ERR3474720,human,in vivo,extracellular,bulk
M,184,1080,1,ERR3474720,human,in vivo,extracellular,bulk
M,190,1113,5,ERR3474720,human,in vivo,extracellular,bulk
M,192,1075,1,ERR3474720,human,in vivo,extracellular,bulk
M,193,1063,500,ERR3474720,human,in vivo,extracellular,bulk
M,201,1026,3,ERR3474720,human,in vivo,extracellular,bulk
M,202,452,3,ERR3474720,human,in vivo,extracellular,bulk
M,205,1033,5,ERR3474720,human,in vivo,extracellular,bulk
M,347,394,1,ERR3474720,human,in vivo,extracellular,bulk
M,374,560,3,ERR3474720,human,in vivo,extracellular,bulk
M,381,723,2,ERR3474720,human,in vivo,extracellular,bulk
M,601,654,1,ERR3474720,human,in vivo,extracellular,bulk
M,662,1016,2,ERR3474720,human,in vivo,extracellular,bulk
PB1,110,1769,8,ERR3474721,human,in vivo,extracellular,bulk
PB1,132,2106,1,ERR3474721,human,in vivo,extracellular,bulk
PB1,154,1817,4,ERR3474721,human,in vivo,extracellular,bulk
PB1,155,1146,2,ERR3474721,human,in vivo,extracellular,bulk
PB1,155,1818,1,ERR3474721,human,in vivo,extracellular,bulk
PB1,164,2182,4,ERR3474721,human,in vivo,extracellular,bulk
PB1,2139,2180,36,ERR3474721,human,in vivo,extracellular,bulk
PB1,233,2029,7,ERR3474721,human,in vivo,extracellular,bulk
PB1,235,2054,273,ERR3474721,human,in vivo,extracellular,bulk
PB1,236,2049,1,ERR3474721,human,in vivo,extracellular,bulk
PB1,240,2185,2,ERR3474721,human,in vivo,extracellular,bulk
PB1,242,2037,7,ERR3474721,human,in vivo,extracellular,bulk
PB1,242,2049,2,ERR3474721,human,in vivo,extracellular,bulk
PB1,275,1998,4,ERR3474721,human,in vivo,extracellular,bulk
PB1,275,2157,1,ERR3474721,human,in vivo,extracellular,bulk
PB1,276,2185,4,ERR3474721,human,in vivo,extracellular,bulk
PB1,287,2043,13,ERR3474721,human,in vivo,extracellular,bulk
PB1,300,2064,101,ERR3474721,human,in vivo,extracellular,bulk
PB1,304,2075,2,ERR3474721,human,in vivo,extracellular,bulk
PB1,310,1999,1,ERR3474721,human,in vivo,extracellular,bulk
PB1,311,2057,1,ERR3474721,human,in vivo,extracellular,bulk
PB1,322,2188,4,ERR3474721,human,in vivo,extracellular,bulk
PB1,344,2185,2,ERR3474721,human,in vivo,extracellular,bulk
PB1,353,1856,22,ERR3474721,human,in vivo,extracellular,bulk
PB1,353,2040,2,ERR3474721,human,in vivo,extracellular,bulk
PB1,353,2043,1,ERR3474721,human,in vivo,extracellular,bulk
PB1,353,2059,11,ERR3474721,human,in vivo,extracellular,bulk
PB1,362,1946,15,ERR3474721,human,in vivo,extracellular,bulk
PB1,363,2066,9,ERR3474721,human,in vivo,extracellular,bulk
PB1,375,1936,7,ERR3474721,human,in vivo,extracellular,bulk
PB1,377,1935,3,ERR3474721,human,in vivo,extracellular,bulk
PB1,399,1902,7,ERR3474721,human,in vivo,extracellular,bulk
PB1,403,1919,7,ERR3474721,human,in vivo,extracellular,bulk
PB1,403,2193,1,ERR3474721,human,in vivo,extracellular,bulk
PB1,407,1885,5,ERR3474721,human,in vivo,extracellular,bulk
PB1,417,1764,1,ERR3474721,human,in vivo,extracellular,bulk
PB1,426,1918,4,ERR3474721,human,in vivo,extracellular,bulk
PB1,427,1854,1,ERR3474721,human,in vivo,extracellular,bulk
PB1,427,1883,4,ERR3474721,human,in vivo,extracellular,bulk
PB1,432,1977,6,ERR3474721,human,in vivo,extracellular,bulk
PB1,448,1652,1,ERR3474721,human,in vivo,extracellular,bulk
PB1,452,1771,7,ERR3474721,human,in vivo,extracellular,bulk
PB1,454,1835,8,ERR3474721,human,in vivo,extracellular,bulk
PB1,454,1849,3,ERR3474721,human,in vivo,extracellular,bulk
PB1,461,1780,2,ERR3474721,human,in vivo,extracellular,bulk
PB1,462,1713,4,ERR3474721,human,in vivo,extracellular,bulk
PB1,504,1852,27,ERR3474721,human,in vivo,extracellular,bulk
PB1,505,1856,4,ERR3474721,human,in vivo,extracellular,bulk
PB1,509,1863,7,ERR3474721,human,in vivo,extracellular,bulk
PB1,509,2184,3,ERR3474721,human,in vivo,extracellular,bulk
PB1,521,1738,5,ERR3474721,human,in vivo,extracellular,bulk
PB1,535,1780,3,ERR3474721,human,in vivo,extracellular,bulk
PB1,535,1781,4,ERR3474721,human,in vivo,extracellular,bulk
PB1,538,1851,4,ERR3474721,human,in vivo,extracellular,bulk
PB1,539,1781,1,ERR3474721,human,in vivo,extracellular,bulk
PB1,540,1948,7,ERR3474721,human,in vivo,extracellular,bulk
PB1,542,1776,4,ERR3474721,human,in vivo,extracellular,bulk
PB1,576,1772,1,ERR3474721,human,in vivo,extracellular,bulk
PB1,581,1620,2,ERR3474721,human,in vivo,extracellular,bulk
PB1,581,1798,3,ERR3474721,human,in vivo,extracellular,bulk
PB1,599,1886,6,ERR3474721,human,in vivo,extracellular,bulk
PB1,608,1643,1,ERR3474721,human,in vivo,extracellular,bulk
PB1,609,1567,2,ERR3474721,human,in vivo,extracellular,bulk
PB1,626,1905,2,ERR3474721,human,in vivo,extracellular,bulk
PB1,644,1737,3,ERR3474721,human,in vivo,extracellular,bulk
PB1,648,1764,4,ERR3474721,human,in vivo,extracellular,bulk
PB1,649,2028,5,ERR3474721,human,in vivo,extracellular,bulk
PB1,650,1745,4,ERR3474721,human,in vivo,extracellular,bulk
PB1,692,1599,2,ERR3474721,human,in vivo,extracellular,bulk
PB1,693,1695,6,ERR3474721,human,in vivo,extracellular,bulk
PB1,694,1736,3,ERR3474721,human,in vivo,extracellular,bulk
PB1,701,1605,2,ERR3474721,human,in vivo,extracellular,bulk
PB1,708,1585,7,ERR3474721,human,in vivo,extracellular,bulk
PB1,711,1569,1,ERR3474721,human,in vivo,extracellular,bulk
PB1,714,1605,3,ERR3474721,human,in vivo,extracellular,bulk
PB1,715,1580,4,ERR3474721,human,in vivo,extracellular,bulk
PB1,715,2124,4,ERR3474721,human,in vivo,extracellular,bulk
PB1,717,1576,7,ERR3474721,human,in vivo,extracellular,bulk
PB1,718,1569,6,ERR3474721,human,in vivo,extracellular,bulk
PB1,719,1495,6,ERR3474721,human,in vivo,extracellular,bulk
PB1,719,1570,1,ERR3474721,human,in vivo,extracellular,bulk
PB1,721,1566,2,ERR3474721,human,in vivo,extracellular,bulk
PB1,721,1570,3,ERR3474721,human,in vivo,extracellular,bulk
PB1,722,1574,10,ERR3474721,human,in vivo,extracellular,bulk
PB1,726,1572,7,ERR3474721,human,in vivo,extracellular,bulk
PB1,728,1555,3,ERR3474721,human,in vivo,extracellular,bulk
PB1,731,1544,7,ERR3474721,human,in vivo,extracellular,bulk
PB1,731,1642,50,ERR3474721,human,in vivo,extracellular,bulk
PB1,737,1727,9,ERR3474721,human,in vivo,extracellular,bulk
PB1,758,1539,2,ERR3474721,human,in vivo,extracellular,bulk
PB1,762,1840,8,ERR3474721,human,in vivo,extracellular,bulk
PB1,763,1842,51,ERR3474721,human,in vivo,extracellular,bulk
PB1,763,1843,1,ERR3474721,human,in vivo,extracellular,bulk
PB1,763,1878,1,ERR3474721,human,in vivo,extracellular,bulk
PB1,767,1516,2,ERR3474721,human,in vivo,extracellular,bulk
PB1,768,1869,20,ERR3474721,human,in vivo,extracellular,bulk
PB1,769,1512,3,ERR3474721,human,in vivo,extracellular,bulk
PB1,769,1514,2,ERR3474721,human,in vivo,extracellular,bulk
PB1,769,1778,1,ERR3474721,human,in vivo,extracellular,bulk
PB1,775,1535,5,ERR3474721,human,in vivo,extracellular,bulk
PB1,776,1503,5,ERR3474721,human,in vivo,extracellular,bulk
PB1,776,1534,12,ERR3474721,human,in vivo,extracellular,bulk
PB1,776,1539,1,ERR3474721,human,in vivo,extracellular,bulk
PB1,777,1515,2,ERR3474721,human,in vivo,extracellular,bulk
PB1,794,1495,4,ERR3474721,human,in vivo,extracellular,bulk
PB1,794,1574,2,ERR3474721,human,in vivo,extracellular,bulk
PB1,795,1490,1,ERR3474721,human,in vivo,extracellular,bulk
PB1,795,1510,3,ERR3474721,human,in vivo,extracellular,bulk
PB1,795,1537,2,ERR3474721,human,in vivo,extracellular,bulk
PB1,796,1540,4,ERR3474721,human,in vivo,extracellular,bulk
PB1,796,1541,4,ERR3474721,human,in vivo,extracellular,bulk
PB1,798,1599,2,ERR3474721,human,in vivo,extracellular,bulk
PB1,799,1511,5,ERR3474721,human,in vivo,extracellular,bulk
PB1,800,1492,8,ERR3474721,human,in vivo,extracellular,bulk
PB1,800,1499,2,ERR3474721,human,in vivo,extracellular,bulk
PB1,800,1611,2,ERR3474721,human,in vivo,extracellular,bulk
PB1,801,1611,2,ERR3474721,human,in vivo,extracellular,bulk
PB1,829,1490,3,ERR3474721,human,in vivo,extracellular,bulk
PB1,834,1486,2,ERR3474721,human,in vivo,extracellular,bulk
PB1,837,1593,1,ERR3474721,human,in vivo,extracellular,bulk
PB1,839,1539,4,ERR3474721,human,in vivo,extracellular,bulk
PB1,839,1561,3,ERR3474721,human,in vivo,extracellular,bulk
PB1,839,1595,6,ERR3474721,human,in vivo,extracellular,bulk
PB1,840,1444,3,ERR3474721,human,in vivo,extracellular,bulk
PB1,840,1598,2,ERR3474721,human,in vivo,extracellular,bulk
PB1,842,1596,5,ERR3474721,human,in vivo,extracellular,bulk
PB1,848,1572,2,ERR3474721,human,in vivo,extracellular,bulk
PB1,848,1607,2,ERR3474721,human,in vivo,extracellular,bulk
PB1,848,1720,1,ERR3474721,human,in vivo,extracellular,bulk
PB1,866,1585,1,ERR3474721,human,in vivo,extracellular,bulk
PB1,866,1605,2,ERR3474721,human,in vivo,extracellular,bulk
PB1,867,1588,2,ERR3474721,human,in vivo,extracellular,bulk
PB1,868,1612,1,ERR3474721,human,in vivo,extracellular,bulk
PB1,869,1547,3,ERR3474721,human,in vivo,extracellular,bulk
PB1,873,1593,2,ERR3474721,human,in vivo,extracellular,bulk
PB1,873,1597,1,ERR3474721,human,in vivo,extracellular,bulk
PB1,874,1540,11,ERR3474721,human,in vivo,extracellular,bulk
PB1,874,1596,4,ERR3474721,human,in vivo,extracellular,bulk
PB1,905,1573,8,ERR3474721,human,in vivo,extracellular,bulk
PB1,906,1552,1,ERR3474721,human,in vivo,extracellular,bulk
PB1,929,1531,2,ERR3474721,human,in vivo,extracellular,bulk
PB1,940,1515,2,ERR3474721,human,in vivo,extracellular,bulk
PB2,1005,1463,4,ERR3474721,human,in vivo,extracellular,bulk
PB2,1010,1524,3,ERR3474721,human,in vivo,extracellular,bulk
PB2,1014,1878,1,ERR3474721,human,in vivo,extracellular,bulk
PB2,1105,1959,2,ERR3474721,human,in vivo,extracellular,bulk
PB2,1168,1398,1,ERR3474721,human,in vivo,extracellular,bulk
PB2,1172,1232,2,ERR3474721,human,in vivo,extracellular,bulk
PB2,1224,1285,1,ERR3474721,human,in vivo,extracellular,bulk
PB2,135,165,1,ERR3474721,human,in vivo,extracellular,bulk
PB2,135,169,4,ERR3474721,human,in vivo,extracellular,bulk
PB2,135,2125,3,ERR3474721,human,in vivo,extracellular,bulk
PB2,135,2144,13,ERR3474721,human,in vivo,extracellular,bulk
PB2,136,2212,4,ERR3474721,human,in vivo,extracellular,bulk
PB2,143,2148,5,ERR3474721,human,in vivo,extracellular,bulk
PB2,146,2124,1,ERR3474721,human,in vivo,extracellular,bulk
PB2,150,1393,5,ERR3474721,human,in vivo,extracellular,bulk
PB2,153,309,3,ERR3474721,human,in vivo,extracellular,bulk
PB2,160,206,3,ERR3474721,human,in vivo,extracellular,bulk
PB2,161,208,4,ERR3474721,human,in vivo,extracellular,bulk
PB2,161,2211,2,ERR3474721,human,in vivo,extracellular,bulk
PB2,162,2089,6,ERR3474721,human,in vivo,extracellular,bulk
PB2,162,2145,24,ERR3474721,human,in vivo,extracellular,bulk
PB2,162,2207,13,ERR3474721,human,in vivo,extracellular,bulk
PB2,163,2127,1,ERR3474721,human,in vivo,extracellular,bulk
PB2,163,2211,1,ERR3474721,human,in vivo,extracellular,bulk
PB2,164,2125,21,ERR3474721,human,in vivo,extracellular,bulk
PB2,164,2144,51,ERR3474721,human,in vivo,extracellular,bulk
PB2,164,2211,254,ERR3474721,human,in vivo,extracellular,bulk
PB2,164,2216,7,ERR3474721,human,in vivo,extracellular,bulk
PB2,164,2238,4,ERR3474721,human,in vivo,extracellular,bulk
PB2,164,2257,1,ERR3474721,human,in vivo,extracellular,bulk
PB2,164,2265,4,ERR3474721,human,in vivo,extracellular,bulk
PB2,1656,1905,1,ERR3474721,human,in vivo,extracellular,bulk
PB2,165,2242,4,ERR3474721,human,in vivo,extracellular,bulk
PB2,166,2143,9,ERR3474721,human,in vivo,extracellular,bulk
PB2,167,2094,2,ERR3474721,human,in vivo,extracellular,bulk
PB2,167,2106,3,ERR3474721,human,in vivo,extracellular,bulk
PB2,167,2123,2,ERR3474721,human,in vivo,extracellular,bulk
PB2,167,2236,2,ERR3474721,human,in vivo,extracellular,bulk
PB2,169,1371,1,ERR3474721,human,in vivo,extracellular,bulk
PB2,170,2147,6,ERR3474721,human,in vivo,extracellular,bulk
PB2,171,2123,2,ERR3474721,human,in vivo,extracellular,bulk
PB2,1721,2121,1,ERR3474721,human,in vivo,extracellular,bulk
PB2,172,2123,2,ERR3474721,human,in vivo,extracellular,bulk
PB2,174,2124,5,ERR3474721,human,in vivo,extracellular,bulk
PB2,174,2143,10,ERR3474721,human,in vivo,extracellular,bulk
PB2,178,2070,5,ERR3474721,human,in vivo,extracellular,bulk
PB2,1820,1854,1,ERR3474721,human,in vivo,extracellular,bulk
PB2,189,1962,2,ERR3474721,human,in vivo,extracellular,bulk
PB2,192,1470,2,ERR3474721,human,in vivo,extracellular,bulk
PB2,203,2146,15,ERR3474721,human,in vivo,extracellular,bulk
PB2,203,2208,39,ERR3474721,human,in vivo,extracellular,bulk
PB2,203,2213,1,ERR3474721,human,in vivo,extracellular,bulk
PB2,203,2230,1,ERR3474721,human,in vivo,extracellular,bulk
PB2,203,2239,3,ERR3474721,human,in vivo,extracellular,bulk
PB2,203,2262,29,ERR3474721,human,in vivo,extracellular,bulk
PB2,203,2287,2,ERR3474721,human,in vivo,extracellular,bulk
PB2,203,259,32,ERR3474721,human,in vivo,extracellular,bulk
PB2,2097,2153,2,ERR3474721,human,in vivo,extracellular,bulk
PB2,212,2122,2,ERR3474721,human,in vivo,extracellular,bulk
PB2,2159,2199,3,ERR3474721,human,in vivo,extracellular,bulk
PB2,2180,2239,1,ERR3474721,human,in vivo,extracellular,bulk
PB2,2223,2251,2,ERR3474721,human,in vivo,extracellular,bulk
PB2,232,2085,3,ERR3474721,human,in vivo,extracellular,bulk
PB2,232,2124,2,ERR3474721,human,in vivo,extracellular,bulk
PB2,243,2148,1,ERR3474721,human,in vivo,extracellular,bulk
PB2,244,2032,3,ERR3474721,human,in vivo,extracellular,bulk
PB2,244,2055,2,ERR3474721,human,in vivo,extracellular,bulk
PB2,244,2078,1,ERR3474721,human,in vivo,extracellular,bulk
PB2,244,2080,4,ERR3474721,human,in vivo,extracellular,bulk
PB2,244,2086,1,ERR3474721,human,in vivo,extracellular,bulk
PB2,244,2125,8,ERR3474721,human,in vivo,extracellular,bulk
PB2,244,2144,76,ERR3474721,human,in vivo,extracellular,bulk
PB2,244,2197,4,ERR3474721,human,in vivo,extracellular,bulk
PB2,244,2206,6,ERR3474721,human,in vivo,extracellular,bulk
PB2,247,2009,6,ERR3474721,human,in vivo,extracellular,bulk
PB2,250,2035,2,ERR3474721,human,in vivo,extracellular,bulk
PB2,254,2034,147,ERR3474721,human,in vivo,extracellular,bulk
PB2,255,2035,2,ERR3474721,human,in vivo,extracellular,bulk
PB2,260,2004,6,ERR3474721,human,in vivo,extracellular,bulk
PB2,261,2206,3,ERR3474721,human,in vivo,extracellular,bulk
PB2,270,2149,9,ERR3474721,human,in vivo,extracellular,bulk
PB2,271,2077,1,ERR3474721,human,in vivo,extracellular,bulk
PB2,272,2078,8,ERR3474721,human,in vivo,extracellular,bulk
PB2,272,2124,2,ERR3474721,human,in vivo,extracellular,bulk
PB2,274,2144,11,ERR3474721,human,in vivo,extracellular,bulk
PB2,277,2125,3,ERR3474721,human,in vivo,extracellular,bulk
PB2,277,2248,3,ERR3474721,human,in vivo,extracellular,bulk
PB2,280,2073,4,ERR3474721,human,in vivo,extracellular,bulk
PB2,282,1996,85,ERR3474721,human,in vivo,extracellular,bulk
PB2,283,2024,6,ERR3474721,human,in vivo,extracellular,bulk
PB2,283,2123,1,ERR3474721,human,in vivo,extracellular,bulk
PB2,292,2264,1,ERR3474721,human,in vivo,extracellular,bulk
PB2,298,2145,2,ERR3474721,human,in vivo,extracellular,bulk
PB2,302,2031,2,ERR3474721,human,in vivo,extracellular,bulk
PB2,307,2024,5,ERR3474721,human,in vivo,extracellular,bulk
PB2,308,2153,38,ERR3474721,human,in vivo,extracellular,bulk
PB2,308,331,5,ERR3474721,human,in vivo,extracellular,bulk
PB2,309,2061,5,ERR3474721,human,in vivo,extracellular,bulk
PB2,309,2126,1,ERR3474721,human,in vivo,extracellular,bulk
PB2,31,62,1,ERR3474721,human,in vivo,extracellular,bulk
PB2,327,2151,1,ERR3474721,human,in vivo,extracellular,bulk
PB2,329,2123,4,ERR3474721,human,in vivo,extracellular,bulk
PB2,330,2021,1,ERR3474721,human,in vivo,extracellular,bulk
PB2,330,2088,3,ERR3474721,human,in vivo,extracellular,bulk
PB2,334,1931,4,ERR3474721,human,in vivo,extracellular,bulk
PB2,334,2290,9,ERR3474721,human,in vivo,extracellular,bulk
PB2,336,2074,7,ERR3474721,human,in vivo,extracellular,bulk
PB2,338,1964,2,ERR3474721,human,in vivo,extracellular,bulk
PB2,338,2078,3,ERR3474721,human,in vivo,extracellular,bulk
PB2,339,375,8,ERR3474721,human,in vivo,extracellular,bulk
PB2,33,327,1,ERR3474721,human,in vivo,extracellular,bulk
PB2,349,1980,6,ERR3474721,human,in vivo,extracellular,bulk
PB2,349,2069,3,ERR3474721,human,in vivo,extracellular,bulk
PB2,351,1950,1,ERR3474721,human,in vivo,extracellular,bulk
PB2,351,2238,17,ERR3474721,human,in vivo,extracellular,bulk
PB2,357,1911,3,ERR3474721,human,in vivo,extracellular,bulk
PB2,358,1954,1,ERR3474721,human,in vivo,extracellular,bulk
PB2,361,1963,4,ERR3474721,human,in vivo,extracellular,bulk
PB2,377,2123,1,ERR3474721,human,in vivo,extracellular,bulk
PB2,379,1740,7,ERR3474721,human,in vivo,extracellular,bulk
PB2,380,2051,2,ERR3474721,human,in vivo,extracellular,bulk
PB2,390,1777,2,ERR3474721,human,in vivo,extracellular,bulk
PB2,390,2006,3,ERR3474721,human,in vivo,extracellular,bulk
PB2,390,2055,9,ERR3474721,human,in vivo,extracellular,bulk
PB2,391,1913,2,ERR3474721,human,in vivo,extracellular,bulk
PB2,397,1927,7,ERR3474721,human,in vivo,extracellular,bulk
PB2,397,2054,4,ERR3474721,human,in vivo,extracellular,bulk
PB2,400,1970,1,ERR3474721,human,in vivo,extracellular,bulk
PB2,401,2043,3,ERR3474721,human,in vivo,extracellular,bulk
PB2,403,1949,3,ERR3474721,human,in vivo,extracellular,bulk
PB2,405,1982,5,ERR3474721,human,in vivo,extracellular,bulk
PB2,406,1962,3,ERR3474721,human,in vivo,extracellular,bulk
PB2,410,1930,2,ERR3474721,human,in vivo,extracellular,bulk
PB2,411,1983,101,ERR3474721,human,in vivo,extracellular,bulk
PB2,417,1979,9,ERR3474721,human,in vivo,extracellular,bulk
PB2,417,2124,4,ERR3474721,human,in vivo,extracellular,bulk
PB2,418,1889,4,ERR3474721,human,in vivo,extracellular,bulk
PB2,418,2007,2,ERR3474721,human,in vivo,extracellular,bulk
PB2,418,2036,1,ERR3474721,human,in vivo,extracellular,bulk
PB2,422,2040,51,ERR3474721,human,in vivo,extracellular,bulk
PB2,425,1875,1,ERR3474721,human,in vivo,extracellular,bulk
PB2,425,1960,5,ERR3474721,human,in vivo,extracellular,bulk
PB2,427,1877,29,ERR3474721,human,in vivo,extracellular,bulk
PB2,427,1910,7,ERR3474721,human,in vivo,extracellular,bulk
PB2,427,1960,13,ERR3474721,human,in vivo,extracellular,bulk
PB2,427,1968,3,ERR3474721,human,in vivo,extracellular,bulk
PB2,428,1962,1,ERR3474721,human,in vivo,extracellular,bulk
PB2,428,1967,3,ERR3474721,human,in vivo,extracellular,bulk
PB2,428,2086,1,ERR3474721,human,in vivo,extracellular,bulk
PB2,428,2125,2,ERR3474721,human,in vivo,extracellular,bulk
PB2,429,1909,1,ERR3474721,human,in vivo,extracellular,bulk
PB2,429,1965,2,ERR3474721,human,in vivo,extracellular,bulk
PB2,429,1981,2,ERR3474721,human,in vivo,extracellular,bulk
PB2,429,2056,2,ERR3474721,human,in vivo,extracellular,bulk
PB2,429,2079,7,ERR3474721,human,in vivo,extracellular,bulk
PB2,431,1949,2,ERR3474721,human,in vivo,extracellular,bulk
PB2,433,2024,5,ERR3474721,human,in vivo,extracellular,bulk
PB2,443,1857,2,ERR3474721,human,in vivo,extracellular,bulk
PB2,445,1947,1,ERR3474721,human,in vivo,extracellular,bulk
PB2,445,1962,8,ERR3474721,human,in vivo,extracellular,bulk
PB2,446,2022,2,ERR3474721,human,in vivo,extracellular,bulk
PB2,458,520,2,ERR3474721,human,in vivo,extracellular,bulk
PB2,461,1889,2,ERR3474721,human,in vivo,extracellular,bulk
PB2,463,1970,2,ERR3474721,human,in vivo,extracellular,bulk
PB2,466,1979,1,ERR3474721,human,in vivo,extracellular,bulk
PB2,469,1949,5,ERR3474721,human,in vivo,extracellular,bulk
PB2,469,2039,5,ERR3474721,human,in vivo,extracellular,bulk
PB2,46,2210,1,ERR3474721,human,in vivo,extracellular,bulk
PB2,470,2065,3,ERR3474721,human,in vivo,extracellular,bulk
PB2,47,73,2,ERR3474721,human,in vivo,extracellular,bulk
PB2,481,1852,14,ERR3474721,human,in vivo,extracellular,bulk
PB2,481,1978,1,ERR3474721,human,in vivo,extracellular,bulk
PB2,490,2005,1,ERR3474721,human,in vivo,extracellular,bulk
PB2,497,2074,3,ERR3474721,human,in vivo,extracellular,bulk
PB2,49,72,1,ERR3474721,human,in vivo,extracellular,bulk
PB2,504,1486,3,ERR3474721,human,in vivo,extracellular,bulk
PB2,504,1861,5,ERR3474721,human,in vivo,extracellular,bulk
PB2,509,1752,2,ERR3474721,human,in vivo,extracellular,bulk
PB2,50,2206,1,ERR3474721,human,in vivo,extracellular,bulk
PB2,511,2029,4,ERR3474721,human,in vivo,extracellular,bulk
PB2,517,2050,3,ERR3474721,human,in vivo,extracellular,bulk
PB2,519,1965,4,ERR3474721,human,in vivo,extracellular,bulk
PB2,520,1927,3,ERR3474721,human,in vivo,extracellular,bulk
PB2,521,1983,2,ERR3474721,human,in vivo,extracellular,bulk
PB2,527,1908,4,ERR3474721,human,in vivo,extracellular,bulk
PB2,531,1871,4,ERR3474721,human,in vivo,extracellular,bulk
PB2,533,2051,1,ERR3474721,human,in vivo,extracellular,bulk
PB2,536,2073,4,ERR3474721,human,in vivo,extracellular,bulk
PB2,550,1888,2,ERR3474721,human,in vivo,extracellular,bulk
PB2,552,2212,1,ERR3474721,human,in vivo,extracellular,bulk
PB2,556,1888,1,ERR3474721,human,in vivo,extracellular,bulk
PB2,560,1965,7,ERR3474721,human,in vivo,extracellular,bulk
PB2,562,2007,1109,ERR3474721,human,in vivo,extracellular,bulk
PB2,564,1784,4,ERR3474721,human,in vivo,extracellular,bulk
PB2,564,2009,4,ERR3474721,human,in vivo,extracellular,bulk
PB2,570,2125,3,ERR3474721,human,in vivo,extracellular,bulk
PB2,571,1877,3,ERR3474721,human,in vivo,extracellular,bulk
PB2,572,1690,1,ERR3474721,human,in vivo,extracellular,bulk
PB2,572,1769,5,ERR3474721,human,in vivo,extracellular,bulk
PB2,572,1776,4,ERR3474721,human,in vivo,extracellular,bulk
PB2,575,1767,9,ERR3474721,human,in vivo,extracellular,bulk
PB2,576,1736,3,ERR3474721,human,in vivo,extracellular,bulk
PB2,576,1872,6,ERR3474721,human,in vivo,extracellular,bulk
PB2,579,2022,3,ERR3474721,human,in vivo,extracellular,bulk
PB2,583,1775,2,ERR3474721,human,in vivo,extracellular,bulk
PB2,584,1918,2,ERR3474721,human,in vivo,extracellular,bulk
PB2,585,1862,3,ERR3474721,human,in vivo,extracellular,bulk
PB2,586,1767,3,ERR3474721,human,in vivo,extracellular,bulk
PB2,586,1860,6,ERR3474721,human,in vivo,extracellular,bulk
PB2,587,1771,4,ERR3474721,human,in vivo,extracellular,bulk
PB2,587,1787,3,ERR3474721,human,in vivo,extracellular,bulk
PB2,588,1977,3,ERR3474721,human,in vivo,extracellular,bulk
PB2,589,1731,2,ERR3474721,human,in vivo,extracellular,bulk
PB2,589,2080,1,ERR3474721,human,in vivo,extracellular,bulk
PB2,589,612,7,ERR3474721,human,in vivo,extracellular,bulk
PB2,598,1860,1,ERR3474721,human,in vivo,extracellular,bulk
PB2,598,1875,4,ERR3474721,human,in vivo,extracellular,bulk
PB2,600,1685,4,ERR3474721,human,in vivo,extracellular,bulk
PB2,600,1747,3,ERR3474721,human,in vivo,extracellular,bulk
PB2,601,1862,2,ERR3474721,human,in vivo,extracellular,bulk
PB2,603,1709,1,ERR3474721,human,in vivo,extracellular,bulk
PB2,603,2199,2,ERR3474721,human,in vivo,extracellular,bulk
PB2,607,1857,1,ERR3474721,human,in vivo,extracellular,bulk
PB2,608,1753,1,ERR3474721,human,in vivo,extracellular,bulk
PB2,610,2070,2,ERR3474721,human,in vivo,extracellular,bulk
PB2,611,1857,2,ERR3474721,human,in vivo,extracellular,bulk
PB2,612,1693,1,ERR3474721,human,in vivo,extracellular,bulk
PB2,612,1911,3,ERR3474721,human,in vivo,extracellular,bulk
PB2,615,1928,4,ERR3474721,human,in vivo,extracellular,bulk
PB2,616,1929,1,ERR3474721,human,in vivo,extracellular,bulk
PB2,617,1747,2,ERR3474721,human,in vivo,extracellular,bulk
PB2,617,1758,1,ERR3474721,human,in vivo,extracellular,bulk
PB2,618,1707,6,ERR3474721,human,in vivo,extracellular,bulk
PB2,619,1732,1,ERR3474721,human,in vivo,extracellular,bulk
PB2,620,1748,3,ERR3474721,human,in vivo,extracellular,bulk
PB2,621,1760,2,ERR3474721,human,in vivo,extracellular,bulk
PB2,622,1685,3,ERR3474721,human,in vivo,extracellular,bulk
PB2,622,1688,4,ERR3474721,human,in vivo,extracellular,bulk
PB2,622,1695,5,ERR3474721,human,in vivo,extracellular,bulk
PB2,622,1752,6,ERR3474721,human,in vivo,extracellular,bulk
PB2,624,1734,8,ERR3474721,human,in vivo,extracellular,bulk
PB2,634,1741,5,ERR3474721,human,in vivo,extracellular,bulk
PB2,635,1633,3,ERR3474721,human,in vivo,extracellular,bulk
PB2,635,1786,9,ERR3474721,human,in vivo,extracellular,bulk
PB2,635,1908,1,ERR3474721,human,in vivo,extracellular,bulk
PB2,639,1740,2,ERR3474721,human,in vivo,extracellular,bulk
PB2,642,1710,1,ERR3474721,human,in vivo,extracellular,bulk
PB2,642,1791,1,ERR3474721,human,in vivo,extracellular,bulk
PB2,647,1541,7,ERR3474721,human,in vivo,extracellular,bulk
PB2,697,1688,2,ERR3474721,human,in vivo,extracellular,bulk
PB2,699,2123,4,ERR3474721,human,in vivo,extracellular,bulk
PB2,701,1629,3,ERR3474721,human,in vivo,extracellular,bulk
PB2,707,1871,2,ERR3474721,human,in vivo,extracellular,bulk
PB2,720,1544,3,ERR3474721,human,in vivo,extracellular,bulk
PB2,721,1649,3,ERR3474721,human,in vivo,extracellular,bulk
PB2,730,1698,2,ERR3474721,human,in vivo,extracellular,bulk
PB2,731,1678,2,ERR3474721,human,in vivo,extracellular,bulk
PB2,731,1869,2,ERR3474721,human,in vivo,extracellular,bulk
PB2,733,1681,1,ERR3474721,human,in vivo,extracellular,bulk
PB2,734,1654,1,ERR3474721,human,in vivo,extracellular,bulk
PB2,734,1707,2,ERR3474721,human,in vivo,extracellular,bulk
PB2,740,1576,5,ERR3474721,human,in vivo,extracellular,bulk
PB2,742,1590,4,ERR3474721,human,in vivo,extracellular,bulk
PB2,744,1709,5,ERR3474721,human,in vivo,extracellular,bulk
PB2,747,1655,1,ERR3474721,human,in vivo,extracellular,bulk
PB2,761,1647,1,ERR3474721,human,in vivo,extracellular,bulk
PB2,768,1607,1,ERR3474721,human,in vivo,extracellular,bulk
PB2,768,1679,5,ERR3474721,human,in vivo,extracellular,bulk
PB2,770,1679,2,ERR3474721,human,in vivo,extracellular,bulk
PB2,772,1664,6,ERR3474721,human,in vivo,extracellular,bulk
PB2,782,1662,3,ERR3474721,human,in vivo,extracellular,bulk
PB2,786,1665,1,ERR3474721,human,in vivo,extracellular,bulk
PB2,791,1634,2,ERR3474721,human,in vivo,extracellular,bulk
PB2,792,1521,1,ERR3474721,human,in vivo,extracellular,bulk
PB2,793,1520,1,ERR3474721,human,in vivo,extracellular,bulk
PB2,841,2030,2,ERR3474721,human,in vivo,extracellular,bulk
PB2,842,1573,4,ERR3474721,human,in vivo,extracellular,bulk
PB2,859,1634,4,ERR3474721,human,in vivo,extracellular,bulk
PB2,916,1531,1,ERR3474721,human,in vivo,extracellular,bulk
PB2,918,1486,3,ERR3474721,human,in vivo,extracellular,bulk
PB2,918,1497,2,ERR3474721,human,in vivo,extracellular,bulk
PB2,95,166,3,ERR3474721,human,in vivo,extracellular,bulk
PB2,995,2301,1,ERR3474721,human,in vivo,extracellular,bulk
PA,109,1861,4,ERR3474721,human,in vivo,extracellular,bulk
PA,118,1406,2,ERR3474721,human,in vivo,extracellular,bulk
PA,1379,1401,13,ERR3474721,human,in vivo,extracellular,bulk
PA,165,2091,2,ERR3474721,human,in vivo,extracellular,bulk
PA,166,2045,2,ERR3474721,human,in vivo,extracellular,bulk
PA,167,2172,7,ERR3474721,human,in vivo,extracellular,bulk
PA,169,1950,2,ERR3474721,human,in vivo,extracellular,bulk
PA,175,2046,5,ERR3474721,human,in vivo,extracellular,bulk
PA,181,2120,4,ERR3474721,human,in vivo,extracellular,bulk
PA,182,2054,4,ERR3474721,human,in vivo,extracellular,bulk
PA,1882,1904,3,ERR3474721,human,in vivo,extracellular,bulk
PA,188,1904,3,ERR3474721,human,in vivo,extracellular,bulk
PA,191,2104,4,ERR3474721,human,in vivo,extracellular,bulk
PA,191,2117,1,ERR3474721,human,in vivo,extracellular,bulk
PA,192,2046,68,ERR3474721,human,in vivo,extracellular,bulk
PA,192,2135,1,ERR3474721,human,in vivo,extracellular,bulk
PA,193,2045,7,ERR3474721,human,in vivo,extracellular,bulk
PA,198,2142,1,ERR3474721,human,in vivo,extracellular,bulk
PA,2019,2042,2,ERR3474721,human,in vivo,extracellular,bulk
PA,2056,2117,6,ERR3474721,human,in vivo,extracellular,bulk
PA,2065,2088,7,ERR3474721,human,in vivo,extracellular,bulk
PA,211,1828,1,ERR3474721,human,in vivo,extracellular,bulk
PA,211,1945,14,ERR3474721,human,in vivo,extracellular,bulk
PA,211,2043,9,ERR3474721,human,in vivo,extracellular,bulk
PA,211,2088,3,ERR3474721,human,in vivo,extracellular,bulk
PA,211,2121,8,ERR3474721,human,in vivo,extracellular,bulk
PA,213,1861,1,ERR3474721,human,in vivo,extracellular,bulk
PA,213,1945,6,ERR3474721,human,in vivo,extracellular,bulk
PA,214,2064,3,ERR3474721,human,in vivo,extracellular,bulk
PA,216,2124,1,ERR3474721,human,in vivo,extracellular,bulk
PA,223,2069,9,ERR3474721,human,in vivo,extracellular,bulk
PA,225,2092,1,ERR3474721,human,in vivo,extracellular,bulk
PA,226,270,5,ERR3474721,human,in vivo,extracellular,bulk
PA,229,2041,9,ERR3474721,human,in vivo,extracellular,bulk
PA,259,2005,2,ERR3474721,human,in vivo,extracellular,bulk
PA,260,1766,2,ERR3474721,human,in vivo,extracellular,bulk
PA,265,2055,4,ERR3474721,human,in vivo,extracellular,bulk
PA,278,1999,3,ERR3474721,human,in vivo,extracellular,bulk
PA,294,2062,4,ERR3474721,human,in vivo,extracellular,bulk
PA,29,61,1,ERR3474721,human,in vivo,extracellular,bulk
PA,29,88,1,ERR3474721,human,in vivo,extracellular,bulk
PA,301,1934,2,ERR3474721,human,in vivo,extracellular,bulk
PA,301,2124,25,ERR3474721,human,in vivo,extracellular,bulk
PA,305,2000,2,ERR3474721,human,in vivo,extracellular,bulk
PA,306,2043,1,ERR3474721,human,in vivo,extracellular,bulk
PA,308,2005,24,ERR3474721,human,in vivo,extracellular,bulk
PA,314,2034,2,ERR3474721,human,in vivo,extracellular,bulk
PA,315,2068,12,ERR3474721,human,in vivo,extracellular,bulk
PA,321,1903,5,ERR3474721,human,in vivo,extracellular,bulk
PA,321,1995,8,ERR3474721,human,in vivo,extracellular,bulk
PA,323,1901,1,ERR3474721,human,in vivo,extracellular,bulk
PA,328,2114,2,ERR3474721,human,in vivo,extracellular,bulk
PA,329,2023,10,ERR3474721,human,in vivo,extracellular,bulk
PA,339,1830,10,ERR3474721,human,in vivo,extracellular,bulk
PA,358,1856,5,ERR3474721,human,in vivo,extracellular,bulk
PA,358,1928,3,ERR3474721,human,in vivo,extracellular,bulk
PA,365,1867,6,ERR3474721,human,in vivo,extracellular,bulk
PA,366,2025,2,ERR3474721,human,in vivo,extracellular,bulk
PA,367,1861,4,ERR3474721,human,in vivo,extracellular,bulk
PA,368,1948,8,ERR3474721,human,in vivo,extracellular,bulk
PA,397,1491,2,ERR3474721,human,in vivo,extracellular,bulk
PA,399,1898,1,ERR3474721,human,in vivo,extracellular,bulk
PA,399,1946,1,ERR3474721,human,in vivo,extracellular,bulk
PA,409,2062,6,ERR3474721,human,in vivo,extracellular,bulk
PA,415,2010,7,ERR3474721,human,in vivo,extracellular,bulk
PA,421,1857,3,ERR3474721,human,in vivo,extracellular,bulk
PA,421,1905,11,ERR3474721,human,in vivo,extracellular,bulk
PA,422,1829,4,ERR3474721,human,in vivo,extracellular,bulk
PA,425,1831,3,ERR3474721,human,in vivo,extracellular,bulk
PA,426,1884,4,ERR3474721,human,in vivo,extracellular,bulk
PA,427,1856,8,ERR3474721,human,in vivo,extracellular,bulk
PA,42,77,1,ERR3474721,human,in vivo,extracellular,bulk
PA,430,1746,11,ERR3474721,human,in vivo,extracellular,bulk
PA,431,1859,7,ERR3474721,human,in vivo,extracellular,bulk
PA,431,1899,6,ERR3474721,human,in vivo,extracellular,bulk
PA,439,1954,6,ERR3474721,human,in vivo,extracellular,bulk
PA,449,1828,2,ERR3474721,human,in vivo,extracellular,bulk
PA,451,1857,1,ERR3474721,human,in vivo,extracellular,bulk
PA,455,1863,6,ERR3474721,human,in vivo,extracellular,bulk
PA,459,1839,1,ERR3474721,human,in vivo,extracellular,bulk
PA,45,2088,2,ERR3474721,human,in vivo,extracellular,bulk
PA,461,1746,2,ERR3474721,human,in vivo,extracellular,bulk
PA,463,1849,20,ERR3474721,human,in vivo,extracellular,bulk
PA,463,1856,2,ERR3474721,human,in vivo,extracellular,bulk
PA,463,1858,18,ERR3474721,human,in vivo,extracellular,bulk
PA,475,2007,5,ERR3474721,human,in vivo,extracellular,bulk
PA,476,1713,1,ERR3474721,human,in vivo,extracellular,bulk
PA,477,1763,1,ERR3474721,human,in vivo,extracellular,bulk
PA,477,1791,4,ERR3474721,human,in vivo,extracellular,bulk
PA,478,1832,4,ERR3474721,human,in vivo,extracellular,bulk
PA,482,519,2,ERR3474721,human,in vivo,extracellular,bulk
PA,487,1503,3,ERR3474721,human,in vivo,extracellular,bulk
PA,488,1829,2,ERR3474721,human,in vivo,extracellular,bulk
PA,489,1837,5,ERR3474721,human,in vivo,extracellular,bulk
PA,495,1772,2,ERR3474721,human,in vivo,extracellular,bulk
PA,496,1773,289,ERR3474721,human,in vivo,extracellular,bulk
PA,497,1823,5,ERR3474721,human,in vivo,extracellular,bulk
PA,497,1825,4,ERR3474721,human,in vivo,extracellular,bulk
PA,497,1828,6,ERR3474721,human,in vivo,extracellular,bulk
PA,498,1775,2,ERR3474721,human,in vivo,extracellular,bulk
PA,499,1676,4,ERR3474721,human,in vivo,extracellular,bulk
PA,501,1691,5,ERR3474721,human,in vivo,extracellular,bulk
PA,504,1687,6,ERR3474721,human,in vivo,extracellular,bulk
PA,507,1783,2,ERR3474721,human,in vivo,extracellular,bulk
PA,508,1774,1,ERR3474721,human,in vivo,extracellular,bulk
PA,512,1814,1,ERR3474721,human,in vivo,extracellular,bulk
PA,514,1811,21,ERR3474721,human,in vivo,extracellular,bulk
PA,514,1824,6,ERR3474721,human,in vivo,extracellular,bulk
PA,514,1869,4,ERR3474721,human,in vivo,extracellular,bulk
PA,515,1860,7,ERR3474721,human,in vivo,extracellular,bulk
PA,517,1828,6,ERR3474721,human,in vivo,extracellular,bulk
PA,518,1471,1,ERR3474721,human,in vivo,extracellular,bulk
PA,518,1719,10,ERR3474721,human,in vivo,extracellular,bulk
PA,518,1811,2,ERR3474721,human,in vivo,extracellular,bulk
PA,520,1720,1,ERR3474721,human,in vivo,extracellular,bulk
PA,520,1732,14,ERR3474721,human,in vivo,extracellular,bulk
PA,522,1781,9,ERR3474721,human,in vivo,extracellular,bulk
PA,527,1711,2,ERR3474721,human,in vivo,extracellular,bulk
PA,528,1812,1,ERR3474721,human,in vivo,extracellular,bulk
PA,531,1773,4,ERR3474721,human,in vivo,extracellular,bulk
PA,535,1756,6,ERR3474721,human,in vivo,extracellular,bulk
PA,536,1796,2,ERR3474721,human,in vivo,extracellular,bulk
PA,538,1707,1,ERR3474721,human,in vivo,extracellular,bulk
PA,538,1944,3,ERR3474721,human,in vivo,extracellular,bulk
PA,542,1828,7,ERR3474721,human,in vivo,extracellular,bulk
PA,542,1850,5,ERR3474721,human,in vivo,extracellular,bulk
PA,542,1854,4,ERR3474721,human,in vivo,extracellular,bulk
PA,542,1861,3,ERR3474721,human,in vivo,extracellular,bulk
PA,547,1782,1,ERR3474721,human,in vivo,extracellular,bulk
PA,556,1637,1,ERR3474721,human,in vivo,extracellular,bulk
PA,556,1772,6,ERR3474721,human,in vivo,extracellular,bulk
PA,557,1634,2,ERR3474721,human,in vivo,extracellular,bulk
PA,562,1638,6,ERR3474721,human,in vivo,extracellular,bulk
PA,562,1683,6,ERR3474721,human,in vivo,extracellular,bulk
PA,578,1848,1,ERR3474721,human,in vivo,extracellular,bulk
PA,601,1676,5,ERR3474721,human,in vivo,extracellular,bulk
PA,601,1791,2,ERR3474721,human,in vivo,extracellular,bulk
PA,602,1679,5,ERR3474721,human,in vivo,extracellular,bulk
PA,602,1905,1,ERR3474721,human,in vivo,extracellular,bulk
PA,603,1705,4,ERR3474721,human,in vivo,extracellular,bulk
PA,614,1674,3,ERR3474721,human,in vivo,extracellular,bulk
PA,624,2164,1,ERR3474721,human,in vivo,extracellular,bulk
PA,62,1491,8,ERR3474721,human,in vivo,extracellular,bulk
PA,635,1735,5,ERR3474721,human,in vivo,extracellular,bulk
PA,636,1714,3,ERR3474721,human,in vivo,extracellular,bulk
PA,638,1681,2,ERR3474721,human,in vivo,extracellular,bulk
PA,646,1714,1,ERR3474721,human,in vivo,extracellular,bulk
PA,652,1686,1,ERR3474721,human,in vivo,extracellular,bulk
PA,653,1639,3,ERR3474721,human,in vivo,extracellular,bulk
PA,653,1679,1,ERR3474721,human,in vivo,extracellular,bulk
PA,653,1720,3,ERR3474721,human,in vivo,extracellular,bulk
PA,654,1638,2,ERR3474721,human,in vivo,extracellular,bulk
PA,656,2025,2,ERR3474721,human,in vivo,extracellular,bulk
PA,659,2104,5,ERR3474721,human,in vivo,extracellular,bulk
PA,662,1565,1,ERR3474721,human,in vivo,extracellular,bulk
PA,693,1431,4,ERR3474721,human,in vivo,extracellular,bulk
PA,698,1623,1,ERR3474721,human,in vivo,extracellular,bulk
PA,698,1678,2,ERR3474721,human,in vivo,extracellular,bulk
PA,698,1717,2,ERR3474721,human,in vivo,extracellular,bulk
PA,703,1677,1,ERR3474721,human,in vivo,extracellular,bulk
PA,706,1571,6,ERR3474721,human,in vivo,extracellular,bulk
PA,715,1473,2,ERR3474721,human,in vivo,extracellular,bulk
PA,716,1692,3,ERR3474721,human,in vivo,extracellular,bulk
PA,719,1572,2,ERR3474721,human,in vivo,extracellular,bulk
PA,71,1946,11,ERR3474721,human,in vivo,extracellular,bulk
PA,730,1467,1,ERR3474721,human,in vivo,extracellular,bulk
PA,766,1510,5,ERR3474721,human,in vivo,extracellular,bulk
PA,766,1519,2,ERR3474721,human,in vivo,extracellular,bulk
PA,775,1394,7,ERR3474721,human,in vivo,extracellular,bulk
PA,776,1488,6,ERR3474721,human,in vivo,extracellular,bulk
PA,779,1500,1,ERR3474721,human,in vivo,extracellular,bulk
PA,779,1898,3,ERR3474721,human,in vivo,extracellular,bulk
PA,793,1483,4,ERR3474721,human,in vivo,extracellular,bulk
PA,804,1487,3,ERR3474721,human,in vivo,extracellular,bulk
PA,825,1862,1,ERR3474721,human,in vivo,extracellular,bulk
PA,826,1398,2,ERR3474721,human,in vivo,extracellular,bulk
PA,838,1780,5,ERR3474721,human,in vivo,extracellular,bulk
PA,847,1493,3,ERR3474721,human,in vivo,extracellular,bulk
PA,856,1521,1,ERR3474721,human,in vivo,extracellular,bulk
PA,85,1868,2,ERR3474721,human,in vivo,extracellular,bulk
PA,87,174,4,ERR3474721,human,in vivo,extracellular,bulk
HA,1212,1580,2,ERR3474721,human,in vivo,extracellular,bulk
HA,143,1684,2,ERR3474721,human,in vivo,extracellular,bulk
HA,211,1565,1,ERR3474721,human,in vivo,extracellular,bulk
HA,215,1578,1,ERR3474721,human,in vivo,extracellular,bulk
HA,236,1561,2,ERR3474721,human,in vivo,extracellular,bulk
HA,278,1560,1,ERR3474721,human,in vivo,extracellular,bulk
HA,278,1641,1,ERR3474721,human,in vivo,extracellular,bulk
HA,279,1589,2,ERR3474721,human,in vivo,extracellular,bulk
HA,280,1560,6,ERR3474721,human,in vivo,extracellular,bulk
HA,367,1480,3,ERR3474721,human,in vivo,extracellular,bulk
HA,511,1288,1,ERR3474721,human,in vivo,extracellular,bulk
HA,71,105,1,ERR3474721,human,in vivo,extracellular,bulk
HA,946,977,1,ERR3474721,human,in vivo,extracellular,bulk
NP,131,1407,5,ERR3474721,human,in vivo,extracellular,bulk
NP,150,1402,2,ERR3474721,human,in vivo,extracellular,bulk
NP,252,1536,3,ERR3474721,human,in vivo,extracellular,bulk
NP,537,1177,3,ERR3474721,human,in vivo,extracellular,bulk
NP,565,1270,3,ERR3474721,human,in vivo,extracellular,bulk
NP,714,1258,6,ERR3474721,human,in vivo,extracellular,bulk
NP,894,1246,1,ERR3474721,human,in vivo,extracellular,bulk
NP,968,1277,5,ERR3474721,human,in vivo,extracellular,bulk
NA,1294,1327,1,ERR3474721,human,in vivo,extracellular,bulk
NA,344,1087,3,ERR3474721,human,in vivo,extracellular,bulk
NA,403,1087,1,ERR3474721,human,in vivo,extracellular,bulk
NA,469,1234,1,ERR3474721,human,in vivo,extracellular,bulk
NA,488,1459,6,ERR3474721,human,in vivo,extracellular,bulk
NA,722,820,1,ERR3474721,human,in vivo,extracellular,bulk
NA,739,926,1,ERR3474721,human,in vivo,extracellular,bulk
M,101,913,2,ERR3474721,human,in vivo,extracellular,bulk
M,113,1018,1,ERR3474721,human,in vivo,extracellular,bulk
M,129,1060,2,ERR3474721,human,in vivo,extracellular,bulk
M,135,1058,2,ERR3474721,human,in vivo,extracellular,bulk
M,140,1032,2,ERR3474721,human,in vivo,extracellular,bulk
M,192,1009,3,ERR3474721,human,in vivo,extracellular,bulk
M,224,1066,1,ERR3474721,human,in vivo,extracellular,bulk
M,251,1045,2,ERR3474721,human,in vivo,extracellular,bulk
M,674,901,2,ERR3474721,human,in vivo,extracellular,bulk
M,719,1010,1,ERR3474721,human,in vivo,extracellular,bulk
PB1,144,2041,112,ERR3474722,human,in vivo,extracellular,bulk
PB1,145,2042,1,ERR3474722,human,in vivo,extracellular,bulk
PB1,174,2105,70,ERR3474722,human,in vivo,extracellular,bulk
PB1,176,2056,1,ERR3474722,human,in vivo,extracellular,bulk
PB1,186,2051,1,ERR3474722,human,in vivo,extracellular,bulk
PB1,186,2056,2,ERR3474722,human,in vivo,extracellular,bulk
PB1,186,2058,13,ERR3474722,human,in vivo,extracellular,bulk
PB1,186,2064,16,ERR3474722,human,in vivo,extracellular,bulk
PB1,188,2066,8421,ERR3474722,human,in vivo,extracellular,bulk
PB1,203,2164,1,ERR3474722,human,in vivo,extracellular,bulk
PB1,236,2118,128,ERR3474722,human,in vivo,extracellular,bulk
PB1,254,704,1,ERR3474722,human,in vivo,extracellular,bulk
PB1,257,2014,2,ERR3474722,human,in vivo,extracellular,bulk
PB1,257,2063,22,ERR3474722,human,in vivo,extracellular,bulk
PB1,258,2015,7,ERR3474722,human,in vivo,extracellular,bulk
PB1,258,2064,34,ERR3474722,human,in vivo,extracellular,bulk
PB1,269,1993,66,ERR3474722,human,in vivo,extracellular,bulk
PB1,276,2020,54,ERR3474722,human,in vivo,extracellular,bulk
PB1,284,2185,2,ERR3474722,human,in vivo,extracellular,bulk
PB1,285,2186,1132,ERR3474722,human,in vivo,extracellular,bulk
PB1,287,2043,1,ERR3474722,human,in vivo,extracellular,bulk
PB1,288,2094,51,ERR3474722,human,in vivo,extracellular,bulk
PB1,297,2065,379,ERR3474722,human,in vivo,extracellular,bulk
PB1,300,1906,68,ERR3474722,human,in vivo,extracellular,bulk
PB1,310,1994,213,ERR3474722,human,in vivo,extracellular,bulk
PB1,310,2195,3,ERR3474722,human,in vivo,extracellular,bulk
PB1,311,2002,1,ERR3474722,human,in vivo,extracellular,bulk
PB1,312,2212,3,ERR3474722,human,in vivo,extracellular,bulk
PB1,321,2054,151,ERR3474722,human,in vivo,extracellular,bulk
PB1,324,2015,3,ERR3474722,human,in vivo,extracellular,bulk
PB1,326,1841,46,ERR3474722,human,in vivo,extracellular,bulk
PB1,327,1977,4,ERR3474722,human,in vivo,extracellular,bulk
PB1,327,2058,49,ERR3474722,human,in vivo,extracellular,bulk
PB1,328,1988,3,ERR3474722,human,in vivo,extracellular,bulk
PB1,328,1998,1,ERR3474722,human,in vivo,extracellular,bulk
PB1,330,2026,1,ERR3474722,human,in vivo,extracellular,bulk
PB1,331,2027,366,ERR3474722,human,in vivo,extracellular,bulk
PB1,332,2028,2,ERR3474722,human,in vivo,extracellular,bulk
PB1,335,1990,1,ERR3474722,human,in vivo,extracellular,bulk
PB1,335,2014,2,ERR3474722,human,in vivo,extracellular,bulk
PB1,338,1990,7,ERR3474722,human,in vivo,extracellular,bulk
PB1,338,2014,4,ERR3474722,human,in vivo,extracellular,bulk
PB1,339,1990,12,ERR3474722,human,in vivo,extracellular,bulk
PB1,340,2002,1,ERR3474722,human,in vivo,extracellular,bulk
PB1,340,2015,2,ERR3474722,human,in vivo,extracellular,bulk
PB1,348,1999,47,ERR3474722,human,in vivo,extracellular,bulk
PB1,350,1995,68,ERR3474722,human,in vivo,extracellular,bulk
PB1,350,2014,2,ERR3474722,human,in vivo,extracellular,bulk
PB1,357,2019,2,ERR3474722,human,in vivo,extracellular,bulk
PB1,360,1990,153,ERR3474722,human,in vivo,extracellular,bulk
PB1,386,1912,18,ERR3474722,human,in vivo,extracellular,bulk
PB1,387,1937,84,ERR3474722,human,in vivo,extracellular,bulk
PB1,391,2014,1,ERR3474722,human,in vivo,extracellular,bulk
PB1,394,1917,139,ERR3474722,human,in vivo,extracellular,bulk
PB1,397,2005,15,ERR3474722,human,in vivo,extracellular,bulk
PB1,403,2035,1,ERR3474722,human,in vivo,extracellular,bulk
PB1,405,1936,3,ERR3474722,human,in vivo,extracellular,bulk
PB1,407,1938,480,ERR3474722,human,in vivo,extracellular,bulk
PB1,495,2080,1,ERR3474722,human,in vivo,extracellular,bulk
PB1,499,1828,1,ERR3474722,human,in vivo,extracellular,bulk
PB1,500,1979,53,ERR3474722,human,in vivo,extracellular,bulk
PB1,537,1760,2,ERR3474722,human,in vivo,extracellular,bulk
PB1,538,1761,293,ERR3474722,human,in vivo,extracellular,bulk
PB1,576,1759,1,ERR3474722,human,in vivo,extracellular,bulk
PB1,576,1782,1,ERR3474722,human,in vivo,extracellular,bulk
PB1,577,1998,2,ERR3474722,human,in vivo,extracellular,bulk
PB1,579,1766,7,ERR3474722,human,in vivo,extracellular,bulk
PB1,579,2000,17,ERR3474722,human,in vivo,extracellular,bulk
PB1,580,1904,164,ERR3474722,human,in vivo,extracellular,bulk
PB1,580,2002,1,ERR3474722,human,in vivo,extracellular,bulk
PB1,580,672,1,ERR3474722,human,in vivo,extracellular,bulk
PB1,581,1983,1,ERR3474722,human,in vivo,extracellular,bulk
PB1,581,2002,5473,ERR3474722,human,in vivo,extracellular,bulk
PB1,582,2003,6,ERR3474722,human,in vivo,extracellular,bulk
PB1,583,1771,1,ERR3474722,human,in vivo,extracellular,bulk
PB1,585,1772,4588,ERR3474722,human,in vivo,extracellular,bulk
PB1,588,1775,3,ERR3474722,human,in vivo,extracellular,bulk
PB1,589,1764,117,ERR3474722,human,in vivo,extracellular,bulk
PB1,639,1604,52,ERR3474722,human,in vivo,extracellular,bulk
PB1,697,1594,21,ERR3474722,human,in vivo,extracellular,bulk
PB1,759,1519,61,ERR3474722,human,in vivo,extracellular,bulk
PB1,759,1769,39,ERR3474722,human,in vivo,extracellular,bulk
PB1,770,1710,52,ERR3474722,human,in vivo,extracellular,bulk
PB1,771,1711,1,ERR3474722,human,in vivo,extracellular,bulk
PB1,77,1577,93,ERR3474722,human,in vivo,extracellular,bulk
PB1,799,1538,110,ERR3474722,human,in vivo,extracellular,bulk
PB1,799,1594,46,ERR3474722,human,in vivo,extracellular,bulk
PB1,799,2048,26,ERR3474722,human,in vivo,extracellular,bulk
PB1,800,1617,21,ERR3474722,human,in vivo,extracellular,bulk
PB1,866,2108,30,ERR3474722,human,in vivo,extracellular,bulk
PB1,894,1556,98,ERR3474722,human,in vivo,extracellular,bulk
PB2,1195,2051,10,ERR3474722,human,in vivo,extracellular,bulk
PB2,134,175,2,ERR3474722,human,in vivo,extracellular,bulk
PB2,1521,1543,17,ERR3474722,human,in vivo,extracellular,bulk
PB2,1665,1882,28,ERR3474722,human,in vivo,extracellular,bulk
PB2,1671,1865,2,ERR3474722,human,in vivo,extracellular,bulk
PB2,1675,2088,1,ERR3474722,human,in vivo,extracellular,bulk
PB2,187,2090,2,ERR3474722,human,in vivo,extracellular,bulk
PB2,190,263,943,ERR3474722,human,in vivo,extracellular,bulk
PB2,191,264,1,ERR3474722,human,in vivo,extracellular,bulk
PB2,1943,2024,1,ERR3474722,human,in vivo,extracellular,bulk
PB2,194,2215,113,ERR3474722,human,in vivo,extracellular,bulk
PB2,1957,2004,2,ERR3474722,human,in vivo,extracellular,bulk
PB2,196,272,2,ERR3474722,human,in vivo,extracellular,bulk
PB2,197,236,1,ERR3474722,human,in vivo,extracellular,bulk
PB2,2012,2142,1,ERR3474722,human,in vivo,extracellular,bulk
PB2,202,2207,23,ERR3474722,human,in vivo,extracellular,bulk
PB2,203,2123,1,ERR3474722,human,in vivo,extracellular,bulk
PB2,203,2208,1813,ERR3474722,human,in vivo,extracellular,bulk
PB2,203,2209,3,ERR3474722,human,in vivo,extracellular,bulk
PB2,205,2210,3,ERR3474722,human,in vivo,extracellular,bulk
PB2,212,251,1,ERR3474722,human,in vivo,extracellular,bulk
PB2,214,241,1,ERR3474722,human,in vivo,extracellular,bulk
PB2,214,251,5,ERR3474722,human,in vivo,extracellular,bulk
PB2,230,2086,5,ERR3474722,human,in vivo,extracellular,bulk
PB2,231,2022,1,ERR3474722,human,in vivo,extracellular,bulk
PB2,233,2212,4,ERR3474722,human,in vivo,extracellular,bulk
PB2,234,2146,1,ERR3474722,human,in vivo,extracellular,bulk
PB2,234,2212,8,ERR3474722,human,in vivo,extracellular,bulk
PB2,235,2214,1,ERR3474722,human,in vivo,extracellular,bulk
PB2,238,2214,2,ERR3474722,human,in vivo,extracellular,bulk
PB2,241,2052,10,ERR3474722,human,in vivo,extracellular,bulk
PB2,242,2141,2,ERR3474722,human,in vivo,extracellular,bulk
PB2,242,2204,2,ERR3474722,human,in vivo,extracellular,bulk
PB2,243,2142,831,ERR3474722,human,in vivo,extracellular,bulk
PB2,243,2148,209,ERR3474722,human,in vivo,extracellular,bulk
PB2,244,2032,340,ERR3474722,human,in vivo,extracellular,bulk
PB2,244,2055,4164,ERR3474722,human,in vivo,extracellular,bulk
PB2,244,2056,8,ERR3474722,human,in vivo,extracellular,bulk
PB2,244,2143,3,ERR3474722,human,in vivo,extracellular,bulk
PB2,244,2144,58,ERR3474722,human,in vivo,extracellular,bulk
PB2,244,2171,6,ERR3474722,human,in vivo,extracellular,bulk
PB2,244,2206,1315,ERR3474722,human,in vivo,extracellular,bulk
PB2,244,2242,142,ERR3474722,human,in vivo,extracellular,bulk
PB2,244,2243,1,ERR3474722,human,in vivo,extracellular,bulk
PB2,245,2207,8,ERR3474722,human,in vivo,extracellular,bulk
PB2,245,2212,659,ERR3474722,human,in vivo,extracellular,bulk
PB2,246,2034,1,ERR3474722,human,in vivo,extracellular,bulk
PB2,246,333,4,ERR3474722,human,in vivo,extracellular,bulk
PB2,249,2247,1,ERR3474722,human,in vivo,extracellular,bulk
PB2,252,2063,39,ERR3474722,human,in vivo,extracellular,bulk
PB2,254,2065,3,ERR3474722,human,in vivo,extracellular,bulk
PB2,255,2212,2,ERR3474722,human,in vivo,extracellular,bulk
PB2,261,1931,3,ERR3474722,human,in vivo,extracellular,bulk
PB2,261,2139,1,ERR3474722,human,in vivo,extracellular,bulk
PB2,262,1932,1827,ERR3474722,human,in vivo,extracellular,bulk
PB2,262,2139,515,ERR3474722,human,in vivo,extracellular,bulk
PB2,263,1933,4,ERR3474722,human,in vivo,extracellular,bulk
PB2,263,2140,1,ERR3474722,human,in vivo,extracellular,bulk
PB2,266,1959,1,ERR3474722,human,in vivo,extracellular,bulk
PB2,266,2058,1,ERR3474722,human,in vivo,extracellular,bulk
PB2,273,1990,6,ERR3474722,human,in vivo,extracellular,bulk
PB2,281,1619,1,ERR3474722,human,in vivo,extracellular,bulk
PB2,306,2064,42,ERR3474722,human,in vivo,extracellular,bulk
PB2,310,1994,1,ERR3474722,human,in vivo,extracellular,bulk
PB2,326,2172,3,ERR3474722,human,in vivo,extracellular,bulk
PB2,331,1948,152,ERR3474722,human,in vivo,extracellular,bulk
PB2,332,1949,1,ERR3474722,human,in vivo,extracellular,bulk
PB2,347,1951,119,ERR3474722,human,in vivo,extracellular,bulk
PB2,348,1952,1,ERR3474722,human,in vivo,extracellular,bulk
PB2,352,2007,1,ERR3474722,human,in vivo,extracellular,bulk
PB2,358,1954,1,ERR3474722,human,in vivo,extracellular,bulk
PB2,380,423,2,ERR3474722,human,in vivo,extracellular,bulk
PB2,381,470,1,ERR3474722,human,in vivo,extracellular,bulk
PB2,401,2078,335,ERR3474722,human,in vivo,extracellular,bulk
PB2,410,2010,1,ERR3474722,human,in vivo,extracellular,bulk
PB2,417,470,19,ERR3474722,human,in vivo,extracellular,bulk
PB2,427,2026,1,ERR3474722,human,in vivo,extracellular,bulk
PB2,428,2211,471,ERR3474722,human,in vivo,extracellular,bulk
PB2,429,2028,907,ERR3474722,human,in vivo,extracellular,bulk
PB2,430,2029,4,ERR3474722,human,in vivo,extracellular,bulk
PB2,431,2031,2,ERR3474722,human,in vivo,extracellular,bulk
PB2,433,2036,54,ERR3474722,human,in vivo,extracellular,bulk
PB2,443,1979,49,ERR3474722,human,in vivo,extracellular,bulk
PB2,443,2015,64,ERR3474722,human,in vivo,extracellular,bulk
PB2,446,2235,1,ERR3474722,human,in vivo,extracellular,bulk
PB2,449,1908,558,ERR3474722,human,in vivo,extracellular,bulk
PB2,450,1958,1,ERR3474722,human,in vivo,extracellular,bulk
PB2,453,1985,43,ERR3474722,human,in vivo,extracellular,bulk
PB2,462,2061,2,ERR3474722,human,in vivo,extracellular,bulk
PB2,466,2213,1,ERR3474722,human,in vivo,extracellular,bulk
PB2,467,1950,38,ERR3474722,human,in vivo,extracellular,bulk
PB2,471,1789,1,ERR3474722,human,in vivo,extracellular,bulk
PB2,473,2212,1,ERR3474722,human,in vivo,extracellular,bulk
PB2,481,1720,26,ERR3474722,human,in vivo,extracellular,bulk
PB2,481,1978,1,ERR3474722,human,in vivo,extracellular,bulk
PB2,49,72,56,ERR3474722,human,in vivo,extracellular,bulk
PB2,504,2077,3,ERR3474722,human,in vivo,extracellular,bulk
PB2,527,1549,1,ERR3474722,human,in vivo,extracellular,bulk
PB2,527,588,60,ERR3474722,human,in vivo,extracellular,bulk
PB2,552,2212,1,ERR3474722,human,in vivo,extracellular,bulk
PB2,553,2212,1,ERR3474722,human,in vivo,extracellular,bulk
PB2,569,1765,1,ERR3474722,human,in vivo,extracellular,bulk
PB2,571,1767,121,ERR3474722,human,in vivo,extracellular,bulk
PB2,584,1995,2,ERR3474722,human,in vivo,extracellular,bulk
PB2,587,1998,838,ERR3474722,human,in vivo,extracellular,bulk
PB2,588,1999,3,ERR3474722,human,in vivo,extracellular,bulk
PB2,598,1749,1,ERR3474722,human,in vivo,extracellular,bulk
PB2,598,1752,333,ERR3474722,human,in vivo,extracellular,bulk
PB2,610,2070,1,ERR3474722,human,in vivo,extracellular,bulk
PB2,633,1918,24,ERR3474722,human,in vivo,extracellular,bulk
PB2,648,2130,7,ERR3474722,human,in vivo,extracellular,bulk
PB2,716,1872,1,ERR3474722,human,in vivo,extracellular,bulk
PB2,771,1881,122,ERR3474722,human,in vivo,extracellular,bulk
PB2,792,1619,16,ERR3474722,human,in vivo,extracellular,bulk
PB2,995,2301,4,ERR3474722,human,in vivo,extracellular,bulk
PA,167,2007,22,ERR3474722,human,in vivo,extracellular,bulk
PA,211,2044,4,ERR3474722,human,in vivo,extracellular,bulk
PA,212,1756,36,ERR3474722,human,in vivo,extracellular,bulk
PA,233,331,1,ERR3474722,human,in vivo,extracellular,bulk
PA,236,2031,1,ERR3474722,human,in vivo,extracellular,bulk
PA,247,2012,1,ERR3474722,human,in vivo,extracellular,bulk
PA,265,1948,4,ERR3474722,human,in vivo,extracellular,bulk
PA,314,1905,16,ERR3474722,human,in vivo,extracellular,bulk
PA,325,1958,21,ERR3474722,human,in vivo,extracellular,bulk
PA,337,1680,11,ERR3474722,human,in vivo,extracellular,bulk
PA,358,1860,27,ERR3474722,human,in vivo,extracellular,bulk
PA,405,1637,1,ERR3474722,human,in vivo,extracellular,bulk
PA,407,1639,40,ERR3474722,human,in vivo,extracellular,bulk
PA,426,1860,45,ERR3474722,human,in vivo,extracellular,bulk
PA,426,1901,169,ERR3474722,human,in vivo,extracellular,bulk
PA,427,1855,1,ERR3474722,human,in vivo,extracellular,bulk
PA,42,1387,4,ERR3474722,human,in vivo,extracellular,bulk
PA,42,72,14,ERR3474722,human,in vivo,extracellular,bulk
PA,431,1859,119,ERR3474722,human,in vivo,extracellular,bulk
PA,453,1720,31,ERR3474722,human,in vivo,extracellular,bulk
PA,458,1689,1,ERR3474722,human,in vivo,extracellular,bulk
PA,45,110,9,ERR3474722,human,in vivo,extracellular,bulk
PA,460,1691,200,ERR3474722,human,in vivo,extracellular,bulk
PA,463,1359,1,ERR3474722,human,in vivo,extracellular,bulk
PA,475,1931,22,ERR3474722,human,in vivo,extracellular,bulk
PA,532,1786,48,ERR3474722,human,in vivo,extracellular,bulk
PA,533,1737,47,ERR3474722,human,in vivo,extracellular,bulk
PA,562,1905,43,ERR3474722,human,in vivo,extracellular,bulk
PA,578,1613,67,ERR3474722,human,in vivo,extracellular,bulk
PA,614,1904,27,ERR3474722,human,in vivo,extracellular,bulk
PA,617,1719,4,ERR3474722,human,in vivo,extracellular,bulk
PA,657,1561,31,ERR3474722,human,in vivo,extracellular,bulk
PA,661,1563,3,ERR3474722,human,in vivo,extracellular,bulk
PA,692,1641,15,ERR3474722,human,in vivo,extracellular,bulk
PA,697,1593,1,ERR3474722,human,in vivo,extracellular,bulk
PA,698,1593,34,ERR3474722,human,in vivo,extracellular,bulk
PA,704,1616,41,ERR3474722,human,in vivo,extracellular,bulk
PA,720,1903,34,ERR3474722,human,in vivo,extracellular,bulk
HA,278,1479,3,ERR3474722,human,in vivo,extracellular,bulk
NA,161,1306,5,ERR3474722,human,in vivo,extracellular,bulk
M,112,1028,27,ERR3474722,human,in vivo,extracellular,bulk
M,121,1033,105,ERR3474722,human,in vivo,extracellular,bulk
M,141,1057,64,ERR3474722,human,in vivo,extracellular,bulk
M,228,1062,23,ERR3474722,human,in vivo,extracellular,bulk
M,26,902,1,ERR3474722,human,in vivo,extracellular,bulk
PB1,1036,1326,2,ERR3474723,human,in vivo,extracellular,bulk
PB1,1037,1757,2,ERR3474723,human,in vivo,extracellular,bulk
PB1,1043,1767,3,ERR3474723,human,in vivo,extracellular,bulk
PB1,110,142,1,ERR3474723,human,in vivo,extracellular,bulk
PB1,121,2156,2,ERR3474723,human,in vivo,extracellular,bulk
PB1,134,2182,1,ERR3474723,human,in vivo,extracellular,bulk
PB1,149,1371,25,ERR3474723,human,in vivo,extracellular,bulk
PB1,1588,2051,2,ERR3474723,human,in vivo,extracellular,bulk
PB1,162,2184,1,ERR3474723,human,in vivo,extracellular,bulk
PB1,2003,2036,1,ERR3474723,human,in vivo,extracellular,bulk
PB1,2133,2186,1,ERR3474723,human,in vivo,extracellular,bulk
PB1,2133,2189,2,ERR3474723,human,in vivo,extracellular,bulk
PB1,2134,2185,4,ERR3474723,human,in vivo,extracellular,bulk
PB1,2140,2184,1,ERR3474723,human,in vivo,extracellular,bulk
PB1,2142,2182,89,ERR3474723,human,in vivo,extracellular,bulk
PB1,2142,2185,1,ERR3474723,human,in vivo,extracellular,bulk
PB1,2230,2260,3,ERR3474723,human,in vivo,extracellular,bulk
PB1,2233,2261,1,ERR3474723,human,in vivo,extracellular,bulk
PB1,233,2029,7,ERR3474723,human,in vivo,extracellular,bulk
PB1,252,2045,1,ERR3474723,human,in vivo,extracellular,bulk
PB1,260,2167,1,ERR3474723,human,in vivo,extracellular,bulk
PB1,266,2120,1,ERR3474723,human,in vivo,extracellular,bulk
PB1,273,2045,2,ERR3474723,human,in vivo,extracellular,bulk
PB1,275,2093,2,ERR3474723,human,in vivo,extracellular,bulk
PB1,277,2124,10,ERR3474723,human,in vivo,extracellular,bulk
PB1,287,2040,8,ERR3474723,human,in vivo,extracellular,bulk
PB1,289,2261,3,ERR3474723,human,in vivo,extracellular,bulk
PB1,297,2065,13,ERR3474723,human,in vivo,extracellular,bulk
PB1,299,2005,11,ERR3474723,human,in vivo,extracellular,bulk
PB1,300,2064,2,ERR3474723,human,in vivo,extracellular,bulk
PB1,300,413,7,ERR3474723,human,in vivo,extracellular,bulk
PB1,301,2020,2,ERR3474723,human,in vivo,extracellular,bulk
PB1,308,2018,1,ERR3474723,human,in vivo,extracellular,bulk
PB1,309,1918,5,ERR3474723,human,in vivo,extracellular,bulk
PB1,310,1999,1,ERR3474723,human,in vivo,extracellular,bulk
PB1,321,1674,2,ERR3474723,human,in vivo,extracellular,bulk
PB1,321,2045,2,ERR3474723,human,in vivo,extracellular,bulk
PB1,326,2043,16,ERR3474723,human,in vivo,extracellular,bulk
PB1,337,1997,4,ERR3474723,human,in vivo,extracellular,bulk
PB1,344,2171,1,ERR3474723,human,in vivo,extracellular,bulk
PB1,345,2015,3,ERR3474723,human,in vivo,extracellular,bulk
PB1,346,1835,7,ERR3474723,human,in vivo,extracellular,bulk
PB1,347,2038,2,ERR3474723,human,in vivo,extracellular,bulk
PB1,348,1443,5,ERR3474723,human,in vivo,extracellular,bulk
PB1,348,2024,4,ERR3474723,human,in vivo,extracellular,bulk
PB1,348,2051,3,ERR3474723,human,in vivo,extracellular,bulk
PB1,354,377,1,ERR3474723,human,in vivo,extracellular,bulk
PB1,355,2064,5,ERR3474723,human,in vivo,extracellular,bulk
PB1,356,2005,9,ERR3474723,human,in vivo,extracellular,bulk
PB1,360,2002,6,ERR3474723,human,in vivo,extracellular,bulk
PB1,361,1945,1,ERR3474723,human,in vivo,extracellular,bulk
PB1,363,1857,8,ERR3474723,human,in vivo,extracellular,bulk
PB1,364,1770,2,ERR3474723,human,in vivo,extracellular,bulk
PB1,364,1979,2,ERR3474723,human,in vivo,extracellular,bulk
PB1,366,1943,3,ERR3474723,human,in vivo,extracellular,bulk
PB1,368,2002,3,ERR3474723,human,in vivo,extracellular,bulk
PB1,370,1936,2,ERR3474723,human,in vivo,extracellular,bulk
PB1,370,1940,4,ERR3474723,human,in vivo,extracellular,bulk
PB1,373,1944,1,ERR3474723,human,in vivo,extracellular,bulk
PB1,376,1915,8,ERR3474723,human,in vivo,extracellular,bulk
PB1,376,1935,3,ERR3474723,human,in vivo,extracellular,bulk
PB1,378,1944,3,ERR3474723,human,in vivo,extracellular,bulk
PB1,380,2044,3,ERR3474723,human,in vivo,extracellular,bulk
PB1,393,1949,2,ERR3474723,human,in vivo,extracellular,bulk
PB1,393,419,1,ERR3474723,human,in vivo,extracellular,bulk
PB1,398,1847,2,ERR3474723,human,in vivo,extracellular,bulk
PB1,403,1228,2,ERR3474723,human,in vivo,extracellular,bulk
PB1,403,2035,1,ERR3474723,human,in vivo,extracellular,bulk
PB1,404,1832,32,ERR3474723,human,in vivo,extracellular,bulk
PB1,421,1850,2,ERR3474723,human,in vivo,extracellular,bulk
PB1,427,1854,2,ERR3474723,human,in vivo,extracellular,bulk
PB1,435,1814,15,ERR3474723,human,in vivo,extracellular,bulk
PB1,443,1991,3,ERR3474723,human,in vivo,extracellular,bulk
PB1,444,1574,5,ERR3474723,human,in vivo,extracellular,bulk
PB1,445,1788,1,ERR3474723,human,in vivo,extracellular,bulk
PB1,449,2064,152,ERR3474723,human,in vivo,extracellular,bulk
PB1,450,2018,54,ERR3474723,human,in vivo,extracellular,bulk
PB1,450,2039,1,ERR3474723,human,in vivo,extracellular,bulk
PB1,451,1865,1,ERR3474723,human,in vivo,extracellular,bulk
PB1,451,2021,3,ERR3474723,human,in vivo,extracellular,bulk
PB1,451,2186,1,ERR3474723,human,in vivo,extracellular,bulk
PB1,452,1933,1,ERR3474723,human,in vivo,extracellular,bulk
PB1,452,2019,2,ERR3474723,human,in vivo,extracellular,bulk
PB1,452,2020,26397,ERR3474723,human,in vivo,extracellular,bulk
PB1,453,2021,311,ERR3474723,human,in vivo,extracellular,bulk
PB1,453,2022,38,ERR3474723,human,in vivo,extracellular,bulk
PB1,454,1769,8,ERR3474723,human,in vivo,extracellular,bulk
PB1,456,1781,1,ERR3474723,human,in vivo,extracellular,bulk
PB1,456,1934,3,ERR3474723,human,in vivo,extracellular,bulk
PB1,457,2025,5,ERR3474723,human,in vivo,extracellular,bulk
PB1,460,1769,7,ERR3474723,human,in vivo,extracellular,bulk
PB1,461,1935,1,ERR3474723,human,in vivo,extracellular,bulk
PB1,462,1992,1,ERR3474723,human,in vivo,extracellular,bulk
PB1,464,2023,1,ERR3474723,human,in vivo,extracellular,bulk
PB1,465,2022,1,ERR3474723,human,in vivo,extracellular,bulk
PB1,465,2023,12,ERR3474723,human,in vivo,extracellular,bulk
PB1,499,1857,1,ERR3474723,human,in vivo,extracellular,bulk
PB1,500,1904,1,ERR3474723,human,in vivo,extracellular,bulk
PB1,505,1978,15,ERR3474723,human,in vivo,extracellular,bulk
PB1,521,1799,5,ERR3474723,human,in vivo,extracellular,bulk
PB1,527,1809,1,ERR3474723,human,in vivo,extracellular,bulk
PB1,529,1815,5,ERR3474723,human,in vivo,extracellular,bulk
PB1,529,1864,2,ERR3474723,human,in vivo,extracellular,bulk
PB1,530,1863,1,ERR3474723,human,in vivo,extracellular,bulk
PB1,535,1786,1,ERR3474723,human,in vivo,extracellular,bulk
PB1,535,1867,5,ERR3474723,human,in vivo,extracellular,bulk
PB1,535,1998,3,ERR3474723,human,in vivo,extracellular,bulk
PB1,537,1780,8,ERR3474723,human,in vivo,extracellular,bulk
PB1,538,1762,2,ERR3474723,human,in vivo,extracellular,bulk
PB1,542,1593,2,ERR3474723,human,in vivo,extracellular,bulk
PB1,542,1608,3,ERR3474723,human,in vivo,extracellular,bulk
PB1,542,1609,2,ERR3474723,human,in vivo,extracellular,bulk
PB1,542,1724,2,ERR3474723,human,in vivo,extracellular,bulk
PB1,542,1732,2,ERR3474723,human,in vivo,extracellular,bulk
PB1,542,1814,2,ERR3474723,human,in vivo,extracellular,bulk
PB1,542,1845,1,ERR3474723,human,in vivo,extracellular,bulk
PB1,542,1858,3,ERR3474723,human,in vivo,extracellular,bulk
PB1,543,1738,1,ERR3474723,human,in vivo,extracellular,bulk
PB1,544,1782,2,ERR3474723,human,in vivo,extracellular,bulk
PB1,576,1772,3,ERR3474723,human,in vivo,extracellular,bulk
PB1,577,1742,1,ERR3474723,human,in vivo,extracellular,bulk
PB1,586,1544,1,ERR3474723,human,in vivo,extracellular,bulk
PB1,586,1933,1,ERR3474723,human,in vivo,extracellular,bulk
PB1,590,1827,14,ERR3474723,human,in vivo,extracellular,bulk
PB1,593,1746,1,ERR3474723,human,in vivo,extracellular,bulk
PB1,593,1755,9,ERR3474723,human,in vivo,extracellular,bulk
PB1,594,1588,1,ERR3474723,human,in vivo,extracellular,bulk
PB1,594,1758,1,ERR3474723,human,in vivo,extracellular,bulk
PB1,597,1808,1,ERR3474723,human,in vivo,extracellular,bulk
PB1,597,1814,3,ERR3474723,human,in vivo,extracellular,bulk
PB1,613,1755,3,ERR3474723,human,in vivo,extracellular,bulk
PB1,613,1808,1,ERR3474723,human,in vivo,extracellular,bulk
PB1,627,1772,1,ERR3474723,human,in vivo,extracellular,bulk
PB1,628,1745,2,ERR3474723,human,in vivo,extracellular,bulk
PB1,628,1756,4,ERR3474723,human,in vivo,extracellular,bulk
PB1,632,2114,13,ERR3474723,human,in vivo,extracellular,bulk
PB1,633,1747,1,ERR3474723,human,in vivo,extracellular,bulk
PB1,633,1752,6,ERR3474723,human,in vivo,extracellular,bulk
PB1,633,1756,1,ERR3474723,human,in vivo,extracellular,bulk
PB1,638,1738,1,ERR3474723,human,in vivo,extracellular,bulk
PB1,642,1741,1,ERR3474723,human,in vivo,extracellular,bulk
PB1,642,1843,3,ERR3474723,human,in vivo,extracellular,bulk
PB1,644,1722,1,ERR3474723,human,in vivo,extracellular,bulk
PB1,644,1737,5,ERR3474723,human,in vivo,extracellular,bulk
PB1,644,1752,5,ERR3474723,human,in vivo,extracellular,bulk
PB1,646,1736,3,ERR3474723,human,in vivo,extracellular,bulk
PB1,652,1625,1,ERR3474723,human,in vivo,extracellular,bulk
PB1,652,1729,3,ERR3474723,human,in vivo,extracellular,bulk
PB1,655,1730,1,ERR3474723,human,in vivo,extracellular,bulk
PB1,686,1455,1,ERR3474723,human,in vivo,extracellular,bulk
PB1,686,1608,1,ERR3474723,human,in vivo,extracellular,bulk
PB1,686,1808,2,ERR3474723,human,in vivo,extracellular,bulk
PB1,688,1524,1,ERR3474723,human,in vivo,extracellular,bulk
PB1,690,1697,4,ERR3474723,human,in vivo,extracellular,bulk
PB1,693,1695,6,ERR3474723,human,in vivo,extracellular,bulk
PB1,693,1745,1,ERR3474723,human,in vivo,extracellular,bulk
PB1,693,1835,3,ERR3474723,human,in vivo,extracellular,bulk
PB1,694,1933,1,ERR3474723,human,in vivo,extracellular,bulk
PB1,697,1683,1,ERR3474723,human,in vivo,extracellular,bulk
PB1,701,1585,2,ERR3474723,human,in vivo,extracellular,bulk
PB1,711,1605,2,ERR3474723,human,in vivo,extracellular,bulk
PB1,712,1588,3,ERR3474723,human,in vivo,extracellular,bulk
PB1,712,1760,1,ERR3474723,human,in vivo,extracellular,bulk
PB1,712,1915,4,ERR3474723,human,in vivo,extracellular,bulk
PB1,719,1574,6,ERR3474723,human,in vivo,extracellular,bulk
PB1,726,1570,3,ERR3474723,human,in vivo,extracellular,bulk
PB1,726,1572,9,ERR3474723,human,in vivo,extracellular,bulk
PB1,729,1675,1,ERR3474723,human,in vivo,extracellular,bulk
PB1,731,1749,2,ERR3474723,human,in vivo,extracellular,bulk
PB1,731,1771,11,ERR3474723,human,in vivo,extracellular,bulk
PB1,732,1905,1,ERR3474723,human,in vivo,extracellular,bulk
PB1,734,1559,5,ERR3474723,human,in vivo,extracellular,bulk
PB1,737,1540,3,ERR3474723,human,in vivo,extracellular,bulk
PB1,737,1934,2,ERR3474723,human,in vivo,extracellular,bulk
PB1,738,1920,2,ERR3474723,human,in vivo,extracellular,bulk
PB1,759,1713,2,ERR3474723,human,in vivo,extracellular,bulk
PB1,759,1756,1,ERR3474723,human,in vivo,extracellular,bulk
PB1,766,1586,1,ERR3474723,human,in vivo,extracellular,bulk
PB1,766,1695,1,ERR3474723,human,in vivo,extracellular,bulk
PB1,767,1709,2,ERR3474723,human,in vivo,extracellular,bulk
PB1,769,1507,1,ERR3474723,human,in vivo,extracellular,bulk
PB1,788,1519,1,ERR3474723,human,in vivo,extracellular,bulk
PB1,788,2109,1,ERR3474723,human,in vivo,extracellular,bulk
PB1,790,1489,2,ERR3474723,human,in vivo,extracellular,bulk
PB1,792,2022,1,ERR3474723,human,in vivo,extracellular,bulk
PB1,794,1495,5,ERR3474723,human,in vivo,extracellular,bulk
PB1,794,1600,1,ERR3474723,human,in vivo,extracellular,bulk
PB1,794,1608,2,ERR3474723,human,in vivo,extracellular,bulk
PB1,795,1490,1,ERR3474723,human,in vivo,extracellular,bulk
PB1,796,1555,1,ERR3474723,human,in vivo,extracellular,bulk
PB1,798,1534,1,ERR3474723,human,in vivo,extracellular,bulk
PB1,799,1496,1,ERR3474723,human,in vivo,extracellular,bulk
PB1,800,1499,1,ERR3474723,human,in vivo,extracellular,bulk
PB1,800,1626,1,ERR3474723,human,in vivo,extracellular,bulk
PB1,832,1671,1,ERR3474723,human,in vivo,extracellular,bulk
PB1,837,1593,1,ERR3474723,human,in vivo,extracellular,bulk
PB1,839,1630,2,ERR3474723,human,in vivo,extracellular,bulk
PB1,840,1444,4,ERR3474723,human,in vivo,extracellular,bulk
PB1,848,1604,1,ERR3474723,human,in vivo,extracellular,bulk
PB1,848,1749,1,ERR3474723,human,in vivo,extracellular,bulk
PB1,866,1585,1,ERR3474723,human,in vivo,extracellular,bulk
PB1,866,1593,3,ERR3474723,human,in vivo,extracellular,bulk
PB1,867,1600,23,ERR3474723,human,in vivo,extracellular,bulk
PB1,868,1612,2,ERR3474723,human,in vivo,extracellular,bulk
PB1,873,1608,1,ERR3474723,human,in vivo,extracellular,bulk
PB1,875,1531,2,ERR3474723,human,in vivo,extracellular,bulk
PB1,911,1426,1,ERR3474723,human,in vivo,extracellular,bulk
PB1,912,1427,1,ERR3474723,human,in vivo,extracellular,bulk
PB1,913,1542,4,ERR3474723,human,in vivo,extracellular,bulk
PB1,921,1540,2,ERR3474723,human,in vivo,extracellular,bulk
PB1,939,1534,1,ERR3474723,human,in vivo,extracellular,bulk
PB1,942,1757,5,ERR3474723,human,in vivo,extracellular,bulk
PB1,95,1569,5,ERR3474723,human,in vivo,extracellular,bulk
PB1,960,1992,2,ERR3474723,human,in vivo,extracellular,bulk
PB1,978,1701,1,ERR3474723,human,in vivo,extracellular,bulk
PB1,989,1451,4,ERR3474723,human,in vivo,extracellular,bulk
PB2,1004,1463,4,ERR3474723,human,in vivo,extracellular,bulk
PB2,1158,1370,2,ERR3474723,human,in vivo,extracellular,bulk
PB2,1183,1235,1,ERR3474723,human,in vivo,extracellular,bulk
PB2,1185,1285,1,ERR3474723,human,in vivo,extracellular,bulk
PB2,1196,1278,3,ERR3474723,human,in vivo,extracellular,bulk
PB2,132,245,3,ERR3474723,human,in vivo,extracellular,bulk
PB2,135,2144,2,ERR3474723,human,in vivo,extracellular,bulk
PB2,143,2123,3,ERR3474723,human,in vivo,extracellular,bulk
PB2,143,2125,1,ERR3474723,human,in vivo,extracellular,bulk
PB2,143,2144,1,ERR3474723,human,in vivo,extracellular,bulk
PB2,153,1967,6,ERR3474723,human,in vivo,extracellular,bulk
PB2,157,1971,1,ERR3474723,human,in vivo,extracellular,bulk
PB2,161,2158,1,ERR3474723,human,in vivo,extracellular,bulk
PB2,161,245,3,ERR3474723,human,in vivo,extracellular,bulk
PB2,162,2207,2,ERR3474723,human,in vivo,extracellular,bulk
PB2,163,206,2,ERR3474723,human,in vivo,extracellular,bulk
PB2,163,2142,64,ERR3474723,human,in vivo,extracellular,bulk
PB2,164,1959,1,ERR3474723,human,in vivo,extracellular,bulk
PB2,164,2125,1,ERR3474723,human,in vivo,extracellular,bulk
PB2,164,2144,19,ERR3474723,human,in vivo,extracellular,bulk
PB2,164,2153,11,ERR3474723,human,in vivo,extracellular,bulk
PB2,164,2206,1,ERR3474723,human,in vivo,extracellular,bulk
PB2,164,2211,4,ERR3474723,human,in vivo,extracellular,bulk
PB2,1656,1905,2,ERR3474723,human,in vivo,extracellular,bulk
PB2,169,2145,6,ERR3474723,human,in vivo,extracellular,bulk
PB2,171,2151,10,ERR3474723,human,in vivo,extracellular,bulk
PB2,187,2039,3,ERR3474723,human,in vivo,extracellular,bulk
PB2,189,2125,1,ERR3474723,human,in vivo,extracellular,bulk
PB2,189,2211,1,ERR3474723,human,in vivo,extracellular,bulk
PB2,194,1951,7,ERR3474723,human,in vivo,extracellular,bulk
PB2,195,2037,1,ERR3474723,human,in vivo,extracellular,bulk
PB2,1961,1984,1,ERR3474723,human,in vivo,extracellular,bulk
PB2,2031,2055,1,ERR3474723,human,in vivo,extracellular,bulk
PB2,203,1765,8,ERR3474723,human,in vivo,extracellular,bulk
PB2,203,2052,12,ERR3474723,human,in vivo,extracellular,bulk
PB2,203,2208,20,ERR3474723,human,in vivo,extracellular,bulk
PB2,203,2213,35,ERR3474723,human,in vivo,extracellular,bulk
PB2,203,2239,1,ERR3474723,human,in vivo,extracellular,bulk
PB2,203,259,4,ERR3474723,human,in vivo,extracellular,bulk
PB2,213,2240,5,ERR3474723,human,in vivo,extracellular,bulk
PB2,2174,2210,2,ERR3474723,human,in vivo,extracellular,bulk
PB2,2174,2215,3,ERR3474723,human,in vivo,extracellular,bulk
PB2,2180,2208,1,ERR3474723,human,in vivo,extracellular,bulk
PB2,2254,2290,3,ERR3474723,human,in vivo,extracellular,bulk
PB2,2254,2295,6,ERR3474723,human,in vivo,extracellular,bulk
PB2,2256,2286,4,ERR3474723,human,in vivo,extracellular,bulk
PB2,238,2194,17,ERR3474723,human,in vivo,extracellular,bulk
PB2,239,2122,1,ERR3474723,human,in vivo,extracellular,bulk
PB2,240,2123,180,ERR3474723,human,in vivo,extracellular,bulk
PB2,241,2151,1,ERR3474723,human,in vivo,extracellular,bulk
PB2,242,2125,3,ERR3474723,human,in vivo,extracellular,bulk
PB2,242,2204,4,ERR3474723,human,in vivo,extracellular,bulk
PB2,242,2211,1,ERR3474723,human,in vivo,extracellular,bulk
PB2,243,2035,2,ERR3474723,human,in vivo,extracellular,bulk
PB2,243,2058,5,ERR3474723,human,in vivo,extracellular,bulk
PB2,243,2067,3,ERR3474723,human,in vivo,extracellular,bulk
PB2,243,2073,3,ERR3474723,human,in vivo,extracellular,bulk
PB2,243,2121,8,ERR3474723,human,in vivo,extracellular,bulk
PB2,243,2127,5,ERR3474723,human,in vivo,extracellular,bulk
PB2,243,2148,24,ERR3474723,human,in vivo,extracellular,bulk
PB2,244,1787,1,ERR3474723,human,in vivo,extracellular,bulk
PB2,244,1951,2,ERR3474723,human,in vivo,extracellular,bulk
PB2,244,2032,3,ERR3474723,human,in vivo,extracellular,bulk
PB2,244,2034,1,ERR3474723,human,in vivo,extracellular,bulk
PB2,244,2055,8,ERR3474723,human,in vivo,extracellular,bulk
PB2,244,2091,1,ERR3474723,human,in vivo,extracellular,bulk
PB2,244,2125,20,ERR3474723,human,in vivo,extracellular,bulk
PB2,244,2144,47,ERR3474723,human,in vivo,extracellular,bulk
PB2,244,2206,1093,ERR3474723,human,in vivo,extracellular,bulk
PB2,244,2242,7,ERR3474723,human,in vivo,extracellular,bulk
PB2,245,1948,2,ERR3474723,human,in vivo,extracellular,bulk
PB2,245,2207,8,ERR3474723,human,in vivo,extracellular,bulk
PB2,245,2208,5,ERR3474723,human,in vivo,extracellular,bulk
PB2,245,2212,9,ERR3474723,human,in vivo,extracellular,bulk
PB2,247,2009,5,ERR3474723,human,in vivo,extracellular,bulk
PB2,253,2067,2,ERR3474723,human,in vivo,extracellular,bulk
PB2,253,2123,22,ERR3474723,human,in vivo,extracellular,bulk
PB2,254,2144,2,ERR3474723,human,in vivo,extracellular,bulk
PB2,259,2124,1,ERR3474723,human,in vivo,extracellular,bulk
PB2,261,2032,10,ERR3474723,human,in vivo,extracellular,bulk
PB2,264,2153,2,ERR3474723,human,in vivo,extracellular,bulk
PB2,265,2212,2,ERR3474723,human,in vivo,extracellular,bulk
PB2,266,2029,1,ERR3474723,human,in vivo,extracellular,bulk
PB2,269,1854,2,ERR3474723,human,in vivo,extracellular,bulk
PB2,276,1762,2,ERR3474723,human,in vivo,extracellular,bulk
PB2,279,1980,7,ERR3474723,human,in vivo,extracellular,bulk
PB2,291,1930,2,ERR3474723,human,in vivo,extracellular,bulk
PB2,305,1905,3,ERR3474723,human,in vivo,extracellular,bulk
PB2,307,2073,5,ERR3474723,human,in vivo,extracellular,bulk
PB2,311,1497,4,ERR3474723,human,in vivo,extracellular,bulk
PB2,31,62,1,ERR3474723,human,in vivo,extracellular,bulk
PB2,358,2054,1,ERR3474723,human,in vivo,extracellular,bulk
PB2,362,2011,5,ERR3474723,human,in vivo,extracellular,bulk
PB2,365,1777,5,ERR3474723,human,in vivo,extracellular,bulk
PB2,376,1962,1,ERR3474723,human,in vivo,extracellular,bulk
PB2,377,1835,1,ERR3474723,human,in vivo,extracellular,bulk
PB2,377,2006,15,ERR3474723,human,in vivo,extracellular,bulk
PB2,37,64,2,ERR3474723,human,in vivo,extracellular,bulk
PB2,381,1713,1,ERR3474723,human,in vivo,extracellular,bulk
PB2,389,1784,1,ERR3474723,human,in vivo,extracellular,bulk
PB2,389,1888,1,ERR3474723,human,in vivo,extracellular,bulk
PB2,391,1932,8,ERR3474723,human,in vivo,extracellular,bulk
PB2,391,2059,4,ERR3474723,human,in vivo,extracellular,bulk
PB2,391,2067,1,ERR3474723,human,in vivo,extracellular,bulk
PB2,392,1929,6,ERR3474723,human,in vivo,extracellular,bulk
PB2,392,1967,4,ERR3474723,human,in vivo,extracellular,bulk
PB2,392,2144,3,ERR3474723,human,in vivo,extracellular,bulk
PB2,393,1931,1,ERR3474723,human,in vivo,extracellular,bulk
PB2,394,2009,6,ERR3474723,human,in vivo,extracellular,bulk
PB2,394,459,2,ERR3474723,human,in vivo,extracellular,bulk
PB2,395,1932,1432,ERR3474723,human,in vivo,extracellular,bulk
PB2,397,1934,2,ERR3474723,human,in vivo,extracellular,bulk
PB2,398,1889,1,ERR3474723,human,in vivo,extracellular,bulk
PB2,405,1888,63,ERR3474723,human,in vivo,extracellular,bulk
PB2,406,1951,39,ERR3474723,human,in vivo,extracellular,bulk
PB2,407,1952,3,ERR3474723,human,in vivo,extracellular,bulk
PB2,409,2005,1,ERR3474723,human,in vivo,extracellular,bulk
PB2,416,1915,2,ERR3474723,human,in vivo,extracellular,bulk
PB2,417,1927,3,ERR3474723,human,in vivo,extracellular,bulk
PB2,417,1930,2,ERR3474723,human,in vivo,extracellular,bulk
PB2,417,1979,4,ERR3474723,human,in vivo,extracellular,bulk
PB2,418,2036,6,ERR3474723,human,in vivo,extracellular,bulk
PB2,418,2054,2,ERR3474723,human,in vivo,extracellular,bulk
PB2,427,1949,4,ERR3474723,human,in vivo,extracellular,bulk
PB2,427,2127,3,ERR3474723,human,in vivo,extracellular,bulk
PB2,428,1912,2,ERR3474723,human,in vivo,extracellular,bulk
PB2,428,1998,1,ERR3474723,human,in vivo,extracellular,bulk
PB2,428,2238,3,ERR3474723,human,in vivo,extracellular,bulk
PB2,429,1829,16,ERR3474723,human,in vivo,extracellular,bulk
PB2,429,1909,2,ERR3474723,human,in vivo,extracellular,bulk
PB2,429,1981,4,ERR3474723,human,in vivo,extracellular,bulk
PB2,433,1892,1,ERR3474723,human,in vivo,extracellular,bulk
PB2,43,68,2,ERR3474723,human,in vivo,extracellular,bulk
PB2,443,1857,1,ERR3474723,human,in vivo,extracellular,bulk
PB2,443,1907,2,ERR3474723,human,in vivo,extracellular,bulk
PB2,454,1905,2,ERR3474723,human,in vivo,extracellular,bulk
PB2,455,1892,3,ERR3474723,human,in vivo,extracellular,bulk
PB2,462,1750,1,ERR3474723,human,in vivo,extracellular,bulk
PB2,463,1739,2,ERR3474723,human,in vivo,extracellular,bulk
PB2,464,2206,2,ERR3474723,human,in vivo,extracellular,bulk
PB2,466,1955,6,ERR3474723,human,in vivo,extracellular,bulk
PB2,467,1950,1,ERR3474723,human,in vivo,extracellular,bulk
PB2,469,1761,3,ERR3474723,human,in vivo,extracellular,bulk
PB2,469,1874,3,ERR3474723,human,in vivo,extracellular,bulk
PB2,469,1954,2,ERR3474723,human,in vivo,extracellular,bulk
PB2,46,135,2,ERR3474723,human,in vivo,extracellular,bulk
PB2,471,1981,2,ERR3474723,human,in vivo,extracellular,bulk
PB2,479,2067,3,ERR3474723,human,in vivo,extracellular,bulk
PB2,47,73,2,ERR3474723,human,in vivo,extracellular,bulk
PB2,480,1764,3,ERR3474723,human,in vivo,extracellular,bulk
PB2,480,1786,1,ERR3474723,human,in vivo,extracellular,bulk
PB2,481,1852,5,ERR3474723,human,in vivo,extracellular,bulk
PB2,490,1927,1,ERR3474723,human,in vivo,extracellular,bulk
PB2,497,1776,1,ERR3474723,human,in vivo,extracellular,bulk
PB2,499,1776,6,ERR3474723,human,in vivo,extracellular,bulk
PB2,500,1775,2,ERR3474723,human,in vivo,extracellular,bulk
PB2,500,1788,1,ERR3474723,human,in vivo,extracellular,bulk
PB2,500,1864,1,ERR3474723,human,in vivo,extracellular,bulk
PB2,501,1748,1,ERR3474723,human,in vivo,extracellular,bulk
PB2,506,1764,8,ERR3474723,human,in vivo,extracellular,bulk
PB2,507,1533,5,ERR3474723,human,in vivo,extracellular,bulk
PB2,511,1873,1,ERR3474723,human,in vivo,extracellular,bulk
PB2,511,1934,3,ERR3474723,human,in vivo,extracellular,bulk
PB2,512,1778,1,ERR3474723,human,in vivo,extracellular,bulk
PB2,513,1728,2,ERR3474723,human,in vivo,extracellular,bulk
PB2,513,1753,1,ERR3474723,human,in vivo,extracellular,bulk
PB2,516,1760,1,ERR3474723,human,in vivo,extracellular,bulk
PB2,517,1747,5,ERR3474723,human,in vivo,extracellular,bulk
PB2,517,1888,2,ERR3474723,human,in vivo,extracellular,bulk
PB2,518,1751,2,ERR3474723,human,in vivo,extracellular,bulk
PB2,520,1538,3,ERR3474723,human,in vivo,extracellular,bulk
PB2,521,1889,3,ERR3474723,human,in vivo,extracellular,bulk
PB2,521,1913,3,ERR3474723,human,in vivo,extracellular,bulk
PB2,524,1734,2,ERR3474723,human,in vivo,extracellular,bulk
PB2,526,1917,3,ERR3474723,human,in vivo,extracellular,bulk
PB2,537,2144,3,ERR3474723,human,in vivo,extracellular,bulk
PB2,550,1877,1,ERR3474723,human,in vivo,extracellular,bulk
PB2,550,1888,1,ERR3474723,human,in vivo,extracellular,bulk
PB2,551,1832,2,ERR3474723,human,in vivo,extracellular,bulk
PB2,557,1692,1,ERR3474723,human,in vivo,extracellular,bulk
PB2,563,1688,1,ERR3474723,human,in vivo,extracellular,bulk
PB2,563,1937,2,ERR3474723,human,in vivo,extracellular,bulk
PB2,564,1916,1,ERR3474723,human,in vivo,extracellular,bulk
PB2,564,2032,1,ERR3474723,human,in vivo,extracellular,bulk
PB2,567,1838,7,ERR3474723,human,in vivo,extracellular,bulk
PB2,570,1908,1,ERR3474723,human,in vivo,extracellular,bulk
PB2,576,1872,3,ERR3474723,human,in vivo,extracellular,bulk
PB2,579,1835,4,ERR3474723,human,in vivo,extracellular,bulk
PB2,583,1775,4,ERR3474723,human,in vivo,extracellular,bulk
PB2,583,1854,3,ERR3474723,human,in vivo,extracellular,bulk
PB2,585,1776,1,ERR3474723,human,in vivo,extracellular,bulk
PB2,585,1951,1,ERR3474723,human,in vivo,extracellular,bulk
PB2,586,1664,1,ERR3474723,human,in vivo,extracellular,bulk
PB2,586,1835,2,ERR3474723,human,in vivo,extracellular,bulk
PB2,588,1777,3,ERR3474723,human,in vivo,extracellular,bulk
PB2,589,1771,1,ERR3474723,human,in vivo,extracellular,bulk
PB2,589,1772,1,ERR3474723,human,in vivo,extracellular,bulk
PB2,589,1986,1,ERR3474723,human,in vivo,extracellular,bulk
PB2,596,1688,2,ERR3474723,human,in vivo,extracellular,bulk
PB2,596,1837,1,ERR3474723,human,in vivo,extracellular,bulk
PB2,597,1609,2,ERR3474723,human,in vivo,extracellular,bulk
PB2,598,1752,1,ERR3474723,human,in vivo,extracellular,bulk
PB2,599,1755,6,ERR3474723,human,in vivo,extracellular,bulk
PB2,599,1764,1,ERR3474723,human,in vivo,extracellular,bulk
PB2,600,1758,13,ERR3474723,human,in vivo,extracellular,bulk
PB2,601,2216,4,ERR3474723,human,in vivo,extracellular,bulk
PB2,602,1468,2,ERR3474723,human,in vivo,extracellular,bulk
PB2,602,1697,3,ERR3474723,human,in vivo,extracellular,bulk
PB2,605,1828,3,ERR3474723,human,in vivo,extracellular,bulk
PB2,606,1790,1,ERR3474723,human,in vivo,extracellular,bulk
PB2,607,1775,4,ERR3474723,human,in vivo,extracellular,bulk
PB2,607,1785,1,ERR3474723,human,in vivo,extracellular,bulk
PB2,608,1752,1,ERR3474723,human,in vivo,extracellular,bulk
PB2,608,1905,1,ERR3474723,human,in vivo,extracellular,bulk
PB2,609,1648,2,ERR3474723,human,in vivo,extracellular,bulk
PB2,609,1837,1,ERR3474723,human,in vivo,extracellular,bulk
PB2,610,1909,2,ERR3474723,human,in vivo,extracellular,bulk
PB2,611,1857,13,ERR3474723,human,in vivo,extracellular,bulk
PB2,613,1575,2,ERR3474723,human,in vivo,extracellular,bulk
PB2,615,1761,6,ERR3474723,human,in vivo,extracellular,bulk
PB2,618,1736,9,ERR3474723,human,in vivo,extracellular,bulk
PB2,620,1477,1,ERR3474723,human,in vivo,extracellular,bulk
PB2,620,1685,1,ERR3474723,human,in vivo,extracellular,bulk
PB2,620,1918,1,ERR3474723,human,in vivo,extracellular,bulk
PB2,621,1862,3,ERR3474723,human,in vivo,extracellular,bulk
PB2,622,1634,3,ERR3474723,human,in vivo,extracellular,bulk
PB2,622,1791,1,ERR3474723,human,in vivo,extracellular,bulk
PB2,623,1464,1,ERR3474723,human,in vivo,extracellular,bulk
PB2,623,1736,1,ERR3474723,human,in vivo,extracellular,bulk
PB2,623,1738,2,ERR3474723,human,in vivo,extracellular,bulk
PB2,624,1655,1,ERR3474723,human,in vivo,extracellular,bulk
PB2,624,1693,1,ERR3474723,human,in vivo,extracellular,bulk
PB2,624,1770,1,ERR3474723,human,in vivo,extracellular,bulk
PB2,624,1829,1,ERR3474723,human,in vivo,extracellular,bulk
PB2,624,1839,1,ERR3474723,human,in vivo,extracellular,bulk
PB2,62,245,1,ERR3474723,human,in vivo,extracellular,bulk
PB2,633,1854,1,ERR3474723,human,in vivo,extracellular,bulk
PB2,633,1958,2,ERR3474723,human,in vivo,extracellular,bulk
PB2,634,1636,4,ERR3474723,human,in vivo,extracellular,bulk
PB2,634,1741,2,ERR3474723,human,in vivo,extracellular,bulk
PB2,637,1614,1,ERR3474723,human,in vivo,extracellular,bulk
PB2,637,1907,3,ERR3474723,human,in vivo,extracellular,bulk
PB2,638,1950,16,ERR3474723,human,in vivo,extracellular,bulk
PB2,639,1871,1,ERR3474723,human,in vivo,extracellular,bulk
PB2,642,1766,1,ERR3474723,human,in vivo,extracellular,bulk
PB2,642,1835,1,ERR3474723,human,in vivo,extracellular,bulk
PB2,643,1542,3,ERR3474723,human,in vivo,extracellular,bulk
PB2,643,1908,4,ERR3474723,human,in vivo,extracellular,bulk
PB2,643,1951,1,ERR3474723,human,in vivo,extracellular,bulk
PB2,646,1538,1,ERR3474723,human,in vivo,extracellular,bulk
PB2,646,1618,3,ERR3474723,human,in vivo,extracellular,bulk
PB2,647,1785,2,ERR3474723,human,in vivo,extracellular,bulk
PB2,64,125,3,ERR3474723,human,in vivo,extracellular,bulk
PB2,704,2028,1,ERR3474723,human,in vivo,extracellular,bulk
PB2,707,1730,3,ERR3474723,human,in vivo,extracellular,bulk
PB2,709,1760,1,ERR3474723,human,in vivo,extracellular,bulk
PB2,709,743,1,ERR3474723,human,in vivo,extracellular,bulk
PB2,713,1712,1,ERR3474723,human,in vivo,extracellular,bulk
PB2,716,1614,1,ERR3474723,human,in vivo,extracellular,bulk
PB2,716,1872,2,ERR3474723,human,in vivo,extracellular,bulk
PB2,720,1719,1,ERR3474723,human,in vivo,extracellular,bulk
PB2,725,1608,7,ERR3474723,human,in vivo,extracellular,bulk
PB2,727,2015,2,ERR3474723,human,in vivo,extracellular,bulk
PB2,733,1758,3,ERR3474723,human,in vivo,extracellular,bulk
PB2,737,1283,1,ERR3474723,human,in vivo,extracellular,bulk
PB2,739,1576,1,ERR3474723,human,in vivo,extracellular,bulk
PB2,760,1691,1,ERR3474723,human,in vivo,extracellular,bulk
PB2,761,1827,2,ERR3474723,human,in vivo,extracellular,bulk
PB2,761,1838,2,ERR3474723,human,in vivo,extracellular,bulk
PB2,783,1609,2,ERR3474723,human,in vivo,extracellular,bulk
PB2,783,1633,1,ERR3474723,human,in vivo,extracellular,bulk
PB2,786,1662,2,ERR3474723,human,in vivo,extracellular,bulk
PB2,786,1665,27,ERR3474723,human,in vivo,extracellular,bulk
PB2,786,1753,2,ERR3474723,human,in vivo,extracellular,bulk
PB2,788,1761,1,ERR3474723,human,in vivo,extracellular,bulk
PB2,789,1542,4,ERR3474723,human,in vivo,extracellular,bulk
PB2,78,113,2,ERR3474723,human,in vivo,extracellular,bulk
PB2,792,1524,2,ERR3474723,human,in vivo,extracellular,bulk
PB2,792,1614,1,ERR3474723,human,in vivo,extracellular,bulk
PB2,792,1619,1,ERR3474723,human,in vivo,extracellular,bulk
PB2,792,1655,1,ERR3474723,human,in vivo,extracellular,bulk
PB2,795,1838,2,ERR3474723,human,in vivo,extracellular,bulk
PB2,839,1661,1,ERR3474723,human,in vivo,extracellular,bulk
PB2,83,136,1,ERR3474723,human,in vivo,extracellular,bulk
PB2,842,1467,7,ERR3474723,human,in vivo,extracellular,bulk
PB2,842,1573,3,ERR3474723,human,in vivo,extracellular,bulk
PB2,842,1574,2,ERR3474723,human,in vivo,extracellular,bulk
PB2,847,950,2,ERR3474723,human,in vivo,extracellular,bulk
PB2,85,2127,9,ERR3474723,human,in vivo,extracellular,bulk
PB2,860,1519,3,ERR3474723,human,in vivo,extracellular,bulk
PB2,860,1828,1,ERR3474723,human,in vivo,extracellular,bulk
PB2,86,123,1,ERR3474723,human,in vivo,extracellular,bulk
PB2,86,136,1,ERR3474723,human,in vivo,extracellular,bulk
PB2,97,2209,1,ERR3474723,human,in vivo,extracellular,bulk
PB2,989,1521,8,ERR3474723,human,in vivo,extracellular,bulk
PB2,995,1539,2,ERR3474723,human,in vivo,extracellular,bulk
PA,109,1777,1,ERR3474723,human,in vivo,extracellular,bulk
PA,1103,1161,3,ERR3474723,human,in vivo,extracellular,bulk
PA,1111,1152,2,ERR3474723,human,in vivo,extracellular,bulk
PA,1513,2172,1,ERR3474723,human,in vivo,extracellular,bulk
PA,166,1745,2,ERR3474723,human,in vivo,extracellular,bulk
PA,166,2104,13,ERR3474723,human,in vivo,extracellular,bulk
PA,167,1856,1,ERR3474723,human,in vivo,extracellular,bulk
PA,168,1743,2,ERR3474723,human,in vivo,extracellular,bulk
PA,168,1956,3,ERR3474723,human,in vivo,extracellular,bulk
PA,170,1861,1,ERR3474723,human,in vivo,extracellular,bulk
PA,170,2078,2,ERR3474723,human,in vivo,extracellular,bulk
PA,170,2088,1,ERR3474723,human,in vivo,extracellular,bulk
PA,173,1861,2,ERR3474723,human,in vivo,extracellular,bulk
PA,180,2067,2,ERR3474723,human,in vivo,extracellular,bulk
PA,187,2072,2,ERR3474723,human,in vivo,extracellular,bulk
PA,191,1829,2,ERR3474723,human,in vivo,extracellular,bulk
PA,192,2083,4,ERR3474723,human,in vivo,extracellular,bulk
PA,200,1489,1,ERR3474723,human,in vivo,extracellular,bulk
PA,2017,2172,3,ERR3474723,human,in vivo,extracellular,bulk
PA,202,2128,5,ERR3474723,human,in vivo,extracellular,bulk
PA,2056,2117,3,ERR3474723,human,in vivo,extracellular,bulk
PA,2062,2088,35,ERR3474723,human,in vivo,extracellular,bulk
PA,2062,2104,1,ERR3474723,human,in vivo,extracellular,bulk
PA,209,1373,13,ERR3474723,human,in vivo,extracellular,bulk
PA,210,1963,1,ERR3474723,human,in vivo,extracellular,bulk
PA,211,1828,9,ERR3474723,human,in vivo,extracellular,bulk
PA,211,1857,9,ERR3474723,human,in vivo,extracellular,bulk
PA,211,1861,3,ERR3474723,human,in vivo,extracellular,bulk
PA,212,1837,1,ERR3474723,human,in vivo,extracellular,bulk
PA,220,1441,1,ERR3474723,human,in vivo,extracellular,bulk
PA,226,2053,3,ERR3474723,human,in vivo,extracellular,bulk
PA,259,1929,1,ERR3474723,human,in vivo,extracellular,bulk
PA,259,2090,3,ERR3474723,human,in vivo,extracellular,bulk
PA,266,2005,5,ERR3474723,human,in vivo,extracellular,bulk
PA,278,2042,3,ERR3474723,human,in vivo,extracellular,bulk
PA,286,2125,1,ERR3474723,human,in vivo,extracellular,bulk
PA,302,1833,3,ERR3474723,human,in vivo,extracellular,bulk
PA,305,1686,7,ERR3474723,human,in vivo,extracellular,bulk
PA,308,2043,4,ERR3474723,human,in vivo,extracellular,bulk
PA,314,1905,34,ERR3474723,human,in vivo,extracellular,bulk
PA,314,1906,1,ERR3474723,human,in vivo,extracellular,bulk
PA,314,1929,3,ERR3474723,human,in vivo,extracellular,bulk
PA,314,1945,3,ERR3474723,human,in vivo,extracellular,bulk
PA,315,1906,1,ERR3474723,human,in vivo,extracellular,bulk
PA,326,1860,1,ERR3474723,human,in vivo,extracellular,bulk
PA,340,1426,5,ERR3474723,human,in vivo,extracellular,bulk
PA,362,1690,7,ERR3474723,human,in vivo,extracellular,bulk
PA,366,1710,13,ERR3474723,human,in vivo,extracellular,bulk
PA,367,1857,1,ERR3474723,human,in vivo,extracellular,bulk
PA,367,1861,6,ERR3474723,human,in vivo,extracellular,bulk
PA,367,422,5,ERR3474723,human,in vivo,extracellular,bulk
PA,379,1928,2,ERR3474723,human,in vivo,extracellular,bulk
PA,37,65,3,ERR3474723,human,in vivo,extracellular,bulk
PA,399,1858,20,ERR3474723,human,in vivo,extracellular,bulk
PA,403,1485,2,ERR3474723,human,in vivo,extracellular,bulk
PA,410,1862,2,ERR3474723,human,in vivo,extracellular,bulk
PA,426,1860,1,ERR3474723,human,in vivo,extracellular,bulk
PA,42,88,1,ERR3474723,human,in vivo,extracellular,bulk
PA,437,1907,2,ERR3474723,human,in vivo,extracellular,bulk
PA,438,1826,1,ERR3474723,human,in vivo,extracellular,bulk
PA,456,1885,7,ERR3474723,human,in vivo,extracellular,bulk
PA,457,1856,1,ERR3474723,human,in vivo,extracellular,bulk
PA,458,1827,2,ERR3474723,human,in vivo,extracellular,bulk
PA,459,1839,1,ERR3474723,human,in vivo,extracellular,bulk
PA,463,1822,1,ERR3474723,human,in vivo,extracellular,bulk
PA,463,1934,4,ERR3474723,human,in vivo,extracellular,bulk
PA,477,1838,3,ERR3474723,human,in vivo,extracellular,bulk
PA,478,1831,1,ERR3474723,human,in vivo,extracellular,bulk
PA,478,1852,1,ERR3474723,human,in vivo,extracellular,bulk
PA,478,1861,1,ERR3474723,human,in vivo,extracellular,bulk
PA,47,88,1,ERR3474723,human,in vivo,extracellular,bulk
PA,486,1710,3,ERR3474723,human,in vivo,extracellular,bulk
PA,489,1730,7,ERR3474723,human,in vivo,extracellular,bulk
PA,495,1856,11,ERR3474723,human,in vivo,extracellular,bulk
PA,496,1756,1,ERR3474723,human,in vivo,extracellular,bulk
PA,498,1945,1,ERR3474723,human,in vivo,extracellular,bulk
PA,504,1738,2,ERR3474723,human,in vivo,extracellular,bulk
PA,504,2069,2,ERR3474723,human,in vivo,extracellular,bulk
PA,505,1823,4,ERR3474723,human,in vivo,extracellular,bulk
PA,505,1954,1,ERR3474723,human,in vivo,extracellular,bulk
PA,506,553,3,ERR3474723,human,in vivo,extracellular,bulk
PA,514,1719,1,ERR3474723,human,in vivo,extracellular,bulk
PA,514,1811,3,ERR3474723,human,in vivo,extracellular,bulk
PA,514,1866,1,ERR3474723,human,in vivo,extracellular,bulk
PA,515,1731,2,ERR3474723,human,in vivo,extracellular,bulk
PA,515,1773,5,ERR3474723,human,in vivo,extracellular,bulk
PA,516,1642,1,ERR3474723,human,in vivo,extracellular,bulk
PA,517,1679,1,ERR3474723,human,in vivo,extracellular,bulk
PA,519,1743,3,ERR3474723,human,in vivo,extracellular,bulk
PA,524,1083,1,ERR3474723,human,in vivo,extracellular,bulk
PA,528,1750,3,ERR3474723,human,in vivo,extracellular,bulk
PA,531,1703,1,ERR3474723,human,in vivo,extracellular,bulk
PA,539,1731,6,ERR3474723,human,in vivo,extracellular,bulk
PA,542,1812,1,ERR3474723,human,in vivo,extracellular,bulk
PA,543,1728,28,ERR3474723,human,in vivo,extracellular,bulk
PA,547,1772,3,ERR3474723,human,in vivo,extracellular,bulk
PA,556,1639,1,ERR3474723,human,in vivo,extracellular,bulk
PA,562,1639,17,ERR3474723,human,in vivo,extracellular,bulk
PA,562,1678,1,ERR3474723,human,in vivo,extracellular,bulk
PA,577,1499,1,ERR3474723,human,in vivo,extracellular,bulk
PA,577,1824,1,ERR3474723,human,in vivo,extracellular,bulk
PA,579,1611,1,ERR3474723,human,in vivo,extracellular,bulk
PA,581,1611,2,ERR3474723,human,in vivo,extracellular,bulk
PA,601,1676,1,ERR3474723,human,in vivo,extracellular,bulk
PA,601,2134,17,ERR3474723,human,in vivo,extracellular,bulk
PA,602,1581,13,ERR3474723,human,in vivo,extracellular,bulk
PA,602,2043,6,ERR3474723,human,in vivo,extracellular,bulk
PA,614,1724,1,ERR3474723,human,in vivo,extracellular,bulk
PA,615,1707,1,ERR3474723,human,in vivo,extracellular,bulk
PA,618,1642,4,ERR3474723,human,in vivo,extracellular,bulk
PA,629,1901,5,ERR3474723,human,in vivo,extracellular,bulk
PA,631,1861,2,ERR3474723,human,in vivo,extracellular,bulk
PA,635,1641,3,ERR3474723,human,in vivo,extracellular,bulk
PA,635,1688,2,ERR3474723,human,in vivo,extracellular,bulk
PA,635,1735,1,ERR3474723,human,in vivo,extracellular,bulk
PA,635,1837,1,ERR3474723,human,in vivo,extracellular,bulk
PA,636,1637,1,ERR3474723,human,in vivo,extracellular,bulk
PA,636,1695,2,ERR3474723,human,in vivo,extracellular,bulk
PA,636,1750,1,ERR3474723,human,in vivo,extracellular,bulk
PA,649,1640,4,ERR3474723,human,in vivo,extracellular,bulk
PA,652,1613,1,ERR3474723,human,in vivo,extracellular,bulk
PA,653,1594,79,ERR3474723,human,in vivo,extracellular,bulk
PA,653,1609,1,ERR3474723,human,in vivo,extracellular,bulk
PA,659,1502,4,ERR3474723,human,in vivo,extracellular,bulk
PA,662,1637,3,ERR3474723,human,in vivo,extracellular,bulk
PA,662,1691,1,ERR3474723,human,in vivo,extracellular,bulk
PA,671,1561,1,ERR3474723,human,in vivo,extracellular,bulk
PA,677,1688,2,ERR3474723,human,in vivo,extracellular,bulk
PA,698,1615,1,ERR3474723,human,in vivo,extracellular,bulk
PA,699,1687,2,ERR3474723,human,in vivo,extracellular,bulk
PA,715,1695,1,ERR3474723,human,in vivo,extracellular,bulk
PA,766,1636,1,ERR3474723,human,in vivo,extracellular,bulk
PA,776,1708,1,ERR3474723,human,in vivo,extracellular,bulk
PA,779,1485,1,ERR3474723,human,in vivo,extracellular,bulk
PA,804,1503,1,ERR3474723,human,in vivo,extracellular,bulk
PA,838,1464,1,ERR3474723,human,in vivo,extracellular,bulk
PA,838,1633,2,ERR3474723,human,in vivo,extracellular,bulk
PA,847,1633,1,ERR3474723,human,in vivo,extracellular,bulk
PA,864,1404,1,ERR3474723,human,in vivo,extracellular,bulk
PA,91,1275,1,ERR3474723,human,in vivo,extracellular,bulk
PA,94,1710,1,ERR3474723,human,in vivo,extracellular,bulk
PA,95,129,3,ERR3474723,human,in vivo,extracellular,bulk
HA,278,1562,1,ERR3474723,human,in vivo,extracellular,bulk
HA,411,1450,1,ERR3474723,human,in vivo,extracellular,bulk
HA,412,1458,13,ERR3474723,human,in vivo,extracellular,bulk
HA,879,918,2,ERR3474723,human,in vivo,extracellular,bulk
M,107,1068,2,ERR3474723,human,in vivo,extracellular,bulk
M,117,1048,3,ERR3474723,human,in vivo,extracellular,bulk
M,122,155,2,ERR3474723,human,in vivo,extracellular,bulk
M,125,1081,1,ERR3474723,human,in vivo,extracellular,bulk
M,143,1048,15,ERR3474723,human,in vivo,extracellular,bulk
M,153,1069,1,ERR3474723,human,in vivo,extracellular,bulk
M,167,1052,2,ERR3474723,human,in vivo,extracellular,bulk
M,176,1080,2,ERR3474723,human,in vivo,extracellular,bulk
M,184,1075,42,ERR3474723,human,in vivo,extracellular,bulk
M,194,1008,2,ERR3474723,human,in vivo,extracellular,bulk
M,201,1113,3,ERR3474723,human,in vivo,extracellular,bulk
M,202,1060,1,ERR3474723,human,in vivo,extracellular,bulk
M,204,1099,1,ERR3474723,human,in vivo,extracellular,bulk
M,217,1112,4,ERR3474723,human,in vivo,extracellular,bulk
M,218,1033,2,ERR3474723,human,in vivo,extracellular,bulk
M,225,1113,1,ERR3474723,human,in vivo,extracellular,bulk
M,89,992,1,ERR3474723,human,in vivo,extracellular,bulk
M,961,1103,1,ERR3474723,human,in vivo,extracellular,bulk
M,96,226,2,ERR3474723,human,in vivo,extracellular,bulk
PB1,129,2188,92,ERR3474724,human,in vivo,extracellular,bulk
PB1,257,2047,147,ERR3474724,human,in vivo,extracellular,bulk
PB1,306,1994,231,ERR3474724,human,in vivo,extracellular,bulk
PB1,353,1536,302,ERR3474724,human,in vivo,extracellular,bulk
PB1,425,1580,1,ERR3474724,human,in vivo,extracellular,bulk
PB1,427,1720,1,ERR3474724,human,in vivo,extracellular,bulk
PB1,428,1720,1136,ERR3474724,human,in vivo,extracellular,bulk
PB1,429,1721,3,ERR3474724,human,in vivo,extracellular,bulk
PB1,499,1815,39,ERR3474724,human,in vivo,extracellular,bulk
PB1,577,1789,1,ERR3474724,human,in vivo,extracellular,bulk
PB1,799,1496,86,ERR3474724,human,in vivo,extracellular,bulk
PB1,839,1539,81,ERR3474724,human,in vivo,extracellular,bulk
PB1,840,1446,197,ERR3474724,human,in vivo,extracellular,bulk
PB2,241,2195,38,ERR3474724,human,in vivo,extracellular,bulk
PB2,311,359,2,ERR3474724,human,in vivo,extracellular,bulk
PB2,344,2265,61,ERR3474724,human,in vivo,extracellular,bulk
PB2,504,1932,2,ERR3474724,human,in vivo,extracellular,bulk
PB2,507,1948,5,ERR3474724,human,in vivo,extracellular,bulk
PB2,552,1948,1,ERR3474724,human,in vivo,extracellular,bulk
PB2,553,1948,2,ERR3474724,human,in vivo,extracellular,bulk
PB2,995,2301,1,ERR3474724,human,in vivo,extracellular,bulk
PA,1962,2047,51,ERR3474724,human,in vivo,extracellular,bulk
PA,201,2042,13,ERR3474724,human,in vivo,extracellular,bulk
PA,283,2029,39,ERR3474724,human,in vivo,extracellular,bulk
PA,367,1857,93,ERR3474724,human,in vivo,extracellular,bulk
PA,453,1857,65,ERR3474724,human,in vivo,extracellular,bulk
PA,514,1811,26,ERR3474724,human,in vivo,extracellular,bulk
M,108,1029,7,ERR3474724,human,in vivo,extracellular,bulk
PB1,1779,2036,2,ERR3474725,human,in vivo,extracellular,bulk
PB1,1803,1917,4,ERR3474725,human,in vivo,extracellular,bulk
PB1,1886,1916,1,ERR3474725,human,in vivo,extracellular,bulk
PB1,1886,1942,1,ERR3474725,human,in vivo,extracellular,bulk
PB1,252,1991,78,ERR3474725,human,in vivo,extracellular,bulk
PB1,253,1992,1,ERR3474725,human,in vivo,extracellular,bulk
PB1,285,2045,2,ERR3474725,human,in vivo,extracellular,bulk
PB1,287,2047,1170,ERR3474725,human,in vivo,extracellular,bulk
PB1,288,2048,5,ERR3474725,human,in vivo,extracellular,bulk
PB1,291,1949,3,ERR3474725,human,in vivo,extracellular,bulk
PB1,294,2050,3,ERR3474725,human,in vivo,extracellular,bulk
PB1,307,1999,1,ERR3474725,human,in vivo,extracellular,bulk
PB1,307,2000,1,ERR3474725,human,in vivo,extracellular,bulk
PB1,308,2018,1,ERR3474725,human,in vivo,extracellular,bulk
PB1,309,1987,1,ERR3474725,human,in vivo,extracellular,bulk
PB1,309,1997,5,ERR3474725,human,in vivo,extracellular,bulk
PB1,310,1998,539,ERR3474725,human,in vivo,extracellular,bulk
PB1,310,2003,190,ERR3474725,human,in vivo,extracellular,bulk
PB1,311,1999,3,ERR3474725,human,in vivo,extracellular,bulk
PB1,311,2057,10,ERR3474725,human,in vivo,extracellular,bulk
PB1,311,2066,113,ERR3474725,human,in vivo,extracellular,bulk
PB1,338,2001,1,ERR3474725,human,in vivo,extracellular,bulk
PB1,346,1950,2,ERR3474725,human,in vivo,extracellular,bulk
PB1,348,1814,235,ERR3474725,human,in vivo,extracellular,bulk
PB1,350,2014,1,ERR3474725,human,in vivo,extracellular,bulk
PB1,366,1994,171,ERR3474725,human,in vivo,extracellular,bulk
PB1,374,1938,2,ERR3474725,human,in vivo,extracellular,bulk
PB1,375,1939,275,ERR3474725,human,in vivo,extracellular,bulk
PB1,377,1933,2,ERR3474725,human,in vivo,extracellular,bulk
PB1,378,1849,2,ERR3474725,human,in vivo,extracellular,bulk
PB1,378,1940,98,ERR3474725,human,in vivo,extracellular,bulk
PB1,379,1935,481,ERR3474725,human,in vivo,extracellular,bulk
PB1,390,1927,3,ERR3474725,human,in vivo,extracellular,bulk
PB1,423,1771,27,ERR3474725,human,in vivo,extracellular,bulk
PB1,425,1753,4,ERR3474725,human,in vivo,extracellular,bulk
PB1,426,1775,1,ERR3474725,human,in vivo,extracellular,bulk
PB1,427,1775,6666,ERR3474725,human,in vivo,extracellular,bulk
PB1,428,1776,2,ERR3474725,human,in vivo,extracellular,bulk
PB1,438,1808,198,ERR3474725,human,in vivo,extracellular,bulk
PB1,448,1810,2,ERR3474725,human,in vivo,extracellular,bulk
PB1,449,1781,233,ERR3474725,human,in vivo,extracellular,bulk
PB1,452,1979,1,ERR3474725,human,in vivo,extracellular,bulk
PB1,452,2046,1,ERR3474725,human,in vivo,extracellular,bulk
PB1,454,1981,98,ERR3474725,human,in vivo,extracellular,bulk
PB1,454,1992,220,ERR3474725,human,in vivo,extracellular,bulk
PB1,455,1993,1,ERR3474725,human,in vivo,extracellular,bulk
PB1,463,1945,242,ERR3474725,human,in vivo,extracellular,bulk
PB1,465,1947,1,ERR3474725,human,in vivo,extracellular,bulk
PB1,470,1946,1,ERR3474725,human,in vivo,extracellular,bulk
PB1,500,1654,574,ERR3474725,human,in vivo,extracellular,bulk
PB1,500,1655,2,ERR3474725,human,in vivo,extracellular,bulk
PB1,501,1655,3,ERR3474725,human,in vivo,extracellular,bulk
PB1,516,1656,2,ERR3474725,human,in vivo,extracellular,bulk
PB1,535,1781,57,ERR3474725,human,in vivo,extracellular,bulk
PB1,538,1768,206,ERR3474725,human,in vivo,extracellular,bulk
PB1,542,1856,74,ERR3474725,human,in vivo,extracellular,bulk
PB1,582,1756,200,ERR3474725,human,in vivo,extracellular,bulk
PB1,583,1758,1,ERR3474725,human,in vivo,extracellular,bulk
PB1,587,1809,159,ERR3474725,human,in vivo,extracellular,bulk
PB1,589,1764,175,ERR3474725,human,in vivo,extracellular,bulk
PB1,597,2092,199,ERR3474725,human,in vivo,extracellular,bulk
PB1,617,1738,121,ERR3474725,human,in vivo,extracellular,bulk
PB1,642,1741,144,ERR3474725,human,in vivo,extracellular,bulk
PB1,655,1843,223,ERR3474725,human,in vivo,extracellular,bulk
PB1,656,1844,1,ERR3474725,human,in vivo,extracellular,bulk
PB1,702,1516,85,ERR3474725,human,in vivo,extracellular,bulk
PB1,713,1590,1,ERR3474725,human,in vivo,extracellular,bulk
PB1,721,1937,1,ERR3474725,human,in vivo,extracellular,bulk
PB1,726,1942,178,ERR3474725,human,in vivo,extracellular,bulk
PB1,832,1624,2,ERR3474725,human,in vivo,extracellular,bulk
PB1,871,1586,37,ERR3474725,human,in vivo,extracellular,bulk
PB2,139,2175,2,ERR3474725,human,in vivo,extracellular,bulk
PB2,150,1949,277,ERR3474725,human,in vivo,extracellular,bulk
PB2,162,2143,1,ERR3474725,human,in vivo,extracellular,bulk
PB2,164,2144,635,ERR3474725,human,in vivo,extracellular,bulk
PB2,164,2211,118,ERR3474725,human,in vivo,extracellular,bulk
PB2,164,2216,99,ERR3474725,human,in vivo,extracellular,bulk
PB2,164,245,141,ERR3474725,human,in vivo,extracellular,bulk
PB2,165,2145,1,ERR3474725,human,in vivo,extracellular,bulk
PB2,165,246,1,ERR3474725,human,in vivo,extracellular,bulk
PB2,166,2205,71,ERR3474725,human,in vivo,extracellular,bulk
PB2,167,2121,1,ERR3474725,human,in vivo,extracellular,bulk
PB2,168,2177,1,ERR3474725,human,in vivo,extracellular,bulk
PB2,169,2123,108,ERR3474725,human,in vivo,extracellular,bulk
PB2,169,2145,137,ERR3474725,human,in vivo,extracellular,bulk
PB2,169,2170,3,ERR3474725,human,in vivo,extracellular,bulk
PB2,171,1912,122,ERR3474725,human,in vivo,extracellular,bulk
PB2,1744,1865,1,ERR3474725,human,in vivo,extracellular,bulk
PB2,205,2143,1,ERR3474725,human,in vivo,extracellular,bulk
PB2,231,2022,1,ERR3474725,human,in vivo,extracellular,bulk
PB2,233,2146,1,ERR3474725,human,in vivo,extracellular,bulk
PB2,234,2147,1,ERR3474725,human,in vivo,extracellular,bulk
PB2,238,2143,115,ERR3474725,human,in vivo,extracellular,bulk
PB2,241,2122,1,ERR3474725,human,in vivo,extracellular,bulk
PB2,241,2125,3,ERR3474725,human,in vivo,extracellular,bulk
PB2,243,2073,61,ERR3474725,human,in vivo,extracellular,bulk
PB2,243,2127,95,ERR3474725,human,in vivo,extracellular,bulk
PB2,244,1998,146,ERR3474725,human,in vivo,extracellular,bulk
PB2,244,2028,3,ERR3474725,human,in vivo,extracellular,bulk
PB2,244,2049,2,ERR3474725,human,in vivo,extracellular,bulk
PB2,244,2125,164,ERR3474725,human,in vivo,extracellular,bulk
PB2,244,2144,723,ERR3474725,human,in vivo,extracellular,bulk
PB2,244,2206,207,ERR3474725,human,in vivo,extracellular,bulk
PB2,245,1999,1,ERR3474725,human,in vivo,extracellular,bulk
PB2,245,2145,4,ERR3474725,human,in vivo,extracellular,bulk
PB2,245,2188,1,ERR3474725,human,in vivo,extracellular,bulk
PB2,245,2207,1,ERR3474725,human,in vivo,extracellular,bulk
PB2,254,2144,279,ERR3474725,human,in vivo,extracellular,bulk
PB2,270,1836,2,ERR3474725,human,in vivo,extracellular,bulk
PB2,291,1632,1,ERR3474725,human,in vivo,extracellular,bulk
PB2,307,2032,1,ERR3474725,human,in vivo,extracellular,bulk
PB2,308,2033,210,ERR3474725,human,in vivo,extracellular,bulk
PB2,325,1665,1,ERR3474725,human,in vivo,extracellular,bulk
PB2,332,2008,129,ERR3474725,human,in vivo,extracellular,bulk
PB2,373,1967,1,ERR3474725,human,in vivo,extracellular,bulk
PB2,387,2035,24,ERR3474725,human,in vivo,extracellular,bulk
PB2,397,1927,82,ERR3474725,human,in vivo,extracellular,bulk
PB2,398,1928,1,ERR3474725,human,in vivo,extracellular,bulk
PB2,417,1840,181,ERR3474725,human,in vivo,extracellular,bulk
PB2,417,2024,90,ERR3474725,human,in vivo,extracellular,bulk
PB2,417,2033,112,ERR3474725,human,in vivo,extracellular,bulk
PB2,417,551,2,ERR3474725,human,in vivo,extracellular,bulk
PB2,41,67,39,ERR3474725,human,in vivo,extracellular,bulk
PB2,426,1952,2,ERR3474725,human,in vivo,extracellular,bulk
PB2,426,2017,1,ERR3474725,human,in vivo,extracellular,bulk
PB2,427,1953,162,ERR3474725,human,in vivo,extracellular,bulk
PB2,428,2019,91,ERR3474725,human,in vivo,extracellular,bulk
PB2,476,2060,1,ERR3474725,human,in vivo,extracellular,bulk
PB2,477,2061,116,ERR3474725,human,in vivo,extracellular,bulk
PB2,480,1294,1,ERR3474725,human,in vivo,extracellular,bulk
PB2,481,1926,62,ERR3474725,human,in vivo,extracellular,bulk
PB2,494,2027,1,ERR3474725,human,in vivo,extracellular,bulk
PB2,497,2030,1,ERR3474725,human,in vivo,extracellular,bulk
PB2,498,1791,48,ERR3474725,human,in vivo,extracellular,bulk
PB2,500,2033,73,ERR3474725,human,in vivo,extracellular,bulk
PB2,588,1948,1,ERR3474725,human,in vivo,extracellular,bulk
PB2,598,2189,2,ERR3474725,human,in vivo,extracellular,bulk
PB2,600,2191,160,ERR3474725,human,in vivo,extracellular,bulk
PB2,605,1750,1,ERR3474725,human,in vivo,extracellular,bulk
PB2,608,1753,219,ERR3474725,human,in vivo,extracellular,bulk
PB2,610,2070,1,ERR3474725,human,in vivo,extracellular,bulk
PB2,620,1698,18,ERR3474725,human,in vivo,extracellular,bulk
PB2,624,1690,114,ERR3474725,human,in vivo,extracellular,bulk
PB2,624,1691,1,ERR3474725,human,in vivo,extracellular,bulk
PB2,632,1630,117,ERR3474725,human,in vivo,extracellular,bulk
PB2,707,1768,172,ERR3474725,human,in vivo,extracellular,bulk
PB2,725,2028,1,ERR3474725,human,in vivo,extracellular,bulk
PB2,748,2068,2,ERR3474725,human,in vivo,extracellular,bulk
PB2,749,1699,25,ERR3474725,human,in vivo,extracellular,bulk
PB2,784,1863,1,ERR3474725,human,in vivo,extracellular,bulk
PB2,841,1982,131,ERR3474725,human,in vivo,extracellular,bulk
PB2,856,1781,1,ERR3474725,human,in vivo,extracellular,bulk
PB2,920,1541,65,ERR3474725,human,in vivo,extracellular,bulk
PB2,995,2301,4,ERR3474725,human,in vivo,extracellular,bulk
PA,1747,1787,1,ERR3474725,human,in vivo,extracellular,bulk
PA,198,2135,38,ERR3474725,human,in vivo,extracellular,bulk
PA,214,2133,82,ERR3474725,human,in vivo,extracellular,bulk
PA,225,2003,1,ERR3474725,human,in vivo,extracellular,bulk
PA,227,2005,217,ERR3474725,human,in vivo,extracellular,bulk
PA,227,2067,111,ERR3474725,human,in vivo,extracellular,bulk
PA,258,2046,63,ERR3474725,human,in vivo,extracellular,bulk
PA,278,2076,1,ERR3474725,human,in vivo,extracellular,bulk
PA,295,1642,18,ERR3474725,human,in vivo,extracellular,bulk
PA,296,2126,1,ERR3474725,human,in vivo,extracellular,bulk
PA,304,2132,1,ERR3474725,human,in vivo,extracellular,bulk
PA,314,1904,44,ERR3474725,human,in vivo,extracellular,bulk
PA,314,1905,371,ERR3474725,human,in vivo,extracellular,bulk
PA,337,2117,45,ERR3474725,human,in vivo,extracellular,bulk
PA,359,1827,109,ERR3474725,human,in vivo,extracellular,bulk
PA,362,1855,1,ERR3474725,human,in vivo,extracellular,bulk
PA,364,1854,1,ERR3474725,human,in vivo,extracellular,bulk
PA,364,1857,162,ERR3474725,human,in vivo,extracellular,bulk
PA,365,1632,34,ERR3474725,human,in vivo,extracellular,bulk
PA,367,1857,120,ERR3474725,human,in vivo,extracellular,bulk
PA,462,1857,1,ERR3474725,human,in vivo,extracellular,bulk
PA,463,1719,92,ERR3474725,human,in vivo,extracellular,bulk
PA,463,1858,86,ERR3474725,human,in vivo,extracellular,bulk
PA,485,1771,1,ERR3474725,human,in vivo,extracellular,bulk
PA,490,1832,45,ERR3474725,human,in vivo,extracellular,bulk
PA,496,1804,1,ERR3474725,human,in vivo,extracellular,bulk
PA,499,1822,1,ERR3474725,human,in vivo,extracellular,bulk
PA,501,1812,61,ERR3474725,human,in vivo,extracellular,bulk
PA,501,1828,839,ERR3474725,human,in vivo,extracellular,bulk
PA,501,1902,55,ERR3474725,human,in vivo,extracellular,bulk
PA,504,1757,188,ERR3474725,human,in vivo,extracellular,bulk
PA,505,1079,1,ERR3474725,human,in vivo,extracellular,bulk
PA,505,1828,81,ERR3474725,human,in vivo,extracellular,bulk
PA,508,1825,1,ERR3474725,human,in vivo,extracellular,bulk
PA,508,2186,1,ERR3474725,human,in vivo,extracellular,bulk
PA,511,1808,9,ERR3474725,human,in vivo,extracellular,bulk
PA,512,1809,8,ERR3474725,human,in vivo,extracellular,bulk
PA,513,1811,1,ERR3474725,human,in vivo,extracellular,bulk
PA,514,1751,165,ERR3474725,human,in vivo,extracellular,bulk
PA,514,1811,2469,ERR3474725,human,in vivo,extracellular,bulk
PA,514,1904,119,ERR3474725,human,in vivo,extracellular,bulk
PA,515,1810,1,ERR3474725,human,in vivo,extracellular,bulk
PA,515,1812,5,ERR3474725,human,in vivo,extracellular,bulk
PA,515,1862,33,ERR3474725,human,in vivo,extracellular,bulk
PA,515,1905,1,ERR3474725,human,in vivo,extracellular,bulk
PA,515,538,1,ERR3474725,human,in vivo,extracellular,bulk
PA,517,1812,28,ERR3474725,human,in vivo,extracellular,bulk
PA,518,1811,142,ERR3474725,human,in vivo,extracellular,bulk
PA,520,1719,74,ERR3474725,human,in vivo,extracellular,bulk
PA,528,1861,17,ERR3474725,human,in vivo,extracellular,bulk
PA,530,1899,1,ERR3474725,human,in vivo,extracellular,bulk
PA,531,1775,244,ERR3474725,human,in vivo,extracellular,bulk
PA,531,1853,1,ERR3474725,human,in vivo,extracellular,bulk
PA,532,1776,1,ERR3474725,human,in vivo,extracellular,bulk
PA,538,1858,160,ERR3474725,human,in vivo,extracellular,bulk
PA,577,1707,16,ERR3474725,human,in vivo,extracellular,bulk
PA,653,1581,34,ERR3474725,human,in vivo,extracellular,bulk
PA,654,1638,12,ERR3474725,human,in vivo,extracellular,bulk
PA,654,2142,32,ERR3474725,human,in vivo,extracellular,bulk
PA,674,1722,55,ERR3474725,human,in vivo,extracellular,bulk
PA,677,2022,241,ERR3474725,human,in vivo,extracellular,bulk
PA,678,2023,1,ERR3474725,human,in vivo,extracellular,bulk
PA,706,1275,21,ERR3474725,human,in vivo,extracellular,bulk
PA,775,1491,17,ERR3474725,human,in vivo,extracellular,bulk
NP,202,1402,1,ERR3474725,human,in vivo,extracellular,bulk
NP,237,1474,1,ERR3474725,human,in vivo,extracellular,bulk
M,101,138,185,ERR3474725,human,in vivo,extracellular,bulk
M,107,1004,5,ERR3474725,human,in vivo,extracellular,bulk
M,118,983,255,ERR3474725,human,in vivo,extracellular,bulk
M,152,1058,84,ERR3474725,human,in vivo,extracellular,bulk
M,220,1047,1,ERR3474725,human,in vivo,extracellular,bulk
M,236,1029,122,ERR3474725,human,in vivo,extracellular,bulk
M,96,990,84,ERR3474725,human,in vivo,extracellular,bulk
PB1,300,2015,178,ERR3474726,human,in vivo,extracellular,bulk
PB2,995,2301,1,ERR3474726,human,in vivo,extracellular,bulk
PA,420,1909,40,ERR3474726,human,in vivo,extracellular,bulk
M,576,1126,2,ERR3474726,human,in vivo,extracellular,bulk
PB1,242,2163,204,ERR3474728,human,in vivo,extracellular,bulk
PB1,245,2166,1,ERR3474728,human,in vivo,extracellular,bulk
PB1,328,2000,179,ERR3474728,human,in vivo,extracellular,bulk
PB1,332,1989,1,ERR3474728,human,in vivo,extracellular,bulk
PB1,338,1990,8,ERR3474728,human,in vivo,extracellular,bulk
PB1,339,1990,13,ERR3474728,human,in vivo,extracellular,bulk
PB1,340,2002,2,ERR3474728,human,in vivo,extracellular,bulk
PB1,341,1990,1,ERR3474728,human,in vivo,extracellular,bulk
PB1,403,1950,1,ERR3474728,human,in vivo,extracellular,bulk
PB1,404,1947,26,ERR3474728,human,in vivo,extracellular,bulk
PB1,405,1948,79,ERR3474728,human,in vivo,extracellular,bulk
PB1,425,1997,1,ERR3474728,human,in vivo,extracellular,bulk
PB1,492,1914,1,ERR3474728,human,in vivo,extracellular,bulk
PB1,547,1835,1,ERR3474728,human,in vivo,extracellular,bulk
PB1,787,1500,44,ERR3474728,human,in vivo,extracellular,bulk
PB1,800,1499,94,ERR3474728,human,in vivo,extracellular,bulk
PB1,839,1573,272,ERR3474728,human,in vivo,extracellular,bulk
PB1,946,2047,1,ERR3474728,human,in vivo,extracellular,bulk
PB2,241,2123,71,ERR3474728,human,in vivo,extracellular,bulk
PB2,481,1426,1,ERR3474728,human,in vivo,extracellular,bulk
PB2,563,1706,1,ERR3474728,human,in vivo,extracellular,bulk
PB2,564,1707,203,ERR3474728,human,in vivo,extracellular,bulk
PB2,599,1608,99,ERR3474728,human,in vivo,extracellular,bulk
PB2,607,1836,274,ERR3474728,human,in vivo,extracellular,bulk
PB2,616,1838,1,ERR3474728,human,in vivo,extracellular,bulk
PB2,716,1872,1,ERR3474728,human,in vivo,extracellular,bulk
PB2,736,1660,1,ERR3474728,human,in vivo,extracellular,bulk
PB2,739,1749,3,ERR3474728,human,in vivo,extracellular,bulk
PB2,741,1665,204,ERR3474728,human,in vivo,extracellular,bulk
PB2,768,1785,1,ERR3474728,human,in vivo,extracellular,bulk
PB2,831,1608,1,ERR3474728,human,in vivo,extracellular,bulk
PB2,995,2301,1,ERR3474728,human,in vivo,extracellular,bulk
PA,1747,1787,1,ERR3474728,human,in vivo,extracellular,bulk
PA,437,1811,56,ERR3474728,human,in vivo,extracellular,bulk
PB1,500,1654,1,ERR3474729,human,in vivo,extracellular,bulk
M,217,1085,1,ERR3474729,human,in vivo,extracellular,bulk
PB1,100,1566,1,ERR3474750,human,in vivo,extracellular,bulk
PB1,145,2204,1,ERR3474750,human,in vivo,extracellular,bulk
PB1,1619,1830,1,ERR3474750,human,in vivo,extracellular,bulk
PB1,2070,2101,7,ERR3474750,human,in vivo,extracellular,bulk
PB1,2119,2208,11,ERR3474750,human,in vivo,extracellular,bulk
PB1,236,2015,1,ERR3474750,human,in vivo,extracellular,bulk
PB1,236,2102,1,ERR3474750,human,in vivo,extracellular,bulk
PB1,236,2113,2,ERR3474750,human,in vivo,extracellular,bulk
PB1,290,2246,2,ERR3474750,human,in vivo,extracellular,bulk
PB1,291,328,1,ERR3474750,human,in vivo,extracellular,bulk
PB1,294,2221,2,ERR3474750,human,in vivo,extracellular,bulk
PB1,296,1830,3,ERR3474750,human,in vivo,extracellular,bulk
PB1,297,2224,536,ERR3474750,human,in vivo,extracellular,bulk
PB1,298,2225,7,ERR3474750,human,in vivo,extracellular,bulk
PB1,300,325,1,ERR3474750,human,in vivo,extracellular,bulk
PB1,302,2013,19,ERR3474750,human,in vivo,extracellular,bulk
PB1,303,1942,7,ERR3474750,human,in vivo,extracellular,bulk
PB1,322,1978,1,ERR3474750,human,in vivo,extracellular,bulk
PB1,340,2045,4,ERR3474750,human,in vivo,extracellular,bulk
PB1,341,2046,2067,ERR3474750,human,in vivo,extracellular,bulk
PB1,341,371,2,ERR3474750,human,in vivo,extracellular,bulk
PB1,342,2047,1,ERR3474750,human,in vivo,extracellular,bulk
PB1,376,2051,2,ERR3474750,human,in vivo,extracellular,bulk
PB1,391,421,1,ERR3474750,human,in vivo,extracellular,bulk
PB1,393,2011,6,ERR3474750,human,in vivo,extracellular,bulk
PB1,420,2120,22,ERR3474750,human,in vivo,extracellular,bulk
PB1,426,2055,22,ERR3474750,human,in vivo,extracellular,bulk
PB1,428,1742,3,ERR3474750,human,in vivo,extracellular,bulk
PB1,435,1776,1,ERR3474750,human,in vivo,extracellular,bulk
PB1,451,2102,32,ERR3474750,human,in vivo,extracellular,bulk
PB1,457,1848,2,ERR3474750,human,in vivo,extracellular,bulk
PB1,461,1923,9,ERR3474750,human,in vivo,extracellular,bulk
PB1,512,2092,11,ERR3474750,human,in vivo,extracellular,bulk
PB1,518,1977,1,ERR3474750,human,in vivo,extracellular,bulk
PB1,519,1976,43,ERR3474750,human,in vivo,extracellular,bulk
PB1,519,1977,30,ERR3474750,human,in vivo,extracellular,bulk
PB1,519,2031,8,ERR3474750,human,in vivo,extracellular,bulk
PB1,521,1978,13434,ERR3474750,human,in vivo,extracellular,bulk
PB1,521,1979,16,ERR3474750,human,in vivo,extracellular,bulk
PB1,522,1979,4,ERR3474750,human,in vivo,extracellular,bulk
PB1,584,1740,14,ERR3474750,human,in vivo,extracellular,bulk
PB1,584,1774,1,ERR3474750,human,in vivo,extracellular,bulk
PB1,588,2037,1,ERR3474750,human,in vivo,extracellular,bulk
PB1,591,1606,1,ERR3474750,human,in vivo,extracellular,bulk
PB1,592,1608,4,ERR3474750,human,in vivo,extracellular,bulk
PB1,729,1552,1,ERR3474750,human,in vivo,extracellular,bulk
PB1,773,1577,2,ERR3474750,human,in vivo,extracellular,bulk
PB1,837,2014,1,ERR3474750,human,in vivo,extracellular,bulk
PB1,921,1428,1,ERR3474750,human,in vivo,extracellular,bulk
PB1,92,1563,97,ERR3474750,human,in vivo,extracellular,bulk
PB2,100,143,1,ERR3474750,human,in vivo,extracellular,bulk
PB2,1048,1801,2,ERR3474750,human,in vivo,extracellular,bulk
PB2,1146,1285,1,ERR3474750,human,in vivo,extracellular,bulk
PB2,1163,1202,2,ERR3474750,human,in vivo,extracellular,bulk
PB2,132,1314,1,ERR3474750,human,in vivo,extracellular,bulk
PB2,140,2153,126,ERR3474750,human,in vivo,extracellular,bulk
PB2,144,2062,1,ERR3474750,human,in vivo,extracellular,bulk
PB2,1452,1475,1,ERR3474750,human,in vivo,extracellular,bulk
PB2,151,2123,1,ERR3474750,human,in vivo,extracellular,bulk
PB2,152,2123,6,ERR3474750,human,in vivo,extracellular,bulk
PB2,1645,1920,1,ERR3474750,human,in vivo,extracellular,bulk
PB2,164,2144,304,ERR3474750,human,in vivo,extracellular,bulk
PB2,164,2216,1,ERR3474750,human,in vivo,extracellular,bulk
PB2,166,2077,1,ERR3474750,human,in vivo,extracellular,bulk
PB2,1943,2005,1,ERR3474750,human,in vivo,extracellular,bulk
PB2,203,2230,1,ERR3474750,human,in vivo,extracellular,bulk
PB2,2044,2068,3,ERR3474750,human,in vivo,extracellular,bulk
PB2,241,2052,4,ERR3474750,human,in vivo,extracellular,bulk
PB2,241,2123,2,ERR3474750,human,in vivo,extracellular,bulk
PB2,242,376,1,ERR3474750,human,in vivo,extracellular,bulk
PB2,243,2123,1,ERR3474750,human,in vivo,extracellular,bulk
PB2,244,2028,66,ERR3474750,human,in vivo,extracellular,bulk
PB2,244,2032,3386,ERR3474750,human,in vivo,extracellular,bulk
PB2,244,2034,8,ERR3474750,human,in vivo,extracellular,bulk
PB2,244,2055,1324,ERR3474750,human,in vivo,extracellular,bulk
PB2,244,2056,6,ERR3474750,human,in vivo,extracellular,bulk
PB2,244,2086,1,ERR3474750,human,in vivo,extracellular,bulk
PB2,244,2206,32,ERR3474750,human,in vivo,extracellular,bulk
PB2,244,457,1,ERR3474750,human,in vivo,extracellular,bulk
PB2,246,2034,11,ERR3474750,human,in vivo,extracellular,bulk
PB2,250,2208,2,ERR3474750,human,in vivo,extracellular,bulk
PB2,251,2260,4,ERR3474750,human,in vivo,extracellular,bulk
PB2,252,2063,9,ERR3474750,human,in vivo,extracellular,bulk
PB2,254,2065,2,ERR3474750,human,in vivo,extracellular,bulk
PB2,257,1916,1,ERR3474750,human,in vivo,extracellular,bulk
PB2,258,2250,1,ERR3474750,human,in vivo,extracellular,bulk
PB2,259,2238,1,ERR3474750,human,in vivo,extracellular,bulk
PB2,260,2283,1,ERR3474750,human,in vivo,extracellular,bulk
PB2,264,2091,1,ERR3474750,human,in vivo,extracellular,bulk
PB2,265,1974,1,ERR3474750,human,in vivo,extracellular,bulk
PB2,265,2072,1,ERR3474750,human,in vivo,extracellular,bulk
PB2,265,2123,2,ERR3474750,human,in vivo,extracellular,bulk
PB2,266,2123,2,ERR3474750,human,in vivo,extracellular,bulk
PB2,271,2194,2,ERR3474750,human,in vivo,extracellular,bulk
PB2,274,1879,15,ERR3474750,human,in vivo,extracellular,bulk
PB2,275,2123,1,ERR3474750,human,in vivo,extracellular,bulk
PB2,277,2053,1,ERR3474750,human,in vivo,extracellular,bulk
PB2,277,2072,1,ERR3474750,human,in vivo,extracellular,bulk
PB2,277,2123,1285,ERR3474750,human,in vivo,extracellular,bulk
PB2,277,500,1,ERR3474750,human,in vivo,extracellular,bulk
PB2,279,2125,5,ERR3474750,human,in vivo,extracellular,bulk
PB2,280,1739,1,ERR3474750,human,in vivo,extracellular,bulk
PB2,304,2003,1,ERR3474750,human,in vivo,extracellular,bulk
PB2,306,2062,3,ERR3474750,human,in vivo,extracellular,bulk
PB2,328,1931,2,ERR3474750,human,in vivo,extracellular,bulk
PB2,328,1954,1,ERR3474750,human,in vivo,extracellular,bulk
PB2,330,1956,26,ERR3474750,human,in vivo,extracellular,bulk
PB2,332,2008,1,ERR3474750,human,in vivo,extracellular,bulk
PB2,341,1519,1,ERR3474750,human,in vivo,extracellular,bulk
PB2,344,1886,5,ERR3474750,human,in vivo,extracellular,bulk
PB2,345,2014,5,ERR3474750,human,in vivo,extracellular,bulk
PB2,348,2123,1,ERR3474750,human,in vivo,extracellular,bulk
PB2,351,2034,1,ERR3474750,human,in vivo,extracellular,bulk
PB2,356,1928,3,ERR3474750,human,in vivo,extracellular,bulk
PB2,358,1954,3,ERR3474750,human,in vivo,extracellular,bulk
PB2,358,1964,14,ERR3474750,human,in vivo,extracellular,bulk
PB2,362,1978,5,ERR3474750,human,in vivo,extracellular,bulk
PB2,365,1981,3015,ERR3474750,human,in vivo,extracellular,bulk
PB2,367,394,3,ERR3474750,human,in vivo,extracellular,bulk
PB2,367,403,1,ERR3474750,human,in vivo,extracellular,bulk
PB2,373,1966,12,ERR3474750,human,in vivo,extracellular,bulk
PB2,389,2070,1,ERR3474750,human,in vivo,extracellular,bulk
PB2,389,433,7,ERR3474750,human,in vivo,extracellular,bulk
PB2,393,1960,19,ERR3474750,human,in vivo,extracellular,bulk
PB2,393,2030,2,ERR3474750,human,in vivo,extracellular,bulk
PB2,394,2029,1,ERR3474750,human,in vivo,extracellular,bulk
PB2,400,1962,2,ERR3474750,human,in vivo,extracellular,bulk
PB2,402,1954,1,ERR3474750,human,in vivo,extracellular,bulk
PB2,402,2027,1,ERR3474750,human,in vivo,extracellular,bulk
PB2,404,2085,1,ERR3474750,human,in vivo,extracellular,bulk
PB2,408,1926,1,ERR3474750,human,in vivo,extracellular,bulk
PB2,410,2033,3,ERR3474750,human,in vivo,extracellular,bulk
PB2,413,2059,35,ERR3474750,human,in vivo,extracellular,bulk
PB2,413,2265,1,ERR3474750,human,in vivo,extracellular,bulk
PB2,423,1933,1,ERR3474750,human,in vivo,extracellular,bulk
PB2,423,2082,2,ERR3474750,human,in vivo,extracellular,bulk
PB2,428,1929,1,ERR3474750,human,in vivo,extracellular,bulk
PB2,432,1894,1,ERR3474750,human,in vivo,extracellular,bulk
PB2,441,2211,1,ERR3474750,human,in vivo,extracellular,bulk
PB2,446,1752,9,ERR3474750,human,in vivo,extracellular,bulk
PB2,453,1777,14,ERR3474750,human,in vivo,extracellular,bulk
PB2,456,1811,1,ERR3474750,human,in vivo,extracellular,bulk
PB2,457,1812,737,ERR3474750,human,in vivo,extracellular,bulk
PB2,466,2124,1,ERR3474750,human,in vivo,extracellular,bulk
PB2,476,2236,3,ERR3474750,human,in vivo,extracellular,bulk
PB2,477,2249,1,ERR3474750,human,in vivo,extracellular,bulk
PB2,502,2058,3,ERR3474750,human,in vivo,extracellular,bulk
PB2,504,1775,6,ERR3474750,human,in vivo,extracellular,bulk
PB2,504,2077,4,ERR3474750,human,in vivo,extracellular,bulk
PB2,510,1784,18,ERR3474750,human,in vivo,extracellular,bulk
PB2,511,2074,1,ERR3474750,human,in vivo,extracellular,bulk
PB2,520,2208,1,ERR3474750,human,in vivo,extracellular,bulk
PB2,524,2002,1,ERR3474750,human,in vivo,extracellular,bulk
PB2,529,2031,90,ERR3474750,human,in vivo,extracellular,bulk
PB2,533,1877,1,ERR3474750,human,in vivo,extracellular,bulk
PB2,536,1747,1,ERR3474750,human,in vivo,extracellular,bulk
PB2,566,2124,1,ERR3474750,human,in vivo,extracellular,bulk
PB2,570,1959,3,ERR3474750,human,in vivo,extracellular,bulk
PB2,570,2086,7,ERR3474750,human,in vivo,extracellular,bulk
PB2,571,1695,14,ERR3474750,human,in vivo,extracellular,bulk
PB2,571,2209,1,ERR3474750,human,in vivo,extracellular,bulk
PB2,575,1853,7,ERR3474750,human,in vivo,extracellular,bulk
PB2,582,1831,2,ERR3474750,human,in vivo,extracellular,bulk
PB2,586,1835,307,ERR3474750,human,in vivo,extracellular,bulk
PB2,587,1784,1,ERR3474750,human,in vivo,extracellular,bulk
PB2,588,1777,5,ERR3474750,human,in vivo,extracellular,bulk
PB2,589,1651,3,ERR3474750,human,in vivo,extracellular,bulk
PB2,610,2070,10,ERR3474750,human,in vivo,extracellular,bulk
PB2,643,1614,1,ERR3474750,human,in vivo,extracellular,bulk
PB2,698,1050,3,ERR3474750,human,in vivo,extracellular,bulk
PB2,700,2229,9,ERR3474750,human,in vivo,extracellular,bulk
PB2,716,2123,1,ERR3474750,human,in vivo,extracellular,bulk
PB2,733,1752,30,ERR3474750,human,in vivo,extracellular,bulk
PB2,734,1872,1,ERR3474750,human,in vivo,extracellular,bulk
PB2,845,1531,4,ERR3474750,human,in vivo,extracellular,bulk
PB2,878,1541,3,ERR3474750,human,in vivo,extracellular,bulk
PB2,917,2190,1,ERR3474750,human,in vivo,extracellular,bulk
PB2,962,2123,1,ERR3474750,human,in vivo,extracellular,bulk
PB2,971,2057,5,ERR3474750,human,in vivo,extracellular,bulk
PB2,995,2301,1,ERR3474750,human,in vivo,extracellular,bulk
PA,103,1830,23,ERR3474750,human,in vivo,extracellular,bulk
PA,1118,1195,1,ERR3474750,human,in vivo,extracellular,bulk
PA,1199,1221,1,ERR3474750,human,in vivo,extracellular,bulk
PA,134,2121,3,ERR3474750,human,in vivo,extracellular,bulk
PA,142,1719,5,ERR3474750,human,in vivo,extracellular,bulk
PA,158,1767,1,ERR3474750,human,in vivo,extracellular,bulk
PA,1725,2031,55,ERR3474750,human,in vivo,extracellular,bulk
PA,173,1718,492,ERR3474750,human,in vivo,extracellular,bulk
PA,174,1590,1,ERR3474750,human,in vivo,extracellular,bulk
PA,181,1867,4,ERR3474750,human,in vivo,extracellular,bulk
PA,1941,2159,2,ERR3474750,human,in vivo,extracellular,bulk
PA,1942,2003,2,ERR3474750,human,in vivo,extracellular,bulk
PA,199,1684,1,ERR3474750,human,in vivo,extracellular,bulk
PA,2074,2131,1,ERR3474750,human,in vivo,extracellular,bulk
PA,208,2078,1,ERR3474750,human,in vivo,extracellular,bulk
PA,210,2080,736,ERR3474750,human,in vivo,extracellular,bulk
PA,2116,2179,2,ERR3474750,human,in vivo,extracellular,bulk
PA,212,2082,2,ERR3474750,human,in vivo,extracellular,bulk
PA,214,1609,39,ERR3474750,human,in vivo,extracellular,bulk
PA,221,2030,81,ERR3474750,human,in vivo,extracellular,bulk
PA,242,2005,1,ERR3474750,human,in vivo,extracellular,bulk
PA,244,2098,4,ERR3474750,human,in vivo,extracellular,bulk
PA,312,2006,1,ERR3474750,human,in vivo,extracellular,bulk
PA,314,1488,49,ERR3474750,human,in vivo,extracellular,bulk
PA,322,2023,29,ERR3474750,human,in vivo,extracellular,bulk
PA,337,1946,1,ERR3474750,human,in vivo,extracellular,bulk
PA,337,2175,1,ERR3474750,human,in vivo,extracellular,bulk
PA,345,2017,1,ERR3474750,human,in vivo,extracellular,bulk
PA,351,1520,7,ERR3474750,human,in vivo,extracellular,bulk
PA,358,1859,1,ERR3474750,human,in vivo,extracellular,bulk
PA,362,2032,2,ERR3474750,human,in vivo,extracellular,bulk
PA,366,1855,1,ERR3474750,human,in vivo,extracellular,bulk
PA,370,1721,1,ERR3474750,human,in vivo,extracellular,bulk
PA,379,1944,1,ERR3474750,human,in vivo,extracellular,bulk
PA,402,1949,1,ERR3474750,human,in vivo,extracellular,bulk
PA,409,1868,1,ERR3474750,human,in vivo,extracellular,bulk
PA,416,1912,3,ERR3474750,human,in vivo,extracellular,bulk
PA,421,2001,2,ERR3474750,human,in vivo,extracellular,bulk
PA,431,1855,2,ERR3474750,human,in vivo,extracellular,bulk
PA,437,1907,2,ERR3474750,human,in vivo,extracellular,bulk
PA,449,471,3,ERR3474750,human,in vivo,extracellular,bulk
PA,453,1945,1,ERR3474750,human,in vivo,extracellular,bulk
PA,454,1751,1,ERR3474750,human,in vivo,extracellular,bulk
PA,456,1870,25,ERR3474750,human,in vivo,extracellular,bulk
PA,458,1853,1,ERR3474750,human,in vivo,extracellular,bulk
PA,463,1849,70,ERR3474750,human,in vivo,extracellular,bulk
PA,475,1783,26,ERR3474750,human,in vivo,extracellular,bulk
PA,476,1821,2,ERR3474750,human,in vivo,extracellular,bulk
PA,480,1825,2056,ERR3474750,human,in vivo,extracellular,bulk
PA,481,1826,4,ERR3474750,human,in vivo,extracellular,bulk
PA,481,1858,2,ERR3474750,human,in vivo,extracellular,bulk
PA,497,1908,5,ERR3474750,human,in vivo,extracellular,bulk
PA,498,1741,3,ERR3474750,human,in vivo,extracellular,bulk
PA,498,1858,5,ERR3474750,human,in vivo,extracellular,bulk
PA,504,1737,2,ERR3474750,human,in vivo,extracellular,bulk
PA,504,2076,47,ERR3474750,human,in vivo,extracellular,bulk
PA,505,1079,1,ERR3474750,human,in vivo,extracellular,bulk
PA,509,1830,1,ERR3474750,human,in vivo,extracellular,bulk
PA,511,1750,1,ERR3474750,human,in vivo,extracellular,bulk
PA,511,1791,71,ERR3474750,human,in vivo,extracellular,bulk
PA,511,1912,1,ERR3474750,human,in vivo,extracellular,bulk
PA,513,615,1,ERR3474750,human,in vivo,extracellular,bulk
PA,514,1811,1,ERR3474750,human,in vivo,extracellular,bulk
PA,515,1786,4,ERR3474750,human,in vivo,extracellular,bulk
PA,541,1917,348,ERR3474750,human,in vivo,extracellular,bulk
PA,542,1918,1,ERR3474750,human,in vivo,extracellular,bulk
PA,609,2005,1,ERR3474750,human,in vivo,extracellular,bulk
PA,624,2164,1,ERR3474750,human,in vivo,extracellular,bulk
PA,626,1705,1,ERR3474750,human,in vivo,extracellular,bulk
PA,635,1826,572,ERR3474750,human,in vivo,extracellular,bulk
PA,646,1691,26,ERR3474750,human,in vivo,extracellular,bulk
PA,653,1750,1,ERR3474750,human,in vivo,extracellular,bulk
PA,667,1852,4,ERR3474750,human,in vivo,extracellular,bulk
PA,692,2155,1,ERR3474750,human,in vivo,extracellular,bulk
PA,704,1465,1,ERR3474750,human,in vivo,extracellular,bulk
PA,705,1633,5,ERR3474750,human,in vivo,extracellular,bulk
PA,710,1567,1,ERR3474750,human,in vivo,extracellular,bulk
PA,723,1949,4,ERR3474750,human,in vivo,extracellular,bulk
PA,723,777,1,ERR3474750,human,in vivo,extracellular,bulk
PA,776,1463,1,ERR3474750,human,in vivo,extracellular,bulk
PA,782,1488,1,ERR3474750,human,in vivo,extracellular,bulk
PA,799,1499,145,ERR3474750,human,in vivo,extracellular,bulk
PA,803,2138,1,ERR3474750,human,in vivo,extracellular,bulk
PA,820,1526,1,ERR3474750,human,in vivo,extracellular,bulk
PA,877,1521,1,ERR3474750,human,in vivo,extracellular,bulk
PA,907,1298,1,ERR3474750,human,in vivo,extracellular,bulk
HA,182,1581,14,ERR3474750,human,in vivo,extracellular,bulk
HA,212,1272,1,ERR3474750,human,in vivo,extracellular,bulk
HA,218,265,2,ERR3474750,human,in vivo,extracellular,bulk
HA,228,1535,2,ERR3474750,human,in vivo,extracellular,bulk
HA,269,1585,1,ERR3474750,human,in vivo,extracellular,bulk
HA,284,1066,1,ERR3474750,human,in vivo,extracellular,bulk
HA,362,1474,1,ERR3474750,human,in vivo,extracellular,bulk
HA,362,1548,2,ERR3474750,human,in vivo,extracellular,bulk
HA,364,1423,3,ERR3474750,human,in vivo,extracellular,bulk
HA,367,1565,1,ERR3474750,human,in vivo,extracellular,bulk
HA,373,1724,135,ERR3474750,human,in vivo,extracellular,bulk
HA,376,1457,1,ERR3474750,human,in vivo,extracellular,bulk
HA,709,1185,1,ERR3474750,human,in vivo,extracellular,bulk
HA,718,1672,2,ERR3474750,human,in vivo,extracellular,bulk
HA,721,1069,1,ERR3474750,human,in vivo,extracellular,bulk
HA,758,833,2,ERR3474750,human,in vivo,extracellular,bulk
HA,834,1264,1,ERR3474750,human,in vivo,extracellular,bulk
HA,953,976,1,ERR3474750,human,in vivo,extracellular,bulk
HA,97,790,1,ERR3474750,human,in vivo,extracellular,bulk
NP,131,1407,2,ERR3474750,human,in vivo,extracellular,bulk
NP,134,1582,3,ERR3474750,human,in vivo,extracellular,bulk
NP,198,1547,23,ERR3474750,human,in vivo,extracellular,bulk
NP,250,1514,1,ERR3474750,human,in vivo,extracellular,bulk
NP,255,1625,1,ERR3474750,human,in vivo,extracellular,bulk
NP,296,1404,1,ERR3474750,human,in vivo,extracellular,bulk
NP,376,1575,1,ERR3474750,human,in vivo,extracellular,bulk
NP,829,939,3,ERR3474750,human,in vivo,extracellular,bulk
NA,129,1307,2,ERR3474750,human,in vivo,extracellular,bulk
NA,132,1276,1,ERR3474750,human,in vivo,extracellular,bulk
NA,148,1299,1,ERR3474750,human,in vivo,extracellular,bulk
NA,172,1253,2,ERR3474750,human,in vivo,extracellular,bulk
NA,246,299,2,ERR3474750,human,in vivo,extracellular,bulk
NA,367,394,1,ERR3474750,human,in vivo,extracellular,bulk
NA,440,1117,2,ERR3474750,human,in vivo,extracellular,bulk
NA,468,1017,1,ERR3474750,human,in vivo,extracellular,bulk
NA,603,652,3,ERR3474750,human,in vivo,extracellular,bulk
NA,709,743,1,ERR3474750,human,in vivo,extracellular,bulk
NA,776,834,2,ERR3474750,human,in vivo,extracellular,bulk
NA,96,1323,2,ERR3474750,human,in vivo,extracellular,bulk
M,102,134,2,ERR3474750,human,in vivo,extracellular,bulk
M,141,181,13,ERR3474750,human,in vivo,extracellular,bulk
M,188,1068,13,ERR3474750,human,in vivo,extracellular,bulk
M,202,922,22,ERR3474750,human,in vivo,extracellular,bulk
M,216,1112,1,ERR3474750,human,in vivo,extracellular,bulk
M,217,1113,1228,ERR3474750,human,in vivo,extracellular,bulk
M,218,1114,2,ERR3474750,human,in vivo,extracellular,bulk
M,228,1030,2,ERR3474750,human,in vivo,extracellular,bulk
M,249,934,1,ERR3474750,human,in vivo,extracellular,bulk
M,250,1055,1,ERR3474750,human,in vivo,extracellular,bulk
M,250,1056,15,ERR3474750,human,in vivo,extracellular,bulk
M,396,863,2,ERR3474750,human,in vivo,extracellular,bulk
M,404,740,1,ERR3474750,human,in vivo,extracellular,bulk
M,631,655,2,ERR3474750,human,in vivo,extracellular,bulk
M,676,713,2,ERR3474750,human,in vivo,extracellular,bulk
M,94,141,13,ERR3474750,human,in vivo,extracellular,bulk
M,954,994,1,ERR3474750,human,in vivo,extracellular,bulk
M,97,1027,11,ERR3474750,human,in vivo,extracellular,bulk
NS,287,769,1,ERR3474750,human,in vivo,extracellular,bulk
PB1,103,1807,2,ERR3474751,human,in vivo,extracellular,bulk
PB1,107,2122,2,ERR3474751,human,in vivo,extracellular,bulk
PB1,112,2050,2,ERR3474751,human,in vivo,extracellular,bulk
PB1,120,2101,31,ERR3474751,human,in vivo,extracellular,bulk
PB1,130,2124,1,ERR3474751,human,in vivo,extracellular,bulk
PB1,132,2183,6,ERR3474751,human,in vivo,extracellular,bulk
PB1,136,2185,2,ERR3474751,human,in vivo,extracellular,bulk
PB1,142,2169,4,ERR3474751,human,in vivo,extracellular,bulk
PB1,145,2156,4,ERR3474751,human,in vivo,extracellular,bulk
PB1,146,2160,6,ERR3474751,human,in vivo,extracellular,bulk
PB1,147,2188,3,ERR3474751,human,in vivo,extracellular,bulk
PB1,150,2186,3,ERR3474751,human,in vivo,extracellular,bulk
PB1,156,2033,1,ERR3474751,human,in vivo,extracellular,bulk
PB1,156,2205,1,ERR3474751,human,in vivo,extracellular,bulk
PB1,158,2180,2,ERR3474751,human,in vivo,extracellular,bulk
PB1,159,2117,8,ERR3474751,human,in vivo,extracellular,bulk
PB1,161,2044,5,ERR3474751,human,in vivo,extracellular,bulk
PB1,166,2000,13,ERR3474751,human,in vivo,extracellular,bulk
PB1,166,2018,3,ERR3474751,human,in vivo,extracellular,bulk
PB1,167,2180,16,ERR3474751,human,in vivo,extracellular,bulk
PB1,176,2025,4,ERR3474751,human,in vivo,extracellular,bulk
PB1,2010,2053,1,ERR3474751,human,in vivo,extracellular,bulk
PB1,2131,2190,1,ERR3474751,human,in vivo,extracellular,bulk
PB1,232,2116,12,ERR3474751,human,in vivo,extracellular,bulk
PB1,233,2192,3,ERR3474751,human,in vivo,extracellular,bulk
PB1,236,2195,12,ERR3474751,human,in vivo,extracellular,bulk
PB1,238,2185,7,ERR3474751,human,in vivo,extracellular,bulk
PB1,240,2044,1,ERR3474751,human,in vivo,extracellular,bulk
PB1,240,2064,75,ERR3474751,human,in vivo,extracellular,bulk
PB1,240,2123,6,ERR3474751,human,in vivo,extracellular,bulk
PB1,240,2185,1,ERR3474751,human,in vivo,extracellular,bulk
PB1,241,2032,2,ERR3474751,human,in vivo,extracellular,bulk
PB1,251,384,3,ERR3474751,human,in vivo,extracellular,bulk
PB1,252,1991,26,ERR3474751,human,in vivo,extracellular,bulk
PB1,253,2163,15,ERR3474751,human,in vivo,extracellular,bulk
PB1,254,2179,2,ERR3474751,human,in vivo,extracellular,bulk
PB1,255,2034,3,ERR3474751,human,in vivo,extracellular,bulk
PB1,256,1855,1,ERR3474751,human,in vivo,extracellular,bulk
PB1,256,2106,6,ERR3474751,human,in vivo,extracellular,bulk
PB1,257,1856,519,ERR3474751,human,in vivo,extracellular,bulk
PB1,257,2032,14,ERR3474751,human,in vivo,extracellular,bulk
PB1,257,2040,3,ERR3474751,human,in vivo,extracellular,bulk
PB1,257,2116,2,ERR3474751,human,in vivo,extracellular,bulk
PB1,271,1562,4,ERR3474751,human,in vivo,extracellular,bulk
PB1,271,2160,1,ERR3474751,human,in vivo,extracellular,bulk
PB1,273,2061,56,ERR3474751,human,in vivo,extracellular,bulk
PB1,273,2194,8,ERR3474751,human,in vivo,extracellular,bulk
PB1,274,1814,102,ERR3474751,human,in vivo,extracellular,bulk
PB1,275,353,3,ERR3474751,human,in vivo,extracellular,bulk
PB1,276,2025,3,ERR3474751,human,in vivo,extracellular,bulk
PB1,276,2039,7,ERR3474751,human,in vivo,extracellular,bulk
PB1,276,2044,1,ERR3474751,human,in vivo,extracellular,bulk
PB1,278,2057,6,ERR3474751,human,in vivo,extracellular,bulk
PB1,280,2184,3,ERR3474751,human,in vivo,extracellular,bulk
PB1,285,2162,1,ERR3474751,human,in vivo,extracellular,bulk
PB1,287,1927,6,ERR3474751,human,in vivo,extracellular,bulk
PB1,287,2202,87,ERR3474751,human,in vivo,extracellular,bulk
PB1,289,1209,2,ERR3474751,human,in vivo,extracellular,bulk
PB1,290,2045,2,ERR3474751,human,in vivo,extracellular,bulk
PB1,291,2024,11,ERR3474751,human,in vivo,extracellular,bulk
PB1,292,2017,1,ERR3474751,human,in vivo,extracellular,bulk
PB1,294,1765,7,ERR3474751,human,in vivo,extracellular,bulk
PB1,294,2040,1,ERR3474751,human,in vivo,extracellular,bulk
PB1,295,1993,8,ERR3474751,human,in vivo,extracellular,bulk
PB1,296,2106,1,ERR3474751,human,in vivo,extracellular,bulk
PB1,300,2015,96,ERR3474751,human,in vivo,extracellular,bulk
PB1,301,2036,96,ERR3474751,human,in vivo,extracellular,bulk
PB1,301,2185,4,ERR3474751,human,in vivo,extracellular,bulk
PB1,303,2018,2,ERR3474751,human,in vivo,extracellular,bulk
PB1,303,2061,54,ERR3474751,human,in vivo,extracellular,bulk
PB1,310,1994,3,ERR3474751,human,in vivo,extracellular,bulk
PB1,321,2047,5,ERR3474751,human,in vivo,extracellular,bulk
PB1,321,2092,9,ERR3474751,human,in vivo,extracellular,bulk
PB1,322,2045,20,ERR3474751,human,in vivo,extracellular,bulk
PB1,324,1948,1,ERR3474751,human,in vivo,extracellular,bulk
PB1,330,2118,3,ERR3474751,human,in vivo,extracellular,bulk
PB1,331,2014,3,ERR3474751,human,in vivo,extracellular,bulk
PB1,333,2045,5,ERR3474751,human,in vivo,extracellular,bulk
PB1,338,1990,1,ERR3474751,human,in vivo,extracellular,bulk
PB1,338,1992,1,ERR3474751,human,in vivo,extracellular,bulk
PB1,342,2020,9,ERR3474751,human,in vivo,extracellular,bulk
PB1,345,2010,1,ERR3474751,human,in vivo,extracellular,bulk
PB1,352,2044,1,ERR3474751,human,in vivo,extracellular,bulk
PB1,359,2003,5,ERR3474751,human,in vivo,extracellular,bulk
PB1,363,1992,25,ERR3474751,human,in vivo,extracellular,bulk
PB1,365,1921,5,ERR3474751,human,in vivo,extracellular,bulk
PB1,370,2044,2,ERR3474751,human,in vivo,extracellular,bulk
PB1,381,1855,4,ERR3474751,human,in vivo,extracellular,bulk
PB1,381,1920,17,ERR3474751,human,in vivo,extracellular,bulk
PB1,382,1921,2,ERR3474751,human,in vivo,extracellular,bulk
PB1,383,1921,8,ERR3474751,human,in vivo,extracellular,bulk
PB1,385,1768,7,ERR3474751,human,in vivo,extracellular,bulk
PB1,385,1839,19,ERR3474751,human,in vivo,extracellular,bulk
PB1,387,1909,1,ERR3474751,human,in vivo,extracellular,bulk
PB1,388,1594,39,ERR3474751,human,in vivo,extracellular,bulk
PB1,389,1936,1,ERR3474751,human,in vivo,extracellular,bulk
PB1,389,2042,6,ERR3474751,human,in vivo,extracellular,bulk
PB1,390,1937,53,ERR3474751,human,in vivo,extracellular,bulk
PB1,392,1830,12,ERR3474751,human,in vivo,extracellular,bulk
PB1,399,2066,1,ERR3474751,human,in vivo,extracellular,bulk
PB1,400,2183,5,ERR3474751,human,in vivo,extracellular,bulk
PB1,401,1496,3,ERR3474751,human,in vivo,extracellular,bulk
PB1,401,2017,2,ERR3474751,human,in vivo,extracellular,bulk
PB1,403,1729,2,ERR3474751,human,in vivo,extracellular,bulk
PB1,403,1849,5,ERR3474751,human,in vivo,extracellular,bulk
PB1,403,1944,2,ERR3474751,human,in vivo,extracellular,bulk
PB1,406,1749,3,ERR3474751,human,in vivo,extracellular,bulk
PB1,406,1794,46,ERR3474751,human,in vivo,extracellular,bulk
PB1,427,1860,1,ERR3474751,human,in vivo,extracellular,bulk
PB1,428,1945,6,ERR3474751,human,in vivo,extracellular,bulk
PB1,429,1903,5,ERR3474751,human,in vivo,extracellular,bulk
PB1,431,1849,42,ERR3474751,human,in vivo,extracellular,bulk
PB1,438,1848,8,ERR3474751,human,in vivo,extracellular,bulk
PB1,438,2157,89,ERR3474751,human,in vivo,extracellular,bulk
PB1,439,2001,2,ERR3474751,human,in vivo,extracellular,bulk
PB1,441,1819,11,ERR3474751,human,in vivo,extracellular,bulk
PB1,441,1905,2,ERR3474751,human,in vivo,extracellular,bulk
PB1,443,1907,156,ERR3474751,human,in vivo,extracellular,bulk
PB1,444,1908,1,ERR3474751,human,in vivo,extracellular,bulk
PB1,446,2159,1,ERR3474751,human,in vivo,extracellular,bulk
PB1,447,1849,2,ERR3474751,human,in vivo,extracellular,bulk
PB1,448,1908,2,ERR3474751,human,in vivo,extracellular,bulk
PB1,454,1795,8,ERR3474751,human,in vivo,extracellular,bulk
PB1,454,2024,23,ERR3474751,human,in vivo,extracellular,bulk
PB1,455,1646,1,ERR3474751,human,in vivo,extracellular,bulk
PB1,455,1793,16,ERR3474751,human,in vivo,extracellular,bulk
PB1,455,1861,1,ERR3474751,human,in vivo,extracellular,bulk
PB1,456,1849,2,ERR3474751,human,in vivo,extracellular,bulk
PB1,458,2007,3,ERR3474751,human,in vivo,extracellular,bulk
PB1,460,1860,1,ERR3474751,human,in vivo,extracellular,bulk
PB1,460,1941,13,ERR3474751,human,in vivo,extracellular,bulk
PB1,462,1846,4,ERR3474751,human,in vivo,extracellular,bulk
PB1,463,1904,49,ERR3474751,human,in vivo,extracellular,bulk
PB1,464,1905,1,ERR3474751,human,in vivo,extracellular,bulk
PB1,465,1898,41,ERR3474751,human,in vivo,extracellular,bulk
PB1,466,1761,1,ERR3474751,human,in vivo,extracellular,bulk
PB1,466,1834,4,ERR3474751,human,in vivo,extracellular,bulk
PB1,467,1851,35,ERR3474751,human,in vivo,extracellular,bulk
PB1,492,2224,1,ERR3474751,human,in vivo,extracellular,bulk
PB1,499,1831,1,ERR3474751,human,in vivo,extracellular,bulk
PB1,499,1905,1,ERR3474751,human,in vivo,extracellular,bulk
PB1,504,1741,2,ERR3474751,human,in vivo,extracellular,bulk
PB1,504,1816,82,ERR3474751,human,in vivo,extracellular,bulk
PB1,508,1825,1,ERR3474751,human,in vivo,extracellular,bulk
PB1,513,1730,11,ERR3474751,human,in vivo,extracellular,bulk
PB1,529,2041,2,ERR3474751,human,in vivo,extracellular,bulk
PB1,530,1850,1,ERR3474751,human,in vivo,extracellular,bulk
PB1,530,2216,24,ERR3474751,human,in vivo,extracellular,bulk
PB1,538,1718,7,ERR3474751,human,in vivo,extracellular,bulk
PB1,538,1767,255,ERR3474751,human,in vivo,extracellular,bulk
PB1,538,1775,49,ERR3474751,human,in vivo,extracellular,bulk
PB1,538,1788,1,ERR3474751,human,in vivo,extracellular,bulk
PB1,538,1813,1,ERR3474751,human,in vivo,extracellular,bulk
PB1,538,1829,1,ERR3474751,human,in vivo,extracellular,bulk
PB1,538,1843,13,ERR3474751,human,in vivo,extracellular,bulk
PB1,538,1853,41,ERR3474751,human,in vivo,extracellular,bulk
PB1,540,1720,1,ERR3474751,human,in vivo,extracellular,bulk
PB1,540,1769,1,ERR3474751,human,in vivo,extracellular,bulk
PB1,540,1792,5,ERR3474751,human,in vivo,extracellular,bulk
PB1,542,1844,2,ERR3474751,human,in vivo,extracellular,bulk
PB1,577,2050,5,ERR3474751,human,in vivo,extracellular,bulk
PB1,578,1761,3,ERR3474751,human,in vivo,extracellular,bulk
PB1,581,1722,1,ERR3474751,human,in vivo,extracellular,bulk
PB1,581,1812,6,ERR3474751,human,in vivo,extracellular,bulk
PB1,583,1494,2,ERR3474751,human,in vivo,extracellular,bulk
PB1,584,1572,1,ERR3474751,human,in vivo,extracellular,bulk
PB1,585,1772,3,ERR3474751,human,in vivo,extracellular,bulk
PB1,588,1766,1,ERR3474751,human,in vivo,extracellular,bulk
PB1,592,1746,5,ERR3474751,human,in vivo,extracellular,bulk
PB1,600,1813,5,ERR3474751,human,in vivo,extracellular,bulk
PB1,621,1908,2,ERR3474751,human,in vivo,extracellular,bulk
PB1,631,1475,5,ERR3474751,human,in vivo,extracellular,bulk
PB1,631,1817,4,ERR3474751,human,in vivo,extracellular,bulk
PB1,631,1843,1,ERR3474751,human,in vivo,extracellular,bulk
PB1,632,1577,1,ERR3474751,human,in vivo,extracellular,bulk
PB1,633,1609,1,ERR3474751,human,in vivo,extracellular,bulk
PB1,633,1745,4,ERR3474751,human,in vivo,extracellular,bulk
PB1,634,1816,1,ERR3474751,human,in vivo,extracellular,bulk
PB1,639,1854,6,ERR3474751,human,in vivo,extracellular,bulk
PB1,640,1708,18,ERR3474751,human,in vivo,extracellular,bulk
PB1,641,1840,1,ERR3474751,human,in vivo,extracellular,bulk
PB1,645,1857,1,ERR3474751,human,in vivo,extracellular,bulk
PB1,647,1611,94,ERR3474751,human,in vivo,extracellular,bulk
PB1,650,1631,1,ERR3474751,human,in vivo,extracellular,bulk
PB1,652,1747,95,ERR3474751,human,in vivo,extracellular,bulk
PB1,693,1695,187,ERR3474751,human,in vivo,extracellular,bulk
PB1,693,1745,4,ERR3474751,human,in vivo,extracellular,bulk
PB1,697,1594,2,ERR3474751,human,in vivo,extracellular,bulk
PB1,703,1519,6,ERR3474751,human,in vivo,extracellular,bulk
PB1,705,1594,5,ERR3474751,human,in vivo,extracellular,bulk
PB1,707,1496,6,ERR3474751,human,in vivo,extracellular,bulk
PB1,716,1507,1,ERR3474751,human,in vivo,extracellular,bulk
PB1,726,1572,1,ERR3474751,human,in vivo,extracellular,bulk
PB1,754,1549,1,ERR3474751,human,in vivo,extracellular,bulk
PB1,766,1625,1,ERR3474751,human,in vivo,extracellular,bulk
PB1,800,1592,3,ERR3474751,human,in vivo,extracellular,bulk
PB1,83,2033,85,ERR3474751,human,in vivo,extracellular,bulk
PB1,840,1586,4,ERR3474751,human,in vivo,extracellular,bulk
PB1,848,1625,17,ERR3474751,human,in vivo,extracellular,bulk
PB1,894,1737,4,ERR3474751,human,in vivo,extracellular,bulk
PB1,895,1511,1,ERR3474751,human,in vivo,extracellular,bulk
PB1,90,139,8,ERR3474751,human,in vivo,extracellular,bulk
PB1,92,2024,1,ERR3474751,human,in vivo,extracellular,bulk
PB1,93,2049,5,ERR3474751,human,in vivo,extracellular,bulk
PB1,94,2180,153,ERR3474751,human,in vivo,extracellular,bulk
PB1,955,1624,3,ERR3474751,human,in vivo,extracellular,bulk
PB1,996,1815,6,ERR3474751,human,in vivo,extracellular,bulk
PB2,1013,2209,1,ERR3474751,human,in vivo,extracellular,bulk
PB2,1048,2070,5,ERR3474751,human,in vivo,extracellular,bulk
PB2,1180,1482,2,ERR3474751,human,in vivo,extracellular,bulk
PB2,132,2123,91,ERR3474751,human,in vivo,extracellular,bulk
PB2,134,2038,1,ERR3474751,human,in vivo,extracellular,bulk
PB2,134,2199,1,ERR3474751,human,in vivo,extracellular,bulk
PB2,135,165,7,ERR3474751,human,in vivo,extracellular,bulk
PB2,135,169,4,ERR3474751,human,in vivo,extracellular,bulk
PB2,136,2032,1,ERR3474751,human,in vivo,extracellular,bulk
PB2,136,2123,2,ERR3474751,human,in vivo,extracellular,bulk
PB2,137,165,9,ERR3474751,human,in vivo,extracellular,bulk
PB2,137,2041,5,ERR3474751,human,in vivo,extracellular,bulk
PB2,139,2146,1,ERR3474751,human,in vivo,extracellular,bulk
PB2,140,2144,18,ERR3474751,human,in vivo,extracellular,bulk
PB2,141,2123,99,ERR3474751,human,in vivo,extracellular,bulk
PB2,142,2123,1,ERR3474751,human,in vivo,extracellular,bulk
PB2,143,2123,85,ERR3474751,human,in vivo,extracellular,bulk
PB2,144,2150,43,ERR3474751,human,in vivo,extracellular,bulk
PB2,145,170,1,ERR3474751,human,in vivo,extracellular,bulk
PB2,1466,1500,1,ERR3474751,human,in vivo,extracellular,bulk
PB2,146,2123,2,ERR3474751,human,in vivo,extracellular,bulk
PB2,146,2124,2,ERR3474751,human,in vivo,extracellular,bulk
PB2,147,1390,2,ERR3474751,human,in vivo,extracellular,bulk
PB2,148,2123,10,ERR3474751,human,in vivo,extracellular,bulk
PB2,150,2123,27,ERR3474751,human,in vivo,extracellular,bulk
PB2,151,1199,4,ERR3474751,human,in vivo,extracellular,bulk
PB2,152,2080,3,ERR3474751,human,in vivo,extracellular,bulk
PB2,152,2123,131,ERR3474751,human,in vivo,extracellular,bulk
PB2,154,2123,1,ERR3474751,human,in vivo,extracellular,bulk
PB2,157,1864,1,ERR3474751,human,in vivo,extracellular,bulk
PB2,157,2085,1,ERR3474751,human,in vivo,extracellular,bulk
PB2,157,2124,1,ERR3474751,human,in vivo,extracellular,bulk
PB2,158,2210,2,ERR3474751,human,in vivo,extracellular,bulk
PB2,159,2123,3,ERR3474751,human,in vivo,extracellular,bulk
PB2,159,2124,2,ERR3474751,human,in vivo,extracellular,bulk
PB2,160,2123,63,ERR3474751,human,in vivo,extracellular,bulk
PB2,160,2148,2,ERR3474751,human,in vivo,extracellular,bulk
PB2,161,2086,3,ERR3474751,human,in vivo,extracellular,bulk
PB2,161,2125,2,ERR3474751,human,in vivo,extracellular,bulk
PB2,161,2242,3,ERR3474751,human,in vivo,extracellular,bulk
PB2,162,2145,1,ERR3474751,human,in vivo,extracellular,bulk
PB2,162,2207,6,ERR3474751,human,in vivo,extracellular,bulk
PB2,163,2123,24,ERR3474751,human,in vivo,extracellular,bulk
PB2,163,2139,3,ERR3474751,human,in vivo,extracellular,bulk
PB2,163,2189,2,ERR3474751,human,in vivo,extracellular,bulk
PB2,163,2211,2,ERR3474751,human,in vivo,extracellular,bulk
PB2,163,2214,1,ERR3474751,human,in vivo,extracellular,bulk
PB2,164,2123,11,ERR3474751,human,in vivo,extracellular,bulk
PB2,164,2125,11,ERR3474751,human,in vivo,extracellular,bulk
PB2,164,2151,2,ERR3474751,human,in vivo,extracellular,bulk
PB2,164,2190,414,ERR3474751,human,in vivo,extracellular,bulk
PB2,164,2206,45,ERR3474751,human,in vivo,extracellular,bulk
PB2,164,2216,6,ERR3474751,human,in vivo,extracellular,bulk
PB2,165,2123,8,ERR3474751,human,in vivo,extracellular,bulk
PB2,167,2193,2,ERR3474751,human,in vivo,extracellular,bulk
PB2,169,2123,7,ERR3474751,human,in vivo,extracellular,bulk
PB2,169,2208,2,ERR3474751,human,in vivo,extracellular,bulk
PB2,170,2146,1,ERR3474751,human,in vivo,extracellular,bulk
PB2,1718,2293,4,ERR3474751,human,in vivo,extracellular,bulk
PB2,171,2123,11,ERR3474751,human,in vivo,extracellular,bulk
PB2,173,2192,3,ERR3474751,human,in vivo,extracellular,bulk
PB2,174,2124,25,ERR3474751,human,in vivo,extracellular,bulk
PB2,1765,2124,1,ERR3474751,human,in vivo,extracellular,bulk
PB2,188,2053,3,ERR3474751,human,in vivo,extracellular,bulk
PB2,189,2086,15,ERR3474751,human,in vivo,extracellular,bulk
PB2,189,2123,1,ERR3474751,human,in vivo,extracellular,bulk
PB2,189,2195,1,ERR3474751,human,in vivo,extracellular,bulk
PB2,189,2211,1,ERR3474751,human,in vivo,extracellular,bulk
PB2,190,2203,2,ERR3474751,human,in vivo,extracellular,bulk
PB2,1924,1957,2,ERR3474751,human,in vivo,extracellular,bulk
PB2,192,2124,5,ERR3474751,human,in vivo,extracellular,bulk
PB2,196,2212,2,ERR3474751,human,in vivo,extracellular,bulk
PB2,201,2123,3,ERR3474751,human,in vivo,extracellular,bulk
PB2,2029,2078,1,ERR3474751,human,in vivo,extracellular,bulk
PB2,202,2021,1,ERR3474751,human,in vivo,extracellular,bulk
PB2,203,2123,4,ERR3474751,human,in vivo,extracellular,bulk
PB2,203,2124,9,ERR3474751,human,in vivo,extracellular,bulk
PB2,2157,2280,1,ERR3474751,human,in vivo,extracellular,bulk
PB2,230,1967,1,ERR3474751,human,in vivo,extracellular,bulk
PB2,231,1959,1,ERR3474751,human,in vivo,extracellular,bulk
PB2,232,1960,280,ERR3474751,human,in vivo,extracellular,bulk
PB2,233,1961,2,ERR3474751,human,in vivo,extracellular,bulk
PB2,238,2123,1,ERR3474751,human,in vivo,extracellular,bulk
PB2,238,2262,59,ERR3474751,human,in vivo,extracellular,bulk
PB2,240,2123,20,ERR3474751,human,in vivo,extracellular,bulk
PB2,241,2053,8,ERR3474751,human,in vivo,extracellular,bulk
PB2,241,2123,34,ERR3474751,human,in vivo,extracellular,bulk
PB2,242,1964,51,ERR3474751,human,in vivo,extracellular,bulk
PB2,242,1984,1,ERR3474751,human,in vivo,extracellular,bulk
PB2,242,2141,3,ERR3474751,human,in vivo,extracellular,bulk
PB2,242,2204,1,ERR3474751,human,in vivo,extracellular,bulk
PB2,243,2035,39,ERR3474751,human,in vivo,extracellular,bulk
PB2,243,2123,99,ERR3474751,human,in vivo,extracellular,bulk
PB2,243,2147,8,ERR3474751,human,in vivo,extracellular,bulk
PB2,244,1965,14,ERR3474751,human,in vivo,extracellular,bulk
PB2,244,1986,23,ERR3474751,human,in vivo,extracellular,bulk
PB2,244,2019,1,ERR3474751,human,in vivo,extracellular,bulk
PB2,244,2028,13,ERR3474751,human,in vivo,extracellular,bulk
PB2,244,2032,8,ERR3474751,human,in vivo,extracellular,bulk
PB2,244,2034,3,ERR3474751,human,in vivo,extracellular,bulk
PB2,244,2041,19,ERR3474751,human,in vivo,extracellular,bulk
PB2,244,2055,25,ERR3474751,human,in vivo,extracellular,bulk
PB2,244,2086,2,ERR3474751,human,in vivo,extracellular,bulk
PB2,244,2123,31,ERR3474751,human,in vivo,extracellular,bulk
PB2,244,2125,11,ERR3474751,human,in vivo,extracellular,bulk
PB2,244,2142,2,ERR3474751,human,in vivo,extracellular,bulk
PB2,244,2144,1,ERR3474751,human,in vivo,extracellular,bulk
PB2,244,2185,1,ERR3474751,human,in vivo,extracellular,bulk
PB2,244,2206,261,ERR3474751,human,in vivo,extracellular,bulk
PB2,244,2233,3,ERR3474751,human,in vivo,extracellular,bulk
PB2,244,2238,2,ERR3474751,human,in vivo,extracellular,bulk
PB2,244,2257,4,ERR3474751,human,in vivo,extracellular,bulk
PB2,244,2290,2,ERR3474751,human,in vivo,extracellular,bulk
PB2,244,471,2,ERR3474751,human,in vivo,extracellular,bulk
PB2,245,1948,3,ERR3474751,human,in vivo,extracellular,bulk
PB2,245,2207,1,ERR3474751,human,in vivo,extracellular,bulk
PB2,245,2212,5,ERR3474751,human,in vivo,extracellular,bulk
PB2,247,2009,3,ERR3474751,human,in vivo,extracellular,bulk
PB2,250,2123,5,ERR3474751,human,in vivo,extracellular,bulk
PB2,251,2123,68,ERR3474751,human,in vivo,extracellular,bulk
PB2,252,2063,3,ERR3474751,human,in vivo,extracellular,bulk
PB2,253,2123,2,ERR3474751,human,in vivo,extracellular,bulk
PB2,254,1959,6,ERR3474751,human,in vivo,extracellular,bulk
PB2,254,2125,1,ERR3474751,human,in vivo,extracellular,bulk
PB2,255,2123,58,ERR3474751,human,in vivo,extracellular,bulk
PB2,257,1965,12,ERR3474751,human,in vivo,extracellular,bulk
PB2,259,2124,1,ERR3474751,human,in vivo,extracellular,bulk
PB2,260,2123,27,ERR3474751,human,in vivo,extracellular,bulk
PB2,265,2123,1,ERR3474751,human,in vivo,extracellular,bulk
PB2,269,2124,1,ERR3474751,human,in vivo,extracellular,bulk
PB2,270,1836,1,ERR3474751,human,in vivo,extracellular,bulk
PB2,272,2122,1,ERR3474751,human,in vivo,extracellular,bulk
PB2,272,2124,2,ERR3474751,human,in vivo,extracellular,bulk
PB2,273,2123,64,ERR3474751,human,in vivo,extracellular,bulk
PB2,274,2195,2,ERR3474751,human,in vivo,extracellular,bulk
PB2,276,2073,3,ERR3474751,human,in vivo,extracellular,bulk
PB2,277,1907,1,ERR3474751,human,in vivo,extracellular,bulk
PB2,277,2080,4,ERR3474751,human,in vivo,extracellular,bulk
PB2,279,1650,1,ERR3474751,human,in vivo,extracellular,bulk
PB2,279,2070,1,ERR3474751,human,in vivo,extracellular,bulk
PB2,281,2123,1,ERR3474751,human,in vivo,extracellular,bulk
PB2,284,2123,2,ERR3474751,human,in vivo,extracellular,bulk
PB2,289,2144,31,ERR3474751,human,in vivo,extracellular,bulk
PB2,290,2018,3,ERR3474751,human,in vivo,extracellular,bulk
PB2,291,2020,2,ERR3474751,human,in vivo,extracellular,bulk
PB2,293,1843,1,ERR3474751,human,in vivo,extracellular,bulk
PB2,293,2071,25,ERR3474751,human,in vivo,extracellular,bulk
PB2,303,2124,1,ERR3474751,human,in vivo,extracellular,bulk
PB2,303,2209,1,ERR3474751,human,in vivo,extracellular,bulk
PB2,306,2251,4,ERR3474751,human,in vivo,extracellular,bulk
PB2,310,2267,1,ERR3474751,human,in vivo,extracellular,bulk
PB2,331,1949,3,ERR3474751,human,in vivo,extracellular,bulk
PB2,331,2123,1,ERR3474751,human,in vivo,extracellular,bulk
PB2,334,2125,37,ERR3474751,human,in vivo,extracellular,bulk
PB2,335,2010,12,ERR3474751,human,in vivo,extracellular,bulk
PB2,337,2129,1,ERR3474751,human,in vivo,extracellular,bulk
PB2,341,1959,1,ERR3474751,human,in vivo,extracellular,bulk
PB2,343,1906,1,ERR3474751,human,in vivo,extracellular,bulk
PB2,343,1969,18,ERR3474751,human,in vivo,extracellular,bulk
PB2,345,2126,1,ERR3474751,human,in vivo,extracellular,bulk
PB2,346,2050,180,ERR3474751,human,in vivo,extracellular,bulk
PB2,353,2123,2,ERR3474751,human,in vivo,extracellular,bulk
PB2,354,2060,1,ERR3474751,human,in vivo,extracellular,bulk
PB2,359,2124,1,ERR3474751,human,in vivo,extracellular,bulk
PB2,361,1886,1,ERR3474751,human,in vivo,extracellular,bulk
PB2,361,2124,10,ERR3474751,human,in vivo,extracellular,bulk
PB2,362,2123,2,ERR3474751,human,in vivo,extracellular,bulk
PB2,363,2123,1,ERR3474751,human,in vivo,extracellular,bulk
PB2,365,2123,2,ERR3474751,human,in vivo,extracellular,bulk
PB2,365,2227,2,ERR3474751,human,in vivo,extracellular,bulk
PB2,367,2017,4,ERR3474751,human,in vivo,extracellular,bulk
PB2,368,2087,1,ERR3474751,human,in vivo,extracellular,bulk
PB2,37,64,1,ERR3474751,human,in vivo,extracellular,bulk
PB2,381,453,1,ERR3474751,human,in vivo,extracellular,bulk
PB2,384,2139,3,ERR3474751,human,in vivo,extracellular,bulk
PB2,385,1937,1,ERR3474751,human,in vivo,extracellular,bulk
PB2,386,2001,1,ERR3474751,human,in vivo,extracellular,bulk
PB2,386,2124,2,ERR3474751,human,in vivo,extracellular,bulk
PB2,388,2004,8,ERR3474751,human,in vivo,extracellular,bulk
PB2,388,2123,3,ERR3474751,human,in vivo,extracellular,bulk
PB2,389,1916,5,ERR3474751,human,in vivo,extracellular,bulk
PB2,393,1969,4,ERR3474751,human,in vivo,extracellular,bulk
PB2,393,2123,40,ERR3474751,human,in vivo,extracellular,bulk
PB2,396,2086,1,ERR3474751,human,in vivo,extracellular,bulk
PB2,397,2039,3,ERR3474751,human,in vivo,extracellular,bulk
PB2,398,2145,2,ERR3474751,human,in vivo,extracellular,bulk
PB2,404,2089,3,ERR3474751,human,in vivo,extracellular,bulk
PB2,412,1935,2,ERR3474751,human,in vivo,extracellular,bulk
PB2,414,2015,14,ERR3474751,human,in vivo,extracellular,bulk
PB2,415,2016,3,ERR3474751,human,in vivo,extracellular,bulk
PB2,427,1970,11,ERR3474751,human,in vivo,extracellular,bulk
PB2,427,2011,2,ERR3474751,human,in vivo,extracellular,bulk
PB2,428,1939,1,ERR3474751,human,in vivo,extracellular,bulk
PB2,428,2006,4,ERR3474751,human,in vivo,extracellular,bulk
PB2,428,2206,7,ERR3474751,human,in vivo,extracellular,bulk
PB2,428,468,2,ERR3474751,human,in vivo,extracellular,bulk
PB2,429,1829,1,ERR3474751,human,in vivo,extracellular,bulk
PB2,429,1981,7,ERR3474751,human,in vivo,extracellular,bulk
PB2,429,2056,2,ERR3474751,human,in vivo,extracellular,bulk
PB2,430,1616,1,ERR3474751,human,in vivo,extracellular,bulk
PB2,431,627,1,ERR3474751,human,in vivo,extracellular,bulk
PB2,447,2057,2,ERR3474751,human,in vivo,extracellular,bulk
PB2,453,1892,8,ERR3474751,human,in vivo,extracellular,bulk
PB2,454,1875,2,ERR3474751,human,in vivo,extracellular,bulk
PB2,457,1756,2,ERR3474751,human,in vivo,extracellular,bulk
PB2,463,1852,3,ERR3474751,human,in vivo,extracellular,bulk
PB2,464,2033,1,ERR3474751,human,in vivo,extracellular,bulk
PB2,466,1718,1,ERR3474751,human,in vivo,extracellular,bulk
PB2,466,1871,2,ERR3474751,human,in vivo,extracellular,bulk
PB2,466,1930,1,ERR3474751,human,in vivo,extracellular,bulk
PB2,466,2012,2,ERR3474751,human,in vivo,extracellular,bulk
PB2,466,2207,2,ERR3474751,human,in vivo,extracellular,bulk
PB2,467,1978,1,ERR3474751,human,in vivo,extracellular,bulk
PB2,477,1708,1,ERR3474751,human,in vivo,extracellular,bulk
PB2,495,1851,2,ERR3474751,human,in vivo,extracellular,bulk
PB2,495,2032,1,ERR3474751,human,in vivo,extracellular,bulk
PB2,508,1910,10,ERR3474751,human,in vivo,extracellular,bulk
PB2,536,1936,1,ERR3474751,human,in vivo,extracellular,bulk
PB2,536,2123,1,ERR3474751,human,in vivo,extracellular,bulk
PB2,537,2125,6,ERR3474751,human,in vivo,extracellular,bulk
PB2,562,1744,4,ERR3474751,human,in vivo,extracellular,bulk
PB2,565,1678,2,ERR3474751,human,in vivo,extracellular,bulk
PB2,572,1915,2,ERR3474751,human,in vivo,extracellular,bulk
PB2,573,1935,1,ERR3474751,human,in vivo,extracellular,bulk
PB2,580,1789,11,ERR3474751,human,in vivo,extracellular,bulk
PB2,587,2145,1,ERR3474751,human,in vivo,extracellular,bulk
PB2,588,2153,2,ERR3474751,human,in vivo,extracellular,bulk
PB2,589,1952,2,ERR3474751,human,in vivo,extracellular,bulk
PB2,590,1693,1,ERR3474751,human,in vivo,extracellular,bulk
PB2,591,1778,2,ERR3474751,human,in vivo,extracellular,bulk
PB2,609,1718,44,ERR3474751,human,in vivo,extracellular,bulk
PB2,611,1679,1,ERR3474751,human,in vivo,extracellular,bulk
PB2,621,1631,1,ERR3474751,human,in vivo,extracellular,bulk
PB2,622,1713,1,ERR3474751,human,in vivo,extracellular,bulk
PB2,622,1718,20,ERR3474751,human,in vivo,extracellular,bulk
PB2,624,1730,1,ERR3474751,human,in vivo,extracellular,bulk
PB2,625,1616,1,ERR3474751,human,in vivo,extracellular,bulk
PB2,631,2124,24,ERR3474751,human,in vivo,extracellular,bulk
PB2,637,2147,2,ERR3474751,human,in vivo,extracellular,bulk
PB2,642,1739,6,ERR3474751,human,in vivo,extracellular,bulk
PB2,700,1834,2,ERR3474751,human,in vivo,extracellular,bulk
PB2,702,734,1,ERR3474751,human,in vivo,extracellular,bulk
PB2,708,1748,2,ERR3474751,human,in vivo,extracellular,bulk
PB2,727,1446,1,ERR3474751,human,in vivo,extracellular,bulk
PB2,72,2123,3,ERR3474751,human,in vivo,extracellular,bulk
PB2,734,1512,6,ERR3474751,human,in vivo,extracellular,bulk
PB2,739,1749,1,ERR3474751,human,in vivo,extracellular,bulk
PB2,743,1718,1,ERR3474751,human,in vivo,extracellular,bulk
PB2,785,1691,5,ERR3474751,human,in vivo,extracellular,bulk
PB2,78,2123,1,ERR3474751,human,in vivo,extracellular,bulk
PB2,794,835,1,ERR3474751,human,in vivo,extracellular,bulk
PB2,854,1426,2,ERR3474751,human,in vivo,extracellular,bulk
PB2,96,2054,1,ERR3474751,human,in vivo,extracellular,bulk
PB2,96,2055,1,ERR3474751,human,in vivo,extracellular,bulk
PB2,972,1719,1,ERR3474751,human,in vivo,extracellular,bulk
PB2,98,2019,1,ERR3474751,human,in vivo,extracellular,bulk
PB2,995,2301,1,ERR3474751,human,in vivo,extracellular,bulk
PB2,997,1506,4,ERR3474751,human,in vivo,extracellular,bulk
PB2,99,2123,4,ERR3474751,human,in vivo,extracellular,bulk
PA,1011,1064,2,ERR3474751,human,in vivo,extracellular,bulk
PA,104,2066,1,ERR3474751,human,in vivo,extracellular,bulk
PA,129,1861,3,ERR3474751,human,in vivo,extracellular,bulk
PA,130,1608,5,ERR3474751,human,in vivo,extracellular,bulk
PA,130,2172,2,ERR3474751,human,in vivo,extracellular,bulk
PA,140,2082,1,ERR3474751,human,in vivo,extracellular,bulk
PA,141,1868,2,ERR3474751,human,in vivo,extracellular,bulk
PA,141,2121,2,ERR3474751,human,in vivo,extracellular,bulk
PA,144,2087,1,ERR3474751,human,in vivo,extracellular,bulk
PA,145,1570,3,ERR3474751,human,in vivo,extracellular,bulk
PA,157,1868,3,ERR3474751,human,in vivo,extracellular,bulk
PA,158,2009,25,ERR3474751,human,in vivo,extracellular,bulk
PA,162,1729,1,ERR3474751,human,in vivo,extracellular,bulk
PA,162,2033,3,ERR3474751,human,in vivo,extracellular,bulk
PA,170,2000,34,ERR3474751,human,in vivo,extracellular,bulk
PA,171,2129,1,ERR3474751,human,in vivo,extracellular,bulk
PA,173,214,1,ERR3474751,human,in vivo,extracellular,bulk
PA,175,2046,1,ERR3474751,human,in vivo,extracellular,bulk
PA,176,2080,151,ERR3474751,human,in vivo,extracellular,bulk
PA,177,1231,1,ERR3474751,human,in vivo,extracellular,bulk
PA,180,1861,2,ERR3474751,human,in vivo,extracellular,bulk
PA,186,1775,4,ERR3474751,human,in vivo,extracellular,bulk
PA,187,1608,1,ERR3474751,human,in vivo,extracellular,bulk
PA,1941,2045,1,ERR3474751,human,in vivo,extracellular,bulk
PA,202,2071,3,ERR3474751,human,in vivo,extracellular,bulk
PA,203,258,1,ERR3474751,human,in vivo,extracellular,bulk
PA,209,2043,5,ERR3474751,human,in vivo,extracellular,bulk
PA,209,2063,1,ERR3474751,human,in vivo,extracellular,bulk
PA,211,1945,1,ERR3474751,human,in vivo,extracellular,bulk
PA,213,2140,1,ERR3474751,human,in vivo,extracellular,bulk
PA,219,2172,3,ERR3474751,human,in vivo,extracellular,bulk
PA,221,1857,2,ERR3474751,human,in vivo,extracellular,bulk
PA,225,2001,4,ERR3474751,human,in vivo,extracellular,bulk
PA,230,2085,9,ERR3474751,human,in vivo,extracellular,bulk
PA,259,2039,1,ERR3474751,human,in vivo,extracellular,bulk
PA,259,2041,3,ERR3474751,human,in vivo,extracellular,bulk
PA,260,2040,445,ERR3474751,human,in vivo,extracellular,bulk
PA,266,1640,3,ERR3474751,human,in vivo,extracellular,bulk
PA,278,2076,1,ERR3474751,human,in vivo,extracellular,bulk
PA,283,2001,2,ERR3474751,human,in vivo,extracellular,bulk
PA,304,1825,1,ERR3474751,human,in vivo,extracellular,bulk
PA,314,1857,4,ERR3474751,human,in vivo,extracellular,bulk
PA,318,1855,2,ERR3474751,human,in vivo,extracellular,bulk
PA,337,1853,1,ERR3474751,human,in vivo,extracellular,bulk
PA,337,1925,13,ERR3474751,human,in vivo,extracellular,bulk
PA,338,1592,1,ERR3474751,human,in vivo,extracellular,bulk
PA,357,1837,2,ERR3474751,human,in vivo,extracellular,bulk
PA,364,1861,1,ERR3474751,human,in vivo,extracellular,bulk
PA,367,1857,2,ERR3474751,human,in vivo,extracellular,bulk
PA,368,1835,21,ERR3474751,human,in vivo,extracellular,bulk
PA,369,1861,3,ERR3474751,human,in vivo,extracellular,bulk
PA,369,1938,2,ERR3474751,human,in vivo,extracellular,bulk
PA,370,1833,1,ERR3474751,human,in vivo,extracellular,bulk
PA,371,1833,340,ERR3474751,human,in vivo,extracellular,bulk
PA,371,1859,154,ERR3474751,human,in vivo,extracellular,bulk
PA,371,1947,42,ERR3474751,human,in vivo,extracellular,bulk
PA,372,1860,1,ERR3474751,human,in vivo,extracellular,bulk
PA,372,1948,1,ERR3474751,human,in vivo,extracellular,bulk
PA,398,2178,1,ERR3474751,human,in vivo,extracellular,bulk
PA,399,1906,1,ERR3474751,human,in vivo,extracellular,bulk
PA,399,1936,1,ERR3474751,human,in vivo,extracellular,bulk
PA,399,1946,3,ERR3474751,human,in vivo,extracellular,bulk
PA,403,1859,1,ERR3474751,human,in vivo,extracellular,bulk
PA,408,1829,1,ERR3474751,human,in vivo,extracellular,bulk
PA,420,1768,1,ERR3474751,human,in vivo,extracellular,bulk
PA,421,1825,2,ERR3474751,human,in vivo,extracellular,bulk
PA,421,1852,85,ERR3474751,human,in vivo,extracellular,bulk
PA,421,1857,1,ERR3474751,human,in vivo,extracellular,bulk
PA,421,1923,1,ERR3474751,human,in vivo,extracellular,bulk
PA,425,1856,1,ERR3474751,human,in vivo,extracellular,bulk
PA,42,88,1,ERR3474751,human,in vivo,extracellular,bulk
PA,42,90,2,ERR3474751,human,in vivo,extracellular,bulk
PA,431,1776,2,ERR3474751,human,in vivo,extracellular,bulk
PA,432,1757,1,ERR3474751,human,in vivo,extracellular,bulk
PA,432,1923,1,ERR3474751,human,in vivo,extracellular,bulk
PA,433,1858,3,ERR3474751,human,in vivo,extracellular,bulk
PA,435,1870,40,ERR3474751,human,in vivo,extracellular,bulk
PA,45,1493,7,ERR3474751,human,in vivo,extracellular,bulk
PA,45,1857,1,ERR3474751,human,in vivo,extracellular,bulk
PA,46,2064,1,ERR3474751,human,in vivo,extracellular,bulk
PA,478,1581,3,ERR3474751,human,in vivo,extracellular,bulk
PA,478,1588,2,ERR3474751,human,in vivo,extracellular,bulk
PA,478,1857,5,ERR3474751,human,in vivo,extracellular,bulk
PA,47,88,1,ERR3474751,human,in vivo,extracellular,bulk
PA,481,1858,3,ERR3474751,human,in vivo,extracellular,bulk
PA,481,1946,1,ERR3474751,human,in vivo,extracellular,bulk
PA,482,1857,13,ERR3474751,human,in vivo,extracellular,bulk
PA,485,1858,51,ERR3474751,human,in vivo,extracellular,bulk
PA,487,1857,7,ERR3474751,human,in vivo,extracellular,bulk
PA,48,91,1,ERR3474751,human,in vivo,extracellular,bulk
PA,490,1852,1,ERR3474751,human,in vivo,extracellular,bulk
PA,493,1866,26,ERR3474751,human,in vivo,extracellular,bulk
PA,495,1732,1,ERR3474751,human,in vivo,extracellular,bulk
PA,497,1852,3,ERR3474751,human,in vivo,extracellular,bulk
PA,498,1946,17,ERR3474751,human,in vivo,extracellular,bulk
PA,505,1854,24,ERR3474751,human,in vivo,extracellular,bulk
PA,508,1824,1,ERR3474751,human,in vivo,extracellular,bulk
PA,50,86,1,ERR3474751,human,in vivo,extracellular,bulk
PA,510,740,11,ERR3474751,human,in vivo,extracellular,bulk
PA,513,1737,2,ERR3474751,human,in vivo,extracellular,bulk
PA,517,1857,4,ERR3474751,human,in vivo,extracellular,bulk
PA,542,1861,1,ERR3474751,human,in vivo,extracellular,bulk
PA,546,1897,6,ERR3474751,human,in vivo,extracellular,bulk
PA,601,1688,2,ERR3474751,human,in vivo,extracellular,bulk
PA,63,1750,1,ERR3474751,human,in vivo,extracellular,bulk
PA,63,1857,1,ERR3474751,human,in vivo,extracellular,bulk
PA,671,1857,58,ERR3474751,human,in vivo,extracellular,bulk
PA,68,825,1,ERR3474751,human,in vivo,extracellular,bulk
PA,694,1721,1,ERR3474751,human,in vivo,extracellular,bulk
PA,69,2174,1,ERR3474751,human,in vivo,extracellular,bulk
PA,70,92,1,ERR3474751,human,in vivo,extracellular,bulk
PA,71,103,1,ERR3474751,human,in vivo,extracellular,bulk
PA,71,2173,2,ERR3474751,human,in vivo,extracellular,bulk
PA,76,2173,1,ERR3474751,human,in vivo,extracellular,bulk
PA,793,2137,1,ERR3474751,human,in vivo,extracellular,bulk
PA,802,1607,1,ERR3474751,human,in vivo,extracellular,bulk
PA,82,1834,2,ERR3474751,human,in vivo,extracellular,bulk
PA,89,2123,1,ERR3474751,human,in vivo,extracellular,bulk
PA,911,1376,1,ERR3474751,human,in vivo,extracellular,bulk
PA,91,2084,38,ERR3474751,human,in vivo,extracellular,bulk
PA,965,1301,2,ERR3474751,human,in vivo,extracellular,bulk
PA,967,1302,19,ERR3474751,human,in vivo,extracellular,bulk
PA,96,2046,2,ERR3474751,human,in vivo,extracellular,bulk
PA,972,2178,3,ERR3474751,human,in vivo,extracellular,bulk
HA,1458,1480,11,ERR3474751,human,in vivo,extracellular,bulk
HA,212,1629,26,ERR3474751,human,in vivo,extracellular,bulk
HA,242,1472,11,ERR3474751,human,in vivo,extracellular,bulk
HA,368,1460,1,ERR3474751,human,in vivo,extracellular,bulk
HA,368,1466,2,ERR3474751,human,in vivo,extracellular,bulk
HA,373,1724,1,ERR3474751,human,in vivo,extracellular,bulk
NP,116,1557,2,ERR3474751,human,in vivo,extracellular,bulk
NP,1185,1710,3,ERR3474751,human,in vivo,extracellular,bulk
NP,1186,1707,113,ERR3474751,human,in vivo,extracellular,bulk
NP,123,1613,5,ERR3474751,human,in vivo,extracellular,bulk
NP,1381,1461,1,ERR3474751,human,in vivo,extracellular,bulk
NP,138,1582,1,ERR3474751,human,in vivo,extracellular,bulk
NP,158,1535,1,ERR3474751,human,in vivo,extracellular,bulk
NP,254,1459,1,ERR3474751,human,in vivo,extracellular,bulk
NP,495,1303,2,ERR3474751,human,in vivo,extracellular,bulk
NP,524,1270,1,ERR3474751,human,in vivo,extracellular,bulk
NP,575,1673,1,ERR3474751,human,in vivo,extracellular,bulk
NP,651,1174,1,ERR3474751,human,in vivo,extracellular,bulk
NP,86,1642,2,ERR3474751,human,in vivo,extracellular,bulk
NA,118,1297,76,ERR3474751,human,in vivo,extracellular,bulk
NA,119,1312,2,ERR3474751,human,in vivo,extracellular,bulk
NA,132,1326,1,ERR3474751,human,in vivo,extracellular,bulk
NA,166,1256,2,ERR3474751,human,in vivo,extracellular,bulk
NA,176,1243,2,ERR3474751,human,in vivo,extracellular,bulk
NA,348,1447,1,ERR3474751,human,in vivo,extracellular,bulk
NA,407,1027,58,ERR3474751,human,in vivo,extracellular,bulk
NA,55,1481,1,ERR3474751,human,in vivo,extracellular,bulk
NA,693,743,1,ERR3474751,human,in vivo,extracellular,bulk
M,102,1009,1,ERR3474751,human,in vivo,extracellular,bulk
M,104,993,1,ERR3474751,human,in vivo,extracellular,bulk
M,105,1019,6,ERR3474751,human,in vivo,extracellular,bulk
M,108,1034,3,ERR3474751,human,in vivo,extracellular,bulk
M,111,1052,4,ERR3474751,human,in vivo,extracellular,bulk
M,114,1032,2,ERR3474751,human,in vivo,extracellular,bulk
M,120,1039,12,ERR3474751,human,in vivo,extracellular,bulk
M,124,209,7,ERR3474751,human,in vivo,extracellular,bulk
M,126,1013,49,ERR3474751,human,in vivo,extracellular,bulk
M,130,1012,13,ERR3474751,human,in vivo,extracellular,bulk
M,130,1052,2,ERR3474751,human,in vivo,extracellular,bulk
M,132,1064,4,ERR3474751,human,in vivo,extracellular,bulk
M,133,1053,1,ERR3474751,human,in vivo,extracellular,bulk
M,133,1055,302,ERR3474751,human,in vivo,extracellular,bulk
M,133,1058,31,ERR3474751,human,in vivo,extracellular,bulk
M,134,999,2,ERR3474751,human,in vivo,extracellular,bulk
M,141,1029,1,ERR3474751,human,in vivo,extracellular,bulk
M,141,1059,30,ERR3474751,human,in vivo,extracellular,bulk
M,144,1028,4,ERR3474751,human,in vivo,extracellular,bulk
M,144,1066,43,ERR3474751,human,in vivo,extracellular,bulk
M,145,1055,10,ERR3474751,human,in vivo,extracellular,bulk
M,147,1054,2,ERR3474751,human,in vivo,extracellular,bulk
M,148,1049,37,ERR3474751,human,in vivo,extracellular,bulk
M,148,468,2,ERR3474751,human,in vivo,extracellular,bulk
M,151,1055,2,ERR3474751,human,in vivo,extracellular,bulk
M,154,1066,13,ERR3474751,human,in vivo,extracellular,bulk
M,154,672,1,ERR3474751,human,in vivo,extracellular,bulk
M,159,1066,9,ERR3474751,human,in vivo,extracellular,bulk
M,161,1068,199,ERR3474751,human,in vivo,extracellular,bulk
M,162,1079,2,ERR3474751,human,in vivo,extracellular,bulk
M,169,1074,1,ERR3474751,human,in vivo,extracellular,bulk
M,171,1072,29,ERR3474751,human,in vivo,extracellular,bulk
M,172,1061,1,ERR3474751,human,in vivo,extracellular,bulk
M,173,200,4,ERR3474751,human,in vivo,extracellular,bulk
M,175,929,1,ERR3474751,human,in vivo,extracellular,bulk
M,176,1065,118,ERR3474751,human,in vivo,extracellular,bulk
M,179,1040,190,ERR3474751,human,in vivo,extracellular,bulk
M,181,1102,1,ERR3474751,human,in vivo,extracellular,bulk
M,182,921,16,ERR3474751,human,in vivo,extracellular,bulk
M,203,1025,1,ERR3474751,human,in vivo,extracellular,bulk
M,205,1058,2,ERR3474751,human,in vivo,extracellular,bulk
M,207,1028,2,ERR3474751,human,in vivo,extracellular,bulk
M,208,1065,25,ERR3474751,human,in vivo,extracellular,bulk
M,214,864,5,ERR3474751,human,in vivo,extracellular,bulk
M,223,1062,1,ERR3474751,human,in vivo,extracellular,bulk
M,226,1086,6,ERR3474751,human,in vivo,extracellular,bulk
M,251,1115,1,ERR3474751,human,in vivo,extracellular,bulk
M,255,1059,1,ERR3474751,human,in vivo,extracellular,bulk
M,314,743,8,ERR3474751,human,in vivo,extracellular,bulk
M,315,339,1,ERR3474751,human,in vivo,extracellular,bulk
M,332,1053,1,ERR3474751,human,in vivo,extracellular,bulk
M,333,1054,2,ERR3474751,human,in vivo,extracellular,bulk
M,365,1024,2,ERR3474751,human,in vivo,extracellular,bulk
M,403,989,1,ERR3474751,human,in vivo,extracellular,bulk
M,409,568,3,ERR3474751,human,in vivo,extracellular,bulk
M,437,933,1,ERR3474751,human,in vivo,extracellular,bulk
M,449,719,1,ERR3474751,human,in vivo,extracellular,bulk
M,460,1064,12,ERR3474751,human,in vivo,extracellular,bulk
M,477,1016,1,ERR3474751,human,in vivo,extracellular,bulk
M,602,691,6,ERR3474751,human,in vivo,extracellular,bulk
M,64,909,51,ERR3474751,human,in vivo,extracellular,bulk
M,662,1016,5,ERR3474751,human,in vivo,extracellular,bulk
M,674,1039,1,ERR3474751,human,in vivo,extracellular,bulk
M,71,926,5,ERR3474751,human,in vivo,extracellular,bulk
M,86,979,1,ERR3474751,human,in vivo,extracellular,bulk
M,95,990,1,ERR3474751,human,in vivo,extracellular,bulk
M,95,991,5,ERR3474751,human,in vivo,extracellular,bulk
M,97,1027,5,ERR3474751,human,in vivo,extracellular,bulk
PB1,159,2185,4,ERR3474781,human,in vivo,extracellular,bulk
PB1,160,1994,6,ERR3474781,human,in vivo,extracellular,bulk
PB1,160,2186,1,ERR3474781,human,in vivo,extracellular,bulk
PB1,161,2156,3,ERR3474781,human,in vivo,extracellular,bulk
PB1,163,1781,32,ERR3474781,human,in vivo,extracellular,bulk
PB1,188,1944,11,ERR3474781,human,in vivo,extracellular,bulk
PB1,2233,2261,2,ERR3474781,human,in vivo,extracellular,bulk
PB1,233,1997,3,ERR3474781,human,in vivo,extracellular,bulk
PB1,237,1996,3,ERR3474781,human,in vivo,extracellular,bulk
PB1,237,2203,2,ERR3474781,human,in vivo,extracellular,bulk
PB1,238,2047,4,ERR3474781,human,in vivo,extracellular,bulk
PB1,242,2163,2,ERR3474781,human,in vivo,extracellular,bulk
PB1,251,2048,1,ERR3474781,human,in vivo,extracellular,bulk
PB1,270,2044,2,ERR3474781,human,in vivo,extracellular,bulk
PB1,274,2040,2,ERR3474781,human,in vivo,extracellular,bulk
PB1,275,2156,13,ERR3474781,human,in vivo,extracellular,bulk
PB1,276,2044,6,ERR3474781,human,in vivo,extracellular,bulk
PB1,276,2048,1,ERR3474781,human,in vivo,extracellular,bulk
PB1,276,2061,3,ERR3474781,human,in vivo,extracellular,bulk
PB1,284,2040,1,ERR3474781,human,in vivo,extracellular,bulk
PB1,285,2188,1,ERR3474781,human,in vivo,extracellular,bulk
PB1,290,1842,1,ERR3474781,human,in vivo,extracellular,bulk
PB1,290,2193,25,ERR3474781,human,in vivo,extracellular,bulk
PB1,291,2181,6,ERR3474781,human,in vivo,extracellular,bulk
PB1,296,2019,9,ERR3474781,human,in vivo,extracellular,bulk
PB1,296,2043,15,ERR3474781,human,in vivo,extracellular,bulk
PB1,297,1999,20,ERR3474781,human,in vivo,extracellular,bulk
PB1,299,2018,3,ERR3474781,human,in vivo,extracellular,bulk
PB1,301,2044,4,ERR3474781,human,in vivo,extracellular,bulk
PB1,305,1571,3,ERR3474781,human,in vivo,extracellular,bulk
PB1,305,2043,2,ERR3474781,human,in vivo,extracellular,bulk
PB1,309,1755,1,ERR3474781,human,in vivo,extracellular,bulk
PB1,309,2040,2,ERR3474781,human,in vivo,extracellular,bulk
PB1,321,2184,6,ERR3474781,human,in vivo,extracellular,bulk
PB1,326,2188,10,ERR3474781,human,in vivo,extracellular,bulk
PB1,337,1997,22,ERR3474781,human,in vivo,extracellular,bulk
PB1,353,2043,1,ERR3474781,human,in vivo,extracellular,bulk
PB1,355,1938,4,ERR3474781,human,in vivo,extracellular,bulk
PB1,360,2019,6,ERR3474781,human,in vivo,extracellular,bulk
PB1,362,1993,4,ERR3474781,human,in vivo,extracellular,bulk
PB1,362,2093,2,ERR3474781,human,in vivo,extracellular,bulk
PB1,366,1943,3,ERR3474781,human,in vivo,extracellular,bulk
PB1,370,1948,4,ERR3474781,human,in vivo,extracellular,bulk
PB1,373,2015,4,ERR3474781,human,in vivo,extracellular,bulk
PB1,378,2005,6,ERR3474781,human,in vivo,extracellular,bulk
PB1,378,2030,96,ERR3474781,human,in vivo,extracellular,bulk
PB1,379,1935,3,ERR3474781,human,in vivo,extracellular,bulk
PB1,380,2044,5,ERR3474781,human,in vivo,extracellular,bulk
PB1,385,2025,54,ERR3474781,human,in vivo,extracellular,bulk
PB1,386,1930,1,ERR3474781,human,in vivo,extracellular,bulk
PB1,398,2003,3,ERR3474781,human,in vivo,extracellular,bulk
PB1,399,1944,1,ERR3474781,human,in vivo,extracellular,bulk
PB1,420,2156,9,ERR3474781,human,in vivo,extracellular,bulk
PB1,428,1763,2,ERR3474781,human,in vivo,extracellular,bulk
PB1,439,2115,18,ERR3474781,human,in vivo,extracellular,bulk
PB1,445,2047,5,ERR3474781,human,in vivo,extracellular,bulk
PB1,447,1855,30,ERR3474781,human,in vivo,extracellular,bulk
PB1,447,1937,3,ERR3474781,human,in vivo,extracellular,bulk
PB1,450,1766,12,ERR3474781,human,in vivo,extracellular,bulk
PB1,453,1916,13,ERR3474781,human,in vivo,extracellular,bulk
PB1,457,1945,6,ERR3474781,human,in vivo,extracellular,bulk
PB1,460,1860,1,ERR3474781,human,in vivo,extracellular,bulk
PB1,514,1816,2,ERR3474781,human,in vivo,extracellular,bulk
PB1,515,1817,1,ERR3474781,human,in vivo,extracellular,bulk
PB1,530,1740,1,ERR3474781,human,in vivo,extracellular,bulk
PB1,534,1778,1,ERR3474781,human,in vivo,extracellular,bulk
PB1,535,1759,16,ERR3474781,human,in vivo,extracellular,bulk
PB1,640,2109,2,ERR3474781,human,in vivo,extracellular,bulk
PB1,686,1682,2,ERR3474781,human,in vivo,extracellular,bulk
PB1,693,1586,2,ERR3474781,human,in vivo,extracellular,bulk
PB1,707,2168,1,ERR3474781,human,in vivo,extracellular,bulk
PB1,712,1540,14,ERR3474781,human,in vivo,extracellular,bulk
PB1,716,1573,8,ERR3474781,human,in vivo,extracellular,bulk
PB1,758,1555,3,ERR3474781,human,in vivo,extracellular,bulk
PB1,770,1710,2,ERR3474781,human,in vivo,extracellular,bulk
PB1,787,1535,1,ERR3474781,human,in vivo,extracellular,bulk
PB1,794,1510,2,ERR3474781,human,in vivo,extracellular,bulk
PB1,795,1541,3,ERR3474781,human,in vivo,extracellular,bulk
PB1,798,1516,9,ERR3474781,human,in vivo,extracellular,bulk
PB1,798,1517,3,ERR3474781,human,in vivo,extracellular,bulk
PB1,799,1496,5,ERR3474781,human,in vivo,extracellular,bulk
PB1,799,1511,4,ERR3474781,human,in vivo,extracellular,bulk
PB1,799,1513,4,ERR3474781,human,in vivo,extracellular,bulk
PB1,834,1556,13,ERR3474781,human,in vivo,extracellular,bulk
PB1,839,1595,2,ERR3474781,human,in vivo,extracellular,bulk
PB1,866,1608,5,ERR3474781,human,in vivo,extracellular,bulk
PB1,870,1586,5,ERR3474781,human,in vivo,extracellular,bulk
PB1,959,1485,6,ERR3474781,human,in vivo,extracellular,bulk
PB1,99,1935,3,ERR3474781,human,in vivo,extracellular,bulk
PB2,1008,1183,2,ERR3474781,human,in vivo,extracellular,bulk
PB2,1042,1460,1,ERR3474781,human,in vivo,extracellular,bulk
PB2,1061,1198,8,ERR3474781,human,in vivo,extracellular,bulk
PB2,135,1506,2,ERR3474781,human,in vivo,extracellular,bulk
PB2,135,2086,2,ERR3474781,human,in vivo,extracellular,bulk
PB2,135,2144,4,ERR3474781,human,in vivo,extracellular,bulk
PB2,136,2123,4,ERR3474781,human,in vivo,extracellular,bulk
PB2,137,247,3,ERR3474781,human,in vivo,extracellular,bulk
PB2,1388,1522,1,ERR3474781,human,in vivo,extracellular,bulk
PB2,140,2144,21,ERR3474781,human,in vivo,extracellular,bulk
PB2,140,2148,11,ERR3474781,human,in vivo,extracellular,bulk
PB2,140,2149,2,ERR3474781,human,in vivo,extracellular,bulk
PB2,141,2144,2,ERR3474781,human,in vivo,extracellular,bulk
PB2,142,2193,1,ERR3474781,human,in vivo,extracellular,bulk
PB2,143,1959,1,ERR3474781,human,in vivo,extracellular,bulk
PB2,143,2123,3,ERR3474781,human,in vivo,extracellular,bulk
PB2,143,2151,3541,ERR3474781,human,in vivo,extracellular,bulk
PB2,143,2216,2,ERR3474781,human,in vivo,extracellular,bulk
PB2,144,2152,8,ERR3474781,human,in vivo,extracellular,bulk
PB2,145,1430,3,ERR3474781,human,in vivo,extracellular,bulk
PB2,145,2124,3,ERR3474781,human,in vivo,extracellular,bulk
PB2,145,2145,14,ERR3474781,human,in vivo,extracellular,bulk
PB2,146,168,1,ERR3474781,human,in vivo,extracellular,bulk
PB2,146,2124,30,ERR3474781,human,in vivo,extracellular,bulk
PB2,147,183,1,ERR3474781,human,in vivo,extracellular,bulk
PB2,147,2149,3,ERR3474781,human,in vivo,extracellular,bulk
PB2,148,1959,10,ERR3474781,human,in vivo,extracellular,bulk
PB2,148,2123,46,ERR3474781,human,in vivo,extracellular,bulk
PB2,148,2209,2,ERR3474781,human,in vivo,extracellular,bulk
PB2,149,2070,7,ERR3474781,human,in vivo,extracellular,bulk
PB2,149,2123,2,ERR3474781,human,in vivo,extracellular,bulk
PB2,149,2213,1,ERR3474781,human,in vivo,extracellular,bulk
PB2,151,2012,8,ERR3474781,human,in vivo,extracellular,bulk
PB2,152,1772,3,ERR3474781,human,in vivo,extracellular,bulk
PB2,152,2049,1,ERR3474781,human,in vivo,extracellular,bulk
PB2,153,2151,10,ERR3474781,human,in vivo,extracellular,bulk
PB2,154,191,1,ERR3474781,human,in vivo,extracellular,bulk
PB2,154,1928,2,ERR3474781,human,in vivo,extracellular,bulk
PB2,155,2077,7,ERR3474781,human,in vivo,extracellular,bulk
PB2,160,1982,4,ERR3474781,human,in vivo,extracellular,bulk
PB2,160,2148,3,ERR3474781,human,in vivo,extracellular,bulk
PB2,161,2086,1,ERR3474781,human,in vivo,extracellular,bulk
PB2,161,2211,4,ERR3474781,human,in vivo,extracellular,bulk
PB2,161,2242,9,ERR3474781,human,in vivo,extracellular,bulk
PB2,162,2207,2,ERR3474781,human,in vivo,extracellular,bulk
PB2,163,1970,99,ERR3474781,human,in vivo,extracellular,bulk
PB2,163,2123,2,ERR3474781,human,in vivo,extracellular,bulk
PB2,163,2127,1,ERR3474781,human,in vivo,extracellular,bulk
PB2,163,2148,23,ERR3474781,human,in vivo,extracellular,bulk
PB2,164,2144,99,ERR3474781,human,in vivo,extracellular,bulk
PB2,164,2211,33,ERR3474781,human,in vivo,extracellular,bulk
PB2,164,2216,154,ERR3474781,human,in vivo,extracellular,bulk
PB2,165,226,7,ERR3474781,human,in vivo,extracellular,bulk
PB2,166,2215,5,ERR3474781,human,in vivo,extracellular,bulk
PB2,167,2212,5,ERR3474781,human,in vivo,extracellular,bulk
PB2,169,2210,1,ERR3474781,human,in vivo,extracellular,bulk
PB2,172,2143,7,ERR3474781,human,in vivo,extracellular,bulk
PB2,172,2226,1,ERR3474781,human,in vivo,extracellular,bulk
PB2,175,205,1,ERR3474781,human,in vivo,extracellular,bulk
PB2,178,2142,4,ERR3474781,human,in vivo,extracellular,bulk
PB2,187,2148,1,ERR3474781,human,in vivo,extracellular,bulk
PB2,188,2081,4,ERR3474781,human,in vivo,extracellular,bulk
PB2,189,2211,1,ERR3474781,human,in vivo,extracellular,bulk
PB2,190,2198,2,ERR3474781,human,in vivo,extracellular,bulk
PB2,1912,1961,4,ERR3474781,human,in vivo,extracellular,bulk
PB2,191,2035,3,ERR3474781,human,in vivo,extracellular,bulk
PB2,1940,1963,6,ERR3474781,human,in vivo,extracellular,bulk
PB2,2014,2086,1,ERR3474781,human,in vivo,extracellular,bulk
PB2,201,2059,2,ERR3474781,human,in vivo,extracellular,bulk
PB2,202,1934,1,ERR3474781,human,in vivo,extracellular,bulk
PB2,2031,2057,2,ERR3474781,human,in vivo,extracellular,bulk
PB2,2031,2086,214,ERR3474781,human,in vivo,extracellular,bulk
PB2,2034,2089,3,ERR3474781,human,in vivo,extracellular,bulk
PB2,203,1935,417,ERR3474781,human,in vivo,extracellular,bulk
PB2,203,1936,1,ERR3474781,human,in vivo,extracellular,bulk
PB2,203,2003,2,ERR3474781,human,in vivo,extracellular,bulk
PB2,203,2052,5,ERR3474781,human,in vivo,extracellular,bulk
PB2,203,2146,4,ERR3474781,human,in vivo,extracellular,bulk
PB2,203,2154,2,ERR3474781,human,in vivo,extracellular,bulk
PB2,203,2208,49,ERR3474781,human,in vivo,extracellular,bulk
PB2,203,2213,2,ERR3474781,human,in vivo,extracellular,bulk
PB2,205,2183,1,ERR3474781,human,in vivo,extracellular,bulk
PB2,207,2206,1,ERR3474781,human,in vivo,extracellular,bulk
PB2,2092,2143,1,ERR3474781,human,in vivo,extracellular,bulk
PB2,2099,2124,6,ERR3474781,human,in vivo,extracellular,bulk
PB2,214,251,1,ERR3474781,human,in vivo,extracellular,bulk
PB2,2180,2208,1,ERR3474781,human,in vivo,extracellular,bulk
PB2,229,2024,3,ERR3474781,human,in vivo,extracellular,bulk
PB2,229,2142,2,ERR3474781,human,in vivo,extracellular,bulk
PB2,229,2191,7,ERR3474781,human,in vivo,extracellular,bulk
PB2,231,263,2,ERR3474781,human,in vivo,extracellular,bulk
PB2,233,2146,2,ERR3474781,human,in vivo,extracellular,bulk
PB2,235,2213,2,ERR3474781,human,in vivo,extracellular,bulk
PB2,238,2143,3,ERR3474781,human,in vivo,extracellular,bulk
PB2,239,2071,2,ERR3474781,human,in vivo,extracellular,bulk
PB2,240,2123,2,ERR3474781,human,in vivo,extracellular,bulk
PB2,240,2127,1,ERR3474781,human,in vivo,extracellular,bulk
PB2,241,2003,1,ERR3474781,human,in vivo,extracellular,bulk
PB2,241,2032,3,ERR3474781,human,in vivo,extracellular,bulk
PB2,241,2052,1,ERR3474781,human,in vivo,extracellular,bulk
PB2,241,2121,1,ERR3474781,human,in vivo,extracellular,bulk
PB2,241,2122,1,ERR3474781,human,in vivo,extracellular,bulk
PB2,241,2144,99,ERR3474781,human,in vivo,extracellular,bulk
PB2,241,2206,2,ERR3474781,human,in vivo,extracellular,bulk
PB2,241,2208,1,ERR3474781,human,in vivo,extracellular,bulk
PB2,242,2198,2,ERR3474781,human,in vivo,extracellular,bulk
PB2,242,2211,5,ERR3474781,human,in vivo,extracellular,bulk
PB2,243,1917,2,ERR3474781,human,in vivo,extracellular,bulk
PB2,243,1937,2,ERR3474781,human,in vivo,extracellular,bulk
PB2,243,1944,1,ERR3474781,human,in vivo,extracellular,bulk
PB2,243,2030,1,ERR3474781,human,in vivo,extracellular,bulk
PB2,243,2035,6,ERR3474781,human,in vivo,extracellular,bulk
PB2,243,2059,4,ERR3474781,human,in vivo,extracellular,bulk
PB2,243,2067,2,ERR3474781,human,in vivo,extracellular,bulk
PB2,243,2073,5,ERR3474781,human,in vivo,extracellular,bulk
PB2,243,2123,288,ERR3474781,human,in vivo,extracellular,bulk
PB2,243,2148,21,ERR3474781,human,in vivo,extracellular,bulk
PB2,243,2175,1,ERR3474781,human,in vivo,extracellular,bulk
PB2,243,2207,13,ERR3474781,human,in vivo,extracellular,bulk
PB2,243,2259,13,ERR3474781,human,in vivo,extracellular,bulk
PB2,244,1357,9,ERR3474781,human,in vivo,extracellular,bulk
PB2,244,1521,2,ERR3474781,human,in vivo,extracellular,bulk
PB2,244,1828,1,ERR3474781,human,in vivo,extracellular,bulk
PB2,244,1908,1,ERR3474781,human,in vivo,extracellular,bulk
PB2,244,1980,18,ERR3474781,human,in vivo,extracellular,bulk
PB2,244,2019,10,ERR3474781,human,in vivo,extracellular,bulk
PB2,244,2028,9,ERR3474781,human,in vivo,extracellular,bulk
PB2,244,2032,5,ERR3474781,human,in vivo,extracellular,bulk
PB2,244,2034,29,ERR3474781,human,in vivo,extracellular,bulk
PB2,244,2052,2,ERR3474781,human,in vivo,extracellular,bulk
PB2,244,2055,58,ERR3474781,human,in vivo,extracellular,bulk
PB2,244,2086,51,ERR3474781,human,in vivo,extracellular,bulk
PB2,244,2125,40,ERR3474781,human,in vivo,extracellular,bulk
PB2,244,2142,3,ERR3474781,human,in vivo,extracellular,bulk
PB2,244,2144,67,ERR3474781,human,in vivo,extracellular,bulk
PB2,244,2190,2,ERR3474781,human,in vivo,extracellular,bulk
PB2,244,2195,3,ERR3474781,human,in vivo,extracellular,bulk
PB2,244,2197,67,ERR3474781,human,in vivo,extracellular,bulk
PB2,244,2202,41,ERR3474781,human,in vivo,extracellular,bulk
PB2,244,2206,885,ERR3474781,human,in vivo,extracellular,bulk
PB2,244,2216,18,ERR3474781,human,in vivo,extracellular,bulk
PB2,244,2233,57,ERR3474781,human,in vivo,extracellular,bulk
PB2,244,2238,16,ERR3474781,human,in vivo,extracellular,bulk
PB2,244,2242,13,ERR3474781,human,in vivo,extracellular,bulk
PB2,244,2255,10,ERR3474781,human,in vivo,extracellular,bulk
PB2,244,2257,11,ERR3474781,human,in vivo,extracellular,bulk
PB2,244,2265,13,ERR3474781,human,in vivo,extracellular,bulk
PB2,244,2283,5,ERR3474781,human,in vivo,extracellular,bulk
PB2,245,1948,13,ERR3474781,human,in vivo,extracellular,bulk
PB2,245,2207,5,ERR3474781,human,in vivo,extracellular,bulk
PB2,245,2212,305,ERR3474781,human,in vivo,extracellular,bulk
PB2,246,2019,3,ERR3474781,human,in vivo,extracellular,bulk
PB2,246,2206,5,ERR3474781,human,in vivo,extracellular,bulk
PB2,246,2213,1,ERR3474781,human,in vivo,extracellular,bulk
PB2,246,280,8,ERR3474781,human,in vivo,extracellular,bulk
PB2,247,2009,256,ERR3474781,human,in vivo,extracellular,bulk
PB2,250,2123,3,ERR3474781,human,in vivo,extracellular,bulk
PB2,251,2123,2,ERR3474781,human,in vivo,extracellular,bulk
PB2,252,2017,424,ERR3474781,human,in vivo,extracellular,bulk
PB2,252,2056,1,ERR3474781,human,in vivo,extracellular,bulk
PB2,253,2148,4,ERR3474781,human,in vivo,extracellular,bulk
PB2,256,2070,1,ERR3474781,human,in vivo,extracellular,bulk
PB2,257,2071,4,ERR3474781,human,in vivo,extracellular,bulk
PB2,259,1975,4,ERR3474781,human,in vivo,extracellular,bulk
PB2,260,2123,3,ERR3474781,human,in vivo,extracellular,bulk
PB2,260,2214,6,ERR3474781,human,in vivo,extracellular,bulk
PB2,261,2086,1,ERR3474781,human,in vivo,extracellular,bulk
PB2,261,2206,9,ERR3474781,human,in vivo,extracellular,bulk
PB2,262,2026,4,ERR3474781,human,in vivo,extracellular,bulk
PB2,262,2029,1,ERR3474781,human,in vivo,extracellular,bulk
PB2,263,2076,1,ERR3474781,human,in vivo,extracellular,bulk
PB2,263,2123,1,ERR3474781,human,in vivo,extracellular,bulk
PB2,264,2058,2,ERR3474781,human,in vivo,extracellular,bulk
PB2,264,2233,3,ERR3474781,human,in vivo,extracellular,bulk
PB2,266,1973,7,ERR3474781,human,in vivo,extracellular,bulk
PB2,266,2125,1,ERR3474781,human,in vivo,extracellular,bulk
PB2,266,2142,2,ERR3474781,human,in vivo,extracellular,bulk
PB2,267,2216,6,ERR3474781,human,in vivo,extracellular,bulk
PB2,272,2054,9,ERR3474781,human,in vivo,extracellular,bulk
PB2,273,2036,1,ERR3474781,human,in vivo,extracellular,bulk
PB2,274,2123,6,ERR3474781,human,in vivo,extracellular,bulk
PB2,276,2035,2,ERR3474781,human,in vivo,extracellular,bulk
PB2,277,2019,13,ERR3474781,human,in vivo,extracellular,bulk
PB2,278,1863,1,ERR3474781,human,in vivo,extracellular,bulk
PB2,278,2228,5,ERR3474781,human,in vivo,extracellular,bulk
PB2,279,1917,1,ERR3474781,human,in vivo,extracellular,bulk
PB2,279,2019,7,ERR3474781,human,in vivo,extracellular,bulk
PB2,280,2073,6,ERR3474781,human,in vivo,extracellular,bulk
PB2,280,2123,1,ERR3474781,human,in vivo,extracellular,bulk
PB2,281,2055,1,ERR3474781,human,in vivo,extracellular,bulk
PB2,281,2233,1,ERR3474781,human,in vivo,extracellular,bulk
PB2,283,2010,2,ERR3474781,human,in vivo,extracellular,bulk
PB2,283,2024,3,ERR3474781,human,in vivo,extracellular,bulk
PB2,283,2050,5,ERR3474781,human,in vivo,extracellular,bulk
PB2,284,1959,2,ERR3474781,human,in vivo,extracellular,bulk
PB2,284,2052,6,ERR3474781,human,in vivo,extracellular,bulk
PB2,284,2123,5,ERR3474781,human,in vivo,extracellular,bulk
PB2,290,2007,1,ERR3474781,human,in vivo,extracellular,bulk
PB2,291,2254,1,ERR3474781,human,in vivo,extracellular,bulk
PB2,292,2008,3,ERR3474781,human,in vivo,extracellular,bulk
PB2,294,2035,4,ERR3474781,human,in vivo,extracellular,bulk
PB2,297,2057,1,ERR3474781,human,in vivo,extracellular,bulk
PB2,298,1961,5,ERR3474781,human,in vivo,extracellular,bulk
PB2,303,2123,5,ERR3474781,human,in vivo,extracellular,bulk
PB2,304,2123,3,ERR3474781,human,in vivo,extracellular,bulk
PB2,307,1835,7,ERR3474781,human,in vivo,extracellular,bulk
PB2,308,1908,23,ERR3474781,human,in vivo,extracellular,bulk
PB2,308,1998,1,ERR3474781,human,in vivo,extracellular,bulk
PB2,308,2028,4,ERR3474781,human,in vivo,extracellular,bulk
PB2,308,2055,1,ERR3474781,human,in vivo,extracellular,bulk
PB2,308,2089,1,ERR3474781,human,in vivo,extracellular,bulk
PB2,311,1926,79,ERR3474781,human,in vivo,extracellular,bulk
PB2,335,1963,1,ERR3474781,human,in vivo,extracellular,bulk
PB2,335,2009,1,ERR3474781,human,in vivo,extracellular,bulk
PB2,335,2077,2,ERR3474781,human,in vivo,extracellular,bulk
PB2,336,1576,4,ERR3474781,human,in vivo,extracellular,bulk
PB2,336,1961,3,ERR3474781,human,in vivo,extracellular,bulk
PB2,337,1936,1,ERR3474781,human,in vivo,extracellular,bulk
PB2,337,2024,8,ERR3474781,human,in vivo,extracellular,bulk
PB2,337,2123,3,ERR3474781,human,in vivo,extracellular,bulk
PB2,338,1939,2,ERR3474781,human,in vivo,extracellular,bulk
PB2,338,1984,1,ERR3474781,human,in vivo,extracellular,bulk
PB2,338,2062,2,ERR3474781,human,in vivo,extracellular,bulk
PB2,339,1926,1,ERR3474781,human,in vivo,extracellular,bulk
PB2,340,2001,4,ERR3474781,human,in vivo,extracellular,bulk
PB2,341,2144,1,ERR3474781,human,in vivo,extracellular,bulk
PB2,341,374,3,ERR3474781,human,in vivo,extracellular,bulk
PB2,342,1981,3,ERR3474781,human,in vivo,extracellular,bulk
PB2,343,1937,10,ERR3474781,human,in vivo,extracellular,bulk
PB2,343,1949,11,ERR3474781,human,in vivo,extracellular,bulk
PB2,343,2148,1,ERR3474781,human,in vivo,extracellular,bulk
PB2,344,1980,6,ERR3474781,human,in vivo,extracellular,bulk
PB2,344,1984,1,ERR3474781,human,in vivo,extracellular,bulk
PB2,344,2021,4,ERR3474781,human,in vivo,extracellular,bulk
PB2,344,2055,1,ERR3474781,human,in vivo,extracellular,bulk
PB2,345,2126,1,ERR3474781,human,in vivo,extracellular,bulk
PB2,346,1995,7,ERR3474781,human,in vivo,extracellular,bulk
PB2,347,2075,1,ERR3474781,human,in vivo,extracellular,bulk
PB2,348,1928,4,ERR3474781,human,in vivo,extracellular,bulk
PB2,348,1957,5,ERR3474781,human,in vivo,extracellular,bulk
PB2,348,2024,11,ERR3474781,human,in vivo,extracellular,bulk
PB2,349,1958,4,ERR3474781,human,in vivo,extracellular,bulk
PB2,349,2055,3,ERR3474781,human,in vivo,extracellular,bulk
PB2,349,2078,3,ERR3474781,human,in vivo,extracellular,bulk
PB2,350,1957,2,ERR3474781,human,in vivo,extracellular,bulk
PB2,350,2010,7,ERR3474781,human,in vivo,extracellular,bulk
PB2,350,2089,1,ERR3474781,human,in vivo,extracellular,bulk
PB2,351,1915,6,ERR3474781,human,in vivo,extracellular,bulk
PB2,351,1962,9,ERR3474781,human,in vivo,extracellular,bulk
PB2,351,1998,1,ERR3474781,human,in vivo,extracellular,bulk
PB2,351,2075,5,ERR3474781,human,in vivo,extracellular,bulk
PB2,351,2080,1,ERR3474781,human,in vivo,extracellular,bulk
PB2,352,2007,6,ERR3474781,human,in vivo,extracellular,bulk
PB2,353,2031,2,ERR3474781,human,in vivo,extracellular,bulk
PB2,355,2006,4,ERR3474781,human,in vivo,extracellular,bulk
PB2,356,1965,4,ERR3474781,human,in vivo,extracellular,bulk
PB2,357,1908,4,ERR3474781,human,in vivo,extracellular,bulk
PB2,357,1927,4,ERR3474781,human,in vivo,extracellular,bulk
PB2,357,1961,6,ERR3474781,human,in vivo,extracellular,bulk
PB2,358,1954,74,ERR3474781,human,in vivo,extracellular,bulk
PB2,358,1983,1,ERR3474781,human,in vivo,extracellular,bulk
PB2,358,2082,4,ERR3474781,human,in vivo,extracellular,bulk
PB2,359,1917,14,ERR3474781,human,in vivo,extracellular,bulk
PB2,360,1918,3,ERR3474781,human,in vivo,extracellular,bulk
PB2,360,1949,3,ERR3474781,human,in vivo,extracellular,bulk
PB2,362,388,1,ERR3474781,human,in vivo,extracellular,bulk
PB2,363,1860,4,ERR3474781,human,in vivo,extracellular,bulk
PB2,363,2123,4,ERR3474781,human,in vivo,extracellular,bulk
PB2,369,1955,5,ERR3474781,human,in vivo,extracellular,bulk
PB2,377,2076,1,ERR3474781,human,in vivo,extracellular,bulk
PB2,378,1966,6,ERR3474781,human,in vivo,extracellular,bulk
PB2,378,2056,2,ERR3474781,human,in vivo,extracellular,bulk
PB2,379,1905,3,ERR3474781,human,in vivo,extracellular,bulk
PB2,379,1950,1,ERR3474781,human,in vivo,extracellular,bulk
PB2,379,1976,2,ERR3474781,human,in vivo,extracellular,bulk
PB2,379,2068,9,ERR3474781,human,in vivo,extracellular,bulk
PB2,380,2025,2,ERR3474781,human,in vivo,extracellular,bulk
PB2,382,1963,3,ERR3474781,human,in vivo,extracellular,bulk
PB2,383,2264,1,ERR3474781,human,in vivo,extracellular,bulk
PB2,388,1948,1,ERR3474781,human,in vivo,extracellular,bulk
PB2,389,2123,3,ERR3474781,human,in vivo,extracellular,bulk
PB2,390,1958,11,ERR3474781,human,in vivo,extracellular,bulk
PB2,390,1972,12,ERR3474781,human,in vivo,extracellular,bulk
PB2,390,981,1,ERR3474781,human,in vivo,extracellular,bulk
PB2,391,1933,4,ERR3474781,human,in vivo,extracellular,bulk
PB2,392,1853,1,ERR3474781,human,in vivo,extracellular,bulk
PB2,392,1962,6,ERR3474781,human,in vivo,extracellular,bulk
PB2,393,1909,3,ERR3474781,human,in vivo,extracellular,bulk
PB2,393,2034,1,ERR3474781,human,in vivo,extracellular,bulk
PB2,393,2044,1,ERR3474781,human,in vivo,extracellular,bulk
PB2,394,1854,8,ERR3474781,human,in vivo,extracellular,bulk
PB2,394,1855,344,ERR3474781,human,in vivo,extracellular,bulk
PB2,394,1856,3,ERR3474781,human,in vivo,extracellular,bulk
PB2,394,2056,7,ERR3474781,human,in vivo,extracellular,bulk
PB2,394,458,10,ERR3474781,human,in vivo,extracellular,bulk
PB2,397,2054,5,ERR3474781,human,in vivo,extracellular,bulk
PB2,401,2021,1,ERR3474781,human,in vivo,extracellular,bulk
PB2,403,1949,1,ERR3474781,human,in vivo,extracellular,bulk
PB2,404,1979,2,ERR3474781,human,in vivo,extracellular,bulk
PB2,410,2054,4,ERR3474781,human,in vivo,extracellular,bulk
PB2,411,1878,3,ERR3474781,human,in vivo,extracellular,bulk
PB2,412,2037,1,ERR3474781,human,in vivo,extracellular,bulk
PB2,413,2026,6,ERR3474781,human,in vivo,extracellular,bulk
PB2,414,1939,1,ERR3474781,human,in vivo,extracellular,bulk
PB2,414,2008,1,ERR3474781,human,in vivo,extracellular,bulk
PB2,417,2031,26,ERR3474781,human,in vivo,extracellular,bulk
PB2,418,1759,3,ERR3474781,human,in vivo,extracellular,bulk
PB2,426,1964,3,ERR3474781,human,in vivo,extracellular,bulk
PB2,426,453,8,ERR3474781,human,in vivo,extracellular,bulk
PB2,427,1790,8,ERR3474781,human,in vivo,extracellular,bulk
PB2,427,1853,2,ERR3474781,human,in vivo,extracellular,bulk
PB2,427,1888,2,ERR3474781,human,in vivo,extracellular,bulk
PB2,427,1917,2,ERR3474781,human,in vivo,extracellular,bulk
PB2,427,2035,5,ERR3474781,human,in vivo,extracellular,bulk
PB2,427,2121,1,ERR3474781,human,in vivo,extracellular,bulk
PB2,428,1858,8,ERR3474781,human,in vivo,extracellular,bulk
PB2,428,1959,1,ERR3474781,human,in vivo,extracellular,bulk
PB2,428,1998,1,ERR3474781,human,in vivo,extracellular,bulk
PB2,428,2032,39,ERR3474781,human,in vivo,extracellular,bulk
PB2,428,2125,1,ERR3474781,human,in vivo,extracellular,bulk
PB2,428,2216,45,ERR3474781,human,in vivo,extracellular,bulk
PB2,429,1859,1,ERR3474781,human,in vivo,extracellular,bulk
PB2,429,1965,5,ERR3474781,human,in vivo,extracellular,bulk
PB2,429,1966,4,ERR3474781,human,in vivo,extracellular,bulk
PB2,429,1981,20,ERR3474781,human,in vivo,extracellular,bulk
PB2,429,454,5,ERR3474781,human,in vivo,extracellular,bulk
PB2,433,2036,2,ERR3474781,human,in vivo,extracellular,bulk
PB2,443,1958,1,ERR3474781,human,in vivo,extracellular,bulk
PB2,443,2001,1,ERR3474781,human,in vivo,extracellular,bulk
PB2,444,1937,1,ERR3474781,human,in vivo,extracellular,bulk
PB2,445,1912,2,ERR3474781,human,in vivo,extracellular,bulk
PB2,445,1931,1,ERR3474781,human,in vivo,extracellular,bulk
PB2,446,1952,1,ERR3474781,human,in vivo,extracellular,bulk
PB2,446,2022,6,ERR3474781,human,in vivo,extracellular,bulk
PB2,447,473,5,ERR3474781,human,in vivo,extracellular,bulk
PB2,449,1760,5,ERR3474781,human,in vivo,extracellular,bulk
PB2,449,1998,2,ERR3474781,human,in vivo,extracellular,bulk
PB2,449,2211,1,ERR3474781,human,in vivo,extracellular,bulk
PB2,450,2020,21,ERR3474781,human,in vivo,extracellular,bulk
PB2,451,1937,1,ERR3474781,human,in vivo,extracellular,bulk
PB2,451,2039,2,ERR3474781,human,in vivo,extracellular,bulk
PB2,452,1931,1,ERR3474781,human,in vivo,extracellular,bulk
PB2,452,2006,3,ERR3474781,human,in vivo,extracellular,bulk
PB2,453,1829,1,ERR3474781,human,in vivo,extracellular,bulk
PB2,453,2006,5,ERR3474781,human,in vivo,extracellular,bulk
PB2,453,2056,78,ERR3474781,human,in vivo,extracellular,bulk
PB2,454,1910,2,ERR3474781,human,in vivo,extracellular,bulk
PB2,455,1912,1,ERR3474781,human,in vivo,extracellular,bulk
PB2,456,2006,2,ERR3474781,human,in vivo,extracellular,bulk
PB2,456,2022,1,ERR3474781,human,in vivo,extracellular,bulk
PB2,457,1949,2,ERR3474781,human,in vivo,extracellular,bulk
PB2,457,2195,1,ERR3474781,human,in vivo,extracellular,bulk
PB2,458,1718,1,ERR3474781,human,in vivo,extracellular,bulk
PB2,458,1877,7,ERR3474781,human,in vivo,extracellular,bulk
PB2,460,1513,6,ERR3474781,human,in vivo,extracellular,bulk
PB2,460,2071,4,ERR3474781,human,in vivo,extracellular,bulk
PB2,463,1949,1,ERR3474781,human,in vivo,extracellular,bulk
PB2,463,2010,1,ERR3474781,human,in vivo,extracellular,bulk
PB2,463,2067,1,ERR3474781,human,in vivo,extracellular,bulk
PB2,464,1976,1,ERR3474781,human,in vivo,extracellular,bulk
PB2,465,2007,5,ERR3474781,human,in vivo,extracellular,bulk
PB2,466,1911,4,ERR3474781,human,in vivo,extracellular,bulk
PB2,467,1911,9,ERR3474781,human,in vivo,extracellular,bulk
PB2,469,1917,3,ERR3474781,human,in vivo,extracellular,bulk
PB2,469,2067,23,ERR3474781,human,in vivo,extracellular,bulk
PB2,469,2125,1,ERR3474781,human,in vivo,extracellular,bulk
PB2,470,1962,1,ERR3474781,human,in vivo,extracellular,bulk
PB2,470,2013,6,ERR3474781,human,in vivo,extracellular,bulk
PB2,473,2014,3,ERR3474781,human,in vivo,extracellular,bulk
PB2,476,1787,3,ERR3474781,human,in vivo,extracellular,bulk
PB2,480,1915,2,ERR3474781,human,in vivo,extracellular,bulk
PB2,481,1774,4,ERR3474781,human,in vivo,extracellular,bulk
PB2,481,1852,1,ERR3474781,human,in vivo,extracellular,bulk
PB2,481,1916,1,ERR3474781,human,in vivo,extracellular,bulk
PB2,494,2027,4,ERR3474781,human,in vivo,extracellular,bulk
PB2,498,1790,2,ERR3474781,human,in vivo,extracellular,bulk
PB2,49,72,1,ERR3474781,human,in vivo,extracellular,bulk
PB2,501,1992,37,ERR3474781,human,in vivo,extracellular,bulk
PB2,501,2036,1,ERR3474781,human,in vivo,extracellular,bulk
PB2,503,2062,1,ERR3474781,human,in vivo,extracellular,bulk
PB2,510,1936,2,ERR3474781,human,in vivo,extracellular,bulk
PB2,510,1970,2,ERR3474781,human,in vivo,extracellular,bulk
PB2,511,1909,1,ERR3474781,human,in vivo,extracellular,bulk
PB2,511,1952,5,ERR3474781,human,in vivo,extracellular,bulk
PB2,511,1981,1,ERR3474781,human,in vivo,extracellular,bulk
PB2,514,2054,1,ERR3474781,human,in vivo,extracellular,bulk
PB2,515,1747,1,ERR3474781,human,in vivo,extracellular,bulk
PB2,515,1753,1,ERR3474781,human,in vivo,extracellular,bulk
PB2,516,1855,1,ERR3474781,human,in vivo,extracellular,bulk
PB2,516,2075,1,ERR3474781,human,in vivo,extracellular,bulk
PB2,518,2204,1,ERR3474781,human,in vivo,extracellular,bulk
PB2,520,2054,1,ERR3474781,human,in vivo,extracellular,bulk
PB2,521,1836,2,ERR3474781,human,in vivo,extracellular,bulk
PB2,522,2024,1,ERR3474781,human,in vivo,extracellular,bulk
PB2,524,1777,1,ERR3474781,human,in vivo,extracellular,bulk
PB2,526,1835,2,ERR3474781,human,in vivo,extracellular,bulk
PB2,526,1937,3,ERR3474781,human,in vivo,extracellular,bulk
PB2,527,1776,2,ERR3474781,human,in vivo,extracellular,bulk
PB2,527,2031,1,ERR3474781,human,in vivo,extracellular,bulk
PB2,529,2033,13,ERR3474781,human,in vivo,extracellular,bulk
PB2,530,1854,3,ERR3474781,human,in vivo,extracellular,bulk
PB2,538,2079,2,ERR3474781,human,in vivo,extracellular,bulk
PB2,557,2034,1,ERR3474781,human,in vivo,extracellular,bulk
PB2,557,2069,1,ERR3474781,human,in vivo,extracellular,bulk
PB2,562,1752,2,ERR3474781,human,in vivo,extracellular,bulk
PB2,569,2036,22,ERR3474781,human,in vivo,extracellular,bulk
PB2,570,1776,1,ERR3474781,human,in vivo,extracellular,bulk
PB2,570,2024,7,ERR3474781,human,in vivo,extracellular,bulk
PB2,570,2125,1,ERR3474781,human,in vivo,extracellular,bulk
PB2,575,1688,1,ERR3474781,human,in vivo,extracellular,bulk
PB2,576,1776,6,ERR3474781,human,in vivo,extracellular,bulk
PB2,576,2032,3,ERR3474781,human,in vivo,extracellular,bulk
PB2,586,2123,3,ERR3474781,human,in vivo,extracellular,bulk
PB2,588,1609,2,ERR3474781,human,in vivo,extracellular,bulk
PB2,588,1777,2,ERR3474781,human,in vivo,extracellular,bulk
PB2,593,1777,1,ERR3474781,human,in vivo,extracellular,bulk
PB2,596,1751,1,ERR3474781,human,in vivo,extracellular,bulk
PB2,596,1860,2,ERR3474781,human,in vivo,extracellular,bulk
PB2,597,1751,329,ERR3474781,human,in vivo,extracellular,bulk
PB2,598,1752,4,ERR3474781,human,in vivo,extracellular,bulk
PB2,598,1758,1,ERR3474781,human,in vivo,extracellular,bulk
PB2,599,1760,2,ERR3474781,human,in vivo,extracellular,bulk
PB2,600,1741,4,ERR3474781,human,in vivo,extracellular,bulk
PB2,601,2086,6,ERR3474781,human,in vivo,extracellular,bulk
PB2,603,1830,1,ERR3474781,human,in vivo,extracellular,bulk
PB2,607,1979,1,ERR3474781,human,in vivo,extracellular,bulk
PB2,608,1747,5,ERR3474781,human,in vivo,extracellular,bulk
PB2,608,1905,2,ERR3474781,human,in vivo,extracellular,bulk
PB2,613,2139,5,ERR3474781,human,in vivo,extracellular,bulk
PB2,621,1736,3,ERR3474781,human,in vivo,extracellular,bulk
PB2,621,1862,2,ERR3474781,human,in vivo,extracellular,bulk
PB2,623,2013,14,ERR3474781,human,in vivo,extracellular,bulk
PB2,623,2255,10,ERR3474781,human,in vivo,extracellular,bulk
PB2,62,136,1,ERR3474781,human,in vivo,extracellular,bulk
PB2,633,1768,5,ERR3474781,human,in vivo,extracellular,bulk
PB2,634,1717,2,ERR3474781,human,in vivo,extracellular,bulk
PB2,634,1739,4,ERR3474781,human,in vivo,extracellular,bulk
PB2,635,1614,3,ERR3474781,human,in vivo,extracellular,bulk
PB2,638,1728,7,ERR3474781,human,in vivo,extracellular,bulk
PB2,642,1790,11,ERR3474781,human,in vivo,extracellular,bulk
PB2,69,1778,1,ERR3474781,human,in vivo,extracellular,bulk
PB2,704,1777,1,ERR3474781,human,in vivo,extracellular,bulk
PB2,707,1613,1,ERR3474781,human,in vivo,extracellular,bulk
PB2,716,1539,4,ERR3474781,human,in vivo,extracellular,bulk
PB2,716,1707,6,ERR3474781,human,in vivo,extracellular,bulk
PB2,716,1872,2,ERR3474781,human,in vivo,extracellular,bulk
PB2,724,1747,5,ERR3474781,human,in vivo,extracellular,bulk
PB2,725,1492,2,ERR3474781,human,in vivo,extracellular,bulk
PB2,725,1612,1,ERR3474781,human,in vivo,extracellular,bulk
PB2,730,1698,1,ERR3474781,human,in vivo,extracellular,bulk
PB2,735,1578,1,ERR3474781,human,in vivo,extracellular,bulk
PB2,739,1750,1,ERR3474781,human,in vivo,extracellular,bulk
PB2,73,1933,3,ERR3474781,human,in vivo,extracellular,bulk
PB2,740,1576,18,ERR3474781,human,in vivo,extracellular,bulk
PB2,740,1647,6,ERR3474781,human,in vivo,extracellular,bulk
PB2,742,1577,5,ERR3474781,human,in vivo,extracellular,bulk
PB2,743,1761,9,ERR3474781,human,in vivo,extracellular,bulk
PB2,748,1576,5,ERR3474781,human,in vivo,extracellular,bulk
PB2,763,1679,1,ERR3474781,human,in vivo,extracellular,bulk
PB2,763,2255,4,ERR3474781,human,in vivo,extracellular,bulk
PB2,767,1538,61,ERR3474781,human,in vivo,extracellular,bulk
PB2,768,1539,1,ERR3474781,human,in vivo,extracellular,bulk
PB2,774,1680,4,ERR3474781,human,in vivo,extracellular,bulk
PB2,781,1636,10,ERR3474781,human,in vivo,extracellular,bulk
PB2,782,1619,1,ERR3474781,human,in vivo,extracellular,bulk
PB2,788,1659,2,ERR3474781,human,in vivo,extracellular,bulk
PB2,789,2312,1,ERR3474781,human,in vivo,extracellular,bulk
PB2,792,1521,4,ERR3474781,human,in vivo,extracellular,bulk
PB2,792,1542,10,ERR3474781,human,in vivo,extracellular,bulk
PB2,792,1619,2,ERR3474781,human,in vivo,extracellular,bulk
PB2,841,1476,3,ERR3474781,human,in vivo,extracellular,bulk
PB2,860,1573,8,ERR3474781,human,in vivo,extracellular,bulk
PB2,862,1508,7,ERR3474781,human,in vivo,extracellular,bulk
PB2,87,119,2,ERR3474781,human,in vivo,extracellular,bulk
PB2,918,1444,1,ERR3474781,human,in vivo,extracellular,bulk
PB2,918,1491,2,ERR3474781,human,in vivo,extracellular,bulk
PB2,983,1535,3,ERR3474781,human,in vivo,extracellular,bulk
PA,1122,1810,5,ERR3474781,human,in vivo,extracellular,bulk
PA,138,1711,1,ERR3474781,human,in vivo,extracellular,bulk
PA,155,2034,2,ERR3474781,human,in vivo,extracellular,bulk
PA,155,2104,1,ERR3474781,human,in vivo,extracellular,bulk
PA,159,1858,3,ERR3474781,human,in vivo,extracellular,bulk
PA,1655,1713,6,ERR3474781,human,in vivo,extracellular,bulk
PA,1662,1710,7,ERR3474781,human,in vivo,extracellular,bulk
PA,167,1719,7,ERR3474781,human,in vivo,extracellular,bulk
PA,167,2044,15,ERR3474781,human,in vivo,extracellular,bulk
PA,169,1730,11,ERR3474781,human,in vivo,extracellular,bulk
PA,170,1704,2,ERR3474781,human,in vivo,extracellular,bulk
PA,171,198,5,ERR3474781,human,in vivo,extracellular,bulk
PA,171,2035,4,ERR3474781,human,in vivo,extracellular,bulk
PA,172,2046,49,ERR3474781,human,in vivo,extracellular,bulk
PA,173,1695,17,ERR3474781,human,in vivo,extracellular,bulk
PA,173,2088,3,ERR3474781,human,in vivo,extracellular,bulk
PA,174,1946,4,ERR3474781,human,in vivo,extracellular,bulk
PA,175,2022,15,ERR3474781,human,in vivo,extracellular,bulk
PA,175,2045,8,ERR3474781,human,in vivo,extracellular,bulk
PA,181,2066,1,ERR3474781,human,in vivo,extracellular,bulk
PA,184,1675,5,ERR3474781,human,in vivo,extracellular,bulk
PA,186,2030,11,ERR3474781,human,in vivo,extracellular,bulk
PA,188,1690,10,ERR3474781,human,in vivo,extracellular,bulk
PA,188,1827,3,ERR3474781,human,in vivo,extracellular,bulk
PA,190,1618,5,ERR3474781,human,in vivo,extracellular,bulk
PA,191,2087,4,ERR3474781,human,in vivo,extracellular,bulk
PA,192,2083,1,ERR3474781,human,in vivo,extracellular,bulk
PA,195,1826,5,ERR3474781,human,in vivo,extracellular,bulk
PA,1987,2038,4,ERR3474781,human,in vivo,extracellular,bulk
PA,198,2046,5,ERR3474781,human,in vivo,extracellular,bulk
PA,2043,2088,128,ERR3474781,human,in vivo,extracellular,bulk
PA,205,2045,3,ERR3474781,human,in vivo,extracellular,bulk
PA,2075,2143,4,ERR3474781,human,in vivo,extracellular,bulk
PA,2086,2127,1,ERR3474781,human,in vivo,extracellular,bulk
PA,2096,2127,13,ERR3474781,human,in vivo,extracellular,bulk
PA,2096,2141,1,ERR3474781,human,in vivo,extracellular,bulk
PA,210,1756,7,ERR3474781,human,in vivo,extracellular,bulk
PA,210,1962,3,ERR3474781,human,in vivo,extracellular,bulk
PA,210,2046,5,ERR3474781,human,in vivo,extracellular,bulk
PA,211,1945,8,ERR3474781,human,in vivo,extracellular,bulk
PA,211,2005,2,ERR3474781,human,in vivo,extracellular,bulk
PA,211,2034,6,ERR3474781,human,in vivo,extracellular,bulk
PA,211,2043,5,ERR3474781,human,in vivo,extracellular,bulk
PA,211,2088,17,ERR3474781,human,in vivo,extracellular,bulk
PA,212,1948,2,ERR3474781,human,in vivo,extracellular,bulk
PA,213,1784,4,ERR3474781,human,in vivo,extracellular,bulk
PA,213,1861,2,ERR3474781,human,in vivo,extracellular,bulk
PA,213,2005,72,ERR3474781,human,in vivo,extracellular,bulk
PA,213,2034,1,ERR3474781,human,in vivo,extracellular,bulk
PA,213,2045,9,ERR3474781,human,in vivo,extracellular,bulk
PA,213,2104,25,ERR3474781,human,in vivo,extracellular,bulk
PA,213,260,12,ERR3474781,human,in vivo,extracellular,bulk
PA,214,1294,5,ERR3474781,human,in vivo,extracellular,bulk
PA,214,2006,1,ERR3474781,human,in vivo,extracellular,bulk
PA,216,249,8,ERR3474781,human,in vivo,extracellular,bulk
PA,220,1219,4,ERR3474781,human,in vivo,extracellular,bulk
PA,220,2113,8,ERR3474781,human,in vivo,extracellular,bulk
PA,222,2006,163,ERR3474781,human,in vivo,extracellular,bulk
PA,223,2023,11,ERR3474781,human,in vivo,extracellular,bulk
PA,223,2069,72,ERR3474781,human,in vivo,extracellular,bulk
PA,225,2068,2,ERR3474781,human,in vivo,extracellular,bulk
PA,226,1956,7,ERR3474781,human,in vivo,extracellular,bulk
PA,227,2067,1,ERR3474781,human,in vivo,extracellular,bulk
PA,227,2073,1,ERR3474781,human,in vivo,extracellular,bulk
PA,227,250,16,ERR3474781,human,in vivo,extracellular,bulk
PA,228,1742,2,ERR3474781,human,in vivo,extracellular,bulk
PA,229,2041,1,ERR3474781,human,in vivo,extracellular,bulk
PA,230,1098,3,ERR3474781,human,in vivo,extracellular,bulk
PA,231,2100,6,ERR3474781,human,in vivo,extracellular,bulk
PA,241,1750,5,ERR3474781,human,in vivo,extracellular,bulk
PA,242,2088,1,ERR3474781,human,in vivo,extracellular,bulk
PA,243,1530,5,ERR3474781,human,in vivo,extracellular,bulk
PA,243,2067,15,ERR3474781,human,in vivo,extracellular,bulk
PA,257,2005,1,ERR3474781,human,in vivo,extracellular,bulk
PA,258,2006,3,ERR3474781,human,in vivo,extracellular,bulk
PA,259,2043,7,ERR3474781,human,in vivo,extracellular,bulk
PA,260,2131,3,ERR3474781,human,in vivo,extracellular,bulk
PA,261,1950,9,ERR3474781,human,in vivo,extracellular,bulk
PA,262,1954,5,ERR3474781,human,in vivo,extracellular,bulk
PA,266,2005,586,ERR3474781,human,in vivo,extracellular,bulk
PA,267,1946,29,ERR3474781,human,in vivo,extracellular,bulk
PA,267,2035,2,ERR3474781,human,in vivo,extracellular,bulk
PA,269,1856,4,ERR3474781,human,in vivo,extracellular,bulk
PA,274,2002,14,ERR3474781,human,in vivo,extracellular,bulk
PA,276,1898,6,ERR3474781,human,in vivo,extracellular,bulk
PA,278,2076,1,ERR3474781,human,in vivo,extracellular,bulk
PA,280,2053,2,ERR3474781,human,in vivo,extracellular,bulk
PA,281,1861,13,ERR3474781,human,in vivo,extracellular,bulk
PA,281,1949,11,ERR3474781,human,in vivo,extracellular,bulk
PA,283,2076,1,ERR3474781,human,in vivo,extracellular,bulk
PA,294,1901,2,ERR3474781,human,in vivo,extracellular,bulk
PA,294,1950,2,ERR3474781,human,in vivo,extracellular,bulk
PA,294,2004,5,ERR3474781,human,in vivo,extracellular,bulk
PA,298,2004,11,ERR3474781,human,in vivo,extracellular,bulk
PA,301,1757,40,ERR3474781,human,in vivo,extracellular,bulk
PA,306,2043,1,ERR3474781,human,in vivo,extracellular,bulk
PA,307,1950,2,ERR3474781,human,in vivo,extracellular,bulk
PA,308,1905,1,ERR3474781,human,in vivo,extracellular,bulk
PA,311,1998,3,ERR3474781,human,in vivo,extracellular,bulk
PA,313,1902,4,ERR3474781,human,in vivo,extracellular,bulk
PA,314,1832,21,ERR3474781,human,in vivo,extracellular,bulk
PA,314,1901,108,ERR3474781,human,in vivo,extracellular,bulk
PA,314,1905,20,ERR3474781,human,in vivo,extracellular,bulk
PA,315,1902,1,ERR3474781,human,in vivo,extracellular,bulk
PA,320,1906,2,ERR3474781,human,in vivo,extracellular,bulk
PA,320,2084,10,ERR3474781,human,in vivo,extracellular,bulk
PA,322,2023,46,ERR3474781,human,in vivo,extracellular,bulk
PA,322,2132,2,ERR3474781,human,in vivo,extracellular,bulk
PA,323,1856,21,ERR3474781,human,in vivo,extracellular,bulk
PA,323,2072,2,ERR3474781,human,in vivo,extracellular,bulk
PA,326,1860,9,ERR3474781,human,in vivo,extracellular,bulk
PA,326,1901,16,ERR3474781,human,in vivo,extracellular,bulk
PA,326,1904,2,ERR3474781,human,in vivo,extracellular,bulk
PA,326,1905,6,ERR3474781,human,in vivo,extracellular,bulk
PA,338,1944,1,ERR3474781,human,in vivo,extracellular,bulk
PA,338,2103,1,ERR3474781,human,in vivo,extracellular,bulk
PA,339,1832,7,ERR3474781,human,in vivo,extracellular,bulk
PA,355,1869,7,ERR3474781,human,in vivo,extracellular,bulk
PA,355,1905,10,ERR3474781,human,in vivo,extracellular,bulk
PA,356,1867,7,ERR3474781,human,in vivo,extracellular,bulk
PA,358,1519,1,ERR3474781,human,in vivo,extracellular,bulk
PA,358,2066,16,ERR3474781,human,in vivo,extracellular,bulk
PA,359,1834,1,ERR3474781,human,in vivo,extracellular,bulk
PA,359,1858,4,ERR3474781,human,in vivo,extracellular,bulk
PA,362,1533,4,ERR3474781,human,in vivo,extracellular,bulk
PA,363,1838,7,ERR3474781,human,in vivo,extracellular,bulk
PA,364,1832,56,ERR3474781,human,in vivo,extracellular,bulk
PA,367,1833,3,ERR3474781,human,in vivo,extracellular,bulk
PA,367,1850,6,ERR3474781,human,in vivo,extracellular,bulk
PA,367,1857,14,ERR3474781,human,in vivo,extracellular,bulk
PA,367,1861,4,ERR3474781,human,in vivo,extracellular,bulk
PA,367,1905,16,ERR3474781,human,in vivo,extracellular,bulk
PA,367,1945,48,ERR3474781,human,in vivo,extracellular,bulk
PA,369,1828,2,ERR3474781,human,in vivo,extracellular,bulk
PA,370,1894,16,ERR3474781,human,in vivo,extracellular,bulk
PA,370,1954,2,ERR3474781,human,in vivo,extracellular,bulk
PA,371,1859,11,ERR3474781,human,in vivo,extracellular,bulk
PA,371,1947,3,ERR3474781,human,in vivo,extracellular,bulk
PA,372,1682,1,ERR3474781,human,in vivo,extracellular,bulk
PA,379,1944,1,ERR3474781,human,in vivo,extracellular,bulk
PA,37,87,1,ERR3474781,human,in vivo,extracellular,bulk
PA,37,89,1,ERR3474781,human,in vivo,extracellular,bulk
PA,398,2005,9,ERR3474781,human,in vivo,extracellular,bulk
PA,399,1858,29,ERR3474781,human,in vivo,extracellular,bulk
PA,399,1859,4,ERR3474781,human,in vivo,extracellular,bulk
PA,400,2109,4,ERR3474781,human,in vivo,extracellular,bulk
PA,403,1780,1,ERR3474781,human,in vivo,extracellular,bulk
PA,407,1857,10,ERR3474781,human,in vivo,extracellular,bulk
PA,407,2159,7,ERR3474781,human,in vivo,extracellular,bulk
PA,409,1256,5,ERR3474781,human,in vivo,extracellular,bulk
PA,413,1849,2,ERR3474781,human,in vivo,extracellular,bulk
PA,413,2087,13,ERR3474781,human,in vivo,extracellular,bulk
PA,416,1858,1,ERR3474781,human,in vivo,extracellular,bulk
PA,417,1837,9,ERR3474781,human,in vivo,extracellular,bulk
PA,418,1897,10,ERR3474781,human,in vivo,extracellular,bulk
PA,420,1686,3,ERR3474781,human,in vivo,extracellular,bulk
PA,421,1750,47,ERR3474781,human,in vivo,extracellular,bulk
PA,421,1832,2,ERR3474781,human,in vivo,extracellular,bulk
PA,421,1849,3,ERR3474781,human,in vivo,extracellular,bulk
PA,422,1749,3,ERR3474781,human,in vivo,extracellular,bulk
PA,423,1901,36,ERR3474781,human,in vivo,extracellular,bulk
PA,424,1853,10,ERR3474781,human,in vivo,extracellular,bulk
PA,425,1854,1,ERR3474781,human,in vivo,extracellular,bulk
PA,426,1856,11,ERR3474781,human,in vivo,extracellular,bulk
PA,427,1935,7,ERR3474781,human,in vivo,extracellular,bulk
PA,428,1826,1,ERR3474781,human,in vivo,extracellular,bulk
PA,428,1948,17,ERR3474781,human,in vivo,extracellular,bulk
PA,42,72,9,ERR3474781,human,in vivo,extracellular,bulk
PA,42,84,2,ERR3474781,human,in vivo,extracellular,bulk
PA,42,88,12,ERR3474781,human,in vivo,extracellular,bulk
PA,430,1761,1,ERR3474781,human,in vivo,extracellular,bulk
PA,430,1870,2,ERR3474781,human,in vivo,extracellular,bulk
PA,430,1885,3,ERR3474781,human,in vivo,extracellular,bulk
PA,438,1448,4,ERR3474781,human,in vivo,extracellular,bulk
PA,438,1701,1,ERR3474781,human,in vivo,extracellular,bulk
PA,439,1702,15,ERR3474781,human,in vivo,extracellular,bulk
PA,439,1772,12,ERR3474781,human,in vivo,extracellular,bulk
PA,449,1854,13,ERR3474781,human,in vivo,extracellular,bulk
PA,452,1826,8,ERR3474781,human,in vivo,extracellular,bulk
PA,452,1955,6,ERR3474781,human,in vivo,extracellular,bulk
PA,453,1825,3,ERR3474781,human,in vivo,extracellular,bulk
PA,453,1867,4,ERR3474781,human,in vivo,extracellular,bulk
PA,453,1869,10,ERR3474781,human,in vivo,extracellular,bulk
PA,453,2034,3,ERR3474781,human,in vivo,extracellular,bulk
PA,457,1860,2,ERR3474781,human,in vivo,extracellular,bulk
PA,458,1853,6,ERR3474781,human,in vivo,extracellular,bulk
PA,459,1848,10,ERR3474781,human,in vivo,extracellular,bulk
PA,459,1850,21,ERR3474781,human,in vivo,extracellular,bulk
PA,45,69,2,ERR3474781,human,in vivo,extracellular,bulk
PA,45,90,15,ERR3474781,human,in vivo,extracellular,bulk
PA,460,1850,5,ERR3474781,human,in vivo,extracellular,bulk
PA,460,2008,7,ERR3474781,human,in vivo,extracellular,bulk
PA,461,1741,7,ERR3474781,human,in vivo,extracellular,bulk
PA,461,1898,1,ERR3474781,human,in vivo,extracellular,bulk
PA,461,1906,6,ERR3474781,human,in vivo,extracellular,bulk
PA,462,1866,7,ERR3474781,human,in vivo,extracellular,bulk
PA,463,1860,8,ERR3474781,human,in vivo,extracellular,bulk
PA,463,1866,2,ERR3474781,human,in vivo,extracellular,bulk
PA,474,1856,2,ERR3474781,human,in vivo,extracellular,bulk
PA,477,1837,1,ERR3474781,human,in vivo,extracellular,bulk
PA,478,1857,4,ERR3474781,human,in vivo,extracellular,bulk
PA,478,1861,6,ERR3474781,human,in vivo,extracellular,bulk
PA,479,1821,2,ERR3474781,human,in vivo,extracellular,bulk
PA,480,1854,4,ERR3474781,human,in vivo,extracellular,bulk
PA,480,1861,4,ERR3474781,human,in vivo,extracellular,bulk
PA,481,1815,1,ERR3474781,human,in vivo,extracellular,bulk
PA,481,1858,5,ERR3474781,human,in vivo,extracellular,bulk
PA,481,1946,2,ERR3474781,human,in vivo,extracellular,bulk
PA,484,1826,1,ERR3474781,human,in vivo,extracellular,bulk
PA,488,1821,4,ERR3474781,human,in vivo,extracellular,bulk
PA,489,1738,16,ERR3474781,human,in vivo,extracellular,bulk
PA,489,1772,2,ERR3474781,human,in vivo,extracellular,bulk
PA,489,1826,6,ERR3474781,human,in vivo,extracellular,bulk
PA,489,1833,6,ERR3474781,human,in vivo,extracellular,bulk
PA,48,91,8,ERR3474781,human,in vivo,extracellular,bulk
PA,490,1502,4,ERR3474781,human,in vivo,extracellular,bulk
PA,490,1831,2,ERR3474781,human,in vivo,extracellular,bulk
PA,490,1832,6,ERR3474781,human,in vivo,extracellular,bulk
PA,491,1756,5,ERR3474781,human,in vivo,extracellular,bulk
PA,493,1868,2,ERR3474781,human,in vivo,extracellular,bulk
PA,495,1735,5,ERR3474781,human,in vivo,extracellular,bulk
PA,495,1826,33,ERR3474781,human,in vivo,extracellular,bulk
PA,496,1686,6,ERR3474781,human,in vivo,extracellular,bulk
PA,496,1826,26,ERR3474781,human,in vivo,extracellular,bulk
PA,496,1837,2,ERR3474781,human,in vivo,extracellular,bulk
PA,497,1823,1,ERR3474781,human,in vivo,extracellular,bulk
PA,497,1828,8,ERR3474781,human,in vivo,extracellular,bulk
PA,498,1829,1,ERR3474781,human,in vivo,extracellular,bulk
PA,498,1832,1,ERR3474781,human,in vivo,extracellular,bulk
PA,500,1756,5,ERR3474781,human,in vivo,extracellular,bulk
PA,500,1826,7,ERR3474781,human,in vivo,extracellular,bulk
PA,501,1750,9,ERR3474781,human,in vivo,extracellular,bulk
PA,504,1711,40,ERR3474781,human,in vivo,extracellular,bulk
PA,504,1826,5,ERR3474781,human,in vivo,extracellular,bulk
PA,505,1712,1,ERR3474781,human,in vivo,extracellular,bulk
PA,507,1710,7,ERR3474781,human,in vivo,extracellular,bulk
PA,507,1772,2,ERR3474781,human,in vivo,extracellular,bulk
PA,507,1827,4,ERR3474781,human,in vivo,extracellular,bulk
PA,507,1848,1,ERR3474781,human,in vivo,extracellular,bulk
PA,508,1774,11,ERR3474781,human,in vivo,extracellular,bulk
PA,508,1957,6,ERR3474781,human,in vivo,extracellular,bulk
PA,511,1781,1,ERR3474781,human,in vivo,extracellular,bulk
PA,512,1861,16,ERR3474781,human,in vivo,extracellular,bulk
PA,512,1902,1,ERR3474781,human,in vivo,extracellular,bulk
PA,512,1905,10,ERR3474781,human,in vivo,extracellular,bulk
PA,512,1945,8,ERR3474781,human,in vivo,extracellular,bulk
PA,514,1811,7,ERR3474781,human,in vivo,extracellular,bulk
PA,514,1857,2,ERR3474781,human,in vivo,extracellular,bulk
PA,514,1860,11,ERR3474781,human,in vivo,extracellular,bulk
PA,515,1732,20,ERR3474781,human,in vivo,extracellular,bulk
PA,515,1838,1,ERR3474781,human,in vivo,extracellular,bulk
PA,517,1784,7,ERR3474781,human,in vivo,extracellular,bulk
PA,517,1868,12,ERR3474781,human,in vivo,extracellular,bulk
PA,518,1719,37,ERR3474781,human,in vivo,extracellular,bulk
PA,520,1720,2,ERR3474781,human,in vivo,extracellular,bulk
PA,520,1732,26,ERR3474781,human,in vivo,extracellular,bulk
PA,520,2119,7,ERR3474781,human,in vivo,extracellular,bulk
PA,522,1563,5,ERR3474781,human,in vivo,extracellular,bulk
PA,525,1722,1,ERR3474781,human,in vivo,extracellular,bulk
PA,526,1707,1,ERR3474781,human,in vivo,extracellular,bulk
PA,526,1832,2,ERR3474781,human,in vivo,extracellular,bulk
PA,530,1709,1,ERR3474781,human,in vivo,extracellular,bulk
PA,533,1712,2,ERR3474781,human,in vivo,extracellular,bulk
PA,539,1732,11,ERR3474781,human,in vivo,extracellular,bulk
PA,539,1935,2,ERR3474781,human,in vivo,extracellular,bulk
PA,541,1760,2,ERR3474781,human,in vivo,extracellular,bulk
PA,541,1917,1,ERR3474781,human,in vivo,extracellular,bulk
PA,547,1702,3,ERR3474781,human,in vivo,extracellular,bulk
PA,547,1772,2,ERR3474781,human,in vivo,extracellular,bulk
PA,562,1637,3,ERR3474781,human,in vivo,extracellular,bulk
PA,562,1681,3,ERR3474781,human,in vivo,extracellular,bulk
PA,581,1730,5,ERR3474781,human,in vivo,extracellular,bulk
PA,582,1686,1,ERR3474781,human,in vivo,extracellular,bulk
PA,583,1683,5,ERR3474781,human,in vivo,extracellular,bulk
PA,583,1720,6,ERR3474781,human,in vivo,extracellular,bulk
PA,583,1746,5,ERR3474781,human,in vivo,extracellular,bulk
PA,58,82,6,ERR3474781,human,in vivo,extracellular,bulk
PA,601,1686,1,ERR3474781,human,in vivo,extracellular,bulk
PA,601,2046,2,ERR3474781,human,in vivo,extracellular,bulk
PA,602,1572,1,ERR3474781,human,in vivo,extracellular,bulk
PA,602,1681,1,ERR3474781,human,in vivo,extracellular,bulk
PA,602,1720,8,ERR3474781,human,in vivo,extracellular,bulk
PA,602,2121,34,ERR3474781,human,in vivo,extracellular,bulk
PA,604,1688,5,ERR3474781,human,in vivo,extracellular,bulk
PA,605,1723,2,ERR3474781,human,in vivo,extracellular,bulk
PA,613,1812,4,ERR3474781,human,in vivo,extracellular,bulk
PA,613,2085,2,ERR3474781,human,in vivo,extracellular,bulk
PA,616,1956,1,ERR3474781,human,in vivo,extracellular,bulk
PA,617,1719,3,ERR3474781,human,in vivo,extracellular,bulk
PA,617,1749,55,ERR3474781,human,in vivo,extracellular,bulk
PA,627,1858,2,ERR3474781,human,in vivo,extracellular,bulk
PA,631,1488,4,ERR3474781,human,in vivo,extracellular,bulk
PA,631,2005,5,ERR3474781,human,in vivo,extracellular,bulk
PA,635,1686,3,ERR3474781,human,in vivo,extracellular,bulk
PA,635,1743,3,ERR3474781,human,in vivo,extracellular,bulk
PA,636,1639,1,ERR3474781,human,in vivo,extracellular,bulk
PA,63,90,2,ERR3474781,human,in vivo,extracellular,bulk
PA,647,1643,3,ERR3474781,human,in vivo,extracellular,bulk
PA,652,1677,12,ERR3474781,human,in vivo,extracellular,bulk
PA,654,1638,6,ERR3474781,human,in vivo,extracellular,bulk
PA,661,1730,4,ERR3474781,human,in vivo,extracellular,bulk
PA,674,1501,3,ERR3474781,human,in vivo,extracellular,bulk
PA,679,1637,1,ERR3474781,human,in vivo,extracellular,bulk
PA,67,92,3,ERR3474781,human,in vivo,extracellular,bulk
PA,698,1571,3,ERR3474781,human,in vivo,extracellular,bulk
PA,706,1416,1,ERR3474781,human,in vivo,extracellular,bulk
PA,707,1687,4,ERR3474781,human,in vivo,extracellular,bulk
PA,707,1689,5,ERR3474781,human,in vivo,extracellular,bulk
PA,707,2135,7,ERR3474781,human,in vivo,extracellular,bulk
PA,70,92,1,ERR3474781,human,in vivo,extracellular,bulk
PA,719,1572,1,ERR3474781,human,in vivo,extracellular,bulk
PA,729,1705,6,ERR3474781,human,in vivo,extracellular,bulk
PA,766,1638,40,ERR3474781,human,in vivo,extracellular,bulk
PA,775,1742,5,ERR3474781,human,in vivo,extracellular,bulk
PA,775,1995,13,ERR3474781,human,in vivo,extracellular,bulk
PA,776,1520,7,ERR3474781,human,in vivo,extracellular,bulk
PA,794,1490,3,ERR3474781,human,in vivo,extracellular,bulk
PA,794,1870,3,ERR3474781,human,in vivo,extracellular,bulk
PA,797,1522,4,ERR3474781,human,in vivo,extracellular,bulk
PA,799,1472,1,ERR3474781,human,in vivo,extracellular,bulk
PA,799,1519,4,ERR3474781,human,in vivo,extracellular,bulk
PA,800,1531,28,ERR3474781,human,in vivo,extracellular,bulk
PA,804,1359,10,ERR3474781,human,in vivo,extracellular,bulk
PA,804,1458,5,ERR3474781,human,in vivo,extracellular,bulk
PA,804,1484,2,ERR3474781,human,in vivo,extracellular,bulk
PA,805,1462,3,ERR3474781,human,in vivo,extracellular,bulk
PA,809,1519,3,ERR3474781,human,in vivo,extracellular,bulk
PA,811,2104,13,ERR3474781,human,in vivo,extracellular,bulk
PA,823,1440,3,ERR3474781,human,in vivo,extracellular,bulk
PA,827,2072,8,ERR3474781,human,in vivo,extracellular,bulk
PA,845,1351,6,ERR3474781,human,in vivo,extracellular,bulk
PA,846,1441,5,ERR3474781,human,in vivo,extracellular,bulk
PA,846,1531,6,ERR3474781,human,in vivo,extracellular,bulk
PA,865,1831,2,ERR3474781,human,in vivo,extracellular,bulk
PA,89,1611,1,ERR3474781,human,in vivo,extracellular,bulk
PA,91,266,3,ERR3474781,human,in vivo,extracellular,bulk
PB1,697,1723,4,ERR3474796,human,in vivo,extracellular,bulk
PB2,244,2144,20,ERR3474796,human,in vivo,extracellular,bulk
PB2,245,2212,49,ERR3474796,human,in vivo,extracellular,bulk
PB2,429,1967,65,ERR3474796,human,in vivo,extracellular,bulk
PB2,478,1708,4,ERR3474796,human,in vivo,extracellular,bulk
PB2,599,1828,40,ERR3474796,human,in vivo,extracellular,bulk
PB2,747,1724,1,ERR3474796,human,in vivo,extracellular,bulk
PB2,99,124,3,ERR3474796,human,in vivo,extracellular,bulk
PA,501,1859,29,ERR3474796,human,in vivo,extracellular,bulk
PA,502,1860,1,ERR3474796,human,in vivo,extracellular,bulk
PA,522,1782,29,ERR3474796,human,in vivo,extracellular,bulk
PA,638,1681,46,ERR3474796,human,in vivo,extracellular,bulk
PB1,386,1840,23,ERR3474809,human,in vivo,extracellular,bulk
PB1,460,1945,199,ERR3474809,human,in vivo,extracellular,bulk
PB1,521,1712,3,ERR3474809,human,in vivo,extracellular,bulk
PB2,135,165,2,ERR3474809,human,in vivo,extracellular,bulk
PB2,149,2070,277,ERR3474809,human,in vivo,extracellular,bulk
PB2,163,206,1,ERR3474809,human,in vivo,extracellular,bulk
PB2,164,2144,7,ERR3474809,human,in vivo,extracellular,bulk
PB2,164,2206,2,ERR3474809,human,in vivo,extracellular,bulk
PB2,164,2216,2,ERR3474809,human,in vivo,extracellular,bulk
PB2,165,2145,9,ERR3474809,human,in vivo,extracellular,bulk
PB2,166,2143,4,ERR3474809,human,in vivo,extracellular,bulk
PB2,169,2145,4,ERR3474809,human,in vivo,extracellular,bulk
PB2,171,208,1,ERR3474809,human,in vivo,extracellular,bulk
PB2,188,2199,3,ERR3474809,human,in vivo,extracellular,bulk
PB2,201,1548,1,ERR3474809,human,in vivo,extracellular,bulk
PB2,215,2050,11,ERR3474809,human,in vivo,extracellular,bulk
PB2,2237,2265,10,ERR3474809,human,in vivo,extracellular,bulk
PB2,234,2205,1,ERR3474809,human,in vivo,extracellular,bulk
PB2,238,2201,2,ERR3474809,human,in vivo,extracellular,bulk
PB2,240,2207,2,ERR3474809,human,in vivo,extracellular,bulk
PB2,241,2208,260,ERR3474809,human,in vivo,extracellular,bulk
PB2,241,2211,3,ERR3474809,human,in vivo,extracellular,bulk
PB2,241,2216,2,ERR3474809,human,in vivo,extracellular,bulk
PB2,242,2210,2,ERR3474809,human,in vivo,extracellular,bulk
PB2,243,2067,11,ERR3474809,human,in vivo,extracellular,bulk
PB2,243,2073,20,ERR3474809,human,in vivo,extracellular,bulk
PB2,243,2148,5,ERR3474809,human,in vivo,extracellular,bulk
PB2,243,2192,6,ERR3474809,human,in vivo,extracellular,bulk
PB2,243,2217,5,ERR3474809,human,in vivo,extracellular,bulk
PB2,244,2032,17,ERR3474809,human,in vivo,extracellular,bulk
PB2,244,2052,2,ERR3474809,human,in vivo,extracellular,bulk
PB2,244,2055,7,ERR3474809,human,in vivo,extracellular,bulk
PB2,244,2125,3,ERR3474809,human,in vivo,extracellular,bulk
PB2,244,2144,92,ERR3474809,human,in vivo,extracellular,bulk
PB2,244,2197,15,ERR3474809,human,in vivo,extracellular,bulk
PB2,244,2206,92,ERR3474809,human,in vivo,extracellular,bulk
PB2,244,2212,2,ERR3474809,human,in vivo,extracellular,bulk
PB2,244,2216,20,ERR3474809,human,in vivo,extracellular,bulk
PB2,245,2211,2,ERR3474809,human,in vivo,extracellular,bulk
PB2,245,2212,213635,ERR3474809,human,in vivo,extracellular,bulk
PB2,245,2213,78,ERR3474809,human,in vivo,extracellular,bulk
PB2,246,2213,142,ERR3474809,human,in vivo,extracellular,bulk
PB2,261,2216,5,ERR3474809,human,in vivo,extracellular,bulk
PB2,268,2204,6,ERR3474809,human,in vivo,extracellular,bulk
PB2,272,2143,2,ERR3474809,human,in vivo,extracellular,bulk
PB2,364,2211,4,ERR3474809,human,in vivo,extracellular,bulk
PB2,38,129,1,ERR3474809,human,in vivo,extracellular,bulk
PB2,397,2143,2,ERR3474809,human,in vivo,extracellular,bulk
PB2,417,1908,2,ERR3474809,human,in vivo,extracellular,bulk
PB2,424,1910,6,ERR3474809,human,in vivo,extracellular,bulk
PB2,428,2034,2,ERR3474809,human,in vivo,extracellular,bulk
PB2,444,2050,1,ERR3474809,human,in vivo,extracellular,bulk
PB2,452,2032,1,ERR3474809,human,in vivo,extracellular,bulk
PB2,460,1889,1,ERR3474809,human,in vivo,extracellular,bulk
PB2,607,1975,5,ERR3474809,human,in vivo,extracellular,bulk
PB2,639,1663,4,ERR3474809,human,in vivo,extracellular,bulk
PB2,716,1776,3,ERR3474809,human,in vivo,extracellular,bulk
PB2,733,1681,2,ERR3474809,human,in vivo,extracellular,bulk
PB2,95,121,42435,ERR3474809,human,in vivo,extracellular,bulk
PB2,96,122,88,ERR3474809,human,in vivo,extracellular,bulk
PB2,96,124,1,ERR3474809,human,in vivo,extracellular,bulk
PB2,98,124,1,ERR3474809,human,in vivo,extracellular,bulk
PA,145,2122,9,ERR3474809,human,in vivo,extracellular,bulk
PA,174,2119,1,ERR3474809,human,in vivo,extracellular,bulk
PA,192,2046,29,ERR3474809,human,in vivo,extracellular,bulk
PA,205,2134,1,ERR3474809,human,in vivo,extracellular,bulk
PA,207,2135,8,ERR3474809,human,in vivo,extracellular,bulk
PA,210,2142,258,ERR3474809,human,in vivo,extracellular,bulk
PA,211,1473,11,ERR3474809,human,in vivo,extracellular,bulk
PA,213,2181,1,ERR3474809,human,in vivo,extracellular,bulk
PA,241,1704,8,ERR3474809,human,in vivo,extracellular,bulk
PA,259,1861,3,ERR3474809,human,in vivo,extracellular,bulk
PA,259,1945,12,ERR3474809,human,in vivo,extracellular,bulk
PA,259,2088,125,ERR3474809,human,in vivo,extracellular,bulk
PA,294,1862,13,ERR3474809,human,in vivo,extracellular,bulk
PA,306,331,1,ERR3474809,human,in vivo,extracellular,bulk
PA,308,333,9,ERR3474809,human,in vivo,extracellular,bulk
PA,312,2025,2,ERR3474809,human,in vivo,extracellular,bulk
PA,313,1767,10,ERR3474809,human,in vivo,extracellular,bulk
PA,314,2027,91,ERR3474809,human,in vivo,extracellular,bulk
PA,338,2009,13,ERR3474809,human,in vivo,extracellular,bulk
PA,353,1856,6,ERR3474809,human,in vivo,extracellular,bulk
PA,355,1858,3,ERR3474809,human,in vivo,extracellular,bulk
PA,367,1932,7,ERR3474809,human,in vivo,extracellular,bulk
PA,370,1936,22,ERR3474809,human,in vivo,extracellular,bulk
PA,407,2165,1,ERR3474809,human,in vivo,extracellular,bulk
PA,416,1911,1,ERR3474809,human,in vivo,extracellular,bulk
PA,420,1781,6,ERR3474809,human,in vivo,extracellular,bulk
PA,42,72,7,ERR3474809,human,in vivo,extracellular,bulk
PA,452,1721,17,ERR3474809,human,in vivo,extracellular,bulk
PA,457,2042,20,ERR3474809,human,in vivo,extracellular,bulk
PA,460,1954,7,ERR3474809,human,in vivo,extracellular,bulk
PA,461,2160,4,ERR3474809,human,in vivo,extracellular,bulk
PA,477,1826,4,ERR3474809,human,in vivo,extracellular,bulk
PA,478,2005,13,ERR3474809,human,in vivo,extracellular,bulk
PA,487,1935,16,ERR3474809,human,in vivo,extracellular,bulk
PA,48,91,5,ERR3474809,human,in vivo,extracellular,bulk
PA,497,1723,17,ERR3474809,human,in vivo,extracellular,bulk
PA,498,1717,2,ERR3474809,human,in vivo,extracellular,bulk
PA,501,1825,6,ERR3474809,human,in vivo,extracellular,bulk
PA,502,1721,2395,ERR3474809,human,in vivo,extracellular,bulk
PA,503,1819,1,ERR3474809,human,in vivo,extracellular,bulk
PA,509,1726,3,ERR3474809,human,in vivo,extracellular,bulk
PA,514,1777,23,ERR3474809,human,in vivo,extracellular,bulk
PA,514,1811,3,ERR3474809,human,in vivo,extracellular,bulk
PA,515,1757,4,ERR3474809,human,in vivo,extracellular,bulk
PA,519,1688,15,ERR3474809,human,in vivo,extracellular,bulk
PA,520,1708,10,ERR3474809,human,in vivo,extracellular,bulk
PA,520,1870,12,ERR3474809,human,in vivo,extracellular,bulk
PA,608,1638,1,ERR3474809,human,in vivo,extracellular,bulk
PA,609,1639,749,ERR3474809,human,in vivo,extracellular,bulk
PA,610,1640,3,ERR3474809,human,in vivo,extracellular,bulk
PA,653,1488,101,ERR3474809,human,in vivo,extracellular,bulk
PA,776,1616,4,ERR3474809,human,in vivo,extracellular,bulk
PA,776,1674,5,ERR3474809,human,in vivo,extracellular,bulk
PA,799,1472,5,ERR3474809,human,in vivo,extracellular,bulk
PA,81,1691,3,ERR3474809,human,in vivo,extracellular,bulk
M,173,1044,4,ERR3474809,human,in vivo,extracellular,bulk
