Segment,Start,End,NGS_read_count,ACC_num,Cells,Context,Compartment,Resolution
PB1,1026,2054,1,SRR10013243,human,in vivo,extracellular,bulk
PB1,1029,1748,1,SRR10013243,human,in vivo,extracellular,bulk
PB1,1045,2111,1,SRR10013243,human,in vivo,extracellular,bulk
PB1,108,1689,6,SRR10013243,human,in vivo,extracellular,bulk
PB1,109,2068,2,SRR10013243,human,in vivo,extracellular,bulk
PB1,1167,1608,1,SRR10013243,human,in vivo,extracellular,bulk
PB1,116,2129,7,SRR10013243,human,in vivo,extracellular,bulk
PB1,117,2129,2,SRR10013243,human,in vivo,extracellular,bulk
PB1,120,357,1,SRR10013243,human,in vivo,extracellular,bulk
PB1,1262,1955,1,SRR10013243,human,in vivo,extracellular,bulk
PB1,130,2034,1,SRR10013243,human,in vivo,extracellular,bulk
PB1,136,2185,2,SRR10013243,human,in vivo,extracellular,bulk
PB1,142,1595,1,SRR10013243,human,in vivo,extracellular,bulk
PB1,147,2185,5,SRR10013243,human,in vivo,extracellular,bulk
PB1,1509,1535,1,SRR10013243,human,in vivo,extracellular,bulk
PB1,1540,2201,1,SRR10013243,human,in vivo,extracellular,bulk
PB1,1540,2252,1,SRR10013243,human,in vivo,extracellular,bulk
PB1,154,203,1,SRR10013243,human,in vivo,extracellular,bulk
PB1,1561,1669,2,SRR10013243,human,in vivo,extracellular,bulk
PB1,1579,2216,2,SRR10013243,human,in vivo,extracellular,bulk
PB1,1600,1739,1,SRR10013243,human,in vivo,extracellular,bulk
PB1,164,2066,1,SRR10013243,human,in vivo,extracellular,bulk
PB1,1763,1795,1,SRR10013243,human,in vivo,extracellular,bulk
PB1,1779,2036,1,SRR10013243,human,in vivo,extracellular,bulk
PB1,1847,2093,1,SRR10013243,human,in vivo,extracellular,bulk
PB1,1964,2135,1,SRR10013243,human,in vivo,extracellular,bulk
PB1,1986,2194,1,SRR10013243,human,in vivo,extracellular,bulk
PB1,1991,2211,1,SRR10013243,human,in vivo,extracellular,bulk
PB1,2047,2109,1,SRR10013243,human,in vivo,extracellular,bulk
PB1,2055,2216,1,SRR10013243,human,in vivo,extracellular,bulk
PB1,2084,2120,2,SRR10013243,human,in vivo,extracellular,bulk
PB1,2094,2149,1,SRR10013243,human,in vivo,extracellular,bulk
PB1,2101,2145,1,SRR10013243,human,in vivo,extracellular,bulk
PB1,2227,2260,2,SRR10013243,human,in vivo,extracellular,bulk
PB1,2233,2261,2,SRR10013243,human,in vivo,extracellular,bulk
PB1,231,2023,6,SRR10013243,human,in vivo,extracellular,bulk
PB1,234,1699,1,SRR10013243,human,in vivo,extracellular,bulk
PB1,268,349,1,SRR10013243,human,in vivo,extracellular,bulk
PB1,270,354,1,SRR10013243,human,in vivo,extracellular,bulk
PB1,273,342,1,SRR10013243,human,in vivo,extracellular,bulk
PB1,275,2071,4,SRR10013243,human,in vivo,extracellular,bulk
PB1,276,2090,1,SRR10013243,human,in vivo,extracellular,bulk
PB1,276,344,1,SRR10013243,human,in vivo,extracellular,bulk
PB1,280,2207,2,SRR10013243,human,in vivo,extracellular,bulk
PB1,281,2065,1,SRR10013243,human,in vivo,extracellular,bulk
PB1,287,2040,1,SRR10013243,human,in vivo,extracellular,bulk
PB1,287,2084,3,SRR10013243,human,in vivo,extracellular,bulk
PB1,287,342,1,SRR10013243,human,in vivo,extracellular,bulk
PB1,288,2082,51,SRR10013243,human,in vivo,extracellular,bulk
PB1,290,447,1,SRR10013243,human,in vivo,extracellular,bulk
PB1,291,2056,6,SRR10013243,human,in vivo,extracellular,bulk
PB1,293,360,2,SRR10013243,human,in vivo,extracellular,bulk
PB1,296,2089,75,SRR10013243,human,in vivo,extracellular,bulk
PB1,297,2115,3,SRR10013243,human,in vivo,extracellular,bulk
PB1,297,331,1,SRR10013243,human,in vivo,extracellular,bulk
PB1,299,331,2,SRR10013243,human,in vivo,extracellular,bulk
PB1,300,2050,1,SRR10013243,human,in vivo,extracellular,bulk
PB1,304,2085,14,SRR10013243,human,in vivo,extracellular,bulk
PB1,306,1738,1,SRR10013243,human,in vivo,extracellular,bulk
PB1,310,2195,4,SRR10013243,human,in vivo,extracellular,bulk
PB1,311,2057,1,SRR10013243,human,in vivo,extracellular,bulk
PB1,330,2118,1,SRR10013243,human,in vivo,extracellular,bulk
PB1,336,1502,1,SRR10013243,human,in vivo,extracellular,bulk
PB1,350,2083,2,SRR10013243,human,in vivo,extracellular,bulk
PB1,352,1704,2,SRR10013243,human,in vivo,extracellular,bulk
PB1,353,2029,2,SRR10013243,human,in vivo,extracellular,bulk
PB1,353,2089,283,SRR10013243,human,in vivo,extracellular,bulk
PB1,354,2047,1,SRR10013243,human,in vivo,extracellular,bulk
PB1,354,2072,1,SRR10013243,human,in vivo,extracellular,bulk
PB1,356,2030,10,SRR10013243,human,in vivo,extracellular,bulk
PB1,359,2112,1,SRR10013243,human,in vivo,extracellular,bulk
PB1,360,1954,1,SRR10013243,human,in vivo,extracellular,bulk
PB1,361,2061,1,SRR10013243,human,in vivo,extracellular,bulk
PB1,361,2198,2,SRR10013243,human,in vivo,extracellular,bulk
PB1,363,2063,3,SRR10013243,human,in vivo,extracellular,bulk
PB1,364,1955,1,SRR10013243,human,in vivo,extracellular,bulk
PB1,366,2026,1,SRR10013243,human,in vivo,extracellular,bulk
PB1,367,1868,1,SRR10013243,human,in vivo,extracellular,bulk
PB1,369,1970,1,SRR10013243,human,in vivo,extracellular,bulk
PB1,374,459,1,SRR10013243,human,in vivo,extracellular,bulk
PB1,378,1625,31,SRR10013243,human,in vivo,extracellular,bulk
PB1,379,2085,6,SRR10013243,human,in vivo,extracellular,bulk
PB1,382,2052,1,SRR10013243,human,in vivo,extracellular,bulk
PB1,383,1629,2,SRR10013243,human,in vivo,extracellular,bulk
PB1,385,1949,2,SRR10013243,human,in vivo,extracellular,bulk
PB1,386,1950,612,SRR10013243,human,in vivo,extracellular,bulk
PB1,386,1966,1,SRR10013243,human,in vivo,extracellular,bulk
PB1,387,2039,2,SRR10013243,human,in vivo,extracellular,bulk
PB1,387,2057,4,SRR10013243,human,in vivo,extracellular,bulk
PB1,388,1952,3,SRR10013243,human,in vivo,extracellular,bulk
PB1,393,1961,3,SRR10013243,human,in vivo,extracellular,bulk
PB1,397,2060,1,SRR10013243,human,in vivo,extracellular,bulk
PB1,399,1713,6,SRR10013243,human,in vivo,extracellular,bulk
PB1,403,2035,1,SRR10013243,human,in vivo,extracellular,bulk
PB1,409,1781,1,SRR10013243,human,in vivo,extracellular,bulk
PB1,410,2073,4,SRR10013243,human,in vivo,extracellular,bulk
PB1,412,1624,1,SRR10013243,human,in vivo,extracellular,bulk
PB1,412,1715,1,SRR10013243,human,in vivo,extracellular,bulk
PB1,413,1778,2,SRR10013243,human,in vivo,extracellular,bulk
PB1,413,2075,1,SRR10013243,human,in vivo,extracellular,bulk
PB1,415,2018,1,SRR10013243,human,in vivo,extracellular,bulk
PB1,415,2076,2,SRR10013243,human,in vivo,extracellular,bulk
PB1,422,1862,4,SRR10013243,human,in vivo,extracellular,bulk
PB1,422,2224,1,SRR10013243,human,in vivo,extracellular,bulk
PB1,432,2144,1,SRR10013243,human,in vivo,extracellular,bulk
PB1,435,2134,3,SRR10013243,human,in vivo,extracellular,bulk
PB1,441,1502,1,SRR10013243,human,in vivo,extracellular,bulk
PB1,444,1475,2,SRR10013243,human,in vivo,extracellular,bulk
PB1,452,1853,3,SRR10013243,human,in vivo,extracellular,bulk
PB1,452,2026,1,SRR10013243,human,in vivo,extracellular,bulk
PB1,452,2120,10,SRR10013243,human,in vivo,extracellular,bulk
PB1,461,1758,34,SRR10013243,human,in vivo,extracellular,bulk
PB1,461,1772,1,SRR10013243,human,in vivo,extracellular,bulk
PB1,476,2054,4,SRR10013243,human,in vivo,extracellular,bulk
PB1,484,1624,2,SRR10013243,human,in vivo,extracellular,bulk
PB1,485,2047,3,SRR10013243,human,in vivo,extracellular,bulk
PB1,486,1831,1,SRR10013243,human,in vivo,extracellular,bulk
PB1,488,2031,1,SRR10013243,human,in vivo,extracellular,bulk
PB1,489,1814,2,SRR10013243,human,in vivo,extracellular,bulk
PB1,490,1822,1,SRR10013243,human,in vivo,extracellular,bulk
PB1,492,2193,1,SRR10013243,human,in vivo,extracellular,bulk
PB1,493,1712,2,SRR10013243,human,in vivo,extracellular,bulk
PB1,495,1755,1,SRR10013243,human,in vivo,extracellular,bulk
PB1,497,2052,5,SRR10013243,human,in vivo,extracellular,bulk
PB1,504,2029,10,SRR10013243,human,in vivo,extracellular,bulk
PB1,505,1822,1,SRR10013243,human,in vivo,extracellular,bulk
PB1,507,2059,1,SRR10013243,human,in vivo,extracellular,bulk
PB1,509,1755,7,SRR10013243,human,in vivo,extracellular,bulk
PB1,510,2065,124,SRR10013243,human,in vivo,extracellular,bulk
PB1,520,1418,1,SRR10013243,human,in vivo,extracellular,bulk
PB1,522,1536,1,SRR10013243,human,in vivo,extracellular,bulk
PB1,525,1719,1,SRR10013243,human,in vivo,extracellular,bulk
PB1,529,1725,2,SRR10013243,human,in vivo,extracellular,bulk
PB1,529,1735,3,SRR10013243,human,in vivo,extracellular,bulk
PB1,529,1777,1,SRR10013243,human,in vivo,extracellular,bulk
PB1,529,2048,2,SRR10013243,human,in vivo,extracellular,bulk
PB1,529,2090,2,SRR10013243,human,in vivo,extracellular,bulk
PB1,530,1953,2,SRR10013243,human,in vivo,extracellular,bulk
PB1,534,1863,1,SRR10013243,human,in vivo,extracellular,bulk
PB1,542,1940,1,SRR10013243,human,in vivo,extracellular,bulk
PB1,545,1315,1,SRR10013243,human,in vivo,extracellular,bulk
PB1,545,1769,3,SRR10013243,human,in vivo,extracellular,bulk
PB1,545,1954,3,SRR10013243,human,in vivo,extracellular,bulk
PB1,548,1851,1,SRR10013243,human,in vivo,extracellular,bulk
PB1,586,1815,4,SRR10013243,human,in vivo,extracellular,bulk
PB1,587,1736,2,SRR10013243,human,in vivo,extracellular,bulk
PB1,625,1726,6,SRR10013243,human,in vivo,extracellular,bulk
PB1,625,1865,1,SRR10013243,human,in vivo,extracellular,bulk
PB1,627,1750,2,SRR10013243,human,in vivo,extracellular,bulk
PB1,627,1759,2,SRR10013243,human,in vivo,extracellular,bulk
PB1,638,805,1,SRR10013243,human,in vivo,extracellular,bulk
PB1,642,1478,1,SRR10013243,human,in vivo,extracellular,bulk
PB1,644,1720,1,SRR10013243,human,in vivo,extracellular,bulk
PB1,644,1737,8,SRR10013243,human,in vivo,extracellular,bulk
PB1,647,1572,1,SRR10013243,human,in vivo,extracellular,bulk
PB1,648,1732,2,SRR10013243,human,in vivo,extracellular,bulk
PB1,649,1737,2,SRR10013243,human,in vivo,extracellular,bulk
PB1,650,1736,1,SRR10013243,human,in vivo,extracellular,bulk
PB1,66,2034,1,SRR10013243,human,in vivo,extracellular,bulk
PB1,686,1524,1,SRR10013243,human,in vivo,extracellular,bulk
PB1,687,1679,2,SRR10013243,human,in vivo,extracellular,bulk
PB1,68,133,1,SRR10013243,human,in vivo,extracellular,bulk
PB1,691,1674,1,SRR10013243,human,in vivo,extracellular,bulk
PB1,693,1695,1,SRR10013243,human,in vivo,extracellular,bulk
PB1,694,1594,1,SRR10013243,human,in vivo,extracellular,bulk
PB1,694,1933,2,SRR10013243,human,in vivo,extracellular,bulk
PB1,698,1692,1,SRR10013243,human,in vivo,extracellular,bulk
PB1,698,1767,1,SRR10013243,human,in vivo,extracellular,bulk
PB1,703,1215,2,SRR10013243,human,in vivo,extracellular,bulk
PB1,703,1594,1,SRR10013243,human,in vivo,extracellular,bulk
PB1,711,1951,1,SRR10013243,human,in vivo,extracellular,bulk
PB1,712,1522,1,SRR10013243,human,in vivo,extracellular,bulk
PB1,712,1712,1,SRR10013243,human,in vivo,extracellular,bulk
PB1,712,1760,1,SRR10013243,human,in vivo,extracellular,bulk
PB1,714,1738,1,SRR10013243,human,in vivo,extracellular,bulk
PB1,717,1630,98,SRR10013243,human,in vivo,extracellular,bulk
PB1,719,1574,4,SRR10013243,human,in vivo,extracellular,bulk
PB1,720,1574,3,SRR10013243,human,in vivo,extracellular,bulk
PB1,720,1751,1,SRR10013243,human,in vivo,extracellular,bulk
PB1,721,1633,4,SRR10013243,human,in vivo,extracellular,bulk
PB1,724,1795,1,SRR10013243,human,in vivo,extracellular,bulk
PB1,728,1555,6,SRR10013243,human,in vivo,extracellular,bulk
PB1,729,1496,1,SRR10013243,human,in vivo,extracellular,bulk
PB1,729,1558,6,SRR10013243,human,in vivo,extracellular,bulk
PB1,730,1564,2,SRR10013243,human,in vivo,extracellular,bulk
PB1,732,2027,2,SRR10013243,human,in vivo,extracellular,bulk
PB1,733,1764,1,SRR10013243,human,in vivo,extracellular,bulk
PB1,736,1736,1,SRR10013243,human,in vivo,extracellular,bulk
PB1,738,1613,1,SRR10013243,human,in vivo,extracellular,bulk
PB1,739,1778,4,SRR10013243,human,in vivo,extracellular,bulk
PB1,740,2089,1,SRR10013243,human,in vivo,extracellular,bulk
PB1,741,1564,1,SRR10013243,human,in vivo,extracellular,bulk
PB1,744,1541,2,SRR10013243,human,in vivo,extracellular,bulk
PB1,744,1612,1,SRR10013243,human,in vivo,extracellular,bulk
PB1,744,1682,1,SRR10013243,human,in vivo,extracellular,bulk
PB1,745,1540,2,SRR10013243,human,in vivo,extracellular,bulk
PB1,749,1474,2,SRR10013243,human,in vivo,extracellular,bulk
PB1,750,2102,3,SRR10013243,human,in vivo,extracellular,bulk
PB1,753,1528,2,SRR10013243,human,in vivo,extracellular,bulk
PB1,753,1672,3,SRR10013243,human,in vivo,extracellular,bulk
PB1,756,1713,1,SRR10013243,human,in vivo,extracellular,bulk
PB1,758,1485,1,SRR10013243,human,in vivo,extracellular,bulk
PB1,758,1531,2,SRR10013243,human,in vivo,extracellular,bulk
PB1,758,1573,1,SRR10013243,human,in vivo,extracellular,bulk
PB1,758,1707,3,SRR10013243,human,in vivo,extracellular,bulk
PB1,759,1552,3,SRR10013243,human,in vivo,extracellular,bulk
PB1,767,1700,2,SRR10013243,human,in vivo,extracellular,bulk
PB1,767,959,1,SRR10013243,human,in vivo,extracellular,bulk
PB1,768,1515,1,SRR10013243,human,in vivo,extracellular,bulk
PB1,768,1761,81,SRR10013243,human,in vivo,extracellular,bulk
PB1,770,2059,3,SRR10013243,human,in vivo,extracellular,bulk
PB1,776,1555,1,SRR10013243,human,in vivo,extracellular,bulk
PB1,777,1511,1,SRR10013243,human,in vivo,extracellular,bulk
PB1,777,1525,2,SRR10013243,human,in vivo,extracellular,bulk
PB1,778,1571,3,SRR10013243,human,in vivo,extracellular,bulk
PB1,779,1572,1,SRR10013243,human,in vivo,extracellular,bulk
PB1,779,1866,2,SRR10013243,human,in vivo,extracellular,bulk
PB1,78,117,1,SRR10013243,human,in vivo,extracellular,bulk
PB1,792,1497,1,SRR10013243,human,in vivo,extracellular,bulk
PB1,792,1753,1,SRR10013243,human,in vivo,extracellular,bulk
PB1,794,1528,1,SRR10013243,human,in vivo,extracellular,bulk
PB1,795,1514,3,SRR10013243,human,in vivo,extracellular,bulk
PB1,799,1496,2,SRR10013243,human,in vivo,extracellular,bulk
PB1,799,1509,7,SRR10013243,human,in vivo,extracellular,bulk
PB1,799,1594,2,SRR10013243,human,in vivo,extracellular,bulk
PB1,800,1626,2,SRR10013243,human,in vivo,extracellular,bulk
PB1,804,1485,2,SRR10013243,human,in vivo,extracellular,bulk
PB1,804,1516,2,SRR10013243,human,in vivo,extracellular,bulk
PB1,804,1534,1,SRR10013243,human,in vivo,extracellular,bulk
PB1,805,1476,2,SRR10013243,human,in vivo,extracellular,bulk
PB1,805,1625,2,SRR10013243,human,in vivo,extracellular,bulk
PB1,807,1438,1,SRR10013243,human,in vivo,extracellular,bulk
PB1,808,1608,1,SRR10013243,human,in vivo,extracellular,bulk
PB1,809,1517,1,SRR10013243,human,in vivo,extracellular,bulk
PB1,810,1541,1,SRR10013243,human,in vivo,extracellular,bulk
PB1,814,1317,1,SRR10013243,human,in vivo,extracellular,bulk
PB1,816,1757,1,SRR10013243,human,in vivo,extracellular,bulk
PB1,818,1573,1,SRR10013243,human,in vivo,extracellular,bulk
PB1,824,1496,2,SRR10013243,human,in vivo,extracellular,bulk
PB1,824,1594,1,SRR10013243,human,in vivo,extracellular,bulk
PB1,829,1600,1,SRR10013243,human,in vivo,extracellular,bulk
PB1,829,1849,1,SRR10013243,human,in vivo,extracellular,bulk
PB1,830,1541,1,SRR10013243,human,in vivo,extracellular,bulk
PB1,839,1630,1,SRR10013243,human,in vivo,extracellular,bulk
PB1,848,1494,2,SRR10013243,human,in vivo,extracellular,bulk
PB1,848,1544,1,SRR10013243,human,in vivo,extracellular,bulk
PB1,84,2048,139,SRR10013243,human,in vivo,extracellular,bulk
PB1,85,1266,16,SRR10013243,human,in vivo,extracellular,bulk
PB1,86,1312,2,SRR10013243,human,in vivo,extracellular,bulk
PB1,875,1573,2,SRR10013243,human,in vivo,extracellular,bulk
PB1,87,1268,17,SRR10013243,human,in vivo,extracellular,bulk
PB1,887,1412,2,SRR10013243,human,in vivo,extracellular,bulk
PB1,902,2113,2,SRR10013243,human,in vivo,extracellular,bulk
PB1,911,2072,1,SRR10013243,human,in vivo,extracellular,bulk
PB1,913,1476,2,SRR10013243,human,in vivo,extracellular,bulk
PB1,913,1529,1,SRR10013243,human,in vivo,extracellular,bulk
PB1,921,2223,1,SRR10013243,human,in vivo,extracellular,bulk
PB1,928,1538,1,SRR10013243,human,in vivo,extracellular,bulk
PB1,934,1960,1,SRR10013243,human,in vivo,extracellular,bulk
PB1,946,1434,2,SRR10013243,human,in vivo,extracellular,bulk
PB1,946,2047,1,SRR10013243,human,in vivo,extracellular,bulk
PB1,948,2074,1,SRR10013243,human,in vivo,extracellular,bulk
PB1,94,2024,2,SRR10013243,human,in vivo,extracellular,bulk
PB1,950,2186,1,SRR10013243,human,in vivo,extracellular,bulk
PB1,961,1720,1,SRR10013243,human,in vivo,extracellular,bulk
PB1,96,1693,6,SRR10013243,human,in vivo,extracellular,bulk
PB1,972,1016,1,SRR10013243,human,in vivo,extracellular,bulk
PB1,979,1018,3,SRR10013243,human,in vivo,extracellular,bulk
PB1,982,1770,2,SRR10013243,human,in vivo,extracellular,bulk
PB1,995,1391,1,SRR10013243,human,in vivo,extracellular,bulk
PB1,99,2145,2,SRR10013243,human,in vivo,extracellular,bulk
PB2,1002,1634,1,SRR10013243,human,in vivo,extracellular,bulk
PB2,1005,1813,3,SRR10013243,human,in vivo,extracellular,bulk
PB2,1007,1095,1,SRR10013243,human,in vivo,extracellular,bulk
PB2,1051,1168,2,SRR10013243,human,in vivo,extracellular,bulk
PB2,1059,2080,4,SRR10013243,human,in vivo,extracellular,bulk
PB2,1065,1153,1,SRR10013243,human,in vivo,extracellular,bulk
PB2,1081,1413,1,SRR10013243,human,in vivo,extracellular,bulk
PB2,1085,1805,4,SRR10013243,human,in vivo,extracellular,bulk
PB2,1088,2023,1,SRR10013243,human,in vivo,extracellular,bulk
PB2,1089,1736,1,SRR10013243,human,in vivo,extracellular,bulk
PB2,1102,1751,1,SRR10013243,human,in vivo,extracellular,bulk
PB2,1167,2069,1,SRR10013243,human,in vivo,extracellular,bulk
PB2,1239,1865,1,SRR10013243,human,in vivo,extracellular,bulk
PB2,1247,2011,1,SRR10013243,human,in vivo,extracellular,bulk
PB2,1259,2304,1,SRR10013243,human,in vivo,extracellular,bulk
PB2,1265,1746,4,SRR10013243,human,in vivo,extracellular,bulk
PB2,1273,2319,1,SRR10013243,human,in vivo,extracellular,bulk
PB2,1306,1496,1,SRR10013243,human,in vivo,extracellular,bulk
PB2,1308,2002,1,SRR10013243,human,in vivo,extracellular,bulk
PB2,1324,1601,1,SRR10013243,human,in vivo,extracellular,bulk
PB2,1325,2296,1,SRR10013243,human,in vivo,extracellular,bulk
PB2,1398,1632,1,SRR10013243,human,in vivo,extracellular,bulk
PB2,1411,2283,1,SRR10013243,human,in vivo,extracellular,bulk
PB2,1415,2321,1,SRR10013243,human,in vivo,extracellular,bulk
PB2,1454,1510,2,SRR10013243,human,in vivo,extracellular,bulk
PB2,147,2149,1,SRR10013243,human,in vivo,extracellular,bulk
PB2,149,1952,16,SRR10013243,human,in vivo,extracellular,bulk
PB2,1569,1961,1,SRR10013243,human,in vivo,extracellular,bulk
PB2,156,2274,1,SRR10013243,human,in vivo,extracellular,bulk
PB2,161,2211,1,SRR10013243,human,in vivo,extracellular,bulk
PB2,1641,1922,5,SRR10013243,human,in vivo,extracellular,bulk
PB2,1642,1965,1,SRR10013243,human,in vivo,extracellular,bulk
PB2,1645,2293,1,SRR10013243,human,in vivo,extracellular,bulk
PB2,164,2144,15,SRR10013243,human,in vivo,extracellular,bulk
PB2,165,1985,7,SRR10013243,human,in vivo,extracellular,bulk
PB2,165,263,4,SRR10013243,human,in vivo,extracellular,bulk
PB2,1675,2088,4,SRR10013243,human,in vivo,extracellular,bulk
PB2,168,2178,2,SRR10013243,human,in vivo,extracellular,bulk
PB2,1712,1943,2,SRR10013243,human,in vivo,extracellular,bulk
PB2,1716,1823,1,SRR10013243,human,in vivo,extracellular,bulk
PB2,1717,1868,1,SRR10013243,human,in vivo,extracellular,bulk
PB2,1756,1801,1,SRR10013243,human,in vivo,extracellular,bulk
PB2,1770,2179,1,SRR10013243,human,in vivo,extracellular,bulk
PB2,1771,1822,1,SRR10013243,human,in vivo,extracellular,bulk
PB2,1771,2070,1,SRR10013243,human,in vivo,extracellular,bulk
PB2,1784,2235,1,SRR10013243,human,in vivo,extracellular,bulk
PB2,1880,1962,2,SRR10013243,human,in vivo,extracellular,bulk
PB2,1881,1965,1,SRR10013243,human,in vivo,extracellular,bulk
PB2,1899,2003,1,SRR10013243,human,in vivo,extracellular,bulk
PB2,1902,2017,1,SRR10013243,human,in vivo,extracellular,bulk
PB2,1960,1988,1,SRR10013243,human,in vivo,extracellular,bulk
PB2,1980,2269,1,SRR10013243,human,in vivo,extracellular,bulk
PB2,203,2173,2,SRR10013243,human,in vivo,extracellular,bulk
PB2,2080,2194,1,SRR10013243,human,in vivo,extracellular,bulk
PB2,214,341,1,SRR10013243,human,in vivo,extracellular,bulk
PB2,2245,2300,3,SRR10013243,human,in vivo,extracellular,bulk
PB2,2248,2327,1,SRR10013243,human,in vivo,extracellular,bulk
PB2,239,2176,1,SRR10013243,human,in vivo,extracellular,bulk
PB2,243,1944,10,SRR10013243,human,in vivo,extracellular,bulk
PB2,243,2136,6,SRR10013243,human,in vivo,extracellular,bulk
PB2,243,2142,4,SRR10013243,human,in vivo,extracellular,bulk
PB2,243,2166,7,SRR10013243,human,in vivo,extracellular,bulk
PB2,243,2175,23,SRR10013243,human,in vivo,extracellular,bulk
PB2,243,2229,1,SRR10013243,human,in vivo,extracellular,bulk
PB2,244,2135,2,SRR10013243,human,in vivo,extracellular,bulk
PB2,244,2142,2,SRR10013243,human,in vivo,extracellular,bulk
PB2,244,2153,1,SRR10013243,human,in vivo,extracellular,bulk
PB2,244,2164,1,SRR10013243,human,in vivo,extracellular,bulk
PB2,244,2177,24,SRR10013243,human,in vivo,extracellular,bulk
PB2,244,2265,1,SRR10013243,human,in vivo,extracellular,bulk
PB2,245,2139,1,SRR10013243,human,in vivo,extracellular,bulk
PB2,245,2212,3,SRR10013243,human,in vivo,extracellular,bulk
PB2,247,2009,30,SRR10013243,human,in vivo,extracellular,bulk
PB2,259,2210,1,SRR10013243,human,in vivo,extracellular,bulk
PB2,270,1051,4,SRR10013243,human,in vivo,extracellular,bulk
PB2,279,2015,1,SRR10013243,human,in vivo,extracellular,bulk
PB2,286,1469,1,SRR10013243,human,in vivo,extracellular,bulk
PB2,297,2142,1,SRR10013243,human,in vivo,extracellular,bulk
PB2,306,1829,1,SRR10013243,human,in vivo,extracellular,bulk
PB2,322,2061,5,SRR10013243,human,in vivo,extracellular,bulk
PB2,330,1098,1,SRR10013243,human,in vivo,extracellular,bulk
PB2,334,577,1,SRR10013243,human,in vivo,extracellular,bulk
PB2,337,1101,3,SRR10013243,human,in vivo,extracellular,bulk
PB2,344,1947,2,SRR10013243,human,in vivo,extracellular,bulk
PB2,356,906,1,SRR10013243,human,in vivo,extracellular,bulk
PB2,358,1711,1,SRR10013243,human,in vivo,extracellular,bulk
PB2,362,1943,1,SRR10013243,human,in vivo,extracellular,bulk
PB2,396,1733,1,SRR10013243,human,in vivo,extracellular,bulk
PB2,396,2082,1,SRR10013243,human,in vivo,extracellular,bulk
PB2,397,1003,1,SRR10013243,human,in vivo,extracellular,bulk
PB2,400,1960,1,SRR10013243,human,in vivo,extracellular,bulk
PB2,400,2050,2,SRR10013243,human,in vivo,extracellular,bulk
PB2,406,1839,2,SRR10013243,human,in vivo,extracellular,bulk
PB2,411,1748,1,SRR10013243,human,in vivo,extracellular,bulk
PB2,413,1906,1,SRR10013243,human,in vivo,extracellular,bulk
PB2,417,2164,3,SRR10013243,human,in vivo,extracellular,bulk
PB2,431,627,2,SRR10013243,human,in vivo,extracellular,bulk
PB2,448,1772,2,SRR10013243,human,in vivo,extracellular,bulk
PB2,449,1998,1,SRR10013243,human,in vivo,extracellular,bulk
PB2,449,2072,1,SRR10013243,human,in vivo,extracellular,bulk
PB2,44,2070,2,SRR10013243,human,in vivo,extracellular,bulk
PB2,450,1025,1,SRR10013243,human,in vivo,extracellular,bulk
PB2,453,512,1,SRR10013243,human,in vivo,extracellular,bulk
PB2,464,2082,37,SRR10013243,human,in vivo,extracellular,bulk
PB2,480,1980,1,SRR10013243,human,in vivo,extracellular,bulk
PB2,485,557,1,SRR10013243,human,in vivo,extracellular,bulk
PB2,486,1970,2,SRR10013243,human,in vivo,extracellular,bulk
PB2,489,1857,5,SRR10013243,human,in vivo,extracellular,bulk
PB2,489,2064,1,SRR10013243,human,in vivo,extracellular,bulk
PB2,498,1952,20,SRR10013243,human,in vivo,extracellular,bulk
PB2,499,1038,1,SRR10013243,human,in vivo,extracellular,bulk
PB2,500,1765,3,SRR10013243,human,in vivo,extracellular,bulk
PB2,504,2077,1,SRR10013243,human,in vivo,extracellular,bulk
PB2,506,1746,22,SRR10013243,human,in vivo,extracellular,bulk
PB2,512,2085,1,SRR10013243,human,in vivo,extracellular,bulk
PB2,514,2050,1,SRR10013243,human,in vivo,extracellular,bulk
PB2,515,1637,1,SRR10013243,human,in vivo,extracellular,bulk
PB2,517,1941,5,SRR10013243,human,in vivo,extracellular,bulk
PB2,523,1920,1,SRR10013243,human,in vivo,extracellular,bulk
PB2,525,2055,15,SRR10013243,human,in vivo,extracellular,bulk
PB2,525,2064,1,SRR10013243,human,in vivo,extracellular,bulk
PB2,526,1922,4,SRR10013243,human,in vivo,extracellular,bulk
PB2,547,1710,4,SRR10013243,human,in vivo,extracellular,bulk
PB2,547,1954,2,SRR10013243,human,in vivo,extracellular,bulk
PB2,547,2192,1,SRR10013243,human,in vivo,extracellular,bulk
PB2,55,2206,1,SRR10013243,human,in vivo,extracellular,bulk
PB2,571,1880,2,SRR10013243,human,in vivo,extracellular,bulk
PB2,576,1873,1,SRR10013243,human,in vivo,extracellular,bulk
PB2,579,2002,2,SRR10013243,human,in vivo,extracellular,bulk
PB2,580,1956,1,SRR10013243,human,in vivo,extracellular,bulk
PB2,582,1074,3,SRR10013243,human,in vivo,extracellular,bulk
PB2,586,1747,3,SRR10013243,human,in vivo,extracellular,bulk
PB2,586,1752,5,SRR10013243,human,in vivo,extracellular,bulk
PB2,586,1949,4,SRR10013243,human,in vivo,extracellular,bulk
PB2,587,1962,5,SRR10013243,human,in vivo,extracellular,bulk
PB2,589,1943,1,SRR10013243,human,in vivo,extracellular,bulk
PB2,591,1513,1,SRR10013243,human,in vivo,extracellular,bulk
PB2,591,1822,3,SRR10013243,human,in vivo,extracellular,bulk
PB2,592,2164,158,SRR10013243,human,in vivo,extracellular,bulk
PB2,594,1764,2,SRR10013243,human,in vivo,extracellular,bulk
PB2,596,1049,1,SRR10013243,human,in vivo,extracellular,bulk
PB2,596,1512,1,SRR10013243,human,in vivo,extracellular,bulk
PB2,598,2059,2,SRR10013243,human,in vivo,extracellular,bulk
PB2,599,1832,1,SRR10013243,human,in vivo,extracellular,bulk
PB2,599,2171,2,SRR10013243,human,in vivo,extracellular,bulk
PB2,600,1160,7,SRR10013243,human,in vivo,extracellular,bulk
PB2,600,1742,5,SRR10013243,human,in vivo,extracellular,bulk
PB2,603,1060,1,SRR10013243,human,in vivo,extracellular,bulk
PB2,606,1166,1,SRR10013243,human,in vivo,extracellular,bulk
PB2,607,1701,2,SRR10013243,human,in vivo,extracellular,bulk
PB2,610,1068,2,SRR10013243,human,in vivo,extracellular,bulk
PB2,610,1952,1,SRR10013243,human,in vivo,extracellular,bulk
PB2,610,2070,7,SRR10013243,human,in vivo,extracellular,bulk
PB2,610,2169,1,SRR10013243,human,in vivo,extracellular,bulk
PB2,611,2179,4,SRR10013243,human,in vivo,extracellular,bulk
PB2,624,1734,4,SRR10013243,human,in vivo,extracellular,bulk
PB2,625,1616,1,SRR10013243,human,in vivo,extracellular,bulk
PB2,62,116,1,SRR10013243,human,in vivo,extracellular,bulk
PB2,635,1633,2,SRR10013243,human,in vivo,extracellular,bulk
PB2,636,1803,2,SRR10013243,human,in vivo,extracellular,bulk
PB2,644,1859,3,SRR10013243,human,in vivo,extracellular,bulk
PB2,650,2056,1,SRR10013243,human,in vivo,extracellular,bulk
PB2,654,1841,3,SRR10013243,human,in vivo,extracellular,bulk
PB2,655,2059,1,SRR10013243,human,in vivo,extracellular,bulk
PB2,658,1027,1,SRR10013243,human,in vivo,extracellular,bulk
PB2,67,1529,1,SRR10013243,human,in vivo,extracellular,bulk
PB2,67,615,2,SRR10013243,human,in vivo,extracellular,bulk
PB2,696,1840,3,SRR10013243,human,in vivo,extracellular,bulk
PB2,699,1751,4,SRR10013243,human,in vivo,extracellular,bulk
PB2,700,1747,1,SRR10013243,human,in vivo,extracellular,bulk
PB2,707,2335,1,SRR10013243,human,in vivo,extracellular,bulk
PB2,716,1592,2,SRR10013243,human,in vivo,extracellular,bulk
PB2,716,1872,1,SRR10013243,human,in vivo,extracellular,bulk
PB2,729,1449,1,SRR10013243,human,in vivo,extracellular,bulk
PB2,730,1707,5,SRR10013243,human,in vivo,extracellular,bulk
PB2,732,1713,2,SRR10013243,human,in vivo,extracellular,bulk
PB2,733,1706,1,SRR10013243,human,in vivo,extracellular,bulk
PB2,734,1715,56,SRR10013243,human,in vivo,extracellular,bulk
PB2,737,1800,5,SRR10013243,human,in vivo,extracellular,bulk
PB2,739,1961,2,SRR10013243,human,in vivo,extracellular,bulk
PB2,741,1706,1,SRR10013243,human,in vivo,extracellular,bulk
PB2,741,1753,4,SRR10013243,human,in vivo,extracellular,bulk
PB2,747,1589,4,SRR10013243,human,in vivo,extracellular,bulk
PB2,748,1985,1,SRR10013243,human,in vivo,extracellular,bulk
PB2,748,2068,2,SRR10013243,human,in vivo,extracellular,bulk
PB2,749,1986,216,SRR10013243,human,in vivo,extracellular,bulk
PB2,749,1987,1,SRR10013243,human,in vivo,extracellular,bulk
PB2,766,1068,1,SRR10013243,human,in vivo,extracellular,bulk
PB2,78,1761,1,SRR10013243,human,in vivo,extracellular,bulk
PB2,838,2146,1,SRR10013243,human,in vivo,extracellular,bulk
PB2,83,2206,1,SRR10013243,human,in vivo,extracellular,bulk
PB2,841,1578,5,SRR10013243,human,in vivo,extracellular,bulk
PB2,841,1634,2,SRR10013243,human,in vivo,extracellular,bulk
PB2,842,1521,3,SRR10013243,human,in vivo,extracellular,bulk
PB2,842,1704,4,SRR10013243,human,in vivo,extracellular,bulk
PB2,843,1456,1,SRR10013243,human,in vivo,extracellular,bulk
PB2,856,1937,2,SRR10013243,human,in vivo,extracellular,bulk
PB2,859,2166,1,SRR10013243,human,in vivo,extracellular,bulk
PB2,85,1823,1,SRR10013243,human,in vivo,extracellular,bulk
PB2,869,1523,3,SRR10013243,human,in vivo,extracellular,bulk
PB2,870,1054,1,SRR10013243,human,in vivo,extracellular,bulk
PB2,872,1524,4,SRR10013243,human,in vivo,extracellular,bulk
PB2,872,1542,3,SRR10013243,human,in vivo,extracellular,bulk
PB2,878,1611,2,SRR10013243,human,in vivo,extracellular,bulk
PB2,879,1611,2,SRR10013243,human,in vivo,extracellular,bulk
PB2,882,1816,2,SRR10013243,human,in vivo,extracellular,bulk
PB2,883,1049,1,SRR10013243,human,in vivo,extracellular,bulk
PB2,883,1532,1,SRR10013243,human,in vivo,extracellular,bulk
PB2,900,1428,1,SRR10013243,human,in vivo,extracellular,bulk
PB2,913,1455,2,SRR10013243,human,in vivo,extracellular,bulk
PB2,926,1412,2,SRR10013243,human,in vivo,extracellular,bulk
PB2,927,1977,1,SRR10013243,human,in vivo,extracellular,bulk
PB2,931,1482,3,SRR10013243,human,in vivo,extracellular,bulk
PB2,932,1487,2,SRR10013243,human,in vivo,extracellular,bulk
PB2,934,2017,1,SRR10013243,human,in vivo,extracellular,bulk
PB2,989,1480,2,SRR10013243,human,in vivo,extracellular,bulk
PA,1010,1161,1,SRR10013243,human,in vivo,extracellular,bulk
PA,1172,2084,1,SRR10013243,human,in vivo,extracellular,bulk
PA,1197,1894,1,SRR10013243,human,in vivo,extracellular,bulk
PA,124,900,1,SRR10013243,human,in vivo,extracellular,bulk
PA,1426,1777,2,SRR10013243,human,in vivo,extracellular,bulk
PA,1495,1844,1,SRR10013243,human,in vivo,extracellular,bulk
PA,1540,2041,2,SRR10013243,human,in vivo,extracellular,bulk
PA,155,214,2,SRR10013243,human,in vivo,extracellular,bulk
PA,164,1997,2,SRR10013243,human,in vivo,extracellular,bulk
PA,1654,2068,1,SRR10013243,human,in vivo,extracellular,bulk
PA,169,2075,1,SRR10013243,human,in vivo,extracellular,bulk
PA,173,208,1,SRR10013243,human,in vivo,extracellular,bulk
PA,176,1074,1,SRR10013243,human,in vivo,extracellular,bulk
PA,183,1828,1,SRR10013243,human,in vivo,extracellular,bulk
PA,1853,2043,1,SRR10013243,human,in vivo,extracellular,bulk
PA,1928,2053,1,SRR10013243,human,in vivo,extracellular,bulk
PA,1964,2144,1,SRR10013243,human,in vivo,extracellular,bulk
PA,1966,2080,1,SRR10013243,human,in vivo,extracellular,bulk
PA,202,2128,2,SRR10013243,human,in vivo,extracellular,bulk
PA,202,527,1,SRR10013243,human,in vivo,extracellular,bulk
PA,2056,2117,1,SRR10013243,human,in vivo,extracellular,bulk
PA,2057,2118,1,SRR10013243,human,in vivo,extracellular,bulk
PA,206,1899,1,SRR10013243,human,in vivo,extracellular,bulk
PA,2101,2182,2,SRR10013243,human,in vivo,extracellular,bulk
PA,211,1945,2,SRR10013243,human,in vivo,extracellular,bulk
PA,218,1170,1,SRR10013243,human,in vivo,extracellular,bulk
PA,218,1778,1,SRR10013243,human,in vivo,extracellular,bulk
PA,221,2034,7,SRR10013243,human,in vivo,extracellular,bulk
PA,225,2092,3,SRR10013243,human,in vivo,extracellular,bulk
PA,227,1662,1,SRR10013243,human,in vivo,extracellular,bulk
PA,229,2041,1,SRR10013243,human,in vivo,extracellular,bulk
PA,232,1677,1,SRR10013243,human,in vivo,extracellular,bulk
PA,232,1846,1,SRR10013243,human,in vivo,extracellular,bulk
PA,232,2037,1,SRR10013243,human,in vivo,extracellular,bulk
PA,232,2071,1,SRR10013243,human,in vivo,extracellular,bulk
PA,232,527,1,SRR10013243,human,in vivo,extracellular,bulk
PA,232,919,2,SRR10013243,human,in vivo,extracellular,bulk
PA,242,2113,1,SRR10013243,human,in vivo,extracellular,bulk
PA,244,1635,1,SRR10013243,human,in vivo,extracellular,bulk
PA,244,2012,2,SRR10013243,human,in vivo,extracellular,bulk
PA,244,931,1,SRR10013243,human,in vivo,extracellular,bulk
PA,258,2054,1,SRR10013243,human,in vivo,extracellular,bulk
PA,265,860,3,SRR10013243,human,in vivo,extracellular,bulk
PA,267,2035,28,SRR10013243,human,in vivo,extracellular,bulk
PA,269,1944,4,SRR10013243,human,in vivo,extracellular,bulk
PA,269,1978,1,SRR10013243,human,in vivo,extracellular,bulk
PA,273,1817,1,SRR10013243,human,in vivo,extracellular,bulk
PA,274,1131,1,SRR10013243,human,in vivo,extracellular,bulk
PA,275,668,1,SRR10013243,human,in vivo,extracellular,bulk
PA,276,922,2,SRR10013243,human,in vivo,extracellular,bulk
PA,285,1197,1,SRR10013243,human,in vivo,extracellular,bulk
PA,285,1803,1,SRR10013243,human,in vivo,extracellular,bulk
PA,301,2149,1,SRR10013243,human,in vivo,extracellular,bulk
PA,305,2141,1,SRR10013243,human,in vivo,extracellular,bulk
PA,306,1634,1,SRR10013243,human,in vivo,extracellular,bulk
PA,306,930,1,SRR10013243,human,in vivo,extracellular,bulk
PA,308,953,1,SRR10013243,human,in vivo,extracellular,bulk
PA,322,1892,14,SRR10013243,human,in vivo,extracellular,bulk
PA,324,1201,3,SRR10013243,human,in vivo,extracellular,bulk
PA,325,1894,2,SRR10013243,human,in vivo,extracellular,bulk
PA,325,1896,3,SRR10013243,human,in vivo,extracellular,bulk
PA,326,1895,1276,SRR10013243,human,in vivo,extracellular,bulk
PA,326,1897,1,SRR10013243,human,in vivo,extracellular,bulk
PA,326,1901,1,SRR10013243,human,in vivo,extracellular,bulk
PA,326,1904,1,SRR10013243,human,in vivo,extracellular,bulk
PA,326,1953,1,SRR10013243,human,in vivo,extracellular,bulk
PA,330,462,1,SRR10013243,human,in vivo,extracellular,bulk
PA,331,2057,2,SRR10013243,human,in vivo,extracellular,bulk
PA,332,2023,1,SRR10013243,human,in vivo,extracellular,bulk
PA,336,2093,1,SRR10013243,human,in vivo,extracellular,bulk
PA,340,2119,1,SRR10013243,human,in vivo,extracellular,bulk
PA,358,2004,4,SRR10013243,human,in vivo,extracellular,bulk
PA,365,1955,2,SRR10013243,human,in vivo,extracellular,bulk
PA,369,1965,1,SRR10013243,human,in vivo,extracellular,bulk
PA,370,869,3,SRR10013243,human,in vivo,extracellular,bulk
PA,371,1947,1,SRR10013243,human,in vivo,extracellular,bulk
PA,376,1109,1,SRR10013243,human,in vivo,extracellular,bulk
PA,378,553,2,SRR10013243,human,in vivo,extracellular,bulk
PA,379,2103,6,SRR10013243,human,in vivo,extracellular,bulk
PA,389,1945,2,SRR10013243,human,in vivo,extracellular,bulk
PA,396,1972,1,SRR10013243,human,in vivo,extracellular,bulk
PA,397,1742,1,SRR10013243,human,in vivo,extracellular,bulk
PA,398,1828,4,SRR10013243,human,in vivo,extracellular,bulk
PA,399,1906,2,SRR10013243,human,in vivo,extracellular,bulk
PA,408,1819,1,SRR10013243,human,in vivo,extracellular,bulk
PA,412,1701,1,SRR10013243,human,in vivo,extracellular,bulk
PA,424,1984,2,SRR10013243,human,in vivo,extracellular,bulk
PA,430,1785,4,SRR10013243,human,in vivo,extracellular,bulk
PA,440,1785,1,SRR10013243,human,in vivo,extracellular,bulk
PA,445,1023,1,SRR10013243,human,in vivo,extracellular,bulk
PA,449,1828,1,SRR10013243,human,in vivo,extracellular,bulk
PA,460,1393,2,SRR10013243,human,in vivo,extracellular,bulk
PA,461,1785,1,SRR10013243,human,in vivo,extracellular,bulk
PA,465,1844,2,SRR10013243,human,in vivo,extracellular,bulk
PA,466,1727,6,SRR10013243,human,in vivo,extracellular,bulk
PA,475,1739,3,SRR10013243,human,in vivo,extracellular,bulk
PA,477,1845,3,SRR10013243,human,in vivo,extracellular,bulk
PA,480,1812,4,SRR10013243,human,in vivo,extracellular,bulk
PA,517,1749,3,SRR10013243,human,in vivo,extracellular,bulk
PA,531,1343,1,SRR10013243,human,in vivo,extracellular,bulk
PA,536,1850,2,SRR10013243,human,in vivo,extracellular,bulk
PA,541,1657,1,SRR10013243,human,in vivo,extracellular,bulk
PA,547,1761,1,SRR10013243,human,in vivo,extracellular,bulk
PA,548,2125,1,SRR10013243,human,in vivo,extracellular,bulk
PA,553,1699,3,SRR10013243,human,in vivo,extracellular,bulk
PA,557,1103,2,SRR10013243,human,in vivo,extracellular,bulk
PA,563,1901,2,SRR10013243,human,in vivo,extracellular,bulk
PA,566,1734,1,SRR10013243,human,in vivo,extracellular,bulk
PA,567,1735,27,SRR10013243,human,in vivo,extracellular,bulk
PA,568,917,1,SRR10013243,human,in vivo,extracellular,bulk
PA,572,1828,2,SRR10013243,human,in vivo,extracellular,bulk
PA,576,926,4,SRR10013243,human,in vivo,extracellular,bulk
PA,582,1105,1,SRR10013243,human,in vivo,extracellular,bulk
PA,582,1899,1,SRR10013243,human,in vivo,extracellular,bulk
PA,585,935,1,SRR10013243,human,in vivo,extracellular,bulk
PA,586,1837,1,SRR10013243,human,in vivo,extracellular,bulk
PA,587,1742,3,SRR10013243,human,in vivo,extracellular,bulk
PA,589,1792,1,SRR10013243,human,in vivo,extracellular,bulk
PA,592,1718,2,SRR10013243,human,in vivo,extracellular,bulk
PA,59,105,3,SRR10013243,human,in vivo,extracellular,bulk
PA,602,1662,2,SRR10013243,human,in vivo,extracellular,bulk
PA,604,1497,2,SRR10013243,human,in vivo,extracellular,bulk
PA,607,670,2,SRR10013243,human,in vivo,extracellular,bulk
PA,612,1786,2,SRR10013243,human,in vivo,extracellular,bulk
PA,617,1889,3,SRR10013243,human,in vivo,extracellular,bulk
PA,61,253,1,SRR10013243,human,in vivo,extracellular,bulk
PA,625,1738,1,SRR10013243,human,in vivo,extracellular,bulk
PA,626,1500,5,SRR10013243,human,in vivo,extracellular,bulk
PA,626,1750,1,SRR10013243,human,in vivo,extracellular,bulk
PA,62,1057,1,SRR10013243,human,in vivo,extracellular,bulk
PA,631,1520,19,SRR10013243,human,in vivo,extracellular,bulk
PA,648,1634,1,SRR10013243,human,in vivo,extracellular,bulk
PA,658,1653,2,SRR10013243,human,in vivo,extracellular,bulk
PA,676,1643,1,SRR10013243,human,in vivo,extracellular,bulk
PA,680,1534,2,SRR10013243,human,in vivo,extracellular,bulk
PA,684,1564,1,SRR10013243,human,in vivo,extracellular,bulk
PA,689,1509,4,SRR10013243,human,in vivo,extracellular,bulk
PA,69,108,1,SRR10013243,human,in vivo,extracellular,bulk
PA,710,2071,1,SRR10013243,human,in vivo,extracellular,bulk
PA,772,856,1,SRR10013243,human,in vivo,extracellular,bulk
PA,773,879,1,SRR10013243,human,in vivo,extracellular,bulk
PA,778,1514,1,SRR10013243,human,in vivo,extracellular,bulk
PA,778,1837,1,SRR10013243,human,in vivo,extracellular,bulk
PA,78,1538,1,SRR10013243,human,in vivo,extracellular,bulk
PA,816,1460,1,SRR10013243,human,in vivo,extracellular,bulk
PA,83,1729,1,SRR10013243,human,in vivo,extracellular,bulk
PA,86,1106,1,SRR10013243,human,in vivo,extracellular,bulk
PA,86,585,1,SRR10013243,human,in vivo,extracellular,bulk
PA,880,1334,3,SRR10013243,human,in vivo,extracellular,bulk
PA,880,1563,1,SRR10013243,human,in vivo,extracellular,bulk
PA,887,959,2,SRR10013243,human,in vivo,extracellular,bulk
PA,909,1812,24,SRR10013243,human,in vivo,extracellular,bulk
PA,929,1833,1,SRR10013243,human,in vivo,extracellular,bulk
PA,95,593,1,SRR10013243,human,in vivo,extracellular,bulk
PA,979,1931,1,SRR10013243,human,in vivo,extracellular,bulk
PA,98,858,1,SRR10013243,human,in vivo,extracellular,bulk
PA,99,1742,1,SRR10013243,human,in vivo,extracellular,bulk
HA,1115,1151,2,SRR10013243,human,in vivo,extracellular,bulk
HA,1341,1429,2,SRR10013243,human,in vivo,extracellular,bulk
HA,146,1495,1,SRR10013243,human,in vivo,extracellular,bulk
HA,1575,1680,1,SRR10013243,human,in vivo,extracellular,bulk
HA,211,1673,7,SRR10013243,human,in vivo,extracellular,bulk
HA,213,1713,1,SRR10013243,human,in vivo,extracellular,bulk
HA,217,1033,1,SRR10013243,human,in vivo,extracellular,bulk
HA,222,1022,1,SRR10013243,human,in vivo,extracellular,bulk
HA,236,1563,1,SRR10013243,human,in vivo,extracellular,bulk
HA,33,800,2,SRR10013243,human,in vivo,extracellular,bulk
HA,353,472,1,SRR10013243,human,in vivo,extracellular,bulk
HA,379,968,1,SRR10013243,human,in vivo,extracellular,bulk
HA,391,483,1,SRR10013243,human,in vivo,extracellular,bulk
HA,392,1488,2,SRR10013243,human,in vivo,extracellular,bulk
HA,499,1566,1,SRR10013243,human,in vivo,extracellular,bulk
HA,56,102,2,SRR10013243,human,in vivo,extracellular,bulk
HA,651,725,1,SRR10013243,human,in vivo,extracellular,bulk
HA,697,1691,1,SRR10013243,human,in vivo,extracellular,bulk
HA,699,1082,1,SRR10013243,human,in vivo,extracellular,bulk
HA,702,1093,1,SRR10013243,human,in vivo,extracellular,bulk
HA,841,1330,1,SRR10013243,human,in vivo,extracellular,bulk
HA,871,947,1,SRR10013243,human,in vivo,extracellular,bulk
HA,944,1016,1,SRR10013243,human,in vivo,extracellular,bulk
HA,958,1037,2,SRR10013243,human,in vivo,extracellular,bulk
HA,962,1000,1,SRR10013243,human,in vivo,extracellular,bulk
HA,993,1348,1,SRR10013243,human,in vivo,extracellular,bulk
NP,1015,1145,1,SRR10013243,human,in vivo,extracellular,bulk
NP,1015,1487,1,SRR10013243,human,in vivo,extracellular,bulk
NP,122,1668,1,SRR10013243,human,in vivo,extracellular,bulk
NP,1336,1414,3,SRR10013243,human,in vivo,extracellular,bulk
NP,1340,1419,2,SRR10013243,human,in vivo,extracellular,bulk
NP,1354,1409,1,SRR10013243,human,in vivo,extracellular,bulk
NP,1376,1501,1,SRR10013243,human,in vivo,extracellular,bulk
NP,1557,1665,1,SRR10013243,human,in vivo,extracellular,bulk
NP,187,1471,1,SRR10013243,human,in vivo,extracellular,bulk
NP,192,1753,1,SRR10013243,human,in vivo,extracellular,bulk
NP,217,1651,6,SRR10013243,human,in vivo,extracellular,bulk
NP,218,1652,80,SRR10013243,human,in vivo,extracellular,bulk
NP,235,1471,3,SRR10013243,human,in vivo,extracellular,bulk
NP,270,1274,1,SRR10013243,human,in vivo,extracellular,bulk
NP,273,1250,9,SRR10013243,human,in vivo,extracellular,bulk
NP,293,592,1,SRR10013243,human,in vivo,extracellular,bulk
NP,320,1408,1,SRR10013243,human,in vivo,extracellular,bulk
NP,359,1394,2,SRR10013243,human,in vivo,extracellular,bulk
NP,374,1471,2,SRR10013243,human,in vivo,extracellular,bulk
NP,398,1309,1,SRR10013243,human,in vivo,extracellular,bulk
NP,424,467,1,SRR10013243,human,in vivo,extracellular,bulk
NP,523,581,1,SRR10013243,human,in vivo,extracellular,bulk
NP,543,1192,2,SRR10013243,human,in vivo,extracellular,bulk
NP,683,1265,1,SRR10013243,human,in vivo,extracellular,bulk
NP,689,1327,1,SRR10013243,human,in vivo,extracellular,bulk
NP,695,1404,1,SRR10013243,human,in vivo,extracellular,bulk
NP,696,1639,1,SRR10013243,human,in vivo,extracellular,bulk
NP,73,1142,1,SRR10013243,human,in vivo,extracellular,bulk
NP,753,1137,1,SRR10013243,human,in vivo,extracellular,bulk
NP,754,971,1,SRR10013243,human,in vivo,extracellular,bulk
NP,775,1424,1,SRR10013243,human,in vivo,extracellular,bulk
NP,838,1413,1,SRR10013243,human,in vivo,extracellular,bulk
NP,839,1418,1,SRR10013243,human,in vivo,extracellular,bulk
NP,844,1494,1,SRR10013243,human,in vivo,extracellular,bulk
NP,849,1277,10,SRR10013243,human,in vivo,extracellular,bulk
NP,851,1279,2,SRR10013243,human,in vivo,extracellular,bulk
NP,853,992,1,SRR10013243,human,in vivo,extracellular,bulk
NP,860,1390,1,SRR10013243,human,in vivo,extracellular,bulk
NP,864,1484,1,SRR10013243,human,in vivo,extracellular,bulk
NP,868,1256,1,SRR10013243,human,in vivo,extracellular,bulk
NP,875,1374,2,SRR10013243,human,in vivo,extracellular,bulk
NP,893,1243,1,SRR10013243,human,in vivo,extracellular,bulk
NP,894,1246,1,SRR10013243,human,in vivo,extracellular,bulk
NA,1005,1319,1,SRR10013243,human,in vivo,extracellular,bulk
NA,101,1059,4,SRR10013243,human,in vivo,extracellular,bulk
NA,1025,1220,1,SRR10013243,human,in vivo,extracellular,bulk
NA,1027,1308,1,SRR10013243,human,in vivo,extracellular,bulk
NA,1046,1209,1,SRR10013243,human,in vivo,extracellular,bulk
NA,104,477,7,SRR10013243,human,in vivo,extracellular,bulk
NA,105,757,2,SRR10013243,human,in vivo,extracellular,bulk
NA,1085,1242,2,SRR10013243,human,in vivo,extracellular,bulk
NA,108,320,1,SRR10013243,human,in vivo,extracellular,bulk
NA,1100,1134,1,SRR10013243,human,in vivo,extracellular,bulk
NA,1103,1265,1,SRR10013243,human,in vivo,extracellular,bulk
NA,110,500,1,SRR10013243,human,in vivo,extracellular,bulk
NA,1125,1180,1,SRR10013243,human,in vivo,extracellular,bulk
NA,1287,1489,1,SRR10013243,human,in vivo,extracellular,bulk
NA,175,1231,1,SRR10013243,human,in vivo,extracellular,bulk
NA,177,1010,3,SRR10013243,human,in vivo,extracellular,bulk
NA,289,614,1,SRR10013243,human,in vivo,extracellular,bulk
NA,330,1473,1,SRR10013243,human,in vivo,extracellular,bulk
NA,339,431,1,SRR10013243,human,in vivo,extracellular,bulk
NA,341,428,2,SRR10013243,human,in vivo,extracellular,bulk
NA,403,1104,1,SRR10013243,human,in vivo,extracellular,bulk
NA,415,1292,1,SRR10013243,human,in vivo,extracellular,bulk
NA,422,977,1,SRR10013243,human,in vivo,extracellular,bulk
NA,444,961,2,SRR10013243,human,in vivo,extracellular,bulk
NA,457,1100,1,SRR10013243,human,in vivo,extracellular,bulk
NA,467,662,1,SRR10013243,human,in vivo,extracellular,bulk
NA,489,1048,1,SRR10013243,human,in vivo,extracellular,bulk
NA,489,1266,1,SRR10013243,human,in vivo,extracellular,bulk
NA,515,880,1,SRR10013243,human,in vivo,extracellular,bulk
NA,519,1098,3,SRR10013243,human,in vivo,extracellular,bulk
NA,533,1120,1,SRR10013243,human,in vivo,extracellular,bulk
NA,547,1361,1,SRR10013243,human,in vivo,extracellular,bulk
NA,586,1249,1,SRR10013243,human,in vivo,extracellular,bulk
NA,589,882,1,SRR10013243,human,in vivo,extracellular,bulk
NA,597,1397,2,SRR10013243,human,in vivo,extracellular,bulk
NA,62,322,1,SRR10013243,human,in vivo,extracellular,bulk
NA,637,1076,2,SRR10013243,human,in vivo,extracellular,bulk
NA,63,403,1,SRR10013243,human,in vivo,extracellular,bulk
NA,640,1322,2,SRR10013243,human,in vivo,extracellular,bulk
NA,651,1254,1,SRR10013243,human,in vivo,extracellular,bulk
NA,656,729,1,SRR10013243,human,in vivo,extracellular,bulk
NA,676,758,1,SRR10013243,human,in vivo,extracellular,bulk
NA,682,1053,2,SRR10013243,human,in vivo,extracellular,bulk
NA,689,1051,1,SRR10013243,human,in vivo,extracellular,bulk
NA,701,1430,1,SRR10013243,human,in vivo,extracellular,bulk
NA,719,1312,1,SRR10013243,human,in vivo,extracellular,bulk
NA,753,1439,1,SRR10013243,human,in vivo,extracellular,bulk
NA,781,1076,9,SRR10013243,human,in vivo,extracellular,bulk
NA,793,1104,1,SRR10013243,human,in vivo,extracellular,bulk
NA,827,1010,1,SRR10013243,human,in vivo,extracellular,bulk
NA,904,1381,1,SRR10013243,human,in vivo,extracellular,bulk
NA,904,949,1,SRR10013243,human,in vivo,extracellular,bulk
M,124,1028,4,SRR10013243,human,in vivo,extracellular,bulk
M,134,700,1,SRR10013243,human,in vivo,extracellular,bulk
M,136,1064,1,SRR10013243,human,in vivo,extracellular,bulk
M,148,1050,1,SRR10013243,human,in vivo,extracellular,bulk
M,157,1055,1,SRR10013243,human,in vivo,extracellular,bulk
M,171,213,1,SRR10013243,human,in vivo,extracellular,bulk
M,188,1052,1,SRR10013243,human,in vivo,extracellular,bulk
M,189,1059,1,SRR10013243,human,in vivo,extracellular,bulk
M,194,1050,1,SRR10013243,human,in vivo,extracellular,bulk
M,202,1060,7,SRR10013243,human,in vivo,extracellular,bulk
M,205,1033,7,SRR10013243,human,in vivo,extracellular,bulk
M,231,1063,1,SRR10013243,human,in vivo,extracellular,bulk
M,265,695,1,SRR10013243,human,in vivo,extracellular,bulk
M,284,459,1,SRR10013243,human,in vivo,extracellular,bulk
M,284,603,1,SRR10013243,human,in vivo,extracellular,bulk
M,286,982,1,SRR10013243,human,in vivo,extracellular,bulk
M,307,910,2,SRR10013243,human,in vivo,extracellular,bulk
M,325,547,1,SRR10013243,human,in vivo,extracellular,bulk
M,325,746,1,SRR10013243,human,in vivo,extracellular,bulk
M,336,926,1,SRR10013243,human,in vivo,extracellular,bulk
M,337,1061,1,SRR10013243,human,in vivo,extracellular,bulk
M,339,615,3,SRR10013243,human,in vivo,extracellular,bulk
M,389,817,1,SRR10013243,human,in vivo,extracellular,bulk
M,446,713,1,SRR10013243,human,in vivo,extracellular,bulk
M,483,554,1,SRR10013243,human,in vivo,extracellular,bulk
M,496,853,13,SRR10013243,human,in vivo,extracellular,bulk
M,503,581,2,SRR10013243,human,in vivo,extracellular,bulk
M,574,819,1,SRR10013243,human,in vivo,extracellular,bulk
M,591,689,2,SRR10013243,human,in vivo,extracellular,bulk
M,594,734,1,SRR10013243,human,in vivo,extracellular,bulk
M,598,718,1,SRR10013243,human,in vivo,extracellular,bulk
M,599,699,1,SRR10013243,human,in vivo,extracellular,bulk
M,601,716,1,SRR10013243,human,in vivo,extracellular,bulk
M,602,691,16,SRR10013243,human,in vivo,extracellular,bulk
M,615,856,1,SRR10013243,human,in vivo,extracellular,bulk
M,616,915,1,SRR10013243,human,in vivo,extracellular,bulk
M,635,697,1,SRR10013243,human,in vivo,extracellular,bulk
M,650,1004,1,SRR10013243,human,in vivo,extracellular,bulk
M,662,1016,14,SRR10013243,human,in vivo,extracellular,bulk
M,670,981,1,SRR10013243,human,in vivo,extracellular,bulk
M,719,989,1,SRR10013243,human,in vivo,extracellular,bulk
M,725,775,1,SRR10013243,human,in vivo,extracellular,bulk
M,740,763,1,SRR10013243,human,in vivo,extracellular,bulk
M,74,615,1,SRR10013243,human,in vivo,extracellular,bulk
M,879,922,1,SRR10013243,human,in vivo,extracellular,bulk
M,893,937,1,SRR10013243,human,in vivo,extracellular,bulk
M,90,647,1,SRR10013243,human,in vivo,extracellular,bulk
M,929,985,1,SRR10013243,human,in vivo,extracellular,bulk
M,95,627,1,SRR10013243,human,in vivo,extracellular,bulk
NS,28,898,1,SRR10013243,human,in vivo,extracellular,bulk
NS,318,496,1,SRR10013243,human,in vivo,extracellular,bulk
NS,66,233,1,SRR10013243,human,in vivo,extracellular,bulk
NS,742,845,2,SRR10013243,human,in vivo,extracellular,bulk
NS,90,858,1,SRR10013243,human,in vivo,extracellular,bulk
PB1,1000,1490,1,SRR10013084,human,in vivo,extracellular,bulk
PB1,1179,1584,1,SRR10013084,human,in vivo,extracellular,bulk
PB1,132,2159,17,SRR10013084,human,in vivo,extracellular,bulk
PB1,1334,1761,1,SRR10013084,human,in vivo,extracellular,bulk
PB1,1509,1544,1,SRR10013084,human,in vivo,extracellular,bulk
PB1,1579,2216,1,SRR10013084,human,in vivo,extracellular,bulk
PB1,1611,1750,1,SRR10013084,human,in vivo,extracellular,bulk
PB1,1622,2341,1,SRR10013084,human,in vivo,extracellular,bulk
PB1,1765,2105,1,SRR10013084,human,in vivo,extracellular,bulk
PB1,1768,2201,1,SRR10013084,human,in vivo,extracellular,bulk
PB1,176,1725,1,SRR10013084,human,in vivo,extracellular,bulk
PB1,1854,1934,1,SRR10013084,human,in vivo,extracellular,bulk
PB1,2139,2181,1,SRR10013084,human,in vivo,extracellular,bulk
PB1,234,1848,1,SRR10013084,human,in vivo,extracellular,bulk
PB1,292,1978,1,SRR10013084,human,in vivo,extracellular,bulk
PB1,294,2179,1,SRR10013084,human,in vivo,extracellular,bulk
PB1,294,577,1,SRR10013084,human,in vivo,extracellular,bulk
PB1,300,327,1,SRR10013084,human,in vivo,extracellular,bulk
PB1,304,2018,11,SRR10013084,human,in vivo,extracellular,bulk
PB1,305,2207,3,SRR10013084,human,in vivo,extracellular,bulk
PB1,310,2003,24,SRR10013084,human,in vivo,extracellular,bulk
PB1,310,2195,1,SRR10013084,human,in vivo,extracellular,bulk
PB1,311,430,2,SRR10013084,human,in vivo,extracellular,bulk
PB1,322,2188,2,SRR10013084,human,in vivo,extracellular,bulk
PB1,353,507,1,SRR10013084,human,in vivo,extracellular,bulk
PB1,357,1624,1,SRR10013084,human,in vivo,extracellular,bulk
PB1,364,452,1,SRR10013084,human,in vivo,extracellular,bulk
PB1,367,1868,3,SRR10013084,human,in vivo,extracellular,bulk
PB1,378,2048,27,SRR10013084,human,in vivo,extracellular,bulk
PB1,385,1983,1,SRR10013084,human,in vivo,extracellular,bulk
PB1,387,1915,36,SRR10013084,human,in vivo,extracellular,bulk
PB1,425,1997,1,SRR10013084,human,in vivo,extracellular,bulk
PB1,438,1788,1,SRR10013084,human,in vivo,extracellular,bulk
PB1,447,1944,18,SRR10013084,human,in vivo,extracellular,bulk
PB1,455,1767,2,SRR10013084,human,in vivo,extracellular,bulk
PB1,458,1861,1,SRR10013084,human,in vivo,extracellular,bulk
PB1,459,1766,1,SRR10013084,human,in vivo,extracellular,bulk
PB1,460,1769,18,SRR10013084,human,in vivo,extracellular,bulk
PB1,463,1770,14,SRR10013084,human,in vivo,extracellular,bulk
PB1,522,1863,6,SRR10013084,human,in vivo,extracellular,bulk
PB1,577,2229,1,SRR10013084,human,in vivo,extracellular,bulk
PB1,580,1815,20,SRR10013084,human,in vivo,extracellular,bulk
PB1,623,1757,2,SRR10013084,human,in vivo,extracellular,bulk
PB1,631,1556,1,SRR10013084,human,in vivo,extracellular,bulk
PB1,648,1742,10,SRR10013084,human,in vivo,extracellular,bulk
PB1,649,1224,1,SRR10013084,human,in vivo,extracellular,bulk
PB1,650,1613,1,SRR10013084,human,in vivo,extracellular,bulk
PB1,651,2064,10,SRR10013084,human,in vivo,extracellular,bulk
PB1,686,1841,1,SRR10013084,human,in vivo,extracellular,bulk
PB1,712,810,1,SRR10013084,human,in vivo,extracellular,bulk
PB1,713,1837,15,SRR10013084,human,in vivo,extracellular,bulk
PB1,729,881,1,SRR10013084,human,in vivo,extracellular,bulk
PB1,812,1511,3,SRR10013084,human,in vivo,extracellular,bulk
PB1,830,1643,6,SRR10013084,human,in vivo,extracellular,bulk
PB1,830,1724,1,SRR10013084,human,in vivo,extracellular,bulk
PB1,85,2155,1,SRR10013084,human,in vivo,extracellular,bulk
PB1,892,1509,8,SRR10013084,human,in vivo,extracellular,bulk
PB1,896,1445,3,SRR10013084,human,in vivo,extracellular,bulk
PB1,92,2156,13,SRR10013084,human,in vivo,extracellular,bulk
PB1,956,1486,1,SRR10013084,human,in vivo,extracellular,bulk
PB1,967,1492,3,SRR10013084,human,in vivo,extracellular,bulk
PB1,96,1745,1,SRR10013084,human,in vivo,extracellular,bulk
PB1,976,1206,1,SRR10013084,human,in vivo,extracellular,bulk
PB1,983,1936,1,SRR10013084,human,in vivo,extracellular,bulk
PB2,100,2018,1,SRR10013084,human,in vivo,extracellular,bulk
PB2,100,831,1,SRR10013084,human,in vivo,extracellular,bulk
PB2,1035,2063,1,SRR10013084,human,in vivo,extracellular,bulk
PB2,1048,1156,1,SRR10013084,human,in vivo,extracellular,bulk
PB2,1053,2049,7,SRR10013084,human,in vivo,extracellular,bulk
PB2,1059,2080,1,SRR10013084,human,in vivo,extracellular,bulk
PB2,1064,1766,1,SRR10013084,human,in vivo,extracellular,bulk
PB2,1158,1633,1,SRR10013084,human,in vivo,extracellular,bulk
PB2,1196,1413,1,SRR10013084,human,in vivo,extracellular,bulk
PB2,1311,1711,1,SRR10013084,human,in vivo,extracellular,bulk
PB2,1323,1478,3,SRR10013084,human,in vivo,extracellular,bulk
PB2,137,564,1,SRR10013084,human,in vivo,extracellular,bulk
PB2,1436,1505,1,SRR10013084,human,in vivo,extracellular,bulk
PB2,1454,1510,1,SRR10013084,human,in vivo,extracellular,bulk
PB2,1487,1539,1,SRR10013084,human,in vivo,extracellular,bulk
PB2,152,1426,1,SRR10013084,human,in vivo,extracellular,bulk
PB2,1600,1736,2,SRR10013084,human,in vivo,extracellular,bulk
PB2,1645,1920,5,SRR10013084,human,in vivo,extracellular,bulk
PB2,1656,1905,9,SRR10013084,human,in vivo,extracellular,bulk
PB2,166,2143,30,SRR10013084,human,in vivo,extracellular,bulk
PB2,1697,1759,2,SRR10013084,human,in vivo,extracellular,bulk
PB2,1715,1951,1,SRR10013084,human,in vivo,extracellular,bulk
PB2,1717,1934,1,SRR10013084,human,in vivo,extracellular,bulk
PB2,1721,1937,1,SRR10013084,human,in vivo,extracellular,bulk
PB2,177,2035,17,SRR10013084,human,in vivo,extracellular,bulk
PB2,1785,2144,1,SRR10013084,human,in vivo,extracellular,bulk
PB2,1799,1881,1,SRR10013084,human,in vivo,extracellular,bulk
PB2,181,1390,1,SRR10013084,human,in vivo,extracellular,bulk
PB2,1912,1963,1,SRR10013084,human,in vivo,extracellular,bulk
PB2,1968,2067,2,SRR10013084,human,in vivo,extracellular,bulk
PB2,197,1992,1,SRR10013084,human,in vivo,extracellular,bulk
PB2,215,469,1,SRR10013084,human,in vivo,extracellular,bulk
PB2,2302,2365,1,SRR10013084,human,in vivo,extracellular,bulk
PB2,244,2206,22,SRR10013084,human,in vivo,extracellular,bulk
PB2,245,553,1,SRR10013084,human,in vivo,extracellular,bulk
PB2,270,1051,1,SRR10013084,human,in vivo,extracellular,bulk
PB2,283,2128,32,SRR10013084,human,in vivo,extracellular,bulk
PB2,292,592,1,SRR10013084,human,in vivo,extracellular,bulk
PB2,303,2335,1,SRR10013084,human,in vivo,extracellular,bulk
PB2,356,906,1,SRR10013084,human,in vivo,extracellular,bulk
PB2,361,1406,1,SRR10013084,human,in vivo,extracellular,bulk
PB2,367,1511,1,SRR10013084,human,in vivo,extracellular,bulk
PB2,393,2006,5,SRR10013084,human,in vivo,extracellular,bulk
PB2,394,745,1,SRR10013084,human,in vivo,extracellular,bulk
PB2,429,1873,11,SRR10013084,human,in vivo,extracellular,bulk
PB2,444,1739,10,SRR10013084,human,in vivo,extracellular,bulk
PB2,44,2070,1,SRR10013084,human,in vivo,extracellular,bulk
PB2,462,2061,1,SRR10013084,human,in vivo,extracellular,bulk
PB2,464,2065,3,SRR10013084,human,in vivo,extracellular,bulk
PB2,479,1883,1,SRR10013084,human,in vivo,extracellular,bulk
PB2,481,1978,11,SRR10013084,human,in vivo,extracellular,bulk
PB2,529,1064,1,SRR10013084,human,in vivo,extracellular,bulk
PB2,560,1691,14,SRR10013084,human,in vivo,extracellular,bulk
PB2,569,1394,1,SRR10013084,human,in vivo,extracellular,bulk
PB2,579,1464,1,SRR10013084,human,in vivo,extracellular,bulk
PB2,581,1873,6,SRR10013084,human,in vivo,extracellular,bulk
PB2,598,1761,1,SRR10013084,human,in vivo,extracellular,bulk
PB2,600,1160,1,SRR10013084,human,in vivo,extracellular,bulk
PB2,610,2070,2,SRR10013084,human,in vivo,extracellular,bulk
PB2,624,1189,1,SRR10013084,human,in vivo,extracellular,bulk
PB2,707,1197,1,SRR10013084,human,in vivo,extracellular,bulk
PB2,709,1648,11,SRR10013084,human,in vivo,extracellular,bulk
PB2,725,1908,3,SRR10013084,human,in vivo,extracellular,bulk
PB2,730,904,1,SRR10013084,human,in vivo,extracellular,bulk
PB2,749,1634,1,SRR10013084,human,in vivo,extracellular,bulk
PB2,83,1080,1,SRR10013084,human,in vivo,extracellular,bulk
PB2,84,1168,1,SRR10013084,human,in vivo,extracellular,bulk
PB2,882,1891,1,SRR10013084,human,in vivo,extracellular,bulk
PB2,992,1081,1,SRR10013084,human,in vivo,extracellular,bulk
PB2,998,2227,2,SRR10013084,human,in vivo,extracellular,bulk
PA,1077,1702,1,SRR10013084,human,in vivo,extracellular,bulk
PA,1118,1195,2,SRR10013084,human,in vivo,extracellular,bulk
PA,1125,1308,1,SRR10013084,human,in vivo,extracellular,bulk
PA,112,1726,1,SRR10013084,human,in vivo,extracellular,bulk
PA,118,1753,1,SRR10013084,human,in vivo,extracellular,bulk
PA,1250,1923,1,SRR10013084,human,in vivo,extracellular,bulk
PA,1306,1592,1,SRR10013084,human,in vivo,extracellular,bulk
PA,1555,1885,1,SRR10013084,human,in vivo,extracellular,bulk
PA,1659,1863,1,SRR10013084,human,in vivo,extracellular,bulk
PA,1747,1787,4,SRR10013084,human,in vivo,extracellular,bulk
PA,209,1438,1,SRR10013084,human,in vivo,extracellular,bulk
PA,221,2034,2,SRR10013084,human,in vivo,extracellular,bulk
PA,229,2041,1,SRR10013084,human,in vivo,extracellular,bulk
PA,232,1441,1,SRR10013084,human,in vivo,extracellular,bulk
PA,232,919,2,SRR10013084,human,in vivo,extracellular,bulk
PA,266,2123,1,SRR10013084,human,in vivo,extracellular,bulk
PA,273,1081,1,SRR10013084,human,in vivo,extracellular,bulk
PA,274,1336,1,SRR10013084,human,in vivo,extracellular,bulk
PA,276,2170,1,SRR10013084,human,in vivo,extracellular,bulk
PA,276,922,1,SRR10013084,human,in vivo,extracellular,bulk
PA,278,2076,1,SRR10013084,human,in vivo,extracellular,bulk
PA,282,1471,1,SRR10013084,human,in vivo,extracellular,bulk
PA,285,1197,3,SRR10013084,human,in vivo,extracellular,bulk
PA,328,960,2,SRR10013084,human,in vivo,extracellular,bulk
PA,370,1826,1,SRR10013084,human,in vivo,extracellular,bulk
PA,408,1912,1,SRR10013084,human,in vivo,extracellular,bulk
PA,421,1945,107,SRR10013084,human,in vivo,extracellular,bulk
PA,462,773,1,SRR10013084,human,in vivo,extracellular,bulk
PA,505,835,1,SRR10013084,human,in vivo,extracellular,bulk
PA,507,2089,1,SRR10013084,human,in vivo,extracellular,bulk
PA,531,924,1,SRR10013084,human,in vivo,extracellular,bulk
PA,539,1014,1,SRR10013084,human,in vivo,extracellular,bulk
PA,548,1861,1,SRR10013084,human,in vivo,extracellular,bulk
PA,621,804,1,SRR10013084,human,in vivo,extracellular,bulk
PA,666,1188,1,SRR10013084,human,in vivo,extracellular,bulk
PA,715,1403,2,SRR10013084,human,in vivo,extracellular,bulk
PA,770,1526,9,SRR10013084,human,in vivo,extracellular,bulk
PA,77,1265,2,SRR10013084,human,in vivo,extracellular,bulk
PA,77,924,1,SRR10013084,human,in vivo,extracellular,bulk
PA,78,1910,1,SRR10013084,human,in vivo,extracellular,bulk
PA,813,1469,1,SRR10013084,human,in vivo,extracellular,bulk
PA,82,915,2,SRR10013084,human,in vivo,extracellular,bulk
PA,84,1635,1,SRR10013084,human,in vivo,extracellular,bulk
PA,865,1464,2,SRR10013084,human,in vivo,extracellular,bulk
PA,894,1484,10,SRR10013084,human,in vivo,extracellular,bulk
HA,1002,1676,1,SRR10013084,human,in vivo,extracellular,bulk
HA,102,847,1,SRR10013084,human,in vivo,extracellular,bulk
HA,104,701,2,SRR10013084,human,in vivo,extracellular,bulk
HA,1091,1159,1,SRR10013084,human,in vivo,extracellular,bulk
HA,1123,1529,1,SRR10013084,human,in vivo,extracellular,bulk
HA,112,1523,1,SRR10013084,human,in vivo,extracellular,bulk
HA,1213,1289,1,SRR10013084,human,in vivo,extracellular,bulk
HA,1213,1425,1,SRR10013084,human,in vivo,extracellular,bulk
HA,1344,1395,1,SRR10013084,human,in vivo,extracellular,bulk
HA,1439,1528,1,SRR10013084,human,in vivo,extracellular,bulk
HA,1442,1547,1,SRR10013084,human,in vivo,extracellular,bulk
HA,1556,1732,1,SRR10013084,human,in vivo,extracellular,bulk
HA,182,713,1,SRR10013084,human,in vivo,extracellular,bulk
HA,212,1071,2,SRR10013084,human,in vivo,extracellular,bulk
HA,218,1077,14,SRR10013084,human,in vivo,extracellular,bulk
HA,220,854,6,SRR10013084,human,in vivo,extracellular,bulk
HA,241,712,1,SRR10013084,human,in vivo,extracellular,bulk
HA,284,1066,4,SRR10013084,human,in vivo,extracellular,bulk
HA,284,1147,1,SRR10013084,human,in vivo,extracellular,bulk
HA,284,909,2,SRR10013084,human,in vivo,extracellular,bulk
HA,383,714,1,SRR10013084,human,in vivo,extracellular,bulk
HA,56,1579,1,SRR10013084,human,in vivo,extracellular,bulk
HA,736,1668,4,SRR10013084,human,in vivo,extracellular,bulk
HA,758,1177,1,SRR10013084,human,in vivo,extracellular,bulk
HA,846,1014,1,SRR10013084,human,in vivo,extracellular,bulk
HA,897,1320,1,SRR10013084,human,in vivo,extracellular,bulk
NP,131,1387,1,SRR10013084,human,in vivo,extracellular,bulk
NP,131,1407,17,SRR10013084,human,in vivo,extracellular,bulk
NP,1381,1461,2,SRR10013084,human,in vivo,extracellular,bulk
NP,1521,1585,1,SRR10013084,human,in vivo,extracellular,bulk
NP,192,1753,1,SRR10013084,human,in vivo,extracellular,bulk
NP,34,1288,1,SRR10013084,human,in vivo,extracellular,bulk
NP,34,1375,1,SRR10013084,human,in vivo,extracellular,bulk
NP,490,1346,1,SRR10013084,human,in vivo,extracellular,bulk
NP,599,1378,1,SRR10013084,human,in vivo,extracellular,bulk
NP,67,1370,1,SRR10013084,human,in vivo,extracellular,bulk
NP,85,1643,13,SRR10013084,human,in vivo,extracellular,bulk
NP,868,1256,4,SRR10013084,human,in vivo,extracellular,bulk
NP,947,1146,1,SRR10013084,human,in vivo,extracellular,bulk
NP,97,1354,1,SRR10013084,human,in vivo,extracellular,bulk
NA,102,386,1,SRR10013084,human,in vivo,extracellular,bulk
NA,105,757,2,SRR10013084,human,in vivo,extracellular,bulk
NA,1142,1268,2,SRR10013084,human,in vivo,extracellular,bulk
NA,1169,1295,1,SRR10013084,human,in vivo,extracellular,bulk
NA,1180,1212,1,SRR10013084,human,in vivo,extracellular,bulk
NA,341,1373,1,SRR10013084,human,in vivo,extracellular,bulk
NA,372,426,5,SRR10013084,human,in vivo,extracellular,bulk
NA,399,1042,1,SRR10013084,human,in vivo,extracellular,bulk
NA,487,750,1,SRR10013084,human,in vivo,extracellular,bulk
NA,519,1098,1,SRR10013084,human,in vivo,extracellular,bulk
NA,608,1451,1,SRR10013084,human,in vivo,extracellular,bulk
NA,749,1098,1,SRR10013084,human,in vivo,extracellular,bulk
NA,80,1495,1,SRR10013084,human,in vivo,extracellular,bulk
NA,81,1013,1,SRR10013084,human,in vivo,extracellular,bulk
NA,96,575,1,SRR10013084,human,in vivo,extracellular,bulk
NA,974,1007,1,SRR10013084,human,in vivo,extracellular,bulk
NA,97,750,1,SRR10013084,human,in vivo,extracellular,bulk
M,106,591,1,SRR10013084,human,in vivo,extracellular,bulk
M,167,733,1,SRR10013084,human,in vivo,extracellular,bulk
M,199,902,1,SRR10013084,human,in vivo,extracellular,bulk
M,234,905,1,SRR10013084,human,in vivo,extracellular,bulk
M,236,374,1,SRR10013084,human,in vivo,extracellular,bulk
M,259,499,1,SRR10013084,human,in vivo,extracellular,bulk
M,263,656,1,SRR10013084,human,in vivo,extracellular,bulk
M,316,1125,1,SRR10013084,human,in vivo,extracellular,bulk
M,317,430,1,SRR10013084,human,in vivo,extracellular,bulk
M,381,455,1,SRR10013084,human,in vivo,extracellular,bulk
M,463,582,1,SRR10013084,human,in vivo,extracellular,bulk
M,477,612,1,SRR10013084,human,in vivo,extracellular,bulk
M,477,821,1,SRR10013084,human,in vivo,extracellular,bulk
M,599,699,1,SRR10013084,human,in vivo,extracellular,bulk
M,634,988,1,SRR10013084,human,in vivo,extracellular,bulk
M,662,1016,1,SRR10013084,human,in vivo,extracellular,bulk
M,74,686,2,SRR10013084,human,in vivo,extracellular,bulk
M,82,614,2,SRR10013084,human,in vivo,extracellular,bulk
M,846,1053,1,SRR10013084,human,in vivo,extracellular,bulk
M,95,627,2,SRR10013084,human,in vivo,extracellular,bulk
M,961,1015,1,SRR10013084,human,in vivo,extracellular,bulk
NS,200,687,1,SRR10013084,human,in vivo,extracellular,bulk
PB1,1138,2023,1,SRR10013188,human,in vivo,extracellular,bulk
PB1,1284,1417,1,SRR10013188,human,in vivo,extracellular,bulk
PB1,1289,1794,1,SRR10013188,human,in vivo,extracellular,bulk
PB1,1298,1946,1,SRR10013188,human,in vivo,extracellular,bulk
PB1,1471,1818,1,SRR10013188,human,in vivo,extracellular,bulk
PB1,1486,2036,1,SRR10013188,human,in vivo,extracellular,bulk
PB1,1551,1725,1,SRR10013188,human,in vivo,extracellular,bulk
PB1,1579,1855,1,SRR10013188,human,in vivo,extracellular,bulk
PB1,1580,1675,1,SRR10013188,human,in vivo,extracellular,bulk
PB1,1609,1675,1,SRR10013188,human,in vivo,extracellular,bulk
PB1,1613,1789,1,SRR10013188,human,in vivo,extracellular,bulk
PB1,1622,2341,1,SRR10013188,human,in vivo,extracellular,bulk
PB1,1802,2032,2,SRR10013188,human,in vivo,extracellular,bulk
PB1,1843,2074,1,SRR10013188,human,in vivo,extracellular,bulk
PB1,2132,2185,1,SRR10013188,human,in vivo,extracellular,bulk
PB1,2140,2179,1,SRR10013188,human,in vivo,extracellular,bulk
PB1,234,2199,7,SRR10013188,human,in vivo,extracellular,bulk
PB1,236,807,1,SRR10013188,human,in vivo,extracellular,bulk
PB1,256,1980,9,SRR10013188,human,in vivo,extracellular,bulk
PB1,280,2207,1,SRR10013188,human,in vivo,extracellular,bulk
PB1,281,2270,1,SRR10013188,human,in vivo,extracellular,bulk
PB1,283,1915,1,SRR10013188,human,in vivo,extracellular,bulk
PB1,304,2018,14,SRR10013188,human,in vivo,extracellular,bulk
PB1,310,2195,1,SRR10013188,human,in vivo,extracellular,bulk
PB1,311,2027,1,SRR10013188,human,in vivo,extracellular,bulk
PB1,322,2188,4,SRR10013188,human,in vivo,extracellular,bulk
PB1,337,1796,1,SRR10013188,human,in vivo,extracellular,bulk
PB1,361,2198,1,SRR10013188,human,in vivo,extracellular,bulk
PB1,368,1990,7,SRR10013188,human,in vivo,extracellular,bulk
PB1,370,1937,2,SRR10013188,human,in vivo,extracellular,bulk
PB1,376,1781,4,SRR10013188,human,in vivo,extracellular,bulk
PB1,377,1934,11,SRR10013188,human,in vivo,extracellular,bulk
PB1,387,1915,20,SRR10013188,human,in vivo,extracellular,bulk
PB1,387,613,1,SRR10013188,human,in vivo,extracellular,bulk
PB1,394,909,1,SRR10013188,human,in vivo,extracellular,bulk
PB1,399,1713,1,SRR10013188,human,in vivo,extracellular,bulk
PB1,429,1832,4,SRR10013188,human,in vivo,extracellular,bulk
PB1,452,590,1,SRR10013188,human,in vivo,extracellular,bulk
PB1,460,1769,7,SRR10013188,human,in vivo,extracellular,bulk
PB1,463,1607,1,SRR10013188,human,in vivo,extracellular,bulk
PB1,509,2218,5,SRR10013188,human,in vivo,extracellular,bulk
PB1,524,1704,1,SRR10013188,human,in vivo,extracellular,bulk
PB1,530,676,1,SRR10013188,human,in vivo,extracellular,bulk
PB1,575,1731,4,SRR10013188,human,in vivo,extracellular,bulk
PB1,586,1831,1,SRR10013188,human,in vivo,extracellular,bulk
PB1,595,870,1,SRR10013188,human,in vivo,extracellular,bulk
PB1,609,1631,1,SRR10013188,human,in vivo,extracellular,bulk
PB1,613,1773,1,SRR10013188,human,in vivo,extracellular,bulk
PB1,711,1674,13,SRR10013188,human,in vivo,extracellular,bulk
PB1,712,1385,2,SRR10013188,human,in vivo,extracellular,bulk
PB1,713,1837,3,SRR10013188,human,in vivo,extracellular,bulk
PB1,723,2053,1,SRR10013188,human,in vivo,extracellular,bulk
PB1,731,1771,1,SRR10013188,human,in vivo,extracellular,bulk
PB1,731,1942,1,SRR10013188,human,in vivo,extracellular,bulk
PB1,742,1591,1,SRR10013188,human,in vivo,extracellular,bulk
PB1,776,1506,3,SRR10013188,human,in vivo,extracellular,bulk
PB1,799,983,1,SRR10013188,human,in vivo,extracellular,bulk
PB1,895,1448,6,SRR10013188,human,in vivo,extracellular,bulk
PB2,1040,1115,1,SRR10013188,human,in vivo,extracellular,bulk
PB2,1065,1153,1,SRR10013188,human,in vivo,extracellular,bulk
PB2,1089,1736,1,SRR10013188,human,in vivo,extracellular,bulk
PB2,1102,1751,3,SRR10013188,human,in vivo,extracellular,bulk
PB2,1139,1977,1,SRR10013188,human,in vivo,extracellular,bulk
PB2,1168,1877,1,SRR10013188,human,in vivo,extracellular,bulk
PB2,1321,1408,1,SRR10013188,human,in vivo,extracellular,bulk
PB2,1327,1865,1,SRR10013188,human,in vivo,extracellular,bulk
PB2,139,2123,1,SRR10013188,human,in vivo,extracellular,bulk
PB2,1436,1734,1,SRR10013188,human,in vivo,extracellular,bulk
PB2,1512,1547,1,SRR10013188,human,in vivo,extracellular,bulk
PB2,1645,1920,9,SRR10013188,human,in vivo,extracellular,bulk
PB2,1656,1905,18,SRR10013188,human,in vivo,extracellular,bulk
PB2,1667,1916,1,SRR10013188,human,in vivo,extracellular,bulk
PB2,1720,1894,1,SRR10013188,human,in vivo,extracellular,bulk
PB2,1982,2035,1,SRR10013188,human,in vivo,extracellular,bulk
PB2,2097,2195,4,SRR10013188,human,in vivo,extracellular,bulk
PB2,2236,2259,2,SRR10013188,human,in vivo,extracellular,bulk
PB2,244,2070,13,SRR10013188,human,in vivo,extracellular,bulk
PB2,244,2257,8,SRR10013188,human,in vivo,extracellular,bulk
PB2,252,582,1,SRR10013188,human,in vivo,extracellular,bulk
PB2,255,490,1,SRR10013188,human,in vivo,extracellular,bulk
PB2,264,2058,1,SRR10013188,human,in vivo,extracellular,bulk
PB2,268,830,1,SRR10013188,human,in vivo,extracellular,bulk
PB2,26,2049,1,SRR10013188,human,in vivo,extracellular,bulk
PB2,270,1051,1,SRR10013188,human,in vivo,extracellular,bulk
PB2,270,2068,9,SRR10013188,human,in vivo,extracellular,bulk
PB2,271,2069,1,SRR10013188,human,in vivo,extracellular,bulk
PB2,275,1691,1,SRR10013188,human,in vivo,extracellular,bulk
PB2,283,2128,28,SRR10013188,human,in vivo,extracellular,bulk
PB2,293,466,1,SRR10013188,human,in vivo,extracellular,bulk
PB2,309,844,1,SRR10013188,human,in vivo,extracellular,bulk
PB2,358,1608,1,SRR10013188,human,in vivo,extracellular,bulk
PB2,360,1053,1,SRR10013188,human,in vivo,extracellular,bulk
PB2,366,1982,2,SRR10013188,human,in vivo,extracellular,bulk
PB2,389,2003,1,SRR10013188,human,in vivo,extracellular,bulk
PB2,397,2010,11,SRR10013188,human,in vivo,extracellular,bulk
PB2,407,2128,1,SRR10013188,human,in vivo,extracellular,bulk
PB2,421,1137,1,SRR10013188,human,in vivo,extracellular,bulk
PB2,458,2034,2,SRR10013188,human,in vivo,extracellular,bulk
PB2,462,2061,1,SRR10013188,human,in vivo,extracellular,bulk
PB2,504,2077,1,SRR10013188,human,in vivo,extracellular,bulk
PB2,547,1716,2,SRR10013188,human,in vivo,extracellular,bulk
PB2,571,1752,3,SRR10013188,human,in vivo,extracellular,bulk
PB2,581,1873,11,SRR10013188,human,in vivo,extracellular,bulk
PB2,598,2059,1,SRR10013188,human,in vivo,extracellular,bulk
PB2,610,2070,3,SRR10013188,human,in vivo,extracellular,bulk
PB2,620,1813,12,SRR10013188,human,in vivo,extracellular,bulk
PB2,635,1828,1,SRR10013188,human,in vivo,extracellular,bulk
PB2,646,1868,4,SRR10013188,human,in vivo,extracellular,bulk
PB2,646,819,1,SRR10013188,human,in vivo,extracellular,bulk
PB2,647,2294,2,SRR10013188,human,in vivo,extracellular,bulk
PB2,696,1647,2,SRR10013188,human,in vivo,extracellular,bulk
PB2,707,1618,2,SRR10013188,human,in vivo,extracellular,bulk
PB2,709,1614,1,SRR10013188,human,in vivo,extracellular,bulk
PB2,70,1651,2,SRR10013188,human,in vivo,extracellular,bulk
PB2,766,1068,1,SRR10013188,human,in vivo,extracellular,bulk
PB2,837,1091,1,SRR10013188,human,in vivo,extracellular,bulk
PB2,841,1375,1,SRR10013188,human,in vivo,extracellular,bulk
PB2,84,1500,1,SRR10013188,human,in vivo,extracellular,bulk
PB2,86,1498,1,SRR10013188,human,in vivo,extracellular,bulk
PB2,878,1696,1,SRR10013188,human,in vivo,extracellular,bulk
PA,1167,1920,1,SRR10013188,human,in vivo,extracellular,bulk
PA,1168,1516,1,SRR10013188,human,in vivo,extracellular,bulk
PA,116,620,1,SRR10013188,human,in vivo,extracellular,bulk
PA,1630,2050,1,SRR10013188,human,in vivo,extracellular,bulk
PA,191,213,3,SRR10013188,human,in vivo,extracellular,bulk
PA,201,1165,1,SRR10013188,human,in vivo,extracellular,bulk
PA,2056,2087,9,SRR10013188,human,in vivo,extracellular,bulk
PA,2056,2117,1,SRR10013188,human,in vivo,extracellular,bulk
PA,2068,2100,1,SRR10013188,human,in vivo,extracellular,bulk
PA,221,2034,2,SRR10013188,human,in vivo,extracellular,bulk
PA,229,2041,2,SRR10013188,human,in vivo,extracellular,bulk
PA,232,1621,1,SRR10013188,human,in vivo,extracellular,bulk
PA,285,1197,1,SRR10013188,human,in vivo,extracellular,bulk
PA,370,817,1,SRR10013188,human,in vivo,extracellular,bulk
PA,410,478,1,SRR10013188,human,in vivo,extracellular,bulk
PA,413,1657,1,SRR10013188,human,in vivo,extracellular,bulk
PA,421,1945,53,SRR10013188,human,in vivo,extracellular,bulk
PA,423,467,1,SRR10013188,human,in vivo,extracellular,bulk
PA,432,1379,3,SRR10013188,human,in vivo,extracellular,bulk
PA,475,566,1,SRR10013188,human,in vivo,extracellular,bulk
PA,489,1057,1,SRR10013188,human,in vivo,extracellular,bulk
PA,51,201,2,SRR10013188,human,in vivo,extracellular,bulk
PA,524,1083,1,SRR10013188,human,in vivo,extracellular,bulk
PA,659,962,1,SRR10013188,human,in vivo,extracellular,bulk
PA,664,1747,7,SRR10013188,human,in vivo,extracellular,bulk
PA,67,92,5,SRR10013188,human,in vivo,extracellular,bulk
PA,776,1447,2,SRR10013188,human,in vivo,extracellular,bulk
PA,805,1926,1,SRR10013188,human,in vivo,extracellular,bulk
PA,810,1635,1,SRR10013188,human,in vivo,extracellular,bulk
PA,85,1152,1,SRR10013188,human,in vivo,extracellular,bulk
PA,890,1647,1,SRR10013188,human,in vivo,extracellular,bulk
PA,894,1484,2,SRR10013188,human,in vivo,extracellular,bulk
HA,1299,1339,1,SRR10013188,human,in vivo,extracellular,bulk
HA,1496,1672,1,SRR10013188,human,in vivo,extracellular,bulk
HA,362,1527,1,SRR10013188,human,in vivo,extracellular,bulk
HA,39,968,2,SRR10013188,human,in vivo,extracellular,bulk
HA,803,1806,1,SRR10013188,human,in vivo,extracellular,bulk
HA,805,1096,1,SRR10013188,human,in vivo,extracellular,bulk
HA,899,1205,1,SRR10013188,human,in vivo,extracellular,bulk
NP,1046,1309,2,SRR10013188,human,in vivo,extracellular,bulk
NP,188,1498,9,SRR10013188,human,in vivo,extracellular,bulk
NP,478,1553,1,SRR10013188,human,in vivo,extracellular,bulk
NP,497,1294,1,SRR10013188,human,in vivo,extracellular,bulk
NP,716,1128,2,SRR10013188,human,in vivo,extracellular,bulk
NP,737,1298,2,SRR10013188,human,in vivo,extracellular,bulk
NP,737,943,1,SRR10013188,human,in vivo,extracellular,bulk
NP,85,1643,8,SRR10013188,human,in vivo,extracellular,bulk
NP,965,1114,1,SRR10013188,human,in vivo,extracellular,bulk
NA,1008,1455,1,SRR10013188,human,in vivo,extracellular,bulk
NA,104,1387,1,SRR10013188,human,in vivo,extracellular,bulk
NA,231,434,1,SRR10013188,human,in vivo,extracellular,bulk
NA,435,886,1,SRR10013188,human,in vivo,extracellular,bulk
NA,476,1470,1,SRR10013188,human,in vivo,extracellular,bulk
NA,518,1388,1,SRR10013188,human,in vivo,extracellular,bulk
NA,542,631,1,SRR10013188,human,in vivo,extracellular,bulk
NA,547,955,1,SRR10013188,human,in vivo,extracellular,bulk
NA,600,1281,1,SRR10013188,human,in vivo,extracellular,bulk
NA,651,1254,1,SRR10013188,human,in vivo,extracellular,bulk
NA,741,804,1,SRR10013188,human,in vivo,extracellular,bulk
NA,793,943,1,SRR10013188,human,in vivo,extracellular,bulk
M,117,230,1,SRR10013188,human,in vivo,extracellular,bulk
M,156,234,1,SRR10013188,human,in vivo,extracellular,bulk
M,157,231,1,SRR10013188,human,in vivo,extracellular,bulk
M,167,1063,1,SRR10013188,human,in vivo,extracellular,bulk
M,173,211,1,SRR10013188,human,in vivo,extracellular,bulk
M,584,1162,1,SRR10013188,human,in vivo,extracellular,bulk
M,662,1016,1,SRR10013188,human,in vivo,extracellular,bulk
M,74,686,1,SRR10013188,human,in vivo,extracellular,bulk
M,83,696,1,SRR10013188,human,in vivo,extracellular,bulk
M,927,1079,1,SRR10013188,human,in vivo,extracellular,bulk
M,952,992,1,SRR10013188,human,in vivo,extracellular,bulk
M,95,627,1,SRR10013188,human,in vivo,extracellular,bulk
NS,727,861,1,SRR10013188,human,in vivo,extracellular,bulk
PB1,1003,2058,4,SRR10013094,human,in vivo,extracellular,bulk
PB1,120,2180,1,SRR10013094,human,in vivo,extracellular,bulk
PB1,121,2185,5,SRR10013094,human,in vivo,extracellular,bulk
PB1,124,1643,1,SRR10013094,human,in vivo,extracellular,bulk
PB1,130,2023,4,SRR10013094,human,in vivo,extracellular,bulk
PB1,1388,1422,1,SRR10013094,human,in vivo,extracellular,bulk
PB1,1591,2228,1,SRR10013094,human,in vivo,extracellular,bulk
PB1,161,2156,5,SRR10013094,human,in vivo,extracellular,bulk
PB1,166,1727,7,SRR10013094,human,in vivo,extracellular,bulk
PB1,170,2103,6,SRR10013094,human,in vivo,extracellular,bulk
PB1,1773,2016,1,SRR10013094,human,in vivo,extracellular,bulk
PB1,1944,2189,1,SRR10013094,human,in vivo,extracellular,bulk
PB1,239,2058,2,SRR10013094,human,in vivo,extracellular,bulk
PB1,242,2113,1,SRR10013094,human,in vivo,extracellular,bulk
PB1,284,2257,3,SRR10013094,human,in vivo,extracellular,bulk
PB1,287,1658,4,SRR10013094,human,in vivo,extracellular,bulk
PB1,288,2040,2,SRR10013094,human,in vivo,extracellular,bulk
PB1,288,601,1,SRR10013094,human,in vivo,extracellular,bulk
PB1,293,2112,1,SRR10013094,human,in vivo,extracellular,bulk
PB1,297,2019,8,SRR10013094,human,in vivo,extracellular,bulk
PB1,297,2047,5,SRR10013094,human,in vivo,extracellular,bulk
PB1,300,1935,86,SRR10013094,human,in vivo,extracellular,bulk
PB1,300,2064,38,SRR10013094,human,in vivo,extracellular,bulk
PB1,309,2206,1,SRR10013094,human,in vivo,extracellular,bulk
PB1,310,1994,77,SRR10013094,human,in vivo,extracellular,bulk
PB1,310,2195,3,SRR10013094,human,in vivo,extracellular,bulk
PB1,311,2027,1,SRR10013094,human,in vivo,extracellular,bulk
PB1,311,2041,38,SRR10013094,human,in vivo,extracellular,bulk
PB1,311,2057,14,SRR10013094,human,in vivo,extracellular,bulk
PB1,311,2073,1,SRR10013094,human,in vivo,extracellular,bulk
PB1,327,2003,3,SRR10013094,human,in vivo,extracellular,bulk
PB1,330,2118,3,SRR10013094,human,in vivo,extracellular,bulk
PB1,332,1998,10,SRR10013094,human,in vivo,extracellular,bulk
PB1,333,2075,2,SRR10013094,human,in vivo,extracellular,bulk
PB1,337,1949,1,SRR10013094,human,in vivo,extracellular,bulk
PB1,347,1945,1,SRR10013094,human,in vivo,extracellular,bulk
PB1,348,1718,1,SRR10013094,human,in vivo,extracellular,bulk
PB1,348,1988,1,SRR10013094,human,in vivo,extracellular,bulk
PB1,355,1998,8,SRR10013094,human,in vivo,extracellular,bulk
PB1,356,2193,1,SRR10013094,human,in vivo,extracellular,bulk
PB1,358,1710,1,SRR10013094,human,in vivo,extracellular,bulk
PB1,359,2169,1,SRR10013094,human,in vivo,extracellular,bulk
PB1,361,2170,3,SRR10013094,human,in vivo,extracellular,bulk
PB1,363,2156,33,SRR10013094,human,in vivo,extracellular,bulk
PB1,363,2203,2,SRR10013094,human,in vivo,extracellular,bulk
PB1,366,2029,2,SRR10013094,human,in vivo,extracellular,bulk
PB1,372,2110,10,SRR10013094,human,in vivo,extracellular,bulk
PB1,374,2122,1,SRR10013094,human,in vivo,extracellular,bulk
PB1,376,2028,11,SRR10013094,human,in vivo,extracellular,bulk
PB1,399,2267,1,SRR10013094,human,in vivo,extracellular,bulk
PB1,402,1912,4,SRR10013094,human,in vivo,extracellular,bulk
PB1,404,1919,1,SRR10013094,human,in vivo,extracellular,bulk
PB1,417,1817,1,SRR10013094,human,in vivo,extracellular,bulk
PB1,417,1980,7,SRR10013094,human,in vivo,extracellular,bulk
PB1,418,2282,2,SRR10013094,human,in vivo,extracellular,bulk
PB1,421,1929,2,SRR10013094,human,in vivo,extracellular,bulk
PB1,427,1865,5,SRR10013094,human,in vivo,extracellular,bulk
PB1,430,1993,2,SRR10013094,human,in vivo,extracellular,bulk
PB1,433,2158,1,SRR10013094,human,in vivo,extracellular,bulk
PB1,433,969,1,SRR10013094,human,in vivo,extracellular,bulk
PB1,436,1737,21,SRR10013094,human,in vivo,extracellular,bulk
PB1,438,2163,1,SRR10013094,human,in vivo,extracellular,bulk
PB1,439,1999,22,SRR10013094,human,in vivo,extracellular,bulk
PB1,441,2102,1,SRR10013094,human,in vivo,extracellular,bulk
PB1,443,1647,1,SRR10013094,human,in vivo,extracellular,bulk
PB1,444,1796,2,SRR10013094,human,in vivo,extracellular,bulk
PB1,447,1944,5,SRR10013094,human,in vivo,extracellular,bulk
PB1,457,1604,1,SRR10013094,human,in vivo,extracellular,bulk
PB1,458,2189,3,SRR10013094,human,in vivo,extracellular,bulk
PB1,462,1766,2,SRR10013094,human,in vivo,extracellular,bulk
PB1,505,1755,3,SRR10013094,human,in vivo,extracellular,bulk
PB1,515,1790,1,SRR10013094,human,in vivo,extracellular,bulk
PB1,521,1738,4,SRR10013094,human,in vivo,extracellular,bulk
PB1,530,1674,3,SRR10013094,human,in vivo,extracellular,bulk
PB1,532,1817,6,SRR10013094,human,in vivo,extracellular,bulk
PB1,534,1768,16,SRR10013094,human,in vivo,extracellular,bulk
PB1,534,1922,1,SRR10013094,human,in vivo,extracellular,bulk
PB1,536,1853,2,SRR10013094,human,in vivo,extracellular,bulk
PB1,540,2024,14,SRR10013094,human,in vivo,extracellular,bulk
PB1,542,1852,7,SRR10013094,human,in vivo,extracellular,bulk
PB1,542,1859,3,SRR10013094,human,in vivo,extracellular,bulk
PB1,542,1863,1,SRR10013094,human,in vivo,extracellular,bulk
PB1,543,1782,2,SRR10013094,human,in vivo,extracellular,bulk
PB1,544,1782,1,SRR10013094,human,in vivo,extracellular,bulk
PB1,579,1737,1,SRR10013094,human,in vivo,extracellular,bulk
PB1,580,1815,2,SRR10013094,human,in vivo,extracellular,bulk
PB1,582,1835,7,SRR10013094,human,in vivo,extracellular,bulk
PB1,588,1844,1,SRR10013094,human,in vivo,extracellular,bulk
PB1,589,1742,7,SRR10013094,human,in vivo,extracellular,bulk
PB1,590,1780,5,SRR10013094,human,in vivo,extracellular,bulk
PB1,597,1776,4,SRR10013094,human,in vivo,extracellular,bulk
PB1,608,1577,1,SRR10013094,human,in vivo,extracellular,bulk
PB1,612,1788,1,SRR10013094,human,in vivo,extracellular,bulk
PB1,613,1782,6,SRR10013094,human,in vivo,extracellular,bulk
PB1,619,1352,1,SRR10013094,human,in vivo,extracellular,bulk
PB1,622,1766,1,SRR10013094,human,in vivo,extracellular,bulk
PB1,623,1723,3,SRR10013094,human,in vivo,extracellular,bulk
PB1,627,1727,1,SRR10013094,human,in vivo,extracellular,bulk
PB1,633,1747,2,SRR10013094,human,in vivo,extracellular,bulk
PB1,634,1767,6,SRR10013094,human,in vivo,extracellular,bulk
PB1,640,1601,1,SRR10013094,human,in vivo,extracellular,bulk
PB1,642,1741,4,SRR10013094,human,in vivo,extracellular,bulk
PB1,649,1737,2,SRR10013094,human,in vivo,extracellular,bulk
PB1,652,1747,6,SRR10013094,human,in vivo,extracellular,bulk
PB1,653,1632,3,SRR10013094,human,in vivo,extracellular,bulk
PB1,653,1777,3,SRR10013094,human,in vivo,extracellular,bulk
PB1,687,1841,4,SRR10013094,human,in vivo,extracellular,bulk
PB1,693,1695,7,SRR10013094,human,in vivo,extracellular,bulk
PB1,715,1565,4,SRR10013094,human,in vivo,extracellular,bulk
PB1,715,1587,1,SRR10013094,human,in vivo,extracellular,bulk
PB1,720,1574,4,SRR10013094,human,in vivo,extracellular,bulk
PB1,725,1592,1,SRR10013094,human,in vivo,extracellular,bulk
PB1,728,1555,3,SRR10013094,human,in vivo,extracellular,bulk
PB1,729,1558,4,SRR10013094,human,in vivo,extracellular,bulk
PB1,738,1613,2,SRR10013094,human,in vivo,extracellular,bulk
PB1,739,1778,1,SRR10013094,human,in vivo,extracellular,bulk
PB1,744,1901,5,SRR10013094,human,in vivo,extracellular,bulk
PB1,791,1597,21,SRR10013094,human,in vivo,extracellular,bulk
PB1,79,1305,1,SRR10013094,human,in vivo,extracellular,bulk
PB1,818,1573,2,SRR10013094,human,in vivo,extracellular,bulk
PB1,819,1606,4,SRR10013094,human,in vivo,extracellular,bulk
PB1,819,1608,2,SRR10013094,human,in vivo,extracellular,bulk
PB1,828,1578,4,SRR10013094,human,in vivo,extracellular,bulk
PB1,829,1596,4,SRR10013094,human,in vivo,extracellular,bulk
PB1,85,2155,2,SRR10013094,human,in vivo,extracellular,bulk
PB1,867,1540,13,SRR10013094,human,in vivo,extracellular,bulk
PB1,878,1466,1,SRR10013094,human,in vivo,extracellular,bulk
PB1,894,1573,1,SRR10013094,human,in vivo,extracellular,bulk
PB1,896,1576,2,SRR10013094,human,in vivo,extracellular,bulk
PB1,907,1808,1,SRR10013094,human,in vivo,extracellular,bulk
PB1,953,1128,1,SRR10013094,human,in vivo,extracellular,bulk
PB1,977,1258,3,SRR10013094,human,in vivo,extracellular,bulk
PB2,1040,1388,1,SRR10013094,human,in vivo,extracellular,bulk
PB2,1470,2313,1,SRR10013094,human,in vivo,extracellular,bulk
PB2,159,1506,5,SRR10013094,human,in vivo,extracellular,bulk
PB2,159,2124,8,SRR10013094,human,in vivo,extracellular,bulk
PB2,163,2073,6,SRR10013094,human,in vivo,extracellular,bulk
PB2,163,2148,3,SRR10013094,human,in vivo,extracellular,bulk
PB2,164,2144,73,SRR10013094,human,in vivo,extracellular,bulk
PB2,164,2211,4,SRR10013094,human,in vivo,extracellular,bulk
PB2,164,2216,30,SRR10013094,human,in vivo,extracellular,bulk
PB2,1697,1759,3,SRR10013094,human,in vivo,extracellular,bulk
PB2,176,1360,1,SRR10013094,human,in vivo,extracellular,bulk
PB2,177,2137,5,SRR10013094,human,in vivo,extracellular,bulk
PB2,194,2123,65,SRR10013094,human,in vivo,extracellular,bulk
PB2,1984,2287,1,SRR10013094,human,in vivo,extracellular,bulk
PB2,1985,2244,1,SRR10013094,human,in vivo,extracellular,bulk
PB2,1985,2250,2,SRR10013094,human,in vivo,extracellular,bulk
PB2,2005,2297,1,SRR10013094,human,in vivo,extracellular,bulk
PB2,201,2150,2,SRR10013094,human,in vivo,extracellular,bulk
PB2,203,1943,2,SRR10013094,human,in vivo,extracellular,bulk
PB2,203,2052,8,SRR10013094,human,in vivo,extracellular,bulk
PB2,203,2208,101,SRR10013094,human,in vivo,extracellular,bulk
PB2,203,2213,1,SRR10013094,human,in vivo,extracellular,bulk
PB2,2064,2226,1,SRR10013094,human,in vivo,extracellular,bulk
PB2,2078,2302,1,SRR10013094,human,in vivo,extracellular,bulk
PB2,2083,2249,3,SRR10013094,human,in vivo,extracellular,bulk
PB2,2088,2254,1,SRR10013094,human,in vivo,extracellular,bulk
PB2,2096,2322,2,SRR10013094,human,in vivo,extracellular,bulk
PB2,2099,2215,1,SRR10013094,human,in vivo,extracellular,bulk
PB2,217,2050,1,SRR10013094,human,in vivo,extracellular,bulk
PB2,2224,2250,1,SRR10013094,human,in vivo,extracellular,bulk
PB2,2241,2265,6,SRR10013094,human,in vivo,extracellular,bulk
PB2,231,2022,1,SRR10013094,human,in vivo,extracellular,bulk
PB2,236,2229,1,SRR10013094,human,in vivo,extracellular,bulk
PB2,238,2137,28,SRR10013094,human,in vivo,extracellular,bulk
PB2,238,2210,1,SRR10013094,human,in vivo,extracellular,bulk
PB2,240,2333,1,SRR10013094,human,in vivo,extracellular,bulk
PB2,241,2213,3,SRR10013094,human,in vivo,extracellular,bulk
PB2,241,2235,3,SRR10013094,human,in vivo,extracellular,bulk
PB2,242,2140,12,SRR10013094,human,in vivo,extracellular,bulk
PB2,242,2142,1,SRR10013094,human,in vivo,extracellular,bulk
PB2,243,2127,9,SRR10013094,human,in vivo,extracellular,bulk
PB2,243,2142,28,SRR10013094,human,in vivo,extracellular,bulk
PB2,244,1956,1334,SRR10013094,human,in vivo,extracellular,bulk
PB2,244,1966,2,SRR10013094,human,in vivo,extracellular,bulk
PB2,244,2041,5,SRR10013094,human,in vivo,extracellular,bulk
PB2,244,2055,54,SRR10013094,human,in vivo,extracellular,bulk
PB2,244,2058,456,SRR10013094,human,in vivo,extracellular,bulk
PB2,244,2086,37,SRR10013094,human,in vivo,extracellular,bulk
PB2,244,2125,341,SRR10013094,human,in vivo,extracellular,bulk
PB2,244,2131,20,SRR10013094,human,in vivo,extracellular,bulk
PB2,244,2135,1,SRR10013094,human,in vivo,extracellular,bulk
PB2,244,2144,177,SRR10013094,human,in vivo,extracellular,bulk
PB2,244,2153,5,SRR10013094,human,in vivo,extracellular,bulk
PB2,244,2206,83,SRR10013094,human,in vivo,extracellular,bulk
PB2,244,2216,1123,SRR10013094,human,in vivo,extracellular,bulk
PB2,244,2238,306,SRR10013094,human,in vivo,extracellular,bulk
PB2,244,2265,18,SRR10013094,human,in vivo,extracellular,bulk
PB2,245,1957,2,SRR10013094,human,in vivo,extracellular,bulk
PB2,245,2139,7,SRR10013094,human,in vivo,extracellular,bulk
PB2,245,2212,48,SRR10013094,human,in vivo,extracellular,bulk
PB2,245,2217,3,SRR10013094,human,in vivo,extracellular,bulk
PB2,249,2222,3,SRR10013094,human,in vivo,extracellular,bulk
PB2,249,2285,7,SRR10013094,human,in vivo,extracellular,bulk
PB2,252,2063,4,SRR10013094,human,in vivo,extracellular,bulk
PB2,252,2198,1,SRR10013094,human,in vivo,extracellular,bulk
PB2,254,2125,3,SRR10013094,human,in vivo,extracellular,bulk
PB2,263,2235,4,SRR10013094,human,in vivo,extracellular,bulk
PB2,265,2123,4,SRR10013094,human,in vivo,extracellular,bulk
PB2,26,2049,1,SRR10013094,human,in vivo,extracellular,bulk
PB2,270,1836,1,SRR10013094,human,in vivo,extracellular,bulk
PB2,277,2078,1,SRR10013094,human,in vivo,extracellular,bulk
PB2,283,2013,9,SRR10013094,human,in vivo,extracellular,bulk
PB2,290,1519,1,SRR10013094,human,in vivo,extracellular,bulk
PB2,291,1905,2,SRR10013094,human,in vivo,extracellular,bulk
PB2,297,2299,2,SRR10013094,human,in vivo,extracellular,bulk
PB2,303,2335,2,SRR10013094,human,in vivo,extracellular,bulk
PB2,307,2067,6,SRR10013094,human,in vivo,extracellular,bulk
PB2,308,2055,4,SRR10013094,human,in vivo,extracellular,bulk
PB2,338,2062,3,SRR10013094,human,in vivo,extracellular,bulk
PB2,347,1648,1,SRR10013094,human,in vivo,extracellular,bulk
PB2,348,1913,8,SRR10013094,human,in vivo,extracellular,bulk
PB2,349,1914,2,SRR10013094,human,in vivo,extracellular,bulk
PB2,350,2073,1,SRR10013094,human,in vivo,extracellular,bulk
PB2,351,1916,110,SRR10013094,human,in vivo,extracellular,bulk
PB2,356,1615,2,SRR10013094,human,in vivo,extracellular,bulk
PB2,357,2071,1,SRR10013094,human,in vivo,extracellular,bulk
PB2,358,1954,1,SRR10013094,human,in vivo,extracellular,bulk
PB2,369,2060,12,SRR10013094,human,in vivo,extracellular,bulk
PB2,376,1962,7,SRR10013094,human,in vivo,extracellular,bulk
PB2,393,2084,2,SRR10013094,human,in vivo,extracellular,bulk
PB2,394,1911,2,SRR10013094,human,in vivo,extracellular,bulk
PB2,394,2085,2,SRR10013094,human,in vivo,extracellular,bulk
PB2,398,1753,1,SRR10013094,human,in vivo,extracellular,bulk
PB2,401,1872,5,SRR10013094,human,in vivo,extracellular,bulk
PB2,412,1140,1,SRR10013094,human,in vivo,extracellular,bulk
PB2,427,1931,13,SRR10013094,human,in vivo,extracellular,bulk
PB2,432,2055,5,SRR10013094,human,in vivo,extracellular,bulk
PB2,457,2199,1,SRR10013094,human,in vivo,extracellular,bulk
PB2,462,2061,1,SRR10013094,human,in vivo,extracellular,bulk
PB2,469,1758,3,SRR10013094,human,in vivo,extracellular,bulk
PB2,474,1709,1,SRR10013094,human,in vivo,extracellular,bulk
PB2,499,1786,1,SRR10013094,human,in vivo,extracellular,bulk
PB2,500,1914,2,SRR10013094,human,in vivo,extracellular,bulk
PB2,501,1918,1,SRR10013094,human,in vivo,extracellular,bulk
PB2,50,2125,2,SRR10013094,human,in vivo,extracellular,bulk
PB2,510,1787,1,SRR10013094,human,in vivo,extracellular,bulk
PB2,522,1749,3,SRR10013094,human,in vivo,extracellular,bulk
PB2,551,2086,1,SRR10013094,human,in vivo,extracellular,bulk
PB2,572,1789,1,SRR10013094,human,in vivo,extracellular,bulk
PB2,581,2063,1,SRR10013094,human,in vivo,extracellular,bulk
PB2,596,1694,1,SRR10013094,human,in vivo,extracellular,bulk
PB2,598,2059,1,SRR10013094,human,in vivo,extracellular,bulk
PB2,601,1764,5,SRR10013094,human,in vivo,extracellular,bulk
PB2,602,1710,1,SRR10013094,human,in vivo,extracellular,bulk
PB2,607,1854,12,SRR10013094,human,in vivo,extracellular,bulk
PB2,608,1791,1,SRR10013094,human,in vivo,extracellular,bulk
PB2,610,2070,3,SRR10013094,human,in vivo,extracellular,bulk
PB2,612,1772,1,SRR10013094,human,in vivo,extracellular,bulk
PB2,615,2084,1,SRR10013094,human,in vivo,extracellular,bulk
PB2,634,1634,1,SRR10013094,human,in vivo,extracellular,bulk
PB2,643,1631,3,SRR10013094,human,in vivo,extracellular,bulk
PB2,64,125,1,SRR10013094,human,in vivo,extracellular,bulk
PB2,67,129,134,SRR10013094,human,in vivo,extracellular,bulk
PB2,698,1282,1,SRR10013094,human,in vivo,extracellular,bulk
PB2,708,1740,4,SRR10013094,human,in vivo,extracellular,bulk
PB2,708,2123,21,SRR10013094,human,in vivo,extracellular,bulk
PB2,724,1681,1,SRR10013094,human,in vivo,extracellular,bulk
PB2,729,1768,4,SRR10013094,human,in vivo,extracellular,bulk
PB2,732,1688,1,SRR10013094,human,in vivo,extracellular,bulk
PB2,744,1620,1,SRR10013094,human,in vivo,extracellular,bulk
PB2,747,1759,4,SRR10013094,human,in vivo,extracellular,bulk
PB2,80,1631,1,SRR10013094,human,in vivo,extracellular,bulk
PB2,84,1770,1,SRR10013094,human,in vivo,extracellular,bulk
PB2,872,1049,1,SRR10013094,human,in vivo,extracellular,bulk
PB2,872,1441,7,SRR10013094,human,in vivo,extracellular,bulk
PB2,87,2136,50,SRR10013094,human,in vivo,extracellular,bulk
PA,102,171,34,SRR10013094,human,in vivo,extracellular,bulk
PA,104,1904,1,SRR10013094,human,in vivo,extracellular,bulk
PA,109,1199,1,SRR10013094,human,in vivo,extracellular,bulk
PA,1228,2034,1,SRR10013094,human,in vivo,extracellular,bulk
PA,162,2042,6,SRR10013094,human,in vivo,extracellular,bulk
PA,172,1760,4,SRR10013094,human,in vivo,extracellular,bulk
PA,172,1940,7,SRR10013094,human,in vivo,extracellular,bulk
PA,174,2044,270,SRR10013094,human,in vivo,extracellular,bulk
PA,175,2046,1,SRR10013094,human,in vivo,extracellular,bulk
PA,1882,1904,1,SRR10013094,human,in vivo,extracellular,bulk
PA,209,1438,1,SRR10013094,human,in vivo,extracellular,bulk
PA,209,1926,1,SRR10013094,human,in vivo,extracellular,bulk
PA,209,2088,4,SRR10013094,human,in vivo,extracellular,bulk
PA,212,2079,1,SRR10013094,human,in vivo,extracellular,bulk
PA,214,1630,7,SRR10013094,human,in vivo,extracellular,bulk
PA,221,2034,1,SRR10013094,human,in vivo,extracellular,bulk
PA,227,1516,1,SRR10013094,human,in vivo,extracellular,bulk
PA,229,2041,1,SRR10013094,human,in vivo,extracellular,bulk
PA,230,2042,15,SRR10013094,human,in vivo,extracellular,bulk
PA,244,1938,1,SRR10013094,human,in vivo,extracellular,bulk
PA,259,1929,1,SRR10013094,human,in vivo,extracellular,bulk
PA,263,2044,10,SRR10013094,human,in vivo,extracellular,bulk
PA,272,1855,1,SRR10013094,human,in vivo,extracellular,bulk
PA,275,1938,10,SRR10013094,human,in vivo,extracellular,bulk
PA,276,1474,6,SRR10013094,human,in vivo,extracellular,bulk
PA,278,2076,3,SRR10013094,human,in vivo,extracellular,bulk
PA,282,1770,12,SRR10013094,human,in vivo,extracellular,bulk
PA,308,2029,9,SRR10013094,human,in vivo,extracellular,bulk
PA,312,402,1,SRR10013094,human,in vivo,extracellular,bulk
PA,314,2063,2,SRR10013094,human,in vivo,extracellular,bulk
PA,328,1848,1,SRR10013094,human,in vivo,extracellular,bulk
PA,338,1827,2,SRR10013094,human,in vivo,extracellular,bulk
PA,362,1824,1,SRR10013094,human,in vivo,extracellular,bulk
PA,367,1857,5,SRR10013094,human,in vivo,extracellular,bulk
PA,367,2034,3,SRR10013094,human,in vivo,extracellular,bulk
PA,370,1826,2,SRR10013094,human,in vivo,extracellular,bulk
PA,411,1793,1,SRR10013094,human,in vivo,extracellular,bulk
PA,421,1857,1,SRR10013094,human,in vivo,extracellular,bulk
PA,42,66,1,SRR10013094,human,in vivo,extracellular,bulk
PA,42,88,9,SRR10013094,human,in vivo,extracellular,bulk
PA,44,1826,2,SRR10013094,human,in vivo,extracellular,bulk
PA,457,1860,7,SRR10013094,human,in vivo,extracellular,bulk
PA,461,1746,1,SRR10013094,human,in vivo,extracellular,bulk
PA,461,1785,1,SRR10013094,human,in vivo,extracellular,bulk
PA,477,1763,1,SRR10013094,human,in vivo,extracellular,bulk
PA,478,1857,7,SRR10013094,human,in vivo,extracellular,bulk
PA,480,1825,15,SRR10013094,human,in vivo,extracellular,bulk
PA,481,1815,2,SRR10013094,human,in vivo,extracellular,bulk
PA,48,83,1,SRR10013094,human,in vivo,extracellular,bulk
PA,498,1733,1,SRR10013094,human,in vivo,extracellular,bulk
PA,498,1921,2,SRR10013094,human,in vivo,extracellular,bulk
PA,511,1808,1,SRR10013094,human,in vivo,extracellular,bulk
PA,514,1822,1,SRR10013094,human,in vivo,extracellular,bulk
PA,524,1709,2,SRR10013094,human,in vivo,extracellular,bulk
PA,526,619,1,SRR10013094,human,in vivo,extracellular,bulk
PA,539,1711,11,SRR10013094,human,in vivo,extracellular,bulk
PA,573,1582,1,SRR10013094,human,in vivo,extracellular,bulk
PA,575,1837,1,SRR10013094,human,in vivo,extracellular,bulk
PA,611,1561,1,SRR10013094,human,in vivo,extracellular,bulk
PA,616,1758,1,SRR10013094,human,in vivo,extracellular,bulk
PA,618,1838,11,SRR10013094,human,in vivo,extracellular,bulk
PA,61,108,2,SRR10013094,human,in vivo,extracellular,bulk
PA,61,1605,1,SRR10013094,human,in vivo,extracellular,bulk
PA,630,1530,3,SRR10013094,human,in vivo,extracellular,bulk
PA,635,1521,3,SRR10013094,human,in vivo,extracellular,bulk
PA,63,103,7,SRR10013094,human,in vivo,extracellular,bulk
PA,63,110,224,SRR10013094,human,in vivo,extracellular,bulk
PA,63,491,1,SRR10013094,human,in vivo,extracellular,bulk
PA,63,90,3,SRR10013094,human,in vivo,extracellular,bulk
PA,63,96,2,SRR10013094,human,in vivo,extracellular,bulk
PA,648,1662,1,SRR10013094,human,in vivo,extracellular,bulk
PA,649,1963,12,SRR10013094,human,in vivo,extracellular,bulk
PA,653,1704,3,SRR10013094,human,in vivo,extracellular,bulk
PA,670,1653,6,SRR10013094,human,in vivo,extracellular,bulk
PA,68,1861,3,SRR10013094,human,in vivo,extracellular,bulk
PA,69,1072,1,SRR10013094,human,in vivo,extracellular,bulk
PA,715,1681,4,SRR10013094,human,in vivo,extracellular,bulk
PA,72,1468,1,SRR10013094,human,in vivo,extracellular,bulk
PA,74,2071,8,SRR10013094,human,in vivo,extracellular,bulk
PA,75,1461,1,SRR10013094,human,in vivo,extracellular,bulk
PA,76,1496,1,SRR10013094,human,in vivo,extracellular,bulk
PA,777,2068,1,SRR10013094,human,in vivo,extracellular,bulk
PA,783,2102,1,SRR10013094,human,in vivo,extracellular,bulk
PA,800,1528,1,SRR10013094,human,in vivo,extracellular,bulk
PA,807,1738,1,SRR10013094,human,in vivo,extracellular,bulk
PA,932,1153,1,SRR10013094,human,in vivo,extracellular,bulk
PA,943,1940,1,SRR10013094,human,in vivo,extracellular,bulk
PA,96,1625,35,SRR10013094,human,in vivo,extracellular,bulk
PA,97,1500,13,SRR10013094,human,in vivo,extracellular,bulk
HA,1191,1287,1,SRR10013094,human,in vivo,extracellular,bulk
HA,1212,1465,1,SRR10013094,human,in vivo,extracellular,bulk
HA,1501,1724,1,SRR10013094,human,in vivo,extracellular,bulk
HA,220,466,1,SRR10013094,human,in vivo,extracellular,bulk
HA,234,1645,3,SRR10013094,human,in vivo,extracellular,bulk
HA,28,1269,1,SRR10013094,human,in vivo,extracellular,bulk
HA,375,1628,12,SRR10013094,human,in vivo,extracellular,bulk
HA,562,1285,1,SRR10013094,human,in vivo,extracellular,bulk
HA,880,1558,1,SRR10013094,human,in vivo,extracellular,bulk
HA,899,1205,1,SRR10013094,human,in vivo,extracellular,bulk
NP,101,1584,1,SRR10013094,human,in vivo,extracellular,bulk
NP,139,1462,3,SRR10013094,human,in vivo,extracellular,bulk
NP,219,1477,2,SRR10013094,human,in vivo,extracellular,bulk
NP,231,1500,1,SRR10013094,human,in vivo,extracellular,bulk
NP,270,1274,2,SRR10013094,human,in vivo,extracellular,bulk
NA,1037,1118,2,SRR10013094,human,in vivo,extracellular,bulk
NA,1184,1318,1,SRR10013094,human,in vivo,extracellular,bulk
NA,119,1299,1,SRR10013094,human,in vivo,extracellular,bulk
NA,123,1322,6,SRR10013094,human,in vivo,extracellular,bulk
NA,124,1326,1,SRR10013094,human,in vivo,extracellular,bulk
NA,342,1187,1,SRR10013094,human,in vivo,extracellular,bulk
NA,403,1087,1,SRR10013094,human,in vivo,extracellular,bulk
NA,619,1220,1,SRR10013094,human,in vivo,extracellular,bulk
M,215,738,3,SRR10013094,human,in vivo,extracellular,bulk
M,269,914,1,SRR10013094,human,in vivo,extracellular,bulk
M,270,668,1,SRR10013094,human,in vivo,extracellular,bulk
M,339,615,1,SRR10013094,human,in vivo,extracellular,bulk
M,371,699,1,SRR10013094,human,in vivo,extracellular,bulk
M,373,777,1,SRR10013094,human,in vivo,extracellular,bulk
M,393,638,2,SRR10013094,human,in vivo,extracellular,bulk
M,458,777,1,SRR10013094,human,in vivo,extracellular,bulk
M,630,733,1,SRR10013094,human,in vivo,extracellular,bulk
M,662,1016,2,SRR10013094,human,in vivo,extracellular,bulk
M,68,139,2,SRR10013094,human,in vivo,extracellular,bulk
M,711,822,1,SRR10013094,human,in vivo,extracellular,bulk
M,74,686,1,SRR10013094,human,in vivo,extracellular,bulk
M,83,696,2,SRR10013094,human,in vivo,extracellular,bulk
M,86,1038,1,SRR10013094,human,in vivo,extracellular,bulk
M,99,583,1,SRR10013094,human,in vivo,extracellular,bulk
NS,742,791,1,SRR10013094,human,in vivo,extracellular,bulk
PB1,1170,2242,1,SRR10013178,human,in vivo,extracellular,bulk
PB1,121,2185,7,SRR10013178,human,in vivo,extracellular,bulk
PB1,130,2023,7,SRR10013178,human,in vivo,extracellular,bulk
PB1,161,2156,2,SRR10013178,human,in vivo,extracellular,bulk
PB1,1631,2192,1,SRR10013178,human,in vivo,extracellular,bulk
PB1,165,1452,1,SRR10013178,human,in vivo,extracellular,bulk
PB1,166,1727,5,SRR10013178,human,in vivo,extracellular,bulk
PB1,1733,2246,1,SRR10013178,human,in vivo,extracellular,bulk
PB1,175,2033,4,SRR10013178,human,in vivo,extracellular,bulk
PB1,176,1770,2,SRR10013178,human,in vivo,extracellular,bulk
PB1,289,1990,9,SRR10013178,human,in vivo,extracellular,bulk
PB1,290,2005,1,SRR10013178,human,in vivo,extracellular,bulk
PB1,297,2019,3,SRR10013178,human,in vivo,extracellular,bulk
PB1,300,1935,60,SRR10013178,human,in vivo,extracellular,bulk
PB1,300,2064,44,SRR10013178,human,in vivo,extracellular,bulk
PB1,301,1946,1,SRR10013178,human,in vivo,extracellular,bulk
PB1,310,1994,18,SRR10013178,human,in vivo,extracellular,bulk
PB1,310,2195,7,SRR10013178,human,in vivo,extracellular,bulk
PB1,311,2041,7,SRR10013178,human,in vivo,extracellular,bulk
PB1,311,2057,3,SRR10013178,human,in vivo,extracellular,bulk
PB1,326,2059,1,SRR10013178,human,in vivo,extracellular,bulk
PB1,329,1788,1,SRR10013178,human,in vivo,extracellular,bulk
PB1,330,2118,1,SRR10013178,human,in vivo,extracellular,bulk
PB1,332,1998,6,SRR10013178,human,in vivo,extracellular,bulk
PB1,337,1796,1,SRR10013178,human,in vivo,extracellular,bulk
PB1,347,1843,1,SRR10013178,human,in vivo,extracellular,bulk
PB1,348,1718,1,SRR10013178,human,in vivo,extracellular,bulk
PB1,355,1800,1,SRR10013178,human,in vivo,extracellular,bulk
PB1,356,1680,1,SRR10013178,human,in vivo,extracellular,bulk
PB1,356,2193,1,SRR10013178,human,in vivo,extracellular,bulk
PB1,356,2211,4,SRR10013178,human,in vivo,extracellular,bulk
PB1,363,2156,17,SRR10013178,human,in vivo,extracellular,bulk
PB1,363,2203,5,SRR10013178,human,in vivo,extracellular,bulk
PB1,367,1868,3,SRR10013178,human,in vivo,extracellular,bulk
PB1,367,2056,1,SRR10013178,human,in vivo,extracellular,bulk
PB1,372,2110,7,SRR10013178,human,in vivo,extracellular,bulk
PB1,376,2028,4,SRR10013178,human,in vivo,extracellular,bulk
PB1,396,1935,5,SRR10013178,human,in vivo,extracellular,bulk
PB1,402,1912,3,SRR10013178,human,in vivo,extracellular,bulk
PB1,417,1914,1,SRR10013178,human,in vivo,extracellular,bulk
PB1,417,1980,3,SRR10013178,human,in vivo,extracellular,bulk
PB1,426,1840,2,SRR10013178,human,in vivo,extracellular,bulk
PB1,427,1865,1,SRR10013178,human,in vivo,extracellular,bulk
PB1,436,1737,16,SRR10013178,human,in vivo,extracellular,bulk
PB1,439,1999,12,SRR10013178,human,in vivo,extracellular,bulk
PB1,443,1647,1,SRR10013178,human,in vivo,extracellular,bulk
PB1,445,1848,1,SRR10013178,human,in vivo,extracellular,bulk
PB1,447,1944,5,SRR10013178,human,in vivo,extracellular,bulk
PB1,450,1779,1,SRR10013178,human,in vivo,extracellular,bulk
PB1,458,2189,1,SRR10013178,human,in vivo,extracellular,bulk
PB1,501,2204,1,SRR10013178,human,in vivo,extracellular,bulk
PB1,534,2008,4,SRR10013178,human,in vivo,extracellular,bulk
PB1,540,2024,4,SRR10013178,human,in vivo,extracellular,bulk
PB1,542,1852,1,SRR10013178,human,in vivo,extracellular,bulk
PB1,542,1859,4,SRR10013178,human,in vivo,extracellular,bulk
PB1,594,1799,4,SRR10013178,human,in vivo,extracellular,bulk
PB1,597,1776,1,SRR10013178,human,in vivo,extracellular,bulk
PB1,598,1738,3,SRR10013178,human,in vivo,extracellular,bulk
PB1,613,1782,4,SRR10013178,human,in vivo,extracellular,bulk
PB1,615,1783,3,SRR10013178,human,in vivo,extracellular,bulk
PB1,622,1766,5,SRR10013178,human,in vivo,extracellular,bulk
PB1,623,1723,2,SRR10013178,human,in vivo,extracellular,bulk
PB1,628,1944,1,SRR10013178,human,in vivo,extracellular,bulk
PB1,633,1745,1,SRR10013178,human,in vivo,extracellular,bulk
PB1,633,1979,1,SRR10013178,human,in vivo,extracellular,bulk
PB1,638,1738,3,SRR10013178,human,in vivo,extracellular,bulk
PB1,641,1576,1,SRR10013178,human,in vivo,extracellular,bulk
PB1,649,1737,2,SRR10013178,human,in vivo,extracellular,bulk
PB1,651,1923,4,SRR10013178,human,in vivo,extracellular,bulk
PB1,653,1726,2,SRR10013178,human,in vivo,extracellular,bulk
PB1,716,1680,1,SRR10013178,human,in vivo,extracellular,bulk
PB1,720,1574,3,SRR10013178,human,in vivo,extracellular,bulk
PB1,724,1643,2,SRR10013178,human,in vivo,extracellular,bulk
PB1,727,1765,1,SRR10013178,human,in vivo,extracellular,bulk
PB1,742,1735,2,SRR10013178,human,in vivo,extracellular,bulk
PB1,744,1901,4,SRR10013178,human,in vivo,extracellular,bulk
PB1,767,2216,1,SRR10013178,human,in vivo,extracellular,bulk
PB1,776,1540,2,SRR10013178,human,in vivo,extracellular,bulk
PB1,791,1597,2,SRR10013178,human,in vivo,extracellular,bulk
PB1,794,1477,1,SRR10013178,human,in vivo,extracellular,bulk
PB1,794,1495,4,SRR10013178,human,in vivo,extracellular,bulk
PB1,798,1555,1,SRR10013178,human,in vivo,extracellular,bulk
PB1,799,983,2,SRR10013178,human,in vivo,extracellular,bulk
PB1,848,1607,1,SRR10013178,human,in vivo,extracellular,bulk
PB1,867,1540,4,SRR10013178,human,in vivo,extracellular,bulk
PB1,875,1702,1,SRR10013178,human,in vivo,extracellular,bulk
PB1,895,1586,1,SRR10013178,human,in vivo,extracellular,bulk
PB1,952,1486,1,SRR10013178,human,in vivo,extracellular,bulk
PB1,978,2108,1,SRR10013178,human,in vivo,extracellular,bulk
PB1,995,1489,1,SRR10013178,human,in vivo,extracellular,bulk
PB2,1102,1751,1,SRR10013178,human,in vivo,extracellular,bulk
PB2,1145,2195,1,SRR10013178,human,in vivo,extracellular,bulk
PB2,1204,1549,1,SRR10013178,human,in vivo,extracellular,bulk
PB2,1207,2251,1,SRR10013178,human,in vivo,extracellular,bulk
PB2,1265,1746,1,SRR10013178,human,in vivo,extracellular,bulk
PB2,1307,1800,1,SRR10013178,human,in vivo,extracellular,bulk
PB2,1317,1503,1,SRR10013178,human,in vivo,extracellular,bulk
PB2,1415,2321,2,SRR10013178,human,in vivo,extracellular,bulk
PB2,1424,1605,1,SRR10013178,human,in vivo,extracellular,bulk
PB2,1475,1530,1,SRR10013178,human,in vivo,extracellular,bulk
PB2,149,2148,1,SRR10013178,human,in vivo,extracellular,bulk
PB2,159,2124,7,SRR10013178,human,in vivo,extracellular,bulk
PB2,163,2073,2,SRR10013178,human,in vivo,extracellular,bulk
PB2,164,2144,29,SRR10013178,human,in vivo,extracellular,bulk
PB2,164,2211,1,SRR10013178,human,in vivo,extracellular,bulk
PB2,164,2216,18,SRR10013178,human,in vivo,extracellular,bulk
PB2,1726,1767,1,SRR10013178,human,in vivo,extracellular,bulk
PB2,177,2137,3,SRR10013178,human,in vivo,extracellular,bulk
PB2,178,2142,1,SRR10013178,human,in vivo,extracellular,bulk
PB2,194,2123,56,SRR10013178,human,in vivo,extracellular,bulk
PB2,1963,2214,1,SRR10013178,human,in vivo,extracellular,bulk
PB2,1968,2067,1,SRR10013178,human,in vivo,extracellular,bulk
PB2,1984,2084,1,SRR10013178,human,in vivo,extracellular,bulk
PB2,203,2123,4,SRR10013178,human,in vivo,extracellular,bulk
PB2,203,2208,58,SRR10013178,human,in vivo,extracellular,bulk
PB2,203,2239,5,SRR10013178,human,in vivo,extracellular,bulk
PB2,2085,2204,1,SRR10013178,human,in vivo,extracellular,bulk
PB2,2241,2265,8,SRR10013178,human,in vivo,extracellular,bulk
PB2,236,2229,1,SRR10013178,human,in vivo,extracellular,bulk
PB2,238,1886,1,SRR10013178,human,in vivo,extracellular,bulk
PB2,238,2137,34,SRR10013178,human,in vivo,extracellular,bulk
PB2,239,2122,1,SRR10013178,human,in vivo,extracellular,bulk
PB2,241,2135,1,SRR10013178,human,in vivo,extracellular,bulk
PB2,241,2213,1,SRR10013178,human,in vivo,extracellular,bulk
PB2,242,1954,1,SRR10013178,human,in vivo,extracellular,bulk
PB2,242,2140,11,SRR10013178,human,in vivo,extracellular,bulk
PB2,242,2142,1,SRR10013178,human,in vivo,extracellular,bulk
PB2,243,2073,1,SRR10013178,human,in vivo,extracellular,bulk
PB2,243,2127,1,SRR10013178,human,in vivo,extracellular,bulk
PB2,243,2142,32,SRR10013178,human,in vivo,extracellular,bulk
PB2,243,2193,3,SRR10013178,human,in vivo,extracellular,bulk
PB2,244,1098,1,SRR10013178,human,in vivo,extracellular,bulk
PB2,244,1956,930,SRR10013178,human,in vivo,extracellular,bulk
PB2,244,1966,2,SRR10013178,human,in vivo,extracellular,bulk
PB2,244,2041,4,SRR10013178,human,in vivo,extracellular,bulk
PB2,244,2055,70,SRR10013178,human,in vivo,extracellular,bulk
PB2,244,2058,296,SRR10013178,human,in vivo,extracellular,bulk
PB2,244,2059,1,SRR10013178,human,in vivo,extracellular,bulk
PB2,244,2062,4,SRR10013178,human,in vivo,extracellular,bulk
PB2,244,2086,44,SRR10013178,human,in vivo,extracellular,bulk
PB2,244,2125,241,SRR10013178,human,in vivo,extracellular,bulk
PB2,244,2131,16,SRR10013178,human,in vivo,extracellular,bulk
PB2,244,2135,5,SRR10013178,human,in vivo,extracellular,bulk
PB2,244,2142,2,SRR10013178,human,in vivo,extracellular,bulk
PB2,244,2144,84,SRR10013178,human,in vivo,extracellular,bulk
PB2,244,2206,42,SRR10013178,human,in vivo,extracellular,bulk
PB2,244,2216,888,SRR10013178,human,in vivo,extracellular,bulk
PB2,244,2238,258,SRR10013178,human,in vivo,extracellular,bulk
PB2,244,2265,18,SRR10013178,human,in vivo,extracellular,bulk
PB2,245,1957,2,SRR10013178,human,in vivo,extracellular,bulk
PB2,245,2139,1,SRR10013178,human,in vivo,extracellular,bulk
PB2,245,2212,21,SRR10013178,human,in vivo,extracellular,bulk
PB2,249,2222,3,SRR10013178,human,in vivo,extracellular,bulk
PB2,249,2285,2,SRR10013178,human,in vivo,extracellular,bulk
PB2,262,1981,1,SRR10013178,human,in vivo,extracellular,bulk
PB2,263,2235,4,SRR10013178,human,in vivo,extracellular,bulk
PB2,274,1612,1,SRR10013178,human,in vivo,extracellular,bulk
PB2,275,329,1,SRR10013178,human,in vivo,extracellular,bulk
PB2,277,2078,1,SRR10013178,human,in vivo,extracellular,bulk
PB2,279,2297,1,SRR10013178,human,in vivo,extracellular,bulk
PB2,282,2258,1,SRR10013178,human,in vivo,extracellular,bulk
PB2,289,343,2,SRR10013178,human,in vivo,extracellular,bulk
PB2,291,1905,1,SRR10013178,human,in vivo,extracellular,bulk
PB2,293,1712,2,SRR10013178,human,in vivo,extracellular,bulk
PB2,308,2339,1,SRR10013178,human,in vivo,extracellular,bulk
PB2,338,2062,2,SRR10013178,human,in vivo,extracellular,bulk
PB2,347,1648,2,SRR10013178,human,in vivo,extracellular,bulk
PB2,348,1913,8,SRR10013178,human,in vivo,extracellular,bulk
PB2,351,1916,106,SRR10013178,human,in vivo,extracellular,bulk
PB2,369,2060,17,SRR10013178,human,in vivo,extracellular,bulk
PB2,377,1981,1,SRR10013178,human,in vivo,extracellular,bulk
PB2,392,2151,2,SRR10013178,human,in vivo,extracellular,bulk
PB2,394,1911,2,SRR10013178,human,in vivo,extracellular,bulk
PB2,394,2085,4,SRR10013178,human,in vivo,extracellular,bulk
PB2,397,2054,1,SRR10013178,human,in vivo,extracellular,bulk
PB2,401,1872,4,SRR10013178,human,in vivo,extracellular,bulk
PB2,404,2014,3,SRR10013178,human,in vivo,extracellular,bulk
PB2,406,1016,1,SRR10013178,human,in vivo,extracellular,bulk
PB2,408,2307,1,SRR10013178,human,in vivo,extracellular,bulk
PB2,412,2051,1,SRR10013178,human,in vivo,extracellular,bulk
PB2,421,2322,1,SRR10013178,human,in vivo,extracellular,bulk
PB2,427,1931,4,SRR10013178,human,in vivo,extracellular,bulk
PB2,432,2055,1,SRR10013178,human,in vivo,extracellular,bulk
PB2,446,616,1,SRR10013178,human,in vivo,extracellular,bulk
PB2,447,1966,1,SRR10013178,human,in vivo,extracellular,bulk
PB2,44,2070,1,SRR10013178,human,in vivo,extracellular,bulk
PB2,450,601,1,SRR10013178,human,in vivo,extracellular,bulk
PB2,457,2199,1,SRR10013178,human,in vivo,extracellular,bulk
PB2,462,1759,6,SRR10013178,human,in vivo,extracellular,bulk
PB2,481,2014,1,SRR10013178,human,in vivo,extracellular,bulk
PB2,500,1914,1,SRR10013178,human,in vivo,extracellular,bulk
PB2,504,2077,1,SRR10013178,human,in vivo,extracellular,bulk
PB2,510,1734,3,SRR10013178,human,in vivo,extracellular,bulk
PB2,517,1481,1,SRR10013178,human,in vivo,extracellular,bulk
PB2,525,1959,3,SRR10013178,human,in vivo,extracellular,bulk
PB2,548,1809,1,SRR10013178,human,in vivo,extracellular,bulk
PB2,563,1665,1,SRR10013178,human,in vivo,extracellular,bulk
PB2,581,2063,1,SRR10013178,human,in vivo,extracellular,bulk
PB2,585,1769,1,SRR10013178,human,in vivo,extracellular,bulk
PB2,600,1835,3,SRR10013178,human,in vivo,extracellular,bulk
PB2,607,1854,4,SRR10013178,human,in vivo,extracellular,bulk
PB2,610,2070,1,SRR10013178,human,in vivo,extracellular,bulk
PB2,611,1857,5,SRR10013178,human,in vivo,extracellular,bulk
PB2,615,2084,1,SRR10013178,human,in vivo,extracellular,bulk
PB2,625,1616,1,SRR10013178,human,in vivo,extracellular,bulk
PB2,67,129,62,SRR10013178,human,in vivo,extracellular,bulk
PB2,708,2123,7,SRR10013178,human,in vivo,extracellular,bulk
PB2,744,1620,1,SRR10013178,human,in vivo,extracellular,bulk
PB2,747,1759,1,SRR10013178,human,in vivo,extracellular,bulk
PB2,86,1824,1,SRR10013178,human,in vivo,extracellular,bulk
PB2,87,2136,35,SRR10013178,human,in vivo,extracellular,bulk
PB2,995,2301,1,SRR10013178,human,in vivo,extracellular,bulk
PA,102,171,22,SRR10013178,human,in vivo,extracellular,bulk
PA,103,1649,3,SRR10013178,human,in vivo,extracellular,bulk
PA,103,1862,4,SRR10013178,human,in vivo,extracellular,bulk
PA,1164,1198,1,SRR10013178,human,in vivo,extracellular,bulk
PA,1177,1430,1,SRR10013178,human,in vivo,extracellular,bulk
PA,1289,1617,1,SRR10013178,human,in vivo,extracellular,bulk
PA,145,1687,1,SRR10013178,human,in vivo,extracellular,bulk
PA,145,1994,1,SRR10013178,human,in vivo,extracellular,bulk
PA,162,2042,4,SRR10013178,human,in vivo,extracellular,bulk
PA,172,1760,4,SRR10013178,human,in vivo,extracellular,bulk
PA,174,2044,210,SRR10013178,human,in vivo,extracellular,bulk
PA,1784,1885,1,SRR10013178,human,in vivo,extracellular,bulk
PA,180,2022,1,SRR10013178,human,in vivo,extracellular,bulk
PA,185,508,1,SRR10013178,human,in vivo,extracellular,bulk
PA,2021,2045,1,SRR10013178,human,in vivo,extracellular,bulk
PA,222,2175,1,SRR10013178,human,in vivo,extracellular,bulk
PA,229,2067,4,SRR10013178,human,in vivo,extracellular,bulk
PA,230,2042,25,SRR10013178,human,in vivo,extracellular,bulk
PA,259,1929,2,SRR10013178,human,in vivo,extracellular,bulk
PA,263,2044,5,SRR10013178,human,in vivo,extracellular,bulk
PA,275,1938,8,SRR10013178,human,in vivo,extracellular,bulk
PA,276,1474,1,SRR10013178,human,in vivo,extracellular,bulk
PA,278,1743,1,SRR10013178,human,in vivo,extracellular,bulk
PA,278,2076,1,SRR10013178,human,in vivo,extracellular,bulk
PA,282,1770,9,SRR10013178,human,in vivo,extracellular,bulk
PA,302,1525,2,SRR10013178,human,in vivo,extracellular,bulk
PA,308,2029,11,SRR10013178,human,in vivo,extracellular,bulk
PA,314,2063,9,SRR10013178,human,in vivo,extracellular,bulk
PA,338,1057,1,SRR10013178,human,in vivo,extracellular,bulk
PA,34,1784,1,SRR10013178,human,in vivo,extracellular,bulk
PA,362,1824,2,SRR10013178,human,in vivo,extracellular,bulk
PA,367,1857,1,SRR10013178,human,in vivo,extracellular,bulk
PA,368,1826,8,SRR10013178,human,in vivo,extracellular,bulk
PA,42,88,14,SRR10013178,human,in vivo,extracellular,bulk
PA,433,1832,2,SRR10013178,human,in vivo,extracellular,bulk
PA,450,1885,4,SRR10013178,human,in vivo,extracellular,bulk
PA,456,1926,1,SRR10013178,human,in vivo,extracellular,bulk
PA,457,1860,4,SRR10013178,human,in vivo,extracellular,bulk
PA,45,1861,3,SRR10013178,human,in vivo,extracellular,bulk
PA,463,1074,1,SRR10013178,human,in vivo,extracellular,bulk
PA,478,1857,7,SRR10013178,human,in vivo,extracellular,bulk
PA,480,1825,8,SRR10013178,human,in vivo,extracellular,bulk
PA,496,1826,1,SRR10013178,human,in vivo,extracellular,bulk
PA,497,1823,2,SRR10013178,human,in vivo,extracellular,bulk
PA,503,1811,5,SRR10013178,human,in vivo,extracellular,bulk
PA,514,1858,4,SRR10013178,human,in vivo,extracellular,bulk
PA,526,1678,1,SRR10013178,human,in vivo,extracellular,bulk
PA,526,1895,1,SRR10013178,human,in vivo,extracellular,bulk
PA,530,1681,1,SRR10013178,human,in vivo,extracellular,bulk
PA,539,1711,6,SRR10013178,human,in vivo,extracellular,bulk
PA,575,1735,2,SRR10013178,human,in vivo,extracellular,bulk
PA,575,1837,6,SRR10013178,human,in vivo,extracellular,bulk
PA,613,1347,1,SRR10013178,human,in vivo,extracellular,bulk
PA,617,1533,2,SRR10013178,human,in vivo,extracellular,bulk
PA,63,110,165,SRR10013178,human,in vivo,extracellular,bulk
PA,63,90,5,SRR10013178,human,in vivo,extracellular,bulk
PA,649,1963,1,SRR10013178,human,in vivo,extracellular,bulk
PA,669,1833,2,SRR10013178,human,in vivo,extracellular,bulk
PA,715,1681,3,SRR10013178,human,in vivo,extracellular,bulk
PA,74,2071,1,SRR10013178,human,in vivo,extracellular,bulk
PA,776,1399,1,SRR10013178,human,in vivo,extracellular,bulk
PA,783,2102,1,SRR10013178,human,in vivo,extracellular,bulk
PA,893,1400,1,SRR10013178,human,in vivo,extracellular,bulk
PA,930,1635,1,SRR10013178,human,in vivo,extracellular,bulk
PA,946,1169,1,SRR10013178,human,in vivo,extracellular,bulk
PA,96,1625,34,SRR10013178,human,in vivo,extracellular,bulk
PA,97,1500,5,SRR10013178,human,in vivo,extracellular,bulk
HA,1492,1578,2,SRR10013178,human,in vivo,extracellular,bulk
HA,237,475,1,SRR10013178,human,in vivo,extracellular,bulk
HA,375,1628,2,SRR10013178,human,in vivo,extracellular,bulk
HA,562,1285,2,SRR10013178,human,in vivo,extracellular,bulk
HA,717,868,1,SRR10013178,human,in vivo,extracellular,bulk
NP,236,1539,1,SRR10013178,human,in vivo,extracellular,bulk
NA,119,1299,5,SRR10013178,human,in vivo,extracellular,bulk
NA,467,533,2,SRR10013178,human,in vivo,extracellular,bulk
NA,614,1027,1,SRR10013178,human,in vivo,extracellular,bulk
NA,988,1023,1,SRR10013178,human,in vivo,extracellular,bulk
M,106,129,1,SRR10013178,human,in vivo,extracellular,bulk
M,137,1034,1,SRR10013178,human,in vivo,extracellular,bulk
M,147,1025,2,SRR10013178,human,in vivo,extracellular,bulk
M,232,656,1,SRR10013178,human,in vivo,extracellular,bulk
M,346,1070,1,SRR10013178,human,in vivo,extracellular,bulk
M,347,394,1,SRR10013178,human,in vivo,extracellular,bulk
M,574,1034,1,SRR10013178,human,in vivo,extracellular,bulk
M,598,987,1,SRR10013178,human,in vivo,extracellular,bulk
M,662,1016,5,SRR10013178,human,in vivo,extracellular,bulk
M,719,989,1,SRR10013178,human,in vivo,extracellular,bulk
M,720,815,1,SRR10013178,human,in vivo,extracellular,bulk
NS,122,700,1,SRR10013178,human,in vivo,extracellular,bulk
NS,179,855,1,SRR10013178,human,in vivo,extracellular,bulk
NS,66,233,1,SRR10013178,human,in vivo,extracellular,bulk
PB1,1040,1148,1,SRR10013236,human,in vivo,extracellular,bulk
PB1,1093,1604,1,SRR10013236,human,in vivo,extracellular,bulk
PB1,110,2182,3,SRR10013236,human,in vivo,extracellular,bulk
PB1,1115,1740,1,SRR10013236,human,in vivo,extracellular,bulk
PB1,1118,1936,1,SRR10013236,human,in vivo,extracellular,bulk
PB1,114,1327,1,SRR10013236,human,in vivo,extracellular,bulk
PB1,1220,1313,1,SRR10013236,human,in vivo,extracellular,bulk
PB1,1241,1482,2,SRR10013236,human,in vivo,extracellular,bulk
PB1,126,1302,1,SRR10013236,human,in vivo,extracellular,bulk
PB1,1343,2197,1,SRR10013236,human,in vivo,extracellular,bulk
PB1,1362,2015,1,SRR10013236,human,in vivo,extracellular,bulk
PB1,1401,1484,1,SRR10013236,human,in vivo,extracellular,bulk
PB1,1536,1833,1,SRR10013236,human,in vivo,extracellular,bulk
PB1,156,2057,1,SRR10013236,human,in vivo,extracellular,bulk
PB1,1596,2212,1,SRR10013236,human,in vivo,extracellular,bulk
PB1,1620,2082,1,SRR10013236,human,in vivo,extracellular,bulk
PB1,1622,2067,1,SRR10013236,human,in vivo,extracellular,bulk
PB1,164,2066,1,SRR10013236,human,in vivo,extracellular,bulk
PB1,1678,1756,1,SRR10013236,human,in vivo,extracellular,bulk
PB1,1726,2077,1,SRR10013236,human,in vivo,extracellular,bulk
PB1,1770,2026,1,SRR10013236,human,in vivo,extracellular,bulk
PB1,2051,2151,1,SRR10013236,human,in vivo,extracellular,bulk
PB1,232,487,1,SRR10013236,human,in vivo,extracellular,bulk
PB1,278,2203,4,SRR10013236,human,in vivo,extracellular,bulk
PB1,280,2184,2,SRR10013236,human,in vivo,extracellular,bulk
PB1,287,2065,3,SRR10013236,human,in vivo,extracellular,bulk
PB1,290,2218,1,SRR10013236,human,in vivo,extracellular,bulk
PB1,304,1897,1,SRR10013236,human,in vivo,extracellular,bulk
PB1,304,666,1,SRR10013236,human,in vivo,extracellular,bulk
PB1,306,1119,1,SRR10013236,human,in vivo,extracellular,bulk
PB1,309,1306,1,SRR10013236,human,in vivo,extracellular,bulk
PB1,309,1520,1,SRR10013236,human,in vivo,extracellular,bulk
PB1,311,2057,1,SRR10013236,human,in vivo,extracellular,bulk
PB1,330,1144,1,SRR10013236,human,in vivo,extracellular,bulk
PB1,352,1704,1,SRR10013236,human,in vivo,extracellular,bulk
PB1,354,1961,1,SRR10013236,human,in vivo,extracellular,bulk
PB1,355,385,1,SRR10013236,human,in vivo,extracellular,bulk
PB1,356,2193,1,SRR10013236,human,in vivo,extracellular,bulk
PB1,364,1770,1,SRR10013236,human,in vivo,extracellular,bulk
PB1,365,509,1,SRR10013236,human,in vivo,extracellular,bulk
PB1,367,1868,2,SRR10013236,human,in vivo,extracellular,bulk
PB1,377,869,2,SRR10013236,human,in vivo,extracellular,bulk
PB1,385,1700,2,SRR10013236,human,in vivo,extracellular,bulk
PB1,391,1957,2,SRR10013236,human,in vivo,extracellular,bulk
PB1,399,1713,3,SRR10013236,human,in vivo,extracellular,bulk
PB1,417,2243,1,SRR10013236,human,in vivo,extracellular,bulk
PB1,443,1647,4,SRR10013236,human,in vivo,extracellular,bulk
PB1,444,1475,2,SRR10013236,human,in vivo,extracellular,bulk
PB1,449,2064,2,SRR10013236,human,in vivo,extracellular,bulk
PB1,482,1613,3,SRR10013236,human,in vivo,extracellular,bulk
PB1,483,1251,1,SRR10013236,human,in vivo,extracellular,bulk
PB1,492,1869,1,SRR10013236,human,in vivo,extracellular,bulk
PB1,497,1680,1,SRR10013236,human,in vivo,extracellular,bulk
PB1,505,1728,1,SRR10013236,human,in vivo,extracellular,bulk
PB1,509,1028,1,SRR10013236,human,in vivo,extracellular,bulk
PB1,509,1521,1,SRR10013236,human,in vivo,extracellular,bulk
PB1,509,2184,2,SRR10013236,human,in vivo,extracellular,bulk
PB1,522,1536,1,SRR10013236,human,in vivo,extracellular,bulk
PB1,52,1676,1,SRR10013236,human,in vivo,extracellular,bulk
PB1,532,1304,1,SRR10013236,human,in vivo,extracellular,bulk
PB1,537,1650,1,SRR10013236,human,in vivo,extracellular,bulk
PB1,542,1554,1,SRR10013236,human,in vivo,extracellular,bulk
PB1,586,1713,3,SRR10013236,human,in vivo,extracellular,bulk
PB1,589,1764,1,SRR10013236,human,in vivo,extracellular,bulk
PB1,627,1750,1,SRR10013236,human,in vivo,extracellular,bulk
PB1,627,1753,7,SRR10013236,human,in vivo,extracellular,bulk
PB1,630,1353,1,SRR10013236,human,in vivo,extracellular,bulk
PB1,63,2180,1,SRR10013236,human,in vivo,extracellular,bulk
PB1,648,1740,2,SRR10013236,human,in vivo,extracellular,bulk
PB1,696,2283,1,SRR10013236,human,in vivo,extracellular,bulk
PB1,703,1215,5,SRR10013236,human,in vivo,extracellular,bulk
PB1,719,1574,1,SRR10013236,human,in vivo,extracellular,bulk
PB1,721,1506,1,SRR10013236,human,in vivo,extracellular,bulk
PB1,732,2027,1,SRR10013236,human,in vivo,extracellular,bulk
PB1,739,1778,1,SRR10013236,human,in vivo,extracellular,bulk
PB1,742,1725,1,SRR10013236,human,in vivo,extracellular,bulk
PB1,745,1723,3,SRR10013236,human,in vivo,extracellular,bulk
PB1,750,2102,3,SRR10013236,human,in vivo,extracellular,bulk
PB1,755,1031,1,SRR10013236,human,in vivo,extracellular,bulk
PB1,758,1485,1,SRR10013236,human,in vivo,extracellular,bulk
PB1,759,1567,1,SRR10013236,human,in vivo,extracellular,bulk
PB1,778,1626,1,SRR10013236,human,in vivo,extracellular,bulk
PB1,791,1594,1,SRR10013236,human,in vivo,extracellular,bulk
PB1,795,1524,1,SRR10013236,human,in vivo,extracellular,bulk
PB1,796,1678,1,SRR10013236,human,in vivo,extracellular,bulk
PB1,799,1601,1,SRR10013236,human,in vivo,extracellular,bulk
PB1,809,1481,1,SRR10013236,human,in vivo,extracellular,bulk
PB1,819,1695,6,SRR10013236,human,in vivo,extracellular,bulk
PB1,831,950,1,SRR10013236,human,in vivo,extracellular,bulk
PB1,833,1138,1,SRR10013236,human,in vivo,extracellular,bulk
PB1,840,1496,2,SRR10013236,human,in vivo,extracellular,bulk
PB1,847,1726,2,SRR10013236,human,in vivo,extracellular,bulk
PB1,847,1764,1,SRR10013236,human,in vivo,extracellular,bulk
PB1,85,1266,18,SRR10013236,human,in vivo,extracellular,bulk
PB1,87,1268,9,SRR10013236,human,in vivo,extracellular,bulk
PB1,894,1245,1,SRR10013236,human,in vivo,extracellular,bulk
PB1,903,1552,1,SRR10013236,human,in vivo,extracellular,bulk
PB1,92,2180,2,SRR10013236,human,in vivo,extracellular,bulk
PB1,945,1771,1,SRR10013236,human,in vivo,extracellular,bulk
PB1,96,1693,1,SRR10013236,human,in vivo,extracellular,bulk
PB1,979,1018,1,SRR10013236,human,in vivo,extracellular,bulk
PB2,1005,1813,2,SRR10013236,human,in vivo,extracellular,bulk
PB2,1023,1058,1,SRR10013236,human,in vivo,extracellular,bulk
PB2,1033,1747,1,SRR10013236,human,in vivo,extracellular,bulk
PB2,1053,2284,1,SRR10013236,human,in vivo,extracellular,bulk
PB2,1059,2080,1,SRR10013236,human,in vivo,extracellular,bulk
PB2,1085,1805,4,SRR10013236,human,in vivo,extracellular,bulk
PB2,1088,1762,1,SRR10013236,human,in vivo,extracellular,bulk
PB2,1088,2023,3,SRR10013236,human,in vivo,extracellular,bulk
PB2,1091,1811,1,SRR10013236,human,in vivo,extracellular,bulk
PB2,1102,1922,1,SRR10013236,human,in vivo,extracellular,bulk
PB2,1120,1745,1,SRR10013236,human,in vivo,extracellular,bulk
PB2,1263,1956,1,SRR10013236,human,in vivo,extracellular,bulk
PB2,1265,1746,1,SRR10013236,human,in vivo,extracellular,bulk
PB2,1271,2324,1,SRR10013236,human,in vivo,extracellular,bulk
PB2,1273,1960,1,SRR10013236,human,in vivo,extracellular,bulk
PB2,1325,1705,1,SRR10013236,human,in vivo,extracellular,bulk
PB2,1384,1690,1,SRR10013236,human,in vivo,extracellular,bulk
PB2,1415,2123,1,SRR10013236,human,in vivo,extracellular,bulk
PB2,1425,2365,1,SRR10013236,human,in vivo,extracellular,bulk
PB2,1437,1765,1,SRR10013236,human,in vivo,extracellular,bulk
PB2,1441,1760,1,SRR10013236,human,in vivo,extracellular,bulk
PB2,153,1718,1,SRR10013236,human,in vivo,extracellular,bulk
PB2,1553,2222,1,SRR10013236,human,in vivo,extracellular,bulk
PB2,155,617,1,SRR10013236,human,in vivo,extracellular,bulk
PB2,1612,1688,1,SRR10013236,human,in vivo,extracellular,bulk
PB2,1640,1923,1,SRR10013236,human,in vivo,extracellular,bulk
PB2,1645,1920,1,SRR10013236,human,in vivo,extracellular,bulk
PB2,1667,1916,1,SRR10013236,human,in vivo,extracellular,bulk
PB2,1714,1828,1,SRR10013236,human,in vivo,extracellular,bulk
PB2,1720,1907,1,SRR10013236,human,in vivo,extracellular,bulk
PB2,1753,1923,1,SRR10013236,human,in vivo,extracellular,bulk
PB2,1759,2332,2,SRR10013236,human,in vivo,extracellular,bulk
PB2,1770,2179,2,SRR10013236,human,in vivo,extracellular,bulk
PB2,1903,2180,1,SRR10013236,human,in vivo,extracellular,bulk
PB2,1954,2276,1,SRR10013236,human,in vivo,extracellular,bulk
PB2,1965,2084,1,SRR10013236,human,in vivo,extracellular,bulk
PB2,1968,2067,2,SRR10013236,human,in vivo,extracellular,bulk
PB2,196,1306,1,SRR10013236,human,in vivo,extracellular,bulk
PB2,203,2262,1,SRR10013236,human,in vivo,extracellular,bulk
PB2,214,331,1,SRR10013236,human,in vivo,extracellular,bulk
PB2,2150,2174,1,SRR10013236,human,in vivo,extracellular,bulk
PB2,216,2166,6,SRR10013236,human,in vivo,extracellular,bulk
PB2,238,2143,168,SRR10013236,human,in vivo,extracellular,bulk
PB2,240,902,1,SRR10013236,human,in vivo,extracellular,bulk
PB2,244,1234,2,SRR10013236,human,in vivo,extracellular,bulk
PB2,244,1980,2,SRR10013236,human,in vivo,extracellular,bulk
PB2,244,1986,5,SRR10013236,human,in vivo,extracellular,bulk
PB2,244,1998,2,SRR10013236,human,in vivo,extracellular,bulk
PB2,244,2086,15,SRR10013236,human,in vivo,extracellular,bulk
PB2,244,2135,4,SRR10013236,human,in vivo,extracellular,bulk
PB2,244,2144,2,SRR10013236,human,in vivo,extracellular,bulk
PB2,244,2171,6,SRR10013236,human,in vivo,extracellular,bulk
PB2,245,697,1,SRR10013236,human,in vivo,extracellular,bulk
PB2,250,2193,3,SRR10013236,human,in vivo,extracellular,bulk
PB2,263,1437,1,SRR10013236,human,in vivo,extracellular,bulk
PB2,264,2179,1,SRR10013236,human,in vivo,extracellular,bulk
PB2,264,903,1,SRR10013236,human,in vivo,extracellular,bulk
PB2,26,1635,1,SRR10013236,human,in vivo,extracellular,bulk
PB2,270,1051,2,SRR10013236,human,in vivo,extracellular,bulk
PB2,273,569,1,SRR10013236,human,in vivo,extracellular,bulk
PB2,275,2123,2,SRR10013236,human,in vivo,extracellular,bulk
PB2,277,1058,1,SRR10013236,human,in vivo,extracellular,bulk
PB2,278,890,1,SRR10013236,human,in vivo,extracellular,bulk
PB2,285,2287,1,SRR10013236,human,in vivo,extracellular,bulk
PB2,286,1079,1,SRR10013236,human,in vivo,extracellular,bulk
PB2,286,617,1,SRR10013236,human,in vivo,extracellular,bulk
PB2,296,1800,1,SRR10013236,human,in vivo,extracellular,bulk
PB2,321,1589,1,SRR10013236,human,in vivo,extracellular,bulk
PB2,322,1362,1,SRR10013236,human,in vivo,extracellular,bulk
PB2,336,1740,1,SRR10013236,human,in vivo,extracellular,bulk
PB2,356,906,1,SRR10013236,human,in vivo,extracellular,bulk
PB2,358,1711,1,SRR10013236,human,in vivo,extracellular,bulk
PB2,367,1049,1,SRR10013236,human,in vivo,extracellular,bulk
PB2,397,2264,1,SRR10013236,human,in vivo,extracellular,bulk
PB2,400,1940,13,SRR10013236,human,in vivo,extracellular,bulk
PB2,400,1988,1,SRR10013236,human,in vivo,extracellular,bulk
PB2,429,2291,1,SRR10013236,human,in vivo,extracellular,bulk
PB2,430,1940,1,SRR10013236,human,in vivo,extracellular,bulk
PB2,444,1877,1,SRR10013236,human,in vivo,extracellular,bulk
PB2,444,2216,1,SRR10013236,human,in vivo,extracellular,bulk
PB2,447,1358,1,SRR10013236,human,in vivo,extracellular,bulk
PB2,448,1456,1,SRR10013236,human,in vivo,extracellular,bulk
PB2,44,2070,1,SRR10013236,human,in vivo,extracellular,bulk
PB2,454,1982,3,SRR10013236,human,in vivo,extracellular,bulk
PB2,461,1548,1,SRR10013236,human,in vivo,extracellular,bulk
PB2,478,1997,1,SRR10013236,human,in vivo,extracellular,bulk
PB2,489,2064,2,SRR10013236,human,in vivo,extracellular,bulk
PB2,489,2225,1,SRR10013236,human,in vivo,extracellular,bulk
PB2,493,2228,1,SRR10013236,human,in vivo,extracellular,bulk
PB2,504,2077,3,SRR10013236,human,in vivo,extracellular,bulk
PB2,510,893,1,SRR10013236,human,in vivo,extracellular,bulk
PB2,525,1177,2,SRR10013236,human,in vivo,extracellular,bulk
PB2,538,1763,1,SRR10013236,human,in vivo,extracellular,bulk
PB2,56,268,1,SRR10013236,human,in vivo,extracellular,bulk
PB2,579,1920,3,SRR10013236,human,in vivo,extracellular,bulk
PB2,580,1956,6,SRR10013236,human,in vivo,extracellular,bulk
PB2,596,1512,1,SRR10013236,human,in vivo,extracellular,bulk
PB2,600,1160,6,SRR10013236,human,in vivo,extracellular,bulk
PB2,604,2065,1,SRR10013236,human,in vivo,extracellular,bulk
PB2,606,1166,1,SRR10013236,human,in vivo,extracellular,bulk
PB2,610,2070,3,SRR10013236,human,in vivo,extracellular,bulk
PB2,615,1176,1,SRR10013236,human,in vivo,extracellular,bulk
PB2,616,1079,1,SRR10013236,human,in vivo,extracellular,bulk
PB2,621,896,1,SRR10013236,human,in vivo,extracellular,bulk
PB2,622,1929,1,SRR10013236,human,in vivo,extracellular,bulk
PB2,625,1616,1,SRR10013236,human,in vivo,extracellular,bulk
PB2,635,1947,2,SRR10013236,human,in vivo,extracellular,bulk
PB2,642,1853,1,SRR10013236,human,in vivo,extracellular,bulk
PB2,64,114,1,SRR10013236,human,in vivo,extracellular,bulk
PB2,653,1940,1,SRR10013236,human,in vivo,extracellular,bulk
PB2,67,2195,1,SRR10013236,human,in vivo,extracellular,bulk
PB2,69,1704,2,SRR10013236,human,in vivo,extracellular,bulk
PB2,715,1973,1,SRR10013236,human,in vivo,extracellular,bulk
PB2,724,870,1,SRR10013236,human,in vivo,extracellular,bulk
PB2,737,2009,2,SRR10013236,human,in vivo,extracellular,bulk
PB2,739,819,1,SRR10013236,human,in vivo,extracellular,bulk
PB2,742,2287,1,SRR10013236,human,in vivo,extracellular,bulk
PB2,748,2068,3,SRR10013236,human,in vivo,extracellular,bulk
PB2,74,1214,1,SRR10013236,human,in vivo,extracellular,bulk
PB2,75,1710,1,SRR10013236,human,in vivo,extracellular,bulk
PB2,76,1763,1,SRR10013236,human,in vivo,extracellular,bulk
PB2,79,1800,1,SRR10013236,human,in vivo,extracellular,bulk
PB2,85,1685,1,SRR10013236,human,in vivo,extracellular,bulk
PB2,85,1823,3,SRR10013236,human,in vivo,extracellular,bulk
PB2,86,115,1,SRR10013236,human,in vivo,extracellular,bulk
PB2,899,1173,1,SRR10013236,human,in vivo,extracellular,bulk
PB2,914,2180,1,SRR10013236,human,in vivo,extracellular,bulk
PB2,923,1977,1,SRR10013236,human,in vivo,extracellular,bulk
PB2,965,2171,1,SRR10013236,human,in vivo,extracellular,bulk
PB2,973,1363,1,SRR10013236,human,in vivo,extracellular,bulk
PB2,977,2286,2,SRR10013236,human,in vivo,extracellular,bulk
PA,1011,1496,1,SRR10013236,human,in vivo,extracellular,bulk
PA,1044,1787,1,SRR10013236,human,in vivo,extracellular,bulk
PA,107,1341,1,SRR10013236,human,in vivo,extracellular,bulk
PA,1085,1894,1,SRR10013236,human,in vivo,extracellular,bulk
PA,1090,1906,1,SRR10013236,human,in vivo,extracellular,bulk
PA,1125,1155,1,SRR10013236,human,in vivo,extracellular,bulk
PA,1125,1181,1,SRR10013236,human,in vivo,extracellular,bulk
PA,1129,1737,1,SRR10013236,human,in vivo,extracellular,bulk
PA,114,1516,1,SRR10013236,human,in vivo,extracellular,bulk
PA,1160,1646,1,SRR10013236,human,in vivo,extracellular,bulk
PA,1178,1824,1,SRR10013236,human,in vivo,extracellular,bulk
PA,1178,1829,1,SRR10013236,human,in vivo,extracellular,bulk
PA,1212,1662,1,SRR10013236,human,in vivo,extracellular,bulk
PA,1241,1968,1,SRR10013236,human,in vivo,extracellular,bulk
PA,1242,1819,1,SRR10013236,human,in vivo,extracellular,bulk
PA,1353,1901,1,SRR10013236,human,in vivo,extracellular,bulk
PA,1446,1778,1,SRR10013236,human,in vivo,extracellular,bulk
PA,145,1687,1,SRR10013236,human,in vivo,extracellular,bulk
PA,162,2131,1,SRR10013236,human,in vivo,extracellular,bulk
PA,1774,2096,1,SRR10013236,human,in vivo,extracellular,bulk
PA,183,1828,1,SRR10013236,human,in vivo,extracellular,bulk
PA,1918,2014,1,SRR10013236,human,in vivo,extracellular,bulk
PA,193,1662,3,SRR10013236,human,in vivo,extracellular,bulk
PA,2001,2127,1,SRR10013236,human,in vivo,extracellular,bulk
PA,209,1438,1,SRR10013236,human,in vivo,extracellular,bulk
PA,215,1117,1,SRR10013236,human,in vivo,extracellular,bulk
PA,219,1448,1,SRR10013236,human,in vivo,extracellular,bulk
PA,221,2034,1,SRR10013236,human,in vivo,extracellular,bulk
PA,229,2041,1,SRR10013236,human,in vivo,extracellular,bulk
PA,232,919,1,SRR10013236,human,in vivo,extracellular,bulk
PA,262,913,1,SRR10013236,human,in vivo,extracellular,bulk
PA,265,1735,1,SRR10013236,human,in vivo,extracellular,bulk
PA,265,860,2,SRR10013236,human,in vivo,extracellular,bulk
PA,273,1081,1,SRR10013236,human,in vivo,extracellular,bulk
PA,274,1131,2,SRR10013236,human,in vivo,extracellular,bulk
PA,274,1557,2,SRR10013236,human,in vivo,extracellular,bulk
PA,274,1988,1,SRR10013236,human,in vivo,extracellular,bulk
PA,283,1119,2,SRR10013236,human,in vivo,extracellular,bulk
PA,307,1834,1,SRR10013236,human,in vivo,extracellular,bulk
PA,308,953,1,SRR10013236,human,in vivo,extracellular,bulk
PA,309,398,1,SRR10013236,human,in vivo,extracellular,bulk
PA,328,1450,1,SRR10013236,human,in vivo,extracellular,bulk
PA,330,2010,1,SRR10013236,human,in vivo,extracellular,bulk
PA,332,1944,5,SRR10013236,human,in vivo,extracellular,bulk
PA,334,2090,1,SRR10013236,human,in vivo,extracellular,bulk
PA,338,1057,1,SRR10013236,human,in vivo,extracellular,bulk
PA,362,1992,1,SRR10013236,human,in vivo,extracellular,bulk
PA,378,488,1,SRR10013236,human,in vivo,extracellular,bulk
PA,407,741,1,SRR10013236,human,in vivo,extracellular,bulk
PA,413,1657,2,SRR10013236,human,in vivo,extracellular,bulk
PA,426,1944,1,SRR10013236,human,in vivo,extracellular,bulk
PA,444,1014,1,SRR10013236,human,in vivo,extracellular,bulk
PA,450,2074,1,SRR10013236,human,in vivo,extracellular,bulk
PA,479,853,2,SRR10013236,human,in vivo,extracellular,bulk
PA,521,1822,1,SRR10013236,human,in vivo,extracellular,bulk
PA,523,1735,2,SRR10013236,human,in vivo,extracellular,bulk
PA,533,1677,1,SRR10013236,human,in vivo,extracellular,bulk
PA,535,1746,1,SRR10013236,human,in vivo,extracellular,bulk
PA,579,1179,1,SRR10013236,human,in vivo,extracellular,bulk
PA,607,2010,2,SRR10013236,human,in vivo,extracellular,bulk
PA,623,966,1,SRR10013236,human,in vivo,extracellular,bulk
PA,626,1500,2,SRR10013236,human,in vivo,extracellular,bulk
PA,659,1634,1,SRR10013236,human,in vivo,extracellular,bulk
PA,676,1688,1,SRR10013236,human,in vivo,extracellular,bulk
PA,67,92,9,SRR10013236,human,in vivo,extracellular,bulk
PA,694,1638,1,SRR10013236,human,in vivo,extracellular,bulk
PA,762,1779,1,SRR10013236,human,in vivo,extracellular,bulk
PA,766,1819,1,SRR10013236,human,in vivo,extracellular,bulk
PA,770,1760,4,SRR10013236,human,in vivo,extracellular,bulk
PA,77,924,1,SRR10013236,human,in vivo,extracellular,bulk
PA,780,1506,1,SRR10013236,human,in vivo,extracellular,bulk
PA,782,895,1,SRR10013236,human,in vivo,extracellular,bulk
PA,78,1538,1,SRR10013236,human,in vivo,extracellular,bulk
PA,809,1337,1,SRR10013236,human,in vivo,extracellular,bulk
PA,817,1628,1,SRR10013236,human,in vivo,extracellular,bulk
PA,872,1977,1,SRR10013236,human,in vivo,extracellular,bulk
PA,888,1761,1,SRR10013236,human,in vivo,extracellular,bulk
PA,913,1851,1,SRR10013236,human,in vivo,extracellular,bulk
PA,919,1988,1,SRR10013236,human,in vivo,extracellular,bulk
PA,924,1627,2,SRR10013236,human,in vivo,extracellular,bulk
PA,981,1237,1,SRR10013236,human,in vivo,extracellular,bulk
PA,983,1138,1,SRR10013236,human,in vivo,extracellular,bulk
HA,1032,1519,2,SRR10013236,human,in vivo,extracellular,bulk
HA,104,701,3,SRR10013236,human,in vivo,extracellular,bulk
HA,1080,1537,1,SRR10013236,human,in vivo,extracellular,bulk
HA,1213,1571,1,SRR10013236,human,in vivo,extracellular,bulk
HA,1244,1414,1,SRR10013236,human,in vivo,extracellular,bulk
HA,1380,1589,1,SRR10013236,human,in vivo,extracellular,bulk
HA,1385,1489,1,SRR10013236,human,in vivo,extracellular,bulk
HA,1430,1687,1,SRR10013236,human,in vivo,extracellular,bulk
HA,1502,1534,1,SRR10013236,human,in vivo,extracellular,bulk
HA,1525,1576,1,SRR10013236,human,in vivo,extracellular,bulk
HA,1576,1637,2,SRR10013236,human,in vivo,extracellular,bulk
HA,211,1037,1,SRR10013236,human,in vivo,extracellular,bulk
HA,213,707,1,SRR10013236,human,in vivo,extracellular,bulk
HA,214,990,1,SRR10013236,human,in vivo,extracellular,bulk
HA,215,1309,1,SRR10013236,human,in vivo,extracellular,bulk
HA,222,1022,1,SRR10013236,human,in vivo,extracellular,bulk
HA,226,1671,1,SRR10013236,human,in vivo,extracellular,bulk
HA,234,1518,4,SRR10013236,human,in vivo,extracellular,bulk
HA,237,1586,3,SRR10013236,human,in vivo,extracellular,bulk
HA,238,1674,1,SRR10013236,human,in vivo,extracellular,bulk
HA,244,1040,1,SRR10013236,human,in vivo,extracellular,bulk
HA,257,1505,11,SRR10013236,human,in vivo,extracellular,bulk
HA,258,1695,2,SRR10013236,human,in vivo,extracellular,bulk
HA,279,872,1,SRR10013236,human,in vivo,extracellular,bulk
HA,281,1445,4,SRR10013236,human,in vivo,extracellular,bulk
HA,284,1066,5,SRR10013236,human,in vivo,extracellular,bulk
HA,362,1495,2,SRR10013236,human,in vivo,extracellular,bulk
HA,362,1527,8,SRR10013236,human,in vivo,extracellular,bulk
HA,37,64,2,SRR10013236,human,in vivo,extracellular,bulk
HA,392,1544,1,SRR10013236,human,in vivo,extracellular,bulk
HA,392,1566,1,SRR10013236,human,in vivo,extracellular,bulk
HA,392,1577,7,SRR10013236,human,in vivo,extracellular,bulk
HA,426,1488,1,SRR10013236,human,in vivo,extracellular,bulk
HA,431,1172,2,SRR10013236,human,in vivo,extracellular,bulk
HA,508,936,1,SRR10013236,human,in vivo,extracellular,bulk
HA,509,1038,1,SRR10013236,human,in vivo,extracellular,bulk
HA,614,1587,1,SRR10013236,human,in vivo,extracellular,bulk
HA,717,994,1,SRR10013236,human,in vivo,extracellular,bulk
HA,731,858,1,SRR10013236,human,in vivo,extracellular,bulk
HA,758,801,1,SRR10013236,human,in vivo,extracellular,bulk
HA,825,1013,1,SRR10013236,human,in vivo,extracellular,bulk
HA,826,1548,1,SRR10013236,human,in vivo,extracellular,bulk
HA,842,1313,1,SRR10013236,human,in vivo,extracellular,bulk
HA,887,1690,1,SRR10013236,human,in vivo,extracellular,bulk
HA,896,1564,1,SRR10013236,human,in vivo,extracellular,bulk
HA,932,981,1,SRR10013236,human,in vivo,extracellular,bulk
HA,977,1429,1,SRR10013236,human,in vivo,extracellular,bulk
NP,100,1644,3,SRR10013236,human,in vivo,extracellular,bulk
NP,101,1584,1,SRR10013236,human,in vivo,extracellular,bulk
NP,1053,1197,1,SRR10013236,human,in vivo,extracellular,bulk
NP,110,1653,2,SRR10013236,human,in vivo,extracellular,bulk
NP,110,612,2,SRR10013236,human,in vivo,extracellular,bulk
NP,1218,1699,1,SRR10013236,human,in vivo,extracellular,bulk
NP,122,1668,1,SRR10013236,human,in vivo,extracellular,bulk
NP,131,1132,1,SRR10013236,human,in vivo,extracellular,bulk
NP,131,1407,1,SRR10013236,human,in vivo,extracellular,bulk
NP,140,1602,5,SRR10013236,human,in vivo,extracellular,bulk
NP,158,1290,1,SRR10013236,human,in vivo,extracellular,bulk
NP,1627,1676,1,SRR10013236,human,in vivo,extracellular,bulk
NP,1681,1713,3,SRR10013236,human,in vivo,extracellular,bulk
NP,187,1680,1,SRR10013236,human,in vivo,extracellular,bulk
NP,192,1651,1,SRR10013236,human,in vivo,extracellular,bulk
NP,192,1753,2,SRR10013236,human,in vivo,extracellular,bulk
NP,193,1648,2,SRR10013236,human,in vivo,extracellular,bulk
NP,196,1417,1,SRR10013236,human,in vivo,extracellular,bulk
NP,211,1660,1,SRR10013236,human,in vivo,extracellular,bulk
NP,212,1690,1,SRR10013236,human,in vivo,extracellular,bulk
NP,219,1477,6,SRR10013236,human,in vivo,extracellular,bulk
NP,219,409,1,SRR10013236,human,in vivo,extracellular,bulk
NP,223,1498,1,SRR10013236,human,in vivo,extracellular,bulk
NP,223,845,1,SRR10013236,human,in vivo,extracellular,bulk
NP,233,1681,1,SRR10013236,human,in vivo,extracellular,bulk
NP,235,1471,7,SRR10013236,human,in vivo,extracellular,bulk
NP,238,1509,1,SRR10013236,human,in vivo,extracellular,bulk
NP,238,1542,3,SRR10013236,human,in vivo,extracellular,bulk
NP,238,1724,1,SRR10013236,human,in vivo,extracellular,bulk
NP,260,450,1,SRR10013236,human,in vivo,extracellular,bulk
NP,269,1751,1,SRR10013236,human,in vivo,extracellular,bulk
NP,270,1274,1,SRR10013236,human,in vivo,extracellular,bulk
NP,273,1250,8,SRR10013236,human,in vivo,extracellular,bulk
NP,282,1720,1,SRR10013236,human,in vivo,extracellular,bulk
NP,291,1346,1,SRR10013236,human,in vivo,extracellular,bulk
NP,292,1510,1,SRR10013236,human,in vivo,extracellular,bulk
NP,320,1388,1,SRR10013236,human,in vivo,extracellular,bulk
NP,34,1499,1,SRR10013236,human,in vivo,extracellular,bulk
NP,358,959,1,SRR10013236,human,in vivo,extracellular,bulk
NP,359,1583,2,SRR10013236,human,in vivo,extracellular,bulk
NP,374,1590,2,SRR10013236,human,in vivo,extracellular,bulk
NP,440,1596,1,SRR10013236,human,in vivo,extracellular,bulk
NP,481,1293,2,SRR10013236,human,in vivo,extracellular,bulk
NP,490,1418,1,SRR10013236,human,in vivo,extracellular,bulk
NP,518,1278,5,SRR10013236,human,in vivo,extracellular,bulk
NP,524,1202,1,SRR10013236,human,in vivo,extracellular,bulk
NP,573,1284,2,SRR10013236,human,in vivo,extracellular,bulk
NP,596,1311,1,SRR10013236,human,in vivo,extracellular,bulk
NP,613,1655,1,SRR10013236,human,in vivo,extracellular,bulk
NP,628,1541,1,SRR10013236,human,in vivo,extracellular,bulk
NP,673,1191,1,SRR10013236,human,in vivo,extracellular,bulk
NP,683,1265,1,SRR10013236,human,in vivo,extracellular,bulk
NP,697,1374,1,SRR10013236,human,in vivo,extracellular,bulk
NP,72,1522,1,SRR10013236,human,in vivo,extracellular,bulk
NP,775,1424,1,SRR10013236,human,in vivo,extracellular,bulk
NP,848,1587,1,SRR10013236,human,in vivo,extracellular,bulk
NP,849,1277,12,SRR10013236,human,in vivo,extracellular,bulk
NP,858,1408,1,SRR10013236,human,in vivo,extracellular,bulk
NP,860,1390,1,SRR10013236,human,in vivo,extracellular,bulk
NP,874,1183,1,SRR10013236,human,in vivo,extracellular,bulk
NP,875,1374,1,SRR10013236,human,in vivo,extracellular,bulk
NP,880,1139,1,SRR10013236,human,in vivo,extracellular,bulk
NP,881,1083,2,SRR10013236,human,in vivo,extracellular,bulk
NP,881,1444,1,SRR10013236,human,in vivo,extracellular,bulk
NP,894,1246,1,SRR10013236,human,in vivo,extracellular,bulk
NP,968,1678,1,SRR10013236,human,in vivo,extracellular,bulk
NA,1027,1427,1,SRR10013236,human,in vivo,extracellular,bulk
NA,104,477,2,SRR10013236,human,in vivo,extracellular,bulk
NA,105,757,2,SRR10013236,human,in vivo,extracellular,bulk
NA,114,1445,2,SRR10013236,human,in vivo,extracellular,bulk
NA,1151,1241,1,SRR10013236,human,in vivo,extracellular,bulk
NA,1227,1477,1,SRR10013236,human,in vivo,extracellular,bulk
NA,1297,1329,1,SRR10013236,human,in vivo,extracellular,bulk
NA,148,1294,2,SRR10013236,human,in vivo,extracellular,bulk
NA,169,337,1,SRR10013236,human,in vivo,extracellular,bulk
NA,232,974,1,SRR10013236,human,in vivo,extracellular,bulk
NA,254,1377,1,SRR10013236,human,in vivo,extracellular,bulk
NA,341,1373,1,SRR10013236,human,in vivo,extracellular,bulk
NA,398,538,1,SRR10013236,human,in vivo,extracellular,bulk
NA,402,528,1,SRR10013236,human,in vivo,extracellular,bulk
NA,403,1087,3,SRR10013236,human,in vivo,extracellular,bulk
NA,410,990,1,SRR10013236,human,in vivo,extracellular,bulk
NA,412,530,1,SRR10013236,human,in vivo,extracellular,bulk
NA,415,747,1,SRR10013236,human,in vivo,extracellular,bulk
NA,419,927,1,SRR10013236,human,in vivo,extracellular,bulk
NA,435,886,1,SRR10013236,human,in vivo,extracellular,bulk
NA,444,961,1,SRR10013236,human,in vivo,extracellular,bulk
NA,473,1059,2,SRR10013236,human,in vivo,extracellular,bulk
NA,481,1209,1,SRR10013236,human,in vivo,extracellular,bulk
NA,489,1048,7,SRR10013236,human,in vivo,extracellular,bulk
NA,489,1266,7,SRR10013236,human,in vivo,extracellular,bulk
NA,489,993,1,SRR10013236,human,in vivo,extracellular,bulk
NA,512,832,1,SRR10013236,human,in vivo,extracellular,bulk
NA,515,880,1,SRR10013236,human,in vivo,extracellular,bulk
NA,519,1098,2,SRR10013236,human,in vivo,extracellular,bulk
NA,548,882,1,SRR10013236,human,in vivo,extracellular,bulk
NA,555,1000,1,SRR10013236,human,in vivo,extracellular,bulk
NA,558,599,1,SRR10013236,human,in vivo,extracellular,bulk
NA,609,1480,1,SRR10013236,human,in vivo,extracellular,bulk
NA,637,1076,2,SRR10013236,human,in vivo,extracellular,bulk
NA,669,972,1,SRR10013236,human,in vivo,extracellular,bulk
NA,675,1249,1,SRR10013236,human,in vivo,extracellular,bulk
NA,676,1211,1,SRR10013236,human,in vivo,extracellular,bulk
NA,682,1053,3,SRR10013236,human,in vivo,extracellular,bulk
NA,755,1079,1,SRR10013236,human,in vivo,extracellular,bulk
NA,756,1105,1,SRR10013236,human,in vivo,extracellular,bulk
NA,781,1076,1,SRR10013236,human,in vivo,extracellular,bulk
NA,862,1049,1,SRR10013236,human,in vivo,extracellular,bulk
NA,904,1381,1,SRR10013236,human,in vivo,extracellular,bulk
NA,904,949,1,SRR10013236,human,in vivo,extracellular,bulk
NA,983,1096,1,SRR10013236,human,in vivo,extracellular,bulk
M,129,703,1,SRR10013236,human,in vivo,extracellular,bulk
M,141,769,1,SRR10013236,human,in vivo,extracellular,bulk
M,159,602,1,SRR10013236,human,in vivo,extracellular,bulk
M,160,717,1,SRR10013236,human,in vivo,extracellular,bulk
M,168,626,1,SRR10013236,human,in vivo,extracellular,bulk
M,195,461,1,SRR10013236,human,in vivo,extracellular,bulk
M,271,569,1,SRR10013236,human,in vivo,extracellular,bulk
M,282,692,1,SRR10013236,human,in vivo,extracellular,bulk
M,305,594,1,SRR10013236,human,in vivo,extracellular,bulk
M,489,729,1,SRR10013236,human,in vivo,extracellular,bulk
M,503,581,1,SRR10013236,human,in vivo,extracellular,bulk
M,50,702,1,SRR10013236,human,in vivo,extracellular,bulk
M,514,583,3,SRR10013236,human,in vivo,extracellular,bulk
M,597,691,1,SRR10013236,human,in vivo,extracellular,bulk
M,636,1053,1,SRR10013236,human,in vivo,extracellular,bulk
M,653,746,1,SRR10013236,human,in vivo,extracellular,bulk
M,662,1016,4,SRR10013236,human,in vivo,extracellular,bulk
M,74,1052,1,SRR10013236,human,in vivo,extracellular,bulk
M,77,563,1,SRR10013236,human,in vivo,extracellular,bulk
M,79,607,2,SRR10013236,human,in vivo,extracellular,bulk
M,82,614,1,SRR10013236,human,in vivo,extracellular,bulk
M,83,696,8,SRR10013236,human,in vivo,extracellular,bulk
M,925,986,1,SRR10013236,human,in vivo,extracellular,bulk
NS,167,838,1,SRR10013236,human,in vivo,extracellular,bulk
NS,255,660,1,SRR10013236,human,in vivo,extracellular,bulk
NS,521,732,1,SRR10013236,human,in vivo,extracellular,bulk
NS,66,233,1,SRR10013236,human,in vivo,extracellular,bulk
NS,741,928,1,SRR10013236,human,in vivo,extracellular,bulk
PB1,1000,2168,1,SRR10013063,human,in vivo,extracellular,bulk
PB1,1025,1944,1,SRR10013063,human,in vivo,extracellular,bulk
PB1,1241,1812,1,SRR10013063,human,in vivo,extracellular,bulk
PB1,1252,1420,1,SRR10013063,human,in vivo,extracellular,bulk
PB1,1261,1833,1,SRR10013063,human,in vivo,extracellular,bulk
PB1,1385,1850,1,SRR10013063,human,in vivo,extracellular,bulk
PB1,1388,2155,1,SRR10013063,human,in vivo,extracellular,bulk
PB1,1556,1837,2,SRR10013063,human,in vivo,extracellular,bulk
PB1,1579,2216,1,SRR10013063,human,in vivo,extracellular,bulk
PB1,1596,2232,1,SRR10013063,human,in vivo,extracellular,bulk
PB1,1619,1715,1,SRR10013063,human,in vivo,extracellular,bulk
PB1,1656,1760,1,SRR10013063,human,in vivo,extracellular,bulk
PB1,1721,1856,1,SRR10013063,human,in vivo,extracellular,bulk
PB1,172,2066,1,SRR10013063,human,in vivo,extracellular,bulk
PB1,1822,1849,1,SRR10013063,human,in vivo,extracellular,bulk
PB1,1846,1912,1,SRR10013063,human,in vivo,extracellular,bulk
PB1,1854,1934,1,SRR10013063,human,in vivo,extracellular,bulk
PB1,1967,2300,1,SRR10013063,human,in vivo,extracellular,bulk
PB1,2090,2345,1,SRR10013063,human,in vivo,extracellular,bulk
PB1,209,1118,5,SRR10013063,human,in vivo,extracellular,bulk
PB1,211,2203,2,SRR10013063,human,in vivo,extracellular,bulk
PB1,212,2112,1,SRR10013063,human,in vivo,extracellular,bulk
PB1,2242,2267,1,SRR10013063,human,in vivo,extracellular,bulk
PB1,233,2192,12,SRR10013063,human,in vivo,extracellular,bulk
PB1,234,2163,20,SRR10013063,human,in vivo,extracellular,bulk
PB1,240,1594,11,SRR10013063,human,in vivo,extracellular,bulk
PB1,271,2198,1,SRR10013063,human,in vivo,extracellular,bulk
PB1,293,360,4,SRR10013063,human,in vivo,extracellular,bulk
PB1,295,1734,1,SRR10013063,human,in vivo,extracellular,bulk
PB1,299,2005,1,SRR10013063,human,in vivo,extracellular,bulk
PB1,327,2003,1,SRR10013063,human,in vivo,extracellular,bulk
PB1,354,873,1,SRR10013063,human,in vivo,extracellular,bulk
PB1,356,2193,1,SRR10013063,human,in vivo,extracellular,bulk
PB1,368,1978,14,SRR10013063,human,in vivo,extracellular,bulk
PB1,374,1810,3,SRR10013063,human,in vivo,extracellular,bulk
PB1,384,1817,92,SRR10013063,human,in vivo,extracellular,bulk
PB1,386,1912,31,SRR10013063,human,in vivo,extracellular,bulk
PB1,391,1797,1,SRR10013063,human,in vivo,extracellular,bulk
PB1,393,1002,1,SRR10013063,human,in vivo,extracellular,bulk
PB1,393,1841,4,SRR10013063,human,in vivo,extracellular,bulk
PB1,400,683,2,SRR10013063,human,in vivo,extracellular,bulk
PB1,403,1915,4,SRR10013063,human,in vivo,extracellular,bulk
PB1,422,1913,7,SRR10013063,human,in vivo,extracellular,bulk
PB1,430,1787,1,SRR10013063,human,in vivo,extracellular,bulk
PB1,443,1647,2,SRR10013063,human,in vivo,extracellular,bulk
PB1,448,1652,1,SRR10013063,human,in vivo,extracellular,bulk
PB1,450,1789,4,SRR10013063,human,in vivo,extracellular,bulk
PB1,452,1757,1,SRR10013063,human,in vivo,extracellular,bulk
PB1,454,1657,1,SRR10013063,human,in vivo,extracellular,bulk
PB1,459,1811,3,SRR10013063,human,in vivo,extracellular,bulk
PB1,461,1983,4,SRR10013063,human,in vivo,extracellular,bulk
PB1,487,1831,1,SRR10013063,human,in vivo,extracellular,bulk
PB1,500,1903,2,SRR10013063,human,in vivo,extracellular,bulk
PB1,509,1600,3,SRR10013063,human,in vivo,extracellular,bulk
PB1,509,1863,2,SRR10013063,human,in vivo,extracellular,bulk
PB1,509,1890,1,SRR10013063,human,in vivo,extracellular,bulk
PB1,512,1889,2,SRR10013063,human,in vivo,extracellular,bulk
PB1,513,1747,2,SRR10013063,human,in vivo,extracellular,bulk
PB1,514,1832,2,SRR10013063,human,in vivo,extracellular,bulk
PB1,525,1767,1,SRR10013063,human,in vivo,extracellular,bulk
PB1,52,1676,1,SRR10013063,human,in vivo,extracellular,bulk
PB1,541,1477,1,SRR10013063,human,in vivo,extracellular,bulk
PB1,542,1845,10,SRR10013063,human,in vivo,extracellular,bulk
PB1,542,1856,5,SRR10013063,human,in vivo,extracellular,bulk
PB1,543,1786,2,SRR10013063,human,in vivo,extracellular,bulk
PB1,585,1772,3,SRR10013063,human,in vivo,extracellular,bulk
PB1,585,1798,2,SRR10013063,human,in vivo,extracellular,bulk
PB1,592,1906,1,SRR10013063,human,in vivo,extracellular,bulk
PB1,594,1781,30,SRR10013063,human,in vivo,extracellular,bulk
PB1,594,1799,2,SRR10013063,human,in vivo,extracellular,bulk
PB1,599,882,1,SRR10013063,human,in vivo,extracellular,bulk
PB1,611,1844,1,SRR10013063,human,in vivo,extracellular,bulk
PB1,626,1731,1,SRR10013063,human,in vivo,extracellular,bulk
PB1,627,1772,10,SRR10013063,human,in vivo,extracellular,bulk
PB1,629,1757,5,SRR10013063,human,in vivo,extracellular,bulk
PB1,632,1737,11,SRR10013063,human,in vivo,extracellular,bulk
PB1,633,1903,1,SRR10013063,human,in vivo,extracellular,bulk
PB1,640,1756,1,SRR10013063,human,in vivo,extracellular,bulk
PB1,641,1854,20,SRR10013063,human,in vivo,extracellular,bulk
PB1,647,1749,3,SRR10013063,human,in vivo,extracellular,bulk
PB1,690,1591,1,SRR10013063,human,in vivo,extracellular,bulk
PB1,693,1594,13,SRR10013063,human,in vivo,extracellular,bulk
PB1,697,1594,7,SRR10013063,human,in vivo,extracellular,bulk
PB1,711,1371,1,SRR10013063,human,in vivo,extracellular,bulk
PB1,717,1564,10,SRR10013063,human,in vivo,extracellular,bulk
PB1,720,1669,5,SRR10013063,human,in vivo,extracellular,bulk
PB1,726,1675,6,SRR10013063,human,in vivo,extracellular,bulk
PB1,732,1771,1,SRR10013063,human,in vivo,extracellular,bulk
PB1,738,1541,8,SRR10013063,human,in vivo,extracellular,bulk
PB1,739,1840,1,SRR10013063,human,in vivo,extracellular,bulk
PB1,755,1539,3,SRR10013063,human,in vivo,extracellular,bulk
PB1,756,1567,1,SRR10013063,human,in vivo,extracellular,bulk
PB1,758,1485,2,SRR10013063,human,in vivo,extracellular,bulk
PB1,758,1573,13,SRR10013063,human,in vivo,extracellular,bulk
PB1,759,1625,4,SRR10013063,human,in vivo,extracellular,bulk
PB1,767,1580,1,SRR10013063,human,in vivo,extracellular,bulk
PB1,803,1609,5,SRR10013063,human,in vivo,extracellular,bulk
PB1,814,1449,1,SRR10013063,human,in vivo,extracellular,bulk
PB1,814,1588,9,SRR10013063,human,in vivo,extracellular,bulk
PB1,818,1485,7,SRR10013063,human,in vivo,extracellular,bulk
PB1,819,1435,4,SRR10013063,human,in vivo,extracellular,bulk
PB1,819,1609,1,SRR10013063,human,in vivo,extracellular,bulk
PB1,820,1588,7,SRR10013063,human,in vivo,extracellular,bulk
PB1,820,1595,5,SRR10013063,human,in vivo,extracellular,bulk
PB1,825,1607,1,SRR10013063,human,in vivo,extracellular,bulk
PB1,826,1569,3,SRR10013063,human,in vivo,extracellular,bulk
PB1,828,1459,32,SRR10013063,human,in vivo,extracellular,bulk
PB1,828,1674,2,SRR10013063,human,in vivo,extracellular,bulk
PB1,829,1450,3,SRR10013063,human,in vivo,extracellular,bulk
PB1,829,1486,6,SRR10013063,human,in vivo,extracellular,bulk
PB1,829,1498,10,SRR10013063,human,in vivo,extracellular,bulk
PB1,829,1520,1,SRR10013063,human,in vivo,extracellular,bulk
PB1,829,1542,6,SRR10013063,human,in vivo,extracellular,bulk
PB1,830,1482,1,SRR10013063,human,in vivo,extracellular,bulk
PB1,830,1588,5,SRR10013063,human,in vivo,extracellular,bulk
PB1,830,1596,1,SRR10013063,human,in vivo,extracellular,bulk
PB1,832,1551,1,SRR10013063,human,in vivo,extracellular,bulk
PB1,833,1429,9,SRR10013063,human,in vivo,extracellular,bulk
PB1,833,1551,15,SRR10013063,human,in vivo,extracellular,bulk
PB1,834,1559,3,SRR10013063,human,in vivo,extracellular,bulk
PB1,866,1510,9,SRR10013063,human,in vivo,extracellular,bulk
PB1,866,1557,6,SRR10013063,human,in vivo,extracellular,bulk
PB1,866,1596,2,SRR10013063,human,in vivo,extracellular,bulk
PB1,867,1557,2,SRR10013063,human,in vivo,extracellular,bulk
PB1,86,1832,1,SRR10013063,human,in vivo,extracellular,bulk
PB1,873,1459,3,SRR10013063,human,in vivo,extracellular,bulk
PB1,873,1495,7,SRR10013063,human,in vivo,extracellular,bulk
PB1,873,1593,3,SRR10013063,human,in vivo,extracellular,bulk
PB1,873,1608,4,SRR10013063,human,in vivo,extracellular,bulk
PB1,887,1508,5,SRR10013063,human,in vivo,extracellular,bulk
PB1,892,1586,4,SRR10013063,human,in vivo,extracellular,bulk
PB1,895,1448,2,SRR10013063,human,in vivo,extracellular,bulk
PB1,897,1474,1,SRR10013063,human,in vivo,extracellular,bulk
PB1,906,1496,9,SRR10013063,human,in vivo,extracellular,bulk
PB1,907,1486,4,SRR10013063,human,in vivo,extracellular,bulk
PB1,907,1541,5,SRR10013063,human,in vivo,extracellular,bulk
PB1,907,1796,2,SRR10013063,human,in vivo,extracellular,bulk
PB1,908,1631,7,SRR10013063,human,in vivo,extracellular,bulk
PB1,909,1419,1,SRR10013063,human,in vivo,extracellular,bulk
PB1,911,1557,1,SRR10013063,human,in vivo,extracellular,bulk
PB1,933,1557,6,SRR10013063,human,in vivo,extracellular,bulk
PB1,959,1485,8,SRR10013063,human,in vivo,extracellular,bulk
PB1,990,1492,4,SRR10013063,human,in vivo,extracellular,bulk
PB2,1015,1676,1,SRR10013063,human,in vivo,extracellular,bulk
PB2,1019,1455,1,SRR10013063,human,in vivo,extracellular,bulk
PB2,1059,2080,1,SRR10013063,human,in vivo,extracellular,bulk
PB2,1064,1852,1,SRR10013063,human,in vivo,extracellular,bulk
PB2,1088,2023,19,SRR10013063,human,in vivo,extracellular,bulk
PB2,1117,1209,1,SRR10013063,human,in vivo,extracellular,bulk
PB2,1136,1281,1,SRR10013063,human,in vivo,extracellular,bulk
PB2,1147,1451,1,SRR10013063,human,in vivo,extracellular,bulk
PB2,1160,2226,1,SRR10013063,human,in vivo,extracellular,bulk
PB2,1175,2084,1,SRR10013063,human,in vivo,extracellular,bulk
PB2,1258,2027,1,SRR10013063,human,in vivo,extracellular,bulk
PB2,1384,2211,1,SRR10013063,human,in vivo,extracellular,bulk
PB2,1394,2125,1,SRR10013063,human,in vivo,extracellular,bulk
PB2,1401,2138,1,SRR10013063,human,in vivo,extracellular,bulk
PB2,1406,1523,1,SRR10013063,human,in vivo,extracellular,bulk
PB2,1407,1914,1,SRR10013063,human,in vivo,extracellular,bulk
PB2,1414,1825,1,SRR10013063,human,in vivo,extracellular,bulk
PB2,145,989,1,SRR10013063,human,in vivo,extracellular,bulk
PB2,1491,1581,1,SRR10013063,human,in vivo,extracellular,bulk
PB2,149,1952,4,SRR10013063,human,in vivo,extracellular,bulk
PB2,1549,2057,1,SRR10013063,human,in vivo,extracellular,bulk
PB2,1620,1784,1,SRR10013063,human,in vivo,extracellular,bulk
PB2,1638,1804,1,SRR10013063,human,in vivo,extracellular,bulk
PB2,1656,1905,6,SRR10013063,human,in vivo,extracellular,bulk
PB2,1675,1928,1,SRR10013063,human,in vivo,extracellular,bulk
PB2,167,1529,1,SRR10013063,human,in vivo,extracellular,bulk
PB2,1708,2244,1,SRR10013063,human,in vivo,extracellular,bulk
PB2,1714,1828,2,SRR10013063,human,in vivo,extracellular,bulk
PB2,1715,1833,1,SRR10013063,human,in vivo,extracellular,bulk
PB2,171,2024,1,SRR10013063,human,in vivo,extracellular,bulk
PB2,1739,1768,1,SRR10013063,human,in vivo,extracellular,bulk
PB2,1753,2000,1,SRR10013063,human,in vivo,extracellular,bulk
PB2,1755,1979,1,SRR10013063,human,in vivo,extracellular,bulk
PB2,1785,2299,1,SRR10013063,human,in vivo,extracellular,bulk
PB2,1791,2325,1,SRR10013063,human,in vivo,extracellular,bulk
PB2,1816,2227,1,SRR10013063,human,in vivo,extracellular,bulk
PB2,1880,2128,1,SRR10013063,human,in vivo,extracellular,bulk
PB2,189,2180,18,SRR10013063,human,in vivo,extracellular,bulk
PB2,1922,2196,1,SRR10013063,human,in vivo,extracellular,bulk
PB2,1953,2004,1,SRR10013063,human,in vivo,extracellular,bulk
PB2,2096,2225,1,SRR10013063,human,in vivo,extracellular,bulk
PB2,215,1687,1,SRR10013063,human,in vivo,extracellular,bulk
PB2,239,2176,1,SRR10013063,human,in vivo,extracellular,bulk
PB2,241,2151,1,SRR10013063,human,in vivo,extracellular,bulk
PB2,244,2125,60,SRR10013063,human,in vivo,extracellular,bulk
PB2,244,2144,45,SRR10013063,human,in vivo,extracellular,bulk
PB2,281,2034,1,SRR10013063,human,in vivo,extracellular,bulk
PB2,283,2036,9,SRR10013063,human,in vivo,extracellular,bulk
PB2,329,2123,1,SRR10013063,human,in vivo,extracellular,bulk
PB2,339,1189,1,SRR10013063,human,in vivo,extracellular,bulk
PB2,342,1313,1,SRR10013063,human,in vivo,extracellular,bulk
PB2,361,1687,1,SRR10013063,human,in vivo,extracellular,bulk
PB2,408,1706,9,SRR10013063,human,in vivo,extracellular,bulk
PB2,412,1930,8,SRR10013063,human,in vivo,extracellular,bulk
PB2,429,1777,1,SRR10013063,human,in vivo,extracellular,bulk
PB2,443,2020,15,SRR10013063,human,in vivo,extracellular,bulk
PB2,44,2070,1,SRR10013063,human,in vivo,extracellular,bulk
PB2,451,1430,1,SRR10013063,human,in vivo,extracellular,bulk
PB2,456,1022,1,SRR10013063,human,in vivo,extracellular,bulk
PB2,457,2080,1,SRR10013063,human,in vivo,extracellular,bulk
PB2,461,1983,1,SRR10013063,human,in vivo,extracellular,bulk
PB2,46,452,2,SRR10013063,human,in vivo,extracellular,bulk
PB2,472,826,1,SRR10013063,human,in vivo,extracellular,bulk
PB2,509,1910,4,SRR10013063,human,in vivo,extracellular,bulk
PB2,518,1928,16,SRR10013063,human,in vivo,extracellular,bulk
PB2,531,1413,1,SRR10013063,human,in vivo,extracellular,bulk
PB2,531,1523,1,SRR10013063,human,in vivo,extracellular,bulk
PB2,556,2191,1,SRR10013063,human,in vivo,extracellular,bulk
PB2,572,1690,1,SRR10013063,human,in vivo,extracellular,bulk
PB2,572,1916,1,SRR10013063,human,in vivo,extracellular,bulk
PB2,576,1872,9,SRR10013063,human,in vivo,extracellular,bulk
PB2,582,1074,2,SRR10013063,human,in vivo,extracellular,bulk
PB2,585,1776,1,SRR10013063,human,in vivo,extracellular,bulk
PB2,586,1758,6,SRR10013063,human,in vivo,extracellular,bulk
PB2,593,1300,1,SRR10013063,human,in vivo,extracellular,bulk
PB2,593,1734,1,SRR10013063,human,in vivo,extracellular,bulk
PB2,597,1961,2,SRR10013063,human,in vivo,extracellular,bulk
PB2,598,1824,4,SRR10013063,human,in vivo,extracellular,bulk
PB2,600,1160,3,SRR10013063,human,in vivo,extracellular,bulk
PB2,600,1937,5,SRR10013063,human,in vivo,extracellular,bulk
PB2,603,1060,1,SRR10013063,human,in vivo,extracellular,bulk
PB2,607,1064,1,SRR10013063,human,in vivo,extracellular,bulk
PB2,607,1181,1,SRR10013063,human,in vivo,extracellular,bulk
PB2,607,1696,1,SRR10013063,human,in vivo,extracellular,bulk
PB2,608,1748,7,SRR10013063,human,in vivo,extracellular,bulk
PB2,610,1761,16,SRR10013063,human,in vivo,extracellular,bulk
PB2,621,1690,23,SRR10013063,human,in vivo,extracellular,bulk
PB2,622,1688,5,SRR10013063,human,in vivo,extracellular,bulk
PB2,637,1911,21,SRR10013063,human,in vivo,extracellular,bulk
PB2,643,1708,85,SRR10013063,human,in vivo,extracellular,bulk
PB2,643,1818,1,SRR10013063,human,in vivo,extracellular,bulk
PB2,652,1690,1,SRR10013063,human,in vivo,extracellular,bulk
PB2,653,1697,15,SRR10013063,human,in vivo,extracellular,bulk
PB2,65,1911,1,SRR10013063,human,in vivo,extracellular,bulk
PB2,667,1814,1,SRR10013063,human,in vivo,extracellular,bulk
PB2,670,1767,7,SRR10013063,human,in vivo,extracellular,bulk
PB2,676,1788,1,SRR10013063,human,in vivo,extracellular,bulk
PB2,679,1700,5,SRR10013063,human,in vivo,extracellular,bulk
PB2,704,973,1,SRR10013063,human,in vivo,extracellular,bulk
PB2,706,1820,4,SRR10013063,human,in vivo,extracellular,bulk
PB2,70,1651,1,SRR10013063,human,in vivo,extracellular,bulk
PB2,716,2226,1,SRR10013063,human,in vivo,extracellular,bulk
PB2,718,1834,90,SRR10013063,human,in vivo,extracellular,bulk
PB2,733,1752,8,SRR10013063,human,in vivo,extracellular,bulk
PB2,73,687,1,SRR10013063,human,in vivo,extracellular,bulk
PB2,741,1752,2,SRR10013063,human,in vivo,extracellular,bulk
PB2,748,1127,1,SRR10013063,human,in vivo,extracellular,bulk
PB2,751,1771,1,SRR10013063,human,in vivo,extracellular,bulk
PB2,80,1631,1,SRR10013063,human,in vivo,extracellular,bulk
PB2,841,1575,9,SRR10013063,human,in vivo,extracellular,bulk
PB2,845,1466,1,SRR10013063,human,in vivo,extracellular,bulk
PB2,852,1468,7,SRR10013063,human,in vivo,extracellular,bulk
PB2,853,1574,6,SRR10013063,human,in vivo,extracellular,bulk
PB2,853,1619,3,SRR10013063,human,in vivo,extracellular,bulk
PB2,859,2166,1,SRR10013063,human,in vivo,extracellular,bulk
PB2,86,1498,2,SRR10013063,human,in vivo,extracellular,bulk
PB2,87,1783,1,SRR10013063,human,in vivo,extracellular,bulk
PB2,918,1483,1,SRR10013063,human,in vivo,extracellular,bulk
PB2,962,1494,1,SRR10013063,human,in vivo,extracellular,bulk
PA,1089,1200,1,SRR10013063,human,in vivo,extracellular,bulk
PA,112,1732,1,SRR10013063,human,in vivo,extracellular,bulk
PA,1410,1519,2,SRR10013063,human,in vivo,extracellular,bulk
PA,156,2175,1,SRR10013063,human,in vivo,extracellular,bulk
PA,1744,2039,1,SRR10013063,human,in vivo,extracellular,bulk
PA,1846,2036,1,SRR10013063,human,in vivo,extracellular,bulk
PA,202,1431,1,SRR10013063,human,in vivo,extracellular,bulk
PA,202,827,1,SRR10013063,human,in vivo,extracellular,bulk
PA,2056,2117,1,SRR10013063,human,in vivo,extracellular,bulk
PA,213,635,1,SRR10013063,human,in vivo,extracellular,bulk
PA,232,1677,1,SRR10013063,human,in vivo,extracellular,bulk
PA,259,1071,1,SRR10013063,human,in vivo,extracellular,bulk
PA,271,701,1,SRR10013063,human,in vivo,extracellular,bulk
PA,285,861,2,SRR10013063,human,in vivo,extracellular,bulk
PA,306,1634,1,SRR10013063,human,in vivo,extracellular,bulk
PA,313,1498,1,SRR10013063,human,in vivo,extracellular,bulk
PA,328,1649,1,SRR10013063,human,in vivo,extracellular,bulk
PA,367,1898,5,SRR10013063,human,in vivo,extracellular,bulk
PA,371,1899,5,SRR10013063,human,in vivo,extracellular,bulk
PA,411,868,1,SRR10013063,human,in vivo,extracellular,bulk
PA,413,1657,2,SRR10013063,human,in vivo,extracellular,bulk
PA,431,1430,1,SRR10013063,human,in vivo,extracellular,bulk
PA,464,1834,3,SRR10013063,human,in vivo,extracellular,bulk
PA,496,1794,4,SRR10013063,human,in vivo,extracellular,bulk
PA,507,1710,1,SRR10013063,human,in vivo,extracellular,bulk
PA,518,1719,14,SRR10013063,human,in vivo,extracellular,bulk
PA,524,1741,1,SRR10013063,human,in vivo,extracellular,bulk
PA,531,1505,1,SRR10013063,human,in vivo,extracellular,bulk
PA,531,1703,8,SRR10013063,human,in vivo,extracellular,bulk
PA,535,2166,1,SRR10013063,human,in vivo,extracellular,bulk
PA,562,1714,19,SRR10013063,human,in vivo,extracellular,bulk
PA,562,1752,4,SRR10013063,human,in vivo,extracellular,bulk
PA,578,1641,1,SRR10013063,human,in vivo,extracellular,bulk
PA,643,1629,2,SRR10013063,human,in vivo,extracellular,bulk
PA,644,1920,1,SRR10013063,human,in vivo,extracellular,bulk
PA,645,1617,1,SRR10013063,human,in vivo,extracellular,bulk
PA,647,1542,1,SRR10013063,human,in vivo,extracellular,bulk
PA,653,1624,10,SRR10013063,human,in vivo,extracellular,bulk
PA,659,1572,26,SRR10013063,human,in vivo,extracellular,bulk
PA,662,1639,5,SRR10013063,human,in vivo,extracellular,bulk
PA,672,1811,9,SRR10013063,human,in vivo,extracellular,bulk
PA,692,1440,4,SRR10013063,human,in vivo,extracellular,bulk
PA,706,1615,10,SRR10013063,human,in vivo,extracellular,bulk
PA,720,1508,12,SRR10013063,human,in vivo,extracellular,bulk
PA,727,1521,1,SRR10013063,human,in vivo,extracellular,bulk
PA,768,1615,2,SRR10013063,human,in vivo,extracellular,bulk
PA,777,1553,2,SRR10013063,human,in vivo,extracellular,bulk
PA,779,1488,2,SRR10013063,human,in vivo,extracellular,bulk
PA,77,924,1,SRR10013063,human,in vivo,extracellular,bulk
PA,811,1683,1,SRR10013063,human,in vivo,extracellular,bulk
PA,837,1837,11,SRR10013063,human,in vivo,extracellular,bulk
PA,840,1504,2,SRR10013063,human,in vivo,extracellular,bulk
PA,85,1151,1,SRR10013063,human,in vivo,extracellular,bulk
PA,952,1393,2,SRR10013063,human,in vivo,extracellular,bulk
HA,1102,1517,1,SRR10013063,human,in vivo,extracellular,bulk
HA,117,988,1,SRR10013063,human,in vivo,extracellular,bulk
HA,120,397,1,SRR10013063,human,in vivo,extracellular,bulk
HA,1335,1635,1,SRR10013063,human,in vivo,extracellular,bulk
HA,134,402,1,SRR10013063,human,in vivo,extracellular,bulk
HA,1371,1450,2,SRR10013063,human,in vivo,extracellular,bulk
HA,1372,1652,1,SRR10013063,human,in vivo,extracellular,bulk
HA,1463,1838,1,SRR10013063,human,in vivo,extracellular,bulk
HA,1465,1581,4,SRR10013063,human,in vivo,extracellular,bulk
HA,1524,1666,1,SRR10013063,human,in vivo,extracellular,bulk
HA,210,1576,12,SRR10013063,human,in vivo,extracellular,bulk
HA,216,1594,1,SRR10013063,human,in vivo,extracellular,bulk
HA,219,1628,3,SRR10013063,human,in vivo,extracellular,bulk
HA,284,1066,13,SRR10013063,human,in vivo,extracellular,bulk
HA,284,1108,1,SRR10013063,human,in vivo,extracellular,bulk
HA,284,1577,2,SRR10013063,human,in vivo,extracellular,bulk
HA,346,1557,8,SRR10013063,human,in vivo,extracellular,bulk
HA,359,820,1,SRR10013063,human,in vivo,extracellular,bulk
HA,362,1527,4,SRR10013063,human,in vivo,extracellular,bulk
HA,366,1811,2,SRR10013063,human,in vivo,extracellular,bulk
HA,392,1577,18,SRR10013063,human,in vivo,extracellular,bulk
HA,445,1587,1,SRR10013063,human,in vivo,extracellular,bulk
HA,63,1635,1,SRR10013063,human,in vivo,extracellular,bulk
HA,668,1265,1,SRR10013063,human,in vivo,extracellular,bulk
HA,66,1027,1,SRR10013063,human,in vivo,extracellular,bulk
HA,753,1199,1,SRR10013063,human,in vivo,extracellular,bulk
HA,785,1102,1,SRR10013063,human,in vivo,extracellular,bulk
HA,803,828,1,SRR10013063,human,in vivo,extracellular,bulk
HA,833,1021,1,SRR10013063,human,in vivo,extracellular,bulk
HA,893,986,1,SRR10013063,human,in vivo,extracellular,bulk
HA,899,1205,3,SRR10013063,human,in vivo,extracellular,bulk
HA,926,1269,1,SRR10013063,human,in vivo,extracellular,bulk
NP,1014,1229,2,SRR10013063,human,in vivo,extracellular,bulk
NP,140,1602,1,SRR10013063,human,in vivo,extracellular,bulk
NP,1411,1710,1,SRR10013063,human,in vivo,extracellular,bulk
NP,1681,1713,3,SRR10013063,human,in vivo,extracellular,bulk
NP,225,1168,1,SRR10013063,human,in vivo,extracellular,bulk
NP,291,1451,1,SRR10013063,human,in vivo,extracellular,bulk
NP,292,1510,1,SRR10013063,human,in vivo,extracellular,bulk
NP,434,1520,1,SRR10013063,human,in vivo,extracellular,bulk
NP,478,1553,1,SRR10013063,human,in vivo,extracellular,bulk
NP,479,891,1,SRR10013063,human,in vivo,extracellular,bulk
NP,591,1114,2,SRR10013063,human,in vivo,extracellular,bulk
NP,756,1279,1,SRR10013063,human,in vivo,extracellular,bulk
NP,774,832,1,SRR10013063,human,in vivo,extracellular,bulk
NP,785,1169,1,SRR10013063,human,in vivo,extracellular,bulk
NP,849,1159,1,SRR10013063,human,in vivo,extracellular,bulk
NP,894,1246,1,SRR10013063,human,in vivo,extracellular,bulk
NP,947,1146,6,SRR10013063,human,in vivo,extracellular,bulk
NA,101,755,1,SRR10013063,human,in vivo,extracellular,bulk
NA,1116,1163,1,SRR10013063,human,in vivo,extracellular,bulk
NA,1226,1298,1,SRR10013063,human,in vivo,extracellular,bulk
NA,1276,1469,1,SRR10013063,human,in vivo,extracellular,bulk
NA,164,671,1,SRR10013063,human,in vivo,extracellular,bulk
NA,199,1120,1,SRR10013063,human,in vivo,extracellular,bulk
NA,242,1007,6,SRR10013063,human,in vivo,extracellular,bulk
NA,263,299,1,SRR10013063,human,in vivo,extracellular,bulk
NA,312,1047,1,SRR10013063,human,in vivo,extracellular,bulk
NA,328,755,1,SRR10013063,human,in vivo,extracellular,bulk
NA,329,1494,1,SRR10013063,human,in vivo,extracellular,bulk
NA,333,1013,9,SRR10013063,human,in vivo,extracellular,bulk
NA,343,1320,2,SRR10013063,human,in vivo,extracellular,bulk
NA,352,1030,5,SRR10013063,human,in vivo,extracellular,bulk
NA,366,1088,1,SRR10013063,human,in vivo,extracellular,bulk
NA,372,1290,1,SRR10013063,human,in vivo,extracellular,bulk
NA,372,954,1,SRR10013063,human,in vivo,extracellular,bulk
NA,402,574,1,SRR10013063,human,in vivo,extracellular,bulk
NA,403,1087,3,SRR10013063,human,in vivo,extracellular,bulk
NA,419,665,1,SRR10013063,human,in vivo,extracellular,bulk
NA,422,1092,1,SRR10013063,human,in vivo,extracellular,bulk
NA,519,1098,1,SRR10013063,human,in vivo,extracellular,bulk
NA,541,743,1,SRR10013063,human,in vivo,extracellular,bulk
NA,676,1211,1,SRR10013063,human,in vivo,extracellular,bulk
NA,709,950,1,SRR10013063,human,in vivo,extracellular,bulk
NA,756,1105,1,SRR10013063,human,in vivo,extracellular,bulk
NA,859,1104,1,SRR10013063,human,in vivo,extracellular,bulk
M,1034,1085,2,SRR10013063,human,in vivo,extracellular,bulk
M,133,929,1,SRR10013063,human,in vivo,extracellular,bulk
M,159,1004,1,SRR10013063,human,in vivo,extracellular,bulk
M,164,759,1,SRR10013063,human,in vivo,extracellular,bulk
M,284,916,1,SRR10013063,human,in vivo,extracellular,bulk
M,285,388,1,SRR10013063,human,in vivo,extracellular,bulk
M,317,627,1,SRR10013063,human,in vivo,extracellular,bulk
M,346,1070,3,SRR10013063,human,in vivo,extracellular,bulk
M,347,720,1,SRR10013063,human,in vivo,extracellular,bulk
M,36,937,1,SRR10013063,human,in vivo,extracellular,bulk
M,399,646,1,SRR10013063,human,in vivo,extracellular,bulk
M,408,813,1,SRR10013063,human,in vivo,extracellular,bulk
M,413,611,1,SRR10013063,human,in vivo,extracellular,bulk
M,435,764,1,SRR10013063,human,in vivo,extracellular,bulk
M,51,489,1,SRR10013063,human,in vivo,extracellular,bulk
M,592,1003,2,SRR10013063,human,in vivo,extracellular,bulk
M,593,819,1,SRR10013063,human,in vivo,extracellular,bulk
M,631,820,2,SRR10013063,human,in vivo,extracellular,bulk
M,657,760,1,SRR10013063,human,in vivo,extracellular,bulk
M,662,1016,5,SRR10013063,human,in vivo,extracellular,bulk
M,673,814,1,SRR10013063,human,in vivo,extracellular,bulk
M,674,901,2,SRR10013063,human,in vivo,extracellular,bulk
M,692,924,1,SRR10013063,human,in vivo,extracellular,bulk
M,731,1048,1,SRR10013063,human,in vivo,extracellular,bulk
M,744,1002,1,SRR10013063,human,in vivo,extracellular,bulk
M,840,915,1,SRR10013063,human,in vivo,extracellular,bulk
M,86,1045,2,SRR10013063,human,in vivo,extracellular,bulk
NS,197,663,1,SRR10013063,human,in vivo,extracellular,bulk
NS,199,504,1,SRR10013063,human,in vivo,extracellular,bulk
NS,298,723,1,SRR10013063,human,in vivo,extracellular,bulk
NS,779,802,1,SRR10013063,human,in vivo,extracellular,bulk
PB1,1069,1404,1,SRR10013209,human,in vivo,extracellular,bulk
PB1,106,1435,45,SRR10013209,human,in vivo,extracellular,bulk
PB1,106,151,1,SRR10013209,human,in vivo,extracellular,bulk
PB1,107,1936,1,SRR10013209,human,in vivo,extracellular,bulk
PB1,1130,1223,1,SRR10013209,human,in vivo,extracellular,bulk
PB1,1275,2049,1,SRR10013209,human,in vivo,extracellular,bulk
PB1,1289,1794,1,SRR10013209,human,in vivo,extracellular,bulk
PB1,1447,1837,1,SRR10013209,human,in vivo,extracellular,bulk
PB1,146,808,1,SRR10013209,human,in vivo,extracellular,bulk
PB1,1497,1538,1,SRR10013209,human,in vivo,extracellular,bulk
PB1,1517,1782,8,SRR10013209,human,in vivo,extracellular,bulk
PB1,1538,1913,1,SRR10013209,human,in vivo,extracellular,bulk
PB1,1619,1671,1,SRR10013209,human,in vivo,extracellular,bulk
PB1,165,1452,1,SRR10013209,human,in vivo,extracellular,bulk
PB1,1661,2209,1,SRR10013209,human,in vivo,extracellular,bulk
PB1,1774,2031,1,SRR10013209,human,in vivo,extracellular,bulk
PB1,1776,2221,1,SRR10013209,human,in vivo,extracellular,bulk
PB1,1801,2328,1,SRR10013209,human,in vivo,extracellular,bulk
PB1,1854,1934,4,SRR10013209,human,in vivo,extracellular,bulk
PB1,2137,2182,1,SRR10013209,human,in vivo,extracellular,bulk
PB1,234,2163,23,SRR10013209,human,in vivo,extracellular,bulk
PB1,241,1810,11,SRR10013209,human,in vivo,extracellular,bulk
PB1,251,384,1,SRR10013209,human,in vivo,extracellular,bulk
PB1,252,2155,10,SRR10013209,human,in vivo,extracellular,bulk
PB1,293,360,2,SRR10013209,human,in vivo,extracellular,bulk
PB1,298,980,1,SRR10013209,human,in vivo,extracellular,bulk
PB1,311,2057,1,SRR10013209,human,in vivo,extracellular,bulk
PB1,311,2229,1,SRR10013209,human,in vivo,extracellular,bulk
PB1,323,882,1,SRR10013209,human,in vivo,extracellular,bulk
PB1,343,1934,2,SRR10013209,human,in vivo,extracellular,bulk
PB1,352,1704,1,SRR10013209,human,in vivo,extracellular,bulk
PB1,361,1485,7,SRR10013209,human,in vivo,extracellular,bulk
PB1,361,2198,1,SRR10013209,human,in vivo,extracellular,bulk
PB1,366,1935,6,SRR10013209,human,in vivo,extracellular,bulk
PB1,372,1582,1,SRR10013209,human,in vivo,extracellular,bulk
PB1,374,1810,1,SRR10013209,human,in vivo,extracellular,bulk
PB1,384,1817,137,SRR10013209,human,in vivo,extracellular,bulk
PB1,386,1912,14,SRR10013209,human,in vivo,extracellular,bulk
PB1,393,1841,1,SRR10013209,human,in vivo,extracellular,bulk
PB1,406,1912,1,SRR10013209,human,in vivo,extracellular,bulk
PB1,417,1920,1,SRR10013209,human,in vivo,extracellular,bulk
PB1,429,1828,1,SRR10013209,human,in vivo,extracellular,bulk
PB1,433,609,1,SRR10013209,human,in vivo,extracellular,bulk
PB1,44,196,1,SRR10013209,human,in vivo,extracellular,bulk
PB1,459,1811,2,SRR10013209,human,in vivo,extracellular,bulk
PB1,463,1770,3,SRR10013209,human,in vivo,extracellular,bulk
PB1,464,1565,1,SRR10013209,human,in vivo,extracellular,bulk
PB1,487,1831,1,SRR10013209,human,in vivo,extracellular,bulk
PB1,503,722,1,SRR10013209,human,in vivo,extracellular,bulk
PB1,512,1780,4,SRR10013209,human,in vivo,extracellular,bulk
PB1,512,1889,1,SRR10013209,human,in vivo,extracellular,bulk
PB1,513,1747,3,SRR10013209,human,in vivo,extracellular,bulk
PB1,513,1789,1,SRR10013209,human,in vivo,extracellular,bulk
PB1,514,1832,19,SRR10013209,human,in vivo,extracellular,bulk
PB1,542,1746,1,SRR10013209,human,in vivo,extracellular,bulk
PB1,579,1737,1,SRR10013209,human,in vivo,extracellular,bulk
PB1,585,1772,1,SRR10013209,human,in vivo,extracellular,bulk
PB1,594,1157,1,SRR10013209,human,in vivo,extracellular,bulk
PB1,594,1781,34,SRR10013209,human,in vivo,extracellular,bulk
PB1,613,1848,16,SRR10013209,human,in vivo,extracellular,bulk
PB1,627,1772,4,SRR10013209,human,in vivo,extracellular,bulk
PB1,632,1599,1,SRR10013209,human,in vivo,extracellular,bulk
PB1,632,1737,11,SRR10013209,human,in vivo,extracellular,bulk
PB1,633,1903,17,SRR10013209,human,in vivo,extracellular,bulk
PB1,638,1605,4,SRR10013209,human,in vivo,extracellular,bulk
PB1,641,1854,30,SRR10013209,human,in vivo,extracellular,bulk
PB1,644,1737,1,SRR10013209,human,in vivo,extracellular,bulk
PB1,645,1846,15,SRR10013209,human,in vivo,extracellular,bulk
PB1,649,1737,2,SRR10013209,human,in vivo,extracellular,bulk
PB1,685,1503,1,SRR10013209,human,in vivo,extracellular,bulk
PB1,694,1595,6,SRR10013209,human,in vivo,extracellular,bulk
PB1,701,1608,2,SRR10013209,human,in vivo,extracellular,bulk
PB1,702,1631,1,SRR10013209,human,in vivo,extracellular,bulk
PB1,703,1586,6,SRR10013209,human,in vivo,extracellular,bulk
PB1,706,1584,5,SRR10013209,human,in vivo,extracellular,bulk
PB1,714,1583,5,SRR10013209,human,in vivo,extracellular,bulk
PB1,717,1546,1,SRR10013209,human,in vivo,extracellular,bulk
PB1,717,1564,10,SRR10013209,human,in vivo,extracellular,bulk
PB1,726,1675,7,SRR10013209,human,in vivo,extracellular,bulk
PB1,728,1539,4,SRR10013209,human,in vivo,extracellular,bulk
PB1,728,1556,12,SRR10013209,human,in vivo,extracellular,bulk
PB1,729,1511,6,SRR10013209,human,in vivo,extracellular,bulk
PB1,729,1601,9,SRR10013209,human,in vivo,extracellular,bulk
PB1,738,1541,7,SRR10013209,human,in vivo,extracellular,bulk
PB1,739,1541,7,SRR10013209,human,in vivo,extracellular,bulk
PB1,745,1532,1,SRR10013209,human,in vivo,extracellular,bulk
PB1,756,1567,1,SRR10013209,human,in vivo,extracellular,bulk
PB1,758,1485,1,SRR10013209,human,in vivo,extracellular,bulk
PB1,758,1599,1,SRR10013209,human,in vivo,extracellular,bulk
PB1,759,1542,15,SRR10013209,human,in vivo,extracellular,bulk
PB1,759,1570,4,SRR10013209,human,in vivo,extracellular,bulk
PB1,760,1468,1,SRR10013209,human,in vivo,extracellular,bulk
PB1,760,2049,1,SRR10013209,human,in vivo,extracellular,bulk
PB1,770,1535,1,SRR10013209,human,in vivo,extracellular,bulk
PB1,771,2060,1,SRR10013209,human,in vivo,extracellular,bulk
PB1,773,1506,5,SRR10013209,human,in vivo,extracellular,bulk
PB1,803,1625,6,SRR10013209,human,in vivo,extracellular,bulk
PB1,813,1614,4,SRR10013209,human,in vivo,extracellular,bulk
PB1,813,2263,1,SRR10013209,human,in vivo,extracellular,bulk
PB1,814,1489,1,SRR10013209,human,in vivo,extracellular,bulk
PB1,818,1539,3,SRR10013209,human,in vivo,extracellular,bulk
PB1,819,1467,1,SRR10013209,human,in vivo,extracellular,bulk
PB1,819,1496,16,SRR10013209,human,in vivo,extracellular,bulk
PB1,819,1609,3,SRR10013209,human,in vivo,extracellular,bulk
PB1,820,1489,1,SRR10013209,human,in vivo,extracellular,bulk
PB1,820,1595,7,SRR10013209,human,in vivo,extracellular,bulk
PB1,822,1594,3,SRR10013209,human,in vivo,extracellular,bulk
PB1,825,1617,1,SRR10013209,human,in vivo,extracellular,bulk
PB1,828,1459,44,SRR10013209,human,in vivo,extracellular,bulk
PB1,828,1462,1,SRR10013209,human,in vivo,extracellular,bulk
PB1,828,1615,1,SRR10013209,human,in vivo,extracellular,bulk
PB1,829,1585,2,SRR10013209,human,in vivo,extracellular,bulk
PB1,829,1600,2,SRR10013209,human,in vivo,extracellular,bulk
PB1,830,1482,1,SRR10013209,human,in vivo,extracellular,bulk
PB1,833,1585,18,SRR10013209,human,in vivo,extracellular,bulk
PB1,833,1604,1,SRR10013209,human,in vivo,extracellular,bulk
PB1,83,929,1,SRR10013209,human,in vivo,extracellular,bulk
PB1,85,1427,1,SRR10013209,human,in vivo,extracellular,bulk
PB1,866,1429,1,SRR10013209,human,in vivo,extracellular,bulk
PB1,866,1450,2,SRR10013209,human,in vivo,extracellular,bulk
PB1,866,1475,3,SRR10013209,human,in vivo,extracellular,bulk
PB1,866,1510,4,SRR10013209,human,in vivo,extracellular,bulk
PB1,870,1594,1,SRR10013209,human,in vivo,extracellular,bulk
PB1,872,1477,1,SRR10013209,human,in vivo,extracellular,bulk
PB1,872,1496,3,SRR10013209,human,in vivo,extracellular,bulk
PB1,874,1482,1,SRR10013209,human,in vivo,extracellular,bulk
PB1,876,1586,4,SRR10013209,human,in vivo,extracellular,bulk
PB1,878,1593,2,SRR10013209,human,in vivo,extracellular,bulk
PB1,885,1708,5,SRR10013209,human,in vivo,extracellular,bulk
PB1,888,1486,3,SRR10013209,human,in vivo,extracellular,bulk
PB1,888,1514,3,SRR10013209,human,in vivo,extracellular,bulk
PB1,891,1202,1,SRR10013209,human,in vivo,extracellular,bulk
PB1,892,1586,3,SRR10013209,human,in vivo,extracellular,bulk
PB1,895,1448,6,SRR10013209,human,in vivo,extracellular,bulk
PB1,896,1431,7,SRR10013209,human,in vivo,extracellular,bulk
PB1,896,1445,1,SRR10013209,human,in vivo,extracellular,bulk
PB1,897,1447,2,SRR10013209,human,in vivo,extracellular,bulk
PB1,898,1495,1,SRR10013209,human,in vivo,extracellular,bulk
PB1,903,1498,2,SRR10013209,human,in vivo,extracellular,bulk
PB1,903,1542,19,SRR10013209,human,in vivo,extracellular,bulk
PB1,906,1435,9,SRR10013209,human,in vivo,extracellular,bulk
PB1,910,1429,7,SRR10013209,human,in vivo,extracellular,bulk
PB1,919,1582,1,SRR10013209,human,in vivo,extracellular,bulk
PB1,920,1557,9,SRR10013209,human,in vivo,extracellular,bulk
PB1,92,1981,15,SRR10013209,human,in vivo,extracellular,bulk
PB1,954,1033,1,SRR10013209,human,in vivo,extracellular,bulk
PB1,956,1375,1,SRR10013209,human,in vivo,extracellular,bulk
PB1,97,1422,1,SRR10013209,human,in vivo,extracellular,bulk
PB1,993,1162,1,SRR10013209,human,in vivo,extracellular,bulk
PB2,1016,2178,1,SRR10013209,human,in vivo,extracellular,bulk
PB2,1041,1148,1,SRR10013209,human,in vivo,extracellular,bulk
PB2,1059,2080,2,SRR10013209,human,in vivo,extracellular,bulk
PB2,1097,2086,1,SRR10013209,human,in vivo,extracellular,bulk
PB2,1102,1640,2,SRR10013209,human,in vivo,extracellular,bulk
PB2,1136,1406,1,SRR10013209,human,in vivo,extracellular,bulk
PB2,1167,1760,5,SRR10013209,human,in vivo,extracellular,bulk
PB2,1265,1746,6,SRR10013209,human,in vivo,extracellular,bulk
PB2,1314,1383,1,SRR10013209,human,in vivo,extracellular,bulk
PB2,1323,1699,1,SRR10013209,human,in vivo,extracellular,bulk
PB2,1335,1388,1,SRR10013209,human,in vivo,extracellular,bulk
PB2,1342,1779,1,SRR10013209,human,in vivo,extracellular,bulk
PB2,1364,1824,1,SRR10013209,human,in vivo,extracellular,bulk
PB2,1378,1921,5,SRR10013209,human,in vivo,extracellular,bulk
PB2,1408,1742,1,SRR10013209,human,in vivo,extracellular,bulk
PB2,1416,2062,1,SRR10013209,human,in vivo,extracellular,bulk
PB2,1475,1530,1,SRR10013209,human,in vivo,extracellular,bulk
PB2,1656,1905,4,SRR10013209,human,in vivo,extracellular,bulk
PB2,1662,2228,1,SRR10013209,human,in vivo,extracellular,bulk
PB2,166,2170,11,SRR10013209,human,in vivo,extracellular,bulk
PB2,166,2241,4,SRR10013209,human,in vivo,extracellular,bulk
PB2,1675,1928,3,SRR10013209,human,in vivo,extracellular,bulk
PB2,1685,2173,1,SRR10013209,human,in vivo,extracellular,bulk
PB2,1710,1954,2,SRR10013209,human,in vivo,extracellular,bulk
PB2,1712,1943,3,SRR10013209,human,in vivo,extracellular,bulk
PB2,1714,1828,4,SRR10013209,human,in vivo,extracellular,bulk
PB2,1717,1868,1,SRR10013209,human,in vivo,extracellular,bulk
PB2,1756,1801,1,SRR10013209,human,in vivo,extracellular,bulk
PB2,176,443,1,SRR10013209,human,in vivo,extracellular,bulk
PB2,1787,2200,2,SRR10013209,human,in vivo,extracellular,bulk
PB2,1879,2024,1,SRR10013209,human,in vivo,extracellular,bulk
PB2,1887,2016,1,SRR10013209,human,in vivo,extracellular,bulk
PB2,192,1780,1,SRR10013209,human,in vivo,extracellular,bulk
PB2,1938,2010,1,SRR10013209,human,in vivo,extracellular,bulk
PB2,1952,2170,1,SRR10013209,human,in vivo,extracellular,bulk
PB2,1958,2206,1,SRR10013209,human,in vivo,extracellular,bulk
PB2,1984,2084,1,SRR10013209,human,in vivo,extracellular,bulk
PB2,2059,2247,1,SRR10013209,human,in vivo,extracellular,bulk
PB2,238,2143,8,SRR10013209,human,in vivo,extracellular,bulk
PB2,241,2144,4,SRR10013209,human,in vivo,extracellular,bulk
PB2,243,1138,1,SRR10013209,human,in vivo,extracellular,bulk
PB2,244,2055,36,SRR10013209,human,in vivo,extracellular,bulk
PB2,244,2125,35,SRR10013209,human,in vivo,extracellular,bulk
PB2,244,2144,3,SRR10013209,human,in vivo,extracellular,bulk
PB2,244,2177,2,SRR10013209,human,in vivo,extracellular,bulk
PB2,244,2202,10,SRR10013209,human,in vivo,extracellular,bulk
PB2,245,2139,28,SRR10013209,human,in vivo,extracellular,bulk
PB2,252,582,2,SRR10013209,human,in vivo,extracellular,bulk
PB2,261,2144,7,SRR10013209,human,in vivo,extracellular,bulk
PB2,261,2265,6,SRR10013209,human,in vivo,extracellular,bulk
PB2,277,1058,1,SRR10013209,human,in vivo,extracellular,bulk
PB2,286,1456,1,SRR10013209,human,in vivo,extracellular,bulk
PB2,291,1632,1,SRR10013209,human,in vivo,extracellular,bulk
PB2,309,1144,1,SRR10013209,human,in vivo,extracellular,bulk
PB2,330,2086,1,SRR10013209,human,in vivo,extracellular,bulk
PB2,358,1040,1,SRR10013209,human,in vivo,extracellular,bulk
PB2,361,2174,1,SRR10013209,human,in vivo,extracellular,bulk
PB2,397,1003,1,SRR10013209,human,in vivo,extracellular,bulk
PB2,397,986,1,SRR10013209,human,in vivo,extracellular,bulk
PB2,406,2177,1,SRR10013209,human,in vivo,extracellular,bulk
PB2,408,1706,14,SRR10013209,human,in vivo,extracellular,bulk
PB2,412,1930,4,SRR10013209,human,in vivo,extracellular,bulk
PB2,418,2036,13,SRR10013209,human,in vivo,extracellular,bulk
PB2,419,1007,1,SRR10013209,human,in vivo,extracellular,bulk
PB2,436,1655,1,SRR10013209,human,in vivo,extracellular,bulk
PB2,442,1773,1,SRR10013209,human,in vivo,extracellular,bulk
PB2,443,2241,1,SRR10013209,human,in vivo,extracellular,bulk
PB2,447,2179,1,SRR10013209,human,in vivo,extracellular,bulk
PB2,44,2070,1,SRR10013209,human,in vivo,extracellular,bulk
PB2,454,1982,1,SRR10013209,human,in vivo,extracellular,bulk
PB2,45,1028,1,SRR10013209,human,in vivo,extracellular,bulk
PB2,500,1911,11,SRR10013209,human,in vivo,extracellular,bulk
PB2,509,1404,1,SRR10013209,human,in vivo,extracellular,bulk
PB2,529,1064,1,SRR10013209,human,in vivo,extracellular,bulk
PB2,538,1023,1,SRR10013209,human,in vivo,extracellular,bulk
PB2,538,2203,1,SRR10013209,human,in vivo,extracellular,bulk
PB2,551,1872,9,SRR10013209,human,in vivo,extracellular,bulk
PB2,586,1758,45,SRR10013209,human,in vivo,extracellular,bulk
PB2,586,1974,15,SRR10013209,human,in vivo,extracellular,bulk
PB2,590,1155,1,SRR10013209,human,in vivo,extracellular,bulk
PB2,592,1858,12,SRR10013209,human,in vivo,extracellular,bulk
PB2,592,1947,5,SRR10013209,human,in vivo,extracellular,bulk
PB2,597,1529,1,SRR10013209,human,in vivo,extracellular,bulk
PB2,600,1160,2,SRR10013209,human,in vivo,extracellular,bulk
PB2,600,1937,9,SRR10013209,human,in vivo,extracellular,bulk
PB2,602,1767,21,SRR10013209,human,in vivo,extracellular,bulk
PB2,606,1166,1,SRR10013209,human,in vivo,extracellular,bulk
PB2,607,1542,1,SRR10013209,human,in vivo,extracellular,bulk
PB2,607,1696,1,SRR10013209,human,in vivo,extracellular,bulk
PB2,610,1587,8,SRR10013209,human,in vivo,extracellular,bulk
PB2,610,1761,9,SRR10013209,human,in vivo,extracellular,bulk
PB2,617,1075,1,SRR10013209,human,in vivo,extracellular,bulk
PB2,617,1747,9,SRR10013209,human,in vivo,extracellular,bulk
PB2,618,1908,2,SRR10013209,human,in vivo,extracellular,bulk
PB2,619,1929,2,SRR10013209,human,in vivo,extracellular,bulk
PB2,621,1690,19,SRR10013209,human,in vivo,extracellular,bulk
PB2,622,1688,3,SRR10013209,human,in vivo,extracellular,bulk
PB2,622,1752,5,SRR10013209,human,in vivo,extracellular,bulk
PB2,637,1911,9,SRR10013209,human,in vivo,extracellular,bulk
PB2,641,1828,14,SRR10013209,human,in vivo,extracellular,bulk
PB2,641,1915,1,SRR10013209,human,in vivo,extracellular,bulk
PB2,643,1708,77,SRR10013209,human,in vivo,extracellular,bulk
PB2,645,1085,1,SRR10013209,human,in vivo,extracellular,bulk
PB2,651,1791,1,SRR10013209,human,in vivo,extracellular,bulk
PB2,653,1940,1,SRR10013209,human,in vivo,extracellular,bulk
PB2,670,1767,11,SRR10013209,human,in vivo,extracellular,bulk
PB2,674,1789,1,SRR10013209,human,in vivo,extracellular,bulk
PB2,676,1861,7,SRR10013209,human,in vivo,extracellular,bulk
PB2,679,1700,4,SRR10013209,human,in vivo,extracellular,bulk
PB2,67,966,1,SRR10013209,human,in vivo,extracellular,bulk
PB2,706,1820,1,SRR10013209,human,in vivo,extracellular,bulk
PB2,707,1607,1,SRR10013209,human,in vivo,extracellular,bulk
PB2,710,1329,1,SRR10013209,human,in vivo,extracellular,bulk
PB2,718,1834,81,SRR10013209,human,in vivo,extracellular,bulk
PB2,723,2037,1,SRR10013209,human,in vivo,extracellular,bulk
PB2,733,1752,2,SRR10013209,human,in vivo,extracellular,bulk
PB2,741,1753,9,SRR10013209,human,in vivo,extracellular,bulk
PB2,842,1617,3,SRR10013209,human,in vivo,extracellular,bulk
PB2,86,1498,1,SRR10013209,human,in vivo,extracellular,bulk
PB2,924,1487,5,SRR10013209,human,in vivo,extracellular,bulk
PB2,930,1573,1,SRR10013209,human,in vivo,extracellular,bulk
PB2,932,1788,3,SRR10013209,human,in vivo,extracellular,bulk
PB2,981,2258,1,SRR10013209,human,in vivo,extracellular,bulk
PB2,989,1524,1,SRR10013209,human,in vivo,extracellular,bulk
PA,1010,1161,1,SRR10013209,human,in vivo,extracellular,bulk
PA,1042,1365,1,SRR10013209,human,in vivo,extracellular,bulk
PA,1094,1649,1,SRR10013209,human,in vivo,extracellular,bulk
PA,112,1726,1,SRR10013209,human,in vivo,extracellular,bulk
PA,1248,1856,1,SRR10013209,human,in vivo,extracellular,bulk
PA,125,845,1,SRR10013209,human,in vivo,extracellular,bulk
PA,128,1447,1,SRR10013209,human,in vivo,extracellular,bulk
PA,1517,1566,1,SRR10013209,human,in vivo,extracellular,bulk
PA,156,2175,3,SRR10013209,human,in vivo,extracellular,bulk
PA,1918,2158,1,SRR10013209,human,in vivo,extracellular,bulk
PA,221,2034,2,SRR10013209,human,in vivo,extracellular,bulk
PA,229,2041,1,SRR10013209,human,in vivo,extracellular,bulk
PA,231,1337,1,SRR10013209,human,in vivo,extracellular,bulk
PA,244,1635,1,SRR10013209,human,in vivo,extracellular,bulk
PA,260,655,1,SRR10013209,human,in vivo,extracellular,bulk
PA,268,1077,1,SRR10013209,human,in vivo,extracellular,bulk
PA,268,1466,11,SRR10013209,human,in vivo,extracellular,bulk
PA,273,1081,1,SRR10013209,human,in vivo,extracellular,bulk
PA,274,1555,1,SRR10013209,human,in vivo,extracellular,bulk
PA,276,922,1,SRR10013209,human,in vivo,extracellular,bulk
PA,278,1086,8,SRR10013209,human,in vivo,extracellular,bulk
PA,278,1711,1,SRR10013209,human,in vivo,extracellular,bulk
PA,281,1444,1,SRR10013209,human,in vivo,extracellular,bulk
PA,285,1893,13,SRR10013209,human,in vivo,extracellular,bulk
PA,306,930,1,SRR10013209,human,in vivo,extracellular,bulk
PA,320,973,1,SRR10013209,human,in vivo,extracellular,bulk
PA,367,1898,10,SRR10013209,human,in vivo,extracellular,bulk
PA,432,1923,1,SRR10013209,human,in vivo,extracellular,bulk
PA,440,1721,8,SRR10013209,human,in vivo,extracellular,bulk
PA,477,1836,10,SRR10013209,human,in vivo,extracellular,bulk
PA,485,1771,1,SRR10013209,human,in vivo,extracellular,bulk
PA,488,1824,1,SRR10013209,human,in vivo,extracellular,bulk
PA,489,1826,9,SRR10013209,human,in vivo,extracellular,bulk
PA,496,1794,24,SRR10013209,human,in vivo,extracellular,bulk
PA,511,1808,3,SRR10013209,human,in vivo,extracellular,bulk
PA,518,1719,9,SRR10013209,human,in vivo,extracellular,bulk
PA,524,1083,1,SRR10013209,human,in vivo,extracellular,bulk
PA,524,1733,6,SRR10013209,human,in vivo,extracellular,bulk
PA,529,628,2,SRR10013209,human,in vivo,extracellular,bulk
PA,530,1681,1,SRR10013209,human,in vivo,extracellular,bulk
PA,531,1703,13,SRR10013209,human,in vivo,extracellular,bulk
PA,531,924,1,SRR10013209,human,in vivo,extracellular,bulk
PA,545,1654,2,SRR10013209,human,in vivo,extracellular,bulk
PA,55,587,1,SRR10013209,human,in vivo,extracellular,bulk
PA,562,1714,8,SRR10013209,human,in vivo,extracellular,bulk
PA,599,1514,6,SRR10013209,human,in vivo,extracellular,bulk
PA,649,1627,6,SRR10013209,human,in vivo,extracellular,bulk
PA,658,1079,1,SRR10013209,human,in vivo,extracellular,bulk
PA,671,1539,1,SRR10013209,human,in vivo,extracellular,bulk
PA,676,1688,1,SRR10013209,human,in vivo,extracellular,bulk
PA,67,483,1,SRR10013209,human,in vivo,extracellular,bulk
PA,706,1615,13,SRR10013209,human,in vivo,extracellular,bulk
PA,719,1571,7,SRR10013209,human,in vivo,extracellular,bulk
PA,725,1730,14,SRR10013209,human,in vivo,extracellular,bulk
PA,726,1511,2,SRR10013209,human,in vivo,extracellular,bulk
PA,766,1466,8,SRR10013209,human,in vivo,extracellular,bulk
PA,837,1837,1,SRR10013209,human,in vivo,extracellular,bulk
PA,838,1488,2,SRR10013209,human,in vivo,extracellular,bulk
PA,85,1207,1,SRR10013209,human,in vivo,extracellular,bulk
PA,887,959,2,SRR10013209,human,in vivo,extracellular,bulk
PA,888,1397,1,SRR10013209,human,in vivo,extracellular,bulk
HA,1032,1519,2,SRR10013209,human,in vivo,extracellular,bulk
HA,104,701,1,SRR10013209,human,in vivo,extracellular,bulk
HA,1074,1522,5,SRR10013209,human,in vivo,extracellular,bulk
HA,1094,1640,1,SRR10013209,human,in vivo,extracellular,bulk
HA,1136,1578,8,SRR10013209,human,in vivo,extracellular,bulk
HA,1348,1594,1,SRR10013209,human,in vivo,extracellular,bulk
HA,1370,1578,1,SRR10013209,human,in vivo,extracellular,bulk
HA,1476,1845,1,SRR10013209,human,in vivo,extracellular,bulk
HA,1482,1726,1,SRR10013209,human,in vivo,extracellular,bulk
HA,242,485,1,SRR10013209,human,in vivo,extracellular,bulk
HA,357,468,1,SRR10013209,human,in vivo,extracellular,bulk
HA,374,1591,1,SRR10013209,human,in vivo,extracellular,bulk
HA,384,415,1,SRR10013209,human,in vivo,extracellular,bulk
HA,392,1577,4,SRR10013209,human,in vivo,extracellular,bulk
HA,443,833,1,SRR10013209,human,in vivo,extracellular,bulk
HA,498,718,1,SRR10013209,human,in vivo,extracellular,bulk
HA,50,813,1,SRR10013209,human,in vivo,extracellular,bulk
HA,896,1646,1,SRR10013209,human,in vivo,extracellular,bulk
HA,899,1205,1,SRR10013209,human,in vivo,extracellular,bulk
NP,1303,1407,1,SRR10013209,human,in vivo,extracellular,bulk
NP,150,1402,16,SRR10013209,human,in vivo,extracellular,bulk
NP,1590,1678,1,SRR10013209,human,in vivo,extracellular,bulk
NP,174,1549,16,SRR10013209,human,in vivo,extracellular,bulk
NP,222,566,1,SRR10013209,human,in vivo,extracellular,bulk
NP,273,1250,2,SRR10013209,human,in vivo,extracellular,bulk
NP,342,1573,1,SRR10013209,human,in vivo,extracellular,bulk
NP,516,802,3,SRR10013209,human,in vivo,extracellular,bulk
NP,738,942,1,SRR10013209,human,in vivo,extracellular,bulk
NP,947,1146,3,SRR10013209,human,in vivo,extracellular,bulk
NA,104,477,3,SRR10013209,human,in vivo,extracellular,bulk
NA,105,757,2,SRR10013209,human,in vivo,extracellular,bulk
NA,1077,1502,1,SRR10013209,human,in vivo,extracellular,bulk
NA,111,765,1,SRR10013209,human,in vivo,extracellular,bulk
NA,1130,1477,1,SRR10013209,human,in vivo,extracellular,bulk
NA,171,1324,1,SRR10013209,human,in vivo,extracellular,bulk
NA,177,237,1,SRR10013209,human,in vivo,extracellular,bulk
NA,229,1100,1,SRR10013209,human,in vivo,extracellular,bulk
NA,242,1007,4,SRR10013209,human,in vivo,extracellular,bulk
NA,260,910,1,SRR10013209,human,in vivo,extracellular,bulk
NA,261,302,1,SRR10013209,human,in vivo,extracellular,bulk
NA,352,1030,17,SRR10013209,human,in vivo,extracellular,bulk
NA,366,1088,4,SRR10013209,human,in vivo,extracellular,bulk
NA,372,426,1,SRR10013209,human,in vivo,extracellular,bulk
NA,396,1054,4,SRR10013209,human,in vivo,extracellular,bulk
NA,433,753,1,SRR10013209,human,in vivo,extracellular,bulk
NA,549,759,1,SRR10013209,human,in vivo,extracellular,bulk
NA,601,1015,1,SRR10013209,human,in vivo,extracellular,bulk
NA,619,1016,1,SRR10013209,human,in vivo,extracellular,bulk
NA,619,1364,2,SRR10013209,human,in vivo,extracellular,bulk
NA,668,1302,1,SRR10013209,human,in vivo,extracellular,bulk
NA,701,1293,1,SRR10013209,human,in vivo,extracellular,bulk
NA,760,879,1,SRR10013209,human,in vivo,extracellular,bulk
NA,844,1304,1,SRR10013209,human,in vivo,extracellular,bulk
NA,950,994,1,SRR10013209,human,in vivo,extracellular,bulk
M,106,130,1,SRR10013209,human,in vivo,extracellular,bulk
M,141,769,8,SRR10013209,human,in vivo,extracellular,bulk
M,179,1082,1,SRR10013209,human,in vivo,extracellular,bulk
M,207,1139,1,SRR10013209,human,in vivo,extracellular,bulk
M,228,905,1,SRR10013209,human,in vivo,extracellular,bulk
M,231,731,1,SRR10013209,human,in vivo,extracellular,bulk
M,272,734,1,SRR10013209,human,in vivo,extracellular,bulk
M,346,1070,6,SRR10013209,human,in vivo,extracellular,bulk
M,346,449,1,SRR10013209,human,in vivo,extracellular,bulk
M,386,677,1,SRR10013209,human,in vivo,extracellular,bulk
M,391,1004,1,SRR10013209,human,in vivo,extracellular,bulk
M,392,570,1,SRR10013209,human,in vivo,extracellular,bulk
M,392,823,1,SRR10013209,human,in vivo,extracellular,bulk
M,475,1022,1,SRR10013209,human,in vivo,extracellular,bulk
M,478,1138,1,SRR10013209,human,in vivo,extracellular,bulk
M,517,583,1,SRR10013209,human,in vivo,extracellular,bulk
M,584,1162,1,SRR10013209,human,in vivo,extracellular,bulk
M,593,983,1,SRR10013209,human,in vivo,extracellular,bulk
M,598,987,1,SRR10013209,human,in vivo,extracellular,bulk
M,602,691,1,SRR10013209,human,in vivo,extracellular,bulk
M,61,153,1,SRR10013209,human,in vivo,extracellular,bulk
M,650,1004,1,SRR10013209,human,in vivo,extracellular,bulk
M,662,1016,8,SRR10013209,human,in vivo,extracellular,bulk
M,669,1003,1,SRR10013209,human,in vivo,extracellular,bulk
M,673,696,1,SRR10013209,human,in vivo,extracellular,bulk
M,674,901,1,SRR10013209,human,in vivo,extracellular,bulk
M,678,768,1,SRR10013209,human,in vivo,extracellular,bulk
M,684,1013,1,SRR10013209,human,in vivo,extracellular,bulk
M,687,917,1,SRR10013209,human,in vivo,extracellular,bulk
M,690,1067,1,SRR10013209,human,in vivo,extracellular,bulk
M,690,912,1,SRR10013209,human,in vivo,extracellular,bulk
M,696,911,1,SRR10013209,human,in vivo,extracellular,bulk
M,697,987,1,SRR10013209,human,in vivo,extracellular,bulk
M,701,1016,1,SRR10013209,human,in vivo,extracellular,bulk
M,737,770,1,SRR10013209,human,in vivo,extracellular,bulk
M,771,909,1,SRR10013209,human,in vivo,extracellular,bulk
M,82,719,1,SRR10013209,human,in vivo,extracellular,bulk
M,89,625,1,SRR10013209,human,in vivo,extracellular,bulk
M,90,647,1,SRR10013209,human,in vivo,extracellular,bulk
M,92,731,1,SRR10013209,human,in vivo,extracellular,bulk
M,939,982,1,SRR10013209,human,in vivo,extracellular,bulk
M,952,993,1,SRR10013209,human,in vivo,extracellular,bulk
NS,566,700,1,SRR10013209,human,in vivo,extracellular,bulk
NS,725,916,1,SRR10013209,human,in vivo,extracellular,bulk
NS,757,789,1,SRR10013209,human,in vivo,extracellular,bulk
PB1,124,1643,1,SRR10013241,human,in vivo,extracellular,bulk
PB1,1262,1725,1,SRR10013241,human,in vivo,extracellular,bulk
PB1,130,2034,1,SRR10013241,human,in vivo,extracellular,bulk
PB1,1337,1637,1,SRR10013241,human,in vivo,extracellular,bulk
PB1,137,2101,1,SRR10013241,human,in vivo,extracellular,bulk
PB1,138,1534,2,SRR10013241,human,in vivo,extracellular,bulk
PB1,1550,1721,1,SRR10013241,human,in vivo,extracellular,bulk
PB1,155,918,1,SRR10013241,human,in vivo,extracellular,bulk
PB1,156,2057,1,SRR10013241,human,in vivo,extracellular,bulk
PB1,1579,2216,1,SRR10013241,human,in vivo,extracellular,bulk
PB1,1617,1819,1,SRR10013241,human,in vivo,extracellular,bulk
PB1,1622,2341,1,SRR10013241,human,in vivo,extracellular,bulk
PB1,1635,2195,1,SRR10013241,human,in vivo,extracellular,bulk
PB1,1802,2024,1,SRR10013241,human,in vivo,extracellular,bulk
PB1,1967,2126,1,SRR10013241,human,in vivo,extracellular,bulk
PB1,1986,2194,1,SRR10013241,human,in vivo,extracellular,bulk
PB1,2081,2108,1,SRR10013241,human,in vivo,extracellular,bulk
PB1,2106,2132,2,SRR10013241,human,in vivo,extracellular,bulk
PB1,233,2051,25,SRR10013241,human,in vivo,extracellular,bulk
PB1,270,346,1,SRR10013241,human,in vivo,extracellular,bulk
PB1,287,2070,1,SRR10013241,human,in vivo,extracellular,bulk
PB1,287,2084,1,SRR10013241,human,in vivo,extracellular,bulk
PB1,292,2065,1,SRR10013241,human,in vivo,extracellular,bulk
PB1,292,2075,4,SRR10013241,human,in vivo,extracellular,bulk
PB1,292,340,1,SRR10013241,human,in vivo,extracellular,bulk
PB1,310,2195,1,SRR10013241,human,in vivo,extracellular,bulk
PB1,326,2059,4,SRR10013241,human,in vivo,extracellular,bulk
PB1,387,1745,1,SRR10013241,human,in vivo,extracellular,bulk
PB1,38,1891,2,SRR10013241,human,in vivo,extracellular,bulk
PB1,390,2064,3,SRR10013241,human,in vivo,extracellular,bulk
PB1,399,1713,2,SRR10013241,human,in vivo,extracellular,bulk
PB1,402,1008,1,SRR10013241,human,in vivo,extracellular,bulk
PB1,405,1074,1,SRR10013241,human,in vivo,extracellular,bulk
PB1,415,1542,2,SRR10013241,human,in vivo,extracellular,bulk
PB1,417,1345,1,SRR10013241,human,in vivo,extracellular,bulk
PB1,443,1647,3,SRR10013241,human,in vivo,extracellular,bulk
PB1,447,1937,5,SRR10013241,human,in vivo,extracellular,bulk
PB1,447,2030,1,SRR10013241,human,in vivo,extracellular,bulk
PB1,448,1652,1,SRR10013241,human,in vivo,extracellular,bulk
PB1,452,1942,70,SRR10013241,human,in vivo,extracellular,bulk
PB1,460,1941,1,SRR10013241,human,in vivo,extracellular,bulk
PB1,461,1900,1,SRR10013241,human,in vivo,extracellular,bulk
PB1,465,1807,1,SRR10013241,human,in vivo,extracellular,bulk
PB1,467,1962,3,SRR10013241,human,in vivo,extracellular,bulk
PB1,487,1752,1,SRR10013241,human,in vivo,extracellular,bulk
PB1,493,2075,2,SRR10013241,human,in vivo,extracellular,bulk
PB1,495,1755,1,SRR10013241,human,in vivo,extracellular,bulk
PB1,51,2085,10,SRR10013241,human,in vivo,extracellular,bulk
PB1,520,1863,1,SRR10013241,human,in vivo,extracellular,bulk
PB1,522,1536,1,SRR10013241,human,in vivo,extracellular,bulk
PB1,532,1304,1,SRR10013241,human,in vivo,extracellular,bulk
PB1,542,1755,2,SRR10013241,human,in vivo,extracellular,bulk
PB1,543,1773,1,SRR10013241,human,in vivo,extracellular,bulk
PB1,544,1782,1,SRR10013241,human,in vivo,extracellular,bulk
PB1,545,1570,2,SRR10013241,human,in vivo,extracellular,bulk
PB1,623,1722,1,SRR10013241,human,in vivo,extracellular,bulk
PB1,628,1729,1,SRR10013241,human,in vivo,extracellular,bulk
PB1,630,1713,1,SRR10013241,human,in vivo,extracellular,bulk
PB1,630,1766,2,SRR10013241,human,in vivo,extracellular,bulk
PB1,630,1779,1,SRR10013241,human,in vivo,extracellular,bulk
PB1,632,1669,1,SRR10013241,human,in vivo,extracellular,bulk
PB1,632,1737,1,SRR10013241,human,in vivo,extracellular,bulk
PB1,648,1742,2,SRR10013241,human,in vivo,extracellular,bulk
PB1,68,133,1,SRR10013241,human,in vivo,extracellular,bulk
PB1,690,1697,1,SRR10013241,human,in vivo,extracellular,bulk
PB1,693,1695,1,SRR10013241,human,in vivo,extracellular,bulk
PB1,694,1678,1,SRR10013241,human,in vivo,extracellular,bulk
PB1,708,1569,1,SRR10013241,human,in vivo,extracellular,bulk
PB1,709,1588,2,SRR10013241,human,in vivo,extracellular,bulk
PB1,756,1567,2,SRR10013241,human,in vivo,extracellular,bulk
PB1,76,1821,1,SRR10013241,human,in vivo,extracellular,bulk
PB1,770,2059,1,SRR10013241,human,in vivo,extracellular,bulk
PB1,797,1659,2,SRR10013241,human,in vivo,extracellular,bulk
PB1,809,1481,1,SRR10013241,human,in vivo,extracellular,bulk
PB1,80,1767,3,SRR10013241,human,in vivo,extracellular,bulk
PB1,822,1607,2,SRR10013241,human,in vivo,extracellular,bulk
PB1,829,1500,1,SRR10013241,human,in vivo,extracellular,bulk
PB1,847,1611,1,SRR10013241,human,in vivo,extracellular,bulk
PB1,85,1266,4,SRR10013241,human,in vivo,extracellular,bulk
PB1,86,1312,5,SRR10013241,human,in vivo,extracellular,bulk
PB1,87,1268,3,SRR10013241,human,in vivo,extracellular,bulk
PB1,888,1574,1,SRR10013241,human,in vivo,extracellular,bulk
PB1,893,1643,2,SRR10013241,human,in vivo,extracellular,bulk
PB1,924,1586,1,SRR10013241,human,in vivo,extracellular,bulk
PB1,94,2188,2,SRR10013241,human,in vivo,extracellular,bulk
PB1,955,1352,1,SRR10013241,human,in vivo,extracellular,bulk
PB1,96,1693,3,SRR10013241,human,in vivo,extracellular,bulk
PB1,98,1708,1,SRR10013241,human,in vivo,extracellular,bulk
PB2,1035,1985,2,SRR10013241,human,in vivo,extracellular,bulk
PB2,1059,2080,1,SRR10013241,human,in vivo,extracellular,bulk
PB2,1088,2023,2,SRR10013241,human,in vivo,extracellular,bulk
PB2,1102,1751,3,SRR10013241,human,in vivo,extracellular,bulk
PB2,1116,1148,2,SRR10013241,human,in vivo,extracellular,bulk
PB2,1171,1226,1,SRR10013241,human,in vivo,extracellular,bulk
PB2,118,2207,1,SRR10013241,human,in vivo,extracellular,bulk
PB2,1273,1407,2,SRR10013241,human,in vivo,extracellular,bulk
PB2,1273,2319,1,SRR10013241,human,in vivo,extracellular,bulk
PB2,1338,1634,1,SRR10013241,human,in vivo,extracellular,bulk
PB2,1414,2285,1,SRR10013241,human,in vivo,extracellular,bulk
PB2,144,2172,1,SRR10013241,human,in vivo,extracellular,bulk
PB2,1518,2011,1,SRR10013241,human,in vivo,extracellular,bulk
PB2,160,2142,2,SRR10013241,human,in vivo,extracellular,bulk
PB2,1645,1920,5,SRR10013241,human,in vivo,extracellular,bulk
PB2,166,2170,5,SRR10013241,human,in vivo,extracellular,bulk
PB2,1740,1762,1,SRR10013241,human,in vivo,extracellular,bulk
PB2,1766,1801,3,SRR10013241,human,in vivo,extracellular,bulk
PB2,189,2216,148,SRR10013241,human,in vivo,extracellular,bulk
PB2,190,2217,1,SRR10013241,human,in vivo,extracellular,bulk
PB2,1984,2291,1,SRR10013241,human,in vivo,extracellular,bulk
PB2,1986,2226,1,SRR10013241,human,in vivo,extracellular,bulk
PB2,1997,2142,1,SRR10013241,human,in vivo,extracellular,bulk
PB2,203,2173,8,SRR10013241,human,in vivo,extracellular,bulk
PB2,2176,2332,1,SRR10013241,human,in vivo,extracellular,bulk
PB2,243,2136,6,SRR10013241,human,in vivo,extracellular,bulk
PB2,243,2142,2,SRR10013241,human,in vivo,extracellular,bulk
PB2,243,2175,3,SRR10013241,human,in vivo,extracellular,bulk
PB2,244,2144,6,SRR10013241,human,in vivo,extracellular,bulk
PB2,244,2153,1,SRR10013241,human,in vivo,extracellular,bulk
PB2,244,2206,5,SRR10013241,human,in vivo,extracellular,bulk
PB2,244,267,13,SRR10013241,human,in vivo,extracellular,bulk
PB2,270,1938,2,SRR10013241,human,in vivo,extracellular,bulk
PB2,283,579,1,SRR10013241,human,in vivo,extracellular,bulk
PB2,299,1919,1,SRR10013241,human,in vivo,extracellular,bulk
PB2,347,1984,1,SRR10013241,human,in vivo,extracellular,bulk
PB2,352,1084,2,SRR10013241,human,in vivo,extracellular,bulk
PB2,357,2061,1,SRR10013241,human,in vivo,extracellular,bulk
PB2,358,2166,1,SRR10013241,human,in vivo,extracellular,bulk
PB2,394,1966,1,SRR10013241,human,in vivo,extracellular,bulk
PB2,400,1940,15,SRR10013241,human,in vivo,extracellular,bulk
PB2,415,2014,1,SRR10013241,human,in vivo,extracellular,bulk
PB2,424,1910,5,SRR10013241,human,in vivo,extracellular,bulk
PB2,427,2067,1,SRR10013241,human,in vivo,extracellular,bulk
PB2,428,1928,5,SRR10013241,human,in vivo,extracellular,bulk
PB2,428,2144,1,SRR10013241,human,in vivo,extracellular,bulk
PB2,443,1759,2,SRR10013241,human,in vivo,extracellular,bulk
PB2,444,1753,1,SRR10013241,human,in vivo,extracellular,bulk
PB2,446,1809,1,SRR10013241,human,in vivo,extracellular,bulk
PB2,44,2070,2,SRR10013241,human,in vivo,extracellular,bulk
PB2,451,1752,1,SRR10013241,human,in vivo,extracellular,bulk
PB2,454,1583,2,SRR10013241,human,in vivo,extracellular,bulk
PB2,454,1982,1,SRR10013241,human,in vivo,extracellular,bulk
PB2,458,1973,2,SRR10013241,human,in vivo,extracellular,bulk
PB2,463,1853,1,SRR10013241,human,in vivo,extracellular,bulk
PB2,47,374,1,SRR10013241,human,in vivo,extracellular,bulk
PB2,488,1977,1,SRR10013241,human,in vivo,extracellular,bulk
PB2,489,2064,1,SRR10013241,human,in vivo,extracellular,bulk
PB2,504,2077,1,SRR10013241,human,in vivo,extracellular,bulk
PB2,525,2250,1,SRR10013241,human,in vivo,extracellular,bulk
PB2,536,2148,2,SRR10013241,human,in vivo,extracellular,bulk
PB2,578,1008,1,SRR10013241,human,in vivo,extracellular,bulk
PB2,580,1956,1,SRR10013241,human,in vivo,extracellular,bulk
PB2,591,1752,2,SRR10013241,human,in vivo,extracellular,bulk
PB2,596,1512,1,SRR10013241,human,in vivo,extracellular,bulk
PB2,600,1160,1,SRR10013241,human,in vivo,extracellular,bulk
PB2,611,1998,2,SRR10013241,human,in vivo,extracellular,bulk
PB2,620,1812,3,SRR10013241,human,in vivo,extracellular,bulk
PB2,622,1812,1,SRR10013241,human,in vivo,extracellular,bulk
PB2,624,1471,1,SRR10013241,human,in vivo,extracellular,bulk
PB2,635,1829,2,SRR10013241,human,in vivo,extracellular,bulk
PB2,640,1811,6,SRR10013241,human,in vivo,extracellular,bulk
PB2,647,1861,1,SRR10013241,human,in vivo,extracellular,bulk
PB2,653,1056,1,SRR10013241,human,in vivo,extracellular,bulk
PB2,699,1916,2,SRR10013241,human,in vivo,extracellular,bulk
PB2,718,1736,1,SRR10013241,human,in vivo,extracellular,bulk
PB2,739,1753,1,SRR10013241,human,in vivo,extracellular,bulk
PB2,745,2234,1,SRR10013241,human,in vivo,extracellular,bulk
PB2,748,2068,3,SRR10013241,human,in vivo,extracellular,bulk
PB2,79,1800,1,SRR10013241,human,in vivo,extracellular,bulk
PB2,842,1519,1,SRR10013241,human,in vivo,extracellular,bulk
PB2,843,1392,1,SRR10013241,human,in vivo,extracellular,bulk
PB2,85,1823,2,SRR10013241,human,in vivo,extracellular,bulk
PB2,85,301,1,SRR10013241,human,in vivo,extracellular,bulk
PB2,973,1748,1,SRR10013241,human,in vivo,extracellular,bulk
PB2,977,1380,1,SRR10013241,human,in vivo,extracellular,bulk
PA,1340,1709,1,SRR10013241,human,in vivo,extracellular,bulk
PA,1540,2041,1,SRR10013241,human,in vivo,extracellular,bulk
PA,158,883,1,SRR10013241,human,in vivo,extracellular,bulk
PA,1673,1738,1,SRR10013241,human,in vivo,extracellular,bulk
PA,193,1006,2,SRR10013241,human,in vivo,extracellular,bulk
PA,225,1198,1,SRR10013241,human,in vivo,extracellular,bulk
PA,229,2041,1,SRR10013241,human,in vivo,extracellular,bulk
PA,265,860,6,SRR10013241,human,in vivo,extracellular,bulk
PA,269,369,34,SRR10013241,human,in vivo,extracellular,bulk
PA,274,1131,1,SRR10013241,human,in vivo,extracellular,bulk
PA,274,1555,1,SRR10013241,human,in vivo,extracellular,bulk
PA,274,1952,3,SRR10013241,human,in vivo,extracellular,bulk
PA,274,899,1,SRR10013241,human,in vivo,extracellular,bulk
PA,276,922,3,SRR10013241,human,in vivo,extracellular,bulk
PA,285,1197,1,SRR10013241,human,in vivo,extracellular,bulk
PA,285,1828,1,SRR10013241,human,in vivo,extracellular,bulk
PA,29,120,1,SRR10013241,human,in vivo,extracellular,bulk
PA,301,1487,1,SRR10013241,human,in vivo,extracellular,bulk
PA,330,462,1,SRR10013241,human,in vivo,extracellular,bulk
PA,378,488,1,SRR10013241,human,in vivo,extracellular,bulk
PA,401,1954,2,SRR10013241,human,in vivo,extracellular,bulk
PA,431,1973,1,SRR10013241,human,in vivo,extracellular,bulk
PA,448,1737,2,SRR10013241,human,in vivo,extracellular,bulk
PA,454,2102,90,SRR10013241,human,in vivo,extracellular,bulk
PA,478,1820,1,SRR10013241,human,in vivo,extracellular,bulk
PA,529,1741,1,SRR10013241,human,in vivo,extracellular,bulk
PA,536,1502,2,SRR10013241,human,in vivo,extracellular,bulk
PA,601,1667,2,SRR10013241,human,in vivo,extracellular,bulk
PA,606,2070,1,SRR10013241,human,in vivo,extracellular,bulk
PA,618,1570,1,SRR10013241,human,in vivo,extracellular,bulk
PA,683,756,1,SRR10013241,human,in vivo,extracellular,bulk
PA,684,1441,3,SRR10013241,human,in vivo,extracellular,bulk
PA,707,1743,1,SRR10013241,human,in vivo,extracellular,bulk
PA,730,992,1,SRR10013241,human,in vivo,extracellular,bulk
PA,770,1760,3,SRR10013241,human,in vivo,extracellular,bulk
PA,780,847,1,SRR10013241,human,in vivo,extracellular,bulk
PA,887,959,3,SRR10013241,human,in vivo,extracellular,bulk
PA,914,1136,1,SRR10013241,human,in vivo,extracellular,bulk
PA,915,1642,1,SRR10013241,human,in vivo,extracellular,bulk
PA,921,2074,1,SRR10013241,human,in vivo,extracellular,bulk
PA,945,2126,1,SRR10013241,human,in vivo,extracellular,bulk
PA,95,1714,3,SRR10013241,human,in vivo,extracellular,bulk
PA,992,1271,1,SRR10013241,human,in vivo,extracellular,bulk
HA,1019,1076,1,SRR10013241,human,in vivo,extracellular,bulk
HA,1032,1519,1,SRR10013241,human,in vivo,extracellular,bulk
HA,1094,1503,1,SRR10013241,human,in vivo,extracellular,bulk
HA,110,1307,1,SRR10013241,human,in vivo,extracellular,bulk
HA,1214,1632,1,SRR10013241,human,in vivo,extracellular,bulk
HA,136,1247,1,SRR10013241,human,in vivo,extracellular,bulk
HA,137,1497,1,SRR10013241,human,in vivo,extracellular,bulk
HA,1572,1729,1,SRR10013241,human,in vivo,extracellular,bulk
HA,1575,1699,1,SRR10013241,human,in vivo,extracellular,bulk
HA,185,247,1,SRR10013241,human,in vivo,extracellular,bulk
HA,34,984,1,SRR10013241,human,in vivo,extracellular,bulk
HA,40,165,1,SRR10013241,human,in vivo,extracellular,bulk
HA,47,1437,1,SRR10013241,human,in vivo,extracellular,bulk
HA,825,1013,1,SRR10013241,human,in vivo,extracellular,bulk
NP,1015,1145,1,SRR10013241,human,in vivo,extracellular,bulk
NP,118,252,1,SRR10013241,human,in vivo,extracellular,bulk
NP,1350,1415,1,SRR10013241,human,in vivo,extracellular,bulk
NP,140,1602,1,SRR10013241,human,in vivo,extracellular,bulk
NP,1681,1713,2,SRR10013241,human,in vivo,extracellular,bulk
NP,219,1477,1,SRR10013241,human,in vivo,extracellular,bulk
NP,219,409,1,SRR10013241,human,in vivo,extracellular,bulk
NP,223,845,1,SRR10013241,human,in vivo,extracellular,bulk
NP,273,1250,5,SRR10013241,human,in vivo,extracellular,bulk
NP,286,1397,1,SRR10013241,human,in vivo,extracellular,bulk
NP,294,843,1,SRR10013241,human,in vivo,extracellular,bulk
NP,320,1408,1,SRR10013241,human,in vivo,extracellular,bulk
NP,370,1142,1,SRR10013241,human,in vivo,extracellular,bulk
NP,40,1435,4,SRR10013241,human,in vivo,extracellular,bulk
NP,420,861,1,SRR10013241,human,in vivo,extracellular,bulk
NP,488,1213,1,SRR10013241,human,in vivo,extracellular,bulk
NP,497,1294,1,SRR10013241,human,in vivo,extracellular,bulk
NP,515,801,1,SRR10013241,human,in vivo,extracellular,bulk
NP,543,1192,1,SRR10013241,human,in vivo,extracellular,bulk
NP,588,1623,1,SRR10013241,human,in vivo,extracellular,bulk
NP,826,1216,1,SRR10013241,human,in vivo,extracellular,bulk
NP,849,1277,4,SRR10013241,human,in vivo,extracellular,bulk
NP,866,1531,1,SRR10013241,human,in vivo,extracellular,bulk
NP,894,1246,1,SRR10013241,human,in vivo,extracellular,bulk
NA,1015,1212,2,SRR10013241,human,in vivo,extracellular,bulk
NA,1051,1074,1,SRR10013241,human,in vivo,extracellular,bulk
NA,105,1105,1,SRR10013241,human,in vivo,extracellular,bulk
NA,1354,1422,1,SRR10013241,human,in vivo,extracellular,bulk
NA,1385,1407,1,SRR10013241,human,in vivo,extracellular,bulk
NA,241,391,1,SRR10013241,human,in vivo,extracellular,bulk
NA,254,462,1,SRR10013241,human,in vivo,extracellular,bulk
NA,311,1405,1,SRR10013241,human,in vivo,extracellular,bulk
NA,315,1030,1,SRR10013241,human,in vivo,extracellular,bulk
NA,341,1373,2,SRR10013241,human,in vivo,extracellular,bulk
NA,352,1030,1,SRR10013241,human,in vivo,extracellular,bulk
NA,367,979,1,SRR10013241,human,in vivo,extracellular,bulk
NA,414,1004,1,SRR10013241,human,in vivo,extracellular,bulk
NA,480,1428,1,SRR10013241,human,in vivo,extracellular,bulk
NA,493,1307,1,SRR10013241,human,in vivo,extracellular,bulk
NA,630,754,1,SRR10013241,human,in vivo,extracellular,bulk
NA,631,1089,1,SRR10013241,human,in vivo,extracellular,bulk
NA,656,945,1,SRR10013241,human,in vivo,extracellular,bulk
NA,668,1302,1,SRR10013241,human,in vivo,extracellular,bulk
NA,676,979,1,SRR10013241,human,in vivo,extracellular,bulk
NA,68,109,1,SRR10013241,human,in vivo,extracellular,bulk
NA,922,1008,1,SRR10013241,human,in vivo,extracellular,bulk
NA,95,1208,5,SRR10013241,human,in vivo,extracellular,bulk
M,1030,1153,1,SRR10013241,human,in vivo,extracellular,bulk
M,118,1060,1,SRR10013241,human,in vivo,extracellular,bulk
M,153,699,1,SRR10013241,human,in vivo,extracellular,bulk
M,168,230,1,SRR10013241,human,in vivo,extracellular,bulk
M,171,211,1,SRR10013241,human,in vivo,extracellular,bulk
M,327,1054,3,SRR10013241,human,in vivo,extracellular,bulk
M,377,926,2,SRR10013241,human,in vivo,extracellular,bulk
M,436,746,1,SRR10013241,human,in vivo,extracellular,bulk
M,461,485,1,SRR10013241,human,in vivo,extracellular,bulk
M,483,554,1,SRR10013241,human,in vivo,extracellular,bulk
M,499,626,2,SRR10013241,human,in vivo,extracellular,bulk
M,507,916,1,SRR10013241,human,in vivo,extracellular,bulk
M,636,1053,1,SRR10013241,human,in vivo,extracellular,bulk
M,662,1016,5,SRR10013241,human,in vivo,extracellular,bulk
M,736,771,1,SRR10013241,human,in vivo,extracellular,bulk
M,759,984,1,SRR10013241,human,in vivo,extracellular,bulk
M,763,980,1,SRR10013241,human,in vivo,extracellular,bulk
M,82,614,1,SRR10013241,human,in vivo,extracellular,bulk
M,83,696,2,SRR10013241,human,in vivo,extracellular,bulk
NS,300,821,1,SRR10013241,human,in vivo,extracellular,bulk
NS,551,692,1,SRR10013241,human,in vivo,extracellular,bulk
NS,96,766,1,SRR10013241,human,in vivo,extracellular,bulk
PB1,106,1700,6,SRR10013240,human,in vivo,extracellular,bulk
PB1,111,522,1,SRR10013240,human,in vivo,extracellular,bulk
PB1,112,1314,1,SRR10013240,human,in vivo,extracellular,bulk
PB1,121,1774,1,SRR10013240,human,in vivo,extracellular,bulk
PB1,1230,2038,1,SRR10013240,human,in vivo,extracellular,bulk
PB1,1301,1817,1,SRR10013240,human,in vivo,extracellular,bulk
PB1,138,1295,2,SRR10013240,human,in vivo,extracellular,bulk
PB1,1423,2289,1,SRR10013240,human,in vivo,extracellular,bulk
PB1,1622,2341,1,SRR10013240,human,in vivo,extracellular,bulk
PB1,162,1755,3,SRR10013240,human,in vivo,extracellular,bulk
PB1,1847,2093,1,SRR10013240,human,in vivo,extracellular,bulk
PB1,1964,2156,1,SRR10013240,human,in vivo,extracellular,bulk
PB1,2081,2251,1,SRR10013240,human,in vivo,extracellular,bulk
PB1,2159,2184,1,SRR10013240,human,in vivo,extracellular,bulk
PB1,268,2025,9,SRR10013240,human,in vivo,extracellular,bulk
PB1,268,349,1,SRR10013240,human,in vivo,extracellular,bulk
PB1,275,2015,1,SRR10013240,human,in vivo,extracellular,bulk
PB1,279,2040,3,SRR10013240,human,in vivo,extracellular,bulk
PB1,290,2120,1,SRR10013240,human,in vivo,extracellular,bulk
PB1,291,2051,7,SRR10013240,human,in vivo,extracellular,bulk
PB1,293,2112,3,SRR10013240,human,in vivo,extracellular,bulk
PB1,293,360,2,SRR10013240,human,in vivo,extracellular,bulk
PB1,306,2051,3,SRR10013240,human,in vivo,extracellular,bulk
PB1,310,2195,2,SRR10013240,human,in vivo,extracellular,bulk
PB1,311,2073,2,SRR10013240,human,in vivo,extracellular,bulk
PB1,338,2131,123,SRR10013240,human,in vivo,extracellular,bulk
PB1,339,2132,1,SRR10013240,human,in vivo,extracellular,bulk
PB1,361,2155,2,SRR10013240,human,in vivo,extracellular,bulk
PB1,361,2198,2,SRR10013240,human,in vivo,extracellular,bulk
PB1,374,1956,3,SRR10013240,human,in vivo,extracellular,bulk
PB1,375,2202,1,SRR10013240,human,in vivo,extracellular,bulk
PB1,376,1958,2,SRR10013240,human,in vivo,extracellular,bulk
PB1,379,1961,267,SRR10013240,human,in vivo,extracellular,bulk
PB1,382,1965,1,SRR10013240,human,in vivo,extracellular,bulk
PB1,384,1941,8,SRR10013240,human,in vivo,extracellular,bulk
PB1,399,1954,1,SRR10013240,human,in vivo,extracellular,bulk
PB1,408,1688,3,SRR10013240,human,in vivo,extracellular,bulk
PB1,409,1831,1,SRR10013240,human,in vivo,extracellular,bulk
PB1,435,1658,1,SRR10013240,human,in vivo,extracellular,bulk
PB1,450,1297,1,SRR10013240,human,in vivo,extracellular,bulk
PB1,450,1952,2,SRR10013240,human,in vivo,extracellular,bulk
PB1,451,1945,2,SRR10013240,human,in vivo,extracellular,bulk
PB1,452,2026,1,SRR10013240,human,in vivo,extracellular,bulk
PB1,452,2120,2,SRR10013240,human,in vivo,extracellular,bulk
PB1,461,1555,38,SRR10013240,human,in vivo,extracellular,bulk
PB1,489,2213,1,SRR10013240,human,in vivo,extracellular,bulk
PB1,492,1815,1,SRR10013240,human,in vivo,extracellular,bulk
PB1,493,1568,1,SRR10013240,human,in vivo,extracellular,bulk
PB1,495,1755,1,SRR10013240,human,in vivo,extracellular,bulk
PB1,495,1834,1,SRR10013240,human,in vivo,extracellular,bulk
PB1,496,1831,27,SRR10013240,human,in vivo,extracellular,bulk
PB1,496,2082,1,SRR10013240,human,in vivo,extracellular,bulk
PB1,496,522,1,SRR10013240,human,in vivo,extracellular,bulk
PB1,505,1808,2,SRR10013240,human,in vivo,extracellular,bulk
PB1,509,1773,2,SRR10013240,human,in vivo,extracellular,bulk
PB1,509,1814,2,SRR10013240,human,in vivo,extracellular,bulk
PB1,520,1814,1,SRR10013240,human,in vivo,extracellular,bulk
PB1,521,1724,2,SRR10013240,human,in vivo,extracellular,bulk
PB1,529,1689,4,SRR10013240,human,in vivo,extracellular,bulk
PB1,529,1808,2,SRR10013240,human,in vivo,extracellular,bulk
PB1,529,1815,4,SRR10013240,human,in vivo,extracellular,bulk
PB1,529,1954,3,SRR10013240,human,in vivo,extracellular,bulk
PB1,534,1808,4,SRR10013240,human,in vivo,extracellular,bulk
PB1,534,1814,1,SRR10013240,human,in vivo,extracellular,bulk
PB1,535,1935,1,SRR10013240,human,in vivo,extracellular,bulk
PB1,536,1774,1,SRR10013240,human,in vivo,extracellular,bulk
PB1,539,2069,1,SRR10013240,human,in vivo,extracellular,bulk
PB1,541,1712,50,SRR10013240,human,in vivo,extracellular,bulk
PB1,542,1554,1,SRR10013240,human,in vivo,extracellular,bulk
PB1,544,1759,1,SRR10013240,human,in vivo,extracellular,bulk
PB1,545,1769,1,SRR10013240,human,in vivo,extracellular,bulk
PB1,545,1774,1,SRR10013240,human,in vivo,extracellular,bulk
PB1,548,1777,1,SRR10013240,human,in vivo,extracellular,bulk
PB1,589,1201,1,SRR10013240,human,in vivo,extracellular,bulk
PB1,589,1737,5,SRR10013240,human,in vivo,extracellular,bulk
PB1,589,1756,20,SRR10013240,human,in vivo,extracellular,bulk
PB1,599,1716,1,SRR10013240,human,in vivo,extracellular,bulk
PB1,625,1626,1,SRR10013240,human,in vivo,extracellular,bulk
PB1,625,1945,1,SRR10013240,human,in vivo,extracellular,bulk
PB1,630,1713,2,SRR10013240,human,in vivo,extracellular,bulk
PB1,630,1945,2,SRR10013240,human,in vivo,extracellular,bulk
PB1,630,2066,2,SRR10013240,human,in vivo,extracellular,bulk
PB1,631,1762,4,SRR10013240,human,in vivo,extracellular,bulk
PB1,638,1738,9,SRR10013240,human,in vivo,extracellular,bulk
PB1,639,2097,1,SRR10013240,human,in vivo,extracellular,bulk
PB1,642,1741,1,SRR10013240,human,in vivo,extracellular,bulk
PB1,644,1737,1,SRR10013240,human,in vivo,extracellular,bulk
PB1,649,1749,1,SRR10013240,human,in vivo,extracellular,bulk
PB1,66,1658,1,SRR10013240,human,in vivo,extracellular,bulk
PB1,693,1695,6,SRR10013240,human,in vivo,extracellular,bulk
PB1,697,1594,4,SRR10013240,human,in vivo,extracellular,bulk
PB1,697,1673,1,SRR10013240,human,in vivo,extracellular,bulk
PB1,697,1675,2,SRR10013240,human,in vivo,extracellular,bulk
PB1,701,1593,4,SRR10013240,human,in vivo,extracellular,bulk
PB1,703,1570,2,SRR10013240,human,in vivo,extracellular,bulk
PB1,703,1680,1,SRR10013240,human,in vivo,extracellular,bulk
PB1,706,1695,4,SRR10013240,human,in vivo,extracellular,bulk
PB1,709,1587,3,SRR10013240,human,in vivo,extracellular,bulk
PB1,710,1609,1,SRR10013240,human,in vivo,extracellular,bulk
PB1,712,1588,1,SRR10013240,human,in vivo,extracellular,bulk
PB1,717,1576,1,SRR10013240,human,in vivo,extracellular,bulk
PB1,728,1503,1,SRR10013240,human,in vivo,extracellular,bulk
PB1,728,1561,1,SRR10013240,human,in vivo,extracellular,bulk
PB1,736,1571,1,SRR10013240,human,in vivo,extracellular,bulk
PB1,738,1496,2,SRR10013240,human,in vivo,extracellular,bulk
PB1,73,1646,2,SRR10013240,human,in vivo,extracellular,bulk
PB1,750,1528,1,SRR10013240,human,in vivo,extracellular,bulk
PB1,750,1704,1,SRR10013240,human,in vivo,extracellular,bulk
PB1,753,1528,5,SRR10013240,human,in vivo,extracellular,bulk
PB1,753,1529,1,SRR10013240,human,in vivo,extracellular,bulk
PB1,758,1599,1,SRR10013240,human,in vivo,extracellular,bulk
PB1,778,1654,2,SRR10013240,human,in vivo,extracellular,bulk
PB1,787,1481,2,SRR10013240,human,in vivo,extracellular,bulk
PB1,790,1539,1,SRR10013240,human,in vivo,extracellular,bulk
PB1,796,1759,2,SRR10013240,human,in vivo,extracellular,bulk
PB1,798,1539,1,SRR10013240,human,in vivo,extracellular,bulk
PB1,804,1534,3,SRR10013240,human,in vivo,extracellular,bulk
PB1,805,1408,1,SRR10013240,human,in vivo,extracellular,bulk
PB1,819,1498,2,SRR10013240,human,in vivo,extracellular,bulk
PB1,81,1933,1,SRR10013240,human,in vivo,extracellular,bulk
PB1,823,1708,1,SRR10013240,human,in vivo,extracellular,bulk
PB1,828,1528,1,SRR10013240,human,in vivo,extracellular,bulk
PB1,833,1543,1,SRR10013240,human,in vivo,extracellular,bulk
PB1,840,1529,1,SRR10013240,human,in vivo,extracellular,bulk
PB1,840,1575,1,SRR10013240,human,in vivo,extracellular,bulk
PB1,841,1676,1,SRR10013240,human,in vivo,extracellular,bulk
PB1,848,1417,1,SRR10013240,human,in vivo,extracellular,bulk
PB1,85,1266,3,SRR10013240,human,in vivo,extracellular,bulk
PB1,873,1593,1,SRR10013240,human,in vivo,extracellular,bulk
PB1,87,1268,8,SRR10013240,human,in vivo,extracellular,bulk
PB1,889,1536,1,SRR10013240,human,in vivo,extracellular,bulk
PB1,893,1658,1,SRR10013240,human,in vivo,extracellular,bulk
PB1,921,1556,3,SRR10013240,human,in vivo,extracellular,bulk
PB1,92,121,1,SRR10013240,human,in vivo,extracellular,bulk
PB1,954,1730,1,SRR10013240,human,in vivo,extracellular,bulk
PB1,956,1518,3,SRR10013240,human,in vivo,extracellular,bulk
PB1,957,2196,1,SRR10013240,human,in vivo,extracellular,bulk
PB1,96,1693,19,SRR10013240,human,in vivo,extracellular,bulk
PB1,983,1703,3,SRR10013240,human,in vivo,extracellular,bulk
PB2,1019,2013,3,SRR10013240,human,in vivo,extracellular,bulk
PB2,1026,1468,1,SRR10013240,human,in vivo,extracellular,bulk
PB2,1028,1357,1,SRR10013240,human,in vivo,extracellular,bulk
PB2,1029,1150,1,SRR10013240,human,in vivo,extracellular,bulk
PB2,1040,1962,2,SRR10013240,human,in vivo,extracellular,bulk
PB2,1059,2080,1,SRR10013240,human,in vivo,extracellular,bulk
PB2,1085,1805,2,SRR10013240,human,in vivo,extracellular,bulk
PB2,1088,1762,1,SRR10013240,human,in vivo,extracellular,bulk
PB2,1088,2023,1,SRR10013240,human,in vivo,extracellular,bulk
PB2,1265,1630,1,SRR10013240,human,in vivo,extracellular,bulk
PB2,1273,1407,1,SRR10013240,human,in vivo,extracellular,bulk
PB2,1307,1800,1,SRR10013240,human,in vivo,extracellular,bulk
PB2,134,2127,3,SRR10013240,human,in vivo,extracellular,bulk
PB2,1415,1920,1,SRR10013240,human,in vivo,extracellular,bulk
PB2,1417,1752,1,SRR10013240,human,in vivo,extracellular,bulk
PB2,1424,1605,1,SRR10013240,human,in vivo,extracellular,bulk
PB2,1457,1955,1,SRR10013240,human,in vivo,extracellular,bulk
PB2,1480,2217,1,SRR10013240,human,in vivo,extracellular,bulk
PB2,1529,2297,2,SRR10013240,human,in vivo,extracellular,bulk
PB2,154,2180,2,SRR10013240,human,in vivo,extracellular,bulk
PB2,1637,2217,1,SRR10013240,human,in vivo,extracellular,bulk
PB2,163,2148,35,SRR10013240,human,in vivo,extracellular,bulk
PB2,1645,1920,1,SRR10013240,human,in vivo,extracellular,bulk
PB2,164,2216,1,SRR10013240,human,in vivo,extracellular,bulk
PB2,164,245,12,SRR10013240,human,in vivo,extracellular,bulk
PB2,166,2163,3,SRR10013240,human,in vivo,extracellular,bulk
PB2,166,2254,2,SRR10013240,human,in vivo,extracellular,bulk
PB2,1770,2179,1,SRR10013240,human,in vivo,extracellular,bulk
PB2,188,2142,1,SRR10013240,human,in vivo,extracellular,bulk
PB2,1894,2003,2,SRR10013240,human,in vivo,extracellular,bulk
PB2,1968,2067,1,SRR10013240,human,in vivo,extracellular,bulk
PB2,202,2130,1,SRR10013240,human,in vivo,extracellular,bulk
PB2,203,2065,1,SRR10013240,human,in vivo,extracellular,bulk
PB2,203,259,43,SRR10013240,human,in vivo,extracellular,bulk
PB2,2095,2236,1,SRR10013240,human,in vivo,extracellular,bulk
PB2,2212,2241,1,SRR10013240,human,in vivo,extracellular,bulk
PB2,229,2166,13,SRR10013240,human,in vivo,extracellular,bulk
PB2,241,2144,21,SRR10013240,human,in vivo,extracellular,bulk
PB2,243,2136,41,SRR10013240,human,in vivo,extracellular,bulk
PB2,243,2166,6,SRR10013240,human,in vivo,extracellular,bulk
PB2,244,2135,3,SRR10013240,human,in vivo,extracellular,bulk
PB2,244,2144,14,SRR10013240,human,in vivo,extracellular,bulk
PB2,244,2164,3,SRR10013240,human,in vivo,extracellular,bulk
PB2,244,2171,2,SRR10013240,human,in vivo,extracellular,bulk
PB2,244,2216,3,SRR10013240,human,in vivo,extracellular,bulk
PB2,270,1836,1,SRR10013240,human,in vivo,extracellular,bulk
PB2,312,2060,1,SRR10013240,human,in vivo,extracellular,bulk
PB2,332,1832,1,SRR10013240,human,in vivo,extracellular,bulk
PB2,341,1865,2,SRR10013240,human,in vivo,extracellular,bulk
PB2,343,1877,29,SRR10013240,human,in vivo,extracellular,bulk
PB2,349,379,1,SRR10013240,human,in vivo,extracellular,bulk
PB2,350,1986,1,SRR10013240,human,in vivo,extracellular,bulk
PB2,366,1731,1,SRR10013240,human,in vivo,extracellular,bulk
PB2,391,1959,2,SRR10013240,human,in vivo,extracellular,bulk
PB2,394,2144,56,SRR10013240,human,in vivo,extracellular,bulk
PB2,400,1917,1,SRR10013240,human,in vivo,extracellular,bulk
PB2,400,1940,2,SRR10013240,human,in vivo,extracellular,bulk
PB2,401,1951,3,SRR10013240,human,in vivo,extracellular,bulk
PB2,418,1989,1,SRR10013240,human,in vivo,extracellular,bulk
PB2,427,1988,1,SRR10013240,human,in vivo,extracellular,bulk
PB2,434,2020,1,SRR10013240,human,in vivo,extracellular,bulk
PB2,454,1970,1,SRR10013240,human,in vivo,extracellular,bulk
PB2,461,1997,1,SRR10013240,human,in vivo,extracellular,bulk
PB2,467,1982,1,SRR10013240,human,in vivo,extracellular,bulk
PB2,469,1917,33,SRR10013240,human,in vivo,extracellular,bulk
PB2,476,1768,1,SRR10013240,human,in vivo,extracellular,bulk
PB2,486,1918,3,SRR10013240,human,in vivo,extracellular,bulk
PB2,490,1966,3,SRR10013240,human,in vivo,extracellular,bulk
PB2,499,1959,1,SRR10013240,human,in vivo,extracellular,bulk
PB2,49,72,1,SRR10013240,human,in vivo,extracellular,bulk
PB2,500,2145,1,SRR10013240,human,in vivo,extracellular,bulk
PB2,504,1057,1,SRR10013240,human,in vivo,extracellular,bulk
PB2,510,1952,3,SRR10013240,human,in vivo,extracellular,bulk
PB2,526,1944,2,SRR10013240,human,in vivo,extracellular,bulk
PB2,56,268,1,SRR10013240,human,in vivo,extracellular,bulk
PB2,578,1768,1,SRR10013240,human,in vivo,extracellular,bulk
PB2,580,1956,5,SRR10013240,human,in vivo,extracellular,bulk
PB2,582,1074,1,SRR10013240,human,in vivo,extracellular,bulk
PB2,586,1758,1,SRR10013240,human,in vivo,extracellular,bulk
PB2,592,1947,2,SRR10013240,human,in vivo,extracellular,bulk
PB2,594,1941,4,SRR10013240,human,in vivo,extracellular,bulk
PB2,600,1160,2,SRR10013240,human,in vivo,extracellular,bulk
PB2,606,1166,1,SRR10013240,human,in vivo,extracellular,bulk
PB2,608,1960,1,SRR10013240,human,in vivo,extracellular,bulk
PB2,609,1837,3,SRR10013240,human,in vivo,extracellular,bulk
PB2,610,1952,1,SRR10013240,human,in vivo,extracellular,bulk
PB2,612,1216,1,SRR10013240,human,in vivo,extracellular,bulk
PB2,612,1907,2,SRR10013240,human,in vivo,extracellular,bulk
PB2,614,1612,170,SRR10013240,human,in vivo,extracellular,bulk
PB2,615,1176,1,SRR10013240,human,in vivo,extracellular,bulk
PB2,615,1613,1,SRR10013240,human,in vivo,extracellular,bulk
PB2,617,1075,2,SRR10013240,human,in vivo,extracellular,bulk
PB2,61,1949,4,SRR10013240,human,in vivo,extracellular,bulk
PB2,623,1624,5,SRR10013240,human,in vivo,extracellular,bulk
PB2,625,1616,1,SRR10013240,human,in vivo,extracellular,bulk
PB2,632,1907,1,SRR10013240,human,in vivo,extracellular,bulk
PB2,635,1608,1,SRR10013240,human,in vivo,extracellular,bulk
PB2,635,1872,1,SRR10013240,human,in vivo,extracellular,bulk
PB2,642,1877,1,SRR10013240,human,in vivo,extracellular,bulk
PB2,654,1238,1,SRR10013240,human,in vivo,extracellular,bulk
PB2,655,2283,1,SRR10013240,human,in vivo,extracellular,bulk
PB2,733,1816,1,SRR10013240,human,in vivo,extracellular,bulk
PB2,741,1635,1,SRR10013240,human,in vivo,extracellular,bulk
PB2,748,2068,2,SRR10013240,human,in vivo,extracellular,bulk
PB2,74,1214,1,SRR10013240,human,in vivo,extracellular,bulk
PB2,80,298,1,SRR10013240,human,in vivo,extracellular,bulk
PB2,844,2259,1,SRR10013240,human,in vivo,extracellular,bulk
PB2,85,1823,3,SRR10013240,human,in vivo,extracellular,bulk
PB2,872,905,1,SRR10013240,human,in vivo,extracellular,bulk
PB2,883,1295,2,SRR10013240,human,in vivo,extracellular,bulk
PB2,896,1592,1,SRR10013240,human,in vivo,extracellular,bulk
PA,1010,1161,1,SRR10013240,human,in vivo,extracellular,bulk
PA,1010,1435,2,SRR10013240,human,in vivo,extracellular,bulk
PA,102,1945,2,SRR10013240,human,in vivo,extracellular,bulk
PA,155,2140,1,SRR10013240,human,in vivo,extracellular,bulk
PA,176,501,1,SRR10013240,human,in vivo,extracellular,bulk
PA,1988,2169,1,SRR10013240,human,in vivo,extracellular,bulk
PA,2013,2088,1,SRR10013240,human,in vivo,extracellular,bulk
PA,2057,2118,1,SRR10013240,human,in vivo,extracellular,bulk
PA,2095,2147,1,SRR10013240,human,in vivo,extracellular,bulk
PA,219,1329,1,SRR10013240,human,in vivo,extracellular,bulk
PA,221,2034,1,SRR10013240,human,in vivo,extracellular,bulk
PA,232,1157,1,SRR10013240,human,in vivo,extracellular,bulk
PA,232,1621,1,SRR10013240,human,in vivo,extracellular,bulk
PA,262,1079,1,SRR10013240,human,in vivo,extracellular,bulk
PA,265,860,1,SRR10013240,human,in vivo,extracellular,bulk
PA,268,1077,2,SRR10013240,human,in vivo,extracellular,bulk
PA,274,1738,1,SRR10013240,human,in vivo,extracellular,bulk
PA,274,1988,3,SRR10013240,human,in vivo,extracellular,bulk
PA,283,2003,4,SRR10013240,human,in vivo,extracellular,bulk
PA,327,1330,1,SRR10013240,human,in vivo,extracellular,bulk
PA,331,1894,2,SRR10013240,human,in vivo,extracellular,bulk
PA,334,2090,1,SRR10013240,human,in vivo,extracellular,bulk
PA,371,1840,4,SRR10013240,human,in vivo,extracellular,bulk
PA,403,1833,1,SRR10013240,human,in vivo,extracellular,bulk
PA,403,1893,2,SRR10013240,human,in vivo,extracellular,bulk
PA,448,1996,3,SRR10013240,human,in vivo,extracellular,bulk
PA,461,1746,1,SRR10013240,human,in vivo,extracellular,bulk
PA,464,897,1,SRR10013240,human,in vivo,extracellular,bulk
PA,470,1832,2,SRR10013240,human,in vivo,extracellular,bulk
PA,475,1801,2,SRR10013240,human,in vivo,extracellular,bulk
PA,507,1801,1,SRR10013240,human,in vivo,extracellular,bulk
PA,514,1811,257,SRR10013240,human,in vivo,extracellular,bulk
PA,518,1904,1,SRR10013240,human,in vivo,extracellular,bulk
PA,523,1818,1,SRR10013240,human,in vivo,extracellular,bulk
PA,525,613,1,SRR10013240,human,in vivo,extracellular,bulk
PA,536,1502,1,SRR10013240,human,in vivo,extracellular,bulk
PA,536,1850,9,SRR10013240,human,in vivo,extracellular,bulk
PA,557,1746,10,SRR10013240,human,in vivo,extracellular,bulk
PA,563,1754,4,SRR10013240,human,in vivo,extracellular,bulk
PA,572,1098,1,SRR10013240,human,in vivo,extracellular,bulk
PA,576,926,5,SRR10013240,human,in vivo,extracellular,bulk
PA,582,1899,4,SRR10013240,human,in vivo,extracellular,bulk
PA,584,1900,1,SRR10013240,human,in vivo,extracellular,bulk
PA,589,1519,4,SRR10013240,human,in vivo,extracellular,bulk
PA,598,1000,1,SRR10013240,human,in vivo,extracellular,bulk
PA,601,1625,3,SRR10013240,human,in vivo,extracellular,bulk
PA,606,918,1,SRR10013240,human,in vivo,extracellular,bulk
PA,637,1833,1,SRR10013240,human,in vivo,extracellular,bulk
PA,651,1623,3,SRR10013240,human,in vivo,extracellular,bulk
PA,672,1638,4,SRR10013240,human,in vivo,extracellular,bulk
PA,689,1509,1,SRR10013240,human,in vivo,extracellular,bulk
PA,723,1852,1,SRR10013240,human,in vivo,extracellular,bulk
PA,760,1748,1,SRR10013240,human,in vivo,extracellular,bulk
PA,770,1760,8,SRR10013240,human,in vivo,extracellular,bulk
PA,887,959,1,SRR10013240,human,in vivo,extracellular,bulk
PA,923,1343,1,SRR10013240,human,in vivo,extracellular,bulk
HA,1016,1425,1,SRR10013240,human,in vivo,extracellular,bulk
HA,110,1307,1,SRR10013240,human,in vivo,extracellular,bulk
HA,1328,1359,1,SRR10013240,human,in vivo,extracellular,bulk
HA,194,1630,1,SRR10013240,human,in vivo,extracellular,bulk
HA,219,1628,1,SRR10013240,human,in vivo,extracellular,bulk
HA,223,1290,1,SRR10013240,human,in vivo,extracellular,bulk
HA,239,866,1,SRR10013240,human,in vivo,extracellular,bulk
HA,257,1505,1,SRR10013240,human,in vivo,extracellular,bulk
HA,346,1557,2,SRR10013240,human,in vivo,extracellular,bulk
HA,442,1650,1,SRR10013240,human,in vivo,extracellular,bulk
HA,44,480,1,SRR10013240,human,in vivo,extracellular,bulk
HA,758,801,2,SRR10013240,human,in vivo,extracellular,bulk
HA,889,1426,1,SRR10013240,human,in vivo,extracellular,bulk
HA,913,964,1,SRR10013240,human,in vivo,extracellular,bulk
NP,136,446,1,SRR10013240,human,in vivo,extracellular,bulk
NP,140,1602,1,SRR10013240,human,in vivo,extracellular,bulk
NP,1521,1585,1,SRR10013240,human,in vivo,extracellular,bulk
NP,213,1396,1,SRR10013240,human,in vivo,extracellular,bulk
NP,273,1250,1,SRR10013240,human,in vivo,extracellular,bulk
NP,472,1522,1,SRR10013240,human,in vivo,extracellular,bulk
NP,844,1498,2,SRR10013240,human,in vivo,extracellular,bulk
NP,849,1277,7,SRR10013240,human,in vivo,extracellular,bulk
NP,851,1545,1,SRR10013240,human,in vivo,extracellular,bulk
NP,864,1484,1,SRR10013240,human,in vivo,extracellular,bulk
NP,881,1083,2,SRR10013240,human,in vivo,extracellular,bulk
NP,894,1246,1,SRR10013240,human,in vivo,extracellular,bulk
NA,117,484,1,SRR10013240,human,in vivo,extracellular,bulk
NA,171,1117,1,SRR10013240,human,in vivo,extracellular,bulk
NA,229,909,1,SRR10013240,human,in vivo,extracellular,bulk
NA,242,1007,2,SRR10013240,human,in vivo,extracellular,bulk
NA,27,911,1,SRR10013240,human,in vivo,extracellular,bulk
NA,352,1030,1,SRR10013240,human,in vivo,extracellular,bulk
NA,403,1092,1,SRR10013240,human,in vivo,extracellular,bulk
NA,427,1040,1,SRR10013240,human,in vivo,extracellular,bulk
NA,517,1370,1,SRR10013240,human,in vivo,extracellular,bulk
NA,539,1404,1,SRR10013240,human,in vivo,extracellular,bulk
NA,650,682,1,SRR10013240,human,in vivo,extracellular,bulk
NA,676,979,1,SRR10013240,human,in vivo,extracellular,bulk
NA,750,1127,1,SRR10013240,human,in vivo,extracellular,bulk
NA,781,1076,2,SRR10013240,human,in vivo,extracellular,bulk
NA,781,1208,1,SRR10013240,human,in vivo,extracellular,bulk
NA,89,331,1,SRR10013240,human,in vivo,extracellular,bulk
M,176,1006,7,SRR10013240,human,in vivo,extracellular,bulk
M,254,976,3,SRR10013240,human,in vivo,extracellular,bulk
M,303,444,1,SRR10013240,human,in vivo,extracellular,bulk
M,320,556,1,SRR10013240,human,in vivo,extracellular,bulk
M,335,497,1,SRR10013240,human,in vivo,extracellular,bulk
M,36,937,1,SRR10013240,human,in vivo,extracellular,bulk
M,376,1051,1,SRR10013240,human,in vivo,extracellular,bulk
M,392,570,4,SRR10013240,human,in vivo,extracellular,bulk
M,492,548,2,SRR10013240,human,in vivo,extracellular,bulk
M,593,983,1,SRR10013240,human,in vivo,extracellular,bulk
M,599,699,1,SRR10013240,human,in vivo,extracellular,bulk
M,662,1016,5,SRR10013240,human,in vivo,extracellular,bulk
M,735,824,1,SRR10013240,human,in vivo,extracellular,bulk
M,796,823,1,SRR10013240,human,in vivo,extracellular,bulk
M,83,696,1,SRR10013240,human,in vivo,extracellular,bulk
M,869,1027,1,SRR10013240,human,in vivo,extracellular,bulk
M,90,647,1,SRR10013240,human,in vivo,extracellular,bulk
M,96,132,1,SRR10013240,human,in vivo,extracellular,bulk
NS,548,792,1,SRR10013240,human,in vivo,extracellular,bulk
NS,551,692,1,SRR10013240,human,in vivo,extracellular,bulk
NS,739,801,1,SRR10013240,human,in vivo,extracellular,bulk
PB1,1007,2190,1,SRR10013229,human,in vivo,extracellular,bulk
PB1,1009,1775,1,SRR10013229,human,in vivo,extracellular,bulk
PB1,1132,1615,1,SRR10013229,human,in vivo,extracellular,bulk
PB1,1173,1219,1,SRR10013229,human,in vivo,extracellular,bulk
PB1,1179,1598,2,SRR10013229,human,in vivo,extracellular,bulk
PB1,1240,2053,1,SRR10013229,human,in vivo,extracellular,bulk
PB1,1244,1793,1,SRR10013229,human,in vivo,extracellular,bulk
PB1,1255,1430,1,SRR10013229,human,in vivo,extracellular,bulk
PB1,1273,1913,1,SRR10013229,human,in vivo,extracellular,bulk
PB1,1289,1794,1,SRR10013229,human,in vivo,extracellular,bulk
PB1,130,2034,5,SRR10013229,human,in vivo,extracellular,bulk
PB1,1337,1829,1,SRR10013229,human,in vivo,extracellular,bulk
PB1,1354,1934,1,SRR10013229,human,in vivo,extracellular,bulk
PB1,1360,1710,1,SRR10013229,human,in vivo,extracellular,bulk
PB1,1444,2256,1,SRR10013229,human,in vivo,extracellular,bulk
PB1,156,2057,2,SRR10013229,human,in vivo,extracellular,bulk
PB1,1591,2228,1,SRR10013229,human,in vivo,extracellular,bulk
PB1,1599,2166,1,SRR10013229,human,in vivo,extracellular,bulk
PB1,1622,2341,1,SRR10013229,human,in vivo,extracellular,bulk
PB1,167,2185,7,SRR10013229,human,in vivo,extracellular,bulk
PB1,168,2197,1,SRR10013229,human,in vivo,extracellular,bulk
PB1,1797,1951,1,SRR10013229,human,in vivo,extracellular,bulk
PB1,1816,2031,1,SRR10013229,human,in vivo,extracellular,bulk
PB1,1827,2334,1,SRR10013229,human,in vivo,extracellular,bulk
PB1,185,1766,1,SRR10013229,human,in vivo,extracellular,bulk
PB1,1866,2053,1,SRR10013229,human,in vivo,extracellular,bulk
PB1,1868,1986,1,SRR10013229,human,in vivo,extracellular,bulk
PB1,2009,2215,1,SRR10013229,human,in vivo,extracellular,bulk
PB1,283,1912,2,SRR10013229,human,in vivo,extracellular,bulk
PB1,302,359,1,SRR10013229,human,in vivo,extracellular,bulk
PB1,306,1999,2,SRR10013229,human,in vivo,extracellular,bulk
PB1,309,2004,1,SRR10013229,human,in vivo,extracellular,bulk
PB1,310,2195,2,SRR10013229,human,in vivo,extracellular,bulk
PB1,331,1998,1,SRR10013229,human,in vivo,extracellular,bulk
PB1,337,1796,1,SRR10013229,human,in vivo,extracellular,bulk
PB1,358,1710,1,SRR10013229,human,in vivo,extracellular,bulk
PB1,361,2198,1,SRR10013229,human,in vivo,extracellular,bulk
PB1,372,1934,3,SRR10013229,human,in vivo,extracellular,bulk
PB1,372,1945,3,SRR10013229,human,in vivo,extracellular,bulk
PB1,377,1934,3,SRR10013229,human,in vivo,extracellular,bulk
PB1,387,1933,2,SRR10013229,human,in vivo,extracellular,bulk
PB1,393,1841,1,SRR10013229,human,in vivo,extracellular,bulk
PB1,403,2035,1,SRR10013229,human,in vivo,extracellular,bulk
PB1,417,1814,1,SRR10013229,human,in vivo,extracellular,bulk
PB1,426,1809,2,SRR10013229,human,in vivo,extracellular,bulk
PB1,427,1811,2,SRR10013229,human,in vivo,extracellular,bulk
PB1,431,1811,2,SRR10013229,human,in vivo,extracellular,bulk
PB1,439,1522,1,SRR10013229,human,in vivo,extracellular,bulk
PB1,443,1647,3,SRR10013229,human,in vivo,extracellular,bulk
PB1,448,1652,6,SRR10013229,human,in vivo,extracellular,bulk
PB1,454,1657,4,SRR10013229,human,in vivo,extracellular,bulk
PB1,454,1777,4,SRR10013229,human,in vivo,extracellular,bulk
PB1,459,1766,1,SRR10013229,human,in vivo,extracellular,bulk
PB1,459,1811,1,SRR10013229,human,in vivo,extracellular,bulk
PB1,461,2107,1,SRR10013229,human,in vivo,extracellular,bulk
PB1,499,1905,3,SRR10013229,human,in vivo,extracellular,bulk
PB1,505,2264,2,SRR10013229,human,in vivo,extracellular,bulk
PB1,520,1981,1,SRR10013229,human,in vivo,extracellular,bulk
PB1,528,1714,4,SRR10013229,human,in vivo,extracellular,bulk
PB1,529,1769,1,SRR10013229,human,in vivo,extracellular,bulk
PB1,534,1810,1,SRR10013229,human,in vivo,extracellular,bulk
PB1,535,1772,4,SRR10013229,human,in vivo,extracellular,bulk
PB1,535,910,1,SRR10013229,human,in vivo,extracellular,bulk
PB1,535,929,1,SRR10013229,human,in vivo,extracellular,bulk
PB1,536,1711,2,SRR10013229,human,in vivo,extracellular,bulk
PB1,542,1768,6,SRR10013229,human,in vivo,extracellular,bulk
PB1,576,809,1,SRR10013229,human,in vivo,extracellular,bulk
PB1,580,1817,2,SRR10013229,human,in vivo,extracellular,bulk
PB1,585,1772,1,SRR10013229,human,in vivo,extracellular,bulk
PB1,591,1769,1,SRR10013229,human,in vivo,extracellular,bulk
PB1,597,1746,2,SRR10013229,human,in vivo,extracellular,bulk
PB1,599,1377,1,SRR10013229,human,in vivo,extracellular,bulk
PB1,611,1844,1,SRR10013229,human,in vivo,extracellular,bulk
PB1,619,1717,1,SRR10013229,human,in vivo,extracellular,bulk
PB1,623,1722,2,SRR10013229,human,in vivo,extracellular,bulk
PB1,633,1756,4,SRR10013229,human,in vivo,extracellular,bulk
PB1,638,1765,4,SRR10013229,human,in vivo,extracellular,bulk
PB1,639,1428,1,SRR10013229,human,in vivo,extracellular,bulk
PB1,640,1752,1,SRR10013229,human,in vivo,extracellular,bulk
PB1,645,1756,3,SRR10013229,human,in vivo,extracellular,bulk
PB1,649,1737,4,SRR10013229,human,in vivo,extracellular,bulk
PB1,686,1978,2,SRR10013229,human,in vivo,extracellular,bulk
PB1,705,925,1,SRR10013229,human,in vivo,extracellular,bulk
PB1,707,1699,1,SRR10013229,human,in vivo,extracellular,bulk
PB1,710,1597,1,SRR10013229,human,in vivo,extracellular,bulk
PB1,711,1585,4,SRR10013229,human,in vivo,extracellular,bulk
PB1,715,1565,2,SRR10013229,human,in vivo,extracellular,bulk
PB1,716,1573,3,SRR10013229,human,in vivo,extracellular,bulk
PB1,716,1601,3,SRR10013229,human,in vivo,extracellular,bulk
PB1,720,1574,26,SRR10013229,human,in vivo,extracellular,bulk
PB1,728,1555,3,SRR10013229,human,in vivo,extracellular,bulk
PB1,729,1675,2,SRR10013229,human,in vivo,extracellular,bulk
PB1,731,1749,2,SRR10013229,human,in vivo,extracellular,bulk
PB1,731,946,1,SRR10013229,human,in vivo,extracellular,bulk
PB1,739,1778,1,SRR10013229,human,in vivo,extracellular,bulk
PB1,753,1608,3,SRR10013229,human,in vivo,extracellular,bulk
PB1,756,1496,1,SRR10013229,human,in vivo,extracellular,bulk
PB1,767,1870,2,SRR10013229,human,in vivo,extracellular,bulk
PB1,771,1541,1,SRR10013229,human,in vivo,extracellular,bulk
PB1,774,1495,1,SRR10013229,human,in vivo,extracellular,bulk
PB1,77,1239,1,SRR10013229,human,in vivo,extracellular,bulk
PB1,790,1539,2,SRR10013229,human,in vivo,extracellular,bulk
PB1,794,1495,2,SRR10013229,human,in vivo,extracellular,bulk
PB1,800,1611,1,SRR10013229,human,in vivo,extracellular,bulk
PB1,833,1585,1,SRR10013229,human,in vivo,extracellular,bulk
PB1,833,1904,3,SRR10013229,human,in vivo,extracellular,bulk
PB1,835,1581,1,SRR10013229,human,in vivo,extracellular,bulk
PB1,839,1539,3,SRR10013229,human,in vivo,extracellular,bulk
PB1,840,1586,1,SRR10013229,human,in vivo,extracellular,bulk
PB1,867,1535,2,SRR10013229,human,in vivo,extracellular,bulk
PB1,880,1541,3,SRR10013229,human,in vivo,extracellular,bulk
PB1,88,1548,1,SRR10013229,human,in vivo,extracellular,bulk
PB1,912,2250,1,SRR10013229,human,in vivo,extracellular,bulk
PB1,964,1425,1,SRR10013229,human,in vivo,extracellular,bulk
PB2,1003,1193,1,SRR10013229,human,in vivo,extracellular,bulk
PB2,1008,1649,1,SRR10013229,human,in vivo,extracellular,bulk
PB2,100,374,1,SRR10013229,human,in vivo,extracellular,bulk
PB2,1055,1509,2,SRR10013229,human,in vivo,extracellular,bulk
PB2,1056,1150,1,SRR10013229,human,in vivo,extracellular,bulk
PB2,1059,2080,2,SRR10013229,human,in vivo,extracellular,bulk
PB2,1063,1752,1,SRR10013229,human,in vivo,extracellular,bulk
PB2,1111,1736,1,SRR10013229,human,in vivo,extracellular,bulk
PB2,1114,2017,1,SRR10013229,human,in vivo,extracellular,bulk
PB2,1120,1745,1,SRR10013229,human,in vivo,extracellular,bulk
PB2,1152,1747,1,SRR10013229,human,in vivo,extracellular,bulk
PB2,1157,2059,1,SRR10013229,human,in vivo,extracellular,bulk
PB2,1161,2041,1,SRR10013229,human,in vivo,extracellular,bulk
PB2,1177,2251,1,SRR10013229,human,in vivo,extracellular,bulk
PB2,1200,2058,1,SRR10013229,human,in vivo,extracellular,bulk
PB2,1205,2084,1,SRR10013229,human,in vivo,extracellular,bulk
PB2,1207,2202,1,SRR10013229,human,in vivo,extracellular,bulk
PB2,1211,1740,1,SRR10013229,human,in vivo,extracellular,bulk
PB2,1215,2081,1,SRR10013229,human,in vivo,extracellular,bulk
PB2,1265,1746,1,SRR10013229,human,in vivo,extracellular,bulk
PB2,1319,1755,1,SRR10013229,human,in vivo,extracellular,bulk
PB2,138,1086,1,SRR10013229,human,in vivo,extracellular,bulk
PB2,1398,1657,1,SRR10013229,human,in vivo,extracellular,bulk
PB2,1416,2062,1,SRR10013229,human,in vivo,extracellular,bulk
PB2,1486,2075,1,SRR10013229,human,in vivo,extracellular,bulk
PB2,1534,1767,1,SRR10013229,human,in vivo,extracellular,bulk
PB2,1556,1866,1,SRR10013229,human,in vivo,extracellular,bulk
PB2,1643,2204,1,SRR10013229,human,in vivo,extracellular,bulk
PB2,1645,1920,4,SRR10013229,human,in vivo,extracellular,bulk
PB2,165,1882,1,SRR10013229,human,in vivo,extracellular,bulk
PB2,1740,1952,1,SRR10013229,human,in vivo,extracellular,bulk
PB2,1894,2003,3,SRR10013229,human,in vivo,extracellular,bulk
PB2,1902,2337,1,SRR10013229,human,in vivo,extracellular,bulk
PB2,1984,2084,2,SRR10013229,human,in vivo,extracellular,bulk
PB2,2060,2225,1,SRR10013229,human,in vivo,extracellular,bulk
PB2,242,1787,1,SRR10013229,human,in vivo,extracellular,bulk
PB2,252,582,2,SRR10013229,human,in vivo,extracellular,bulk
PB2,265,1430,1,SRR10013229,human,in vivo,extracellular,bulk
PB2,27,2075,1,SRR10013229,human,in vivo,extracellular,bulk
PB2,286,2071,1,SRR10013229,human,in vivo,extracellular,bulk
PB2,286,617,1,SRR10013229,human,in vivo,extracellular,bulk
PB2,298,1287,1,SRR10013229,human,in vivo,extracellular,bulk
PB2,309,1298,4,SRR10013229,human,in vivo,extracellular,bulk
PB2,315,1303,4,SRR10013229,human,in vivo,extracellular,bulk
PB2,359,2018,3,SRR10013229,human,in vivo,extracellular,bulk
PB2,404,1950,4,SRR10013229,human,in vivo,extracellular,bulk
PB2,460,1513,1,SRR10013229,human,in vivo,extracellular,bulk
PB2,464,1382,1,SRR10013229,human,in vivo,extracellular,bulk
PB2,480,1294,2,SRR10013229,human,in vivo,extracellular,bulk
PB2,504,2077,2,SRR10013229,human,in vivo,extracellular,bulk
PB2,508,1160,1,SRR10013229,human,in vivo,extracellular,bulk
PB2,513,1167,1,SRR10013229,human,in vivo,extracellular,bulk
PB2,513,1235,1,SRR10013229,human,in vivo,extracellular,bulk
PB2,518,1931,2,SRR10013229,human,in vivo,extracellular,bulk
PB2,525,1177,1,SRR10013229,human,in vivo,extracellular,bulk
PB2,529,1064,1,SRR10013229,human,in vivo,extracellular,bulk
PB2,575,1143,1,SRR10013229,human,in vivo,extracellular,bulk
PB2,579,2288,1,SRR10013229,human,in vivo,extracellular,bulk
PB2,593,1027,3,SRR10013229,human,in vivo,extracellular,bulk
PB2,596,1860,1,SRR10013229,human,in vivo,extracellular,bulk
PB2,600,1160,3,SRR10013229,human,in vivo,extracellular,bulk
PB2,603,1060,1,SRR10013229,human,in vivo,extracellular,bulk
PB2,606,1166,1,SRR10013229,human,in vivo,extracellular,bulk
PB2,607,1754,4,SRR10013229,human,in vivo,extracellular,bulk
PB2,608,1748,3,SRR10013229,human,in vivo,extracellular,bulk
PB2,610,2070,3,SRR10013229,human,in vivo,extracellular,bulk
PB2,615,1176,1,SRR10013229,human,in vivo,extracellular,bulk
PB2,622,1739,4,SRR10013229,human,in vivo,extracellular,bulk
PB2,625,1616,1,SRR10013229,human,in vivo,extracellular,bulk
PB2,638,1663,2,SRR10013229,human,in vivo,extracellular,bulk
PB2,65,1911,1,SRR10013229,human,in vivo,extracellular,bulk
PB2,699,1680,4,SRR10013229,human,in vivo,extracellular,bulk
PB2,704,1745,3,SRR10013229,human,in vivo,extracellular,bulk
PB2,745,1202,1,SRR10013229,human,in vivo,extracellular,bulk
PB2,748,2068,3,SRR10013229,human,in vivo,extracellular,bulk
PB2,752,2072,1,SRR10013229,human,in vivo,extracellular,bulk
PB2,771,1788,1,SRR10013229,human,in vivo,extracellular,bulk
PB2,843,1731,1,SRR10013229,human,in vivo,extracellular,bulk
PB2,843,1772,1,SRR10013229,human,in vivo,extracellular,bulk
PB2,857,1784,1,SRR10013229,human,in vivo,extracellular,bulk
PB2,87,1516,1,SRR10013229,human,in vivo,extracellular,bulk
PB2,928,2182,1,SRR10013229,human,in vivo,extracellular,bulk
PB2,96,1834,1,SRR10013229,human,in vivo,extracellular,bulk
PB2,978,1179,1,SRR10013229,human,in vivo,extracellular,bulk
PB2,987,1487,1,SRR10013229,human,in vivo,extracellular,bulk
PB2,98,2206,1,SRR10013229,human,in vivo,extracellular,bulk
PA,108,295,1,SRR10013229,human,in vivo,extracellular,bulk
PA,1226,1707,1,SRR10013229,human,in vivo,extracellular,bulk
PA,1246,1298,1,SRR10013229,human,in vivo,extracellular,bulk
PA,1451,1828,1,SRR10013229,human,in vivo,extracellular,bulk
PA,145,1994,1,SRR10013229,human,in vivo,extracellular,bulk
PA,1522,1956,1,SRR10013229,human,in vivo,extracellular,bulk
PA,1522,2048,1,SRR10013229,human,in vivo,extracellular,bulk
PA,1523,2059,1,SRR10013229,human,in vivo,extracellular,bulk
PA,1552,1855,1,SRR10013229,human,in vivo,extracellular,bulk
PA,1646,1952,2,SRR10013229,human,in vivo,extracellular,bulk
PA,1700,1851,1,SRR10013229,human,in vivo,extracellular,bulk
PA,1918,2062,1,SRR10013229,human,in vivo,extracellular,bulk
PA,207,624,1,SRR10013229,human,in vivo,extracellular,bulk
PA,209,1926,1,SRR10013229,human,in vivo,extracellular,bulk
PA,209,2069,7,SRR10013229,human,in vivo,extracellular,bulk
PA,221,2034,8,SRR10013229,human,in vivo,extracellular,bulk
PA,221,686,1,SRR10013229,human,in vivo,extracellular,bulk
PA,229,2041,4,SRR10013229,human,in vivo,extracellular,bulk
PA,232,919,1,SRR10013229,human,in vivo,extracellular,bulk
PA,244,1635,1,SRR10013229,human,in vivo,extracellular,bulk
PA,260,2079,1,SRR10013229,human,in vivo,extracellular,bulk
PA,260,834,1,SRR10013229,human,in vivo,extracellular,bulk
PA,276,922,3,SRR10013229,human,in vivo,extracellular,bulk
PA,278,1086,1,SRR10013229,human,in vivo,extracellular,bulk
PA,278,2076,1,SRR10013229,human,in vivo,extracellular,bulk
PA,285,1197,1,SRR10013229,human,in vivo,extracellular,bulk
PA,301,1137,1,SRR10013229,human,in vivo,extracellular,bulk
PA,302,1525,3,SRR10013229,human,in vivo,extracellular,bulk
PA,308,940,1,SRR10013229,human,in vivo,extracellular,bulk
PA,328,666,1,SRR10013229,human,in vivo,extracellular,bulk
PA,338,990,1,SRR10013229,human,in vivo,extracellular,bulk
PA,34,1784,1,SRR10013229,human,in vivo,extracellular,bulk
PA,362,1949,2,SRR10013229,human,in vivo,extracellular,bulk
PA,367,1929,2,SRR10013229,human,in vivo,extracellular,bulk
PA,416,1853,1,SRR10013229,human,in vivo,extracellular,bulk
PA,418,1861,8,SRR10013229,human,in vivo,extracellular,bulk
PA,442,1300,1,SRR10013229,human,in vivo,extracellular,bulk
PA,465,1823,1,SRR10013229,human,in vivo,extracellular,bulk
PA,477,1735,1,SRR10013229,human,in vivo,extracellular,bulk
PA,487,1935,8,SRR10013229,human,in vivo,extracellular,bulk
PA,490,1861,3,SRR10013229,human,in vivo,extracellular,bulk
PA,525,571,1,SRR10013229,human,in vivo,extracellular,bulk
PA,529,1794,2,SRR10013229,human,in vivo,extracellular,bulk
PA,529,2074,1,SRR10013229,human,in vivo,extracellular,bulk
PA,531,1703,2,SRR10013229,human,in vivo,extracellular,bulk
PA,531,924,1,SRR10013229,human,in vivo,extracellular,bulk
PA,533,2048,1,SRR10013229,human,in vivo,extracellular,bulk
PA,546,1811,1,SRR10013229,human,in vivo,extracellular,bulk
PA,548,1784,1,SRR10013229,human,in vivo,extracellular,bulk
PA,601,1688,3,SRR10013229,human,in vivo,extracellular,bulk
PA,618,1570,1,SRR10013229,human,in vivo,extracellular,bulk
PA,61,253,1,SRR10013229,human,in vivo,extracellular,bulk
PA,657,1637,1,SRR10013229,human,in vivo,extracellular,bulk
PA,661,1641,1,SRR10013229,human,in vivo,extracellular,bulk
PA,694,1722,1,SRR10013229,human,in vivo,extracellular,bulk
PA,695,1440,4,SRR10013229,human,in vivo,extracellular,bulk
PA,71,1772,1,SRR10013229,human,in vivo,extracellular,bulk
PA,728,1103,1,SRR10013229,human,in vivo,extracellular,bulk
PA,767,1632,1,SRR10013229,human,in vivo,extracellular,bulk
PA,76,600,1,SRR10013229,human,in vivo,extracellular,bulk
PA,778,1491,1,SRR10013229,human,in vivo,extracellular,bulk
PA,77,924,2,SRR10013229,human,in vivo,extracellular,bulk
PA,783,2102,1,SRR10013229,human,in vivo,extracellular,bulk
PA,840,1737,1,SRR10013229,human,in vivo,extracellular,bulk
PA,857,1299,2,SRR10013229,human,in vivo,extracellular,bulk
PA,860,1507,1,SRR10013229,human,in vivo,extracellular,bulk
PA,866,1521,1,SRR10013229,human,in vivo,extracellular,bulk
PA,875,1269,1,SRR10013229,human,in vivo,extracellular,bulk
PA,93,681,1,SRR10013229,human,in vivo,extracellular,bulk
PA,95,1714,1,SRR10013229,human,in vivo,extracellular,bulk
HA,1044,1666,1,SRR10013229,human,in vivo,extracellular,bulk
HA,1061,1559,1,SRR10013229,human,in vivo,extracellular,bulk
HA,1135,1637,1,SRR10013229,human,in vivo,extracellular,bulk
HA,1140,1422,1,SRR10013229,human,in vivo,extracellular,bulk
HA,114,178,1,SRR10013229,human,in vivo,extracellular,bulk
HA,1179,1466,2,SRR10013229,human,in vivo,extracellular,bulk
HA,1230,1577,1,SRR10013229,human,in vivo,extracellular,bulk
HA,129,776,1,SRR10013229,human,in vivo,extracellular,bulk
HA,1369,1524,1,SRR10013229,human,in vivo,extracellular,bulk
HA,1457,1642,2,SRR10013229,human,in vivo,extracellular,bulk
HA,145,870,1,SRR10013229,human,in vivo,extracellular,bulk
HA,1489,1546,1,SRR10013229,human,in vivo,extracellular,bulk
HA,1502,1666,1,SRR10013229,human,in vivo,extracellular,bulk
HA,1576,1637,2,SRR10013229,human,in vivo,extracellular,bulk
HA,1579,1639,1,SRR10013229,human,in vivo,extracellular,bulk
HA,233,1159,2,SRR10013229,human,in vivo,extracellular,bulk
HA,235,1519,1,SRR10013229,human,in vivo,extracellular,bulk
HA,238,1471,1,SRR10013229,human,in vivo,extracellular,bulk
HA,362,1527,1,SRR10013229,human,in vivo,extracellular,bulk
HA,375,1649,1,SRR10013229,human,in vivo,extracellular,bulk
HA,384,1589,1,SRR10013229,human,in vivo,extracellular,bulk
HA,384,1628,4,SRR10013229,human,in vivo,extracellular,bulk
HA,40,1180,1,SRR10013229,human,in vivo,extracellular,bulk
HA,717,1633,2,SRR10013229,human,in vivo,extracellular,bulk
HA,801,991,1,SRR10013229,human,in vivo,extracellular,bulk
HA,803,1654,1,SRR10013229,human,in vivo,extracellular,bulk
HA,828,889,1,SRR10013229,human,in vivo,extracellular,bulk
HA,839,1300,1,SRR10013229,human,in vivo,extracellular,bulk
HA,899,1205,6,SRR10013229,human,in vivo,extracellular,bulk
HA,957,1170,1,SRR10013229,human,in vivo,extracellular,bulk
NP,1123,1405,1,SRR10013229,human,in vivo,extracellular,bulk
NP,1381,1461,1,SRR10013229,human,in vivo,extracellular,bulk
NP,1417,1715,1,SRR10013229,human,in vivo,extracellular,bulk
NP,1448,1746,1,SRR10013229,human,in vivo,extracellular,bulk
NP,158,1290,1,SRR10013229,human,in vivo,extracellular,bulk
NP,1681,1713,1,SRR10013229,human,in vivo,extracellular,bulk
NP,192,1753,1,SRR10013229,human,in vivo,extracellular,bulk
NP,232,1493,1,SRR10013229,human,in vivo,extracellular,bulk
NP,236,1539,1,SRR10013229,human,in vivo,extracellular,bulk
NP,238,1506,1,SRR10013229,human,in vivo,extracellular,bulk
NP,238,1567,1,SRR10013229,human,in vivo,extracellular,bulk
NP,255,1557,1,SRR10013229,human,in vivo,extracellular,bulk
NP,349,1553,1,SRR10013229,human,in vivo,extracellular,bulk
NP,359,1583,1,SRR10013229,human,in vivo,extracellular,bulk
NP,428,1523,1,SRR10013229,human,in vivo,extracellular,bulk
NP,478,1553,1,SRR10013229,human,in vivo,extracellular,bulk
NP,516,802,3,SRR10013229,human,in vivo,extracellular,bulk
NP,543,1572,1,SRR10013229,human,in vivo,extracellular,bulk
NP,591,1114,1,SRR10013229,human,in vivo,extracellular,bulk
NP,693,1248,1,SRR10013229,human,in vivo,extracellular,bulk
NP,824,1140,3,SRR10013229,human,in vivo,extracellular,bulk
NP,894,1246,1,SRR10013229,human,in vivo,extracellular,bulk
NP,968,1277,1,SRR10013229,human,in vivo,extracellular,bulk
NA,1023,1476,1,SRR10013229,human,in vivo,extracellular,bulk
NA,104,477,2,SRR10013229,human,in vivo,extracellular,bulk
NA,105,283,1,SRR10013229,human,in vivo,extracellular,bulk
NA,230,967,2,SRR10013229,human,in vivo,extracellular,bulk
NA,352,1212,2,SRR10013229,human,in vivo,extracellular,bulk
NA,366,631,1,SRR10013229,human,in vivo,extracellular,bulk
NA,368,678,2,SRR10013229,human,in vivo,extracellular,bulk
NA,391,431,1,SRR10013229,human,in vivo,extracellular,bulk
NA,403,1087,1,SRR10013229,human,in vivo,extracellular,bulk
NA,416,659,2,SRR10013229,human,in vivo,extracellular,bulk
NA,418,584,1,SRR10013229,human,in vivo,extracellular,bulk
NA,427,1040,1,SRR10013229,human,in vivo,extracellular,bulk
NA,448,1241,1,SRR10013229,human,in vivo,extracellular,bulk
NA,489,1198,1,SRR10013229,human,in vivo,extracellular,bulk
NA,494,917,1,SRR10013229,human,in vivo,extracellular,bulk
NA,49,918,1,SRR10013229,human,in vivo,extracellular,bulk
NA,607,1208,1,SRR10013229,human,in vivo,extracellular,bulk
NA,619,1220,1,SRR10013229,human,in vivo,extracellular,bulk
NA,619,1364,1,SRR10013229,human,in vivo,extracellular,bulk
NA,701,1171,1,SRR10013229,human,in vivo,extracellular,bulk
NA,719,1385,1,SRR10013229,human,in vivo,extracellular,bulk
NA,739,926,2,SRR10013229,human,in vivo,extracellular,bulk
NA,749,1098,1,SRR10013229,human,in vivo,extracellular,bulk
NA,756,1105,1,SRR10013229,human,in vivo,extracellular,bulk
NA,844,1304,1,SRR10013229,human,in vivo,extracellular,bulk
NA,845,1123,1,SRR10013229,human,in vivo,extracellular,bulk
NA,919,1230,1,SRR10013229,human,in vivo,extracellular,bulk
M,166,868,1,SRR10013229,human,in vivo,extracellular,bulk
M,171,862,1,SRR10013229,human,in vivo,extracellular,bulk
M,179,786,1,SRR10013229,human,in vivo,extracellular,bulk
M,250,906,1,SRR10013229,human,in vivo,extracellular,bulk
M,386,912,1,SRR10013229,human,in vivo,extracellular,bulk
M,416,858,1,SRR10013229,human,in vivo,extracellular,bulk
M,437,493,1,SRR10013229,human,in vivo,extracellular,bulk
M,514,1043,1,SRR10013229,human,in vivo,extracellular,bulk
M,518,733,1,SRR10013229,human,in vivo,extracellular,bulk
M,601,745,1,SRR10013229,human,in vivo,extracellular,bulk
M,602,691,2,SRR10013229,human,in vivo,extracellular,bulk
M,662,1016,7,SRR10013229,human,in vivo,extracellular,bulk
M,691,900,1,SRR10013229,human,in vivo,extracellular,bulk
M,698,1028,1,SRR10013229,human,in vivo,extracellular,bulk
M,73,377,2,SRR10013229,human,in vivo,extracellular,bulk
M,77,563,1,SRR10013229,human,in vivo,extracellular,bulk
M,934,980,1,SRR10013229,human,in vivo,extracellular,bulk
NS,254,925,1,SRR10013229,human,in vivo,extracellular,bulk
PB1,1000,1408,1,SRR10013068,human,in vivo,extracellular,bulk
PB1,1081,1433,1,SRR10013068,human,in vivo,extracellular,bulk
PB1,110,2090,15,SRR10013068,human,in vivo,extracellular,bulk
PB1,1171,1562,1,SRR10013068,human,in vivo,extracellular,bulk
PB1,119,1283,15,SRR10013068,human,in vivo,extracellular,bulk
PB1,1325,1625,1,SRR10013068,human,in vivo,extracellular,bulk
PB1,140,702,1,SRR10013068,human,in vivo,extracellular,bulk
PB1,141,463,1,SRR10013068,human,in vivo,extracellular,bulk
PB1,146,2037,1,SRR10013068,human,in vivo,extracellular,bulk
PB1,1566,2193,1,SRR10013068,human,in vivo,extracellular,bulk
PB1,1579,2216,1,SRR10013068,human,in vivo,extracellular,bulk
PB1,1601,2236,1,SRR10013068,human,in vivo,extracellular,bulk
PB1,1622,2183,1,SRR10013068,human,in vivo,extracellular,bulk
PB1,1657,2124,1,SRR10013068,human,in vivo,extracellular,bulk
PB1,170,895,1,SRR10013068,human,in vivo,extracellular,bulk
PB1,1714,2207,1,SRR10013068,human,in vivo,extracellular,bulk
PB1,1737,2224,1,SRR10013068,human,in vivo,extracellular,bulk
PB1,1741,2100,1,SRR10013068,human,in vivo,extracellular,bulk
PB1,2074,2111,42,SRR10013068,human,in vivo,extracellular,bulk
PB1,2177,2201,1,SRR10013068,human,in vivo,extracellular,bulk
PB1,232,2108,7,SRR10013068,human,in vivo,extracellular,bulk
PB1,232,2115,5,SRR10013068,human,in vivo,extracellular,bulk
PB1,234,2110,1,SRR10013068,human,in vivo,extracellular,bulk
PB1,240,2044,1,SRR10013068,human,in vivo,extracellular,bulk
PB1,271,2198,1,SRR10013068,human,in vivo,extracellular,bulk
PB1,273,2200,1,SRR10013068,human,in vivo,extracellular,bulk
PB1,289,1831,1,SRR10013068,human,in vivo,extracellular,bulk
PB1,291,955,1,SRR10013068,human,in vivo,extracellular,bulk
PB1,296,1951,5,SRR10013068,human,in vivo,extracellular,bulk
PB1,307,1196,1,SRR10013068,human,in vivo,extracellular,bulk
PB1,310,2195,1,SRR10013068,human,in vivo,extracellular,bulk
PB1,311,2057,1,SRR10013068,human,in vivo,extracellular,bulk
PB1,340,436,1,SRR10013068,human,in vivo,extracellular,bulk
PB1,345,2157,1,SRR10013068,human,in vivo,extracellular,bulk
PB1,364,1933,18,SRR10013068,human,in vivo,extracellular,bulk
PB1,364,2025,1,SRR10013068,human,in vivo,extracellular,bulk
PB1,365,453,1,SRR10013068,human,in vivo,extracellular,bulk
PB1,366,1747,1,SRR10013068,human,in vivo,extracellular,bulk
PB1,378,692,1,SRR10013068,human,in vivo,extracellular,bulk
PB1,37,67,2,SRR10013068,human,in vivo,extracellular,bulk
PB1,388,2063,3,SRR10013068,human,in vivo,extracellular,bulk
PB1,393,1961,1,SRR10013068,human,in vivo,extracellular,bulk
PB1,394,817,1,SRR10013068,human,in vivo,extracellular,bulk
PB1,411,669,1,SRR10013068,human,in vivo,extracellular,bulk
PB1,415,493,1,SRR10013068,human,in vivo,extracellular,bulk
PB1,416,1870,1,SRR10013068,human,in vivo,extracellular,bulk
PB1,417,1616,1,SRR10013068,human,in vivo,extracellular,bulk
PB1,434,862,1,SRR10013068,human,in vivo,extracellular,bulk
PB1,443,1647,4,SRR10013068,human,in vivo,extracellular,bulk
PB1,450,1297,1,SRR10013068,human,in vivo,extracellular,bulk
PB1,450,1797,6,SRR10013068,human,in vivo,extracellular,bulk
PB1,452,1771,1,SRR10013068,human,in vivo,extracellular,bulk
PB1,452,1954,13,SRR10013068,human,in vivo,extracellular,bulk
PB1,452,2026,1,SRR10013068,human,in vivo,extracellular,bulk
PB1,455,2049,1,SRR10013068,human,in vivo,extracellular,bulk
PB1,464,1627,6,SRR10013068,human,in vivo,extracellular,bulk
PB1,485,1962,5,SRR10013068,human,in vivo,extracellular,bulk
PB1,489,1577,1,SRR10013068,human,in vivo,extracellular,bulk
PB1,492,1869,1,SRR10013068,human,in vivo,extracellular,bulk
PB1,493,615,1,SRR10013068,human,in vivo,extracellular,bulk
PB1,495,1755,2,SRR10013068,human,in vivo,extracellular,bulk
PB1,495,1901,10,SRR10013068,human,in vivo,extracellular,bulk
PB1,498,1737,10,SRR10013068,human,in vivo,extracellular,bulk
PB1,500,1604,1,SRR10013068,human,in vivo,extracellular,bulk
PB1,500,2024,7,SRR10013068,human,in vivo,extracellular,bulk
PB1,507,2090,34,SRR10013068,human,in vivo,extracellular,bulk
PB1,520,1964,4,SRR10013068,human,in vivo,extracellular,bulk
PB1,520,2106,3,SRR10013068,human,in vivo,extracellular,bulk
PB1,521,2108,2,SRR10013068,human,in vivo,extracellular,bulk
PB1,524,1704,1,SRR10013068,human,in vivo,extracellular,bulk
PB1,528,1715,1,SRR10013068,human,in vivo,extracellular,bulk
PB1,532,1940,1,SRR10013068,human,in vivo,extracellular,bulk
PB1,532,739,1,SRR10013068,human,in vivo,extracellular,bulk
PB1,540,1940,1,SRR10013068,human,in vivo,extracellular,bulk
PB1,542,1943,13,SRR10013068,human,in vivo,extracellular,bulk
PB1,543,1943,20,SRR10013068,human,in vivo,extracellular,bulk
PB1,544,1851,12,SRR10013068,human,in vivo,extracellular,bulk
PB1,544,1933,102,SRR10013068,human,in vivo,extracellular,bulk
PB1,546,1870,1,SRR10013068,human,in vivo,extracellular,bulk
PB1,587,1736,1,SRR10013068,human,in vivo,extracellular,bulk
PB1,587,1945,1,SRR10013068,human,in vivo,extracellular,bulk
PB1,589,1756,1,SRR10013068,human,in vivo,extracellular,bulk
PB1,590,1733,7,SRR10013068,human,in vivo,extracellular,bulk
PB1,590,1757,68,SRR10013068,human,in vivo,extracellular,bulk
PB1,622,2133,6,SRR10013068,human,in vivo,extracellular,bulk
PB1,623,1720,2,SRR10013068,human,in vivo,extracellular,bulk
PB1,623,1727,4,SRR10013068,human,in vivo,extracellular,bulk
PB1,624,1756,2,SRR10013068,human,in vivo,extracellular,bulk
PB1,626,1731,1,SRR10013068,human,in vivo,extracellular,bulk
PB1,627,1750,1,SRR10013068,human,in vivo,extracellular,bulk
PB1,628,1609,3,SRR10013068,human,in vivo,extracellular,bulk
PB1,630,1713,7,SRR10013068,human,in vivo,extracellular,bulk
PB1,630,1756,2,SRR10013068,human,in vivo,extracellular,bulk
PB1,630,1779,1,SRR10013068,human,in vivo,extracellular,bulk
PB1,633,1711,1,SRR10013068,human,in vivo,extracellular,bulk
PB1,639,1737,16,SRR10013068,human,in vivo,extracellular,bulk
PB1,642,1741,15,SRR10013068,human,in vivo,extracellular,bulk
PB1,644,1727,1,SRR10013068,human,in vivo,extracellular,bulk
PB1,645,1745,10,SRR10013068,human,in vivo,extracellular,bulk
PB1,647,1611,4,SRR10013068,human,in vivo,extracellular,bulk
PB1,649,1750,1,SRR10013068,human,in vivo,extracellular,bulk
PB1,66,1658,1,SRR10013068,human,in vivo,extracellular,bulk
PB1,684,1645,2,SRR10013068,human,in vivo,extracellular,bulk
PB1,686,1696,3,SRR10013068,human,in vivo,extracellular,bulk
PB1,686,1697,3,SRR10013068,human,in vivo,extracellular,bulk
PB1,688,1670,3,SRR10013068,human,in vivo,extracellular,bulk
PB1,693,1687,9,SRR10013068,human,in vivo,extracellular,bulk
PB1,693,1695,5,SRR10013068,human,in vivo,extracellular,bulk
PB1,694,1530,6,SRR10013068,human,in vivo,extracellular,bulk
PB1,697,1657,5,SRR10013068,human,in vivo,extracellular,bulk
PB1,698,1692,1,SRR10013068,human,in vivo,extracellular,bulk
PB1,699,1687,8,SRR10013068,human,in vivo,extracellular,bulk
PB1,701,1662,5,SRR10013068,human,in vivo,extracellular,bulk
PB1,706,1756,12,SRR10013068,human,in vivo,extracellular,bulk
PB1,715,1534,6,SRR10013068,human,in vivo,extracellular,bulk
PB1,718,1575,7,SRR10013068,human,in vivo,extracellular,bulk
PB1,720,1569,1,SRR10013068,human,in vivo,extracellular,bulk
PB1,721,1574,2,SRR10013068,human,in vivo,extracellular,bulk
PB1,724,1948,1,SRR10013068,human,in vivo,extracellular,bulk
PB1,725,1592,1,SRR10013068,human,in vivo,extracellular,bulk
PB1,728,1480,1,SRR10013068,human,in vivo,extracellular,bulk
PB1,728,1556,5,SRR10013068,human,in vivo,extracellular,bulk
PB1,729,1558,56,SRR10013068,human,in vivo,extracellular,bulk
PB1,729,1934,4,SRR10013068,human,in vivo,extracellular,bulk
PB1,731,1611,1,SRR10013068,human,in vivo,extracellular,bulk
PB1,732,1905,4,SRR10013068,human,in vivo,extracellular,bulk
PB1,734,1700,4,SRR10013068,human,in vivo,extracellular,bulk
PB1,736,1736,3,SRR10013068,human,in vivo,extracellular,bulk
PB1,741,1489,5,SRR10013068,human,in vivo,extracellular,bulk
PB1,742,1594,21,SRR10013068,human,in vivo,extracellular,bulk
PB1,744,1624,20,SRR10013068,human,in vivo,extracellular,bulk
PB1,744,1776,4,SRR10013068,human,in vivo,extracellular,bulk
PB1,745,1612,2,SRR10013068,human,in vivo,extracellular,bulk
PB1,747,1587,13,SRR10013068,human,in vivo,extracellular,bulk
PB1,747,1689,1,SRR10013068,human,in vivo,extracellular,bulk
PB1,753,1528,8,SRR10013068,human,in vivo,extracellular,bulk
PB1,756,1567,1,SRR10013068,human,in vivo,extracellular,bulk
PB1,757,1726,1,SRR10013068,human,in vivo,extracellular,bulk
PB1,758,1485,1,SRR10013068,human,in vivo,extracellular,bulk
PB1,758,1573,1,SRR10013068,human,in vivo,extracellular,bulk
PB1,759,1529,6,SRR10013068,human,in vivo,extracellular,bulk
PB1,761,1691,10,SRR10013068,human,in vivo,extracellular,bulk
PB1,762,1499,4,SRR10013068,human,in vivo,extracellular,bulk
PB1,766,1625,4,SRR10013068,human,in vivo,extracellular,bulk
PB1,767,1555,4,SRR10013068,human,in vivo,extracellular,bulk
PB1,767,1580,1,SRR10013068,human,in vivo,extracellular,bulk
PB1,771,1024,1,SRR10013068,human,in vivo,extracellular,bulk
PB1,774,964,1,SRR10013068,human,in vivo,extracellular,bulk
PB1,775,1867,5,SRR10013068,human,in vivo,extracellular,bulk
PB1,776,1353,1,SRR10013068,human,in vivo,extracellular,bulk
PB1,776,1573,1,SRR10013068,human,in vivo,extracellular,bulk
PB1,788,1689,1,SRR10013068,human,in vivo,extracellular,bulk
PB1,788,1706,1,SRR10013068,human,in vivo,extracellular,bulk
PB1,790,1534,2,SRR10013068,human,in vivo,extracellular,bulk
PB1,791,1609,5,SRR10013068,human,in vivo,extracellular,bulk
PB1,794,1609,2,SRR10013068,human,in vivo,extracellular,bulk
PB1,796,1541,3,SRR10013068,human,in vivo,extracellular,bulk
PB1,796,1674,1,SRR10013068,human,in vivo,extracellular,bulk
PB1,798,1539,5,SRR10013068,human,in vivo,extracellular,bulk
PB1,799,1496,6,SRR10013068,human,in vivo,extracellular,bulk
PB1,799,1586,7,SRR10013068,human,in vivo,extracellular,bulk
PB1,800,1626,10,SRR10013068,human,in vivo,extracellular,bulk
PB1,801,1626,24,SRR10013068,human,in vivo,extracellular,bulk
PB1,805,1570,1,SRR10013068,human,in vivo,extracellular,bulk
PB1,805,1606,4,SRR10013068,human,in vivo,extracellular,bulk
PB1,807,2054,1,SRR10013068,human,in vivo,extracellular,bulk
PB1,808,1528,7,SRR10013068,human,in vivo,extracellular,bulk
PB1,809,1481,8,SRR10013068,human,in vivo,extracellular,bulk
PB1,813,1573,6,SRR10013068,human,in vivo,extracellular,bulk
PB1,814,1572,3,SRR10013068,human,in vivo,extracellular,bulk
PB1,819,1502,1,SRR10013068,human,in vivo,extracellular,bulk
PB1,819,1606,3,SRR10013068,human,in vivo,extracellular,bulk
PB1,819,1655,7,SRR10013068,human,in vivo,extracellular,bulk
PB1,829,1562,3,SRR10013068,human,in vivo,extracellular,bulk
PB1,831,1724,11,SRR10013068,human,in vivo,extracellular,bulk
PB1,833,1608,2,SRR10013068,human,in vivo,extracellular,bulk
PB1,836,1703,1,SRR10013068,human,in vivo,extracellular,bulk
PB1,839,1599,2,SRR10013068,human,in vivo,extracellular,bulk
PB1,839,1630,2,SRR10013068,human,in vivo,extracellular,bulk
PB1,844,1605,7,SRR10013068,human,in vivo,extracellular,bulk
PB1,845,1564,4,SRR10013068,human,in vivo,extracellular,bulk
PB1,848,1479,8,SRR10013068,human,in vivo,extracellular,bulk
PB1,848,1544,1,SRR10013068,human,in vivo,extracellular,bulk
PB1,848,1699,1,SRR10013068,human,in vivo,extracellular,bulk
PB1,857,1710,3,SRR10013068,human,in vivo,extracellular,bulk
PB1,87,1193,1,SRR10013068,human,in vivo,extracellular,bulk
PB1,880,1574,1,SRR10013068,human,in vivo,extracellular,bulk
PB1,887,1508,5,SRR10013068,human,in vivo,extracellular,bulk
PB1,892,1496,6,SRR10013068,human,in vivo,extracellular,bulk
PB1,902,1555,6,SRR10013068,human,in vivo,extracellular,bulk
PB1,90,2143,2,SRR10013068,human,in vivo,extracellular,bulk
PB1,912,1539,2,SRR10013068,human,in vivo,extracellular,bulk
PB1,915,1539,1,SRR10013068,human,in vivo,extracellular,bulk
PB1,919,1645,1,SRR10013068,human,in vivo,extracellular,bulk
PB1,920,1541,3,SRR10013068,human,in vivo,extracellular,bulk
PB1,922,1739,7,SRR10013068,human,in vivo,extracellular,bulk
PB1,92,1675,2,SRR10013068,human,in vivo,extracellular,bulk
PB1,932,1851,11,SRR10013068,human,in vivo,extracellular,bulk
PB1,935,1538,8,SRR10013068,human,in vivo,extracellular,bulk
PB1,935,1677,1,SRR10013068,human,in vivo,extracellular,bulk
PB1,935,1687,3,SRR10013068,human,in vivo,extracellular,bulk
PB1,950,2031,1,SRR10013068,human,in vivo,extracellular,bulk
PB1,953,1601,1,SRR10013068,human,in vivo,extracellular,bulk
PB1,978,2108,1,SRR10013068,human,in vivo,extracellular,bulk
PB2,1004,1507,5,SRR10013068,human,in vivo,extracellular,bulk
PB2,1012,1500,1,SRR10013068,human,in vivo,extracellular,bulk
PB2,1036,1476,7,SRR10013068,human,in vivo,extracellular,bulk
PB2,1103,1435,1,SRR10013068,human,in vivo,extracellular,bulk
PB2,1104,2265,1,SRR10013068,human,in vivo,extracellular,bulk
PB2,1105,1426,1,SRR10013068,human,in vivo,extracellular,bulk
PB2,1169,1839,1,SRR10013068,human,in vivo,extracellular,bulk
PB2,1173,1943,1,SRR10013068,human,in vivo,extracellular,bulk
PB2,1189,1874,1,SRR10013068,human,in vivo,extracellular,bulk
PB2,1197,1947,2,SRR10013068,human,in vivo,extracellular,bulk
PB2,1274,1437,1,SRR10013068,human,in vivo,extracellular,bulk
PB2,1318,1972,1,SRR10013068,human,in vivo,extracellular,bulk
PB2,1409,2336,1,SRR10013068,human,in vivo,extracellular,bulk
PB2,162,2145,7,SRR10013068,human,in vivo,extracellular,bulk
PB2,1780,2087,1,SRR10013068,human,in vivo,extracellular,bulk
PB2,1847,1947,1,SRR10013068,human,in vivo,extracellular,bulk
PB2,1848,2301,1,SRR10013068,human,in vivo,extracellular,bulk
PB2,1996,2220,1,SRR10013068,human,in vivo,extracellular,bulk
PB2,2039,2288,1,SRR10013068,human,in vivo,extracellular,bulk
PB2,203,2127,1,SRR10013068,human,in vivo,extracellular,bulk
PB2,203,2163,1,SRR10013068,human,in vivo,extracellular,bulk
PB2,213,2055,25,SRR10013068,human,in vivo,extracellular,bulk
PB2,239,2122,1,SRR10013068,human,in vivo,extracellular,bulk
PB2,243,2166,12,SRR10013068,human,in vivo,extracellular,bulk
PB2,243,2193,133,SRR10013068,human,in vivo,extracellular,bulk
PB2,243,2288,1,SRR10013068,human,in vivo,extracellular,bulk
PB2,244,1928,3,SRR10013068,human,in vivo,extracellular,bulk
PB2,244,2125,160,SRR10013068,human,in vivo,extracellular,bulk
PB2,244,2142,4,SRR10013068,human,in vivo,extracellular,bulk
PB2,244,2144,18,SRR10013068,human,in vivo,extracellular,bulk
PB2,245,2126,1,SRR10013068,human,in vivo,extracellular,bulk
PB2,250,579,1,SRR10013068,human,in vivo,extracellular,bulk
PB2,26,2049,1,SRR10013068,human,in vivo,extracellular,bulk
PB2,275,1691,1,SRR10013068,human,in vivo,extracellular,bulk
PB2,277,2072,1,SRR10013068,human,in vivo,extracellular,bulk
PB2,308,1029,1,SRR10013068,human,in vivo,extracellular,bulk
PB2,30,1618,1,SRR10013068,human,in vivo,extracellular,bulk
PB2,318,1914,2,SRR10013068,human,in vivo,extracellular,bulk
PB2,338,1912,1,SRR10013068,human,in vivo,extracellular,bulk
PB2,349,1964,1,SRR10013068,human,in vivo,extracellular,bulk
PB2,358,1711,1,SRR10013068,human,in vivo,extracellular,bulk
PB2,363,1956,5,SRR10013068,human,in vivo,extracellular,bulk
PB2,363,1988,16,SRR10013068,human,in vivo,extracellular,bulk
PB2,367,596,1,SRR10013068,human,in vivo,extracellular,bulk
PB2,390,1870,2,SRR10013068,human,in vivo,extracellular,bulk
PB2,391,1949,2,SRR10013068,human,in vivo,extracellular,bulk
PB2,400,1940,2,SRR10013068,human,in vivo,extracellular,bulk
PB2,427,1917,3,SRR10013068,human,in vivo,extracellular,bulk
PB2,432,1220,1,SRR10013068,human,in vivo,extracellular,bulk
PB2,441,851,1,SRR10013068,human,in vivo,extracellular,bulk
PB2,442,1823,1,SRR10013068,human,in vivo,extracellular,bulk
PB2,446,1952,1,SRR10013068,human,in vivo,extracellular,bulk
PB2,44,2070,1,SRR10013068,human,in vivo,extracellular,bulk
PB2,451,1802,1,SRR10013068,human,in vivo,extracellular,bulk
PB2,462,1861,16,SRR10013068,human,in vivo,extracellular,bulk
PB2,463,2002,2,SRR10013068,human,in vivo,extracellular,bulk
PB2,464,1769,14,SRR10013068,human,in vivo,extracellular,bulk
PB2,464,1962,49,SRR10013068,human,in vivo,extracellular,bulk
PB2,464,2282,2,SRR10013068,human,in vivo,extracellular,bulk
PB2,467,1716,3,SRR10013068,human,in vivo,extracellular,bulk
PB2,467,1989,4,SRR10013068,human,in vivo,extracellular,bulk
PB2,472,1966,15,SRR10013068,human,in vivo,extracellular,bulk
PB2,477,1914,5,SRR10013068,human,in vivo,extracellular,bulk
PB2,483,1948,1,SRR10013068,human,in vivo,extracellular,bulk
PB2,485,1950,46,SRR10013068,human,in vivo,extracellular,bulk
PB2,501,1753,2,SRR10013068,human,in vivo,extracellular,bulk
PB2,505,1758,7,SRR10013068,human,in vivo,extracellular,bulk
PB2,506,1602,1,SRR10013068,human,in vivo,extracellular,bulk
PB2,508,1817,1,SRR10013068,human,in vivo,extracellular,bulk
PB2,509,1404,1,SRR10013068,human,in vivo,extracellular,bulk
PB2,513,1167,1,SRR10013068,human,in vivo,extracellular,bulk
PB2,514,1741,1,SRR10013068,human,in vivo,extracellular,bulk
PB2,519,1615,1,SRR10013068,human,in vivo,extracellular,bulk
PB2,523,561,1,SRR10013068,human,in vivo,extracellular,bulk
PB2,537,1746,4,SRR10013068,human,in vivo,extracellular,bulk
PB2,572,1872,1,SRR10013068,human,in vivo,extracellular,bulk
PB2,575,1962,80,SRR10013068,human,in vivo,extracellular,bulk
PB2,576,1947,4,SRR10013068,human,in vivo,extracellular,bulk
PB2,576,1980,29,SRR10013068,human,in vivo,extracellular,bulk
PB2,581,1985,3,SRR10013068,human,in vivo,extracellular,bulk
PB2,581,2063,1,SRR10013068,human,in vivo,extracellular,bulk
PB2,593,1947,4,SRR10013068,human,in vivo,extracellular,bulk
PB2,594,1731,1,SRR10013068,human,in vivo,extracellular,bulk
PB2,595,1823,6,SRR10013068,human,in vivo,extracellular,bulk
PB2,596,1512,1,SRR10013068,human,in vivo,extracellular,bulk
PB2,596,2058,1,SRR10013068,human,in vivo,extracellular,bulk
PB2,597,2250,1,SRR10013068,human,in vivo,extracellular,bulk
PB2,598,1706,14,SRR10013068,human,in vivo,extracellular,bulk
PB2,599,1592,5,SRR10013068,human,in vivo,extracellular,bulk
PB2,600,1160,1,SRR10013068,human,in vivo,extracellular,bulk
PB2,600,1819,1,SRR10013068,human,in vivo,extracellular,bulk
PB2,604,1752,7,SRR10013068,human,in vivo,extracellular,bulk
PB2,607,848,1,SRR10013068,human,in vivo,extracellular,bulk
PB2,608,1824,3,SRR10013068,human,in vivo,extracellular,bulk
PB2,610,1761,46,SRR10013068,human,in vivo,extracellular,bulk
PB2,610,2070,2,SRR10013068,human,in vivo,extracellular,bulk
PB2,613,1988,1,SRR10013068,human,in vivo,extracellular,bulk
PB2,616,1291,1,SRR10013068,human,in vivo,extracellular,bulk
PB2,619,1213,1,SRR10013068,human,in vivo,extracellular,bulk
PB2,619,1618,3,SRR10013068,human,in vivo,extracellular,bulk
PB2,620,1804,2,SRR10013068,human,in vivo,extracellular,bulk
PB2,623,1702,9,SRR10013068,human,in vivo,extracellular,bulk
PB2,625,1616,5,SRR10013068,human,in vivo,extracellular,bulk
PB2,634,1688,1,SRR10013068,human,in vivo,extracellular,bulk
PB2,635,1912,9,SRR10013068,human,in vivo,extracellular,bulk
PB2,636,1411,57,SRR10013068,human,in vivo,extracellular,bulk
PB2,644,1232,1,SRR10013068,human,in vivo,extracellular,bulk
PB2,648,1914,10,SRR10013068,human,in vivo,extracellular,bulk
PB2,650,1613,9,SRR10013068,human,in vivo,extracellular,bulk
PB2,651,1579,1,SRR10013068,human,in vivo,extracellular,bulk
PB2,652,1622,6,SRR10013068,human,in vivo,extracellular,bulk
PB2,655,1953,1,SRR10013068,human,in vivo,extracellular,bulk
PB2,67,2062,1,SRR10013068,human,in vivo,extracellular,bulk
PB2,701,1709,10,SRR10013068,human,in vivo,extracellular,bulk
PB2,704,1427,3,SRR10013068,human,in vivo,extracellular,bulk
PB2,704,1738,1,SRR10013068,human,in vivo,extracellular,bulk
PB2,707,1607,1,SRR10013068,human,in vivo,extracellular,bulk
PB2,711,2314,2,SRR10013068,human,in vivo,extracellular,bulk
PB2,712,1689,3,SRR10013068,human,in vivo,extracellular,bulk
PB2,722,1707,3,SRR10013068,human,in vivo,extracellular,bulk
PB2,729,1449,3,SRR10013068,human,in vivo,extracellular,bulk
PB2,730,1768,23,SRR10013068,human,in vivo,extracellular,bulk
PB2,742,1648,1,SRR10013068,human,in vivo,extracellular,bulk
PB2,742,1687,1,SRR10013068,human,in vivo,extracellular,bulk
PB2,747,1801,19,SRR10013068,human,in vivo,extracellular,bulk
PB2,747,1969,1,SRR10013068,human,in vivo,extracellular,bulk
PB2,748,1581,3,SRR10013068,human,in vivo,extracellular,bulk
PB2,751,1303,1,SRR10013068,human,in vivo,extracellular,bulk
PB2,751,1752,1,SRR10013068,human,in vivo,extracellular,bulk
PB2,842,1581,5,SRR10013068,human,in vivo,extracellular,bulk
PB2,844,1470,2,SRR10013068,human,in vivo,extracellular,bulk
PB2,851,1440,12,SRR10013068,human,in vivo,extracellular,bulk
PB2,85,1823,2,SRR10013068,human,in vivo,extracellular,bulk
PB2,872,1539,21,SRR10013068,human,in vivo,extracellular,bulk
PB2,892,1580,1,SRR10013068,human,in vivo,extracellular,bulk
PB2,894,1528,4,SRR10013068,human,in vivo,extracellular,bulk
PB2,901,1603,3,SRR10013068,human,in vivo,extracellular,bulk
PB2,911,1295,1,SRR10013068,human,in vivo,extracellular,bulk
PB2,918,1514,3,SRR10013068,human,in vivo,extracellular,bulk
PB2,919,1483,7,SRR10013068,human,in vivo,extracellular,bulk
PB2,922,1518,1,SRR10013068,human,in vivo,extracellular,bulk
PB2,946,2050,1,SRR10013068,human,in vivo,extracellular,bulk
PA,1080,1997,1,SRR10013068,human,in vivo,extracellular,bulk
PA,1304,1521,1,SRR10013068,human,in vivo,extracellular,bulk
PA,145,1687,1,SRR10013068,human,in vivo,extracellular,bulk
PA,1510,2136,1,SRR10013068,human,in vivo,extracellular,bulk
PA,155,1945,1,SRR10013068,human,in vivo,extracellular,bulk
PA,170,1965,1,SRR10013068,human,in vivo,extracellular,bulk
PA,172,1085,1,SRR10013068,human,in vivo,extracellular,bulk
PA,176,967,1,SRR10013068,human,in vivo,extracellular,bulk
PA,1996,2129,1,SRR10013068,human,in vivo,extracellular,bulk
PA,2018,2128,5,SRR10013068,human,in vivo,extracellular,bulk
PA,2059,2099,10,SRR10013068,human,in vivo,extracellular,bulk
PA,2059,2126,2,SRR10013068,human,in vivo,extracellular,bulk
PA,211,1971,20,SRR10013068,human,in vivo,extracellular,bulk
PA,221,2034,1,SRR10013068,human,in vivo,extracellular,bulk
PA,222,1734,5,SRR10013068,human,in vivo,extracellular,bulk
PA,225,859,1,SRR10013068,human,in vivo,extracellular,bulk
PA,232,1014,1,SRR10013068,human,in vivo,extracellular,bulk
PA,232,2071,1,SRR10013068,human,in vivo,extracellular,bulk
PA,269,1668,5,SRR10013068,human,in vivo,extracellular,bulk
PA,269,1944,8,SRR10013068,human,in vivo,extracellular,bulk
PA,270,1792,1,SRR10013068,human,in vivo,extracellular,bulk
PA,272,2072,1,SRR10013068,human,in vivo,extracellular,bulk
PA,274,1673,1,SRR10013068,human,in vivo,extracellular,bulk
PA,324,2031,1,SRR10013068,human,in vivo,extracellular,bulk
PA,326,2032,2,SRR10013068,human,in vivo,extracellular,bulk
PA,326,2033,19,SRR10013068,human,in vivo,extracellular,bulk
PA,331,1096,1,SRR10013068,human,in vivo,extracellular,bulk
PA,334,1820,3,SRR10013068,human,in vivo,extracellular,bulk
PA,334,1935,2,SRR10013068,human,in vivo,extracellular,bulk
PA,336,427,1,SRR10013068,human,in vivo,extracellular,bulk
PA,337,1795,1,SRR10013068,human,in vivo,extracellular,bulk
PA,379,505,1,SRR10013068,human,in vivo,extracellular,bulk
PA,457,1829,10,SRR10013068,human,in vivo,extracellular,bulk
PA,475,1970,2,SRR10013068,human,in vivo,extracellular,bulk
PA,480,1852,58,SRR10013068,human,in vivo,extracellular,bulk
PA,514,1853,10,SRR10013068,human,in vivo,extracellular,bulk
PA,515,1792,5,SRR10013068,human,in vivo,extracellular,bulk
PA,519,1834,2,SRR10013068,human,in vivo,extracellular,bulk
PA,523,1735,1,SRR10013068,human,in vivo,extracellular,bulk
PA,546,1140,1,SRR10013068,human,in vivo,extracellular,bulk
PA,548,1708,8,SRR10013068,human,in vivo,extracellular,bulk
PA,552,1750,2,SRR10013068,human,in vivo,extracellular,bulk
PA,555,1756,40,SRR10013068,human,in vivo,extracellular,bulk
PA,556,1750,43,SRR10013068,human,in vivo,extracellular,bulk
PA,556,609,1,SRR10013068,human,in vivo,extracellular,bulk
PA,561,1760,40,SRR10013068,human,in vivo,extracellular,bulk
PA,566,1212,1,SRR10013068,human,in vivo,extracellular,bulk
PA,567,1838,1,SRR10013068,human,in vivo,extracellular,bulk
PA,568,1820,65,SRR10013068,human,in vivo,extracellular,bulk
PA,568,1954,1,SRR10013068,human,in vivo,extracellular,bulk
PA,569,1821,1,SRR10013068,human,in vivo,extracellular,bulk
PA,570,1948,1,SRR10013068,human,in vivo,extracellular,bulk
PA,577,1647,1,SRR10013068,human,in vivo,extracellular,bulk
PA,578,1761,1,SRR10013068,human,in vivo,extracellular,bulk
PA,589,1528,1,SRR10013068,human,in vivo,extracellular,bulk
PA,589,1567,1,SRR10013068,human,in vivo,extracellular,bulk
PA,607,1449,1,SRR10013068,human,in vivo,extracellular,bulk
PA,607,1654,5,SRR10013068,human,in vivo,extracellular,bulk
PA,620,1721,1,SRR10013068,human,in vivo,extracellular,bulk
PA,624,1910,1,SRR10013068,human,in vivo,extracellular,bulk
PA,626,1848,1,SRR10013068,human,in vivo,extracellular,bulk
PA,630,1655,2,SRR10013068,human,in vivo,extracellular,bulk
PA,652,1628,4,SRR10013068,human,in vivo,extracellular,bulk
PA,652,1699,1,SRR10013068,human,in vivo,extracellular,bulk
PA,662,1810,2,SRR10013068,human,in vivo,extracellular,bulk
PA,709,1623,13,SRR10013068,human,in vivo,extracellular,bulk
PA,709,1783,1,SRR10013068,human,in vivo,extracellular,bulk
PA,774,1661,1,SRR10013068,human,in vivo,extracellular,bulk
PA,776,1662,2,SRR10013068,human,in vivo,extracellular,bulk
PA,77,924,1,SRR10013068,human,in vivo,extracellular,bulk
PA,835,2087,1,SRR10013068,human,in vivo,extracellular,bulk
PA,83,1833,1,SRR10013068,human,in vivo,extracellular,bulk
PA,887,959,1,SRR10013068,human,in vivo,extracellular,bulk
PA,888,1761,1,SRR10013068,human,in vivo,extracellular,bulk
PA,945,1171,1,SRR10013068,human,in vivo,extracellular,bulk
HA,1075,1159,2,SRR10013068,human,in vivo,extracellular,bulk
HA,110,707,1,SRR10013068,human,in vivo,extracellular,bulk
HA,1574,1638,1,SRR10013068,human,in vivo,extracellular,bulk
HA,195,1684,8,SRR10013068,human,in vivo,extracellular,bulk
HA,207,1570,6,SRR10013068,human,in vivo,extracellular,bulk
HA,219,1628,13,SRR10013068,human,in vivo,extracellular,bulk
HA,238,1152,1,SRR10013068,human,in vivo,extracellular,bulk
HA,243,341,1,SRR10013068,human,in vivo,extracellular,bulk
HA,257,1505,7,SRR10013068,human,in vivo,extracellular,bulk
HA,281,1157,1,SRR10013068,human,in vivo,extracellular,bulk
HA,294,1348,1,SRR10013068,human,in vivo,extracellular,bulk
HA,346,1557,1,SRR10013068,human,in vivo,extracellular,bulk
HA,427,1284,1,SRR10013068,human,in vivo,extracellular,bulk
HA,499,1219,1,SRR10013068,human,in vivo,extracellular,bulk
HA,614,1014,1,SRR10013068,human,in vivo,extracellular,bulk
HA,667,1052,1,SRR10013068,human,in vivo,extracellular,bulk
HA,721,902,1,SRR10013068,human,in vivo,extracellular,bulk
HA,940,1179,1,SRR10013068,human,in vivo,extracellular,bulk
HA,975,1669,1,SRR10013068,human,in vivo,extracellular,bulk
NP,1001,1251,3,SRR10013068,human,in vivo,extracellular,bulk
NP,1290,1362,2,SRR10013068,human,in vivo,extracellular,bulk
NP,140,1602,1,SRR10013068,human,in vivo,extracellular,bulk
NP,215,1297,1,SRR10013068,human,in vivo,extracellular,bulk
NP,219,1477,2,SRR10013068,human,in vivo,extracellular,bulk
NP,252,1641,1,SRR10013068,human,in vivo,extracellular,bulk
NP,270,512,1,SRR10013068,human,in vivo,extracellular,bulk
NP,273,1250,7,SRR10013068,human,in vivo,extracellular,bulk
NP,671,1383,1,SRR10013068,human,in vivo,extracellular,bulk
NP,677,1574,1,SRR10013068,human,in vivo,extracellular,bulk
NP,852,1683,2,SRR10013068,human,in vivo,extracellular,bulk
NA,101,755,2,SRR10013068,human,in vivo,extracellular,bulk
NA,104,907,1,SRR10013068,human,in vivo,extracellular,bulk
NA,105,757,2,SRR10013068,human,in vivo,extracellular,bulk
NA,1072,1300,1,SRR10013068,human,in vivo,extracellular,bulk
NA,107,1090,1,SRR10013068,human,in vivo,extracellular,bulk
NA,144,954,1,SRR10013068,human,in vivo,extracellular,bulk
NA,289,626,1,SRR10013068,human,in vivo,extracellular,bulk
NA,332,1105,1,SRR10013068,human,in vivo,extracellular,bulk
NA,403,1087,1,SRR10013068,human,in vivo,extracellular,bulk
NA,404,887,1,SRR10013068,human,in vivo,extracellular,bulk
NA,447,660,1,SRR10013068,human,in vivo,extracellular,bulk
NA,459,1291,1,SRR10013068,human,in vivo,extracellular,bulk
NA,463,1009,1,SRR10013068,human,in vivo,extracellular,bulk
NA,515,1040,1,SRR10013068,human,in vivo,extracellular,bulk
NA,533,1120,1,SRR10013068,human,in vivo,extracellular,bulk
NA,567,968,1,SRR10013068,human,in vivo,extracellular,bulk
NA,584,990,1,SRR10013068,human,in vivo,extracellular,bulk
NA,609,1461,1,SRR10013068,human,in vivo,extracellular,bulk
NA,624,909,1,SRR10013068,human,in vivo,extracellular,bulk
NA,630,757,2,SRR10013068,human,in vivo,extracellular,bulk
NA,636,1318,1,SRR10013068,human,in vivo,extracellular,bulk
NA,640,1322,2,SRR10013068,human,in vivo,extracellular,bulk
NA,677,1198,1,SRR10013068,human,in vivo,extracellular,bulk
NA,68,1027,1,SRR10013068,human,in vivo,extracellular,bulk
NA,709,732,1,SRR10013068,human,in vivo,extracellular,bulk
NA,737,1129,1,SRR10013068,human,in vivo,extracellular,bulk
NA,764,1314,1,SRR10013068,human,in vivo,extracellular,bulk
NA,781,1076,6,SRR10013068,human,in vivo,extracellular,bulk
NA,90,853,1,SRR10013068,human,in vivo,extracellular,bulk
NA,93,1374,1,SRR10013068,human,in vivo,extracellular,bulk
NA,94,1293,7,SRR10013068,human,in vivo,extracellular,bulk
NA,980,1303,1,SRR10013068,human,in vivo,extracellular,bulk
M,107,154,2,SRR10013068,human,in vivo,extracellular,bulk
M,151,838,1,SRR10013068,human,in vivo,extracellular,bulk
M,156,718,1,SRR10013068,human,in vivo,extracellular,bulk
M,159,501,1,SRR10013068,human,in vivo,extracellular,bulk
M,160,717,2,SRR10013068,human,in vivo,extracellular,bulk
M,207,317,1,SRR10013068,human,in vivo,extracellular,bulk
M,314,430,1,SRR10013068,human,in vivo,extracellular,bulk
M,327,1054,1,SRR10013068,human,in vivo,extracellular,bulk
M,453,867,1,SRR10013068,human,in vivo,extracellular,bulk
M,475,734,1,SRR10013068,human,in vivo,extracellular,bulk
M,505,929,1,SRR10013068,human,in vivo,extracellular,bulk
M,521,595,1,SRR10013068,human,in vivo,extracellular,bulk
M,533,564,1,SRR10013068,human,in vivo,extracellular,bulk
M,569,901,1,SRR10013068,human,in vivo,extracellular,bulk
M,662,1016,1,SRR10013068,human,in vivo,extracellular,bulk
M,70,613,1,SRR10013068,human,in vivo,extracellular,bulk
M,710,977,1,SRR10013068,human,in vivo,extracellular,bulk
M,796,820,1,SRR10013068,human,in vivo,extracellular,bulk
M,79,159,1,SRR10013068,human,in vivo,extracellular,bulk
M,83,696,3,SRR10013068,human,in vivo,extracellular,bulk
M,90,497,1,SRR10013068,human,in vivo,extracellular,bulk
M,96,493,1,SRR10013068,human,in vivo,extracellular,bulk
NS,690,793,1,SRR10013068,human,in vivo,extracellular,bulk
NS,700,738,1,SRR10013068,human,in vivo,extracellular,bulk
PB1,1010,2096,1,SRR10013205,human,in vivo,extracellular,bulk
PB1,115,1279,1,SRR10013205,human,in vivo,extracellular,bulk
PB1,1162,1750,1,SRR10013205,human,in vivo,extracellular,bulk
PB1,1168,2262,1,SRR10013205,human,in vivo,extracellular,bulk
PB1,119,1283,88,SRR10013205,human,in vivo,extracellular,bulk
PB1,120,818,1,SRR10013205,human,in vivo,extracellular,bulk
PB1,1215,2212,1,SRR10013205,human,in vivo,extracellular,bulk
PB1,1241,1482,1,SRR10013205,human,in vivo,extracellular,bulk
PB1,124,359,1,SRR10013205,human,in vivo,extracellular,bulk
PB1,1252,1957,1,SRR10013205,human,in vivo,extracellular,bulk
PB1,1260,1489,1,SRR10013205,human,in vivo,extracellular,bulk
PB1,1262,2121,1,SRR10013205,human,in vivo,extracellular,bulk
PB1,1285,1696,1,SRR10013205,human,in vivo,extracellular,bulk
PB1,1292,1547,1,SRR10013205,human,in vivo,extracellular,bulk
PB1,129,2079,17,SRR10013205,human,in vivo,extracellular,bulk
PB1,130,1008,1,SRR10013205,human,in vivo,extracellular,bulk
PB1,131,1851,1,SRR10013205,human,in vivo,extracellular,bulk
PB1,1320,2337,1,SRR10013205,human,in vivo,extracellular,bulk
PB1,1331,1693,1,SRR10013205,human,in vivo,extracellular,bulk
PB1,133,904,1,SRR10013205,human,in vivo,extracellular,bulk
PB1,140,702,1,SRR10013205,human,in vivo,extracellular,bulk
PB1,141,463,1,SRR10013205,human,in vivo,extracellular,bulk
PB1,1420,2170,1,SRR10013205,human,in vivo,extracellular,bulk
PB1,1437,1669,1,SRR10013205,human,in vivo,extracellular,bulk
PB1,1458,2028,1,SRR10013205,human,in vivo,extracellular,bulk
PB1,1546,1728,1,SRR10013205,human,in vivo,extracellular,bulk
PB1,155,1142,1,SRR10013205,human,in vivo,extracellular,bulk
PB1,1567,2019,1,SRR10013205,human,in vivo,extracellular,bulk
PB1,156,2057,9,SRR10013205,human,in vivo,extracellular,bulk
PB1,1579,2216,1,SRR10013205,human,in vivo,extracellular,bulk
PB1,1601,2236,1,SRR10013205,human,in vivo,extracellular,bulk
PB1,161,1706,1,SRR10013205,human,in vivo,extracellular,bulk
PB1,1621,1691,1,SRR10013205,human,in vivo,extracellular,bulk
PB1,162,675,1,SRR10013205,human,in vivo,extracellular,bulk
PB1,164,2066,3,SRR10013205,human,in vivo,extracellular,bulk
PB1,165,2074,1,SRR10013205,human,in vivo,extracellular,bulk
PB1,1694,1949,1,SRR10013205,human,in vivo,extracellular,bulk
PB1,170,1305,1,SRR10013205,human,in vivo,extracellular,bulk
PB1,1728,1752,1,SRR10013205,human,in vivo,extracellular,bulk
PB1,1733,1792,1,SRR10013205,human,in vivo,extracellular,bulk
PB1,1779,2036,1,SRR10013205,human,in vivo,extracellular,bulk
PB1,1961,2088,1,SRR10013205,human,in vivo,extracellular,bulk
PB1,1986,2194,1,SRR10013205,human,in vivo,extracellular,bulk
PB1,2074,2111,22,SRR10013205,human,in vivo,extracellular,bulk
PB1,231,1953,3,SRR10013205,human,in vivo,extracellular,bulk
PB1,232,1796,1,SRR10013205,human,in vivo,extracellular,bulk
PB1,269,1659,1,SRR10013205,human,in vivo,extracellular,bulk
PB1,270,348,1,SRR10013205,human,in vivo,extracellular,bulk
PB1,280,2184,1,SRR10013205,human,in vivo,extracellular,bulk
PB1,280,2207,2,SRR10013205,human,in vivo,extracellular,bulk
PB1,281,349,1,SRR10013205,human,in vivo,extracellular,bulk
PB1,282,351,1,SRR10013205,human,in vivo,extracellular,bulk
PB1,286,445,1,SRR10013205,human,in vivo,extracellular,bulk
PB1,290,1869,1,SRR10013205,human,in vivo,extracellular,bulk
PB1,290,2218,2,SRR10013205,human,in vivo,extracellular,bulk
PB1,294,332,1,SRR10013205,human,in vivo,extracellular,bulk
PB1,296,332,1,SRR10013205,human,in vivo,extracellular,bulk
PB1,297,329,1,SRR10013205,human,in vivo,extracellular,bulk
PB1,299,2112,1,SRR10013205,human,in vivo,extracellular,bulk
PB1,300,328,1,SRR10013205,human,in vivo,extracellular,bulk
PB1,300,329,1,SRR10013205,human,in vivo,extracellular,bulk
PB1,306,2224,1,SRR10013205,human,in vivo,extracellular,bulk
PB1,307,1604,1,SRR10013205,human,in vivo,extracellular,bulk
PB1,309,2184,1,SRR10013205,human,in vivo,extracellular,bulk
PB1,310,2195,8,SRR10013205,human,in vivo,extracellular,bulk
PB1,311,2057,3,SRR10013205,human,in vivo,extracellular,bulk
PB1,311,2073,1,SRR10013205,human,in vivo,extracellular,bulk
PB1,329,1788,2,SRR10013205,human,in vivo,extracellular,bulk
PB1,333,1654,1,SRR10013205,human,in vivo,extracellular,bulk
PB1,338,1102,1,SRR10013205,human,in vivo,extracellular,bulk
PB1,345,1030,1,SRR10013205,human,in vivo,extracellular,bulk
PB1,345,2093,17,SRR10013205,human,in vivo,extracellular,bulk
PB1,349,1782,2,SRR10013205,human,in vivo,extracellular,bulk
PB1,349,2108,23,SRR10013205,human,in vivo,extracellular,bulk
PB1,352,1704,3,SRR10013205,human,in vivo,extracellular,bulk
PB1,355,1278,1,SRR10013205,human,in vivo,extracellular,bulk
PB1,356,2193,4,SRR10013205,human,in vivo,extracellular,bulk
PB1,357,2181,1,SRR10013205,human,in vivo,extracellular,bulk
PB1,360,500,1,SRR10013205,human,in vivo,extracellular,bulk
PB1,361,2198,5,SRR10013205,human,in vivo,extracellular,bulk
PB1,364,1933,41,SRR10013205,human,in vivo,extracellular,bulk
PB1,364,452,2,SRR10013205,human,in vivo,extracellular,bulk
PB1,365,1951,11,SRR10013205,human,in vivo,extracellular,bulk
PB1,367,1868,1,SRR10013205,human,in vivo,extracellular,bulk
PB1,374,459,3,SRR10013205,human,in vivo,extracellular,bulk
PB1,375,1941,17,SRR10013205,human,in vivo,extracellular,bulk
PB1,376,900,2,SRR10013205,human,in vivo,extracellular,bulk
PB1,384,2333,1,SRR10013205,human,in vivo,extracellular,bulk
PB1,385,1700,9,SRR10013205,human,in vivo,extracellular,bulk
PB1,391,1958,15,SRR10013205,human,in vivo,extracellular,bulk
PB1,395,1669,1,SRR10013205,human,in vivo,extracellular,bulk
PB1,399,1713,12,SRR10013205,human,in vivo,extracellular,bulk
PB1,401,2331,1,SRR10013205,human,in vivo,extracellular,bulk
PB1,402,1008,1,SRR10013205,human,in vivo,extracellular,bulk
PB1,402,1966,5,SRR10013205,human,in vivo,extracellular,bulk
PB1,408,1418,2,SRR10013205,human,in vivo,extracellular,bulk
PB1,410,1491,1,SRR10013205,human,in vivo,extracellular,bulk
PB1,412,1624,1,SRR10013205,human,in vivo,extracellular,bulk
PB1,415,1725,20,SRR10013205,human,in vivo,extracellular,bulk
PB1,415,493,1,SRR10013205,human,in vivo,extracellular,bulk
PB1,437,1936,1,SRR10013205,human,in vivo,extracellular,bulk
PB1,443,1647,4,SRR10013205,human,in vivo,extracellular,bulk
PB1,444,1475,5,SRR10013205,human,in vivo,extracellular,bulk
PB1,447,1228,1,SRR10013205,human,in vivo,extracellular,bulk
PB1,448,1652,3,SRR10013205,human,in vivo,extracellular,bulk
PB1,448,1705,1,SRR10013205,human,in vivo,extracellular,bulk
PB1,449,1480,1,SRR10013205,human,in vivo,extracellular,bulk
PB1,452,1771,2,SRR10013205,human,in vivo,extracellular,bulk
PB1,452,1954,40,SRR10013205,human,in vivo,extracellular,bulk
PB1,454,1657,2,SRR10013205,human,in vivo,extracellular,bulk
PB1,456,1775,10,SRR10013205,human,in vivo,extracellular,bulk
PB1,458,1474,1,SRR10013205,human,in vivo,extracellular,bulk
PB1,462,1619,1,SRR10013205,human,in vivo,extracellular,bulk
PB1,477,1535,7,SRR10013205,human,in vivo,extracellular,bulk
PB1,481,1486,1,SRR10013205,human,in vivo,extracellular,bulk
PB1,484,1744,1,SRR10013205,human,in vivo,extracellular,bulk
PB1,485,1755,16,SRR10013205,human,in vivo,extracellular,bulk
PB1,490,1268,1,SRR10013205,human,in vivo,extracellular,bulk
PB1,491,1253,1,SRR10013205,human,in vivo,extracellular,bulk
PB1,493,1712,1,SRR10013205,human,in vivo,extracellular,bulk
PB1,493,2019,1,SRR10013205,human,in vivo,extracellular,bulk
PB1,500,1320,1,SRR10013205,human,in vivo,extracellular,bulk
PB1,502,1739,1,SRR10013205,human,in vivo,extracellular,bulk
PB1,507,1725,1,SRR10013205,human,in vivo,extracellular,bulk
PB1,507,2090,17,SRR10013205,human,in vivo,extracellular,bulk
PB1,510,2087,1,SRR10013205,human,in vivo,extracellular,bulk
PB1,511,2271,1,SRR10013205,human,in vivo,extracellular,bulk
PB1,513,1965,18,SRR10013205,human,in vivo,extracellular,bulk
PB1,521,2092,1,SRR10013205,human,in vivo,extracellular,bulk
PB1,521,2108,1,SRR10013205,human,in vivo,extracellular,bulk
PB1,529,1955,27,SRR10013205,human,in vivo,extracellular,bulk
PB1,52,1676,1,SRR10013205,human,in vivo,extracellular,bulk
PB1,532,2284,1,SRR10013205,human,in vivo,extracellular,bulk
PB1,540,1777,5,SRR10013205,human,in vivo,extracellular,bulk
PB1,542,1554,1,SRR10013205,human,in vivo,extracellular,bulk
PB1,542,1778,7,SRR10013205,human,in vivo,extracellular,bulk
PB1,542,1863,10,SRR10013205,human,in vivo,extracellular,bulk
PB1,543,1943,104,SRR10013205,human,in vivo,extracellular,bulk
PB1,544,1851,28,SRR10013205,human,in vivo,extracellular,bulk
PB1,544,1933,204,SRR10013205,human,in vivo,extracellular,bulk
PB1,544,1934,1,SRR10013205,human,in vivo,extracellular,bulk
PB1,545,1315,1,SRR10013205,human,in vivo,extracellular,bulk
PB1,545,1732,21,SRR10013205,human,in vivo,extracellular,bulk
PB1,545,1769,7,SRR10013205,human,in vivo,extracellular,bulk
PB1,545,1774,5,SRR10013205,human,in vivo,extracellular,bulk
PB1,55,1799,1,SRR10013205,human,in vivo,extracellular,bulk
PB1,589,1757,2,SRR10013205,human,in vivo,extracellular,bulk
PB1,590,1733,1,SRR10013205,human,in vivo,extracellular,bulk
PB1,590,1757,121,SRR10013205,human,in vivo,extracellular,bulk
PB1,623,1555,5,SRR10013205,human,in vivo,extracellular,bulk
PB1,627,1722,1,SRR10013205,human,in vivo,extracellular,bulk
PB1,627,1750,2,SRR10013205,human,in vivo,extracellular,bulk
PB1,628,1613,1,SRR10013205,human,in vivo,extracellular,bulk
PB1,628,1756,17,SRR10013205,human,in vivo,extracellular,bulk
PB1,629,1759,6,SRR10013205,human,in vivo,extracellular,bulk
PB1,630,1693,21,SRR10013205,human,in vivo,extracellular,bulk
PB1,630,1713,9,SRR10013205,human,in vivo,extracellular,bulk
PB1,636,1153,1,SRR10013205,human,in vivo,extracellular,bulk
PB1,638,1612,9,SRR10013205,human,in vivo,extracellular,bulk
PB1,638,1738,1,SRR10013205,human,in vivo,extracellular,bulk
PB1,638,1755,9,SRR10013205,human,in vivo,extracellular,bulk
PB1,639,1737,2,SRR10013205,human,in vivo,extracellular,bulk
PB1,642,1741,4,SRR10013205,human,in vivo,extracellular,bulk
PB1,642,1742,1,SRR10013205,human,in vivo,extracellular,bulk
PB1,644,1722,2,SRR10013205,human,in vivo,extracellular,bulk
PB1,645,1745,42,SRR10013205,human,in vivo,extracellular,bulk
PB1,645,2039,7,SRR10013205,human,in vivo,extracellular,bulk
PB1,646,1726,16,SRR10013205,human,in vivo,extracellular,bulk
PB1,646,1737,11,SRR10013205,human,in vivo,extracellular,bulk
PB1,647,1572,1,SRR10013205,human,in vivo,extracellular,bulk
PB1,648,1732,8,SRR10013205,human,in vivo,extracellular,bulk
PB1,650,1598,16,SRR10013205,human,in vivo,extracellular,bulk
PB1,650,1735,1,SRR10013205,human,in vivo,extracellular,bulk
PB1,650,1950,1,SRR10013205,human,in vivo,extracellular,bulk
PB1,66,1658,1,SRR10013205,human,in vivo,extracellular,bulk
PB1,67,2137,2,SRR10013205,human,in vivo,extracellular,bulk
PB1,686,1696,8,SRR10013205,human,in vivo,extracellular,bulk
PB1,693,1745,1,SRR10013205,human,in vivo,extracellular,bulk
PB1,694,1530,5,SRR10013205,human,in vivo,extracellular,bulk
PB1,697,1657,4,SRR10013205,human,in vivo,extracellular,bulk
PB1,699,1594,12,SRR10013205,human,in vivo,extracellular,bulk
PB1,69,1937,2,SRR10013205,human,in vivo,extracellular,bulk
PB1,701,1662,9,SRR10013205,human,in vivo,extracellular,bulk
PB1,706,1756,4,SRR10013205,human,in vivo,extracellular,bulk
PB1,707,1648,2,SRR10013205,human,in vivo,extracellular,bulk
PB1,709,1967,8,SRR10013205,human,in vivo,extracellular,bulk
PB1,714,1717,3,SRR10013205,human,in vivo,extracellular,bulk
PB1,714,2084,12,SRR10013205,human,in vivo,extracellular,bulk
PB1,715,1565,1,SRR10013205,human,in vivo,extracellular,bulk
PB1,715,2203,1,SRR10013205,human,in vivo,extracellular,bulk
PB1,716,1680,1,SRR10013205,human,in vivo,extracellular,bulk
PB1,718,1201,2,SRR10013205,human,in vivo,extracellular,bulk
PB1,718,1575,1,SRR10013205,human,in vivo,extracellular,bulk
PB1,720,1574,9,SRR10013205,human,in vivo,extracellular,bulk
PB1,720,2029,1,SRR10013205,human,in vivo,extracellular,bulk
PB1,722,1574,8,SRR10013205,human,in vivo,extracellular,bulk
PB1,722,1710,1,SRR10013205,human,in vivo,extracellular,bulk
PB1,724,1795,1,SRR10013205,human,in vivo,extracellular,bulk
PB1,727,1302,1,SRR10013205,human,in vivo,extracellular,bulk
PB1,728,1540,6,SRR10013205,human,in vivo,extracellular,bulk
PB1,729,1558,52,SRR10013205,human,in vivo,extracellular,bulk
PB1,730,1555,3,SRR10013205,human,in vivo,extracellular,bulk
PB1,731,1630,2,SRR10013205,human,in vivo,extracellular,bulk
PB1,732,2027,1,SRR10013205,human,in vivo,extracellular,bulk
PB1,736,1736,1,SRR10013205,human,in vivo,extracellular,bulk
PB1,739,1778,1,SRR10013205,human,in vivo,extracellular,bulk
PB1,73,1646,1,SRR10013205,human,in vivo,extracellular,bulk
PB1,742,1594,37,SRR10013205,human,in vivo,extracellular,bulk
PB1,743,1746,2,SRR10013205,human,in vivo,extracellular,bulk
PB1,744,1624,18,SRR10013205,human,in vivo,extracellular,bulk
PB1,744,1776,6,SRR10013205,human,in vivo,extracellular,bulk
PB1,747,1587,3,SRR10013205,human,in vivo,extracellular,bulk
PB1,749,1155,1,SRR10013205,human,in vivo,extracellular,bulk
PB1,750,2102,8,SRR10013205,human,in vivo,extracellular,bulk
PB1,757,2139,1,SRR10013205,human,in vivo,extracellular,bulk
PB1,758,1485,7,SRR10013205,human,in vivo,extracellular,bulk
PB1,758,1711,40,SRR10013205,human,in vivo,extracellular,bulk
PB1,760,2049,1,SRR10013205,human,in vivo,extracellular,bulk
PB1,761,1691,6,SRR10013205,human,in vivo,extracellular,bulk
PB1,770,2059,1,SRR10013205,human,in vivo,extracellular,bulk
PB1,775,1867,17,SRR10013205,human,in vivo,extracellular,bulk
PB1,776,2096,1,SRR10013205,human,in vivo,extracellular,bulk
PB1,777,1553,23,SRR10013205,human,in vivo,extracellular,bulk
PB1,786,1575,3,SRR10013205,human,in vivo,extracellular,bulk
PB1,786,1608,1,SRR10013205,human,in vivo,extracellular,bulk
PB1,790,1538,14,SRR10013205,human,in vivo,extracellular,bulk
PB1,794,1528,9,SRR10013205,human,in vivo,extracellular,bulk
PB1,794,1609,7,SRR10013205,human,in vivo,extracellular,bulk
PB1,795,1535,17,SRR10013205,human,in vivo,extracellular,bulk
PB1,798,1534,18,SRR10013205,human,in vivo,extracellular,bulk
PB1,798,1587,2,SRR10013205,human,in vivo,extracellular,bulk
PB1,799,1695,13,SRR10013205,human,in vivo,extracellular,bulk
PB1,800,1499,2,SRR10013205,human,in vivo,extracellular,bulk
PB1,801,1626,67,SRR10013205,human,in vivo,extracellular,bulk
PB1,804,1481,11,SRR10013205,human,in vivo,extracellular,bulk
PB1,804,1558,9,SRR10013205,human,in vivo,extracellular,bulk
PB1,805,1478,6,SRR10013205,human,in vivo,extracellular,bulk
PB1,805,1529,7,SRR10013205,human,in vivo,extracellular,bulk
PB1,805,1609,1,SRR10013205,human,in vivo,extracellular,bulk
PB1,808,1608,2,SRR10013205,human,in vivo,extracellular,bulk
PB1,808,1612,7,SRR10013205,human,in vivo,extracellular,bulk
PB1,811,1266,1,SRR10013205,human,in vivo,extracellular,bulk
PB1,811,1753,4,SRR10013205,human,in vivo,extracellular,bulk
PB1,814,1611,13,SRR10013205,human,in vivo,extracellular,bulk
PB1,815,1610,10,SRR10013205,human,in vivo,extracellular,bulk
PB1,819,1408,1,SRR10013205,human,in vivo,extracellular,bulk
PB1,819,1625,5,SRR10013205,human,in vivo,extracellular,bulk
PB1,819,1864,2,SRR10013205,human,in vivo,extracellular,bulk
PB1,81,1270,1,SRR10013205,human,in vivo,extracellular,bulk
PB1,825,1617,1,SRR10013205,human,in vivo,extracellular,bulk
PB1,827,1322,1,SRR10013205,human,in vivo,extracellular,bulk
PB1,828,1856,1,SRR10013205,human,in vivo,extracellular,bulk
PB1,829,1596,1,SRR10013205,human,in vivo,extracellular,bulk
PB1,830,1724,5,SRR10013205,human,in vivo,extracellular,bulk
PB1,833,1543,6,SRR10013205,human,in vivo,extracellular,bulk
PB1,833,1608,24,SRR10013205,human,in vivo,extracellular,bulk
PB1,840,1586,9,SRR10013205,human,in vivo,extracellular,bulk
PB1,841,1508,14,SRR10013205,human,in vivo,extracellular,bulk
PB1,841,1512,3,SRR10013205,human,in vivo,extracellular,bulk
PB1,841,1528,6,SRR10013205,human,in vivo,extracellular,bulk
PB1,848,1374,1,SRR10013205,human,in vivo,extracellular,bulk
PB1,849,1318,1,SRR10013205,human,in vivo,extracellular,bulk
PB1,857,1736,1,SRR10013205,human,in vivo,extracellular,bulk
PB1,85,1266,3,SRR10013205,human,in vivo,extracellular,bulk
PB1,86,1312,1,SRR10013205,human,in vivo,extracellular,bulk
PB1,880,2035,1,SRR10013205,human,in vivo,extracellular,bulk
PB1,882,1640,1,SRR10013205,human,in vivo,extracellular,bulk
PB1,893,1643,4,SRR10013205,human,in vivo,extracellular,bulk
PB1,893,1649,1,SRR10013205,human,in vivo,extracellular,bulk
PB1,89,877,1,SRR10013205,human,in vivo,extracellular,bulk
PB1,902,1555,6,SRR10013205,human,in vivo,extracellular,bulk
PB1,909,1478,14,SRR10013205,human,in vivo,extracellular,bulk
PB1,916,1537,2,SRR10013205,human,in vivo,extracellular,bulk
PB1,916,1541,2,SRR10013205,human,in vivo,extracellular,bulk
PB1,919,1430,14,SRR10013205,human,in vivo,extracellular,bulk
PB1,919,2197,1,SRR10013205,human,in vivo,extracellular,bulk
PB1,921,1504,1,SRR10013205,human,in vivo,extracellular,bulk
PB1,922,1739,1,SRR10013205,human,in vivo,extracellular,bulk
PB1,925,2056,1,SRR10013205,human,in vivo,extracellular,bulk
PB1,928,1730,2,SRR10013205,human,in vivo,extracellular,bulk
PB1,92,2180,16,SRR10013205,human,in vivo,extracellular,bulk
PB1,931,1649,1,SRR10013205,human,in vivo,extracellular,bulk
PB1,935,1687,40,SRR10013205,human,in vivo,extracellular,bulk
PB1,948,1333,1,SRR10013205,human,in vivo,extracellular,bulk
PB1,952,1337,1,SRR10013205,human,in vivo,extracellular,bulk
PB1,956,1738,1,SRR10013205,human,in vivo,extracellular,bulk
PB1,967,1020,1,SRR10013205,human,in vivo,extracellular,bulk
PB1,968,1018,1,SRR10013205,human,in vivo,extracellular,bulk
PB1,96,1693,3,SRR10013205,human,in vivo,extracellular,bulk
PB1,971,1325,1,SRR10013205,human,in vivo,extracellular,bulk
PB1,977,1546,1,SRR10013205,human,in vivo,extracellular,bulk
PB1,979,1706,1,SRR10013205,human,in vivo,extracellular,bulk
PB1,982,1004,1,SRR10013205,human,in vivo,extracellular,bulk
PB2,1001,2301,1,SRR10013205,human,in vivo,extracellular,bulk
PB2,1005,1813,11,SRR10013205,human,in vivo,extracellular,bulk
PB2,1012,1500,15,SRR10013205,human,in vivo,extracellular,bulk
PB2,1020,1429,1,SRR10013205,human,in vivo,extracellular,bulk
PB2,1021,1486,1,SRR10013205,human,in vivo,extracellular,bulk
PB2,1022,2059,1,SRR10013205,human,in vivo,extracellular,bulk
PB2,1027,1138,1,SRR10013205,human,in vivo,extracellular,bulk
PB2,1034,1476,14,SRR10013205,human,in vivo,extracellular,bulk
PB2,1036,1476,26,SRR10013205,human,in vivo,extracellular,bulk
PB2,1038,2152,1,SRR10013205,human,in vivo,extracellular,bulk
PB2,1040,1146,1,SRR10013205,human,in vivo,extracellular,bulk
PB2,1042,1482,2,SRR10013205,human,in vivo,extracellular,bulk
PB2,1051,1837,1,SRR10013205,human,in vivo,extracellular,bulk
PB2,1051,2075,2,SRR10013205,human,in vivo,extracellular,bulk
PB2,1059,2080,1,SRR10013205,human,in vivo,extracellular,bulk
PB2,1060,1949,3,SRR10013205,human,in vivo,extracellular,bulk
PB2,1061,2086,1,SRR10013205,human,in vivo,extracellular,bulk
PB2,1065,1153,2,SRR10013205,human,in vivo,extracellular,bulk
PB2,1076,2125,1,SRR10013205,human,in vivo,extracellular,bulk
PB2,1085,1805,1,SRR10013205,human,in vivo,extracellular,bulk
PB2,1093,1529,1,SRR10013205,human,in vivo,extracellular,bulk
PB2,1103,2296,1,SRR10013205,human,in vivo,extracellular,bulk
PB2,1172,1313,1,SRR10013205,human,in vivo,extracellular,bulk
PB2,1232,1504,1,SRR10013205,human,in vivo,extracellular,bulk
PB2,1273,1390,1,SRR10013205,human,in vivo,extracellular,bulk
PB2,1273,2319,1,SRR10013205,human,in vivo,extracellular,bulk
PB2,1307,1959,1,SRR10013205,human,in vivo,extracellular,bulk
PB2,136,443,1,SRR10013205,human,in vivo,extracellular,bulk
PB2,137,1085,1,SRR10013205,human,in vivo,extracellular,bulk
PB2,1416,1956,1,SRR10013205,human,in vivo,extracellular,bulk
PB2,1423,2332,1,SRR10013205,human,in vivo,extracellular,bulk
PB2,1424,2333,1,SRR10013205,human,in vivo,extracellular,bulk
PB2,1448,1471,1,SRR10013205,human,in vivo,extracellular,bulk
PB2,144,2172,4,SRR10013205,human,in vivo,extracellular,bulk
PB2,1475,2066,1,SRR10013205,human,in vivo,extracellular,bulk
PB2,150,612,1,SRR10013205,human,in vivo,extracellular,bulk
PB2,1518,1817,1,SRR10013205,human,in vivo,extracellular,bulk
PB2,1521,2234,1,SRR10013205,human,in vivo,extracellular,bulk
PB2,152,2181,1,SRR10013205,human,in vivo,extracellular,bulk
PB2,162,1871,1,SRR10013205,human,in vivo,extracellular,bulk
PB2,1645,1920,1,SRR10013205,human,in vivo,extracellular,bulk
PB2,164,2144,16,SRR10013205,human,in vivo,extracellular,bulk
PB2,1658,2083,1,SRR10013205,human,in vivo,extracellular,bulk
PB2,165,2198,23,SRR10013205,human,in vivo,extracellular,bulk
PB2,166,2143,1,SRR10013205,human,in vivo,extracellular,bulk
PB2,1675,2088,1,SRR10013205,human,in vivo,extracellular,bulk
PB2,1726,1948,1,SRR10013205,human,in vivo,extracellular,bulk
PB2,1736,1767,1,SRR10013205,human,in vivo,extracellular,bulk
PB2,173,1057,1,SRR10013205,human,in vivo,extracellular,bulk
PB2,173,2077,1,SRR10013205,human,in vivo,extracellular,bulk
PB2,1740,1767,1,SRR10013205,human,in vivo,extracellular,bulk
PB2,1743,1765,1,SRR10013205,human,in vivo,extracellular,bulk
PB2,1759,1816,1,SRR10013205,human,in vivo,extracellular,bulk
PB2,1841,1875,1,SRR10013205,human,in vivo,extracellular,bulk
PB2,1886,2016,1,SRR10013205,human,in vivo,extracellular,bulk
PB2,1903,2299,1,SRR10013205,human,in vivo,extracellular,bulk
PB2,1952,2071,1,SRR10013205,human,in vivo,extracellular,bulk
PB2,1962,1989,1,SRR10013205,human,in vivo,extracellular,bulk
PB2,1982,2135,1,SRR10013205,human,in vivo,extracellular,bulk
PB2,1985,2084,1,SRR10013205,human,in vivo,extracellular,bulk
PB2,2091,2127,1,SRR10013205,human,in vivo,extracellular,bulk
PB2,217,1702,2,SRR10013205,human,in vivo,extracellular,bulk
PB2,2206,2248,1,SRR10013205,human,in vivo,extracellular,bulk
PB2,2214,2240,1,SRR10013205,human,in vivo,extracellular,bulk
PB2,233,1531,1,SRR10013205,human,in vivo,extracellular,bulk
PB2,239,2122,1,SRR10013205,human,in vivo,extracellular,bulk
PB2,239,2176,1,SRR10013205,human,in vivo,extracellular,bulk
PB2,241,2151,1,SRR10013205,human,in vivo,extracellular,bulk
PB2,243,2166,1,SRR10013205,human,in vivo,extracellular,bulk
PB2,243,2193,217,SRR10013205,human,in vivo,extracellular,bulk
PB2,244,1098,1,SRR10013205,human,in vivo,extracellular,bulk
PB2,244,1956,1,SRR10013205,human,in vivo,extracellular,bulk
PB2,244,2125,230,SRR10013205,human,in vivo,extracellular,bulk
PB2,244,2144,47,SRR10013205,human,in vivo,extracellular,bulk
PB2,244,2216,2,SRR10013205,human,in vivo,extracellular,bulk
PB2,244,2242,17,SRR10013205,human,in vivo,extracellular,bulk
PB2,245,2212,20,SRR10013205,human,in vivo,extracellular,bulk
PB2,270,1051,1,SRR10013205,human,in vivo,extracellular,bulk
PB2,270,1836,4,SRR10013205,human,in vivo,extracellular,bulk
PB2,277,2078,1,SRR10013205,human,in vivo,extracellular,bulk
PB2,280,1739,1,SRR10013205,human,in vivo,extracellular,bulk
PB2,283,1860,1,SRR10013205,human,in vivo,extracellular,bulk
PB2,283,579,2,SRR10013205,human,in vivo,extracellular,bulk
PB2,285,2224,1,SRR10013205,human,in vivo,extracellular,bulk
PB2,286,1079,1,SRR10013205,human,in vivo,extracellular,bulk
PB2,286,1153,3,SRR10013205,human,in vivo,extracellular,bulk
PB2,286,1542,1,SRR10013205,human,in vivo,extracellular,bulk
PB2,299,1167,1,SRR10013205,human,in vivo,extracellular,bulk
PB2,30,1618,1,SRR10013205,human,in vivo,extracellular,bulk
PB2,318,1914,12,SRR10013205,human,in vivo,extracellular,bulk
PB2,326,2129,2,SRR10013205,human,in vivo,extracellular,bulk
PB2,330,1098,2,SRR10013205,human,in vivo,extracellular,bulk
PB2,332,1804,1,SRR10013205,human,in vivo,extracellular,bulk
PB2,334,577,1,SRR10013205,human,in vivo,extracellular,bulk
PB2,336,1621,1,SRR10013205,human,in vivo,extracellular,bulk
PB2,339,1231,1,SRR10013205,human,in vivo,extracellular,bulk
PB2,349,1964,1,SRR10013205,human,in vivo,extracellular,bulk
PB2,350,1091,1,SRR10013205,human,in vivo,extracellular,bulk
PB2,356,1503,3,SRR10013205,human,in vivo,extracellular,bulk
PB2,356,906,1,SRR10013205,human,in vivo,extracellular,bulk
PB2,357,1089,1,SRR10013205,human,in vivo,extracellular,bulk
PB2,357,2071,1,SRR10013205,human,in vivo,extracellular,bulk
PB2,358,1711,5,SRR10013205,human,in vivo,extracellular,bulk
PB2,358,1954,2,SRR10013205,human,in vivo,extracellular,bulk
PB2,358,1955,30,SRR10013205,human,in vivo,extracellular,bulk
PB2,362,1044,1,SRR10013205,human,in vivo,extracellular,bulk
PB2,363,1988,71,SRR10013205,human,in vivo,extracellular,bulk
PB2,367,1511,1,SRR10013205,human,in vivo,extracellular,bulk
PB2,372,1954,1,SRR10013205,human,in vivo,extracellular,bulk
PB2,377,1909,1,SRR10013205,human,in vivo,extracellular,bulk
PB2,377,1977,1,SRR10013205,human,in vivo,extracellular,bulk
PB2,378,1972,9,SRR10013205,human,in vivo,extracellular,bulk
PB2,389,1937,7,SRR10013205,human,in vivo,extracellular,bulk
PB2,391,1949,4,SRR10013205,human,in vivo,extracellular,bulk
PB2,396,1733,1,SRR10013205,human,in vivo,extracellular,bulk
PB2,398,1635,1,SRR10013205,human,in vivo,extracellular,bulk
PB2,399,503,1,SRR10013205,human,in vivo,extracellular,bulk
PB2,400,1940,7,SRR10013205,human,in vivo,extracellular,bulk
PB2,411,1938,4,SRR10013205,human,in vivo,extracellular,bulk
PB2,416,1706,1,SRR10013205,human,in vivo,extracellular,bulk
PB2,417,1971,25,SRR10013205,human,in vivo,extracellular,bulk
PB2,427,1917,5,SRR10013205,human,in vivo,extracellular,bulk
PB2,428,1988,7,SRR10013205,human,in vivo,extracellular,bulk
PB2,444,1881,14,SRR10013205,human,in vivo,extracellular,bulk
PB2,447,1504,1,SRR10013205,human,in vivo,extracellular,bulk
PB2,447,2084,1,SRR10013205,human,in vivo,extracellular,bulk
PB2,449,2171,1,SRR10013205,human,in vivo,extracellular,bulk
PB2,44,2070,2,SRR10013205,human,in vivo,extracellular,bulk
PB2,44,2178,1,SRR10013205,human,in vivo,extracellular,bulk
PB2,44,611,1,SRR10013205,human,in vivo,extracellular,bulk
PB2,450,1819,1,SRR10013205,human,in vivo,extracellular,bulk
PB2,454,1982,2,SRR10013205,human,in vivo,extracellular,bulk
PB2,458,1967,1,SRR10013205,human,in vivo,extracellular,bulk
PB2,459,1474,1,SRR10013205,human,in vivo,extracellular,bulk
PB2,459,1858,2,SRR10013205,human,in vivo,extracellular,bulk
PB2,460,1283,1,SRR10013205,human,in vivo,extracellular,bulk
PB2,461,1548,3,SRR10013205,human,in vivo,extracellular,bulk
PB2,462,1861,47,SRR10013205,human,in vivo,extracellular,bulk
PB2,462,2061,1,SRR10013205,human,in vivo,extracellular,bulk
PB2,463,1974,18,SRR10013205,human,in vivo,extracellular,bulk
PB2,464,1769,7,SRR10013205,human,in vivo,extracellular,bulk
PB2,464,1962,60,SRR10013205,human,in vivo,extracellular,bulk
PB2,478,1997,1,SRR10013205,human,in vivo,extracellular,bulk
PB2,481,2281,1,SRR10013205,human,in vivo,extracellular,bulk
PB2,485,1950,28,SRR10013205,human,in vivo,extracellular,bulk
PB2,485,2133,1,SRR10013205,human,in vivo,extracellular,bulk
PB2,488,1389,1,SRR10013205,human,in vivo,extracellular,bulk
PB2,488,2287,1,SRR10013205,human,in vivo,extracellular,bulk
PB2,489,1986,1,SRR10013205,human,in vivo,extracellular,bulk
PB2,489,2064,4,SRR10013205,human,in vivo,extracellular,bulk
PB2,489,2225,2,SRR10013205,human,in vivo,extracellular,bulk
PB2,491,1173,2,SRR10013205,human,in vivo,extracellular,bulk
PB2,493,2228,5,SRR10013205,human,in vivo,extracellular,bulk
PB2,495,585,1,SRR10013205,human,in vivo,extracellular,bulk
PB2,504,2077,11,SRR10013205,human,in vivo,extracellular,bulk
PB2,507,2203,1,SRR10013205,human,in vivo,extracellular,bulk
PB2,509,1584,1,SRR10013205,human,in vivo,extracellular,bulk
PB2,512,2085,1,SRR10013205,human,in vivo,extracellular,bulk
PB2,514,2050,1,SRR10013205,human,in vivo,extracellular,bulk
PB2,516,1168,2,SRR10013205,human,in vivo,extracellular,bulk
PB2,517,1481,2,SRR10013205,human,in vivo,extracellular,bulk
PB2,518,897,1,SRR10013205,human,in vivo,extracellular,bulk
PB2,520,1520,3,SRR10013205,human,in vivo,extracellular,bulk
PB2,522,1415,1,SRR10013205,human,in vivo,extracellular,bulk
PB2,525,1177,3,SRR10013205,human,in vivo,extracellular,bulk
PB2,525,2064,2,SRR10013205,human,in vivo,extracellular,bulk
PB2,525,2250,1,SRR10013205,human,in vivo,extracellular,bulk
PB2,529,1064,1,SRR10013205,human,in vivo,extracellular,bulk
PB2,530,2068,1,SRR10013205,human,in vivo,extracellular,bulk
PB2,532,1946,9,SRR10013205,human,in vivo,extracellular,bulk
PB2,538,1084,1,SRR10013205,human,in vivo,extracellular,bulk
PB2,538,1156,1,SRR10013205,human,in vivo,extracellular,bulk
PB2,538,1630,1,SRR10013205,human,in vivo,extracellular,bulk
PB2,567,1469,6,SRR10013205,human,in vivo,extracellular,bulk
PB2,56,268,1,SRR10013205,human,in vivo,extracellular,bulk
PB2,574,1034,1,SRR10013205,human,in vivo,extracellular,bulk
PB2,575,1962,61,SRR10013205,human,in vivo,extracellular,bulk
PB2,577,1411,1,SRR10013205,human,in vivo,extracellular,bulk
PB2,579,832,1,SRR10013205,human,in vivo,extracellular,bulk
PB2,580,1417,1,SRR10013205,human,in vivo,extracellular,bulk
PB2,594,2084,1,SRR10013205,human,in vivo,extracellular,bulk
PB2,598,1706,2,SRR10013205,human,in vivo,extracellular,bulk
PB2,598,1823,15,SRR10013205,human,in vivo,extracellular,bulk
PB2,598,2059,6,SRR10013205,human,in vivo,extracellular,bulk
PB2,600,1160,9,SRR10013205,human,in vivo,extracellular,bulk
PB2,602,1027,1,SRR10013205,human,in vivo,extracellular,bulk
PB2,603,1060,1,SRR10013205,human,in vivo,extracellular,bulk
PB2,604,1967,1,SRR10013205,human,in vivo,extracellular,bulk
PB2,605,2299,1,SRR10013205,human,in vivo,extracellular,bulk
PB2,607,1817,20,SRR10013205,human,in vivo,extracellular,bulk
PB2,607,1907,14,SRR10013205,human,in vivo,extracellular,bulk
PB2,607,1908,1,SRR10013205,human,in vivo,extracellular,bulk
PB2,610,1761,48,SRR10013205,human,in vivo,extracellular,bulk
PB2,610,2070,20,SRR10013205,human,in vivo,extracellular,bulk
PB2,612,1399,2,SRR10013205,human,in vivo,extracellular,bulk
PB2,612,1732,1,SRR10013205,human,in vivo,extracellular,bulk
PB2,612,1772,9,SRR10013205,human,in vivo,extracellular,bulk
PB2,614,1549,1,SRR10013205,human,in vivo,extracellular,bulk
PB2,614,2305,1,SRR10013205,human,in vivo,extracellular,bulk
PB2,615,1176,1,SRR10013205,human,in vivo,extracellular,bulk
PB2,616,1079,1,SRR10013205,human,in vivo,extracellular,bulk
PB2,617,1075,1,SRR10013205,human,in vivo,extracellular,bulk
PB2,619,1362,1,SRR10013205,human,in vivo,extracellular,bulk
PB2,619,1647,2,SRR10013205,human,in vivo,extracellular,bulk
PB2,620,1740,6,SRR10013205,human,in vivo,extracellular,bulk
PB2,625,1616,5,SRR10013205,human,in vivo,extracellular,bulk
PB2,628,696,1,SRR10013205,human,in vivo,extracellular,bulk
PB2,629,1804,14,SRR10013205,human,in vivo,extracellular,bulk
PB2,632,1735,1,SRR10013205,human,in vivo,extracellular,bulk
PB2,634,1953,16,SRR10013205,human,in vivo,extracellular,bulk
PB2,635,1912,28,SRR10013205,human,in vivo,extracellular,bulk
PB2,636,1411,66,SRR10013205,human,in vivo,extracellular,bulk
PB2,638,1740,12,SRR10013205,human,in vivo,extracellular,bulk
PB2,647,1621,2,SRR10013205,human,in vivo,extracellular,bulk
PB2,648,1914,30,SRR10013205,human,in vivo,extracellular,bulk
PB2,650,1613,4,SRR10013205,human,in vivo,extracellular,bulk
PB2,650,1938,33,SRR10013205,human,in vivo,extracellular,bulk
PB2,652,1453,1,SRR10013205,human,in vivo,extracellular,bulk
PB2,652,1614,1,SRR10013205,human,in vivo,extracellular,bulk
PB2,652,1622,5,SRR10013205,human,in vivo,extracellular,bulk
PB2,652,1928,3,SRR10013205,human,in vivo,extracellular,bulk
PB2,654,775,1,SRR10013205,human,in vivo,extracellular,bulk
PB2,655,1913,1,SRR10013205,human,in vivo,extracellular,bulk
PB2,67,2062,1,SRR10013205,human,in vivo,extracellular,bulk
PB2,69,1704,2,SRR10013205,human,in vivo,extracellular,bulk
PB2,700,1697,1,SRR10013205,human,in vivo,extracellular,bulk
PB2,701,1709,47,SRR10013205,human,in vivo,extracellular,bulk
PB2,70,1651,1,SRR10013205,human,in vivo,extracellular,bulk
PB2,714,1828,1,SRR10013205,human,in vivo,extracellular,bulk
PB2,715,1710,1,SRR10013205,human,in vivo,extracellular,bulk
PB2,715,1962,1,SRR10013205,human,in vivo,extracellular,bulk
PB2,716,1651,4,SRR10013205,human,in vivo,extracellular,bulk
PB2,716,1872,1,SRR10013205,human,in vivo,extracellular,bulk
PB2,717,1636,1,SRR10013205,human,in vivo,extracellular,bulk
PB2,729,1449,1,SRR10013205,human,in vivo,extracellular,bulk
PB2,730,1768,15,SRR10013205,human,in vivo,extracellular,bulk
PB2,734,2055,2,SRR10013205,human,in vivo,extracellular,bulk
PB2,740,1808,46,SRR10013205,human,in vivo,extracellular,bulk
PB2,747,1801,13,SRR10013205,human,in vivo,extracellular,bulk
PB2,747,1969,1,SRR10013205,human,in vivo,extracellular,bulk
PB2,748,1711,30,SRR10013205,human,in vivo,extracellular,bulk
PB2,748,2068,13,SRR10013205,human,in vivo,extracellular,bulk
PB2,74,1214,1,SRR10013205,human,in vivo,extracellular,bulk
PB2,751,1159,2,SRR10013205,human,in vivo,extracellular,bulk
PB2,751,1710,2,SRR10013205,human,in vivo,extracellular,bulk
PB2,752,2072,1,SRR10013205,human,in vivo,extracellular,bulk
PB2,766,1636,1,SRR10013205,human,in vivo,extracellular,bulk
PB2,79,1816,1,SRR10013205,human,in vivo,extracellular,bulk
PB2,804,1515,7,SRR10013205,human,in vivo,extracellular,bulk
PB2,837,1091,1,SRR10013205,human,in vivo,extracellular,bulk
PB2,841,1375,1,SRR10013205,human,in vivo,extracellular,bulk
PB2,859,2166,3,SRR10013205,human,in vivo,extracellular,bulk
PB2,85,1383,9,SRR10013205,human,in vivo,extracellular,bulk
PB2,85,1823,7,SRR10013205,human,in vivo,extracellular,bulk
PB2,85,270,1,SRR10013205,human,in vivo,extracellular,bulk
PB2,869,1533,11,SRR10013205,human,in vivo,extracellular,bulk
PB2,872,1539,17,SRR10013205,human,in vivo,extracellular,bulk
PB2,879,1486,12,SRR10013205,human,in vivo,extracellular,bulk
PB2,883,1528,4,SRR10013205,human,in vivo,extracellular,bulk
PB2,883,1532,3,SRR10013205,human,in vivo,extracellular,bulk
PB2,883,1609,12,SRR10013205,human,in vivo,extracellular,bulk
PB2,885,2206,1,SRR10013205,human,in vivo,extracellular,bulk
PB2,892,1469,1,SRR10013205,human,in vivo,extracellular,bulk
PB2,896,1508,6,SRR10013205,human,in vivo,extracellular,bulk
PB2,905,1503,1,SRR10013205,human,in vivo,extracellular,bulk
PB2,918,1514,15,SRR10013205,human,in vivo,extracellular,bulk
PB2,934,1103,1,SRR10013205,human,in vivo,extracellular,bulk
PB2,946,2050,2,SRR10013205,human,in vivo,extracellular,bulk
PB2,977,1417,1,SRR10013205,human,in vivo,extracellular,bulk
PB2,977,1480,1,SRR10013205,human,in vivo,extracellular,bulk
PB2,999,1510,7,SRR10013205,human,in vivo,extracellular,bulk
PA,1010,1161,2,SRR10013205,human,in vivo,extracellular,bulk
PA,1045,1836,1,SRR10013205,human,in vivo,extracellular,bulk
PA,1079,1195,1,SRR10013205,human,in vivo,extracellular,bulk
PA,1092,1119,1,SRR10013205,human,in vivo,extracellular,bulk
PA,1105,1900,1,SRR10013205,human,in vivo,extracellular,bulk
PA,1121,2099,1,SRR10013205,human,in vivo,extracellular,bulk
PA,1164,1346,1,SRR10013205,human,in vivo,extracellular,bulk
PA,121,1100,1,SRR10013205,human,in vivo,extracellular,bulk
PA,1221,2098,1,SRR10013205,human,in vivo,extracellular,bulk
PA,1304,1781,1,SRR10013205,human,in vivo,extracellular,bulk
PA,131,1323,1,SRR10013205,human,in vivo,extracellular,bulk
PA,1349,1898,2,SRR10013205,human,in vivo,extracellular,bulk
PA,1444,2024,1,SRR10013205,human,in vivo,extracellular,bulk
PA,1705,2002,2,SRR10013205,human,in vivo,extracellular,bulk
PA,1721,1952,1,SRR10013205,human,in vivo,extracellular,bulk
PA,179,993,1,SRR10013205,human,in vivo,extracellular,bulk
PA,183,1828,1,SRR10013205,human,in vivo,extracellular,bulk
PA,183,674,1,SRR10013205,human,in vivo,extracellular,bulk
PA,1844,2029,1,SRR10013205,human,in vivo,extracellular,bulk
PA,1855,2127,2,SRR10013205,human,in vivo,extracellular,bulk
PA,190,2082,1,SRR10013205,human,in vivo,extracellular,bulk
PA,193,1396,1,SRR10013205,human,in vivo,extracellular,bulk
PA,193,698,1,SRR10013205,human,in vivo,extracellular,bulk
PA,1971,2086,1,SRR10013205,human,in vivo,extracellular,bulk
PA,2040,2221,1,SRR10013205,human,in vivo,extracellular,bulk
PA,2056,2117,4,SRR10013205,human,in vivo,extracellular,bulk
PA,2057,2118,3,SRR10013205,human,in vivo,extracellular,bulk
PA,206,1899,1,SRR10013205,human,in vivo,extracellular,bulk
PA,216,1390,1,SRR10013205,human,in vivo,extracellular,bulk
PA,218,1170,2,SRR10013205,human,in vivo,extracellular,bulk
PA,221,2034,6,SRR10013205,human,in vivo,extracellular,bulk
PA,222,1734,44,SRR10013205,human,in vivo,extracellular,bulk
PA,225,2092,1,SRR10013205,human,in vivo,extracellular,bulk
PA,229,2041,2,SRR10013205,human,in vivo,extracellular,bulk
PA,230,1542,1,SRR10013205,human,in vivo,extracellular,bulk
PA,231,1274,1,SRR10013205,human,in vivo,extracellular,bulk
PA,232,1621,2,SRR10013205,human,in vivo,extracellular,bulk
PA,232,533,1,SRR10013205,human,in vivo,extracellular,bulk
PA,232,919,2,SRR10013205,human,in vivo,extracellular,bulk
PA,244,1635,1,SRR10013205,human,in vivo,extracellular,bulk
PA,244,931,1,SRR10013205,human,in vivo,extracellular,bulk
PA,264,1786,2,SRR10013205,human,in vivo,extracellular,bulk
PA,265,860,3,SRR10013205,human,in vivo,extracellular,bulk
PA,266,1403,1,SRR10013205,human,in vivo,extracellular,bulk
PA,268,1077,3,SRR10013205,human,in vivo,extracellular,bulk
PA,270,1792,1,SRR10013205,human,in vivo,extracellular,bulk
PA,273,1081,1,SRR10013205,human,in vivo,extracellular,bulk
PA,274,1131,2,SRR10013205,human,in vivo,extracellular,bulk
PA,285,1197,2,SRR10013205,human,in vivo,extracellular,bulk
PA,285,1893,5,SRR10013205,human,in vivo,extracellular,bulk
PA,301,1487,1,SRR10013205,human,in vivo,extracellular,bulk
PA,301,429,1,SRR10013205,human,in vivo,extracellular,bulk
PA,306,1634,1,SRR10013205,human,in vivo,extracellular,bulk
PA,330,462,3,SRR10013205,human,in vivo,extracellular,bulk
PA,333,1986,18,SRR10013205,human,in vivo,extracellular,bulk
PA,334,2090,5,SRR10013205,human,in vivo,extracellular,bulk
PA,338,1057,1,SRR10013205,human,in vivo,extracellular,bulk
PA,338,2012,1,SRR10013205,human,in vivo,extracellular,bulk
PA,340,496,1,SRR10013205,human,in vivo,extracellular,bulk
PA,353,1344,1,SRR10013205,human,in vivo,extracellular,bulk
PA,356,1566,1,SRR10013205,human,in vivo,extracellular,bulk
PA,365,1955,1,SRR10013205,human,in vivo,extracellular,bulk
PA,378,488,1,SRR10013205,human,in vivo,extracellular,bulk
PA,388,825,1,SRR10013205,human,in vivo,extracellular,bulk
PA,393,619,1,SRR10013205,human,in vivo,extracellular,bulk
PA,399,1906,3,SRR10013205,human,in vivo,extracellular,bulk
PA,400,1793,2,SRR10013205,human,in vivo,extracellular,bulk
PA,400,1890,21,SRR10013205,human,in vivo,extracellular,bulk
PA,407,1896,3,SRR10013205,human,in vivo,extracellular,bulk
PA,408,1912,1,SRR10013205,human,in vivo,extracellular,bulk
PA,411,1497,1,SRR10013205,human,in vivo,extracellular,bulk
PA,413,1657,3,SRR10013205,human,in vivo,extracellular,bulk
PA,441,755,1,SRR10013205,human,in vivo,extracellular,bulk
PA,444,1014,1,SRR10013205,human,in vivo,extracellular,bulk
PA,444,1178,1,SRR10013205,human,in vivo,extracellular,bulk
PA,445,1023,1,SRR10013205,human,in vivo,extracellular,bulk
PA,445,1836,1,SRR10013205,human,in vivo,extracellular,bulk
PA,449,1675,1,SRR10013205,human,in vivo,extracellular,bulk
PA,451,1454,1,SRR10013205,human,in vivo,extracellular,bulk
PA,451,1504,1,SRR10013205,human,in vivo,extracellular,bulk
PA,451,1907,1,SRR10013205,human,in vivo,extracellular,bulk
PA,453,1820,20,SRR10013205,human,in vivo,extracellular,bulk
PA,456,1252,1,SRR10013205,human,in vivo,extracellular,bulk
PA,459,1804,24,SRR10013205,human,in vivo,extracellular,bulk
PA,459,880,1,SRR10013205,human,in vivo,extracellular,bulk
PA,460,1648,16,SRR10013205,human,in vivo,extracellular,bulk
PA,460,1806,22,SRR10013205,human,in vivo,extracellular,bulk
PA,460,1823,7,SRR10013205,human,in vivo,extracellular,bulk
PA,461,1897,2,SRR10013205,human,in vivo,extracellular,bulk
PA,471,1821,1,SRR10013205,human,in vivo,extracellular,bulk
PA,480,1852,164,SRR10013205,human,in vivo,extracellular,bulk
PA,514,1853,22,SRR10013205,human,in vivo,extracellular,bulk
PA,515,1792,33,SRR10013205,human,in vivo,extracellular,bulk
PA,517,1985,6,SRR10013205,human,in vivo,extracellular,bulk
PA,518,1811,1,SRR10013205,human,in vivo,extracellular,bulk
PA,523,1735,2,SRR10013205,human,in vivo,extracellular,bulk
PA,523,1985,1,SRR10013205,human,in vivo,extracellular,bulk
PA,534,627,1,SRR10013205,human,in vivo,extracellular,bulk
PA,535,1746,1,SRR10013205,human,in vivo,extracellular,bulk
PA,537,1782,4,SRR10013205,human,in vivo,extracellular,bulk
PA,546,1788,1,SRR10013205,human,in vivo,extracellular,bulk
PA,552,1750,10,SRR10013205,human,in vivo,extracellular,bulk
PA,555,1756,42,SRR10013205,human,in vivo,extracellular,bulk
PA,556,1750,18,SRR10013205,human,in vivo,extracellular,bulk
PA,556,609,1,SRR10013205,human,in vivo,extracellular,bulk
PA,557,1938,1,SRR10013205,human,in vivo,extracellular,bulk
PA,561,1760,4,SRR10013205,human,in vivo,extracellular,bulk
PA,562,986,1,SRR10013205,human,in vivo,extracellular,bulk
PA,567,1838,66,SRR10013205,human,in vivo,extracellular,bulk
PA,568,1820,123,SRR10013205,human,in vivo,extracellular,bulk
PA,568,1954,1,SRR10013205,human,in vivo,extracellular,bulk
PA,570,1948,2,SRR10013205,human,in vivo,extracellular,bulk
PA,574,1845,2,SRR10013205,human,in vivo,extracellular,bulk
PA,577,1719,12,SRR10013205,human,in vivo,extracellular,bulk
PA,578,1761,1,SRR10013205,human,in vivo,extracellular,bulk
PA,594,1834,8,SRR10013205,human,in vivo,extracellular,bulk
PA,598,1703,15,SRR10013205,human,in vivo,extracellular,bulk
PA,600,972,1,SRR10013205,human,in vivo,extracellular,bulk
PA,605,1651,3,SRR10013205,human,in vivo,extracellular,bulk
PA,607,1249,1,SRR10013205,human,in vivo,extracellular,bulk
PA,607,1554,1,SRR10013205,human,in vivo,extracellular,bulk
PA,607,1559,1,SRR10013205,human,in vivo,extracellular,bulk
PA,607,1654,33,SRR10013205,human,in vivo,extracellular,bulk
PA,607,1850,2,SRR10013205,human,in vivo,extracellular,bulk
PA,618,1570,1,SRR10013205,human,in vivo,extracellular,bulk
PA,623,1013,1,SRR10013205,human,in vivo,extracellular,bulk
PA,623,1636,2,SRR10013205,human,in vivo,extracellular,bulk
PA,623,966,1,SRR10013205,human,in vivo,extracellular,bulk
PA,626,1500,5,SRR10013205,human,in vivo,extracellular,bulk
PA,626,1848,1,SRR10013205,human,in vivo,extracellular,bulk
PA,631,1637,16,SRR10013205,human,in vivo,extracellular,bulk
PA,632,1829,1,SRR10013205,human,in vivo,extracellular,bulk
PA,635,1527,26,SRR10013205,human,in vivo,extracellular,bulk
PA,635,1625,6,SRR10013205,human,in vivo,extracellular,bulk
PA,636,1648,6,SRR10013205,human,in vivo,extracellular,bulk
PA,636,1697,5,SRR10013205,human,in vivo,extracellular,bulk
PA,637,1833,3,SRR10013205,human,in vivo,extracellular,bulk
PA,654,1638,2,SRR10013205,human,in vivo,extracellular,bulk
PA,654,1663,9,SRR10013205,human,in vivo,extracellular,bulk
PA,667,921,2,SRR10013205,human,in vivo,extracellular,bulk
PA,676,1688,1,SRR10013205,human,in vivo,extracellular,bulk
PA,67,105,2,SRR10013205,human,in vivo,extracellular,bulk
PA,689,1842,2,SRR10013205,human,in vivo,extracellular,bulk
PA,709,1623,21,SRR10013205,human,in vivo,extracellular,bulk
PA,762,1171,1,SRR10013205,human,in vivo,extracellular,bulk
PA,763,1636,25,SRR10013205,human,in vivo,extracellular,bulk
PA,763,847,1,SRR10013205,human,in vivo,extracellular,bulk
PA,770,1760,23,SRR10013205,human,in vivo,extracellular,bulk
PA,774,1746,1,SRR10013205,human,in vivo,extracellular,bulk
PA,77,924,1,SRR10013205,human,in vivo,extracellular,bulk
PA,78,1498,1,SRR10013205,human,in vivo,extracellular,bulk
PA,794,1536,1,SRR10013205,human,in vivo,extracellular,bulk
PA,815,1293,1,SRR10013205,human,in vivo,extracellular,bulk
PA,83,951,1,SRR10013205,human,in vivo,extracellular,bulk
PA,84,1635,1,SRR10013205,human,in vivo,extracellular,bulk
PA,858,1198,1,SRR10013205,human,in vivo,extracellular,bulk
PA,87,1323,1,SRR10013205,human,in vivo,extracellular,bulk
PA,887,959,3,SRR10013205,human,in vivo,extracellular,bulk
PA,907,1633,2,SRR10013205,human,in vivo,extracellular,bulk
PA,921,2074,2,SRR10013205,human,in vivo,extracellular,bulk
PA,922,1681,1,SRR10013205,human,in vivo,extracellular,bulk
PA,924,1627,2,SRR10013205,human,in vivo,extracellular,bulk
PA,930,1635,1,SRR10013205,human,in vivo,extracellular,bulk
PA,93,885,2,SRR10013205,human,in vivo,extracellular,bulk
PA,945,2071,1,SRR10013205,human,in vivo,extracellular,bulk
PA,94,353,1,SRR10013205,human,in vivo,extracellular,bulk
PA,94,566,1,SRR10013205,human,in vivo,extracellular,bulk
PA,95,1714,1,SRR10013205,human,in vivo,extracellular,bulk
PA,978,1294,1,SRR10013205,human,in vivo,extracellular,bulk
HA,1032,1519,2,SRR10013205,human,in vivo,extracellular,bulk
HA,104,701,1,SRR10013205,human,in vivo,extracellular,bulk
HA,1073,1578,1,SRR10013205,human,in vivo,extracellular,bulk
HA,1075,1171,1,SRR10013205,human,in vivo,extracellular,bulk
HA,1093,1544,1,SRR10013205,human,in vivo,extracellular,bulk
HA,110,1020,1,SRR10013205,human,in vivo,extracellular,bulk
HA,110,707,1,SRR10013205,human,in vivo,extracellular,bulk
HA,1110,1330,1,SRR10013205,human,in vivo,extracellular,bulk
HA,1140,1422,1,SRR10013205,human,in vivo,extracellular,bulk
HA,1175,1349,1,SRR10013205,human,in vivo,extracellular,bulk
HA,1327,1524,1,SRR10013205,human,in vivo,extracellular,bulk
HA,1451,1653,1,SRR10013205,human,in vivo,extracellular,bulk
HA,1501,1582,1,SRR10013205,human,in vivo,extracellular,bulk
HA,1525,1576,1,SRR10013205,human,in vivo,extracellular,bulk
HA,1586,1646,2,SRR10013205,human,in vivo,extracellular,bulk
HA,1588,1649,1,SRR10013205,human,in vivo,extracellular,bulk
HA,195,1684,9,SRR10013205,human,in vivo,extracellular,bulk
HA,207,1570,13,SRR10013205,human,in vivo,extracellular,bulk
HA,215,1309,1,SRR10013205,human,in vivo,extracellular,bulk
HA,225,1555,1,SRR10013205,human,in vivo,extracellular,bulk
HA,227,473,1,SRR10013205,human,in vivo,extracellular,bulk
HA,243,1083,1,SRR10013205,human,in vivo,extracellular,bulk
HA,257,1505,7,SRR10013205,human,in vivo,extracellular,bulk
HA,33,800,1,SRR10013205,human,in vivo,extracellular,bulk
HA,341,1566,1,SRR10013205,human,in vivo,extracellular,bulk
HA,346,1557,2,SRR10013205,human,in vivo,extracellular,bulk
HA,374,1591,1,SRR10013205,human,in vivo,extracellular,bulk
HA,393,1472,3,SRR10013205,human,in vivo,extracellular,bulk
HA,40,1431,2,SRR10013205,human,in vivo,extracellular,bulk
HA,443,885,1,SRR10013205,human,in vivo,extracellular,bulk
HA,509,1038,1,SRR10013205,human,in vivo,extracellular,bulk
HA,55,1003,1,SRR10013205,human,in vivo,extracellular,bulk
HA,708,889,2,SRR10013205,human,in vivo,extracellular,bulk
HA,715,1556,1,SRR10013205,human,in vivo,extracellular,bulk
HA,753,1172,1,SRR10013205,human,in vivo,extracellular,bulk
HA,850,1163,1,SRR10013205,human,in vivo,extracellular,bulk
HA,889,1149,1,SRR10013205,human,in vivo,extracellular,bulk
HA,899,1348,1,SRR10013205,human,in vivo,extracellular,bulk
HA,911,1018,1,SRR10013205,human,in vivo,extracellular,bulk
NP,100,1644,3,SRR10013205,human,in vivo,extracellular,bulk
NP,1016,1086,1,SRR10013205,human,in vivo,extracellular,bulk
NP,110,1653,1,SRR10013205,human,in vivo,extracellular,bulk
NP,1172,1321,1,SRR10013205,human,in vivo,extracellular,bulk
NP,122,1668,1,SRR10013205,human,in vivo,extracellular,bulk
NP,1344,1474,1,SRR10013205,human,in vivo,extracellular,bulk
NP,140,1472,2,SRR10013205,human,in vivo,extracellular,bulk
NP,140,1602,3,SRR10013205,human,in vivo,extracellular,bulk
NP,142,1354,1,SRR10013205,human,in vivo,extracellular,bulk
NP,142,1651,1,SRR10013205,human,in vivo,extracellular,bulk
NP,1431,1687,1,SRR10013205,human,in vivo,extracellular,bulk
NP,153,1685,1,SRR10013205,human,in vivo,extracellular,bulk
NP,1558,1690,1,SRR10013205,human,in vivo,extracellular,bulk
NP,158,1301,1,SRR10013205,human,in vivo,extracellular,bulk
NP,158,1738,1,SRR10013205,human,in vivo,extracellular,bulk
NP,1624,1652,1,SRR10013205,human,in vivo,extracellular,bulk
NP,1681,1713,1,SRR10013205,human,in vivo,extracellular,bulk
NP,192,1651,1,SRR10013205,human,in vivo,extracellular,bulk
NP,192,1753,2,SRR10013205,human,in vivo,extracellular,bulk
NP,192,508,1,SRR10013205,human,in vivo,extracellular,bulk
NP,193,1653,1,SRR10013205,human,in vivo,extracellular,bulk
NP,212,1690,1,SRR10013205,human,in vivo,extracellular,bulk
NP,216,767,1,SRR10013205,human,in vivo,extracellular,bulk
NP,219,1477,7,SRR10013205,human,in vivo,extracellular,bulk
NP,224,523,1,SRR10013205,human,in vivo,extracellular,bulk
NP,238,1187,1,SRR10013205,human,in vivo,extracellular,bulk
NP,260,1139,1,SRR10013205,human,in vivo,extracellular,bulk
NP,281,1402,1,SRR10013205,human,in vivo,extracellular,bulk
NP,284,1405,3,SRR10013205,human,in vivo,extracellular,bulk
NP,353,1440,1,SRR10013205,human,in vivo,extracellular,bulk
NP,359,1583,3,SRR10013205,human,in vivo,extracellular,bulk
NP,359,675,1,SRR10013205,human,in vivo,extracellular,bulk
NP,390,1343,5,SRR10013205,human,in vivo,extracellular,bulk
NP,408,1477,1,SRR10013205,human,in vivo,extracellular,bulk
NP,417,1484,2,SRR10013205,human,in vivo,extracellular,bulk
NP,434,1647,1,SRR10013205,human,in vivo,extracellular,bulk
NP,440,1596,2,SRR10013205,human,in vivo,extracellular,bulk
NP,440,1653,2,SRR10013205,human,in vivo,extracellular,bulk
NP,485,1620,1,SRR10013205,human,in vivo,extracellular,bulk
NP,496,1406,1,SRR10013205,human,in vivo,extracellular,bulk
NP,523,1206,8,SRR10013205,human,in vivo,extracellular,bulk
NP,550,614,1,SRR10013205,human,in vivo,extracellular,bulk
NP,591,812,1,SRR10013205,human,in vivo,extracellular,bulk
NP,613,1655,1,SRR10013205,human,in vivo,extracellular,bulk
NP,623,1707,1,SRR10013205,human,in vivo,extracellular,bulk
NP,710,1367,1,SRR10013205,human,in vivo,extracellular,bulk
NP,756,1684,1,SRR10013205,human,in vivo,extracellular,bulk
NP,849,1277,13,SRR10013205,human,in vivo,extracellular,bulk
NP,869,1717,1,SRR10013205,human,in vivo,extracellular,bulk
NP,894,1246,1,SRR10013205,human,in vivo,extracellular,bulk
NP,995,1191,1,SRR10013205,human,in vivo,extracellular,bulk
NA,1009,1371,1,SRR10013205,human,in vivo,extracellular,bulk
NA,104,477,1,SRR10013205,human,in vivo,extracellular,bulk
NA,1058,1103,1,SRR10013205,human,in vivo,extracellular,bulk
NA,105,757,5,SRR10013205,human,in vivo,extracellular,bulk
NA,1070,1203,1,SRR10013205,human,in vivo,extracellular,bulk
NA,107,1090,1,SRR10013205,human,in vivo,extracellular,bulk
NA,107,802,1,SRR10013205,human,in vivo,extracellular,bulk
NA,107,950,1,SRR10013205,human,in vivo,extracellular,bulk
NA,1086,1369,1,SRR10013205,human,in vivo,extracellular,bulk
NA,111,765,2,SRR10013205,human,in vivo,extracellular,bulk
NA,1135,1201,1,SRR10013205,human,in vivo,extracellular,bulk
NA,123,675,1,SRR10013205,human,in vivo,extracellular,bulk
NA,189,1205,1,SRR10013205,human,in vivo,extracellular,bulk
NA,254,1377,1,SRR10013205,human,in vivo,extracellular,bulk
NA,254,945,2,SRR10013205,human,in vivo,extracellular,bulk
NA,290,1361,1,SRR10013205,human,in vivo,extracellular,bulk
NA,294,1092,3,SRR10013205,human,in vivo,extracellular,bulk
NA,300,345,1,SRR10013205,human,in vivo,extracellular,bulk
NA,301,1032,1,SRR10013205,human,in vivo,extracellular,bulk
NA,301,342,1,SRR10013205,human,in vivo,extracellular,bulk
NA,303,341,1,SRR10013205,human,in vivo,extracellular,bulk
NA,305,500,1,SRR10013205,human,in vivo,extracellular,bulk
NA,308,335,1,SRR10013205,human,in vivo,extracellular,bulk
NA,313,459,1,SRR10013205,human,in vivo,extracellular,bulk
NA,313,475,1,SRR10013205,human,in vivo,extracellular,bulk
NA,315,955,1,SRR10013205,human,in vivo,extracellular,bulk
NA,326,470,1,SRR10013205,human,in vivo,extracellular,bulk
NA,341,1373,1,SRR10013205,human,in vivo,extracellular,bulk
NA,350,1306,1,SRR10013205,human,in vivo,extracellular,bulk
NA,391,1326,1,SRR10013205,human,in vivo,extracellular,bulk
NA,398,1464,2,SRR10013205,human,in vivo,extracellular,bulk
NA,401,478,1,SRR10013205,human,in vivo,extracellular,bulk
NA,452,937,1,SRR10013205,human,in vivo,extracellular,bulk
NA,475,1427,1,SRR10013205,human,in vivo,extracellular,bulk
NA,489,1266,2,SRR10013205,human,in vivo,extracellular,bulk
NA,519,1098,1,SRR10013205,human,in vivo,extracellular,bulk
NA,543,630,2,SRR10013205,human,in vivo,extracellular,bulk
NA,556,1089,1,SRR10013205,human,in vivo,extracellular,bulk
NA,568,834,2,SRR10013205,human,in vivo,extracellular,bulk
NA,636,1318,1,SRR10013205,human,in vivo,extracellular,bulk
NA,637,1465,1,SRR10013205,human,in vivo,extracellular,bulk
NA,63,329,1,SRR10013205,human,in vivo,extracellular,bulk
NA,640,1322,1,SRR10013205,human,in vivo,extracellular,bulk
NA,676,979,2,SRR10013205,human,in vivo,extracellular,bulk
NA,682,1053,1,SRR10013205,human,in vivo,extracellular,bulk
NA,721,1276,1,SRR10013205,human,in vivo,extracellular,bulk
NA,749,1098,1,SRR10013205,human,in vivo,extracellular,bulk
NA,756,1105,4,SRR10013205,human,in vivo,extracellular,bulk
NA,77,1254,1,SRR10013205,human,in vivo,extracellular,bulk
NA,77,1362,1,SRR10013205,human,in vivo,extracellular,bulk
NA,828,1282,1,SRR10013205,human,in vivo,extracellular,bulk
NA,84,454,2,SRR10013205,human,in vivo,extracellular,bulk
NA,897,967,1,SRR10013205,human,in vivo,extracellular,bulk
NA,972,1317,2,SRR10013205,human,in vivo,extracellular,bulk
NA,97,750,2,SRR10013205,human,in vivo,extracellular,bulk
NA,98,1099,4,SRR10013205,human,in vivo,extracellular,bulk
M,1005,1027,1,SRR10013205,human,in vivo,extracellular,bulk
M,116,258,2,SRR10013205,human,in vivo,extracellular,bulk
M,122,1025,1,SRR10013205,human,in vivo,extracellular,bulk
M,141,163,5,SRR10013205,human,in vivo,extracellular,bulk
M,160,247,1,SRR10013205,human,in vivo,extracellular,bulk
M,198,1160,1,SRR10013205,human,in vivo,extracellular,bulk
M,200,445,1,SRR10013205,human,in vivo,extracellular,bulk
M,206,367,1,SRR10013205,human,in vivo,extracellular,bulk
M,206,987,1,SRR10013205,human,in vivo,extracellular,bulk
M,219,728,1,SRR10013205,human,in vivo,extracellular,bulk
M,224,1013,2,SRR10013205,human,in vivo,extracellular,bulk
M,268,733,1,SRR10013205,human,in vivo,extracellular,bulk
M,277,569,1,SRR10013205,human,in vivo,extracellular,bulk
M,284,603,1,SRR10013205,human,in vivo,extracellular,bulk
M,295,584,1,SRR10013205,human,in vivo,extracellular,bulk
M,303,745,1,SRR10013205,human,in vivo,extracellular,bulk
M,305,594,1,SRR10013205,human,in vivo,extracellular,bulk
M,315,441,1,SRR10013205,human,in vivo,extracellular,bulk
M,318,990,1,SRR10013205,human,in vivo,extracellular,bulk
M,337,1061,1,SRR10013205,human,in vivo,extracellular,bulk
M,338,695,1,SRR10013205,human,in vivo,extracellular,bulk
M,339,615,2,SRR10013205,human,in vivo,extracellular,bulk
M,376,1051,1,SRR10013205,human,in vivo,extracellular,bulk
M,380,748,1,SRR10013205,human,in vivo,extracellular,bulk
M,384,594,1,SRR10013205,human,in vivo,extracellular,bulk
M,483,554,1,SRR10013205,human,in vivo,extracellular,bulk
M,490,552,1,SRR10013205,human,in vivo,extracellular,bulk
M,492,550,1,SRR10013205,human,in vivo,extracellular,bulk
M,498,722,1,SRR10013205,human,in vivo,extracellular,bulk
M,512,1057,1,SRR10013205,human,in vivo,extracellular,bulk
M,520,1027,1,SRR10013205,human,in vivo,extracellular,bulk
M,593,983,1,SRR10013205,human,in vivo,extracellular,bulk
M,598,718,11,SRR10013205,human,in vivo,extracellular,bulk
M,634,988,1,SRR10013205,human,in vivo,extracellular,bulk
M,650,1004,3,SRR10013205,human,in vivo,extracellular,bulk
M,655,1008,2,SRR10013205,human,in vivo,extracellular,bulk
M,662,1016,9,SRR10013205,human,in vivo,extracellular,bulk
M,710,977,1,SRR10013205,human,in vivo,extracellular,bulk
M,725,767,2,SRR10013205,human,in vivo,extracellular,bulk
M,727,773,1,SRR10013205,human,in vivo,extracellular,bulk
M,74,615,1,SRR10013205,human,in vivo,extracellular,bulk
M,82,614,1,SRR10013205,human,in vivo,extracellular,bulk
M,83,696,5,SRR10013205,human,in vivo,extracellular,bulk
M,84,849,1,SRR10013205,human,in vivo,extracellular,bulk
M,92,731,1,SRR10013205,human,in vivo,extracellular,bulk
M,99,583,1,SRR10013205,human,in vivo,extracellular,bulk
NS,519,844,1,SRR10013205,human,in vivo,extracellular,bulk
NS,674,836,1,SRR10013205,human,in vivo,extracellular,bulk
NS,690,735,1,SRR10013205,human,in vivo,extracellular,bulk
NS,939,1017,2,SRR10013205,human,in vivo,extracellular,bulk
PB1,1253,1956,1,SRR10013067,human,in vivo,extracellular,bulk
PB1,1359,2116,1,SRR10013067,human,in vivo,extracellular,bulk
PB1,155,918,1,SRR10013067,human,in vivo,extracellular,bulk
PB1,1579,1627,4,SRR10013067,human,in vivo,extracellular,bulk
PB1,1600,1739,1,SRR10013067,human,in vivo,extracellular,bulk
PB1,1750,2149,1,SRR10013067,human,in vivo,extracellular,bulk
PB1,2078,2324,1,SRR10013067,human,in vivo,extracellular,bulk
PB1,269,964,1,SRR10013067,human,in vivo,extracellular,bulk
PB1,275,1088,1,SRR10013067,human,in vivo,extracellular,bulk
PB1,299,333,1,SRR10013067,human,in vivo,extracellular,bulk
PB1,301,325,1,SRR10013067,human,in vivo,extracellular,bulk
PB1,376,900,1,SRR10013067,human,in vivo,extracellular,bulk
PB1,395,2014,1,SRR10013067,human,in vivo,extracellular,bulk
PB1,399,1713,1,SRR10013067,human,in vivo,extracellular,bulk
PB1,399,1940,7,SRR10013067,human,in vivo,extracellular,bulk
PB1,443,1647,2,SRR10013067,human,in vivo,extracellular,bulk
PB1,444,1475,1,SRR10013067,human,in vivo,extracellular,bulk
PB1,454,1015,1,SRR10013067,human,in vivo,extracellular,bulk
PB1,528,1714,12,SRR10013067,human,in vivo,extracellular,bulk
PB1,590,2085,1,SRR10013067,human,in vivo,extracellular,bulk
PB1,632,1599,2,SRR10013067,human,in vivo,extracellular,bulk
PB1,633,1600,1,SRR10013067,human,in vivo,extracellular,bulk
PB1,633,1706,15,SRR10013067,human,in vivo,extracellular,bulk
PB1,638,1605,20,SRR10013067,human,in vivo,extracellular,bulk
PB1,641,1933,1,SRR10013067,human,in vivo,extracellular,bulk
PB1,719,1575,12,SRR10013067,human,in vivo,extracellular,bulk
PB1,724,1795,1,SRR10013067,human,in vivo,extracellular,bulk
PB1,725,1592,1,SRR10013067,human,in vivo,extracellular,bulk
PB1,737,1587,10,SRR10013067,human,in vivo,extracellular,bulk
PB1,750,1712,41,SRR10013067,human,in vivo,extracellular,bulk
PB1,759,1586,2,SRR10013067,human,in vivo,extracellular,bulk
PB1,759,1609,1,SRR10013067,human,in vivo,extracellular,bulk
PB1,766,1537,19,SRR10013067,human,in vivo,extracellular,bulk
PB1,77,1202,1,SRR10013067,human,in vivo,extracellular,bulk
PB1,788,1689,27,SRR10013067,human,in vivo,extracellular,bulk
PB1,794,1574,3,SRR10013067,human,in vivo,extracellular,bulk
PB1,801,1544,8,SRR10013067,human,in vivo,extracellular,bulk
PB1,805,1606,20,SRR10013067,human,in vivo,extracellular,bulk
PB1,808,1510,3,SRR10013067,human,in vivo,extracellular,bulk
PB1,808,1528,1,SRR10013067,human,in vivo,extracellular,bulk
PB1,810,2132,1,SRR10013067,human,in vivo,extracellular,bulk
PB1,812,2121,1,SRR10013067,human,in vivo,extracellular,bulk
PB1,814,1544,1,SRR10013067,human,in vivo,extracellular,bulk
PB1,819,1509,23,SRR10013067,human,in vivo,extracellular,bulk
PB1,835,1536,1,SRR10013067,human,in vivo,extracellular,bulk
PB1,840,1586,9,SRR10013067,human,in vivo,extracellular,bulk
PB1,840,1601,14,SRR10013067,human,in vivo,extracellular,bulk
PB1,848,1544,1,SRR10013067,human,in vivo,extracellular,bulk
PB1,848,1572,2,SRR10013067,human,in vivo,extracellular,bulk
PB1,848,1607,32,SRR10013067,human,in vivo,extracellular,bulk
PB1,85,1266,54,SRR10013067,human,in vivo,extracellular,bulk
PB1,891,1364,3,SRR10013067,human,in vivo,extracellular,bulk
PB1,893,1643,2,SRR10013067,human,in vivo,extracellular,bulk
PB1,910,1495,10,SRR10013067,human,in vivo,extracellular,bulk
PB1,928,1607,1,SRR10013067,human,in vivo,extracellular,bulk
PB1,935,1713,2,SRR10013067,human,in vivo,extracellular,bulk
PB2,1024,1910,1,SRR10013067,human,in vivo,extracellular,bulk
PB2,1042,2054,1,SRR10013067,human,in vivo,extracellular,bulk
PB2,1175,1248,1,SRR10013067,human,in vivo,extracellular,bulk
PB2,1273,1917,1,SRR10013067,human,in vivo,extracellular,bulk
PB2,1307,2258,1,SRR10013067,human,in vivo,extracellular,bulk
PB2,1308,1362,1,SRR10013067,human,in vivo,extracellular,bulk
PB2,1407,2219,1,SRR10013067,human,in vivo,extracellular,bulk
PB2,1457,2061,1,SRR10013067,human,in vivo,extracellular,bulk
PB2,1459,1841,1,SRR10013067,human,in vivo,extracellular,bulk
PB2,1627,2268,1,SRR10013067,human,in vivo,extracellular,bulk
PB2,164,1208,1,SRR10013067,human,in vivo,extracellular,bulk
PB2,1714,1828,2,SRR10013067,human,in vivo,extracellular,bulk
PB2,1715,2171,1,SRR10013067,human,in vivo,extracellular,bulk
PB2,1726,2060,1,SRR10013067,human,in vivo,extracellular,bulk
PB2,1763,2172,1,SRR10013067,human,in vivo,extracellular,bulk
PB2,1767,1924,1,SRR10013067,human,in vivo,extracellular,bulk
PB2,180,612,1,SRR10013067,human,in vivo,extracellular,bulk
PB2,1835,2050,1,SRR10013067,human,in vivo,extracellular,bulk
PB2,1839,2166,1,SRR10013067,human,in vivo,extracellular,bulk
PB2,2013,2138,1,SRR10013067,human,in vivo,extracellular,bulk
PB2,244,1149,1,SRR10013067,human,in vivo,extracellular,bulk
PB2,244,2135,73,SRR10013067,human,in vivo,extracellular,bulk
PB2,244,2257,34,SRR10013067,human,in vivo,extracellular,bulk
PB2,250,1712,1,SRR10013067,human,in vivo,extracellular,bulk
PB2,270,1051,1,SRR10013067,human,in vivo,extracellular,bulk
PB2,303,2335,1,SRR10013067,human,in vivo,extracellular,bulk
PB2,356,906,1,SRR10013067,human,in vivo,extracellular,bulk
PB2,446,1952,1,SRR10013067,human,in vivo,extracellular,bulk
PB2,448,1456,1,SRR10013067,human,in vivo,extracellular,bulk
PB2,461,2061,1,SRR10013067,human,in vivo,extracellular,bulk
PB2,462,1072,1,SRR10013067,human,in vivo,extracellular,bulk
PB2,462,1955,2,SRR10013067,human,in vivo,extracellular,bulk
PB2,478,1997,1,SRR10013067,human,in vivo,extracellular,bulk
PB2,484,1975,27,SRR10013067,human,in vivo,extracellular,bulk
PB2,525,2064,1,SRR10013067,human,in vivo,extracellular,bulk
PB2,581,1147,1,SRR10013067,human,in vivo,extracellular,bulk
PB2,581,1730,1,SRR10013067,human,in vivo,extracellular,bulk
PB2,586,1918,41,SRR10013067,human,in vivo,extracellular,bulk
PB2,589,1771,21,SRR10013067,human,in vivo,extracellular,bulk
PB2,595,1967,1,SRR10013067,human,in vivo,extracellular,bulk
PB2,600,1160,3,SRR10013067,human,in vivo,extracellular,bulk
PB2,601,1841,1,SRR10013067,human,in vivo,extracellular,bulk
PB2,608,1579,1,SRR10013067,human,in vivo,extracellular,bulk
PB2,608,1988,58,SRR10013067,human,in vivo,extracellular,bulk
PB2,610,1909,3,SRR10013067,human,in vivo,extracellular,bulk
PB2,610,1990,1,SRR10013067,human,in vivo,extracellular,bulk
PB2,610,2070,2,SRR10013067,human,in vivo,extracellular,bulk
PB2,618,1759,1,SRR10013067,human,in vivo,extracellular,bulk
PB2,623,1624,2,SRR10013067,human,in vivo,extracellular,bulk
PB2,64,2292,2,SRR10013067,human,in vivo,extracellular,bulk
PB2,654,1606,1,SRR10013067,human,in vivo,extracellular,bulk
PB2,67,2062,1,SRR10013067,human,in vivo,extracellular,bulk
PB2,707,1607,1,SRR10013067,human,in vivo,extracellular,bulk
PB2,730,1580,24,SRR10013067,human,in vivo,extracellular,bulk
PB2,734,2055,1,SRR10013067,human,in vivo,extracellular,bulk
PB2,741,1634,49,SRR10013067,human,in vivo,extracellular,bulk
PB2,752,1642,1,SRR10013067,human,in vivo,extracellular,bulk
PB2,85,1823,1,SRR10013067,human,in vivo,extracellular,bulk
PB2,872,1480,5,SRR10013067,human,in vivo,extracellular,bulk
PB2,877,1061,1,SRR10013067,human,in vivo,extracellular,bulk
PB2,902,1511,4,SRR10013067,human,in vivo,extracellular,bulk
PB2,912,1989,1,SRR10013067,human,in vivo,extracellular,bulk
PA,167,199,1,SRR10013067,human,in vivo,extracellular,bulk
PA,1968,2102,1,SRR10013067,human,in vivo,extracellular,bulk
PA,221,2034,1,SRR10013067,human,in vivo,extracellular,bulk
PA,232,919,1,SRR10013067,human,in vivo,extracellular,bulk
PA,260,1572,1,SRR10013067,human,in vivo,extracellular,bulk
PA,325,762,1,SRR10013067,human,in vivo,extracellular,bulk
PA,413,1657,1,SRR10013067,human,in vivo,extracellular,bulk
PA,434,1676,9,SRR10013067,human,in vivo,extracellular,bulk
PA,536,1976,1,SRR10013067,human,in vivo,extracellular,bulk
PA,595,1120,1,SRR10013067,human,in vivo,extracellular,bulk
PA,624,1642,2,SRR10013067,human,in vivo,extracellular,bulk
PA,647,1542,1,SRR10013067,human,in vivo,extracellular,bulk
PA,675,1564,4,SRR10013067,human,in vivo,extracellular,bulk
PA,887,959,4,SRR10013067,human,in vivo,extracellular,bulk
PA,935,1527,9,SRR10013067,human,in vivo,extracellular,bulk
PA,958,1760,15,SRR10013067,human,in vivo,extracellular,bulk
HA,107,1490,2,SRR10013067,human,in vivo,extracellular,bulk
HA,1126,1852,1,SRR10013067,human,in vivo,extracellular,bulk
HA,124,401,1,SRR10013067,human,in vivo,extracellular,bulk
HA,1374,1578,1,SRR10013067,human,in vivo,extracellular,bulk
HA,140,801,1,SRR10013067,human,in vivo,extracellular,bulk
HA,1586,1646,1,SRR10013067,human,in vivo,extracellular,bulk
HA,1590,1800,1,SRR10013067,human,in vivo,extracellular,bulk
HA,209,1654,1,SRR10013067,human,in vivo,extracellular,bulk
HA,215,1348,1,SRR10013067,human,in vivo,extracellular,bulk
HA,226,1025,2,SRR10013067,human,in vivo,extracellular,bulk
HA,227,1589,1,SRR10013067,human,in vivo,extracellular,bulk
HA,230,1035,1,SRR10013067,human,in vivo,extracellular,bulk
HA,32,1338,1,SRR10013067,human,in vivo,extracellular,bulk
HA,342,1437,1,SRR10013067,human,in vivo,extracellular,bulk
HA,431,1247,1,SRR10013067,human,in vivo,extracellular,bulk
HA,497,685,1,SRR10013067,human,in vivo,extracellular,bulk
HA,49,1169,1,SRR10013067,human,in vivo,extracellular,bulk
HA,646,686,1,SRR10013067,human,in vivo,extracellular,bulk
HA,648,1029,1,SRR10013067,human,in vivo,extracellular,bulk
HA,72,1023,1,SRR10013067,human,in vivo,extracellular,bulk
HA,801,1396,1,SRR10013067,human,in vivo,extracellular,bulk
HA,947,979,2,SRR10013067,human,in vivo,extracellular,bulk
HA,95,1099,1,SRR10013067,human,in vivo,extracellular,bulk
NP,100,1644,2,SRR10013067,human,in vivo,extracellular,bulk
NP,101,603,1,SRR10013067,human,in vivo,extracellular,bulk
NP,121,268,1,SRR10013067,human,in vivo,extracellular,bulk
NP,1376,1501,5,SRR10013067,human,in vivo,extracellular,bulk
NP,1434,1617,1,SRR10013067,human,in vivo,extracellular,bulk
NP,267,1244,1,SRR10013067,human,in vivo,extracellular,bulk
NP,273,1250,91,SRR10013067,human,in vivo,extracellular,bulk
NP,290,758,2,SRR10013067,human,in vivo,extracellular,bulk
NP,594,1505,1,SRR10013067,human,in vivo,extracellular,bulk
NP,836,931,1,SRR10013067,human,in vivo,extracellular,bulk
NP,853,992,3,SRR10013067,human,in vivo,extracellular,bulk
NA,104,1009,1,SRR10013067,human,in vivo,extracellular,bulk
NA,1058,1091,3,SRR10013067,human,in vivo,extracellular,bulk
NA,1058,1092,2,SRR10013067,human,in vivo,extracellular,bulk
NA,1105,1468,1,SRR10013067,human,in vivo,extracellular,bulk
NA,111,382,1,SRR10013067,human,in vivo,extracellular,bulk
NA,111,765,1,SRR10013067,human,in vivo,extracellular,bulk
NA,307,1110,8,SRR10013067,human,in vivo,extracellular,bulk
NA,334,438,1,SRR10013067,human,in vivo,extracellular,bulk
NA,342,546,1,SRR10013067,human,in vivo,extracellular,bulk
NA,471,910,2,SRR10013067,human,in vivo,extracellular,bulk
NA,61,697,1,SRR10013067,human,in vivo,extracellular,bulk
NA,674,1462,1,SRR10013067,human,in vivo,extracellular,bulk
NA,781,1076,4,SRR10013067,human,in vivo,extracellular,bulk
NA,84,454,1,SRR10013067,human,in vivo,extracellular,bulk
M,284,603,1,SRR10013067,human,in vivo,extracellular,bulk
M,466,862,1,SRR10013067,human,in vivo,extracellular,bulk
M,662,1016,2,SRR10013067,human,in vivo,extracellular,bulk
M,663,942,1,SRR10013067,human,in vivo,extracellular,bulk
M,668,723,8,SRR10013067,human,in vivo,extracellular,bulk
M,95,125,17,SRR10013067,human,in vivo,extracellular,bulk
NS,167,838,1,SRR10013067,human,in vivo,extracellular,bulk
NS,537,718,1,SRR10013067,human,in vivo,extracellular,bulk
NS,669,723,1,SRR10013067,human,in vivo,extracellular,bulk
NS,67,511,1,SRR10013067,human,in vivo,extracellular,bulk
NS,689,836,1,SRR10013067,human,in vivo,extracellular,bulk
NS,70,821,1,SRR10013067,human,in vivo,extracellular,bulk
NS,829,857,1,SRR10013067,human,in vivo,extracellular,bulk
PB1,1167,1608,1,SRR10013206,human,in vivo,extracellular,bulk
PB1,1260,1489,1,SRR10013206,human,in vivo,extracellular,bulk
PB1,1321,1499,2,SRR10013206,human,in vivo,extracellular,bulk
PB1,1328,2071,1,SRR10013206,human,in vivo,extracellular,bulk
PB1,1331,2090,1,SRR10013206,human,in vivo,extracellular,bulk
PB1,1387,1499,1,SRR10013206,human,in vivo,extracellular,bulk
PB1,1399,1960,1,SRR10013206,human,in vivo,extracellular,bulk
PB1,141,2293,1,SRR10013206,human,in vivo,extracellular,bulk
PB1,1540,2174,6,SRR10013206,human,in vivo,extracellular,bulk
PB1,159,1616,1,SRR10013206,human,in vivo,extracellular,bulk
PB1,1622,2341,1,SRR10013206,human,in vivo,extracellular,bulk
PB1,1996,2216,1,SRR10013206,human,in vivo,extracellular,bulk
PB1,301,2066,1,SRR10013206,human,in vivo,extracellular,bulk
PB1,355,1494,2,SRR10013206,human,in vivo,extracellular,bulk
PB1,356,2193,1,SRR10013206,human,in vivo,extracellular,bulk
PB1,364,452,1,SRR10013206,human,in vivo,extracellular,bulk
PB1,385,1700,1,SRR10013206,human,in vivo,extracellular,bulk
PB1,399,1713,2,SRR10013206,human,in vivo,extracellular,bulk
PB1,399,1940,20,SRR10013206,human,in vivo,extracellular,bulk
PB1,403,1944,2,SRR10013206,human,in vivo,extracellular,bulk
PB1,410,1149,1,SRR10013206,human,in vivo,extracellular,bulk
PB1,411,2074,1,SRR10013206,human,in vivo,extracellular,bulk
PB1,415,493,1,SRR10013206,human,in vivo,extracellular,bulk
PB1,443,1647,1,SRR10013206,human,in vivo,extracellular,bulk
PB1,449,1480,1,SRR10013206,human,in vivo,extracellular,bulk
PB1,492,2193,1,SRR10013206,human,in vivo,extracellular,bulk
PB1,503,1709,1,SRR10013206,human,in vivo,extracellular,bulk
PB1,542,1943,1,SRR10013206,human,in vivo,extracellular,bulk
PB1,545,1315,1,SRR10013206,human,in vivo,extracellular,bulk
PB1,629,1701,12,SRR10013206,human,in vivo,extracellular,bulk
PB1,638,1746,2,SRR10013206,human,in vivo,extracellular,bulk
PB1,640,704,1,SRR10013206,human,in vivo,extracellular,bulk
PB1,642,1741,1,SRR10013206,human,in vivo,extracellular,bulk
PB1,686,1528,17,SRR10013206,human,in vivo,extracellular,bulk
PB1,702,1669,4,SRR10013206,human,in vivo,extracellular,bulk
PB1,728,1573,18,SRR10013206,human,in vivo,extracellular,bulk
PB1,73,1646,1,SRR10013206,human,in vivo,extracellular,bulk
PB1,745,2245,2,SRR10013206,human,in vivo,extracellular,bulk
PB1,754,1528,20,SRR10013206,human,in vivo,extracellular,bulk
PB1,759,1575,6,SRR10013206,human,in vivo,extracellular,bulk
PB1,759,1586,10,SRR10013206,human,in vivo,extracellular,bulk
PB1,766,1537,23,SRR10013206,human,in vivo,extracellular,bulk
PB1,767,1580,1,SRR10013206,human,in vivo,extracellular,bulk
PB1,787,1505,31,SRR10013206,human,in vivo,extracellular,bulk
PB1,799,1511,36,SRR10013206,human,in vivo,extracellular,bulk
PB1,800,1607,8,SRR10013206,human,in vivo,extracellular,bulk
PB1,800,1614,1,SRR10013206,human,in vivo,extracellular,bulk
PB1,801,1611,8,SRR10013206,human,in vivo,extracellular,bulk
PB1,803,1626,2,SRR10013206,human,in vivo,extracellular,bulk
PB1,805,1609,7,SRR10013206,human,in vivo,extracellular,bulk
PB1,808,1660,1,SRR10013206,human,in vivo,extracellular,bulk
PB1,825,1617,1,SRR10013206,human,in vivo,extracellular,bulk
PB1,826,1610,11,SRR10013206,human,in vivo,extracellular,bulk
PB1,829,1593,12,SRR10013206,human,in vivo,extracellular,bulk
PB1,830,1724,1,SRR10013206,human,in vivo,extracellular,bulk
PB1,839,1534,3,SRR10013206,human,in vivo,extracellular,bulk
PB1,876,1654,3,SRR10013206,human,in vivo,extracellular,bulk
PB1,886,1771,24,SRR10013206,human,in vivo,extracellular,bulk
PB1,893,1643,1,SRR10013206,human,in vivo,extracellular,bulk
PB1,961,1573,16,SRR10013206,human,in vivo,extracellular,bulk
PB1,96,1693,2,SRR10013206,human,in vivo,extracellular,bulk
PB2,1004,1507,1,SRR10013206,human,in vivo,extracellular,bulk
PB2,1007,2151,20,SRR10013206,human,in vivo,extracellular,bulk
PB2,1035,2063,1,SRR10013206,human,in vivo,extracellular,bulk
PB2,1122,2319,2,SRR10013206,human,in vivo,extracellular,bulk
PB2,1132,2061,1,SRR10013206,human,in vivo,extracellular,bulk
PB2,1180,2128,1,SRR10013206,human,in vivo,extracellular,bulk
PB2,1258,2150,1,SRR10013206,human,in vivo,extracellular,bulk
PB2,1399,1906,1,SRR10013206,human,in vivo,extracellular,bulk
PB2,1439,2276,1,SRR10013206,human,in vivo,extracellular,bulk
PB2,1460,2289,1,SRR10013206,human,in vivo,extracellular,bulk
PB2,147,1758,1,SRR10013206,human,in vivo,extracellular,bulk
PB2,1482,2259,1,SRR10013206,human,in vivo,extracellular,bulk
PB2,1506,2288,1,SRR10013206,human,in vivo,extracellular,bulk
PB2,1553,2217,1,SRR10013206,human,in vivo,extracellular,bulk
PB2,1675,2088,2,SRR10013206,human,in vivo,extracellular,bulk
PB2,1711,2163,1,SRR10013206,human,in vivo,extracellular,bulk
PB2,1761,1818,1,SRR10013206,human,in vivo,extracellular,bulk
PB2,1770,2179,1,SRR10013206,human,in vivo,extracellular,bulk
PB2,178,1009,1,SRR10013206,human,in vivo,extracellular,bulk
PB2,1791,2208,1,SRR10013206,human,in vivo,extracellular,bulk
PB2,1847,1911,1,SRR10013206,human,in vivo,extracellular,bulk
PB2,1893,2012,2,SRR10013206,human,in vivo,extracellular,bulk
PB2,2081,2147,1,SRR10013206,human,in vivo,extracellular,bulk
PB2,2209,2245,1,SRR10013206,human,in vivo,extracellular,bulk
PB2,244,2135,34,SRR10013206,human,in vivo,extracellular,bulk
PB2,269,1082,1,SRR10013206,human,in vivo,extracellular,bulk
PB2,286,1079,1,SRR10013206,human,in vivo,extracellular,bulk
PB2,296,1308,1,SRR10013206,human,in vivo,extracellular,bulk
PB2,298,1979,13,SRR10013206,human,in vivo,extracellular,bulk
PB2,330,1098,1,SRR10013206,human,in vivo,extracellular,bulk
PB2,348,2308,1,SRR10013206,human,in vivo,extracellular,bulk
PB2,349,1964,1,SRR10013206,human,in vivo,extracellular,bulk
PB2,356,1972,15,SRR10013206,human,in vivo,extracellular,bulk
PB2,367,1873,2,SRR10013206,human,in vivo,extracellular,bulk
PB2,44,2178,3,SRR10013206,human,in vivo,extracellular,bulk
PB2,454,1982,2,SRR10013206,human,in vivo,extracellular,bulk
PB2,459,597,2,SRR10013206,human,in vivo,extracellular,bulk
PB2,504,2077,1,SRR10013206,human,in vivo,extracellular,bulk
PB2,530,2068,1,SRR10013206,human,in vivo,extracellular,bulk
PB2,538,1021,1,SRR10013206,human,in vivo,extracellular,bulk
PB2,573,2207,1,SRR10013206,human,in vivo,extracellular,bulk
PB2,579,1835,23,SRR10013206,human,in vivo,extracellular,bulk
PB2,580,1956,1,SRR10013206,human,in vivo,extracellular,bulk
PB2,586,1918,10,SRR10013206,human,in vivo,extracellular,bulk
PB2,589,1771,3,SRR10013206,human,in vivo,extracellular,bulk
PB2,600,1160,1,SRR10013206,human,in vivo,extracellular,bulk
PB2,602,1731,1,SRR10013206,human,in vivo,extracellular,bulk
PB2,606,1166,1,SRR10013206,human,in vivo,extracellular,bulk
PB2,608,1988,14,SRR10013206,human,in vivo,extracellular,bulk
PB2,609,1989,1,SRR10013206,human,in vivo,extracellular,bulk
PB2,610,1909,106,SRR10013206,human,in vivo,extracellular,bulk
PB2,610,2070,2,SRR10013206,human,in vivo,extracellular,bulk
PB2,620,1918,1,SRR10013206,human,in vivo,extracellular,bulk
PB2,655,1953,1,SRR10013206,human,in vivo,extracellular,bulk
PB2,85,1823,1,SRR10013206,human,in vivo,extracellular,bulk
PB2,85,270,2,SRR10013206,human,in vivo,extracellular,bulk
PB2,995,1528,1,SRR10013206,human,in vivo,extracellular,bulk
PA,1349,1898,1,SRR10013206,human,in vivo,extracellular,bulk
PA,1528,1562,1,SRR10013206,human,in vivo,extracellular,bulk
PA,168,208,1,SRR10013206,human,in vivo,extracellular,bulk
PA,1715,2012,1,SRR10013206,human,in vivo,extracellular,bulk
PA,1802,1893,1,SRR10013206,human,in vivo,extracellular,bulk
PA,244,931,1,SRR10013206,human,in vivo,extracellular,bulk
PA,265,860,2,SRR10013206,human,in vivo,extracellular,bulk
PA,335,1855,1,SRR10013206,human,in vivo,extracellular,bulk
PA,413,1657,2,SRR10013206,human,in vivo,extracellular,bulk
PA,434,1676,42,SRR10013206,human,in vivo,extracellular,bulk
PA,442,1153,1,SRR10013206,human,in vivo,extracellular,bulk
PA,535,1746,1,SRR10013206,human,in vivo,extracellular,bulk
PA,589,1114,1,SRR10013206,human,in vivo,extracellular,bulk
PA,631,1205,4,SRR10013206,human,in vivo,extracellular,bulk
PA,637,923,1,SRR10013206,human,in vivo,extracellular,bulk
PA,648,1634,1,SRR10013206,human,in vivo,extracellular,bulk
PA,649,910,1,SRR10013206,human,in vivo,extracellular,bulk
PA,667,1500,1,SRR10013206,human,in vivo,extracellular,bulk
PA,681,1149,1,SRR10013206,human,in vivo,extracellular,bulk
PA,764,2002,1,SRR10013206,human,in vivo,extracellular,bulk
PA,775,902,1,SRR10013206,human,in vivo,extracellular,bulk
PA,817,903,1,SRR10013206,human,in vivo,extracellular,bulk
PA,867,1243,1,SRR10013206,human,in vivo,extracellular,bulk
PA,907,1633,1,SRR10013206,human,in vivo,extracellular,bulk
HA,1032,1519,1,SRR10013206,human,in vivo,extracellular,bulk
HA,110,707,1,SRR10013206,human,in vivo,extracellular,bulk
HA,1114,1319,1,SRR10013206,human,in vivo,extracellular,bulk
HA,1135,1579,1,SRR10013206,human,in vivo,extracellular,bulk
HA,1354,1420,1,SRR10013206,human,in vivo,extracellular,bulk
HA,141,207,2,SRR10013206,human,in vivo,extracellular,bulk
HA,1498,1725,1,SRR10013206,human,in vivo,extracellular,bulk
HA,1576,1637,1,SRR10013206,human,in vivo,extracellular,bulk
HA,218,1077,1,SRR10013206,human,in vivo,extracellular,bulk
HA,222,917,2,SRR10013206,human,in vivo,extracellular,bulk
HA,228,420,1,SRR10013206,human,in vivo,extracellular,bulk
HA,234,1518,1,SRR10013206,human,in vivo,extracellular,bulk
HA,243,1025,1,SRR10013206,human,in vivo,extracellular,bulk
HA,253,418,1,SRR10013206,human,in vivo,extracellular,bulk
HA,254,1526,1,SRR10013206,human,in vivo,extracellular,bulk
HA,257,1505,25,SRR10013206,human,in vivo,extracellular,bulk
HA,269,335,1,SRR10013206,human,in vivo,extracellular,bulk
HA,275,852,1,SRR10013206,human,in vivo,extracellular,bulk
HA,362,1527,34,SRR10013206,human,in vivo,extracellular,bulk
HA,40,1431,1,SRR10013206,human,in vivo,extracellular,bulk
HA,509,1038,1,SRR10013206,human,in vivo,extracellular,bulk
HA,885,1164,1,SRR10013206,human,in vivo,extracellular,bulk
HA,943,1095,1,SRR10013206,human,in vivo,extracellular,bulk
NP,120,1511,1,SRR10013206,human,in vivo,extracellular,bulk
NP,122,1668,1,SRR10013206,human,in vivo,extracellular,bulk
NP,140,1602,19,SRR10013206,human,in vivo,extracellular,bulk
NP,1424,1696,1,SRR10013206,human,in vivo,extracellular,bulk
NP,180,1751,1,SRR10013206,human,in vivo,extracellular,bulk
NP,193,269,1,SRR10013206,human,in vivo,extracellular,bulk
NP,219,1477,1,SRR10013206,human,in vivo,extracellular,bulk
NP,238,337,1,SRR10013206,human,in vivo,extracellular,bulk
NP,571,798,2,SRR10013206,human,in vivo,extracellular,bulk
NP,603,1417,1,SRR10013206,human,in vivo,extracellular,bulk
NP,611,885,2,SRR10013206,human,in vivo,extracellular,bulk
NP,696,1639,1,SRR10013206,human,in vivo,extracellular,bulk
NP,860,1390,5,SRR10013206,human,in vivo,extracellular,bulk
NP,994,1243,1,SRR10013206,human,in vivo,extracellular,bulk
NA,101,968,1,SRR10013206,human,in vivo,extracellular,bulk
NA,1031,1323,1,SRR10013206,human,in vivo,extracellular,bulk
NA,103,1097,1,SRR10013206,human,in vivo,extracellular,bulk
NA,1053,1119,1,SRR10013206,human,in vivo,extracellular,bulk
NA,1103,1448,2,SRR10013206,human,in vivo,extracellular,bulk
NA,110,1470,2,SRR10013206,human,in vivo,extracellular,bulk
NA,115,1188,1,SRR10013206,human,in vivo,extracellular,bulk
NA,164,333,1,SRR10013206,human,in vivo,extracellular,bulk
NA,307,1110,29,SRR10013206,human,in vivo,extracellular,bulk
NA,332,945,1,SRR10013206,human,in vivo,extracellular,bulk
NA,362,834,1,SRR10013206,human,in vivo,extracellular,bulk
NA,414,1394,1,SRR10013206,human,in vivo,extracellular,bulk
NA,420,1429,1,SRR10013206,human,in vivo,extracellular,bulk
NA,422,977,6,SRR10013206,human,in vivo,extracellular,bulk
NA,519,1098,1,SRR10013206,human,in vivo,extracellular,bulk
NA,562,1293,1,SRR10013206,human,in vivo,extracellular,bulk
NA,563,1312,1,SRR10013206,human,in vivo,extracellular,bulk
NA,576,673,1,SRR10013206,human,in vivo,extracellular,bulk
NA,620,1468,1,SRR10013206,human,in vivo,extracellular,bulk
NA,636,1318,1,SRR10013206,human,in vivo,extracellular,bulk
NA,640,1322,2,SRR10013206,human,in vivo,extracellular,bulk
NA,668,1302,1,SRR10013206,human,in vivo,extracellular,bulk
NA,756,1105,1,SRR10013206,human,in vivo,extracellular,bulk
NA,780,1005,1,SRR10013206,human,in vivo,extracellular,bulk
NA,781,1243,1,SRR10013206,human,in vivo,extracellular,bulk
NA,919,1312,1,SRR10013206,human,in vivo,extracellular,bulk
NA,99,1450,2,SRR10013206,human,in vivo,extracellular,bulk
M,112,1024,1,SRR10013206,human,in vivo,extracellular,bulk
M,125,1006,1,SRR10013206,human,in vivo,extracellular,bulk
M,148,745,1,SRR10013206,human,in vivo,extracellular,bulk
M,327,1054,1,SRR10013206,human,in vivo,extracellular,bulk
M,392,570,1,SRR10013206,human,in vivo,extracellular,bulk
M,460,572,1,SRR10013206,human,in vivo,extracellular,bulk
M,477,775,1,SRR10013206,human,in vivo,extracellular,bulk
M,517,562,1,SRR10013206,human,in vivo,extracellular,bulk
M,518,733,1,SRR10013206,human,in vivo,extracellular,bulk
M,650,1004,1,SRR10013206,human,in vivo,extracellular,bulk
M,655,1008,2,SRR10013206,human,in vivo,extracellular,bulk
M,662,1016,2,SRR10013206,human,in vivo,extracellular,bulk
M,788,870,1,SRR10013206,human,in vivo,extracellular,bulk
M,789,985,1,SRR10013206,human,in vivo,extracellular,bulk
NS,348,805,1,SRR10013206,human,in vivo,extracellular,bulk
NS,749,830,1,SRR10013206,human,in vivo,extracellular,bulk
PB1,1146,1362,1,SRR10013062,human,in vivo,extracellular,bulk
PB1,1579,2216,2,SRR10013062,human,in vivo,extracellular,bulk
PB1,1617,2081,2,SRR10013062,human,in vivo,extracellular,bulk
PB1,1759,2301,1,SRR10013062,human,in vivo,extracellular,bulk
PB1,290,1483,1,SRR10013062,human,in vivo,extracellular,bulk
PB1,301,329,1,SRR10013062,human,in vivo,extracellular,bulk
PB1,326,1951,2,SRR10013062,human,in vivo,extracellular,bulk
PB1,35,1649,11,SRR10013062,human,in vivo,extracellular,bulk
PB1,36,1650,435,SRR10013062,human,in vivo,extracellular,bulk
PB1,380,2167,1,SRR10013062,human,in vivo,extracellular,bulk
PB1,418,1744,4,SRR10013062,human,in vivo,extracellular,bulk
PB1,432,1575,1,SRR10013062,human,in vivo,extracellular,bulk
PB1,443,1647,2,SRR10013062,human,in vivo,extracellular,bulk
PB1,455,1767,1,SRR10013062,human,in vivo,extracellular,bulk
PB1,484,1744,1,SRR10013062,human,in vivo,extracellular,bulk
PB1,492,1869,1,SRR10013062,human,in vivo,extracellular,bulk
PB1,509,1946,1,SRR10013062,human,in vivo,extracellular,bulk
PB1,521,1499,1,SRR10013062,human,in vivo,extracellular,bulk
PB1,522,1536,2,SRR10013062,human,in vivo,extracellular,bulk
PB1,531,2257,4,SRR10013062,human,in vivo,extracellular,bulk
PB1,542,1941,1,SRR10013062,human,in vivo,extracellular,bulk
PB1,544,1632,1,SRR10013062,human,in vivo,extracellular,bulk
PB1,544,2271,1,SRR10013062,human,in vivo,extracellular,bulk
PB1,545,1769,4,SRR10013062,human,in vivo,extracellular,bulk
PB1,587,995,1,SRR10013062,human,in vivo,extracellular,bulk
PB1,590,1720,1,SRR10013062,human,in vivo,extracellular,bulk
PB1,624,1752,4,SRR10013062,human,in vivo,extracellular,bulk
PB1,686,1605,14,SRR10013062,human,in vivo,extracellular,bulk
PB1,686,1674,15,SRR10013062,human,in vivo,extracellular,bulk
PB1,693,1594,1,SRR10013062,human,in vivo,extracellular,bulk
PB1,703,1575,1,SRR10013062,human,in vivo,extracellular,bulk
PB1,708,1959,9,SRR10013062,human,in vivo,extracellular,bulk
PB1,718,1201,3,SRR10013062,human,in vivo,extracellular,bulk
PB1,720,1574,5,SRR10013062,human,in vivo,extracellular,bulk
PB1,721,1557,2,SRR10013062,human,in vivo,extracellular,bulk
PB1,736,1736,1,SRR10013062,human,in vivo,extracellular,bulk
PB1,737,1220,4,SRR10013062,human,in vivo,extracellular,bulk
PB1,73,1646,1,SRR10013062,human,in vivo,extracellular,bulk
PB1,762,1604,4,SRR10013062,human,in vivo,extracellular,bulk
PB1,767,1516,5,SRR10013062,human,in vivo,extracellular,bulk
PB1,767,2216,1,SRR10013062,human,in vivo,extracellular,bulk
PB1,794,1528,3,SRR10013062,human,in vivo,extracellular,bulk
PB1,795,1528,1,SRR10013062,human,in vivo,extracellular,bulk
PB1,798,1516,3,SRR10013062,human,in vivo,extracellular,bulk
PB1,799,1496,4,SRR10013062,human,in vivo,extracellular,bulk
PB1,808,1593,8,SRR10013062,human,in vivo,extracellular,bulk
PB1,819,1601,2,SRR10013062,human,in vivo,extracellular,bulk
PB1,841,1514,1,SRR10013062,human,in vivo,extracellular,bulk
PB1,845,957,1,SRR10013062,human,in vivo,extracellular,bulk
PB1,848,1544,1,SRR10013062,human,in vivo,extracellular,bulk
PB1,848,1563,3,SRR10013062,human,in vivo,extracellular,bulk
PB1,85,1266,12,SRR10013062,human,in vivo,extracellular,bulk
PB1,935,1538,1,SRR10013062,human,in vivo,extracellular,bulk
PB1,96,1690,6,SRR10013062,human,in vivo,extracellular,bulk
PB1,96,1693,1,SRR10013062,human,in vivo,extracellular,bulk
PB1,980,1534,2,SRR10013062,human,in vivo,extracellular,bulk
PB2,1085,1805,1,SRR10013062,human,in vivo,extracellular,bulk
PB2,1167,1612,1,SRR10013062,human,in vivo,extracellular,bulk
PB2,1265,1746,1,SRR10013062,human,in vivo,extracellular,bulk
PB2,1341,1868,1,SRR10013062,human,in vivo,extracellular,bulk
PB2,1553,1871,1,SRR10013062,human,in vivo,extracellular,bulk
PB2,155,617,1,SRR10013062,human,in vivo,extracellular,bulk
PB2,156,2134,1,SRR10013062,human,in vivo,extracellular,bulk
PB2,1638,2010,1,SRR10013062,human,in vivo,extracellular,bulk
PB2,1746,1801,2,SRR10013062,human,in vivo,extracellular,bulk
PB2,177,1707,1,SRR10013062,human,in vivo,extracellular,bulk
PB2,196,1164,1,SRR10013062,human,in vivo,extracellular,bulk
PB2,202,2130,1,SRR10013062,human,in vivo,extracellular,bulk
PB2,2185,2258,1,SRR10013062,human,in vivo,extracellular,bulk
PB2,236,1992,1,SRR10013062,human,in vivo,extracellular,bulk
PB2,244,2144,5,SRR10013062,human,in vivo,extracellular,bulk
PB2,245,2139,175,SRR10013062,human,in vivo,extracellular,bulk
PB2,246,2140,1,SRR10013062,human,in vivo,extracellular,bulk
PB2,26,1753,1,SRR10013062,human,in vivo,extracellular,bulk
PB2,325,2005,2,SRR10013062,human,in vivo,extracellular,bulk
PB2,356,1503,1,SRR10013062,human,in vivo,extracellular,bulk
PB2,366,1972,1,SRR10013062,human,in vivo,extracellular,bulk
PB2,389,907,1,SRR10013062,human,in vivo,extracellular,bulk
PB2,400,1940,2,SRR10013062,human,in vivo,extracellular,bulk
PB2,401,951,1,SRR10013062,human,in vivo,extracellular,bulk
PB2,424,1987,5,SRR10013062,human,in vivo,extracellular,bulk
PB2,425,2173,1,SRR10013062,human,in vivo,extracellular,bulk
PB2,425,2211,5,SRR10013062,human,in vivo,extracellular,bulk
PB2,449,1733,1,SRR10013062,human,in vivo,extracellular,bulk
PB2,451,1747,6,SRR10013062,human,in vivo,extracellular,bulk
PB2,460,1976,6,SRR10013062,human,in vivo,extracellular,bulk
PB2,485,1801,5,SRR10013062,human,in vivo,extracellular,bulk
PB2,487,1967,13,SRR10013062,human,in vivo,extracellular,bulk
PB2,504,2300,1,SRR10013062,human,in vivo,extracellular,bulk
PB2,568,1462,1,SRR10013062,human,in vivo,extracellular,bulk
PB2,580,1956,5,SRR10013062,human,in vivo,extracellular,bulk
PB2,592,1159,1,SRR10013062,human,in vivo,extracellular,bulk
PB2,607,1696,1,SRR10013062,human,in vivo,extracellular,bulk
PB2,607,1857,4,SRR10013062,human,in vivo,extracellular,bulk
PB2,608,1706,6,SRR10013062,human,in vivo,extracellular,bulk
PB2,610,1709,4,SRR10013062,human,in vivo,extracellular,bulk
PB2,610,2070,2,SRR10013062,human,in vivo,extracellular,bulk
PB2,613,1457,4,SRR10013062,human,in vivo,extracellular,bulk
PB2,619,1589,1,SRR10013062,human,in vivo,extracellular,bulk
PB2,619,1929,3,SRR10013062,human,in vivo,extracellular,bulk
PB2,632,1580,27,SRR10013062,human,in vivo,extracellular,bulk
PB2,632,2016,4,SRR10013062,human,in vivo,extracellular,bulk
PB2,644,1863,1,SRR10013062,human,in vivo,extracellular,bulk
PB2,64,1762,5,SRR10013062,human,in vivo,extracellular,bulk
PB2,707,1607,1,SRR10013062,human,in vivo,extracellular,bulk
PB2,85,1823,2,SRR10013062,human,in vivo,extracellular,bulk
PB2,879,1543,1,SRR10013062,human,in vivo,extracellular,bulk
PB2,879,2068,1,SRR10013062,human,in vivo,extracellular,bulk
PB2,924,1687,2,SRR10013062,human,in vivo,extracellular,bulk
PB2,988,1530,1,SRR10013062,human,in vivo,extracellular,bulk
PA,1013,1192,1,SRR10013062,human,in vivo,extracellular,bulk
PA,1538,1624,1,SRR10013062,human,in vivo,extracellular,bulk
PA,2011,2238,1,SRR10013062,human,in vivo,extracellular,bulk
PA,2056,2117,1,SRR10013062,human,in vivo,extracellular,bulk
PA,211,1823,1,SRR10013062,human,in vivo,extracellular,bulk
PA,403,1780,1,SRR10013062,human,in vivo,extracellular,bulk
PA,452,1974,6,SRR10013062,human,in vivo,extracellular,bulk
PA,560,1789,1,SRR10013062,human,in vivo,extracellular,bulk
PA,601,1548,1,SRR10013062,human,in vivo,extracellular,bulk
PA,707,1418,1,SRR10013062,human,in vivo,extracellular,bulk
PA,784,941,1,SRR10013062,human,in vivo,extracellular,bulk
PA,809,1501,2,SRR10013062,human,in vivo,extracellular,bulk
PA,833,1994,1,SRR10013062,human,in vivo,extracellular,bulk
PA,889,1511,1,SRR10013062,human,in vivo,extracellular,bulk
HA,104,701,1,SRR10013062,human,in vivo,extracellular,bulk
HA,1107,1483,1,SRR10013062,human,in vivo,extracellular,bulk
HA,1193,1496,1,SRR10013062,human,in vivo,extracellular,bulk
HA,1210,1317,2,SRR10013062,human,in vivo,extracellular,bulk
HA,1336,1545,1,SRR10013062,human,in vivo,extracellular,bulk
HA,133,848,1,SRR10013062,human,in vivo,extracellular,bulk
HA,1460,1732,29,SRR10013062,human,in vivo,extracellular,bulk
HA,1469,1732,1,SRR10013062,human,in vivo,extracellular,bulk
HA,1576,1697,1,SRR10013062,human,in vivo,extracellular,bulk
HA,210,701,1,SRR10013062,human,in vivo,extracellular,bulk
HA,225,1555,1,SRR10013062,human,in vivo,extracellular,bulk
HA,257,1505,7,SRR10013062,human,in vivo,extracellular,bulk
HA,350,735,1,SRR10013062,human,in vivo,extracellular,bulk
HA,46,475,1,SRR10013062,human,in vivo,extracellular,bulk
HA,708,994,1,SRR10013062,human,in vivo,extracellular,bulk
HA,842,1159,1,SRR10013062,human,in vivo,extracellular,bulk
HA,849,1009,1,SRR10013062,human,in vivo,extracellular,bulk
HA,936,1287,1,SRR10013062,human,in vivo,extracellular,bulk
NP,1274,1764,1,SRR10013062,human,in vivo,extracellular,bulk
NP,1320,1724,1,SRR10013062,human,in vivo,extracellular,bulk
NP,1387,1411,1,SRR10013062,human,in vivo,extracellular,bulk
NP,1396,1523,1,SRR10013062,human,in vivo,extracellular,bulk
NP,219,1477,1,SRR10013062,human,in vivo,extracellular,bulk
NP,273,1250,6,SRR10013062,human,in vivo,extracellular,bulk
NP,520,1241,1,SRR10013062,human,in vivo,extracellular,bulk
NP,541,1221,1,SRR10013062,human,in vivo,extracellular,bulk
NP,875,958,1,SRR10013062,human,in vivo,extracellular,bulk
NP,890,987,1,SRR10013062,human,in vivo,extracellular,bulk
NP,98,1535,1,SRR10013062,human,in vivo,extracellular,bulk
NA,1068,1112,2,SRR10013062,human,in vivo,extracellular,bulk
NA,1084,1289,1,SRR10013062,human,in vivo,extracellular,bulk
NA,290,713,1,SRR10013062,human,in vivo,extracellular,bulk
NA,299,583,1,SRR10013062,human,in vivo,extracellular,bulk
NA,312,1436,1,SRR10013062,human,in vivo,extracellular,bulk
NA,478,1335,1,SRR10013062,human,in vivo,extracellular,bulk
NA,628,925,1,SRR10013062,human,in vivo,extracellular,bulk
NA,630,1398,1,SRR10013062,human,in vivo,extracellular,bulk
NA,637,1046,2,SRR10013062,human,in vivo,extracellular,bulk
NA,654,749,1,SRR10013062,human,in vivo,extracellular,bulk
NA,781,1076,5,SRR10013062,human,in vivo,extracellular,bulk
NA,90,853,1,SRR10013062,human,in vivo,extracellular,bulk
NA,936,1404,1,SRR10013062,human,in vivo,extracellular,bulk
NA,93,124,1,SRR10013062,human,in vivo,extracellular,bulk
M,110,761,1,SRR10013062,human,in vivo,extracellular,bulk
M,134,189,1,SRR10013062,human,in vivo,extracellular,bulk
M,425,447,1,SRR10013062,human,in vivo,extracellular,bulk
M,518,733,1,SRR10013062,human,in vivo,extracellular,bulk
M,597,691,2,SRR10013062,human,in vivo,extracellular,bulk
M,662,1016,2,SRR10013062,human,in vivo,extracellular,bulk
M,76,483,1,SRR10013062,human,in vivo,extracellular,bulk
M,97,638,1,SRR10013062,human,in vivo,extracellular,bulk
NS,110,817,1,SRR10013062,human,in vivo,extracellular,bulk
PB1,1129,2111,1,SRR10013210,human,in vivo,extracellular,bulk
PB1,1175,1364,1,SRR10013210,human,in vivo,extracellular,bulk
PB1,1241,1482,1,SRR10013210,human,in vivo,extracellular,bulk
PB1,1332,1765,1,SRR10013210,human,in vivo,extracellular,bulk
PB1,1373,1626,1,SRR10013210,human,in vivo,extracellular,bulk
PB1,1389,1534,1,SRR10013210,human,in vivo,extracellular,bulk
PB1,1425,1534,1,SRR10013210,human,in vivo,extracellular,bulk
PB1,145,706,2,SRR10013210,human,in vivo,extracellular,bulk
PB1,1511,2125,1,SRR10013210,human,in vivo,extracellular,bulk
PB1,1557,1713,1,SRR10013210,human,in vivo,extracellular,bulk
PB1,1600,1739,1,SRR10013210,human,in vivo,extracellular,bulk
PB1,1601,2236,1,SRR10013210,human,in vivo,extracellular,bulk
PB1,1774,2031,1,SRR10013210,human,in vivo,extracellular,bulk
PB1,1965,2279,2,SRR10013210,human,in vivo,extracellular,bulk
PB1,1972,2072,1,SRR10013210,human,in vivo,extracellular,bulk
PB1,2123,2152,3,SRR10013210,human,in vivo,extracellular,bulk
PB1,232,1701,1,SRR10013210,human,in vivo,extracellular,bulk
PB1,233,1541,1,SRR10013210,human,in vivo,extracellular,bulk
PB1,278,2076,4,SRR10013210,human,in vivo,extracellular,bulk
PB1,285,330,1,SRR10013210,human,in vivo,extracellular,bulk
PB1,290,2291,1,SRR10013210,human,in vivo,extracellular,bulk
PB1,328,1483,1,SRR10013210,human,in vivo,extracellular,bulk
PB1,352,1351,2,SRR10013210,human,in vivo,extracellular,bulk
PB1,35,1649,25,SRR10013210,human,in vivo,extracellular,bulk
PB1,35,1650,1,SRR10013210,human,in vivo,extracellular,bulk
PB1,363,1294,1,SRR10013210,human,in vivo,extracellular,bulk
PB1,36,1650,917,SRR10013210,human,in vivo,extracellular,bulk
PB1,37,1651,5,SRR10013210,human,in vivo,extracellular,bulk
PB1,390,682,1,SRR10013210,human,in vivo,extracellular,bulk
PB1,408,1418,1,SRR10013210,human,in vivo,extracellular,bulk
PB1,423,502,1,SRR10013210,human,in vivo,extracellular,bulk
PB1,450,2215,6,SRR10013210,human,in vivo,extracellular,bulk
PB1,455,2049,1,SRR10013210,human,in vivo,extracellular,bulk
PB1,488,1740,13,SRR10013210,human,in vivo,extracellular,bulk
PB1,488,1933,1,SRR10013210,human,in vivo,extracellular,bulk
PB1,491,1632,1,SRR10013210,human,in vivo,extracellular,bulk
PB1,495,1755,9,SRR10013210,human,in vivo,extracellular,bulk
PB1,496,522,3,SRR10013210,human,in vivo,extracellular,bulk
PB1,49,575,1,SRR10013210,human,in vivo,extracellular,bulk
PB1,506,2107,11,SRR10013210,human,in vivo,extracellular,bulk
PB1,509,1521,1,SRR10013210,human,in vivo,extracellular,bulk
PB1,509,1690,1,SRR10013210,human,in vivo,extracellular,bulk
PB1,528,1960,6,SRR10013210,human,in vivo,extracellular,bulk
PB1,535,1781,5,SRR10013210,human,in vivo,extracellular,bulk
PB1,535,1946,7,SRR10013210,human,in vivo,extracellular,bulk
PB1,593,1744,1,SRR10013210,human,in vivo,extracellular,bulk
PB1,626,2262,1,SRR10013210,human,in vivo,extracellular,bulk
PB1,634,1690,12,SRR10013210,human,in vivo,extracellular,bulk
PB1,63,302,17,SRR10013210,human,in vivo,extracellular,bulk
PB1,686,1605,14,SRR10013210,human,in vivo,extracellular,bulk
PB1,686,1674,37,SRR10013210,human,in vivo,extracellular,bulk
PB1,696,1659,10,SRR10013210,human,in vivo,extracellular,bulk
PB1,700,1654,1,SRR10013210,human,in vivo,extracellular,bulk
PB1,703,1680,6,SRR10013210,human,in vivo,extracellular,bulk
PB1,709,1967,10,SRR10013210,human,in vivo,extracellular,bulk
PB1,712,1688,2,SRR10013210,human,in vivo,extracellular,bulk
PB1,721,1557,13,SRR10013210,human,in vivo,extracellular,bulk
PB1,722,1710,2,SRR10013210,human,in vivo,extracellular,bulk
PB1,724,1393,1,SRR10013210,human,in vivo,extracellular,bulk
PB1,724,1795,1,SRR10013210,human,in vivo,extracellular,bulk
PB1,736,1705,3,SRR10013210,human,in vivo,extracellular,bulk
PB1,736,1736,2,SRR10013210,human,in vivo,extracellular,bulk
PB1,739,1375,1,SRR10013210,human,in vivo,extracellular,bulk
PB1,758,1485,2,SRR10013210,human,in vivo,extracellular,bulk
PB1,759,1606,12,SRR10013210,human,in vivo,extracellular,bulk
PB1,767,1630,3,SRR10013210,human,in vivo,extracellular,bulk
PB1,770,2059,1,SRR10013210,human,in vivo,extracellular,bulk
PB1,805,1529,14,SRR10013210,human,in vivo,extracellular,bulk
PB1,805,1675,11,SRR10013210,human,in vivo,extracellular,bulk
PB1,810,1512,1,SRR10013210,human,in vivo,extracellular,bulk
PB1,812,1511,3,SRR10013210,human,in vivo,extracellular,bulk
PB1,830,1724,1,SRR10013210,human,in vivo,extracellular,bulk
PB1,835,1536,4,SRR10013210,human,in vivo,extracellular,bulk
PB1,839,1539,5,SRR10013210,human,in vivo,extracellular,bulk
PB1,843,1574,1,SRR10013210,human,in vivo,extracellular,bulk
PB1,85,1266,14,SRR10013210,human,in vivo,extracellular,bulk
PB1,87,1268,39,SRR10013210,human,in vivo,extracellular,bulk
PB1,921,1504,1,SRR10013210,human,in vivo,extracellular,bulk
PB1,928,1530,14,SRR10013210,human,in vivo,extracellular,bulk
PB1,93,1437,12,SRR10013210,human,in vivo,extracellular,bulk
PB2,1017,1831,1,SRR10013210,human,in vivo,extracellular,bulk
PB2,1040,2198,1,SRR10013210,human,in vivo,extracellular,bulk
PB2,1051,1168,1,SRR10013210,human,in vivo,extracellular,bulk
PB2,1065,1153,2,SRR10013210,human,in vivo,extracellular,bulk
PB2,1070,1749,1,SRR10013210,human,in vivo,extracellular,bulk
PB2,1088,2023,1,SRR10013210,human,in vivo,extracellular,bulk
PB2,1110,1758,1,SRR10013210,human,in vivo,extracellular,bulk
PB2,1173,1992,2,SRR10013210,human,in vivo,extracellular,bulk
PB2,1173,2060,1,SRR10013210,human,in vivo,extracellular,bulk
PB2,1188,1582,1,SRR10013210,human,in vivo,extracellular,bulk
PB2,1248,2081,1,SRR10013210,human,in vivo,extracellular,bulk
PB2,1251,2236,1,SRR10013210,human,in vivo,extracellular,bulk
PB2,1335,1392,1,SRR10013210,human,in vivo,extracellular,bulk
PB2,1417,2284,1,SRR10013210,human,in vivo,extracellular,bulk
PB2,141,1630,1,SRR10013210,human,in vivo,extracellular,bulk
PB2,1458,2129,1,SRR10013210,human,in vivo,extracellular,bulk
PB2,150,612,1,SRR10013210,human,in vivo,extracellular,bulk
PB2,1525,2299,2,SRR10013210,human,in vivo,extracellular,bulk
PB2,1548,1984,1,SRR10013210,human,in vivo,extracellular,bulk
PB2,155,617,1,SRR10013210,human,in vivo,extracellular,bulk
PB2,1627,1871,1,SRR10013210,human,in vivo,extracellular,bulk
PB2,1644,2304,1,SRR10013210,human,in vivo,extracellular,bulk
PB2,1662,2056,1,SRR10013210,human,in vivo,extracellular,bulk
PB2,1675,2088,1,SRR10013210,human,in vivo,extracellular,bulk
PB2,1712,1943,1,SRR10013210,human,in vivo,extracellular,bulk
PB2,1738,1768,1,SRR10013210,human,in vivo,extracellular,bulk
PB2,1738,1801,1,SRR10013210,human,in vivo,extracellular,bulk
PB2,1739,1767,1,SRR10013210,human,in vivo,extracellular,bulk
PB2,1739,1768,1,SRR10013210,human,in vivo,extracellular,bulk
PB2,1740,1768,1,SRR10013210,human,in vivo,extracellular,bulk
PB2,1763,1828,1,SRR10013210,human,in vivo,extracellular,bulk
PB2,1770,1817,1,SRR10013210,human,in vivo,extracellular,bulk
PB2,177,1766,1,SRR10013210,human,in vivo,extracellular,bulk
PB2,1842,1868,1,SRR10013210,human,in vivo,extracellular,bulk
PB2,1844,1873,1,SRR10013210,human,in vivo,extracellular,bulk
PB2,1847,1875,1,SRR10013210,human,in vivo,extracellular,bulk
PB2,1872,2050,1,SRR10013210,human,in vivo,extracellular,bulk
PB2,1882,2268,1,SRR10013210,human,in vivo,extracellular,bulk
PB2,1889,2014,1,SRR10013210,human,in vivo,extracellular,bulk
PB2,1892,2011,1,SRR10013210,human,in vivo,extracellular,bulk
PB2,1895,2015,1,SRR10013210,human,in vivo,extracellular,bulk
PB2,1930,2275,1,SRR10013210,human,in vivo,extracellular,bulk
PB2,1934,2017,1,SRR10013210,human,in vivo,extracellular,bulk
PB2,1956,1991,1,SRR10013210,human,in vivo,extracellular,bulk
PB2,2038,2243,1,SRR10013210,human,in vivo,extracellular,bulk
PB2,2096,2322,2,SRR10013210,human,in vivo,extracellular,bulk
PB2,2149,2221,1,SRR10013210,human,in vivo,extracellular,bulk
PB2,2210,2245,1,SRR10013210,human,in vivo,extracellular,bulk
PB2,2227,2296,1,SRR10013210,human,in vivo,extracellular,bulk
PB2,244,2144,18,SRR10013210,human,in vivo,extracellular,bulk
PB2,244,2242,25,SRR10013210,human,in vivo,extracellular,bulk
PB2,245,2139,173,SRR10013210,human,in vivo,extracellular,bulk
PB2,249,2247,3,SRR10013210,human,in vivo,extracellular,bulk
PB2,250,2193,1,SRR10013210,human,in vivo,extracellular,bulk
PB2,264,2179,1,SRR10013210,human,in vivo,extracellular,bulk
PB2,274,2305,1,SRR10013210,human,in vivo,extracellular,bulk
PB2,279,2143,11,SRR10013210,human,in vivo,extracellular,bulk
PB2,286,1153,1,SRR10013210,human,in vivo,extracellular,bulk
PB2,299,1167,1,SRR10013210,human,in vivo,extracellular,bulk
PB2,356,1503,1,SRR10013210,human,in vivo,extracellular,bulk
PB2,389,1913,1,SRR10013210,human,in vivo,extracellular,bulk
PB2,391,613,1,SRR10013210,human,in vivo,extracellular,bulk
PB2,396,2082,1,SRR10013210,human,in vivo,extracellular,bulk
PB2,400,1940,23,SRR10013210,human,in vivo,extracellular,bulk
PB2,401,1170,1,SRR10013210,human,in vivo,extracellular,bulk
PB2,444,1970,11,SRR10013210,human,in vivo,extracellular,bulk
PB2,44,2070,3,SRR10013210,human,in vivo,extracellular,bulk
PB2,460,2087,1,SRR10013210,human,in vivo,extracellular,bulk
PB2,469,1949,5,SRR10013210,human,in vivo,extracellular,bulk
PB2,477,1767,2,SRR10013210,human,in vivo,extracellular,bulk
PB2,483,1981,6,SRR10013210,human,in vivo,extracellular,bulk
PB2,484,1630,5,SRR10013210,human,in vivo,extracellular,bulk
PB2,484,1800,3,SRR10013210,human,in vivo,extracellular,bulk
PB2,485,1801,13,SRR10013210,human,in vivo,extracellular,bulk
PB2,489,1986,1,SRR10013210,human,in vivo,extracellular,bulk
PB2,517,1941,13,SRR10013210,human,in vivo,extracellular,bulk
PB2,525,2250,1,SRR10013210,human,in vivo,extracellular,bulk
PB2,526,1987,6,SRR10013210,human,in vivo,extracellular,bulk
PB2,584,1954,21,SRR10013210,human,in vivo,extracellular,bulk
PB2,586,1954,8,SRR10013210,human,in vivo,extracellular,bulk
PB2,587,1702,24,SRR10013210,human,in vivo,extracellular,bulk
PB2,594,1731,1,SRR10013210,human,in vivo,extracellular,bulk
PB2,595,1858,2,SRR10013210,human,in vivo,extracellular,bulk
PB2,599,1862,13,SRR10013210,human,in vivo,extracellular,bulk
PB2,600,1160,4,SRR10013210,human,in vivo,extracellular,bulk
PB2,602,1053,1,SRR10013210,human,in vivo,extracellular,bulk
PB2,604,1967,1,SRR10013210,human,in vivo,extracellular,bulk
PB2,606,1166,1,SRR10013210,human,in vivo,extracellular,bulk
PB2,607,1857,13,SRR10013210,human,in vivo,extracellular,bulk
PB2,607,1979,10,SRR10013210,human,in vivo,extracellular,bulk
PB2,609,1939,25,SRR10013210,human,in vivo,extracellular,bulk
PB2,610,2070,3,SRR10013210,human,in vivo,extracellular,bulk
PB2,611,2179,1,SRR10013210,human,in vivo,extracellular,bulk
PB2,614,1107,1,SRR10013210,human,in vivo,extracellular,bulk
PB2,624,1916,1,SRR10013210,human,in vivo,extracellular,bulk
PB2,632,1580,72,SRR10013210,human,in vivo,extracellular,bulk
PB2,639,1749,1,SRR10013210,human,in vivo,extracellular,bulk
PB2,655,1953,1,SRR10013210,human,in vivo,extracellular,bulk
PB2,706,1820,1,SRR10013210,human,in vivo,extracellular,bulk
PB2,707,1907,1,SRR10013210,human,in vivo,extracellular,bulk
PB2,717,1688,3,SRR10013210,human,in vivo,extracellular,bulk
PB2,717,1919,19,SRR10013210,human,in vivo,extracellular,bulk
PB2,722,1836,1,SRR10013210,human,in vivo,extracellular,bulk
PB2,729,1449,2,SRR10013210,human,in vivo,extracellular,bulk
PB2,730,1707,1,SRR10013210,human,in vivo,extracellular,bulk
PB2,731,1851,9,SRR10013210,human,in vivo,extracellular,bulk
PB2,732,1713,4,SRR10013210,human,in vivo,extracellular,bulk
PB2,737,1393,1,SRR10013210,human,in vivo,extracellular,bulk
PB2,745,1545,4,SRR10013210,human,in vivo,extracellular,bulk
PB2,747,1701,19,SRR10013210,human,in vivo,extracellular,bulk
PB2,751,1710,1,SRR10013210,human,in vivo,extracellular,bulk
PB2,766,1952,1,SRR10013210,human,in vivo,extracellular,bulk
PB2,913,1304,1,SRR10013210,human,in vivo,extracellular,bulk
PB2,914,1511,7,SRR10013210,human,in vivo,extracellular,bulk
PB2,914,1512,1,SRR10013210,human,in vivo,extracellular,bulk
PB2,923,1992,1,SRR10013210,human,in vivo,extracellular,bulk
PB2,979,1706,1,SRR10013210,human,in vivo,extracellular,bulk
PB2,995,1159,2,SRR10013210,human,in vivo,extracellular,bulk
PB2,995,1528,1,SRR10013210,human,in vivo,extracellular,bulk
PA,1245,1930,1,SRR10013210,human,in vivo,extracellular,bulk
PA,132,1105,1,SRR10013210,human,in vivo,extracellular,bulk
PA,1362,1390,2,SRR10013210,human,in vivo,extracellular,bulk
PA,1440,2184,1,SRR10013210,human,in vivo,extracellular,bulk
PA,1772,2147,1,SRR10013210,human,in vivo,extracellular,bulk
PA,1837,2108,1,SRR10013210,human,in vivo,extracellular,bulk
PA,219,1329,1,SRR10013210,human,in vivo,extracellular,bulk
PA,232,1621,1,SRR10013210,human,in vivo,extracellular,bulk
PA,265,860,1,SRR10013210,human,in vivo,extracellular,bulk
PA,270,1792,1,SRR10013210,human,in vivo,extracellular,bulk
PA,273,1556,1,SRR10013210,human,in vivo,extracellular,bulk
PA,273,1747,1,SRR10013210,human,in vivo,extracellular,bulk
PA,274,1557,6,SRR10013210,human,in vivo,extracellular,bulk
PA,285,1197,3,SRR10013210,human,in vivo,extracellular,bulk
PA,362,1841,10,SRR10013210,human,in vivo,extracellular,bulk
PA,362,2130,3,SRR10013210,human,in vivo,extracellular,bulk
PA,390,1754,1,SRR10013210,human,in vivo,extracellular,bulk
PA,423,1388,1,SRR10013210,human,in vivo,extracellular,bulk
PA,440,1164,1,SRR10013210,human,in vivo,extracellular,bulk
PA,511,2013,1,SRR10013210,human,in vivo,extracellular,bulk
PA,555,590,1,SRR10013210,human,in vivo,extracellular,bulk
PA,563,1638,6,SRR10013210,human,in vivo,extracellular,bulk
PA,601,1555,2,SRR10013210,human,in vivo,extracellular,bulk
PA,622,1634,6,SRR10013210,human,in vivo,extracellular,bulk
PA,676,1629,3,SRR10013210,human,in vivo,extracellular,bulk
PA,70,1157,1,SRR10013210,human,in vivo,extracellular,bulk
PA,727,1021,2,SRR10013210,human,in vivo,extracellular,bulk
PA,761,848,1,SRR10013210,human,in vivo,extracellular,bulk
PA,763,1647,6,SRR10013210,human,in vivo,extracellular,bulk
PA,770,888,4,SRR10013210,human,in vivo,extracellular,bulk
PA,77,924,1,SRR10013210,human,in vivo,extracellular,bulk
PA,865,1534,2,SRR10013210,human,in vivo,extracellular,bulk
PA,872,1116,1,SRR10013210,human,in vivo,extracellular,bulk
PA,889,1332,5,SRR10013210,human,in vivo,extracellular,bulk
PA,923,1343,1,SRR10013210,human,in vivo,extracellular,bulk
PA,930,1635,1,SRR10013210,human,in vivo,extracellular,bulk
PA,994,1168,1,SRR10013210,human,in vivo,extracellular,bulk
HA,1031,1251,1,SRR10013210,human,in vivo,extracellular,bulk
HA,1032,1519,2,SRR10013210,human,in vivo,extracellular,bulk
HA,1049,1330,1,SRR10013210,human,in vivo,extracellular,bulk
HA,1063,1640,1,SRR10013210,human,in vivo,extracellular,bulk
HA,1113,1465,1,SRR10013210,human,in vivo,extracellular,bulk
HA,1211,1425,1,SRR10013210,human,in vivo,extracellular,bulk
HA,1288,1316,1,SRR10013210,human,in vivo,extracellular,bulk
HA,1289,1356,2,SRR10013210,human,in vivo,extracellular,bulk
HA,133,217,1,SRR10013210,human,in vivo,extracellular,bulk
HA,143,203,1,SRR10013210,human,in vivo,extracellular,bulk
HA,1501,1648,1,SRR10013210,human,in vivo,extracellular,bulk
HA,1682,1732,1,SRR10013210,human,in vivo,extracellular,bulk
HA,191,1691,1,SRR10013210,human,in vivo,extracellular,bulk
HA,214,1483,1,SRR10013210,human,in vivo,extracellular,bulk
HA,227,1688,1,SRR10013210,human,in vivo,extracellular,bulk
HA,236,1711,12,SRR10013210,human,in vivo,extracellular,bulk
HA,237,1480,1,SRR10013210,human,in vivo,extracellular,bulk
HA,252,1500,2,SRR10013210,human,in vivo,extracellular,bulk
HA,257,1505,26,SRR10013210,human,in vivo,extracellular,bulk
HA,349,476,1,SRR10013210,human,in vivo,extracellular,bulk
HA,392,1544,1,SRR10013210,human,in vivo,extracellular,bulk
HA,495,1078,1,SRR10013210,human,in vivo,extracellular,bulk
HA,714,1409,2,SRR10013210,human,in vivo,extracellular,bulk
HA,714,772,2,SRR10013210,human,in vivo,extracellular,bulk
HA,71,105,2,SRR10013210,human,in vivo,extracellular,bulk
HA,729,1075,1,SRR10013210,human,in vivo,extracellular,bulk
HA,802,1837,1,SRR10013210,human,in vivo,extracellular,bulk
HA,899,933,1,SRR10013210,human,in vivo,extracellular,bulk
HA,953,976,1,SRR10013210,human,in vivo,extracellular,bulk
HA,957,1170,2,SRR10013210,human,in vivo,extracellular,bulk
HA,957,1638,1,SRR10013210,human,in vivo,extracellular,bulk
NP,1014,1229,5,SRR10013210,human,in vivo,extracellular,bulk
NP,110,1653,1,SRR10013210,human,in vivo,extracellular,bulk
NP,122,1668,1,SRR10013210,human,in vivo,extracellular,bulk
NP,1336,1414,2,SRR10013210,human,in vivo,extracellular,bulk
NP,1417,1715,2,SRR10013210,human,in vivo,extracellular,bulk
NP,143,827,1,SRR10013210,human,in vivo,extracellular,bulk
NP,193,269,1,SRR10013210,human,in vivo,extracellular,bulk
NP,199,641,1,SRR10013210,human,in vivo,extracellular,bulk
NP,233,1358,1,SRR10013210,human,in vivo,extracellular,bulk
NP,254,820,1,SRR10013210,human,in vivo,extracellular,bulk
NP,291,482,1,SRR10013210,human,in vivo,extracellular,bulk
NP,408,1477,1,SRR10013210,human,in vivo,extracellular,bulk
NP,543,1192,1,SRR10013210,human,in vivo,extracellular,bulk
NP,603,1206,1,SRR10013210,human,in vivo,extracellular,bulk
NP,613,1655,1,SRR10013210,human,in vivo,extracellular,bulk
NP,713,1401,1,SRR10013210,human,in vivo,extracellular,bulk
NP,754,971,1,SRR10013210,human,in vivo,extracellular,bulk
NP,820,1405,1,SRR10013210,human,in vivo,extracellular,bulk
NP,837,988,2,SRR10013210,human,in vivo,extracellular,bulk
NP,864,1484,18,SRR10013210,human,in vivo,extracellular,bulk
NA,1011,1435,1,SRR10013210,human,in vivo,extracellular,bulk
NA,104,450,1,SRR10013210,human,in vivo,extracellular,bulk
NA,175,341,1,SRR10013210,human,in vivo,extracellular,bulk
NA,175,546,1,SRR10013210,human,in vivo,extracellular,bulk
NA,294,1092,1,SRR10013210,human,in vivo,extracellular,bulk
NA,294,561,1,SRR10013210,human,in vivo,extracellular,bulk
NA,331,544,1,SRR10013210,human,in vivo,extracellular,bulk
NA,405,1406,1,SRR10013210,human,in vivo,extracellular,bulk
NA,452,504,1,SRR10013210,human,in vivo,extracellular,bulk
NA,489,1481,1,SRR10013210,human,in vivo,extracellular,bulk
NA,495,1470,1,SRR10013210,human,in vivo,extracellular,bulk
NA,519,1098,2,SRR10013210,human,in vivo,extracellular,bulk
NA,533,1120,1,SRR10013210,human,in vivo,extracellular,bulk
NA,535,968,1,SRR10013210,human,in vivo,extracellular,bulk
NA,539,1404,2,SRR10013210,human,in vivo,extracellular,bulk
NA,578,1482,1,SRR10013210,human,in vivo,extracellular,bulk
NA,628,752,4,SRR10013210,human,in vivo,extracellular,bulk
NA,640,1322,2,SRR10013210,human,in vivo,extracellular,bulk
NA,675,1249,1,SRR10013210,human,in vivo,extracellular,bulk
NA,707,1472,1,SRR10013210,human,in vivo,extracellular,bulk
NA,735,1090,1,SRR10013210,human,in vivo,extracellular,bulk
NA,749,1098,1,SRR10013210,human,in vivo,extracellular,bulk
NA,756,1105,1,SRR10013210,human,in vivo,extracellular,bulk
NA,781,1076,14,SRR10013210,human,in vivo,extracellular,bulk
NA,782,1095,2,SRR10013210,human,in vivo,extracellular,bulk
NA,793,1058,1,SRR10013210,human,in vivo,extracellular,bulk
NA,894,949,1,SRR10013210,human,in vivo,extracellular,bulk
NA,904,1381,1,SRR10013210,human,in vivo,extracellular,bulk
NA,961,1490,1,SRR10013210,human,in vivo,extracellular,bulk
NA,977,1093,2,SRR10013210,human,in vivo,extracellular,bulk
M,106,128,1,SRR10013210,human,in vivo,extracellular,bulk
M,159,854,1,SRR10013210,human,in vivo,extracellular,bulk
M,204,507,1,SRR10013210,human,in vivo,extracellular,bulk
M,231,428,1,SRR10013210,human,in vivo,extracellular,bulk
M,297,413,1,SRR10013210,human,in vivo,extracellular,bulk
M,297,650,1,SRR10013210,human,in vivo,extracellular,bulk
M,322,1008,1,SRR10013210,human,in vivo,extracellular,bulk
M,339,615,1,SRR10013210,human,in vivo,extracellular,bulk
M,503,581,1,SRR10013210,human,in vivo,extracellular,bulk
M,506,556,2,SRR10013210,human,in vivo,extracellular,bulk
M,521,1050,1,SRR10013210,human,in vivo,extracellular,bulk
M,531,554,1,SRR10013210,human,in vivo,extracellular,bulk
M,581,679,1,SRR10013210,human,in vivo,extracellular,bulk
M,599,699,1,SRR10013210,human,in vivo,extracellular,bulk
M,634,988,1,SRR10013210,human,in vivo,extracellular,bulk
M,662,1016,1,SRR10013210,human,in vivo,extracellular,bulk
M,710,977,1,SRR10013210,human,in vivo,extracellular,bulk
M,737,766,1,SRR10013210,human,in vivo,extracellular,bulk
M,764,1056,1,SRR10013210,human,in vivo,extracellular,bulk
M,83,696,1,SRR10013210,human,in vivo,extracellular,bulk
M,875,987,1,SRR10013210,human,in vivo,extracellular,bulk
M,92,466,1,SRR10013210,human,in vivo,extracellular,bulk
M,96,861,1,SRR10013210,human,in vivo,extracellular,bulk
NS,869,919,1,SRR10013210,human,in vivo,extracellular,bulk
PB1,1270,2038,1,SRR10013070,human,in vivo,extracellular,bulk
PB1,130,2034,1,SRR10013070,human,in vivo,extracellular,bulk
PB1,1487,2120,1,SRR10013070,human,in vivo,extracellular,bulk
PB1,167,2057,43,SRR10013070,human,in vivo,extracellular,bulk
PB1,177,261,10,SRR10013070,human,in vivo,extracellular,bulk
PB1,1863,2109,1,SRR10013070,human,in vivo,extracellular,bulk
PB1,237,432,1,SRR10013070,human,in vivo,extracellular,bulk
PB1,240,2171,1,SRR10013070,human,in vivo,extracellular,bulk
PB1,242,2163,3,SRR10013070,human,in vivo,extracellular,bulk
PB1,255,2167,1,SRR10013070,human,in vivo,extracellular,bulk
PB1,257,2170,1,SRR10013070,human,in vivo,extracellular,bulk
PB1,278,347,1,SRR10013070,human,in vivo,extracellular,bulk
PB1,281,1156,2,SRR10013070,human,in vivo,extracellular,bulk
PB1,281,2065,1,SRR10013070,human,in vivo,extracellular,bulk
PB1,288,2094,2,SRR10013070,human,in vivo,extracellular,bulk
PB1,290,2193,11,SRR10013070,human,in vivo,extracellular,bulk
PB1,296,2062,7,SRR10013070,human,in vivo,extracellular,bulk
PB1,302,1753,41,SRR10013070,human,in vivo,extracellular,bulk
PB1,306,328,1,SRR10013070,human,in vivo,extracellular,bulk
PB1,308,1869,1,SRR10013070,human,in vivo,extracellular,bulk
PB1,310,2195,1,SRR10013070,human,in vivo,extracellular,bulk
PB1,311,1823,1,SRR10013070,human,in vivo,extracellular,bulk
PB1,311,2066,11,SRR10013070,human,in vivo,extracellular,bulk
PB1,326,2119,1,SRR10013070,human,in vivo,extracellular,bulk
PB1,327,2003,23,SRR10013070,human,in vivo,extracellular,bulk
PB1,330,2055,8,SRR10013070,human,in vivo,extracellular,bulk
PB1,333,1654,1,SRR10013070,human,in vivo,extracellular,bulk
PB1,353,2062,9,SRR10013070,human,in vivo,extracellular,bulk
PB1,354,2004,13,SRR10013070,human,in vivo,extracellular,bulk
PB1,361,1652,1,SRR10013070,human,in vivo,extracellular,bulk
PB1,361,2198,1,SRR10013070,human,in vivo,extracellular,bulk
PB1,364,452,1,SRR10013070,human,in vivo,extracellular,bulk
PB1,367,1868,2,SRR10013070,human,in vivo,extracellular,bulk
PB1,367,1991,7,SRR10013070,human,in vivo,extracellular,bulk
PB1,375,1943,8,SRR10013070,human,in vivo,extracellular,bulk
PB1,376,1934,1,SRR10013070,human,in vivo,extracellular,bulk
PB1,377,1935,33,SRR10013070,human,in vivo,extracellular,bulk
PB1,379,1934,1,SRR10013070,human,in vivo,extracellular,bulk
PB1,381,1934,16,SRR10013070,human,in vivo,extracellular,bulk
PB1,387,1915,6,SRR10013070,human,in vivo,extracellular,bulk
PB1,398,1568,1,SRR10013070,human,in vivo,extracellular,bulk
PB1,411,1746,1,SRR10013070,human,in vivo,extracellular,bulk
PB1,420,1815,4,SRR10013070,human,in vivo,extracellular,bulk
PB1,421,1814,2,SRR10013070,human,in vivo,extracellular,bulk
PB1,422,1758,1,SRR10013070,human,in vivo,extracellular,bulk
PB1,425,1997,1,SRR10013070,human,in vivo,extracellular,bulk
PB1,426,1797,1,SRR10013070,human,in vivo,extracellular,bulk
PB1,428,1763,2,SRR10013070,human,in vivo,extracellular,bulk
PB1,429,1765,4,SRR10013070,human,in vivo,extracellular,bulk
PB1,429,1816,10,SRR10013070,human,in vivo,extracellular,bulk
PB1,442,1594,22,SRR10013070,human,in vivo,extracellular,bulk
PB1,443,1647,1,SRR10013070,human,in vivo,extracellular,bulk
PB1,445,1781,6,SRR10013070,human,in vivo,extracellular,bulk
PB1,445,2050,89,SRR10013070,human,in vivo,extracellular,bulk
PB1,448,1652,1,SRR10013070,human,in vivo,extracellular,bulk
PB1,449,2093,19,SRR10013070,human,in vivo,extracellular,bulk
PB1,450,1945,1,SRR10013070,human,in vivo,extracellular,bulk
PB1,452,1771,3,SRR10013070,human,in vivo,extracellular,bulk
PB1,455,1767,1,SRR10013070,human,in vivo,extracellular,bulk
PB1,458,1861,2,SRR10013070,human,in vivo,extracellular,bulk
PB1,458,515,1,SRR10013070,human,in vivo,extracellular,bulk
PB1,459,1766,2,SRR10013070,human,in vivo,extracellular,bulk
PB1,461,1780,4,SRR10013070,human,in vivo,extracellular,bulk
PB1,463,1770,8,SRR10013070,human,in vivo,extracellular,bulk
PB1,470,1550,1,SRR10013070,human,in vivo,extracellular,bulk
PB1,499,1815,6,SRR10013070,human,in vivo,extracellular,bulk
PB1,501,1732,8,SRR10013070,human,in vivo,extracellular,bulk
PB1,504,1814,11,SRR10013070,human,in vivo,extracellular,bulk
PB1,506,1803,2,SRR10013070,human,in vivo,extracellular,bulk
PB1,507,1551,1,SRR10013070,human,in vivo,extracellular,bulk
PB1,507,1729,16,SRR10013070,human,in vivo,extracellular,bulk
PB1,507,1739,2,SRR10013070,human,in vivo,extracellular,bulk
PB1,509,1744,12,SRR10013070,human,in vivo,extracellular,bulk
PB1,509,1890,17,SRR10013070,human,in vivo,extracellular,bulk
PB1,517,1900,1,SRR10013070,human,in vivo,extracellular,bulk
PB1,520,1728,2,SRR10013070,human,in vivo,extracellular,bulk
PB1,529,1789,1,SRR10013070,human,in vivo,extracellular,bulk
PB1,534,1769,16,SRR10013070,human,in vivo,extracellular,bulk
PB1,535,1781,10,SRR10013070,human,in vivo,extracellular,bulk
PB1,536,1777,45,SRR10013070,human,in vivo,extracellular,bulk
PB1,540,1864,5,SRR10013070,human,in vivo,extracellular,bulk
PB1,542,1808,5,SRR10013070,human,in vivo,extracellular,bulk
PB1,542,1845,8,SRR10013070,human,in vivo,extracellular,bulk
PB1,579,1737,2,SRR10013070,human,in vivo,extracellular,bulk
PB1,582,1815,15,SRR10013070,human,in vivo,extracellular,bulk
PB1,587,1736,1,SRR10013070,human,in vivo,extracellular,bulk
PB1,593,1794,4,SRR10013070,human,in vivo,extracellular,bulk
PB1,597,1788,11,SRR10013070,human,in vivo,extracellular,bulk
PB1,598,1799,3,SRR10013070,human,in vivo,extracellular,bulk
PB1,608,1789,2,SRR10013070,human,in vivo,extracellular,bulk
PB1,609,2035,1,SRR10013070,human,in vivo,extracellular,bulk
PB1,610,1780,2,SRR10013070,human,in vivo,extracellular,bulk
PB1,619,1717,1,SRR10013070,human,in vivo,extracellular,bulk
PB1,621,1780,5,SRR10013070,human,in vivo,extracellular,bulk
PB1,624,2012,1,SRR10013070,human,in vivo,extracellular,bulk
PB1,625,1818,20,SRR10013070,human,in vivo,extracellular,bulk
PB1,626,2046,12,SRR10013070,human,in vivo,extracellular,bulk
PB1,632,1722,2,SRR10013070,human,in vivo,extracellular,bulk
PB1,632,1757,1,SRR10013070,human,in vivo,extracellular,bulk
PB1,633,1745,3,SRR10013070,human,in vivo,extracellular,bulk
PB1,633,1752,3,SRR10013070,human,in vivo,extracellular,bulk
PB1,638,1724,8,SRR10013070,human,in vivo,extracellular,bulk
PB1,638,1744,11,SRR10013070,human,in vivo,extracellular,bulk
PB1,638,1748,1,SRR10013070,human,in vivo,extracellular,bulk
PB1,638,1768,2,SRR10013070,human,in vivo,extracellular,bulk
PB1,639,1753,3,SRR10013070,human,in vivo,extracellular,bulk
PB1,640,1745,6,SRR10013070,human,in vivo,extracellular,bulk
PB1,644,1727,11,SRR10013070,human,in vivo,extracellular,bulk
PB1,649,1727,2,SRR10013070,human,in vivo,extracellular,bulk
PB1,650,1732,2,SRR10013070,human,in vivo,extracellular,bulk
PB1,650,1735,1,SRR10013070,human,in vivo,extracellular,bulk
PB1,687,1778,6,SRR10013070,human,in vivo,extracellular,bulk
PB1,689,1934,3,SRR10013070,human,in vivo,extracellular,bulk
PB1,699,1693,1,SRR10013070,human,in vivo,extracellular,bulk
PB1,711,1585,1,SRR10013070,human,in vivo,extracellular,bulk
PB1,714,1593,8,SRR10013070,human,in vivo,extracellular,bulk
PB1,715,1565,1,SRR10013070,human,in vivo,extracellular,bulk
PB1,716,1680,1,SRR10013070,human,in vivo,extracellular,bulk
PB1,718,1571,1,SRR10013070,human,in vivo,extracellular,bulk
PB1,719,1570,4,SRR10013070,human,in vivo,extracellular,bulk
PB1,720,1574,1,SRR10013070,human,in vivo,extracellular,bulk
PB1,725,1646,2,SRR10013070,human,in vivo,extracellular,bulk
PB1,726,1544,3,SRR10013070,human,in vivo,extracellular,bulk
PB1,728,1555,7,SRR10013070,human,in vivo,extracellular,bulk
PB1,728,1556,3,SRR10013070,human,in vivo,extracellular,bulk
PB1,732,1742,21,SRR10013070,human,in vivo,extracellular,bulk
PB1,735,1353,13,SRR10013070,human,in vivo,extracellular,bulk
PB1,736,1461,1,SRR10013070,human,in vivo,extracellular,bulk
PB1,736,1593,2,SRR10013070,human,in vivo,extracellular,bulk
PB1,740,1796,4,SRR10013070,human,in vivo,extracellular,bulk
PB1,741,1534,13,SRR10013070,human,in vivo,extracellular,bulk
PB1,756,1567,1,SRR10013070,human,in vivo,extracellular,bulk
PB1,767,1516,6,SRR10013070,human,in vivo,extracellular,bulk
PB1,769,1512,6,SRR10013070,human,in vivo,extracellular,bulk
PB1,771,1535,4,SRR10013070,human,in vivo,extracellular,bulk
PB1,776,1500,6,SRR10013070,human,in vivo,extracellular,bulk
PB1,776,1503,2,SRR10013070,human,in vivo,extracellular,bulk
PB1,777,1525,1,SRR10013070,human,in vivo,extracellular,bulk
PB1,786,1608,5,SRR10013070,human,in vivo,extracellular,bulk
PB1,788,1601,18,SRR10013070,human,in vivo,extracellular,bulk
PB1,791,1609,4,SRR10013070,human,in vivo,extracellular,bulk
PB1,794,1510,5,SRR10013070,human,in vivo,extracellular,bulk
PB1,794,1533,2,SRR10013070,human,in vivo,extracellular,bulk
PB1,794,1605,6,SRR10013070,human,in vivo,extracellular,bulk
PB1,796,1518,4,SRR10013070,human,in vivo,extracellular,bulk
PB1,797,1590,22,SRR10013070,human,in vivo,extracellular,bulk
PB1,798,1517,1,SRR10013070,human,in vivo,extracellular,bulk
PB1,798,1539,9,SRR10013070,human,in vivo,extracellular,bulk
PB1,798,1630,6,SRR10013070,human,in vivo,extracellular,bulk
PB1,799,1519,5,SRR10013070,human,in vivo,extracellular,bulk
PB1,801,1587,5,SRR10013070,human,in vivo,extracellular,bulk
PB1,803,1625,2,SRR10013070,human,in vivo,extracellular,bulk
PB1,815,1463,1,SRR10013070,human,in vivo,extracellular,bulk
PB1,818,1489,3,SRR10013070,human,in vivo,extracellular,bulk
PB1,818,1573,13,SRR10013070,human,in vivo,extracellular,bulk
PB1,818,2209,1,SRR10013070,human,in vivo,extracellular,bulk
PB1,819,1576,2,SRR10013070,human,in vivo,extracellular,bulk
PB1,819,1597,1,SRR10013070,human,in vivo,extracellular,bulk
PB1,819,1606,3,SRR10013070,human,in vivo,extracellular,bulk
PB1,826,1459,2,SRR10013070,human,in vivo,extracellular,bulk
PB1,826,1498,7,SRR10013070,human,in vivo,extracellular,bulk
PB1,828,1459,2,SRR10013070,human,in vivo,extracellular,bulk
PB1,828,1475,5,SRR10013070,human,in vivo,extracellular,bulk
PB1,829,1541,1,SRR10013070,human,in vivo,extracellular,bulk
PB1,829,2195,3,SRR10013070,human,in vivo,extracellular,bulk
PB1,833,1557,9,SRR10013070,human,in vivo,extracellular,bulk
PB1,839,1561,7,SRR10013070,human,in vivo,extracellular,bulk
PB1,839,1630,1,SRR10013070,human,in vivo,extracellular,bulk
PB1,840,1448,3,SRR10013070,human,in vivo,extracellular,bulk
PB1,848,1568,4,SRR10013070,human,in vivo,extracellular,bulk
PB1,873,1596,2,SRR10013070,human,in vivo,extracellular,bulk
PB1,879,1535,8,SRR10013070,human,in vivo,extracellular,bulk
PB1,893,1574,4,SRR10013070,human,in vivo,extracellular,bulk
PB1,895,1509,6,SRR10013070,human,in vivo,extracellular,bulk
PB1,946,1585,1,SRR10013070,human,in vivo,extracellular,bulk
PB1,960,1446,5,SRR10013070,human,in vivo,extracellular,bulk
PB1,978,2108,1,SRR10013070,human,in vivo,extracellular,bulk
PB1,97,149,1,SRR10013070,human,in vivo,extracellular,bulk
PB1,988,1485,1,SRR10013070,human,in vivo,extracellular,bulk
PB2,100,831,1,SRR10013070,human,in vivo,extracellular,bulk
PB2,1016,1985,3,SRR10013070,human,in vivo,extracellular,bulk
PB2,1072,2084,1,SRR10013070,human,in vivo,extracellular,bulk
PB2,1165,2066,1,SRR10013070,human,in vivo,extracellular,bulk
PB2,203,2208,3,SRR10013070,human,in vivo,extracellular,bulk
PB2,205,2143,5,SRR10013070,human,in vivo,extracellular,bulk
PB2,2173,2303,1,SRR10013070,human,in vivo,extracellular,bulk
PB2,238,2143,9,SRR10013070,human,in vivo,extracellular,bulk
PB2,244,2233,6,SRR10013070,human,in vivo,extracellular,bulk
PB2,259,1607,1,SRR10013070,human,in vivo,extracellular,bulk
PB2,264,1155,1,SRR10013070,human,in vivo,extracellular,bulk
PB2,26,2049,1,SRR10013070,human,in vivo,extracellular,bulk
PB2,276,1953,1,SRR10013070,human,in vivo,extracellular,bulk
PB2,279,2248,15,SRR10013070,human,in vivo,extracellular,bulk
PB2,281,2006,27,SRR10013070,human,in vivo,extracellular,bulk
PB2,309,1932,3,SRR10013070,human,in vivo,extracellular,bulk
PB2,358,2192,3,SRR10013070,human,in vivo,extracellular,bulk
PB2,390,1870,1,SRR10013070,human,in vivo,extracellular,bulk
PB2,391,1931,4,SRR10013070,human,in vivo,extracellular,bulk
PB2,395,2081,1,SRR10013070,human,in vivo,extracellular,bulk
PB2,399,2088,2,SRR10013070,human,in vivo,extracellular,bulk
PB2,400,2024,10,SRR10013070,human,in vivo,extracellular,bulk
PB2,405,1889,7,SRR10013070,human,in vivo,extracellular,bulk
PB2,413,2035,2,SRR10013070,human,in vivo,extracellular,bulk
PB2,429,1909,1,SRR10013070,human,in vivo,extracellular,bulk
PB2,452,2255,1,SRR10013070,human,in vivo,extracellular,bulk
PB2,462,2061,1,SRR10013070,human,in vivo,extracellular,bulk
PB2,476,2033,13,SRR10013070,human,in vivo,extracellular,bulk
PB2,519,2017,7,SRR10013070,human,in vivo,extracellular,bulk
PB2,568,1689,7,SRR10013070,human,in vivo,extracellular,bulk
PB2,581,1730,1,SRR10013070,human,in vivo,extracellular,bulk
PB2,586,1635,1,SRR10013070,human,in vivo,extracellular,bulk
PB2,600,1772,3,SRR10013070,human,in vivo,extracellular,bulk
PB2,604,1967,1,SRR10013070,human,in vivo,extracellular,bulk
PB2,610,1761,4,SRR10013070,human,in vivo,extracellular,bulk
PB2,610,2070,1,SRR10013070,human,in vivo,extracellular,bulk
PB2,707,1613,3,SRR10013070,human,in vivo,extracellular,bulk
PB2,746,1530,1,SRR10013070,human,in vivo,extracellular,bulk
PB2,853,1631,1,SRR10013070,human,in vivo,extracellular,bulk
PB2,966,1493,3,SRR10013070,human,in vivo,extracellular,bulk
PA,145,1687,1,SRR10013070,human,in vivo,extracellular,bulk
PA,145,516,1,SRR10013070,human,in vivo,extracellular,bulk
PA,185,1708,32,SRR10013070,human,in vivo,extracellular,bulk
PA,221,2034,1,SRR10013070,human,in vivo,extracellular,bulk
PA,229,2041,1,SRR10013070,human,in vivo,extracellular,bulk
PA,314,1945,13,SRR10013070,human,in vivo,extracellular,bulk
PA,314,2034,4,SRR10013070,human,in vivo,extracellular,bulk
PA,326,1827,13,SRR10013070,human,in vivo,extracellular,bulk
PA,370,1826,1,SRR10013070,human,in vivo,extracellular,bulk
PA,412,2129,1,SRR10013070,human,in vivo,extracellular,bulk
PA,441,2175,1,SRR10013070,human,in vivo,extracellular,bulk
PA,443,2176,1,SRR10013070,human,in vivo,extracellular,bulk
PA,457,1616,13,SRR10013070,human,in vivo,extracellular,bulk
PA,459,1826,5,SRR10013070,human,in vivo,extracellular,bulk
PA,480,1854,5,SRR10013070,human,in vivo,extracellular,bulk
PA,490,1691,1,SRR10013070,human,in vivo,extracellular,bulk
PA,490,1823,3,SRR10013070,human,in vivo,extracellular,bulk
PA,515,1761,1,SRR10013070,human,in vivo,extracellular,bulk
PA,516,1655,1,SRR10013070,human,in vivo,extracellular,bulk
PA,517,1616,1,SRR10013070,human,in vivo,extracellular,bulk
PA,533,1706,3,SRR10013070,human,in vivo,extracellular,bulk
PA,541,1781,6,SRR10013070,human,in vivo,extracellular,bulk
PA,546,1788,1,SRR10013070,human,in vivo,extracellular,bulk
PA,548,1784,5,SRR10013070,human,in vivo,extracellular,bulk
PA,556,2023,3,SRR10013070,human,in vivo,extracellular,bulk
PA,583,1720,5,SRR10013070,human,in vivo,extracellular,bulk
PA,602,1720,5,SRR10013070,human,in vivo,extracellular,bulk
PA,616,1758,1,SRR10013070,human,in vivo,extracellular,bulk
PA,621,1772,6,SRR10013070,human,in vivo,extracellular,bulk
PA,652,1665,2,SRR10013070,human,in vivo,extracellular,bulk
PA,656,1730,3,SRR10013070,human,in vivo,extracellular,bulk
PA,661,1677,2,SRR10013070,human,in vivo,extracellular,bulk
PA,669,1620,2,SRR10013070,human,in vivo,extracellular,bulk
PA,682,1630,1,SRR10013070,human,in vivo,extracellular,bulk
PA,692,773,1,SRR10013070,human,in vivo,extracellular,bulk
PA,699,1677,1,SRR10013070,human,in vivo,extracellular,bulk
PA,718,1514,1,SRR10013070,human,in vivo,extracellular,bulk
PA,727,1521,10,SRR10013070,human,in vivo,extracellular,bulk
PA,776,1488,3,SRR10013070,human,in vivo,extracellular,bulk
PA,800,1689,4,SRR10013070,human,in vivo,extracellular,bulk
PA,801,1637,7,SRR10013070,human,in vivo,extracellular,bulk
PA,839,1498,3,SRR10013070,human,in vivo,extracellular,bulk
PA,945,1337,1,SRR10013070,human,in vivo,extracellular,bulk
PA,946,1338,1,SRR10013070,human,in vivo,extracellular,bulk
HA,1179,1466,1,SRR10013070,human,in vivo,extracellular,bulk
HA,1492,1631,1,SRR10013070,human,in vivo,extracellular,bulk
HA,279,1802,4,SRR10013070,human,in vivo,extracellular,bulk
HA,280,729,1,SRR10013070,human,in vivo,extracellular,bulk
HA,510,1154,1,SRR10013070,human,in vivo,extracellular,bulk
HA,899,1205,1,SRR10013070,human,in vivo,extracellular,bulk
NP,123,1568,1,SRR10013070,human,in vivo,extracellular,bulk
NP,123,161,2,SRR10013070,human,in vivo,extracellular,bulk
NP,299,1481,3,SRR10013070,human,in vivo,extracellular,bulk
NP,432,1398,6,SRR10013070,human,in vivo,extracellular,bulk
NA,1064,1469,1,SRR10013070,human,in vivo,extracellular,bulk
NA,257,306,1,SRR10013070,human,in vivo,extracellular,bulk
NA,352,1030,4,SRR10013070,human,in vivo,extracellular,bulk
NA,366,1088,6,SRR10013070,human,in vivo,extracellular,bulk
NA,366,515,1,SRR10013070,human,in vivo,extracellular,bulk
NA,367,1211,2,SRR10013070,human,in vivo,extracellular,bulk
NA,422,1197,6,SRR10013070,human,in vivo,extracellular,bulk
NA,487,1126,2,SRR10013070,human,in vivo,extracellular,bulk
NA,491,567,1,SRR10013070,human,in vivo,extracellular,bulk
NA,56,1274,1,SRR10013070,human,in vivo,extracellular,bulk
NA,586,1249,2,SRR10013070,human,in vivo,extracellular,bulk
M,252,1009,1,SRR10013070,human,in vivo,extracellular,bulk
M,268,733,1,SRR10013070,human,in vivo,extracellular,bulk
M,454,1008,1,SRR10013070,human,in vivo,extracellular,bulk
M,50,702,1,SRR10013070,human,in vivo,extracellular,bulk
M,662,1016,3,SRR10013070,human,in vivo,extracellular,bulk
M,772,1134,1,SRR10013070,human,in vivo,extracellular,bulk
M,78,108,1,SRR10013070,human,in vivo,extracellular,bulk
M,82,614,1,SRR10013070,human,in vivo,extracellular,bulk
M,839,900,1,SRR10013070,human,in vivo,extracellular,bulk
M,840,1031,1,SRR10013070,human,in vivo,extracellular,bulk
PB1,120,2166,5,SRR10013203,human,in vivo,extracellular,bulk
PB1,1257,1600,1,SRR10013203,human,in vivo,extracellular,bulk
PB1,130,2034,1,SRR10013203,human,in vivo,extracellular,bulk
PB1,156,2057,5,SRR10013203,human,in vivo,extracellular,bulk
PB1,1579,2216,4,SRR10013203,human,in vivo,extracellular,bulk
PB1,1586,1953,1,SRR10013203,human,in vivo,extracellular,bulk
PB1,1591,2228,1,SRR10013203,human,in vivo,extracellular,bulk
PB1,1596,2232,2,SRR10013203,human,in vivo,extracellular,bulk
PB1,1611,1750,1,SRR10013203,human,in vivo,extracellular,bulk
PB1,1622,2341,1,SRR10013203,human,in vivo,extracellular,bulk
PB1,1636,1782,1,SRR10013203,human,in vivo,extracellular,bulk
PB1,164,2066,1,SRR10013203,human,in vivo,extracellular,bulk
PB1,167,2057,51,SRR10013203,human,in vivo,extracellular,bulk
PB1,1706,2056,1,SRR10013203,human,in vivo,extracellular,bulk
PB1,1751,1774,1,SRR10013203,human,in vivo,extracellular,bulk
PB1,1779,2036,1,SRR10013203,human,in vivo,extracellular,bulk
PB1,2054,2227,2,SRR10013203,human,in vivo,extracellular,bulk
PB1,2055,2216,1,SRR10013203,human,in vivo,extracellular,bulk
PB1,2070,2165,11,SRR10013203,human,in vivo,extracellular,bulk
PB1,2146,2204,1,SRR10013203,human,in vivo,extracellular,bulk
PB1,233,2192,1,SRR10013203,human,in vivo,extracellular,bulk
PB1,233,368,1,SRR10013203,human,in vivo,extracellular,bulk
PB1,234,722,1,SRR10013203,human,in vivo,extracellular,bulk
PB1,242,2106,1,SRR10013203,human,in vivo,extracellular,bulk
PB1,251,384,1,SRR10013203,human,in vivo,extracellular,bulk
PB1,265,2107,1,SRR10013203,human,in vivo,extracellular,bulk
PB1,271,2198,1,SRR10013203,human,in vivo,extracellular,bulk
PB1,290,2005,1,SRR10013203,human,in vivo,extracellular,bulk
PB1,290,2193,6,SRR10013203,human,in vivo,extracellular,bulk
PB1,290,2218,1,SRR10013203,human,in vivo,extracellular,bulk
PB1,293,360,1,SRR10013203,human,in vivo,extracellular,bulk
PB1,294,2170,1,SRR10013203,human,in vivo,extracellular,bulk
PB1,294,327,1,SRR10013203,human,in vivo,extracellular,bulk
PB1,294,333,1,SRR10013203,human,in vivo,extracellular,bulk
PB1,295,334,1,SRR10013203,human,in vivo,extracellular,bulk
PB1,296,2062,46,SRR10013203,human,in vivo,extracellular,bulk
PB1,300,1983,24,SRR10013203,human,in vivo,extracellular,bulk
PB1,302,1753,102,SRR10013203,human,in vivo,extracellular,bulk
PB1,309,1498,1,SRR10013203,human,in vivo,extracellular,bulk
PB1,310,2195,8,SRR10013203,human,in vivo,extracellular,bulk
PB1,311,2027,1,SRR10013203,human,in vivo,extracellular,bulk
PB1,311,2057,2,SRR10013203,human,in vivo,extracellular,bulk
PB1,327,2003,28,SRR10013203,human,in vivo,extracellular,bulk
PB1,330,2055,3,SRR10013203,human,in vivo,extracellular,bulk
PB1,337,771,1,SRR10013203,human,in vivo,extracellular,bulk
PB1,348,1906,1,SRR10013203,human,in vivo,extracellular,bulk
PB1,354,2004,82,SRR10013203,human,in vivo,extracellular,bulk
PB1,356,2193,1,SRR10013203,human,in vivo,extracellular,bulk
PB1,361,2198,1,SRR10013203,human,in vivo,extracellular,bulk
PB1,366,1935,1,SRR10013203,human,in vivo,extracellular,bulk
PB1,367,1759,2,SRR10013203,human,in vivo,extracellular,bulk
PB1,367,1868,6,SRR10013203,human,in vivo,extracellular,bulk
PB1,367,1991,3,SRR10013203,human,in vivo,extracellular,bulk
PB1,368,1760,29,SRR10013203,human,in vivo,extracellular,bulk
PB1,368,2106,25,SRR10013203,human,in vivo,extracellular,bulk
PB1,374,1810,1,SRR10013203,human,in vivo,extracellular,bulk
PB1,377,1935,95,SRR10013203,human,in vivo,extracellular,bulk
PB1,379,1916,1,SRR10013203,human,in vivo,extracellular,bulk
PB1,384,1942,2,SRR10013203,human,in vivo,extracellular,bulk
PB1,385,1983,1,SRR10013203,human,in vivo,extracellular,bulk
PB1,385,2338,2,SRR10013203,human,in vivo,extracellular,bulk
PB1,387,1915,2,SRR10013203,human,in vivo,extracellular,bulk
PB1,387,1920,6,SRR10013203,human,in vivo,extracellular,bulk
PB1,390,2023,1,SRR10013203,human,in vivo,extracellular,bulk
PB1,398,1897,40,SRR10013203,human,in vivo,extracellular,bulk
PB1,399,1713,1,SRR10013203,human,in vivo,extracellular,bulk
PB1,399,2020,1,SRR10013203,human,in vivo,extracellular,bulk
PB1,401,1831,1,SRR10013203,human,in vivo,extracellular,bulk
PB1,403,1833,23,SRR10013203,human,in vivo,extracellular,bulk
PB1,404,1897,10,SRR10013203,human,in vivo,extracellular,bulk
PB1,416,1870,1,SRR10013203,human,in vivo,extracellular,bulk
PB1,417,1817,1,SRR10013203,human,in vivo,extracellular,bulk
PB1,417,1920,1,SRR10013203,human,in vivo,extracellular,bulk
PB1,421,1814,24,SRR10013203,human,in vivo,extracellular,bulk
PB1,422,1758,4,SRR10013203,human,in vivo,extracellular,bulk
PB1,424,1769,1,SRR10013203,human,in vivo,extracellular,bulk
PB1,424,601,1,SRR10013203,human,in vivo,extracellular,bulk
PB1,425,1997,1,SRR10013203,human,in vivo,extracellular,bulk
PB1,426,1797,2,SRR10013203,human,in vivo,extracellular,bulk
PB1,428,1763,7,SRR10013203,human,in vivo,extracellular,bulk
PB1,429,1765,17,SRR10013203,human,in vivo,extracellular,bulk
PB1,431,1766,1,SRR10013203,human,in vivo,extracellular,bulk
PB1,442,1594,20,SRR10013203,human,in vivo,extracellular,bulk
PB1,443,2007,1,SRR10013203,human,in vivo,extracellular,bulk
PB1,444,2049,1,SRR10013203,human,in vivo,extracellular,bulk
PB1,445,2050,143,SRR10013203,human,in vivo,extracellular,bulk
PB1,448,1652,1,SRR10013203,human,in vivo,extracellular,bulk
PB1,449,2093,58,SRR10013203,human,in vivo,extracellular,bulk
PB1,450,1933,41,SRR10013203,human,in vivo,extracellular,bulk
PB1,450,1945,32,SRR10013203,human,in vivo,extracellular,bulk
PB1,451,1933,13,SRR10013203,human,in vivo,extracellular,bulk
PB1,451,1945,1,SRR10013203,human,in vivo,extracellular,bulk
PB1,452,1771,15,SRR10013203,human,in vivo,extracellular,bulk
PB1,453,1828,1,SRR10013203,human,in vivo,extracellular,bulk
PB1,454,806,1,SRR10013203,human,in vivo,extracellular,bulk
PB1,455,1767,4,SRR10013203,human,in vivo,extracellular,bulk
PB1,458,1861,3,SRR10013203,human,in vivo,extracellular,bulk
PB1,459,1811,2,SRR10013203,human,in vivo,extracellular,bulk
PB1,461,1935,2,SRR10013203,human,in vivo,extracellular,bulk
PB1,462,1818,30,SRR10013203,human,in vivo,extracellular,bulk
PB1,463,1770,20,SRR10013203,human,in vivo,extracellular,bulk
PB1,463,2214,1,SRR10013203,human,in vivo,extracellular,bulk
PB1,470,1870,1,SRR10013203,human,in vivo,extracellular,bulk
PB1,497,1835,1,SRR10013203,human,in vivo,extracellular,bulk
PB1,502,2231,1,SRR10013203,human,in vivo,extracellular,bulk
PB1,504,1746,3,SRR10013203,human,in vivo,extracellular,bulk
PB1,504,1755,28,SRR10013203,human,in vivo,extracellular,bulk
PB1,504,1814,5,SRR10013203,human,in vivo,extracellular,bulk
PB1,505,1738,17,SRR10013203,human,in vivo,extracellular,bulk
PB1,505,1747,1,SRR10013203,human,in vivo,extracellular,bulk
PB1,505,1756,1,SRR10013203,human,in vivo,extracellular,bulk
PB1,505,2264,1,SRR10013203,human,in vivo,extracellular,bulk
PB1,507,1729,3,SRR10013203,human,in vivo,extracellular,bulk
PB1,509,1890,74,SRR10013203,human,in vivo,extracellular,bulk
PB1,519,1912,1,SRR10013203,human,in vivo,extracellular,bulk
PB1,529,1792,65,SRR10013203,human,in vivo,extracellular,bulk
PB1,532,1795,1,SRR10013203,human,in vivo,extracellular,bulk
PB1,532,1940,1,SRR10013203,human,in vivo,extracellular,bulk
PB1,533,1848,1,SRR10013203,human,in vivo,extracellular,bulk
PB1,534,1724,1,SRR10013203,human,in vivo,extracellular,bulk
PB1,534,1769,46,SRR10013203,human,in vivo,extracellular,bulk
PB1,535,1781,12,SRR10013203,human,in vivo,extracellular,bulk
PB1,535,1913,1,SRR10013203,human,in vivo,extracellular,bulk
PB1,536,1777,138,SRR10013203,human,in vivo,extracellular,bulk
PB1,536,1853,2,SRR10013203,human,in vivo,extracellular,bulk
PB1,539,2069,2,SRR10013203,human,in vivo,extracellular,bulk
PB1,540,1864,26,SRR10013203,human,in vivo,extracellular,bulk
PB1,542,1744,1,SRR10013203,human,in vivo,extracellular,bulk
PB1,542,1768,24,SRR10013203,human,in vivo,extracellular,bulk
PB1,542,1845,9,SRR10013203,human,in vivo,extracellular,bulk
PB1,542,693,1,SRR10013203,human,in vivo,extracellular,bulk
PB1,580,1809,19,SRR10013203,human,in vivo,extracellular,bulk
PB1,582,1815,34,SRR10013203,human,in vivo,extracellular,bulk
PB1,582,2190,1,SRR10013203,human,in vivo,extracellular,bulk
PB1,584,1905,2,SRR10013203,human,in vivo,extracellular,bulk
PB1,587,1736,1,SRR10013203,human,in vivo,extracellular,bulk
PB1,587,1945,1,SRR10013203,human,in vivo,extracellular,bulk
PB1,593,1794,10,SRR10013203,human,in vivo,extracellular,bulk
PB1,609,1792,1,SRR10013203,human,in vivo,extracellular,bulk
PB1,609,2035,1,SRR10013203,human,in vivo,extracellular,bulk
PB1,613,1782,36,SRR10013203,human,in vivo,extracellular,bulk
PB1,617,1741,7,SRR10013203,human,in vivo,extracellular,bulk
PB1,622,1815,1,SRR10013203,human,in vivo,extracellular,bulk
PB1,623,1861,29,SRR10013203,human,in vivo,extracellular,bulk
PB1,624,2012,3,SRR10013203,human,in vivo,extracellular,bulk
PB1,625,1818,85,SRR10013203,human,in vivo,extracellular,bulk
PB1,626,2046,47,SRR10013203,human,in vivo,extracellular,bulk
PB1,627,1750,1,SRR10013203,human,in vivo,extracellular,bulk
PB1,628,736,1,SRR10013203,human,in vivo,extracellular,bulk
PB1,631,1762,16,SRR10013203,human,in vivo,extracellular,bulk
PB1,631,1826,2,SRR10013203,human,in vivo,extracellular,bulk
PB1,631,2021,1,SRR10013203,human,in vivo,extracellular,bulk
PB1,633,1769,3,SRR10013203,human,in vivo,extracellular,bulk
PB1,634,942,1,SRR10013203,human,in vivo,extracellular,bulk
PB1,637,2025,1,SRR10013203,human,in vivo,extracellular,bulk
PB1,639,1753,22,SRR10013203,human,in vivo,extracellular,bulk
PB1,640,1745,45,SRR10013203,human,in vivo,extracellular,bulk
PB1,641,1726,2,SRR10013203,human,in vivo,extracellular,bulk
PB1,642,1761,27,SRR10013203,human,in vivo,extracellular,bulk
PB1,644,1722,2,SRR10013203,human,in vivo,extracellular,bulk
PB1,644,1737,26,SRR10013203,human,in vivo,extracellular,bulk
PB1,648,1732,23,SRR10013203,human,in vivo,extracellular,bulk
PB1,649,1727,22,SRR10013203,human,in vivo,extracellular,bulk
PB1,650,1732,5,SRR10013203,human,in vivo,extracellular,bulk
PB1,650,1735,1,SRR10013203,human,in vivo,extracellular,bulk
PB1,653,1750,1,SRR10013203,human,in vivo,extracellular,bulk
PB1,653,2064,1,SRR10013203,human,in vivo,extracellular,bulk
PB1,685,2160,1,SRR10013203,human,in vivo,extracellular,bulk
PB1,687,1778,28,SRR10013203,human,in vivo,extracellular,bulk
PB1,689,1934,21,SRR10013203,human,in vivo,extracellular,bulk
PB1,693,1695,21,SRR10013203,human,in vivo,extracellular,bulk
PB1,694,1977,1,SRR10013203,human,in vivo,extracellular,bulk
PB1,695,1611,15,SRR10013203,human,in vivo,extracellular,bulk
PB1,695,1771,32,SRR10013203,human,in vivo,extracellular,bulk
PB1,695,1942,1,SRR10013203,human,in vivo,extracellular,bulk
PB1,698,1767,1,SRR10013203,human,in vivo,extracellular,bulk
PB1,701,1608,4,SRR10013203,human,in vivo,extracellular,bulk
PB1,705,1673,8,SRR10013203,human,in vivo,extracellular,bulk
PB1,707,1699,1,SRR10013203,human,in vivo,extracellular,bulk
PB1,708,1583,1,SRR10013203,human,in vivo,extracellular,bulk
PB1,711,1585,34,SRR10013203,human,in vivo,extracellular,bulk
PB1,713,1995,5,SRR10013203,human,in vivo,extracellular,bulk
PB1,714,1569,11,SRR10013203,human,in vivo,extracellular,bulk
PB1,715,1565,1,SRR10013203,human,in vivo,extracellular,bulk
PB1,715,1573,20,SRR10013203,human,in vivo,extracellular,bulk
PB1,720,1574,10,SRR10013203,human,in vivo,extracellular,bulk
PB1,724,1795,1,SRR10013203,human,in vivo,extracellular,bulk
PB1,726,1544,11,SRR10013203,human,in vivo,extracellular,bulk
PB1,728,867,1,SRR10013203,human,in vivo,extracellular,bulk
PB1,730,1576,18,SRR10013203,human,in vivo,extracellular,bulk
PB1,731,1572,1,SRR10013203,human,in vivo,extracellular,bulk
PB1,731,1577,1,SRR10013203,human,in vivo,extracellular,bulk
PB1,732,1742,22,SRR10013203,human,in vivo,extracellular,bulk
PB1,735,1353,11,SRR10013203,human,in vivo,extracellular,bulk
PB1,736,1614,1,SRR10013203,human,in vivo,extracellular,bulk
PB1,736,1736,1,SRR10013203,human,in vivo,extracellular,bulk
PB1,736,2031,1,SRR10013203,human,in vivo,extracellular,bulk
PB1,737,1539,16,SRR10013203,human,in vivo,extracellular,bulk
PB1,739,1778,6,SRR10013203,human,in vivo,extracellular,bulk
PB1,741,1534,19,SRR10013203,human,in vivo,extracellular,bulk
PB1,744,1596,25,SRR10013203,human,in vivo,extracellular,bulk
PB1,744,1694,16,SRR10013203,human,in vivo,extracellular,bulk
PB1,748,1698,3,SRR10013203,human,in vivo,extracellular,bulk
PB1,755,1885,1,SRR10013203,human,in vivo,extracellular,bulk
PB1,757,2006,1,SRR10013203,human,in vivo,extracellular,bulk
PB1,75,1744,1,SRR10013203,human,in vivo,extracellular,bulk
PB1,760,2049,2,SRR10013203,human,in vivo,extracellular,bulk
PB1,767,1516,21,SRR10013203,human,in vivo,extracellular,bulk
PB1,767,1517,3,SRR10013203,human,in vivo,extracellular,bulk
PB1,768,1515,1,SRR10013203,human,in vivo,extracellular,bulk
PB1,769,1512,4,SRR10013203,human,in vivo,extracellular,bulk
PB1,76,1745,15,SRR10013203,human,in vivo,extracellular,bulk
PB1,76,1821,1,SRR10013203,human,in vivo,extracellular,bulk
PB1,771,1822,1,SRR10013203,human,in vivo,extracellular,bulk
PB1,776,1503,14,SRR10013203,human,in vivo,extracellular,bulk
PB1,777,1525,3,SRR10013203,human,in vivo,extracellular,bulk
PB1,777,1532,6,SRR10013203,human,in vivo,extracellular,bulk
PB1,777,1786,1,SRR10013203,human,in vivo,extracellular,bulk
PB1,786,1450,5,SRR10013203,human,in vivo,extracellular,bulk
PB1,786,1608,7,SRR10013203,human,in vivo,extracellular,bulk
PB1,786,1674,2,SRR10013203,human,in vivo,extracellular,bulk
PB1,787,1522,1,SRR10013203,human,in vivo,extracellular,bulk
PB1,788,1601,11,SRR10013203,human,in vivo,extracellular,bulk
PB1,791,1607,1,SRR10013203,human,in vivo,extracellular,bulk
PB1,794,1533,1,SRR10013203,human,in vivo,extracellular,bulk
PB1,794,1551,5,SRR10013203,human,in vivo,extracellular,bulk
PB1,794,1624,2,SRR10013203,human,in vivo,extracellular,bulk
PB1,794,2104,1,SRR10013203,human,in vivo,extracellular,bulk
PB1,798,1522,2,SRR10013203,human,in vivo,extracellular,bulk
PB1,799,1519,8,SRR10013203,human,in vivo,extracellular,bulk
PB1,803,1458,1,SRR10013203,human,in vivo,extracellular,bulk
PB1,812,1511,2,SRR10013203,human,in vivo,extracellular,bulk
PB1,814,1478,3,SRR10013203,human,in vivo,extracellular,bulk
PB1,818,1573,33,SRR10013203,human,in vivo,extracellular,bulk
PB1,819,1606,16,SRR10013203,human,in vivo,extracellular,bulk
PB1,819,1683,4,SRR10013203,human,in vivo,extracellular,bulk
PB1,826,1459,12,SRR10013203,human,in vivo,extracellular,bulk
PB1,826,1498,94,SRR10013203,human,in vivo,extracellular,bulk
PB1,826,1981,1,SRR10013203,human,in vivo,extracellular,bulk
PB1,827,1596,1,SRR10013203,human,in vivo,extracellular,bulk
PB1,829,1600,7,SRR10013203,human,in vivo,extracellular,bulk
PB1,830,1518,13,SRR10013203,human,in vivo,extracellular,bulk
PB1,830,1724,1,SRR10013203,human,in vivo,extracellular,bulk
PB1,833,1477,1,SRR10013203,human,in vivo,extracellular,bulk
PB1,834,1490,1,SRR10013203,human,in vivo,extracellular,bulk
PB1,835,1563,13,SRR10013203,human,in vivo,extracellular,bulk
PB1,840,1586,29,SRR10013203,human,in vivo,extracellular,bulk
PB1,848,1568,5,SRR10013203,human,in vivo,extracellular,bulk
PB1,848,1572,2,SRR10013203,human,in vivo,extracellular,bulk
PB1,848,1598,2,SRR10013203,human,in vivo,extracellular,bulk
PB1,848,1607,12,SRR10013203,human,in vivo,extracellular,bulk
PB1,873,1541,4,SRR10013203,human,in vivo,extracellular,bulk
PB1,874,2209,1,SRR10013203,human,in vivo,extracellular,bulk
PB1,875,1702,2,SRR10013203,human,in vivo,extracellular,bulk
PB1,876,1608,14,SRR10013203,human,in vivo,extracellular,bulk
PB1,877,1609,1,SRR10013203,human,in vivo,extracellular,bulk
PB1,892,1576,2,SRR10013203,human,in vivo,extracellular,bulk
PB1,909,1575,5,SRR10013203,human,in vivo,extracellular,bulk
PB1,919,1582,1,SRR10013203,human,in vivo,extracellular,bulk
PB1,92,2180,1,SRR10013203,human,in vivo,extracellular,bulk
PB1,930,1448,2,SRR10013203,human,in vivo,extracellular,bulk
PB1,945,1611,1,SRR10013203,human,in vivo,extracellular,bulk
PB1,946,1466,3,SRR10013203,human,in vivo,extracellular,bulk
PB1,946,2047,1,SRR10013203,human,in vivo,extracellular,bulk
PB1,950,1543,1,SRR10013203,human,in vivo,extracellular,bulk
PB1,952,1486,1,SRR10013203,human,in vivo,extracellular,bulk
PB1,956,1549,3,SRR10013203,human,in vivo,extracellular,bulk
PB1,978,2108,13,SRR10013203,human,in vivo,extracellular,bulk
PB1,993,1831,12,SRR10013203,human,in vivo,extracellular,bulk
PB2,1016,1985,9,SRR10013203,human,in vivo,extracellular,bulk
PB2,1059,2080,5,SRR10013203,human,in vivo,extracellular,bulk
PB2,1102,1751,7,SRR10013203,human,in vivo,extracellular,bulk
PB2,1136,1281,1,SRR10013203,human,in vivo,extracellular,bulk
PB2,1158,2253,1,SRR10013203,human,in vivo,extracellular,bulk
PB2,1186,1430,2,SRR10013203,human,in vivo,extracellular,bulk
PB2,1201,1693,1,SRR10013203,human,in vivo,extracellular,bulk
PB2,1205,2063,2,SRR10013203,human,in vivo,extracellular,bulk
PB2,1240,2289,2,SRR10013203,human,in vivo,extracellular,bulk
PB2,134,170,10,SRR10013203,human,in vivo,extracellular,bulk
PB2,136,1030,1,SRR10013203,human,in vivo,extracellular,bulk
PB2,136,2212,4,SRR10013203,human,in vivo,extracellular,bulk
PB2,1412,2054,1,SRR10013203,human,in vivo,extracellular,bulk
PB2,1511,1694,1,SRR10013203,human,in vivo,extracellular,bulk
PB2,151,2122,1,SRR10013203,human,in vivo,extracellular,bulk
PB2,152,2123,18,SRR10013203,human,in vivo,extracellular,bulk
PB2,1546,1657,1,SRR10013203,human,in vivo,extracellular,bulk
PB2,1548,2265,1,SRR10013203,human,in vivo,extracellular,bulk
PB2,160,2151,33,SRR10013203,human,in vivo,extracellular,bulk
PB2,1656,1905,7,SRR10013203,human,in vivo,extracellular,bulk
PB2,169,2236,1,SRR10013203,human,in vivo,extracellular,bulk
PB2,1737,1769,1,SRR10013203,human,in vivo,extracellular,bulk
PB2,1888,1992,1,SRR10013203,human,in vivo,extracellular,bulk
PB2,189,2144,1,SRR10013203,human,in vivo,extracellular,bulk
PB2,1913,2022,2,SRR10013203,human,in vivo,extracellular,bulk
PB2,1944,2010,1,SRR10013203,human,in vivo,extracellular,bulk
PB2,194,2209,18,SRR10013203,human,in vivo,extracellular,bulk
PB2,198,2192,1,SRR10013203,human,in vivo,extracellular,bulk
PB2,201,2192,1,SRR10013203,human,in vivo,extracellular,bulk
PB2,203,2208,7,SRR10013203,human,in vivo,extracellular,bulk
PB2,205,2143,5,SRR10013203,human,in vivo,extracellular,bulk
PB2,2081,2200,1,SRR10013203,human,in vivo,extracellular,bulk
PB2,231,2022,2,SRR10013203,human,in vivo,extracellular,bulk
PB2,233,563,1,SRR10013203,human,in vivo,extracellular,bulk
PB2,238,2143,33,SRR10013203,human,in vivo,extracellular,bulk
PB2,241,2151,1,SRR10013203,human,in vivo,extracellular,bulk
PB2,241,571,1,SRR10013203,human,in vivo,extracellular,bulk
PB2,244,2233,6,SRR10013203,human,in vivo,extracellular,bulk
PB2,252,582,1,SRR10013203,human,in vivo,extracellular,bulk
PB2,254,1149,1,SRR10013203,human,in vivo,extracellular,bulk
PB2,264,2058,2,SRR10013203,human,in vivo,extracellular,bulk
PB2,26,2049,1,SRR10013203,human,in vivo,extracellular,bulk
PB2,277,1090,1,SRR10013203,human,in vivo,extracellular,bulk
PB2,279,2248,14,SRR10013203,human,in vivo,extracellular,bulk
PB2,281,2006,6,SRR10013203,human,in vivo,extracellular,bulk
PB2,285,2287,2,SRR10013203,human,in vivo,extracellular,bulk
PB2,286,1079,1,SRR10013203,human,in vivo,extracellular,bulk
PB2,291,1632,1,SRR10013203,human,in vivo,extracellular,bulk
PB2,296,1308,2,SRR10013203,human,in vivo,extracellular,bulk
PB2,332,1832,1,SRR10013203,human,in vivo,extracellular,bulk
PB2,338,581,1,SRR10013203,human,in vivo,extracellular,bulk
PB2,343,2148,17,SRR10013203,human,in vivo,extracellular,bulk
PB2,358,2192,18,SRR10013203,human,in vivo,extracellular,bulk
PB2,359,2193,1,SRR10013203,human,in vivo,extracellular,bulk
PB2,362,1893,1,SRR10013203,human,in vivo,extracellular,bulk
PB2,367,1511,1,SRR10013203,human,in vivo,extracellular,bulk
PB2,378,1927,13,SRR10013203,human,in vivo,extracellular,bulk
PB2,389,1959,5,SRR10013203,human,in vivo,extracellular,bulk
PB2,398,1711,28,SRR10013203,human,in vivo,extracellular,bulk
PB2,400,1917,2,SRR10013203,human,in vivo,extracellular,bulk
PB2,400,2024,18,SRR10013203,human,in vivo,extracellular,bulk
PB2,402,1104,1,SRR10013203,human,in vivo,extracellular,bulk
PB2,410,1801,1,SRR10013203,human,in vivo,extracellular,bulk
PB2,411,1748,2,SRR10013203,human,in vivo,extracellular,bulk
PB2,434,1908,10,SRR10013203,human,in vivo,extracellular,bulk
PB2,435,1384,1,SRR10013203,human,in vivo,extracellular,bulk
PB2,443,2005,1,SRR10013203,human,in vivo,extracellular,bulk
PB2,44,2070,3,SRR10013203,human,in vivo,extracellular,bulk
PB2,44,611,1,SRR10013203,human,in vivo,extracellular,bulk
PB2,462,2061,3,SRR10013203,human,in vivo,extracellular,bulk
PB2,47,1173,1,SRR10013203,human,in vivo,extracellular,bulk
PB2,481,1757,17,SRR10013203,human,in vivo,extracellular,bulk
PB2,481,1800,11,SRR10013203,human,in vivo,extracellular,bulk
PB2,502,2013,1,SRR10013203,human,in vivo,extracellular,bulk
PB2,507,1605,2,SRR10013203,human,in vivo,extracellular,bulk
PB2,508,2081,1,SRR10013203,human,in vivo,extracellular,bulk
PB2,508,739,2,SRR10013203,human,in vivo,extracellular,bulk
PB2,517,1481,1,SRR10013203,human,in vivo,extracellular,bulk
PB2,532,1880,1,SRR10013203,human,in vivo,extracellular,bulk
PB2,538,1199,1,SRR10013203,human,in vivo,extracellular,bulk
PB2,547,1711,13,SRR10013203,human,in vivo,extracellular,bulk
PB2,551,1939,8,SRR10013203,human,in vivo,extracellular,bulk
PB2,558,1977,1,SRR10013203,human,in vivo,extracellular,bulk
PB2,587,1962,24,SRR10013203,human,in vivo,extracellular,bulk
PB2,588,1998,16,SRR10013203,human,in vivo,extracellular,bulk
PB2,597,1529,1,SRR10013203,human,in vivo,extracellular,bulk
PB2,599,1733,1,SRR10013203,human,in vivo,extracellular,bulk
PB2,602,2022,1,SRR10013203,human,in vivo,extracellular,bulk
PB2,604,1478,2,SRR10013203,human,in vivo,extracellular,bulk
PB2,607,1696,1,SRR10013203,human,in vivo,extracellular,bulk
PB2,615,1730,4,SRR10013203,human,in vivo,extracellular,bulk
PB2,621,1736,2,SRR10013203,human,in vivo,extracellular,bulk
PB2,623,1736,27,SRR10013203,human,in vivo,extracellular,bulk
PB2,623,1738,34,SRR10013203,human,in vivo,extracellular,bulk
PB2,624,1189,1,SRR10013203,human,in vivo,extracellular,bulk
PB2,625,1616,3,SRR10013203,human,in vivo,extracellular,bulk
PB2,637,1689,8,SRR10013203,human,in vivo,extracellular,bulk
PB2,639,1663,15,SRR10013203,human,in vivo,extracellular,bulk
PB2,640,1664,2,SRR10013203,human,in vivo,extracellular,bulk
PB2,642,1892,12,SRR10013203,human,in vivo,extracellular,bulk
PB2,647,1684,8,SRR10013203,human,in vivo,extracellular,bulk
PB2,647,1740,1,SRR10013203,human,in vivo,extracellular,bulk
PB2,648,1754,1,SRR10013203,human,in vivo,extracellular,bulk
PB2,701,1736,1,SRR10013203,human,in vivo,extracellular,bulk
PB2,716,1872,1,SRR10013203,human,in vivo,extracellular,bulk
PB2,717,1772,17,SRR10013203,human,in vivo,extracellular,bulk
PB2,723,1140,1,SRR10013203,human,in vivo,extracellular,bulk
PB2,734,2055,1,SRR10013203,human,in vivo,extracellular,bulk
PB2,748,2068,3,SRR10013203,human,in vivo,extracellular,bulk
PB2,768,1785,1,SRR10013203,human,in vivo,extracellular,bulk
PB2,842,1980,13,SRR10013203,human,in vivo,extracellular,bulk
PB2,853,1480,22,SRR10013203,human,in vivo,extracellular,bulk
PB2,877,1917,2,SRR10013203,human,in vivo,extracellular,bulk
PB2,883,1519,2,SRR10013203,human,in vivo,extracellular,bulk
PB2,991,1410,6,SRR10013203,human,in vivo,extracellular,bulk
PB2,994,1399,1,SRR10013203,human,in vivo,extracellular,bulk
PA,1010,1161,1,SRR10013203,human,in vivo,extracellular,bulk
PA,1086,1493,1,SRR10013203,human,in vivo,extracellular,bulk
PA,1226,1707,1,SRR10013203,human,in vivo,extracellular,bulk
PA,145,1687,1,SRR10013203,human,in vivo,extracellular,bulk
PA,1500,2166,1,SRR10013203,human,in vivo,extracellular,bulk
PA,177,1190,1,SRR10013203,human,in vivo,extracellular,bulk
PA,185,1708,66,SRR10013203,human,in vivo,extracellular,bulk
PA,1976,2142,1,SRR10013203,human,in vivo,extracellular,bulk
PA,202,1785,2,SRR10013203,human,in vivo,extracellular,bulk
PA,204,1785,12,SRR10013203,human,in vivo,extracellular,bulk
PA,213,266,1,SRR10013203,human,in vivo,extracellular,bulk
PA,221,2034,3,SRR10013203,human,in vivo,extracellular,bulk
PA,229,2041,1,SRR10013203,human,in vivo,extracellular,bulk
PA,232,919,1,SRR10013203,human,in vivo,extracellular,bulk
PA,244,1635,1,SRR10013203,human,in vivo,extracellular,bulk
PA,269,2007,15,SRR10013203,human,in vivo,extracellular,bulk
PA,277,629,1,SRR10013203,human,in vivo,extracellular,bulk
PA,278,2076,2,SRR10013203,human,in vivo,extracellular,bulk
PA,285,1197,4,SRR10013203,human,in vivo,extracellular,bulk
PA,285,842,1,SRR10013203,human,in vivo,extracellular,bulk
PA,311,1210,1,SRR10013203,human,in vivo,extracellular,bulk
PA,311,1726,1,SRR10013203,human,in vivo,extracellular,bulk
PA,312,1807,1,SRR10013203,human,in vivo,extracellular,bulk
PA,314,1945,4,SRR10013203,human,in vivo,extracellular,bulk
PA,314,2034,31,SRR10013203,human,in vivo,extracellular,bulk
PA,320,973,1,SRR10013203,human,in vivo,extracellular,bulk
PA,326,1827,24,SRR10013203,human,in vivo,extracellular,bulk
PA,365,1955,4,SRR10013203,human,in vivo,extracellular,bulk
PA,370,817,1,SRR10013203,human,in vivo,extracellular,bulk
PA,407,1500,1,SRR10013203,human,in vivo,extracellular,bulk
PA,407,2165,1,SRR10013203,human,in vivo,extracellular,bulk
PA,413,1657,1,SRR10013203,human,in vivo,extracellular,bulk
PA,416,1849,2,SRR10013203,human,in vivo,extracellular,bulk
PA,418,893,1,SRR10013203,human,in vivo,extracellular,bulk
PA,420,1794,12,SRR10013203,human,in vivo,extracellular,bulk
PA,428,1861,11,SRR10013203,human,in vivo,extracellular,bulk
PA,439,1743,1,SRR10013203,human,in vivo,extracellular,bulk
PA,450,2170,1,SRR10013203,human,in vivo,extracellular,bulk
PA,452,1826,30,SRR10013203,human,in vivo,extracellular,bulk
PA,453,1860,16,SRR10013203,human,in vivo,extracellular,bulk
PA,485,1857,16,SRR10013203,human,in vivo,extracellular,bulk
PA,487,1892,1,SRR10013203,human,in vivo,extracellular,bulk
PA,490,1784,8,SRR10013203,human,in vivo,extracellular,bulk
PA,501,1902,2,SRR10013203,human,in vivo,extracellular,bulk
PA,505,1823,14,SRR10013203,human,in vivo,extracellular,bulk
PA,505,1930,47,SRR10013203,human,in vivo,extracellular,bulk
PA,506,1733,1,SRR10013203,human,in vivo,extracellular,bulk
PA,507,2146,1,SRR10013203,human,in vivo,extracellular,bulk
PA,511,1808,1,SRR10013203,human,in vivo,extracellular,bulk
PA,514,1811,7,SRR10013203,human,in vivo,extracellular,bulk
PA,514,1856,2,SRR10013203,human,in vivo,extracellular,bulk
PA,526,1705,3,SRR10013203,human,in vivo,extracellular,bulk
PA,527,1793,2,SRR10013203,human,in vivo,extracellular,bulk
PA,530,1681,2,SRR10013203,human,in vivo,extracellular,bulk
PA,530,1899,3,SRR10013203,human,in vivo,extracellular,bulk
PA,535,1791,4,SRR10013203,human,in vivo,extracellular,bulk
PA,538,1934,1,SRR10013203,human,in vivo,extracellular,bulk
PA,540,2129,1,SRR10013203,human,in vivo,extracellular,bulk
PA,543,1776,24,SRR10013203,human,in vivo,extracellular,bulk
PA,562,1832,2,SRR10013203,human,in vivo,extracellular,bulk
PA,578,1761,2,SRR10013203,human,in vivo,extracellular,bulk
PA,580,1885,3,SRR10013203,human,in vivo,extracellular,bulk
PA,583,1720,29,SRR10013203,human,in vivo,extracellular,bulk
PA,602,1720,14,SRR10013203,human,in vivo,extracellular,bulk
PA,608,1483,1,SRR10013203,human,in vivo,extracellular,bulk
PA,608,1503,1,SRR10013203,human,in vivo,extracellular,bulk
PA,609,1786,1,SRR10013203,human,in vivo,extracellular,bulk
PA,616,1758,2,SRR10013203,human,in vivo,extracellular,bulk
PA,623,1013,1,SRR10013203,human,in vivo,extracellular,bulk
PA,625,1855,10,SRR10013203,human,in vivo,extracellular,bulk
PA,627,1934,4,SRR10013203,human,in vivo,extracellular,bulk
PA,638,1536,12,SRR10013203,human,in vivo,extracellular,bulk
PA,652,1187,1,SRR10013203,human,in vivo,extracellular,bulk
PA,676,1688,1,SRR10013203,human,in vivo,extracellular,bulk
PA,688,1487,1,SRR10013203,human,in vivo,extracellular,bulk
PA,68,1289,1,SRR10013203,human,in vivo,extracellular,bulk
PA,706,1661,1,SRR10013203,human,in vivo,extracellular,bulk
PA,707,1711,1,SRR10013203,human,in vivo,extracellular,bulk
PA,726,1561,1,SRR10013203,human,in vivo,extracellular,bulk
PA,75,1461,1,SRR10013203,human,in vivo,extracellular,bulk
PA,776,1488,1,SRR10013203,human,in vivo,extracellular,bulk
PA,77,924,1,SRR10013203,human,in vivo,extracellular,bulk
PA,783,2102,1,SRR10013203,human,in vivo,extracellular,bulk
PA,797,1498,4,SRR10013203,human,in vivo,extracellular,bulk
PA,800,1689,17,SRR10013203,human,in vivo,extracellular,bulk
PA,801,1637,1,SRR10013203,human,in vivo,extracellular,bulk
PA,870,1492,8,SRR10013203,human,in vivo,extracellular,bulk
PA,890,1351,10,SRR10013203,human,in vivo,extracellular,bulk
PA,892,1417,4,SRR10013203,human,in vivo,extracellular,bulk
PA,95,1714,1,SRR10013203,human,in vivo,extracellular,bulk
HA,1007,1429,1,SRR10013203,human,in vivo,extracellular,bulk
HA,110,1307,5,SRR10013203,human,in vivo,extracellular,bulk
HA,1432,1585,1,SRR10013203,human,in vivo,extracellular,bulk
HA,148,629,1,SRR10013203,human,in vivo,extracellular,bulk
HA,1494,1729,1,SRR10013203,human,in vivo,extracellular,bulk
HA,1498,1725,1,SRR10013203,human,in vivo,extracellular,bulk
HA,1586,1646,1,SRR10013203,human,in vivo,extracellular,bulk
HA,1589,1724,1,SRR10013203,human,in vivo,extracellular,bulk
HA,239,1034,1,SRR10013203,human,in vivo,extracellular,bulk
HA,271,1633,2,SRR10013203,human,in vivo,extracellular,bulk
HA,33,800,1,SRR10013203,human,in vivo,extracellular,bulk
HA,374,1591,11,SRR10013203,human,in vivo,extracellular,bulk
HA,390,1268,1,SRR10013203,human,in vivo,extracellular,bulk
HA,493,996,1,SRR10013203,human,in vivo,extracellular,bulk
HA,735,980,1,SRR10013203,human,in vivo,extracellular,bulk
HA,768,1319,1,SRR10013203,human,in vivo,extracellular,bulk
HA,897,1320,1,SRR10013203,human,in vivo,extracellular,bulk
HA,899,1205,1,SRR10013203,human,in vivo,extracellular,bulk
NP,101,603,2,SRR10013203,human,in vivo,extracellular,bulk
NP,1141,1206,1,SRR10013203,human,in vivo,extracellular,bulk
NP,121,1624,1,SRR10013203,human,in vivo,extracellular,bulk
NP,123,1568,4,SRR10013203,human,in vivo,extracellular,bulk
NP,140,1602,1,SRR10013203,human,in vivo,extracellular,bulk
NP,1681,1713,3,SRR10013203,human,in vivo,extracellular,bulk
NP,184,1646,1,SRR10013203,human,in vivo,extracellular,bulk
NP,184,500,2,SRR10013203,human,in vivo,extracellular,bulk
NP,260,450,1,SRR10013203,human,in vivo,extracellular,bulk
NP,350,480,1,SRR10013203,human,in vivo,extracellular,bulk
NP,424,467,1,SRR10013203,human,in vivo,extracellular,bulk
NP,515,1573,1,SRR10013203,human,in vivo,extracellular,bulk
NP,679,1541,1,SRR10013203,human,in vivo,extracellular,bulk
NP,887,1010,1,SRR10013203,human,in vivo,extracellular,bulk
NA,105,757,1,SRR10013203,human,in vivo,extracellular,bulk
NA,260,910,1,SRR10013203,human,in vivo,extracellular,bulk
NA,383,405,1,SRR10013203,human,in vivo,extracellular,bulk
NA,428,1121,1,SRR10013203,human,in vivo,extracellular,bulk
NA,439,1325,1,SRR10013203,human,in vivo,extracellular,bulk
NA,519,1098,1,SRR10013203,human,in vivo,extracellular,bulk
NA,535,968,1,SRR10013203,human,in vivo,extracellular,bulk
NA,650,677,1,SRR10013203,human,in vivo,extracellular,bulk
NA,749,1098,1,SRR10013203,human,in vivo,extracellular,bulk
NA,83,1016,2,SRR10013203,human,in vivo,extracellular,bulk
NA,98,1099,2,SRR10013203,human,in vivo,extracellular,bulk
M,179,204,1,SRR10013203,human,in vivo,extracellular,bulk
M,192,819,1,SRR10013203,human,in vivo,extracellular,bulk
M,270,668,1,SRR10013203,human,in vivo,extracellular,bulk
M,317,627,1,SRR10013203,human,in vivo,extracellular,bulk
M,332,406,1,SRR10013203,human,in vivo,extracellular,bulk
M,348,863,1,SRR10013203,human,in vivo,extracellular,bulk
M,404,980,1,SRR10013203,human,in vivo,extracellular,bulk
M,605,925,1,SRR10013203,human,in vivo,extracellular,bulk
M,607,696,1,SRR10013203,human,in vivo,extracellular,bulk
M,634,988,1,SRR10013203,human,in vivo,extracellular,bulk
M,662,1016,14,SRR10013203,human,in vivo,extracellular,bulk
M,680,1047,1,SRR10013203,human,in vivo,extracellular,bulk
M,680,748,1,SRR10013203,human,in vivo,extracellular,bulk
M,691,924,1,SRR10013203,human,in vivo,extracellular,bulk
M,759,976,1,SRR10013203,human,in vivo,extracellular,bulk
M,81,637,1,SRR10013203,human,in vivo,extracellular,bulk
M,842,905,1,SRR10013203,human,in vivo,extracellular,bulk
M,927,996,1,SRR10013203,human,in vivo,extracellular,bulk
M,951,1126,1,SRR10013203,human,in vivo,extracellular,bulk
PB1,1249,1624,1,SRR10013103,human,in vivo,extracellular,bulk
PB1,2017,2048,27,SRR10013103,human,in vivo,extracellular,bulk
PB1,2131,2316,2,SRR10013103,human,in vivo,extracellular,bulk
PB1,273,2062,14,SRR10013103,human,in vivo,extracellular,bulk
PB1,285,2047,3,SRR10013103,human,in vivo,extracellular,bulk
PB1,290,2218,1,SRR10013103,human,in vivo,extracellular,bulk
PB1,293,360,1,SRR10013103,human,in vivo,extracellular,bulk
PB1,366,1679,3,SRR10013103,human,in vivo,extracellular,bulk
PB1,369,1784,1,SRR10013103,human,in vivo,extracellular,bulk
PB1,401,1835,3,SRR10013103,human,in vivo,extracellular,bulk
PB1,436,1781,1,SRR10013103,human,in vivo,extracellular,bulk
PB1,438,1810,2,SRR10013103,human,in vivo,extracellular,bulk
PB1,449,1798,1,SRR10013103,human,in vivo,extracellular,bulk
PB1,452,1771,1,SRR10013103,human,in vivo,extracellular,bulk
PB1,511,2271,1,SRR10013103,human,in vivo,extracellular,bulk
PB1,528,1785,1,SRR10013103,human,in vivo,extracellular,bulk
PB1,576,1780,1,SRR10013103,human,in vivo,extracellular,bulk
PB1,593,1744,1,SRR10013103,human,in vivo,extracellular,bulk
PB1,599,1807,1,SRR10013103,human,in vivo,extracellular,bulk
PB1,609,1779,1,SRR10013103,human,in vivo,extracellular,bulk
PB1,610,1780,5,SRR10013103,human,in vivo,extracellular,bulk
PB1,623,1798,1,SRR10013103,human,in vivo,extracellular,bulk
PB1,633,1756,4,SRR10013103,human,in vivo,extracellular,bulk
PB1,694,1607,6,SRR10013103,human,in vivo,extracellular,bulk
PB1,712,1727,4,SRR10013103,human,in vivo,extracellular,bulk
PB1,728,1534,3,SRR10013103,human,in vivo,extracellular,bulk
PB1,745,1540,2,SRR10013103,human,in vivo,extracellular,bulk
PB1,765,1517,1,SRR10013103,human,in vivo,extracellular,bulk
PB1,791,1732,1,SRR10013103,human,in vivo,extracellular,bulk
PB1,794,1495,1,SRR10013103,human,in vivo,extracellular,bulk
PB1,801,1611,2,SRR10013103,human,in vivo,extracellular,bulk
PB1,834,1781,1,SRR10013103,human,in vivo,extracellular,bulk
PB1,840,1597,1,SRR10013103,human,in vivo,extracellular,bulk
PB2,1645,1920,1,SRR10013103,human,in vivo,extracellular,bulk
PB2,1656,1905,1,SRR10013103,human,in vivo,extracellular,bulk
PB2,241,2151,5,SRR10013103,human,in vivo,extracellular,bulk
PB2,244,1956,1,SRR10013103,human,in vivo,extracellular,bulk
PB2,244,2238,1,SRR10013103,human,in vivo,extracellular,bulk
PB2,245,2212,2,SRR10013103,human,in vivo,extracellular,bulk
PB2,270,1836,1,SRR10013103,human,in vivo,extracellular,bulk
PB2,291,1905,2,SRR10013103,human,in vivo,extracellular,bulk
PB2,373,1962,1,SRR10013103,human,in vivo,extracellular,bulk
PB2,413,2026,1,SRR10013103,human,in vivo,extracellular,bulk
PB2,480,1804,2,SRR10013103,human,in vivo,extracellular,bulk
PB2,591,1758,1,SRR10013103,human,in vivo,extracellular,bulk
PB2,646,1618,1,SRR10013103,human,in vivo,extracellular,bulk
PA,1087,1826,1,SRR10013103,human,in vivo,extracellular,bulk
PA,413,1657,1,SRR10013103,human,in vivo,extracellular,bulk
PA,507,2009,4,SRR10013103,human,in vivo,extracellular,bulk
PA,544,818,1,SRR10013103,human,in vivo,extracellular,bulk
PA,610,1755,1,SRR10013103,human,in vivo,extracellular,bulk
PA,662,1695,2,SRR10013103,human,in vivo,extracellular,bulk
PA,675,1996,1,SRR10013103,human,in vivo,extracellular,bulk
PA,744,1503,1,SRR10013103,human,in vivo,extracellular,bulk
NP,131,1407,3,SRR10013103,human,in vivo,extracellular,bulk
NP,1681,1713,2,SRR10013103,human,in vivo,extracellular,bulk
NP,238,1247,2,SRR10013103,human,in vivo,extracellular,bulk
NP,737,1298,1,SRR10013103,human,in vivo,extracellular,bulk
NA,256,305,1,SRR10013103,human,in vivo,extracellular,bulk
NA,448,1241,1,SRR10013103,human,in vivo,extracellular,bulk
M,267,925,2,SRR10013103,human,in vivo,extracellular,bulk
M,470,494,1,SRR10013103,human,in vivo,extracellular,bulk
M,634,988,1,SRR10013103,human,in vivo,extracellular,bulk
M,95,627,1,SRR10013103,human,in vivo,extracellular,bulk
PB1,1025,2045,1,SRR10013170,human,in vivo,extracellular,bulk
PB1,1155,1809,1,SRR10013170,human,in vivo,extracellular,bulk
PB1,1348,2104,1,SRR10013170,human,in vivo,extracellular,bulk
PB1,1561,1711,1,SRR10013170,human,in vivo,extracellular,bulk
PB1,167,277,1,SRR10013170,human,in vivo,extracellular,bulk
PB1,1733,2246,1,SRR10013170,human,in vivo,extracellular,bulk
PB1,2017,2048,32,SRR10013170,human,in vivo,extracellular,bulk
PB1,273,2062,4,SRR10013170,human,in vivo,extracellular,bulk
PB1,285,2047,8,SRR10013170,human,in vivo,extracellular,bulk
PB1,310,2195,1,SRR10013170,human,in vivo,extracellular,bulk
PB1,348,2062,1,SRR10013170,human,in vivo,extracellular,bulk
PB1,366,1679,17,SRR10013170,human,in vivo,extracellular,bulk
PB1,371,1990,4,SRR10013170,human,in vivo,extracellular,bulk
PB1,375,1943,2,SRR10013170,human,in vivo,extracellular,bulk
PB1,399,1713,2,SRR10013170,human,in vivo,extracellular,bulk
PB1,449,1798,1,SRR10013170,human,in vivo,extracellular,bulk
PB1,453,1781,3,SRR10013170,human,in vivo,extracellular,bulk
PB1,462,1792,4,SRR10013170,human,in vivo,extracellular,bulk
PB1,505,2264,1,SRR10013170,human,in vivo,extracellular,bulk
PB1,507,1606,1,SRR10013170,human,in vivo,extracellular,bulk
PB1,520,1796,3,SRR10013170,human,in vivo,extracellular,bulk
PB1,528,1785,1,SRR10013170,human,in vivo,extracellular,bulk
PB1,529,1792,2,SRR10013170,human,in vivo,extracellular,bulk
PB1,576,1750,1,SRR10013170,human,in vivo,extracellular,bulk
PB1,576,1780,10,SRR10013170,human,in vivo,extracellular,bulk
PB1,579,1757,2,SRR10013170,human,in vivo,extracellular,bulk
PB1,610,1780,10,SRR10013170,human,in vivo,extracellular,bulk
PB1,612,1680,1,SRR10013170,human,in vivo,extracellular,bulk
PB1,623,1775,1,SRR10013170,human,in vivo,extracellular,bulk
PB1,627,1772,3,SRR10013170,human,in vivo,extracellular,bulk
PB1,693,1695,1,SRR10013170,human,in vivo,extracellular,bulk
PB1,694,1607,3,SRR10013170,human,in vivo,extracellular,bulk
PB1,777,1777,1,SRR10013170,human,in vivo,extracellular,bulk
PB1,786,2043,1,SRR10013170,human,in vivo,extracellular,bulk
PB1,787,1489,1,SRR10013170,human,in vivo,extracellular,bulk
PB1,798,1573,1,SRR10013170,human,in vivo,extracellular,bulk
PB1,92,411,1,SRR10013170,human,in vivo,extracellular,bulk
PB2,1002,1865,1,SRR10013170,human,in vivo,extracellular,bulk
PB2,1040,1115,1,SRR10013170,human,in vivo,extracellular,bulk
PB2,1088,2023,2,SRR10013170,human,in vivo,extracellular,bulk
PB2,1567,2061,1,SRR10013170,human,in vivo,extracellular,bulk
PB2,1645,1920,2,SRR10013170,human,in vivo,extracellular,bulk
PB2,1656,1905,1,SRR10013170,human,in vivo,extracellular,bulk
PB2,1667,1916,1,SRR10013170,human,in vivo,extracellular,bulk
PB2,265,1606,1,SRR10013170,human,in vivo,extracellular,bulk
PB2,277,1058,1,SRR10013170,human,in vivo,extracellular,bulk
PB2,341,441,1,SRR10013170,human,in vivo,extracellular,bulk
PB2,413,2026,3,SRR10013170,human,in vivo,extracellular,bulk
PB2,419,468,1,SRR10013170,human,in vivo,extracellular,bulk
PB2,447,2021,1,SRR10013170,human,in vivo,extracellular,bulk
PB2,449,593,1,SRR10013170,human,in vivo,extracellular,bulk
PB2,452,1928,1,SRR10013170,human,in vivo,extracellular,bulk
PB2,455,1818,2,SRR10013170,human,in vivo,extracellular,bulk
PB2,472,590,1,SRR10013170,human,in vivo,extracellular,bulk
PB2,510,1784,1,SRR10013170,human,in vivo,extracellular,bulk
PB2,513,1759,2,SRR10013170,human,in vivo,extracellular,bulk
PB2,517,2067,1,SRR10013170,human,in vivo,extracellular,bulk
PB2,527,1284,1,SRR10013170,human,in vivo,extracellular,bulk
PB2,571,1752,1,SRR10013170,human,in vivo,extracellular,bulk
PB2,580,1751,3,SRR10013170,human,in vivo,extracellular,bulk
PB2,591,1758,4,SRR10013170,human,in vivo,extracellular,bulk
PB2,883,1519,1,SRR10013170,human,in vivo,extracellular,bulk
PA,1237,1743,1,SRR10013170,human,in vivo,extracellular,bulk
PA,1540,2041,1,SRR10013170,human,in vivo,extracellular,bulk
PA,157,857,1,SRR10013170,human,in vivo,extracellular,bulk
PA,182,1515,1,SRR10013170,human,in vivo,extracellular,bulk
PA,232,527,1,SRR10013170,human,in vivo,extracellular,bulk
PA,278,1086,1,SRR10013170,human,in vivo,extracellular,bulk
PA,413,1657,1,SRR10013170,human,in vivo,extracellular,bulk
PA,491,1696,2,SRR10013170,human,in vivo,extracellular,bulk
PA,515,1827,1,SRR10013170,human,in vivo,extracellular,bulk
PA,544,1931,1,SRR10013170,human,in vivo,extracellular,bulk
PA,623,966,1,SRR10013170,human,in vivo,extracellular,bulk
PA,652,1187,1,SRR10013170,human,in vivo,extracellular,bulk
PA,748,1175,1,SRR10013170,human,in vivo,extracellular,bulk
PA,827,1520,1,SRR10013170,human,in vivo,extracellular,bulk
PA,932,1153,1,SRR10013170,human,in vivo,extracellular,bulk
HA,1341,1429,2,SRR10013170,human,in vivo,extracellular,bulk
HA,1498,1584,1,SRR10013170,human,in vivo,extracellular,bulk
HA,218,1077,6,SRR10013170,human,in vivo,extracellular,bulk
NP,1681,1713,3,SRR10013170,human,in vivo,extracellular,bulk
NP,238,1724,1,SRR10013170,human,in vivo,extracellular,bulk
NP,677,1578,1,SRR10013170,human,in vivo,extracellular,bulk
NA,234,1492,1,SRR10013170,human,in vivo,extracellular,bulk
NA,399,1300,1,SRR10013170,human,in vivo,extracellular,bulk
NA,433,1465,1,SRR10013170,human,in vivo,extracellular,bulk
NA,974,1007,1,SRR10013170,human,in vivo,extracellular,bulk
M,211,927,2,SRR10013170,human,in vivo,extracellular,bulk
M,472,497,1,SRR10013170,human,in vivo,extracellular,bulk
M,602,691,1,SRR10013170,human,in vivo,extracellular,bulk
M,634,988,1,SRR10013170,human,in vivo,extracellular,bulk
M,662,1016,1,SRR10013170,human,in vivo,extracellular,bulk
M,710,977,1,SRR10013170,human,in vivo,extracellular,bulk
PB1,1057,1539,1,SRR10013223,human,in vivo,extracellular,bulk
PB1,107,1993,1,SRR10013223,human,in vivo,extracellular,bulk
PB1,110,2156,6,SRR10013223,human,in vivo,extracellular,bulk
PB1,111,2186,1,SRR10013223,human,in vivo,extracellular,bulk
PB1,119,1533,1,SRR10013223,human,in vivo,extracellular,bulk
PB1,119,2161,3,SRR10013223,human,in vivo,extracellular,bulk
PB1,1262,2186,1,SRR10013223,human,in vivo,extracellular,bulk
PB1,127,2185,113,SRR10013223,human,in vivo,extracellular,bulk
PB1,1282,2121,1,SRR10013223,human,in vivo,extracellular,bulk
PB1,132,2183,2,SRR10013223,human,in vivo,extracellular,bulk
PB1,1463,1712,1,SRR10013223,human,in vivo,extracellular,bulk
PB1,150,2166,1,SRR10013223,human,in vivo,extracellular,bulk
PB1,152,260,1,SRR10013223,human,in vivo,extracellular,bulk
PB1,1564,1898,1,SRR10013223,human,in vivo,extracellular,bulk
PB1,165,230,1,SRR10013223,human,in vivo,extracellular,bulk
PB1,173,2180,2,SRR10013223,human,in vivo,extracellular,bulk
PB1,1758,2017,1,SRR10013223,human,in vivo,extracellular,bulk
PB1,176,2056,1,SRR10013223,human,in vivo,extracellular,bulk
PB1,176,2336,1,SRR10013223,human,in vivo,extracellular,bulk
PB1,1772,2110,1,SRR10013223,human,in vivo,extracellular,bulk
PB1,1854,1934,2,SRR10013223,human,in vivo,extracellular,bulk
PB1,187,2107,1,SRR10013223,human,in vivo,extracellular,bulk
PB1,1950,2036,1,SRR10013223,human,in vivo,extracellular,bulk
PB1,2075,2200,1,SRR10013223,human,in vivo,extracellular,bulk
PB1,237,601,1,SRR10013223,human,in vivo,extracellular,bulk
PB1,255,2059,4,SRR10013223,human,in vivo,extracellular,bulk
PB1,282,1995,4,SRR10013223,human,in vivo,extracellular,bulk
PB1,286,1144,1,SRR10013223,human,in vivo,extracellular,bulk
PB1,289,1759,1,SRR10013223,human,in vivo,extracellular,bulk
PB1,290,2005,5,SRR10013223,human,in vivo,extracellular,bulk
PB1,292,1855,1,SRR10013223,human,in vivo,extracellular,bulk
PB1,292,2029,2,SRR10013223,human,in vivo,extracellular,bulk
PB1,298,2013,5,SRR10013223,human,in vivo,extracellular,bulk
PB1,298,323,1,SRR10013223,human,in vivo,extracellular,bulk
PB1,300,2015,2153,SRR10013223,human,in vivo,extracellular,bulk
PB1,300,2016,2,SRR10013223,human,in vivo,extracellular,bulk
PB1,301,2020,6,SRR10013223,human,in vivo,extracellular,bulk
PB1,301,2222,1,SRR10013223,human,in vivo,extracellular,bulk
PB1,302,2123,1,SRR10013223,human,in vivo,extracellular,bulk
PB1,303,2018,12,SRR10013223,human,in vivo,extracellular,bulk
PB1,307,2016,1,SRR10013223,human,in vivo,extracellular,bulk
PB1,309,1987,2,SRR10013223,human,in vivo,extracellular,bulk
PB1,310,1999,2,SRR10013223,human,in vivo,extracellular,bulk
PB1,310,2195,5,SRR10013223,human,in vivo,extracellular,bulk
PB1,310,351,1,SRR10013223,human,in vivo,extracellular,bulk
PB1,311,2027,17,SRR10013223,human,in vivo,extracellular,bulk
PB1,311,2057,5,SRR10013223,human,in vivo,extracellular,bulk
PB1,311,2229,2,SRR10013223,human,in vivo,extracellular,bulk
PB1,321,1999,6,SRR10013223,human,in vivo,extracellular,bulk
PB1,322,1991,1,SRR10013223,human,in vivo,extracellular,bulk
PB1,322,1999,1,SRR10013223,human,in vivo,extracellular,bulk
PB1,322,2000,1594,SRR10013223,human,in vivo,extracellular,bulk
PB1,323,2003,1,SRR10013223,human,in vivo,extracellular,bulk
PB1,324,2002,5,SRR10013223,human,in vivo,extracellular,bulk
PB1,326,2038,1,SRR10013223,human,in vivo,extracellular,bulk
PB1,326,2221,1,SRR10013223,human,in vivo,extracellular,bulk
PB1,330,2118,2,SRR10013223,human,in vivo,extracellular,bulk
PB1,332,2114,1,SRR10013223,human,in vivo,extracellular,bulk
PB1,334,1913,31,SRR10013223,human,in vivo,extracellular,bulk
PB1,334,2065,3,SRR10013223,human,in vivo,extracellular,bulk
PB1,336,1629,2,SRR10013223,human,in vivo,extracellular,bulk
PB1,336,1979,7,SRR10013223,human,in vivo,extracellular,bulk
PB1,337,1916,1,SRR10013223,human,in vivo,extracellular,bulk
PB1,344,1849,8,SRR10013223,human,in vivo,extracellular,bulk
PB1,345,2194,1,SRR10013223,human,in vivo,extracellular,bulk
PB1,347,1941,1,SRR10013223,human,in vivo,extracellular,bulk
PB1,347,2031,1,SRR10013223,human,in vivo,extracellular,bulk
PB1,352,2024,1,SRR10013223,human,in vivo,extracellular,bulk
PB1,353,1903,1,SRR10013223,human,in vivo,extracellular,bulk
PB1,356,589,1,SRR10013223,human,in vivo,extracellular,bulk
PB1,357,2019,1,SRR10013223,human,in vivo,extracellular,bulk
PB1,358,2004,4,SRR10013223,human,in vivo,extracellular,bulk
PB1,358,2020,1,SRR10013223,human,in vivo,extracellular,bulk
PB1,363,1937,3,SRR10013223,human,in vivo,extracellular,bulk
PB1,367,1868,1,SRR10013223,human,in vivo,extracellular,bulk
PB1,367,2040,1,SRR10013223,human,in vivo,extracellular,bulk
PB1,368,1943,1,SRR10013223,human,in vivo,extracellular,bulk
PB1,368,2040,1,SRR10013223,human,in vivo,extracellular,bulk
PB1,373,2074,4,SRR10013223,human,in vivo,extracellular,bulk
PB1,375,1936,1,SRR10013223,human,in vivo,extracellular,bulk
PB1,376,498,1,SRR10013223,human,in vivo,extracellular,bulk
PB1,377,1938,1,SRR10013223,human,in vivo,extracellular,bulk
PB1,380,1944,3,SRR10013223,human,in vivo,extracellular,bulk
PB1,386,1934,1,SRR10013223,human,in vivo,extracellular,bulk
PB1,387,1915,1,SRR10013223,human,in vivo,extracellular,bulk
PB1,393,1841,1,SRR10013223,human,in vivo,extracellular,bulk
PB1,396,1935,1,SRR10013223,human,in vivo,extracellular,bulk
PB1,399,1835,4,SRR10013223,human,in vivo,extracellular,bulk
PB1,399,1902,1,SRR10013223,human,in vivo,extracellular,bulk
PB1,403,1915,2,SRR10013223,human,in vivo,extracellular,bulk
PB1,403,2035,2,SRR10013223,human,in vivo,extracellular,bulk
PB1,417,1834,6,SRR10013223,human,in vivo,extracellular,bulk
PB1,418,2028,1,SRR10013223,human,in vivo,extracellular,bulk
PB1,420,1815,1,SRR10013223,human,in vivo,extracellular,bulk
PB1,421,1834,1,SRR10013223,human,in vivo,extracellular,bulk
PB1,421,1943,2,SRR10013223,human,in vivo,extracellular,bulk
PB1,427,1945,2,SRR10013223,human,in vivo,extracellular,bulk
PB1,428,1763,1,SRR10013223,human,in vivo,extracellular,bulk
PB1,437,1901,1,SRR10013223,human,in vivo,extracellular,bulk
PB1,442,1818,1,SRR10013223,human,in vivo,extracellular,bulk
PB1,443,1647,2,SRR10013223,human,in vivo,extracellular,bulk
PB1,444,1991,1,SRR10013223,human,in vivo,extracellular,bulk
PB1,450,1797,1,SRR10013223,human,in vivo,extracellular,bulk
PB1,452,1981,1,SRR10013223,human,in vivo,extracellular,bulk
PB1,458,1861,1,SRR10013223,human,in vivo,extracellular,bulk
PB1,461,1587,1,SRR10013223,human,in vivo,extracellular,bulk
PB1,463,1726,1,SRR10013223,human,in vivo,extracellular,bulk
PB1,504,1824,1,SRR10013223,human,in vivo,extracellular,bulk
PB1,505,1600,1,SRR10013223,human,in vivo,extracellular,bulk
PB1,505,1822,3,SRR10013223,human,in vivo,extracellular,bulk
PB1,509,1890,11,SRR10013223,human,in vivo,extracellular,bulk
PB1,509,1902,2,SRR10013223,human,in vivo,extracellular,bulk
PB1,510,1738,1,SRR10013223,human,in vivo,extracellular,bulk
PB1,51,1849,1,SRR10013223,human,in vivo,extracellular,bulk
PB1,521,1724,15,SRR10013223,human,in vivo,extracellular,bulk
PB1,522,1901,2,SRR10013223,human,in vivo,extracellular,bulk
PB1,524,1722,1,SRR10013223,human,in vivo,extracellular,bulk
PB1,524,1797,1,SRR10013223,human,in vivo,extracellular,bulk
PB1,533,2023,2,SRR10013223,human,in vivo,extracellular,bulk
PB1,534,1863,1,SRR10013223,human,in vivo,extracellular,bulk
PB1,535,1632,2,SRR10013223,human,in vivo,extracellular,bulk
PB1,540,1777,1,SRR10013223,human,in vivo,extracellular,bulk
PB1,542,1768,1,SRR10013223,human,in vivo,extracellular,bulk
PB1,542,1810,2,SRR10013223,human,in vivo,extracellular,bulk
PB1,574,1775,2,SRR10013223,human,in vivo,extracellular,bulk
PB1,575,1814,1,SRR10013223,human,in vivo,extracellular,bulk
PB1,579,1737,1,SRR10013223,human,in vivo,extracellular,bulk
PB1,580,1815,2,SRR10013223,human,in vivo,extracellular,bulk
PB1,582,1815,1,SRR10013223,human,in vivo,extracellular,bulk
PB1,585,1753,1,SRR10013223,human,in vivo,extracellular,bulk
PB1,585,1781,1,SRR10013223,human,in vivo,extracellular,bulk
PB1,586,1713,1,SRR10013223,human,in vivo,extracellular,bulk
PB1,586,1777,2,SRR10013223,human,in vivo,extracellular,bulk
PB1,591,1846,1,SRR10013223,human,in vivo,extracellular,bulk
PB1,597,1746,2,SRR10013223,human,in vivo,extracellular,bulk
PB1,597,1778,1,SRR10013223,human,in vivo,extracellular,bulk
PB1,598,1772,1,SRR10013223,human,in vivo,extracellular,bulk
PB1,599,1734,1,SRR10013223,human,in vivo,extracellular,bulk
PB1,617,1728,1,SRR10013223,human,in vivo,extracellular,bulk
PB1,621,1780,2,SRR10013223,human,in vivo,extracellular,bulk
PB1,623,1737,1,SRR10013223,human,in vivo,extracellular,bulk
PB1,624,1614,3,SRR10013223,human,in vivo,extracellular,bulk
PB1,624,1713,2,SRR10013223,human,in vivo,extracellular,bulk
PB1,624,1756,1,SRR10013223,human,in vivo,extracellular,bulk
PB1,627,1772,3,SRR10013223,human,in vivo,extracellular,bulk
PB1,631,1626,2,SRR10013223,human,in vivo,extracellular,bulk
PB1,631,1740,2,SRR10013223,human,in vivo,extracellular,bulk
PB1,635,1737,1,SRR10013223,human,in vivo,extracellular,bulk
PB1,638,1741,1,SRR10013223,human,in vivo,extracellular,bulk
PB1,638,1776,1,SRR10013223,human,in vivo,extracellular,bulk
PB1,639,1540,2,SRR10013223,human,in vivo,extracellular,bulk
PB1,639,1999,1,SRR10013223,human,in vivo,extracellular,bulk
PB1,644,1722,2,SRR10013223,human,in vivo,extracellular,bulk
PB1,644,1733,1,SRR10013223,human,in vivo,extracellular,bulk
PB1,644,1737,4,SRR10013223,human,in vivo,extracellular,bulk
PB1,645,1745,2,SRR10013223,human,in vivo,extracellular,bulk
PB1,645,1831,3,SRR10013223,human,in vivo,extracellular,bulk
PB1,646,1752,1,SRR10013223,human,in vivo,extracellular,bulk
PB1,647,1749,1,SRR10013223,human,in vivo,extracellular,bulk
PB1,649,1737,3,SRR10013223,human,in vivo,extracellular,bulk
PB1,650,1735,5,SRR10013223,human,in vivo,extracellular,bulk
PB1,655,1730,2,SRR10013223,human,in vivo,extracellular,bulk
PB1,687,1994,4,SRR10013223,human,in vivo,extracellular,bulk
PB1,702,1669,1,SRR10013223,human,in vivo,extracellular,bulk
PB1,711,1624,1,SRR10013223,human,in vivo,extracellular,bulk
PB1,715,1565,1,SRR10013223,human,in vivo,extracellular,bulk
PB1,716,1552,1,SRR10013223,human,in vivo,extracellular,bulk
PB1,716,1586,2,SRR10013223,human,in vivo,extracellular,bulk
PB1,717,1678,1,SRR10013223,human,in vivo,extracellular,bulk
PB1,718,1544,1,SRR10013223,human,in vivo,extracellular,bulk
PB1,719,1566,1,SRR10013223,human,in vivo,extracellular,bulk
PB1,720,2231,1,SRR10013223,human,in vivo,extracellular,bulk
PB1,727,2022,1,SRR10013223,human,in vivo,extracellular,bulk
PB1,728,1555,48,SRR10013223,human,in vivo,extracellular,bulk
PB1,728,1642,4,SRR10013223,human,in vivo,extracellular,bulk
PB1,731,1572,2,SRR10013223,human,in vivo,extracellular,bulk
PB1,731,1611,1,SRR10013223,human,in vivo,extracellular,bulk
PB1,731,1749,1,SRR10013223,human,in vivo,extracellular,bulk
PB1,734,1722,1,SRR10013223,human,in vivo,extracellular,bulk
PB1,750,1338,3,SRR10013223,human,in vivo,extracellular,bulk
PB1,756,1567,1,SRR10013223,human,in vivo,extracellular,bulk
PB1,758,1711,1,SRR10013223,human,in vivo,extracellular,bulk
PB1,786,1762,1,SRR10013223,human,in vivo,extracellular,bulk
PB1,79,1334,1,SRR10013223,human,in vivo,extracellular,bulk
PB1,836,1858,1,SRR10013223,human,in vivo,extracellular,bulk
PB1,840,1584,1,SRR10013223,human,in vivo,extracellular,bulk
PB1,867,1746,1,SRR10013223,human,in vivo,extracellular,bulk
PB1,873,1834,1,SRR10013223,human,in vivo,extracellular,bulk
PB1,874,1540,2,SRR10013223,human,in vivo,extracellular,bulk
PB1,914,1027,1,SRR10013223,human,in vivo,extracellular,bulk
PB1,919,1582,1,SRR10013223,human,in vivo,extracellular,bulk
PB1,944,1424,1,SRR10013223,human,in vivo,extracellular,bulk
PB1,98,2019,1,SRR10013223,human,in vivo,extracellular,bulk
PB2,1003,1092,1,SRR10013223,human,in vivo,extracellular,bulk
PB2,1014,1791,1,SRR10013223,human,in vivo,extracellular,bulk
PB2,1055,1176,1,SRR10013223,human,in vivo,extracellular,bulk
PB2,1077,1619,1,SRR10013223,human,in vivo,extracellular,bulk
PB2,1102,1751,1,SRR10013223,human,in vivo,extracellular,bulk
PB2,1114,1171,1,SRR10013223,human,in vivo,extracellular,bulk
PB2,1123,1383,1,SRR10013223,human,in vivo,extracellular,bulk
PB2,1144,1513,1,SRR10013223,human,in vivo,extracellular,bulk
PB2,1151,1709,1,SRR10013223,human,in vivo,extracellular,bulk
PB2,1220,1762,1,SRR10013223,human,in vivo,extracellular,bulk
PB2,1304,1996,1,SRR10013223,human,in vivo,extracellular,bulk
PB2,135,1499,1,SRR10013223,human,in vivo,extracellular,bulk
PB2,138,2137,1,SRR10013223,human,in vivo,extracellular,bulk
PB2,140,1852,2,SRR10013223,human,in vivo,extracellular,bulk
PB2,146,2210,3,SRR10013223,human,in vivo,extracellular,bulk
PB2,1483,2069,1,SRR10013223,human,in vivo,extracellular,bulk
PB2,153,2086,1,SRR10013223,human,in vivo,extracellular,bulk
PB2,153,2151,4,SRR10013223,human,in vivo,extracellular,bulk
PB2,159,2196,1,SRR10013223,human,in vivo,extracellular,bulk
PB2,159,2198,12,SRR10013223,human,in vivo,extracellular,bulk
PB2,159,2214,3,SRR10013223,human,in vivo,extracellular,bulk
PB2,160,2192,9,SRR10013223,human,in vivo,extracellular,bulk
PB2,162,2217,54,SRR10013223,human,in vivo,extracellular,bulk
PB2,1638,2038,1,SRR10013223,human,in vivo,extracellular,bulk
PB2,1645,1920,2,SRR10013223,human,in vivo,extracellular,bulk
PB2,164,2142,1,SRR10013223,human,in vivo,extracellular,bulk
PB2,164,2144,7,SRR10013223,human,in vivo,extracellular,bulk
PB2,164,2211,1,SRR10013223,human,in vivo,extracellular,bulk
PB2,1656,1905,1,SRR10013223,human,in vivo,extracellular,bulk
PB2,1667,1916,1,SRR10013223,human,in vivo,extracellular,bulk
PB2,169,587,1,SRR10013223,human,in vivo,extracellular,bulk
PB2,170,2149,4,SRR10013223,human,in vivo,extracellular,bulk
PB2,171,2123,2,SRR10013223,human,in vivo,extracellular,bulk
PB2,1720,1894,1,SRR10013223,human,in vivo,extracellular,bulk
PB2,177,2123,1,SRR10013223,human,in vivo,extracellular,bulk
PB2,178,2142,2,SRR10013223,human,in vivo,extracellular,bulk
PB2,190,2070,1,SRR10013223,human,in vivo,extracellular,bulk
PB2,190,2198,3,SRR10013223,human,in vivo,extracellular,bulk
PB2,190,2199,1,SRR10013223,human,in vivo,extracellular,bulk
PB2,190,2243,1,SRR10013223,human,in vivo,extracellular,bulk
PB2,193,2210,12,SRR10013223,human,in vivo,extracellular,bulk
PB2,1968,2067,1,SRR10013223,human,in vivo,extracellular,bulk
PB2,199,2055,1,SRR10013223,human,in vivo,extracellular,bulk
PB2,201,2238,1,SRR10013223,human,in vivo,extracellular,bulk
PB2,203,1366,1,SRR10013223,human,in vivo,extracellular,bulk
PB2,203,1905,2,SRR10013223,human,in vivo,extracellular,bulk
PB2,203,2230,38,SRR10013223,human,in vivo,extracellular,bulk
PB2,2150,2211,1,SRR10013223,human,in vivo,extracellular,bulk
PB2,2171,2198,1,SRR10013223,human,in vivo,extracellular,bulk
PB2,243,2059,3,SRR10013223,human,in vivo,extracellular,bulk
PB2,243,2081,1,SRR10013223,human,in vivo,extracellular,bulk
PB2,243,2123,13,SRR10013223,human,in vivo,extracellular,bulk
PB2,243,2148,4,SRR10013223,human,in vivo,extracellular,bulk
PB2,243,2271,1,SRR10013223,human,in vivo,extracellular,bulk
PB2,243,2288,1,SRR10013223,human,in vivo,extracellular,bulk
PB2,244,1928,1,SRR10013223,human,in vivo,extracellular,bulk
PB2,244,2125,1,SRR10013223,human,in vivo,extracellular,bulk
PB2,244,2144,20,SRR10013223,human,in vivo,extracellular,bulk
PB2,244,2153,1,SRR10013223,human,in vivo,extracellular,bulk
PB2,244,2206,5,SRR10013223,human,in vivo,extracellular,bulk
PB2,244,2216,7,SRR10013223,human,in vivo,extracellular,bulk
PB2,244,2242,2,SRR10013223,human,in vivo,extracellular,bulk
PB2,244,2265,1,SRR10013223,human,in vivo,extracellular,bulk
PB2,244,2290,1,SRR10013223,human,in vivo,extracellular,bulk
PB2,245,1316,1,SRR10013223,human,in vivo,extracellular,bulk
PB2,245,1948,4,SRR10013223,human,in vivo,extracellular,bulk
PB2,245,2212,3,SRR10013223,human,in vivo,extracellular,bulk
PB2,248,2141,2,SRR10013223,human,in vivo,extracellular,bulk
PB2,262,2153,1,SRR10013223,human,in vivo,extracellular,bulk
PB2,275,1998,1,SRR10013223,human,in vivo,extracellular,bulk
PB2,302,1914,1,SRR10013223,human,in vivo,extracellular,bulk
PB2,314,698,1,SRR10013223,human,in vivo,extracellular,bulk
PB2,31,62,2,SRR10013223,human,in vivo,extracellular,bulk
PB2,328,1966,11,SRR10013223,human,in vivo,extracellular,bulk
PB2,328,378,1,SRR10013223,human,in vivo,extracellular,bulk
PB2,333,2207,1,SRR10013223,human,in vivo,extracellular,bulk
PB2,338,1964,5,SRR10013223,human,in vivo,extracellular,bulk
PB2,339,2212,2,SRR10013223,human,in vivo,extracellular,bulk
PB2,340,2011,1,SRR10013223,human,in vivo,extracellular,bulk
PB2,344,2017,1,SRR10013223,human,in vivo,extracellular,bulk
PB2,350,1888,2,SRR10013223,human,in vivo,extracellular,bulk
PB2,358,1954,2,SRR10013223,human,in vivo,extracellular,bulk
PB2,364,915,1,SRR10013223,human,in vivo,extracellular,bulk
PB2,379,1911,1,SRR10013223,human,in vivo,extracellular,bulk
PB2,386,1861,1,SRR10013223,human,in vivo,extracellular,bulk
PB2,392,1972,1,SRR10013223,human,in vivo,extracellular,bulk
PB2,395,1092,1,SRR10013223,human,in vivo,extracellular,bulk
PB2,396,1951,1,SRR10013223,human,in vivo,extracellular,bulk
PB2,397,1958,1,SRR10013223,human,in vivo,extracellular,bulk
PB2,400,1949,1,SRR10013223,human,in vivo,extracellular,bulk
PB2,405,1973,14,SRR10013223,human,in vivo,extracellular,bulk
PB2,410,1938,1,SRR10013223,human,in vivo,extracellular,bulk
PB2,413,1883,1,SRR10013223,human,in vivo,extracellular,bulk
PB2,413,494,3,SRR10013223,human,in vivo,extracellular,bulk
PB2,414,1961,2,SRR10013223,human,in vivo,extracellular,bulk
PB2,416,2031,4,SRR10013223,human,in vivo,extracellular,bulk
PB2,417,1927,1,SRR10013223,human,in vivo,extracellular,bulk
PB2,418,2031,1,SRR10013223,human,in vivo,extracellular,bulk
PB2,418,2036,2,SRR10013223,human,in vivo,extracellular,bulk
PB2,41,114,3,SRR10013223,human,in vivo,extracellular,bulk
PB2,41,67,1,SRR10013223,human,in vivo,extracellular,bulk
PB2,421,1921,1,SRR10013223,human,in vivo,extracellular,bulk
PB2,428,2034,1,SRR10013223,human,in vivo,extracellular,bulk
PB2,428,2211,1,SRR10013223,human,in vivo,extracellular,bulk
PB2,429,1965,23,SRR10013223,human,in vivo,extracellular,bulk
PB2,429,2019,3,SRR10013223,human,in vivo,extracellular,bulk
PB2,429,454,1,SRR10013223,human,in vivo,extracellular,bulk
PB2,42,65,3,SRR10013223,human,in vivo,extracellular,bulk
PB2,42,66,4,SRR10013223,human,in vivo,extracellular,bulk
PB2,43,68,3,SRR10013223,human,in vivo,extracellular,bulk
PB2,444,1868,1,SRR10013223,human,in vivo,extracellular,bulk
PB2,446,1771,2,SRR10013223,human,in vivo,extracellular,bulk
PB2,446,2022,1,SRR10013223,human,in vivo,extracellular,bulk
PB2,446,2076,1,SRR10013223,human,in vivo,extracellular,bulk
PB2,447,1966,1,SRR10013223,human,in vivo,extracellular,bulk
PB2,447,2064,2,SRR10013223,human,in vivo,extracellular,bulk
PB2,449,1928,2,SRR10013223,human,in vivo,extracellular,bulk
PB2,454,1905,1,SRR10013223,human,in vivo,extracellular,bulk
PB2,461,1548,1,SRR10013223,human,in vivo,extracellular,bulk
PB2,461,2294,1,SRR10013223,human,in vivo,extracellular,bulk
PB2,463,1990,1,SRR10013223,human,in vivo,extracellular,bulk
PB2,466,1979,3,SRR10013223,human,in vivo,extracellular,bulk
PB2,478,2004,1,SRR10013223,human,in vivo,extracellular,bulk
PB2,47,73,2,SRR10013223,human,in vivo,extracellular,bulk
PB2,481,1926,1,SRR10013223,human,in vivo,extracellular,bulk
PB2,490,1730,1,SRR10013223,human,in vivo,extracellular,bulk
PB2,498,1853,1,SRR10013223,human,in vivo,extracellular,bulk
PB2,504,2077,2,SRR10013223,human,in vivo,extracellular,bulk
PB2,519,1420,1,SRR10013223,human,in vivo,extracellular,bulk
PB2,525,1966,1,SRR10013223,human,in vivo,extracellular,bulk
PB2,527,2006,2,SRR10013223,human,in vivo,extracellular,bulk
PB2,551,2008,2,SRR10013223,human,in vivo,extracellular,bulk
PB2,563,1697,1,SRR10013223,human,in vivo,extracellular,bulk
PB2,570,615,1,SRR10013223,human,in vivo,extracellular,bulk
PB2,572,1467,1,SRR10013223,human,in vivo,extracellular,bulk
PB2,582,1074,1,SRR10013223,human,in vivo,extracellular,bulk
PB2,583,1668,1,SRR10013223,human,in vivo,extracellular,bulk
PB2,583,1773,1,SRR10013223,human,in vivo,extracellular,bulk
PB2,586,1877,1,SRR10013223,human,in vivo,extracellular,bulk
PB2,587,1487,1,SRR10013223,human,in vivo,extracellular,bulk
PB2,589,1874,1,SRR10013223,human,in vivo,extracellular,bulk
PB2,596,1868,1,SRR10013223,human,in vivo,extracellular,bulk
PB2,598,1953,1,SRR10013223,human,in vivo,extracellular,bulk
PB2,598,2059,1,SRR10013223,human,in vivo,extracellular,bulk
PB2,599,2032,1,SRR10013223,human,in vivo,extracellular,bulk
PB2,600,1160,2,SRR10013223,human,in vivo,extracellular,bulk
PB2,604,1680,3,SRR10013223,human,in vivo,extracellular,bulk
PB2,607,1466,1,SRR10013223,human,in vivo,extracellular,bulk
PB2,607,1963,1,SRR10013223,human,in vivo,extracellular,bulk
PB2,611,1827,3,SRR10013223,human,in vivo,extracellular,bulk
PB2,618,1038,1,SRR10013223,human,in vivo,extracellular,bulk
PB2,618,1577,1,SRR10013223,human,in vivo,extracellular,bulk
PB2,619,1576,1,SRR10013223,human,in vivo,extracellular,bulk
PB2,619,1735,1,SRR10013223,human,in vivo,extracellular,bulk
PB2,620,1710,1,SRR10013223,human,in vivo,extracellular,bulk
PB2,623,1736,1,SRR10013223,human,in vivo,extracellular,bulk
PB2,623,1764,1,SRR10013223,human,in vivo,extracellular,bulk
PB2,624,1909,1,SRR10013223,human,in vivo,extracellular,bulk
PB2,62,2086,2,SRR10013223,human,in vivo,extracellular,bulk
PB2,630,1573,1,SRR10013223,human,in vivo,extracellular,bulk
PB2,632,2124,2,SRR10013223,human,in vivo,extracellular,bulk
PB2,638,1950,5,SRR10013223,human,in vivo,extracellular,bulk
PB2,647,1740,1,SRR10013223,human,in vivo,extracellular,bulk
PB2,703,1771,1,SRR10013223,human,in vivo,extracellular,bulk
PB2,706,1743,3,SRR10013223,human,in vivo,extracellular,bulk
PB2,715,1747,1,SRR10013223,human,in vivo,extracellular,bulk
PB2,715,1982,1,SRR10013223,human,in vivo,extracellular,bulk
PB2,725,1614,1,SRR10013223,human,in vivo,extracellular,bulk
PB2,733,1661,1,SRR10013223,human,in vivo,extracellular,bulk
PB2,738,1754,3,SRR10013223,human,in vivo,extracellular,bulk
PB2,747,1692,1,SRR10013223,human,in vivo,extracellular,bulk
PB2,751,1739,1,SRR10013223,human,in vivo,extracellular,bulk
PB2,763,1679,2,SRR10013223,human,in vivo,extracellular,bulk
PB2,768,1689,1,SRR10013223,human,in vivo,extracellular,bulk
PB2,768,1861,1,SRR10013223,human,in vivo,extracellular,bulk
PB2,769,1662,1,SRR10013223,human,in vivo,extracellular,bulk
PB2,858,1495,1,SRR10013223,human,in vivo,extracellular,bulk
PB2,918,1516,1,SRR10013223,human,in vivo,extracellular,bulk
PB2,924,1480,1,SRR10013223,human,in vivo,extracellular,bulk
PB2,96,1834,2,SRR10013223,human,in vivo,extracellular,bulk
PA,1023,2048,1,SRR10013223,human,in vivo,extracellular,bulk
PA,110,297,2,SRR10013223,human,in vivo,extracellular,bulk
PA,1189,1867,1,SRR10013223,human,in vivo,extracellular,bulk
PA,1304,1849,1,SRR10013223,human,in vivo,extracellular,bulk
PA,1410,1826,1,SRR10013223,human,in vivo,extracellular,bulk
PA,145,1642,1,SRR10013223,human,in vivo,extracellular,bulk
PA,1520,1809,1,SRR10013223,human,in vivo,extracellular,bulk
PA,1604,1811,1,SRR10013223,human,in vivo,extracellular,bulk
PA,163,2033,2,SRR10013223,human,in vivo,extracellular,bulk
PA,202,2049,2,SRR10013223,human,in vivo,extracellular,bulk
PA,203,2108,1,SRR10013223,human,in vivo,extracellular,bulk
PA,2056,2117,1,SRR10013223,human,in vivo,extracellular,bulk
PA,212,471,1,SRR10013223,human,in vivo,extracellular,bulk
PA,216,2084,2,SRR10013223,human,in vivo,extracellular,bulk
PA,221,2034,2,SRR10013223,human,in vivo,extracellular,bulk
PA,232,1450,1,SRR10013223,human,in vivo,extracellular,bulk
PA,232,2041,1,SRR10013223,human,in vivo,extracellular,bulk
PA,242,2108,1,SRR10013223,human,in vivo,extracellular,bulk
PA,259,1708,1,SRR10013223,human,in vivo,extracellular,bulk
PA,261,1782,1,SRR10013223,human,in vivo,extracellular,bulk
PA,271,1493,1,SRR10013223,human,in vivo,extracellular,bulk
PA,314,1905,2,SRR10013223,human,in vivo,extracellular,bulk
PA,315,1903,1,SRR10013223,human,in vivo,extracellular,bulk
PA,316,2030,1,SRR10013223,human,in vivo,extracellular,bulk
PA,367,2132,1,SRR10013223,human,in vivo,extracellular,bulk
PA,370,1826,1,SRR10013223,human,in vivo,extracellular,bulk
PA,398,1485,2,SRR10013223,human,in vivo,extracellular,bulk
PA,403,1870,1,SRR10013223,human,in vivo,extracellular,bulk
PA,413,1860,1,SRR10013223,human,in vivo,extracellular,bulk
PA,426,2033,1,SRR10013223,human,in vivo,extracellular,bulk
PA,436,1721,2,SRR10013223,human,in vivo,extracellular,bulk
PA,463,1857,3,SRR10013223,human,in vivo,extracellular,bulk
PA,474,1618,1,SRR10013223,human,in vivo,extracellular,bulk
PA,476,1774,9,SRR10013223,human,in vivo,extracellular,bulk
PA,480,1833,1,SRR10013223,human,in vivo,extracellular,bulk
PA,486,1756,1,SRR10013223,human,in vivo,extracellular,bulk
PA,489,1837,3,SRR10013223,human,in vivo,extracellular,bulk
PA,490,1833,1,SRR10013223,human,in vivo,extracellular,bulk
PA,496,1773,1,SRR10013223,human,in vivo,extracellular,bulk
PA,505,1079,1,SRR10013223,human,in vivo,extracellular,bulk
PA,514,1719,1,SRR10013223,human,in vivo,extracellular,bulk
PA,514,1811,1,SRR10013223,human,in vivo,extracellular,bulk
PA,517,1812,1,SRR10013223,human,in vivo,extracellular,bulk
PA,527,1724,1,SRR10013223,human,in vivo,extracellular,bulk
PA,542,1789,1,SRR10013223,human,in vivo,extracellular,bulk
PA,547,1772,1,SRR10013223,human,in vivo,extracellular,bulk
PA,556,1954,1,SRR10013223,human,in vivo,extracellular,bulk
PA,562,1828,3,SRR10013223,human,in vivo,extracellular,bulk
PA,563,1705,1,SRR10013223,human,in vivo,extracellular,bulk
PA,574,1747,1,SRR10013223,human,in vivo,extracellular,bulk
PA,609,1688,1,SRR10013223,human,in vivo,extracellular,bulk
PA,625,1738,1,SRR10013223,human,in vivo,extracellular,bulk
PA,635,1641,1,SRR10013223,human,in vivo,extracellular,bulk
PA,671,1609,1,SRR10013223,human,in vivo,extracellular,bulk
PA,679,1637,1,SRR10013223,human,in vivo,extracellular,bulk
PA,719,1679,1,SRR10013223,human,in vivo,extracellular,bulk
PA,722,1640,2,SRR10013223,human,in vivo,extracellular,bulk
PA,764,1743,2,SRR10013223,human,in vivo,extracellular,bulk
PA,824,1473,1,SRR10013223,human,in vivo,extracellular,bulk
PA,82,1828,3,SRR10013223,human,in vivo,extracellular,bulk
PA,838,2067,1,SRR10013223,human,in vivo,extracellular,bulk
PA,83,1861,3,SRR10013223,human,in vivo,extracellular,bulk
PA,857,1299,1,SRR10013223,human,in vivo,extracellular,bulk
HA,1073,1409,1,SRR10013223,human,in vivo,extracellular,bulk
HA,108,360,1,SRR10013223,human,in vivo,extracellular,bulk
HA,109,845,1,SRR10013223,human,in vivo,extracellular,bulk
HA,112,1649,1,SRR10013223,human,in vivo,extracellular,bulk
HA,1132,1318,1,SRR10013223,human,in vivo,extracellular,bulk
HA,132,1054,1,SRR10013223,human,in vivo,extracellular,bulk
HA,231,869,1,SRR10013223,human,in vivo,extracellular,bulk
HA,237,1631,3,SRR10013223,human,in vivo,extracellular,bulk
HA,238,1103,1,SRR10013223,human,in vivo,extracellular,bulk
HA,284,1066,1,SRR10013223,human,in vivo,extracellular,bulk
HA,368,1592,1,SRR10013223,human,in vivo,extracellular,bulk
HA,38,1656,3,SRR10013223,human,in vivo,extracellular,bulk
HA,393,870,1,SRR10013223,human,in vivo,extracellular,bulk
HA,494,1406,1,SRR10013223,human,in vivo,extracellular,bulk
HA,708,841,1,SRR10013223,human,in vivo,extracellular,bulk
HA,846,1014,1,SRR10013223,human,in vivo,extracellular,bulk
HA,899,1205,1,SRR10013223,human,in vivo,extracellular,bulk
HA,992,1328,1,SRR10013223,human,in vivo,extracellular,bulk
HA,992,1574,1,SRR10013223,human,in vivo,extracellular,bulk
NP,116,1641,2,SRR10013223,human,in vivo,extracellular,bulk
NP,1274,1494,1,SRR10013223,human,in vivo,extracellular,bulk
NP,127,1640,3,SRR10013223,human,in vivo,extracellular,bulk
NP,158,1547,8,SRR10013223,human,in vivo,extracellular,bulk
NP,158,1634,1,SRR10013223,human,in vivo,extracellular,bulk
NP,1592,1636,4,SRR10013223,human,in vivo,extracellular,bulk
NP,256,1526,2,SRR10013223,human,in vivo,extracellular,bulk
NP,516,802,3,SRR10013223,human,in vivo,extracellular,bulk
NP,537,996,1,SRR10013223,human,in vivo,extracellular,bulk
NP,554,1282,1,SRR10013223,human,in vivo,extracellular,bulk
NP,591,1114,2,SRR10013223,human,in vivo,extracellular,bulk
NP,657,1285,1,SRR10013223,human,in vivo,extracellular,bulk
NP,737,1298,1,SRR10013223,human,in vivo,extracellular,bulk
NP,776,882,2,SRR10013223,human,in vivo,extracellular,bulk
NP,890,1292,3,SRR10013223,human,in vivo,extracellular,bulk
NP,894,1246,1,SRR10013223,human,in vivo,extracellular,bulk
NP,948,1121,1,SRR10013223,human,in vivo,extracellular,bulk
NP,953,1110,2,SRR10013223,human,in vivo,extracellular,bulk
NA,1061,1310,1,SRR10013223,human,in vivo,extracellular,bulk
NA,117,964,1,SRR10013223,human,in vivo,extracellular,bulk
NA,232,1319,1,SRR10013223,human,in vivo,extracellular,bulk
NA,259,305,1,SRR10013223,human,in vivo,extracellular,bulk
NA,261,397,1,SRR10013223,human,in vivo,extracellular,bulk
NA,352,1030,2,SRR10013223,human,in vivo,extracellular,bulk
NA,367,1385,1,SRR10013223,human,in vivo,extracellular,bulk
NA,382,1273,1,SRR10013223,human,in vivo,extracellular,bulk
NA,470,1493,1,SRR10013223,human,in vivo,extracellular,bulk
NA,488,1459,2,SRR10013223,human,in vivo,extracellular,bulk
NA,705,1288,1,SRR10013223,human,in vivo,extracellular,bulk
NA,830,1451,1,SRR10013223,human,in vivo,extracellular,bulk
NA,866,1251,1,SRR10013223,human,in vivo,extracellular,bulk
NA,97,627,1,SRR10013223,human,in vivo,extracellular,bulk
M,108,1011,1,SRR10013223,human,in vivo,extracellular,bulk
M,112,450,1,SRR10013223,human,in vivo,extracellular,bulk
M,122,1065,1,SRR10013223,human,in vivo,extracellular,bulk
M,130,1064,3,SRR10013223,human,in vivo,extracellular,bulk
M,141,1011,1,SRR10013223,human,in vivo,extracellular,bulk
M,191,1022,1,SRR10013223,human,in vivo,extracellular,bulk
M,267,919,1,SRR10013223,human,in vivo,extracellular,bulk
M,381,429,1,SRR10013223,human,in vivo,extracellular,bulk
M,414,491,1,SRR10013223,human,in vivo,extracellular,bulk
M,455,735,1,SRR10013223,human,in vivo,extracellular,bulk
M,476,718,1,SRR10013223,human,in vivo,extracellular,bulk
M,520,608,1,SRR10013223,human,in vivo,extracellular,bulk
M,576,1038,1,SRR10013223,human,in vivo,extracellular,bulk
M,579,908,1,SRR10013223,human,in vivo,extracellular,bulk
M,603,924,1,SRR10013223,human,in vivo,extracellular,bulk
M,628,905,1,SRR10013223,human,in vivo,extracellular,bulk
M,763,980,1,SRR10013223,human,in vivo,extracellular,bulk
M,879,922,1,SRR10013223,human,in vivo,extracellular,bulk
M,961,1071,1,SRR10013223,human,in vivo,extracellular,bulk
M,96,990,1,SRR10013223,human,in vivo,extracellular,bulk
NS,198,333,1,SRR10013223,human,in vivo,extracellular,bulk
NS,290,534,1,SRR10013223,human,in vivo,extracellular,bulk
NS,84,538,1,SRR10013223,human,in vivo,extracellular,bulk
PB1,107,1807,1,SRR10013244,human,in vivo,extracellular,bulk
PB1,109,395,1,SRR10013244,human,in vivo,extracellular,bulk
PB1,1346,1838,1,SRR10013244,human,in vivo,extracellular,bulk
PB1,1388,2020,1,SRR10013244,human,in vivo,extracellular,bulk
PB1,1402,1946,1,SRR10013244,human,in vivo,extracellular,bulk
PB1,152,2330,1,SRR10013244,human,in vivo,extracellular,bulk
PB1,156,2057,1,SRR10013244,human,in vivo,extracellular,bulk
PB1,1579,2216,1,SRR10013244,human,in vivo,extracellular,bulk
PB1,173,2212,47,SRR10013244,human,in vivo,extracellular,bulk
PB1,1751,2232,1,SRR10013244,human,in vivo,extracellular,bulk
PB1,176,2214,1,SRR10013244,human,in vivo,extracellular,bulk
PB1,1854,1934,14,SRR10013244,human,in vivo,extracellular,bulk
PB1,2137,2182,40,SRR10013244,human,in vivo,extracellular,bulk
PB1,2138,2189,1,SRR10013244,human,in vivo,extracellular,bulk
PB1,2142,2179,13,SRR10013244,human,in vivo,extracellular,bulk
PB1,233,368,1,SRR10013244,human,in vivo,extracellular,bulk
PB1,290,2005,1,SRR10013244,human,in vivo,extracellular,bulk
PB1,291,2019,1,SRR10013244,human,in vivo,extracellular,bulk
PB1,299,327,1,SRR10013244,human,in vivo,extracellular,bulk
PB1,300,1561,2,SRR10013244,human,in vivo,extracellular,bulk
PB1,311,2057,4,SRR10013244,human,in vivo,extracellular,bulk
PB1,311,2073,3,SRR10013244,human,in vivo,extracellular,bulk
PB1,317,2055,1,SRR10013244,human,in vivo,extracellular,bulk
PB1,322,2000,32,SRR10013244,human,in vivo,extracellular,bulk
PB1,330,2118,1,SRR10013244,human,in vivo,extracellular,bulk
PB1,342,1940,1,SRR10013244,human,in vivo,extracellular,bulk
PB1,347,1945,34,SRR10013244,human,in vivo,extracellular,bulk
PB1,352,2227,1,SRR10013244,human,in vivo,extracellular,bulk
PB1,370,2312,1,SRR10013244,human,in vivo,extracellular,bulk
PB1,370,893,1,SRR10013244,human,in vivo,extracellular,bulk
PB1,386,1934,102,SRR10013244,human,in vivo,extracellular,bulk
PB1,388,2186,1,SRR10013244,human,in vivo,extracellular,bulk
PB1,393,1814,8,SRR10013244,human,in vivo,extracellular,bulk
PB1,421,1810,34,SRR10013244,human,in vivo,extracellular,bulk
PB1,442,1797,11,SRR10013244,human,in vivo,extracellular,bulk
PB1,443,1647,2,SRR10013244,human,in vivo,extracellular,bulk
PB1,459,1811,1,SRR10013244,human,in vivo,extracellular,bulk
PB1,49,1772,1,SRR10013244,human,in vivo,extracellular,bulk
PB1,542,1776,3,SRR10013244,human,in vivo,extracellular,bulk
PB1,579,1737,1,SRR10013244,human,in vivo,extracellular,bulk
PB1,581,1750,58,SRR10013244,human,in vivo,extracellular,bulk
PB1,582,1857,1,SRR10013244,human,in vivo,extracellular,bulk
PB1,587,1614,1,SRR10013244,human,in vivo,extracellular,bulk
PB1,587,1736,1,SRR10013244,human,in vivo,extracellular,bulk
PB1,599,1453,1,SRR10013244,human,in vivo,extracellular,bulk
PB1,60,114,1,SRR10013244,human,in vivo,extracellular,bulk
PB1,613,1768,23,SRR10013244,human,in vivo,extracellular,bulk
PB1,613,1782,22,SRR10013244,human,in vivo,extracellular,bulk
PB1,627,1750,1,SRR10013244,human,in vivo,extracellular,bulk
PB1,629,1753,25,SRR10013244,human,in vivo,extracellular,bulk
PB1,630,1779,1,SRR10013244,human,in vivo,extracellular,bulk
PB1,631,1543,13,SRR10013244,human,in vivo,extracellular,bulk
PB1,631,1733,8,SRR10013244,human,in vivo,extracellular,bulk
PB1,639,1750,3,SRR10013244,human,in vivo,extracellular,bulk
PB1,642,1741,1,SRR10013244,human,in vivo,extracellular,bulk
PB1,697,1448,1,SRR10013244,human,in vivo,extracellular,bulk
PB1,719,1569,20,SRR10013244,human,in vivo,extracellular,bulk
PB1,728,1737,1,SRR10013244,human,in vivo,extracellular,bulk
PB1,777,1786,1,SRR10013244,human,in vivo,extracellular,bulk
PB1,798,1516,12,SRR10013244,human,in vivo,extracellular,bulk
PB1,801,1544,8,SRR10013244,human,in vivo,extracellular,bulk
PB1,839,1630,1,SRR10013244,human,in vivo,extracellular,bulk
PB1,893,1933,1,SRR10013244,human,in vivo,extracellular,bulk
PB1,899,1504,22,SRR10013244,human,in vivo,extracellular,bulk
PB1,914,1520,1,SRR10013244,human,in vivo,extracellular,bulk
PB1,924,1603,1,SRR10013244,human,in vivo,extracellular,bulk
PB1,978,2108,1,SRR10013244,human,in vivo,extracellular,bulk
PB1,979,2029,1,SRR10013244,human,in vivo,extracellular,bulk
PB2,1040,1115,1,SRR10013244,human,in vivo,extracellular,bulk
PB2,1059,2080,2,SRR10013244,human,in vivo,extracellular,bulk
PB2,1219,1651,1,SRR10013244,human,in vivo,extracellular,bulk
PB2,1337,1397,1,SRR10013244,human,in vivo,extracellular,bulk
PB2,1398,1657,1,SRR10013244,human,in vivo,extracellular,bulk
PB2,149,1096,1,SRR10013244,human,in vivo,extracellular,bulk
PB2,150,612,1,SRR10013244,human,in vivo,extracellular,bulk
PB2,1644,1792,3,SRR10013244,human,in vivo,extracellular,bulk
PB2,164,2125,37,SRR10013244,human,in vivo,extracellular,bulk
PB2,188,2199,13,SRR10013244,human,in vivo,extracellular,bulk
PB2,2211,2243,1,SRR10013244,human,in vivo,extracellular,bulk
PB2,238,2143,1,SRR10013244,human,in vivo,extracellular,bulk
PB2,242,1965,3,SRR10013244,human,in vivo,extracellular,bulk
PB2,243,2136,1,SRR10013244,human,in vivo,extracellular,bulk
PB2,244,1967,35,SRR10013244,human,in vivo,extracellular,bulk
PB2,247,2009,53,SRR10013244,human,in vivo,extracellular,bulk
PB2,264,591,1,SRR10013244,human,in vivo,extracellular,bulk
PB2,278,1936,1,SRR10013244,human,in vivo,extracellular,bulk
PB2,296,389,1,SRR10013244,human,in vivo,extracellular,bulk
PB2,309,1298,1,SRR10013244,human,in vivo,extracellular,bulk
PB2,339,1009,1,SRR10013244,human,in vivo,extracellular,bulk
PB2,343,1575,1,SRR10013244,human,in vivo,extracellular,bulk
PB2,354,1892,22,SRR10013244,human,in vivo,extracellular,bulk
PB2,367,1511,1,SRR10013244,human,in vivo,extracellular,bulk
PB2,445,1962,3,SRR10013244,human,in vivo,extracellular,bulk
PB2,44,2070,2,SRR10013244,human,in vivo,extracellular,bulk
PB2,45,150,1,SRR10013244,human,in vivo,extracellular,bulk
PB2,498,1912,2,SRR10013244,human,in vivo,extracellular,bulk
PB2,512,2085,1,SRR10013244,human,in vivo,extracellular,bulk
PB2,52,1837,1,SRR10013244,human,in vivo,extracellular,bulk
PB2,532,1880,3,SRR10013244,human,in vivo,extracellular,bulk
PB2,537,1888,22,SRR10013244,human,in vivo,extracellular,bulk
PB2,584,1875,1,SRR10013244,human,in vivo,extracellular,bulk
PB2,593,1027,1,SRR10013244,human,in vivo,extracellular,bulk
PB2,600,1160,1,SRR10013244,human,in vivo,extracellular,bulk
PB2,606,1166,1,SRR10013244,human,in vivo,extracellular,bulk
PB2,610,2070,2,SRR10013244,human,in vivo,extracellular,bulk
PB2,613,1457,1,SRR10013244,human,in vivo,extracellular,bulk
PB2,622,1752,33,SRR10013244,human,in vivo,extracellular,bulk
PB2,649,2291,1,SRR10013244,human,in vivo,extracellular,bulk
PB2,715,1910,9,SRR10013244,human,in vivo,extracellular,bulk
PB2,73,1891,2,SRR10013244,human,in vivo,extracellular,bulk
PB2,760,1707,1,SRR10013244,human,in vivo,extracellular,bulk
PB2,788,1708,19,SRR10013244,human,in vivo,extracellular,bulk
PB2,849,1006,1,SRR10013244,human,in vivo,extracellular,bulk
PB2,859,2166,1,SRR10013244,human,in vivo,extracellular,bulk
PB2,96,1834,1,SRR10013244,human,in vivo,extracellular,bulk
PA,1029,1183,2,SRR10013244,human,in vivo,extracellular,bulk
PA,1118,1195,1,SRR10013244,human,in vivo,extracellular,bulk
PA,1742,2076,1,SRR10013244,human,in vivo,extracellular,bulk
PA,1760,2091,1,SRR10013244,human,in vivo,extracellular,bulk
PA,209,1926,1,SRR10013244,human,in vivo,extracellular,bulk
PA,221,2034,1,SRR10013244,human,in vivo,extracellular,bulk
PA,298,1935,1,SRR10013244,human,in vivo,extracellular,bulk
PA,301,1739,3,SRR10013244,human,in vivo,extracellular,bulk
PA,308,953,1,SRR10013244,human,in vivo,extracellular,bulk
PA,399,1858,6,SRR10013244,human,in vivo,extracellular,bulk
PA,432,1923,1,SRR10013244,human,in vivo,extracellular,bulk
PA,43,204,1,SRR10013244,human,in vivo,extracellular,bulk
PA,450,2170,1,SRR10013244,human,in vivo,extracellular,bulk
PA,514,1811,1,SRR10013244,human,in vivo,extracellular,bulk
PA,527,830,1,SRR10013244,human,in vivo,extracellular,bulk
PA,530,1681,1,SRR10013244,human,in vivo,extracellular,bulk
PA,539,1783,2,SRR10013244,human,in vivo,extracellular,bulk
PA,556,1750,6,SRR10013244,human,in vivo,extracellular,bulk
PA,616,1758,1,SRR10013244,human,in vivo,extracellular,bulk
PA,627,1017,1,SRR10013244,human,in vivo,extracellular,bulk
PA,652,1187,1,SRR10013244,human,in vivo,extracellular,bulk
PA,656,1742,17,SRR10013244,human,in vivo,extracellular,bulk
PA,674,1690,1,SRR10013244,human,in vivo,extracellular,bulk
PA,699,1644,3,SRR10013244,human,in vivo,extracellular,bulk
PA,707,1687,10,SRR10013244,human,in vivo,extracellular,bulk
PA,720,1621,2,SRR10013244,human,in vivo,extracellular,bulk
HA,1008,1650,1,SRR10013244,human,in vivo,extracellular,bulk
HA,1056,1311,1,SRR10013244,human,in vivo,extracellular,bulk
HA,120,470,1,SRR10013244,human,in vivo,extracellular,bulk
HA,130,888,2,SRR10013244,human,in vivo,extracellular,bulk
HA,1345,1578,2,SRR10013244,human,in vivo,extracellular,bulk
HA,191,871,1,SRR10013244,human,in vivo,extracellular,bulk
HA,220,854,1,SRR10013244,human,in vivo,extracellular,bulk
HA,237,1480,1,SRR10013244,human,in vivo,extracellular,bulk
HA,388,1265,1,SRR10013244,human,in vivo,extracellular,bulk
HA,40,1161,1,SRR10013244,human,in vivo,extracellular,bulk
HA,40,1431,2,SRR10013244,human,in vivo,extracellular,bulk
HA,497,1154,2,SRR10013244,human,in vivo,extracellular,bulk
HA,50,813,1,SRR10013244,human,in vivo,extracellular,bulk
HA,514,1427,1,SRR10013244,human,in vivo,extracellular,bulk
HA,781,1180,1,SRR10013244,human,in vivo,extracellular,bulk
HA,846,1014,1,SRR10013244,human,in vivo,extracellular,bulk
NP,1264,1703,1,SRR10013244,human,in vivo,extracellular,bulk
NP,1376,1501,8,SRR10013244,human,in vivo,extracellular,bulk
NP,1391,1726,5,SRR10013244,human,in vivo,extracellular,bulk
NP,141,592,1,SRR10013244,human,in vivo,extracellular,bulk
NP,1544,1672,1,SRR10013244,human,in vivo,extracellular,bulk
NP,392,1608,1,SRR10013244,human,in vivo,extracellular,bulk
NP,516,802,8,SRR10013244,human,in vivo,extracellular,bulk
NP,824,1140,1,SRR10013244,human,in vivo,extracellular,bulk
NP,947,1146,13,SRR10013244,human,in vivo,extracellular,bulk
NA,1021,1097,1,SRR10013244,human,in vivo,extracellular,bulk
NA,1032,1493,1,SRR10013244,human,in vivo,extracellular,bulk
NA,341,1373,1,SRR10013244,human,in vivo,extracellular,bulk
NA,345,1028,1,SRR10013244,human,in vivo,extracellular,bulk
NA,535,968,1,SRR10013244,human,in vivo,extracellular,bulk
M,199,822,1,SRR10013244,human,in vivo,extracellular,bulk
M,390,426,2,SRR10013244,human,in vivo,extracellular,bulk
M,412,731,1,SRR10013244,human,in vivo,extracellular,bulk
M,662,1016,3,SRR10013244,human,in vivo,extracellular,bulk
M,710,977,1,SRR10013244,human,in vivo,extracellular,bulk
M,763,980,1,SRR10013244,human,in vivo,extracellular,bulk
PB1,1264,1373,1,SRR10013275,human,in vivo,extracellular,bulk
PB1,128,1088,1,SRR10013275,human,in vivo,extracellular,bulk
PB1,130,2034,1,SRR10013275,human,in vivo,extracellular,bulk
PB1,1567,2019,1,SRR10013275,human,in vivo,extracellular,bulk
PB1,1586,1953,1,SRR10013275,human,in vivo,extracellular,bulk
PB1,1596,2232,1,SRR10013275,human,in vivo,extracellular,bulk
PB1,165,899,1,SRR10013275,human,in vivo,extracellular,bulk
PB1,173,2074,1,SRR10013275,human,in vivo,extracellular,bulk
PB1,173,2212,60,SRR10013275,human,in vivo,extracellular,bulk
PB1,1773,1857,1,SRR10013275,human,in vivo,extracellular,bulk
PB1,1774,2031,1,SRR10013275,human,in vivo,extracellular,bulk
PB1,1779,2036,3,SRR10013275,human,in vivo,extracellular,bulk
PB1,1967,2300,3,SRR10013275,human,in vivo,extracellular,bulk
PB1,2143,2181,1,SRR10013275,human,in vivo,extracellular,bulk
PB1,233,1868,1,SRR10013275,human,in vivo,extracellular,bulk
PB1,253,445,1,SRR10013275,human,in vivo,extracellular,bulk
PB1,270,1675,1,SRR10013275,human,in vivo,extracellular,bulk
PB1,271,350,1,SRR10013275,human,in vivo,extracellular,bulk
PB1,280,1766,22,SRR10013275,human,in vivo,extracellular,bulk
PB1,280,2207,1,SRR10013275,human,in vivo,extracellular,bulk
PB1,287,1508,1,SRR10013275,human,in vivo,extracellular,bulk
PB1,290,1483,1,SRR10013275,human,in vivo,extracellular,bulk
PB1,290,2005,2,SRR10013275,human,in vivo,extracellular,bulk
PB1,291,2019,1,SRR10013275,human,in vivo,extracellular,bulk
PB1,293,360,1,SRR10013275,human,in vivo,extracellular,bulk
PB1,299,1558,2,SRR10013275,human,in vivo,extracellular,bulk
PB1,299,2060,1,SRR10013275,human,in vivo,extracellular,bulk
PB1,299,416,1,SRR10013275,human,in vivo,extracellular,bulk
PB1,300,1561,57,SRR10013275,human,in vivo,extracellular,bulk
PB1,300,2183,1,SRR10013275,human,in vivo,extracellular,bulk
PB1,303,2064,60,SRR10013275,human,in vivo,extracellular,bulk
PB1,308,2005,40,SRR10013275,human,in vivo,extracellular,bulk
PB1,308,2018,1,SRR10013275,human,in vivo,extracellular,bulk
PB1,310,2195,2,SRR10013275,human,in vivo,extracellular,bulk
PB1,311,2057,18,SRR10013275,human,in vivo,extracellular,bulk
PB1,311,2073,5,SRR10013275,human,in vivo,extracellular,bulk
PB1,326,2038,1,SRR10013275,human,in vivo,extracellular,bulk
PB1,330,2118,7,SRR10013275,human,in vivo,extracellular,bulk
PB1,337,1370,1,SRR10013275,human,in vivo,extracellular,bulk
PB1,356,2193,1,SRR10013275,human,in vivo,extracellular,bulk
PB1,358,1710,1,SRR10013275,human,in vivo,extracellular,bulk
PB1,364,452,1,SRR10013275,human,in vivo,extracellular,bulk
PB1,367,1868,3,SRR10013275,human,in vivo,extracellular,bulk
PB1,367,1935,38,SRR10013275,human,in vivo,extracellular,bulk
PB1,370,2227,1,SRR10013275,human,in vivo,extracellular,bulk
PB1,372,1920,1,SRR10013275,human,in vivo,extracellular,bulk
PB1,377,1670,1,SRR10013275,human,in vivo,extracellular,bulk
PB1,379,1916,1,SRR10013275,human,in vivo,extracellular,bulk
PB1,386,1934,196,SRR10013275,human,in vivo,extracellular,bulk
PB1,393,1841,1,SRR10013275,human,in vivo,extracellular,bulk
PB1,403,1607,1,SRR10013275,human,in vivo,extracellular,bulk
PB1,403,2035,1,SRR10013275,human,in vivo,extracellular,bulk
PB1,405,2202,1,SRR10013275,human,in vivo,extracellular,bulk
PB1,417,1920,4,SRR10013275,human,in vivo,extracellular,bulk
PB1,437,1995,1,SRR10013275,human,in vivo,extracellular,bulk
PB1,438,1744,46,SRR10013275,human,in vivo,extracellular,bulk
PB1,443,1647,1,SRR10013275,human,in vivo,extracellular,bulk
PB1,450,1779,83,SRR10013275,human,in vivo,extracellular,bulk
PB1,451,1780,2,SRR10013275,human,in vivo,extracellular,bulk
PB1,452,1771,1,SRR10013275,human,in vivo,extracellular,bulk
PB1,454,1657,1,SRR10013275,human,in vivo,extracellular,bulk
PB1,456,1693,1,SRR10013275,human,in vivo,extracellular,bulk
PB1,501,1810,40,SRR10013275,human,in vivo,extracellular,bulk
PB1,501,1812,1,SRR10013275,human,in vivo,extracellular,bulk
PB1,506,1803,1,SRR10013275,human,in vivo,extracellular,bulk
PB1,534,1814,17,SRR10013275,human,in vivo,extracellular,bulk
PB1,538,1773,60,SRR10013275,human,in vivo,extracellular,bulk
PB1,539,2069,1,SRR10013275,human,in vivo,extracellular,bulk
PB1,54,569,1,SRR10013275,human,in vivo,extracellular,bulk
PB1,576,1750,1,SRR10013275,human,in vivo,extracellular,bulk
PB1,579,1737,3,SRR10013275,human,in vivo,extracellular,bulk
PB1,581,1750,211,SRR10013275,human,in vivo,extracellular,bulk
PB1,582,1857,101,SRR10013275,human,in vivo,extracellular,bulk
PB1,585,1750,2,SRR10013275,human,in vivo,extracellular,bulk
PB1,585,1758,5,SRR10013275,human,in vivo,extracellular,bulk
PB1,587,1614,1,SRR10013275,human,in vivo,extracellular,bulk
PB1,589,1764,1,SRR10013275,human,in vivo,extracellular,bulk
PB1,599,1453,1,SRR10013275,human,in vivo,extracellular,bulk
PB1,59,265,1,SRR10013275,human,in vivo,extracellular,bulk
PB1,609,1777,1,SRR10013275,human,in vivo,extracellular,bulk
PB1,615,1783,40,SRR10013275,human,in vivo,extracellular,bulk
PB1,615,2217,1,SRR10013275,human,in vivo,extracellular,bulk
PB1,624,1777,38,SRR10013275,human,in vivo,extracellular,bulk
PB1,627,1750,3,SRR10013275,human,in vivo,extracellular,bulk
PB1,630,1779,1,SRR10013275,human,in vivo,extracellular,bulk
PB1,631,1733,23,SRR10013275,human,in vivo,extracellular,bulk
PB1,631,1826,1,SRR10013275,human,in vivo,extracellular,bulk
PB1,633,1761,96,SRR10013275,human,in vivo,extracellular,bulk
PB1,638,1845,31,SRR10013275,human,in vivo,extracellular,bulk
PB1,642,1741,1,SRR10013275,human,in vivo,extracellular,bulk
PB1,648,1742,51,SRR10013275,human,in vivo,extracellular,bulk
PB1,691,2107,1,SRR10013275,human,in vivo,extracellular,bulk
PB1,714,1830,8,SRR10013275,human,in vivo,extracellular,bulk
PB1,715,1565,1,SRR10013275,human,in vivo,extracellular,bulk
PB1,719,1569,15,SRR10013275,human,in vivo,extracellular,bulk
PB1,737,859,1,SRR10013275,human,in vivo,extracellular,bulk
PB1,763,1708,18,SRR10013275,human,in vivo,extracellular,bulk
PB1,792,1447,1,SRR10013275,human,in vivo,extracellular,bulk
PB1,792,1765,6,SRR10013275,human,in vivo,extracellular,bulk
PB1,794,1533,2,SRR10013275,human,in vivo,extracellular,bulk
PB1,797,1644,1,SRR10013275,human,in vivo,extracellular,bulk
PB1,798,1516,3,SRR10013275,human,in vivo,extracellular,bulk
PB1,799,1646,13,SRR10013275,human,in vivo,extracellular,bulk
PB1,800,1421,1,SRR10013275,human,in vivo,extracellular,bulk
PB1,801,1544,38,SRR10013275,human,in vivo,extracellular,bulk
PB1,873,1597,6,SRR10013275,human,in vivo,extracellular,bulk
PB1,907,1569,15,SRR10013275,human,in vivo,extracellular,bulk
PB1,919,1582,1,SRR10013275,human,in vivo,extracellular,bulk
PB1,946,2047,1,SRR10013275,human,in vivo,extracellular,bulk
PB2,1009,1105,2,SRR10013275,human,in vivo,extracellular,bulk
PB2,1059,2080,1,SRR10013275,human,in vivo,extracellular,bulk
PB2,1140,1764,1,SRR10013275,human,in vivo,extracellular,bulk
PB2,1177,2065,1,SRR10013275,human,in vivo,extracellular,bulk
PB2,1214,2179,1,SRR10013275,human,in vivo,extracellular,bulk
PB2,1269,1711,1,SRR10013275,human,in vivo,extracellular,bulk
PB2,135,162,2,SRR10013275,human,in vivo,extracellular,bulk
PB2,1497,1965,1,SRR10013275,human,in vivo,extracellular,bulk
PB2,161,2211,4,SRR10013275,human,in vivo,extracellular,bulk
PB2,163,2067,1,SRR10013275,human,in vivo,extracellular,bulk
PB2,1656,1905,1,SRR10013275,human,in vivo,extracellular,bulk
PB2,173,1057,1,SRR10013275,human,in vivo,extracellular,bulk
PB2,175,1232,1,SRR10013275,human,in vivo,extracellular,bulk
PB2,1761,2071,1,SRR10013275,human,in vivo,extracellular,bulk
PB2,1808,2227,1,SRR10013275,human,in vivo,extracellular,bulk
PB2,188,2199,69,SRR10013275,human,in vivo,extracellular,bulk
PB2,193,1970,1,SRR10013275,human,in vivo,extracellular,bulk
PB2,2018,2206,1,SRR10013275,human,in vivo,extracellular,bulk
PB2,205,2176,1,SRR10013275,human,in vivo,extracellular,bulk
PB2,2174,2205,58,SRR10013275,human,in vivo,extracellular,bulk
PB2,241,571,2,SRR10013275,human,in vivo,extracellular,bulk
PB2,244,2125,1,SRR10013275,human,in vivo,extracellular,bulk
PB2,244,2206,22,SRR10013275,human,in vivo,extracellular,bulk
PB2,247,2009,144,SRR10013275,human,in vivo,extracellular,bulk
PB2,251,2195,1,SRR10013275,human,in vivo,extracellular,bulk
PB2,252,582,1,SRR10013275,human,in vivo,extracellular,bulk
PB2,26,2049,1,SRR10013275,human,in vivo,extracellular,bulk
PB2,277,837,1,SRR10013275,human,in vivo,extracellular,bulk
PB2,285,2287,2,SRR10013275,human,in vivo,extracellular,bulk
PB2,286,617,1,SRR10013275,human,in vivo,extracellular,bulk
PB2,309,1298,2,SRR10013275,human,in vivo,extracellular,bulk
PB2,316,762,1,SRR10013275,human,in vivo,extracellular,bulk
PB2,344,588,1,SRR10013275,human,in vivo,extracellular,bulk
PB2,358,1174,1,SRR10013275,human,in vivo,extracellular,bulk
PB2,358,1954,1,SRR10013275,human,in vivo,extracellular,bulk
PB2,384,1313,1,SRR10013275,human,in vivo,extracellular,bulk
PB2,398,1791,1,SRR10013275,human,in vivo,extracellular,bulk
PB2,44,2070,2,SRR10013275,human,in vivo,extracellular,bulk
PB2,454,1982,29,SRR10013275,human,in vivo,extracellular,bulk
PB2,45,1067,1,SRR10013275,human,in vivo,extracellular,bulk
PB2,462,2061,1,SRR10013275,human,in vivo,extracellular,bulk
PB2,463,1990,1,SRR10013275,human,in vivo,extracellular,bulk
PB2,532,1880,2,SRR10013275,human,in vivo,extracellular,bulk
PB2,537,1888,35,SRR10013275,human,in vivo,extracellular,bulk
PB2,579,2260,13,SRR10013275,human,in vivo,extracellular,bulk
PB2,592,1159,1,SRR10013275,human,in vivo,extracellular,bulk
PB2,615,1176,2,SRR10013275,human,in vivo,extracellular,bulk
PB2,63,1087,1,SRR10013275,human,in vivo,extracellular,bulk
PB2,66,1112,1,SRR10013275,human,in vivo,extracellular,bulk
PB2,715,1698,1,SRR10013275,human,in vivo,extracellular,bulk
PB2,736,1041,1,SRR10013275,human,in vivo,extracellular,bulk
PB2,748,2068,2,SRR10013275,human,in vivo,extracellular,bulk
PB2,843,2141,1,SRR10013275,human,in vivo,extracellular,bulk
PA,107,1064,1,SRR10013275,human,in vivo,extracellular,bulk
PA,110,1756,2,SRR10013275,human,in vivo,extracellular,bulk
PA,1456,2039,2,SRR10013275,human,in vivo,extracellular,bulk
PA,1663,1931,1,SRR10013275,human,in vivo,extracellular,bulk
PA,1909,2047,1,SRR10013275,human,in vivo,extracellular,bulk
PA,2073,2170,1,SRR10013275,human,in vivo,extracellular,bulk
PA,209,1926,1,SRR10013275,human,in vivo,extracellular,bulk
PA,221,2034,1,SRR10013275,human,in vivo,extracellular,bulk
PA,229,2041,1,SRR10013275,human,in vivo,extracellular,bulk
PA,285,1197,2,SRR10013275,human,in vivo,extracellular,bulk
PA,360,1864,1,SRR10013275,human,in vivo,extracellular,bulk
PA,366,2025,1,SRR10013275,human,in vivo,extracellular,bulk
PA,366,2061,4,SRR10013275,human,in vivo,extracellular,bulk
PA,413,1901,6,SRR10013275,human,in vivo,extracellular,bulk
PA,429,1850,2,SRR10013275,human,in vivo,extracellular,bulk
PA,452,1735,1,SRR10013275,human,in vivo,extracellular,bulk
PA,459,1444,1,SRR10013275,human,in vivo,extracellular,bulk
PA,493,998,1,SRR10013275,human,in vivo,extracellular,bulk
PA,503,1809,26,SRR10013275,human,in vivo,extracellular,bulk
PA,530,1681,2,SRR10013275,human,in vivo,extracellular,bulk
PA,537,1781,1,SRR10013275,human,in vivo,extracellular,bulk
PA,539,1783,26,SRR10013275,human,in vivo,extracellular,bulk
PA,542,1352,18,SRR10013275,human,in vivo,extracellular,bulk
PA,548,1704,25,SRR10013275,human,in vivo,extracellular,bulk
PA,556,1750,10,SRR10013275,human,in vivo,extracellular,bulk
PA,578,1688,1,SRR10013275,human,in vivo,extracellular,bulk
PA,656,2115,1,SRR10013275,human,in vivo,extracellular,bulk
PA,696,1219,2,SRR10013275,human,in vivo,extracellular,bulk
PA,70,925,1,SRR10013275,human,in vivo,extracellular,bulk
PA,770,2086,1,SRR10013275,human,in vivo,extracellular,bulk
PA,83,1729,1,SRR10013275,human,in vivo,extracellular,bulk
HA,1179,1466,1,SRR10013275,human,in vivo,extracellular,bulk
HA,118,1037,1,SRR10013275,human,in vivo,extracellular,bulk
HA,125,1318,1,SRR10013275,human,in vivo,extracellular,bulk
HA,130,888,1,SRR10013275,human,in vivo,extracellular,bulk
HA,133,848,1,SRR10013275,human,in vivo,extracellular,bulk
HA,1358,1484,1,SRR10013275,human,in vivo,extracellular,bulk
HA,1561,1635,1,SRR10013275,human,in vivo,extracellular,bulk
HA,1586,1646,1,SRR10013275,human,in vivo,extracellular,bulk
HA,209,1157,1,SRR10013275,human,in vivo,extracellular,bulk
HA,215,628,1,SRR10013275,human,in vivo,extracellular,bulk
HA,217,1163,3,SRR10013275,human,in vivo,extracellular,bulk
HA,221,387,1,SRR10013275,human,in vivo,extracellular,bulk
HA,234,1070,1,SRR10013275,human,in vivo,extracellular,bulk
HA,269,1207,1,SRR10013275,human,in vivo,extracellular,bulk
HA,390,685,1,SRR10013275,human,in vivo,extracellular,bulk
HA,40,1431,1,SRR10013275,human,in vivo,extracellular,bulk
HA,50,813,1,SRR10013275,human,in vivo,extracellular,bulk
HA,723,1728,1,SRR10013275,human,in vivo,extracellular,bulk
HA,752,775,1,SRR10013275,human,in vivo,extracellular,bulk
HA,787,1199,22,SRR10013275,human,in vivo,extracellular,bulk
HA,817,840,1,SRR10013275,human,in vivo,extracellular,bulk
HA,826,1206,2,SRR10013275,human,in vivo,extracellular,bulk
HA,899,1205,1,SRR10013275,human,in vivo,extracellular,bulk
HA,913,1286,1,SRR10013275,human,in vivo,extracellular,bulk
HA,953,976,1,SRR10013275,human,in vivo,extracellular,bulk
NP,1387,1705,12,SRR10013275,human,in vivo,extracellular,bulk
NP,440,510,1,SRR10013275,human,in vivo,extracellular,bulk
NP,515,1315,1,SRR10013275,human,in vivo,extracellular,bulk
NP,516,802,8,SRR10013275,human,in vivo,extracellular,bulk
NP,76,668,1,SRR10013275,human,in vivo,extracellular,bulk
NP,881,1083,2,SRR10013275,human,in vivo,extracellular,bulk
NP,894,1246,7,SRR10013275,human,in vivo,extracellular,bulk
NA,1227,1254,1,SRR10013275,human,in vivo,extracellular,bulk
NA,160,1266,14,SRR10013275,human,in vivo,extracellular,bulk
NA,232,962,60,SRR10013275,human,in vivo,extracellular,bulk
NA,27,1361,1,SRR10013275,human,in vivo,extracellular,bulk
NA,311,449,1,SRR10013275,human,in vivo,extracellular,bulk
NA,404,455,1,SRR10013275,human,in vivo,extracellular,bulk
NA,515,880,1,SRR10013275,human,in vivo,extracellular,bulk
NA,83,1022,1,SRR10013275,human,in vivo,extracellular,bulk
M,1045,1105,1,SRR10013275,human,in vivo,extracellular,bulk
M,191,978,1,SRR10013275,human,in vivo,extracellular,bulk
M,264,495,1,SRR10013275,human,in vivo,extracellular,bulk
M,317,627,1,SRR10013275,human,in vivo,extracellular,bulk
M,402,686,1,SRR10013275,human,in vivo,extracellular,bulk
M,40,656,1,SRR10013275,human,in vivo,extracellular,bulk
M,441,777,1,SRR10013275,human,in vivo,extracellular,bulk
M,575,1097,1,SRR10013275,human,in vivo,extracellular,bulk
M,662,1016,1,SRR10013275,human,in vivo,extracellular,bulk
M,943,1128,1,SRR10013275,human,in vivo,extracellular,bulk
NS,179,855,1,SRR10013275,human,in vivo,extracellular,bulk
NS,540,638,1,SRR10013275,human,in vivo,extracellular,bulk
