index,ID,UMAP1,UMAP2,Cluster,centroid_x,centroid_y
0,A_PuertoRico_8_1934_HA_100_1564,10.222695,5.3663225,2,9.754804976206675,6.521976917349043
1,A_PuertoRico_8_1934_HA_103_1507,9.07114,4.6152387,-1,,
2,A_PuertoRico_8_1934_HA_103_1518,8.980966,4.548362,-1,,
3,A_PuertoRico_8_1934_HA_103_1581,8.908127,4.55666,1,8.550401544412672,2.2072208778165874
4,A_PuertoRico_8_1934_HA_103_1613,9.0543785,4.5787597,1,8.550401544412672,2.2072208778165874
5,A_PuertoRico_8_1934_HA_106_1581,8.874358,4.5289454,1,8.550401544412672,2.2072208778165874
6,A_PuertoRico_8_1934_HA_108_1546,0.66216975,4.7657137,0,2.5527971814392396,5.152696836555193
7,A_PuertoRico_8_1934_HA_110_1554,4.0752873,6.126939,0,2.5527971814392396,5.152696836555193
8,A_PuertoRico_8_1934_HA_111_1547,8.883962,4.2057285,1,8.550401544412672,2.2072208778165874
9,A_PuertoRico_8_1934_HA_113_1504,3.6404483,6.933993,0,2.5527971814392396,5.152696836555193
10,A_PuertoRico_8_1934_HA_114_1570,9.050435,2.5857708,1,8.550401544412672,2.2072208778165874
11,A_PuertoRico_8_1934_HA_116_1500,3.9929938,3.555024,0,2.5527971814392396,5.152696836555193
12,A_PuertoRico_8_1934_HA_117_1477,0.39662254,4.869468,0,2.5527971814392396,5.152696836555193
13,A_PuertoRico_8_1934_HA_117_1546,0.7850395,4.7137885,0,2.5527971814392396,5.152696836555193
14,A_PuertoRico_8_1934_HA_117_1565,3.6000612,3.3563662,0,2.5527971814392396,5.152696836555193
15,A_PuertoRico_8_1934_HA_118_1645,5.9887333,5.2752233,3,6.762256569946951,5.452094065362477
16,A_PuertoRico_8_1934_HA_120_1531,8.54657,4.5112734,1,8.550401544412672,2.2072208778165874
17,A_PuertoRico_8_1934_HA_123_1491,4.0024085,3.6681705,0,2.5527971814392396,5.152696836555193
18,A_PuertoRico_8_1934_HA_123_1508,4.1145716,3.5672069,0,2.5527971814392396,5.152696836555193
19,A_PuertoRico_8_1934_HA_124_1580,7.8681307,3.9384804,-1,,
20,A_PuertoRico_8_1934_HA_126_1343,8.821928,4.3356442,1,8.550401544412672,2.2072208778165874
21,A_PuertoRico_8_1934_HA_126_1476,8.713572,4.4145565,1,8.550401544412672,2.2072208778165874
22,A_PuertoRico_8_1934_HA_126_1498,8.66326,4.304101,1,8.550401544412672,2.2072208778165874
23,A_PuertoRico_8_1934_HA_126_1502,8.641341,4.367307,1,8.550401544412672,2.2072208778165874
24,A_PuertoRico_8_1934_HA_126_1547,8.800341,4.279132,1,8.550401544412672,2.2072208778165874
25,A_PuertoRico_8_1934_HA_126_1560,8.657837,4.3635826,1,8.550401544412672,2.2072208778165874
26,A_PuertoRico_8_1934_HA_128_1631,11.235061,6.150979,2,9.754804976206675,6.521976917349043
27,A_PuertoRico_8_1934_HA_129_1469,-0.13383037,5.558262,0,2.5527971814392396,5.152696836555193
28,A_PuertoRico_8_1934_HA_129_1586,-0.049553733,5.7480884,0,2.5527971814392396,5.152696836555193
29,A_PuertoRico_8_1934_HA_130_1460,2.6475031,4.622373,0,2.5527971814392396,5.152696836555193
30,A_PuertoRico_8_1934_HA_132_1525,-0.48995492,5.338161,0,2.5527971814392396,5.152696836555193
31,A_PuertoRico_8_1934_HA_132_180,-0.21581292,4.9346113,0,2.5527971814392396,5.152696836555193
32,A_PuertoRico_8_1934_HA_134_1508,4.1731706,3.593212,0,2.5527971814392396,5.152696836555193
33,A_PuertoRico_8_1934_HA_135_1498,8.6101885,4.3763604,1,8.550401544412672,2.2072208778165874
34,A_PuertoRico_8_1934_HA_135_1511,8.739566,4.4440527,1,8.550401544412672,2.2072208778165874
35,A_PuertoRico_8_1934_HA_135_1581,8.816069,4.489076,1,8.550401544412672,2.2072208778165874
36,A_PuertoRico_8_1934_HA_136_1485,4.1318407,4.5600076,0,2.5527971814392396,5.152696836555193
37,A_PuertoRico_8_1934_HA_136_1529,4.2846975,4.6927457,0,2.5527971814392396,5.152696836555193
38,A_PuertoRico_8_1934_HA_139_1533,3.425255,7.1586256,0,2.5527971814392396,5.152696836555193
39,A_PuertoRico_8_1934_HA_140_1581,8.892827,4.5422544,1,8.550401544412672,2.2072208778165874
40,A_PuertoRico_8_1934_HA_1417_1447,8.06872,4.4037867,-1,,
41,A_PuertoRico_8_1934_HA_141_1512,8.125932,7.204902,2,9.754804976206675,6.521976917349043
42,A_PuertoRico_8_1934_HA_1429_1455,7.3852353,3.636274,-1,,
43,A_PuertoRico_8_1934_HA_1483_1518,9.116578,4.6481767,-1,,
44,A_PuertoRico_8_1934_HA_1483_1532,9.897561,5.2063847,2,9.754804976206675,6.521976917349043
45,A_PuertoRico_8_1934_HA_149_1584,4.57549,6.161247,0,2.5527971814392396,5.152696836555193
46,A_PuertoRico_8_1934_HA_1507_1550,3.3579428,4.318501,0,2.5527971814392396,5.152696836555193
47,A_PuertoRico_8_1934_HA_151_1447,8.094148,4.4241076,-1,,
48,A_PuertoRico_8_1934_HA_151_1496,8.714936,5.442573,-1,,
49,A_PuertoRico_8_1934_HA_1534_1650,7.224269,2.188075,1,8.550401544412672,2.2072208778165874
50,A_PuertoRico_8_1934_HA_153_1450,0.3174418,5.0830765,0,2.5527971814392396,5.152696836555193
51,A_PuertoRico_8_1934_HA_153_1505,0.309906,5.1197157,0,2.5527971814392396,5.152696836555193
52,A_PuertoRico_8_1934_HA_154_1580,2.6887164,4.8492785,0,2.5527971814392396,5.152696836555193
53,A_PuertoRico_8_1934_HA_156_1561,8.702462,4.479336,1,8.550401544412672,2.2072208778165874
54,A_PuertoRico_8_1934_HA_158_1345,8.522069,4.373016,1,8.550401544412672,2.2072208778165874
55,A_PuertoRico_8_1934_HA_158_1440,8.563184,4.3564577,1,8.550401544412672,2.2072208778165874
56,A_PuertoRico_8_1934_HA_158_1498,8.612659,4.363665,1,8.550401544412672,2.2072208778165874
57,A_PuertoRico_8_1934_HA_1629_1709,3.0612736,7.090621,0,2.5527971814392396,5.152696836555193
58,A_PuertoRico_8_1934_HA_162_1421,8.829927,4.2575917,1,8.550401544412672,2.2072208778165874
59,A_PuertoRico_8_1934_HA_162_1535,8.865963,4.114484,1,8.550401544412672,2.2072208778165874
60,A_PuertoRico_8_1934_HA_164_1421,8.762238,4.289374,1,8.550401544412672,2.2072208778165874
61,A_PuertoRico_8_1934_HA_164_1498,8.659938,4.3091803,1,8.550401544412672,2.2072208778165874
62,A_PuertoRico_8_1934_HA_166_1447,8.154393,4.356023,-1,,
63,A_PuertoRico_8_1934_HA_166_1518,8.807425,4.4261513,1,8.550401544412672,2.2072208778165874
64,A_PuertoRico_8_1934_HA_167_1644,4.0331473,4.757932,0,2.5527971814392396,5.152696836555193
65,A_PuertoRico_8_1934_HA_168_1454,8.77528,4.5318394,1,8.550401544412672,2.2072208778165874
66,A_PuertoRico_8_1934_HA_173_1391,3.6145947,2.6507475,0,2.5527971814392396,5.152696836555193
67,A_PuertoRico_8_1934_HA_174_1383,8.73522,4.172027,1,8.550401544412672,2.2072208778165874
68,A_PuertoRico_8_1934_HA_174_1470,8.875164,4.194904,1,8.550401544412672,2.2072208778165874
69,A_PuertoRico_8_1934_HA_174_1484,8.843233,4.1795,1,8.550401544412672,2.2072208778165874
70,A_PuertoRico_8_1934_HA_174_1487,8.835911,4.163558,1,8.550401544412672,2.2072208778165874
71,A_PuertoRico_8_1934_HA_175_1429,7.6927147,3.9807935,-1,,
72,A_PuertoRico_8_1934_HA_175_1448,7.6892457,3.9523568,-1,,
73,A_PuertoRico_8_1934_HA_175_1466,7.7336435,3.891462,-1,,
74,A_PuertoRico_8_1934_HA_178_1460,2.6098406,4.451287,0,2.5527971814392396,5.152696836555193
75,A_PuertoRico_8_1934_HA_182_1480,2.7111657,5.678907,0,2.5527971814392396,5.152696836555193
76,A_PuertoRico_8_1934_HA_183_1509,-0.04332851,5.72684,0,2.5527971814392396,5.152696836555193
77,A_PuertoRico_8_1934_HA_185_1489,8.914691,5.006998,-1,,
78,A_PuertoRico_8_1934_HA_186_1697,4.35003,4.2325034,0,2.5527971814392396,5.152696836555193
79,A_PuertoRico_8_1934_HA_189_1532,9.922823,4.77209,-1,,
80,A_PuertoRico_8_1934_HA_191_1404,3.8817742,7.2718906,0,2.5527971814392396,5.152696836555193
81,A_PuertoRico_8_1934_HA_194_1629,4.3854423,5.013765,0,2.5527971814392396,5.152696836555193
82,A_PuertoRico_8_1934_HA_195_1397,6.98779,5.554305,3,6.762256569946951,5.452094065362477
83,A_PuertoRico_8_1934_HA_202_1523,6.7569475,6.3411803,3,6.762256569946951,5.452094065362477
84,A_PuertoRico_8_1934_HA_205_1476,8.851002,4.6042,1,8.550401544412672,2.2072208778165874
85,A_PuertoRico_8_1934_HA_206_1345,8.114051,4.413779,-1,,
86,A_PuertoRico_8_1934_HA_206_1447,8.081466,4.38803,-1,,
87,A_PuertoRico_8_1934_HA_206_1699,8.015191,4.3982024,-1,,
88,A_PuertoRico_8_1934_HA_207_1344,2.734806,4.2595515,0,2.5527971814392396,5.152696836555193
89,A_PuertoRico_8_1934_HA_207_233,2.600158,4.369003,0,2.5527971814392396,5.152696836555193
90,A_PuertoRico_8_1934_HA_208_1501,0.018867973,5.716038,0,2.5527971814392396,5.152696836555193
91,A_PuertoRico_8_1934_HA_208_1534,-0.015779974,5.75529,0,2.5527971814392396,5.152696836555193
92,A_PuertoRico_8_1934_HA_210_1343,9.075348,4.142381,1,8.550401544412672,2.2072208778165874
93,A_PuertoRico_8_1934_HA_210_1447,8.051404,4.3477364,-1,,
94,A_PuertoRico_8_1934_HA_215_1646,9.636957,5.2173424,2,9.754804976206675,6.521976917349043
95,A_PuertoRico_8_1934_HA_216_1678,7.248438,6.7514987,3,6.762256569946951,5.452094065362477
96,A_PuertoRico_8_1934_HA_218_1417,2.760375,5.8678827,0,2.5527971814392396,5.152696836555193
97,A_PuertoRico_8_1934_HA_219_1648,1.7132316,5.015525,0,2.5527971814392396,5.152696836555193
98,A_PuertoRico_8_1934_HA_231_1428,8.655635,5.2046604,-1,,
99,A_PuertoRico_8_1934_HA_231_1500,3.9861047,3.44706,0,2.5527971814392396,5.152696836555193
100,A_PuertoRico_8_1934_HA_236_1409,8.2640915,7.342362,2,9.754804976206675,6.521976917349043
101,A_PuertoRico_8_1934_HA_249_1490,9.721946,5.040977,-1,,
102,A_PuertoRico_8_1934_HA_249_1532,9.856257,5.055014,2,9.754804976206675,6.521976917349043
103,A_PuertoRico_8_1934_HA_262_1356,0.07715838,4.9593105,0,2.5527971814392396,5.152696836555193
104,A_PuertoRico_8_1934_HA_262_1477,0.14591293,4.9050927,0,2.5527971814392396,5.152696836555193
105,A_PuertoRico_8_1934_HA_262_1692,0.09437958,4.939985,0,2.5527971814392396,5.152696836555193
106,A_PuertoRico_8_1934_HA_263_1104,0.99931824,5.7554855,0,2.5527971814392396,5.152696836555193
107,A_PuertoRico_8_1934_HA_272_1418,9.727231,3.9059699,-1,,
108,A_PuertoRico_8_1934_HA_274_1378,6.6675224,6.289572,3,6.762256569946951,5.452094065362477
109,A_PuertoRico_8_1934_HA_274_1440,8.4805565,4.448816,1,8.550401544412672,2.2072208778165874
110,A_PuertoRico_8_1934_HA_274_1576,6.7886868,6.2216406,3,6.762256569946951,5.452094065362477
111,A_PuertoRico_8_1934_HA_278_1428,8.601078,5.019278,-1,,
112,A_PuertoRico_8_1934_HA_282_1349,3.1952953,4.4141355,0,2.5527971814392396,5.152696836555193
113,A_PuertoRico_8_1934_HA_283_1375,0.38541514,5.0697,0,2.5527971814392396,5.152696836555193
114,A_PuertoRico_8_1934_HA_283_1420,0.36261994,5.033719,0,2.5527971814392396,5.152696836555193
115,A_PuertoRico_8_1934_HA_289_1467,3.916208,6.720172,0,2.5527971814392396,5.152696836555193
116,A_PuertoRico_8_1934_HA_290_1418,8.887165,4.3894677,-1,,
117,A_PuertoRico_8_1934_HA_292_1483,2.5019205,3.930152,0,2.5527971814392396,5.152696836555193
118,A_PuertoRico_8_1934_HA_297_1363,4.413817,5.188278,0,2.5527971814392396,5.152696836555193
119,A_PuertoRico_8_1934_HA_302_1348,-0.06162379,5.610093,0,2.5527971814392396,5.152696836555193
120,A_PuertoRico_8_1934_HA_308_1436,7.6923976,3.070945,1,8.550401544412672,2.2072208778165874
121,A_PuertoRico_8_1934_HA_309_1413,2.4717457,3.456765,0,2.5527971814392396,5.152696836555193
122,A_PuertoRico_8_1934_HA_314_1644,4.1460724,4.760825,0,2.5527971814392396,5.152696836555193
123,A_PuertoRico_8_1934_HA_316_1343,9.087407,4.3393393,1,8.550401544412672,2.2072208778165874
124,A_PuertoRico_8_1934_HA_316_1373,9.218595,4.5669293,-1,,
125,A_PuertoRico_8_1934_HA_321_1605,-0.028768528,5.7618046,0,2.5527971814392396,5.152696836555193
126,A_PuertoRico_8_1934_HA_329_1447,8.063254,4.339669,-1,,
127,A_PuertoRico_8_1934_HA_332_1254,8.307034,0.538695,1,8.550401544412672,2.2072208778165874
128,A_PuertoRico_8_1934_HA_339_1348,-0.030750785,5.7072616,0,2.5527971814392396,5.152696836555193
129,A_PuertoRico_8_1934_HA_368_1392,4.254909,7.144908,0,2.5527971814392396,5.152696836555193
130,A_PuertoRico_8_1934_HA_375_1080,2.8024359,3.3976002,0,2.5527971814392396,5.152696836555193
131,A_PuertoRico_8_1934_HA_465_1350,8.850206,1.8192371,1,8.550401544412672,2.2072208778165874
132,A_PuertoRico_8_1934_HA_47_107,8.839515,4.356483,1,8.550401544412672,2.2072208778165874
133,A_PuertoRico_8_1934_HA_47_1581,8.865952,4.4964833,1,8.550401544412672,2.2072208778165874
134,A_PuertoRico_8_1934_HA_48_1485,4.0184345,4.585936,0,2.5527971814392396,5.152696836555193
135,A_PuertoRico_8_1934_HA_51_1540,8.849008,4.0604544,1,8.550401544412672,2.2072208778165874
136,A_PuertoRico_8_1934_HA_529_1081,0.058941588,5.092174,0,2.5527971814392396,5.152696836555193
137,A_PuertoRico_8_1934_HA_65_1489,9.011169,5.017895,-1,,
138,A_PuertoRico_8_1934_HA_75_1514,0.1276161,5.5058455,0,2.5527971814392396,5.152696836555193
139,A_PuertoRico_8_1934_HA_80_1536,3.0732508,3.0387104,0,2.5527971814392396,5.152696836555193
140,A_PuertoRico_8_1934_HA_81_1585,-0.05556966,5.284564,0,2.5527971814392396,5.152696836555193
141,A_PuertoRico_8_1934_HA_84_1558,3.6606247,6.2225804,0,2.5527971814392396,5.152696836555193
142,A_PuertoRico_8_1934_HA_85_1538,7.7237473,4.344699,-1,,
143,A_PuertoRico_8_1934_HA_85_1719,7.533359,3.699926,-1,,
144,A_PuertoRico_8_1934_HA_86_1533,3.2136242,6.616197,0,2.5527971814392396,5.152696836555193
145,A_PuertoRico_8_1934_HA_87_1489,8.911388,4.7078004,-1,,
146,A_PuertoRico_8_1934_HA_87_1581,8.8626375,4.5382323,1,8.550401544412672,2.2072208778165874
147,A_PuertoRico_8_1934_HA_91_1533,3.3691664,7.190619,0,2.5527971814392396,5.152696836555193
148,A_PuertoRico_8_1934_HA_91_1554,3.465344,7.198726,0,2.5527971814392396,5.152696836555193
149,A_PuertoRico_8_1934_HA_92_1484,8.786976,4.5866585,1,8.550401544412672,2.2072208778165874
150,A_PuertoRico_8_1934_HA_92_1581,8.885123,4.602319,1,8.550401544412672,2.2072208778165874
151,A_PuertoRico_8_1934_HA_93_140,2.5387056,4.3915167,0,2.5527971814392396,5.152696836555193
152,A_PuertoRico_8_1934_HA_93_1460,2.6349432,4.6120014,0,2.5527971814392396,5.152696836555193
153,A_PuertoRico_8_1934_HA_94_1534,0.029500304,5.837492,0,2.5527971814392396,5.152696836555193
154,A_PuertoRico_8_1934_HA_96_1484,8.696323,4.115413,1,8.550401544412672,2.2072208778165874
155,A_PuertoRico_8_1934_HA_96_1518,8.715326,4.134273,1,8.550401544412672,2.2072208778165874
156,A_PuertoRico_8_1934_HA_96_1569,8.640913,4.0737433,-1,,
157,A_PuertoRico_8_1934_HA_96_1574,8.632688,4.0962806,1,8.550401544412672,2.2072208778165874
158,A_PuertoRico_8_1934_HA_975_1341,8.690056,4.4077263,1,8.550401544412672,2.2072208778165874
159,A_PuertoRico_8_1934_HA_97_1539,3.686124,6.0753202,0,2.5527971814392396,5.152696836555193
160,A_PuertoRico_8_1934_HA_97_1558,3.662501,6.201819,0,2.5527971814392396,5.152696836555193
161,A_PuertoRico_8_1934_HA_97_1584,4.0908036,6.1079526,0,2.5527971814392396,5.152696836555193
162,A_PuertoRico_8_1934_HA_97_1589,3.787317,6.3074074,0,2.5527971814392396,5.152696836555193
163,A_PuertoRico_8_1934_HA_98_1518,8.863918,4.408162,-1,,
164,A_PuertoRico_8_1934_HA_98_1537,8.038058,4.259512,-1,,
165,A_PuertoRico_8_1934_HA_98_1602,7.87143,2.1632626,1,8.550401544412672,2.2072208778165874
166,A_PuertoRico_8_1934_M_121_853,2.1897366,4.6931877,0,2.5527971814392396,5.152696836555193
167,A_PuertoRico_8_1934_M_126_741,0.6926496,5.625849,0,2.5527971814392396,5.152696836555193
168,A_PuertoRico_8_1934_M_132_939,6.280084,4.712327,3,6.762256569946951,5.452094065362477
169,A_PuertoRico_8_1934_M_175_907,9.373844,3.6340804,1,8.550401544412672,2.2072208778165874
170,A_PuertoRico_8_1934_M_52_741,0.6555061,5.9474397,0,2.5527971814392396,5.152696836555193
171,A_PuertoRico_8_1934_M_738_824,9.695411,7.2907877,2,9.754804976206675,6.521976917349043
172,A_PuertoRico_8_1934_NA_1166_1329,3.5572598,5.283561,0,2.5527971814392396,5.152696836555193
173,A_PuertoRico_8_1934_NA_121_1114,4.0213604,2.9623744,0,2.5527971814392396,5.152696836555193
174,A_PuertoRico_8_1934_NA_155_224,3.5846689,2.7188632,0,2.5527971814392396,5.152696836555193
175,A_PuertoRico_8_1934_NA_156_207,7.431939,2.0200934,1,8.550401544412672,2.2072208778165874
176,A_PuertoRico_8_1934_NA_157_200,4.037084,4.0938864,0,2.5527971814392396,5.152696836555193
177,A_PuertoRico_8_1934_NA_173_1231,9.185154,3.7176008,1,8.550401544412672,2.2072208778165874
178,A_PuertoRico_8_1934_NA_175_1066,6.646051,3.232634,1,8.550401544412672,2.2072208778165874
179,A_PuertoRico_8_1934_NA_178_804,2.2826257,6.306303,0,2.5527971814392396,5.152696836555193
180,A_PuertoRico_8_1934_NA_179_376,4.344698,5.0741653,0,2.5527971814392396,5.152696836555193
181,A_PuertoRico_8_1934_NA_187_1108,7.859694,4.3584337,-1,,
182,A_PuertoRico_8_1934_NA_202_1126,-0.07433804,6.084731,0,2.5527971814392396,5.152696836555193
183,A_PuertoRico_8_1934_NA_209_838,1.1331625,4.885869,0,2.5527971814392396,5.152696836555193
184,A_PuertoRico_8_1934_NA_211_966,5.7083693,5.203971,-1,,
185,A_PuertoRico_8_1934_NA_212_1110,4.2425065,3.5947878,0,2.5527971814392396,5.152696836555193
186,A_PuertoRico_8_1934_NA_224_263,0.5903538,6.631669,0,2.5527971814392396,5.152696836555193
187,A_PuertoRico_8_1934_NA_260_1081,3.0823565,5.2398086,0,2.5527971814392396,5.152696836555193
188,A_PuertoRico_8_1934_NA_261_1095,-0.102740414,4.846119,0,2.5527971814392396,5.152696836555193
189,A_PuertoRico_8_1934_NA_261_1249,-0.07817939,4.6405525,0,2.5527971814392396,5.152696836555193
190,A_PuertoRico_8_1934_NA_278_1125,3.8633547,6.976727,0,2.5527971814392396,5.152696836555193
191,A_PuertoRico_8_1934_NA_294_1213,7.0069675,6.571968,3,6.762256569946951,5.452094065362477
192,A_PuertoRico_8_1934_NA_301_1245,0.24324124,6.424548,0,2.5527971814392396,5.152696836555193
193,A_PuertoRico_8_1934_NA_302_945,3.781863,6.7945285,0,2.5527971814392396,5.152696836555193
194,A_PuertoRico_8_1934_NA_306_1183,10.251012,6.938912,2,9.754804976206675,6.521976917349043
195,A_PuertoRico_8_1934_NA_307_992,9.685338,2.8056283,1,8.550401544412672,2.2072208778165874
196,A_PuertoRico_8_1934_NA_327_1213,7.080465,6.510261,3,6.762256569946951,5.452094065362477
197,A_PuertoRico_8_1934_NA_34_108,8.023593,4.2499757,-1,,
198,A_PuertoRico_8_1934_NA_360_1029,3.863495,5.336982,0,2.5527971814392396,5.152696836555193
199,A_PuertoRico_8_1934_NA_510_946,0.34415248,4.975333,0,2.5527971814392396,5.152696836555193
200,A_PuertoRico_8_1934_NA_541_1086,1.4788159,6.1473346,0,2.5527971814392396,5.152696836555193
201,A_PuertoRico_8_1934_NA_573_1070,6.715688,5.568444,3,6.762256569946951,5.452094065362477
202,A_PuertoRico_8_1934_NA_591_999,2.8459227,2.9784596,0,2.5527971814392396,5.152696836555193
203,A_PuertoRico_8_1934_NA_61_93,-0.05876254,5.2011228,0,2.5527971814392396,5.152696836555193
204,A_PuertoRico_8_1934_NA_77_128,9.873858,5.243455,2,9.754804976206675,6.521976917349043
205,A_PuertoRico_8_1934_NA_98_1270,8.235444,2.5102541,1,8.550401544412672,2.2072208778165874
206,A_PuertoRico_8_1934_NP_109_479,0.371914,5.1889863,0,2.5527971814392396,5.152696836555193
207,A_PuertoRico_8_1934_NP_1192_1295,7.676883,3.3025277,1,8.550401544412672,2.2072208778165874
208,A_PuertoRico_8_1934_NP_1241_1270,9.84767,4.102305,-1,,
209,A_PuertoRico_8_1934_NP_124_495,5.9562593,3.284496,-1,,
210,A_PuertoRico_8_1934_NP_1259_1288,8.102968,2.4546986,1,8.550401544412672,2.2072208778165874
211,A_PuertoRico_8_1934_NP_155_626,1.129395,5.7485604,0,2.5527971814392396,5.152696836555193
212,A_PuertoRico_8_1934_NP_178_1399,7.8073173,2.0085833,1,8.550401544412672,2.2072208778165874
213,A_PuertoRico_8_1934_NP_179_1231,3.786779,4.097848,0,2.5527971814392396,5.152696836555193
214,A_PuertoRico_8_1934_NP_195_1287,2.4842448,4.456162,0,2.5527971814392396,5.152696836555193
215,A_PuertoRico_8_1934_NP_204_1491,3.3061352,5.553953,0,2.5527971814392396,5.152696836555193
216,A_PuertoRico_8_1934_NP_205_1369,0.2812754,4.7691193,0,2.5527971814392396,5.152696836555193
217,A_PuertoRico_8_1934_NP_205_1384,0.65327114,4.672036,0,2.5527971814392396,5.152696836555193
218,A_PuertoRico_8_1934_NP_206_671,0.9946266,5.3383164,0,2.5527971814392396,5.152696836555193
219,A_PuertoRico_8_1934_NP_207_1351,9.595037,5.8133373,2,9.754804976206675,6.521976917349043
220,A_PuertoRico_8_1934_NP_223_1200,9.838502,4.1807094,-1,,
221,A_PuertoRico_8_1934_NP_223_1277,9.956657,4.260498,-1,,
222,A_PuertoRico_8_1934_NP_224_1291,1.3710325,5.031894,0,2.5527971814392396,5.152696836555193
223,A_PuertoRico_8_1934_NP_234_1277,9.902849,4.2214055,-1,,
224,A_PuertoRico_8_1934_NP_234_1308,9.766952,4.1322064,-1,,
225,A_PuertoRico_8_1934_NP_251_1499,9.007667,7.2988343,2,9.754804976206675,6.521976917349043
226,A_PuertoRico_8_1934_NP_253_544,0.25641903,5.930316,0,2.5527971814392396,5.152696836555193
227,A_PuertoRico_8_1934_NP_270_1306,3.9161537,7.058692,0,2.5527971814392396,5.152696836555193
228,A_PuertoRico_8_1934_NP_290_1315,7.537704,4.2582636,-1,,
229,A_PuertoRico_8_1934_NP_292_1359,2.242532,5.00594,0,2.5527971814392396,5.152696836555193
230,A_PuertoRico_8_1934_NP_296_531,3.589507,4.605751,0,2.5527971814392396,5.152696836555193
231,A_PuertoRico_8_1934_NP_299_1103,4.880595,4.0847683,-1,,
232,A_PuertoRico_8_1934_NP_327_1228,9.475729,5.795879,2,9.754804976206675,6.521976917349043
233,A_PuertoRico_8_1934_NP_329_1372,2.7981048,5.45165,0,2.5527971814392396,5.152696836555193
234,A_PuertoRico_8_1934_NP_356_1397,0.5197487,5.3643303,0,2.5527971814392396,5.152696836555193
235,A_PuertoRico_8_1934_NP_396_1384,0.55664206,4.740104,0,2.5527971814392396,5.152696836555193
236,A_PuertoRico_8_1934_NP_404_1361,0.43167144,4.672866,0,2.5527971814392396,5.152696836555193
237,A_PuertoRico_8_1934_NP_432_1525,7.855861,5.522837,-1,,
238,A_PuertoRico_8_1934_NP_447_1046,3.6488037,5.2973595,0,2.5527971814392396,5.152696836555193
239,A_PuertoRico_8_1934_NP_465_1365,2.9706662,6.44429,0,2.5527971814392396,5.152696836555193
240,A_PuertoRico_8_1934_NP_481_1390,-0.018594077,5.231004,0,2.5527971814392396,5.152696836555193
241,A_PuertoRico_8_1934_NP_495_1349,3.8006568,5.7691436,0,2.5527971814392396,5.152696836555193
242,A_PuertoRico_8_1934_NP_496_1530,5.7426896,4.9115353,-1,,
243,A_PuertoRico_8_1934_NP_497_1371,4.544447,4.685426,0,2.5527971814392396,5.152696836555193
244,A_PuertoRico_8_1934_NP_506_1445,3.9729946,4.6919136,0,2.5527971814392396,5.152696836555193
245,A_PuertoRico_8_1934_NP_508_1447,-0.10149377,6.3543954,0,2.5527971814392396,5.152696836555193
246,A_PuertoRico_8_1934_NP_561_1446,3.717079,8.044504,0,2.5527971814392396,5.152696836555193
247,A_PuertoRico_8_1934_NP_564_1303,4.3006854,5.4110975,0,2.5527971814392396,5.152696836555193
248,A_PuertoRico_8_1934_NP_764_1392,7.179811,5.158031,3,6.762256569946951,5.452094065362477
249,A_PuertoRico_8_1934_NS_125_674,2.6173089,4.9230204,0,2.5527971814392396,5.152696836555193
250,A_PuertoRico_8_1934_NS_145_462,9.009879,2.5325172,1,8.550401544412672,2.2072208778165874
251,A_PuertoRico_8_1934_NS_158_730,7.4344773,5.2163396,3,6.762256569946951,5.452094065362477
252,A_PuertoRico_8_1934_NS_189_575,0.59262705,5.9156895,0,2.5527971814392396,5.152696836555193
253,A_PuertoRico_8_1934_NS_219_641,-0.36759913,4.8051906,0,2.5527971814392396,5.152696836555193
254,A_PuertoRico_8_1934_NS_238_834,7.4397063,5.174229,3,6.762256569946951,5.452094065362477
255,A_PuertoRico_8_1934_NS_324_551,6.8189025,3.2037978,1,8.550401544412672,2.2072208778165874
256,A_PuertoRico_8_1934_NS_345_415,6.938949,6.456498,3,6.762256569946951,5.452094065362477
257,A_PuertoRico_8_1934_NS_56_431,1.7058326,6.6278124,0,2.5527971814392396,5.152696836555193
258,A_PuertoRico_8_1934_NS_57_530,2.333417,4.703685,0,2.5527971814392396,5.152696836555193
259,A_PuertoRico_8_1934_NS_614_640,5.5755925,2.9232025,-1,,
260,A_PuertoRico_8_1934_PA_100_2065,4.1404138,5.7986836,0,2.5527971814392396,5.152696836555193
261,A_PuertoRico_8_1934_PA_1034_1982,4.2294483,7.1887813,0,2.5527971814392396,5.152696836555193
262,A_PuertoRico_8_1934_PA_104_1914,9.6551285,5.8216386,2,9.754804976206675,6.521976917349043
263,A_PuertoRico_8_1934_PA_108_1976,-0.3361087,6.1173553,0,2.5527971814392396,5.152696836555193
264,A_PuertoRico_8_1934_PA_108_2020,-0.25529882,6.1299553,0,2.5527971814392396,5.152696836555193
265,A_PuertoRico_8_1934_PA_110_139,11.027194,6.1764536,2,9.754804976206675,6.521976917349043
266,A_PuertoRico_8_1934_PA_110_1960,11.306344,6.276839,2,9.754804976206675,6.521976917349043
267,A_PuertoRico_8_1934_PA_110_2056,8.749145,7.405445,2,9.754804976206675,6.521976917349043
268,A_PuertoRico_8_1934_PA_111_2053,3.2639112,7.673456,0,2.5527971814392396,5.152696836555193
269,A_PuertoRico_8_1934_PA_112_2042,10.013123,6.033812,2,9.754804976206675,6.521976917349043
270,A_PuertoRico_8_1934_PA_114_1969,2.3843784,5.3515577,0,2.5527971814392396,5.152696836555193
271,A_PuertoRico_8_1934_PA_117_143,6.4616923,2.6760557,1,8.550401544412672,2.2072208778165874
272,A_PuertoRico_8_1934_PA_118_1914,9.776952,5.9200788,2,9.754804976206675,6.521976917349043
273,A_PuertoRico_8_1934_PA_119_150,3.5309033,7.449583,0,2.5527971814392396,5.152696836555193
274,A_PuertoRico_8_1934_PA_119_158,3.49645,6.9597554,0,2.5527971814392396,5.152696836555193
275,A_PuertoRico_8_1934_PA_119_165,3.3473008,7.0745764,0,2.5527971814392396,5.152696836555193
276,A_PuertoRico_8_1934_PA_119_1809,3.512679,6.795604,0,2.5527971814392396,5.152696836555193
277,A_PuertoRico_8_1934_PA_119_1845,3.3898,6.948537,0,2.5527971814392396,5.152696836555193
278,A_PuertoRico_8_1934_PA_119_2074,3.5669432,8.117193,0,2.5527971814392396,5.152696836555193
279,A_PuertoRico_8_1934_PA_120_143,10.234181,7.3550034,2,9.754804976206675,6.521976917349043
280,A_PuertoRico_8_1934_PA_120_147,10.268343,7.3218627,2,9.754804976206675,6.521976917349043
281,A_PuertoRico_8_1934_PA_120_157,11.240562,6.4310412,2,9.754804976206675,6.521976917349043
282,A_PuertoRico_8_1934_PA_120_164,10.370425,7.2582626,2,9.754804976206675,6.521976917349043
283,A_PuertoRico_8_1934_PA_120_1667,10.867017,5.955307,2,9.754804976206675,6.521976917349043
284,A_PuertoRico_8_1934_PA_120_168,11.094323,6.50605,2,9.754804976206675,6.521976917349043
285,A_PuertoRico_8_1934_PA_120_172,10.237738,7.3312535,2,9.754804976206675,6.521976917349043
286,A_PuertoRico_8_1934_PA_120_1799,10.191466,5.856245,2,9.754804976206675,6.521976917349043
287,A_PuertoRico_8_1934_PA_120_180,10.277052,7.3687797,2,9.754804976206675,6.521976917349043
288,A_PuertoRico_8_1934_PA_120_1844,10.654008,5.785412,2,9.754804976206675,6.521976917349043
289,A_PuertoRico_8_1934_PA_120_185,10.497347,7.211536,2,9.754804976206675,6.521976917349043
290,A_PuertoRico_8_1934_PA_120_1870,10.152008,6.002487,2,9.754804976206675,6.521976917349043
291,A_PuertoRico_8_1934_PA_120_1873,9.980167,7.0414915,2,9.754804976206675,6.521976917349043
292,A_PuertoRico_8_1934_PA_120_1879,10.801795,5.5088983,2,9.754804976206675,6.521976917349043
293,A_PuertoRico_8_1934_PA_120_1906,9.104458,7.0919304,2,9.754804976206675,6.521976917349043
294,A_PuertoRico_8_1934_PA_120_1916,9.610263,6.856214,2,9.754804976206675,6.521976917349043
295,A_PuertoRico_8_1934_PA_120_1922,10.454358,6.57044,2,9.754804976206675,6.521976917349043
296,A_PuertoRico_8_1934_PA_120_1937,10.1990385,7.2122974,2,9.754804976206675,6.521976917349043
297,A_PuertoRico_8_1934_PA_120_1940,9.421447,7.4391155,2,9.754804976206675,6.521976917349043
298,A_PuertoRico_8_1934_PA_120_1945,10.627401,6.680711,2,9.754804976206675,6.521976917349043
299,A_PuertoRico_8_1934_PA_120_1948,10.052304,7.2382636,2,9.754804976206675,6.521976917349043
300,A_PuertoRico_8_1934_PA_120_1960,11.341107,6.336951,2,9.754804976206675,6.521976917349043
301,A_PuertoRico_8_1934_PA_120_1967,10.1455765,7.3111534,2,9.754804976206675,6.521976917349043
302,A_PuertoRico_8_1934_PA_120_1974,11.150122,6.389969,2,9.754804976206675,6.521976917349043
303,A_PuertoRico_8_1934_PA_120_1978,10.497676,6.682987,2,9.754804976206675,6.521976917349043
304,A_PuertoRico_8_1934_PA_120_1984,10.075728,7.333897,2,9.754804976206675,6.521976917349043
305,A_PuertoRico_8_1934_PA_120_1987,9.945427,7.421234,2,9.754804976206675,6.521976917349043
306,A_PuertoRico_8_1934_PA_120_1990,10.148619,7.675098,2,9.754804976206675,6.521976917349043
307,A_PuertoRico_8_1934_PA_120_2002,10.213451,7.014671,2,9.754804976206675,6.521976917349043
308,A_PuertoRico_8_1934_PA_120_2012,9.010478,7.729532,2,9.754804976206675,6.521976917349043
309,A_PuertoRico_8_1934_PA_120_2017,9.214844,7.4441295,2,9.754804976206675,6.521976917349043
310,A_PuertoRico_8_1934_PA_120_2027,11.520828,6.8970327,-1,,
311,A_PuertoRico_8_1934_PA_120_2063,9.521862,8.005265,-1,,
312,A_PuertoRico_8_1934_PA_120_214,9.907813,7.333794,2,9.754804976206675,6.521976917349043
313,A_PuertoRico_8_1934_PA_120_235,10.170782,7.465602,2,9.754804976206675,6.521976917349043
314,A_PuertoRico_8_1934_PA_120_246,9.684857,7.4237127,2,9.754804976206675,6.521976917349043
315,A_PuertoRico_8_1934_PA_120_248,10.014573,7.4286337,2,9.754804976206675,6.521976917349043
316,A_PuertoRico_8_1934_PA_121_147,8.146198,7.342457,2,9.754804976206675,6.521976917349043
317,A_PuertoRico_8_1934_PA_121_150,7.920804,7.452559,2,9.754804976206675,6.521976917349043
318,A_PuertoRico_8_1934_PA_121_157,10.990764,6.4084783,2,9.754804976206675,6.521976917349043
319,A_PuertoRico_8_1934_PA_121_1809,3.5576282,6.6254234,0,2.5527971814392396,5.152696836555193
320,A_PuertoRico_8_1934_PA_121_189,8.080869,7.394224,2,9.754804976206675,6.521976917349043
321,A_PuertoRico_8_1934_PA_121_190,8.094357,7.396281,2,9.754804976206675,6.521976917349043
322,A_PuertoRico_8_1934_PA_121_1929,8.3225765,7.349564,2,9.754804976206675,6.521976917349043
323,A_PuertoRico_8_1934_PA_121_1934,7.9011383,7.495218,2,9.754804976206675,6.521976917349043
324,A_PuertoRico_8_1934_PA_121_196,8.086192,7.3316307,2,9.754804976206675,6.521976917349043
325,A_PuertoRico_8_1934_PA_121_1965,8.250831,7.4517837,2,9.754804976206675,6.521976917349043
326,A_PuertoRico_8_1934_PA_121_1987,8.092995,7.399906,2,9.754804976206675,6.521976917349043
327,A_PuertoRico_8_1934_PA_121_1990,8.10516,7.450066,2,9.754804976206675,6.521976917349043
328,A_PuertoRico_8_1934_PA_121_2012,8.502248,7.633281,-1,,
329,A_PuertoRico_8_1934_PA_121_2017,8.652326,7.520457,2,9.754804976206675,6.521976917349043
330,A_PuertoRico_8_1934_PA_121_2049,7.971386,7.315988,2,9.754804976206675,6.521976917349043
331,A_PuertoRico_8_1934_PA_121_269,8.31728,7.4169493,2,9.754804976206675,6.521976917349043
332,A_PuertoRico_8_1934_PA_122_157,11.048936,6.658211,2,9.754804976206675,6.521976917349043
333,A_PuertoRico_8_1934_PA_122_164,10.57417,7.1049113,2,9.754804976206675,6.521976917349043
334,A_PuertoRico_8_1934_PA_122_172,10.525676,7.1702347,2,9.754804976206675,6.521976917349043
335,A_PuertoRico_8_1934_PA_122_1844,10.594433,5.6283383,2,9.754804976206675,6.521976917349043
336,A_PuertoRico_8_1934_PA_122_185,10.605128,7.0870705,2,9.754804976206675,6.521976917349043
337,A_PuertoRico_8_1934_PA_122_1852,10.473736,6.8770556,2,9.754804976206675,6.521976917349043
338,A_PuertoRico_8_1934_PA_122_1945,10.69833,6.5371885,2,9.754804976206675,6.521976917349043
339,A_PuertoRico_8_1934_PA_122_1948,10.083801,6.975224,2,9.754804976206675,6.521976917349043
340,A_PuertoRico_8_1934_PA_122_195,9.946279,6.5260153,2,9.754804976206675,6.521976917349043
341,A_PuertoRico_8_1934_PA_122_1953,9.833932,6.9477353,2,9.754804976206675,6.521976917349043
342,A_PuertoRico_8_1934_PA_122_1960,11.2637615,6.43853,2,9.754804976206675,6.521976917349043
343,A_PuertoRico_8_1934_PA_122_1966,10.483978,7.0138125,2,9.754804976206675,6.521976917349043
344,A_PuertoRico_8_1934_PA_122_1967,10.235529,7.073242,2,9.754804976206675,6.521976917349043
345,A_PuertoRico_8_1934_PA_122_1974,11.15127,6.556505,2,9.754804976206675,6.521976917349043
346,A_PuertoRico_8_1934_PA_122_1986,10.050943,6.842136,2,9.754804976206675,6.521976917349043
347,A_PuertoRico_8_1934_PA_122_1990,10.169572,7.749674,-1,,
348,A_PuertoRico_8_1934_PA_122_2011,9.663206,6.225754,2,9.754804976206675,6.521976917349043
349,A_PuertoRico_8_1934_PA_122_2012,8.97457,7.730701,2,9.754804976206675,6.521976917349043
350,A_PuertoRico_8_1934_PA_122_2027,11.278438,6.9154844,-1,,
351,A_PuertoRico_8_1934_PA_122_2048,10.373035,6.9847608,2,9.754804976206675,6.521976917349043
352,A_PuertoRico_8_1934_PA_122_214,10.222614,7.276512,2,9.754804976206675,6.521976917349043
353,A_PuertoRico_8_1934_PA_122_248,10.485389,7.1464605,2,9.754804976206675,6.521976917349043
354,A_PuertoRico_8_1934_PA_123_148,4.464973,4.772536,0,2.5527971814392396,5.152696836555193
355,A_PuertoRico_8_1934_PA_123_181,4.5125155,4.735718,0,2.5527971814392396,5.152696836555193
356,A_PuertoRico_8_1934_PA_123_1975,3.5860105,7.0213017,0,2.5527971814392396,5.152696836555193
357,A_PuertoRico_8_1934_PA_123_2064,4.3470335,4.8396606,0,2.5527971814392396,5.152696836555193
358,A_PuertoRico_8_1934_PA_123_2074,3.609064,8.144265,0,2.5527971814392396,5.152696836555193
359,A_PuertoRico_8_1934_PA_123_236,4.4029417,4.800761,0,2.5527971814392396,5.152696836555193
360,A_PuertoRico_8_1934_PA_124_147,10.337143,7.2954726,2,9.754804976206675,6.521976917349043
361,A_PuertoRico_8_1934_PA_124_157,11.166467,6.462347,2,9.754804976206675,6.521976917349043
362,A_PuertoRico_8_1934_PA_124_168,11.091405,6.5329337,2,9.754804976206675,6.521976917349043
363,A_PuertoRico_8_1934_PA_124_172,10.379327,7.3154144,2,9.754804976206675,6.521976917349043
364,A_PuertoRico_8_1934_PA_124_180,10.296104,7.320998,2,9.754804976206675,6.521976917349043
365,A_PuertoRico_8_1934_PA_124_185,10.549132,7.141818,2,9.754804976206675,6.521976917349043
366,A_PuertoRico_8_1934_PA_124_1879,10.754518,5.506869,2,9.754804976206675,6.521976917349043
367,A_PuertoRico_8_1934_PA_124_1922,10.4811125,6.646512,2,9.754804976206675,6.521976917349043
368,A_PuertoRico_8_1934_PA_124_1937,10.268907,7.2116265,2,9.754804976206675,6.521976917349043
369,A_PuertoRico_8_1934_PA_124_1940,9.590182,7.596891,2,9.754804976206675,6.521976917349043
370,A_PuertoRico_8_1934_PA_124_1945,10.714921,6.506905,2,9.754804976206675,6.521976917349043
371,A_PuertoRico_8_1934_PA_124_1948,10.07354,7.1584754,2,9.754804976206675,6.521976917349043
372,A_PuertoRico_8_1934_PA_124_1960,11.384703,6.3422985,2,9.754804976206675,6.521976917349043
373,A_PuertoRico_8_1934_PA_124_1967,10.148248,7.251601,2,9.754804976206675,6.521976917349043
374,A_PuertoRico_8_1934_PA_124_1974,11.292221,6.448192,2,9.754804976206675,6.521976917349043
375,A_PuertoRico_8_1934_PA_124_1990,10.189029,7.73259,-1,,
376,A_PuertoRico_8_1934_PA_124_2012,8.96842,7.7462482,-1,,
377,A_PuertoRico_8_1934_PA_124_2027,11.522081,6.893623,-1,,
378,A_PuertoRico_8_1934_PA_124_2063,9.515859,7.981486,-1,,
379,A_PuertoRico_8_1934_PA_125_189,8.223801,7.3977337,2,9.754804976206675,6.521976917349043
380,A_PuertoRico_8_1934_PA_125_1941,4.5448456,4.6892757,0,2.5527971814392396,5.152696836555193
381,A_PuertoRico_8_1934_PA_125_1953,8.456369,7.1011252,2,9.754804976206675,6.521976917349043
382,A_PuertoRico_8_1934_PA_125_196,8.150288,7.2863564,2,9.754804976206675,6.521976917349043
383,A_PuertoRico_8_1934_PA_125_1965,8.266753,7.486191,2,9.754804976206675,6.521976917349043
384,A_PuertoRico_8_1934_PA_125_1987,8.161176,7.376751,2,9.754804976206675,6.521976917349043
385,A_PuertoRico_8_1934_PA_125_1993,8.315307,7.3078084,2,9.754804976206675,6.521976917349043
386,A_PuertoRico_8_1934_PA_125_2012,8.659758,7.70007,-1,,
387,A_PuertoRico_8_1934_PA_125_206,8.238624,7.486441,2,9.754804976206675,6.521976917349043
388,A_PuertoRico_8_1934_PA_125_2068,3.0884097,7.6480064,0,2.5527971814392396,5.152696836555193
389,A_PuertoRico_8_1934_PA_126_1747,8.395426,6.27571,2,9.754804976206675,6.521976917349043
390,A_PuertoRico_8_1934_PA_126_1953,8.621443,6.873624,-1,,
391,A_PuertoRico_8_1934_PA_127_165,3.2173939,7.005242,0,2.5527971814392396,5.152696836555193
392,A_PuertoRico_8_1934_PA_127_1871,2.7197278,5.5735755,0,2.5527971814392396,5.152696836555193
393,A_PuertoRico_8_1934_PA_128_1939,0.81202364,6.345268,0,2.5527971814392396,5.152696836555193
394,A_PuertoRico_8_1934_PA_128_1947,2.1489851,5.14381,0,2.5527971814392396,5.152696836555193
395,A_PuertoRico_8_1934_PA_129_178,1.9417061,5.922234,0,2.5527971814392396,5.152696836555193
396,A_PuertoRico_8_1934_PA_129_1927,1.5789851,6.1030984,0,2.5527971814392396,5.152696836555193
397,A_PuertoRico_8_1934_PA_129_1959,2.4224749,5.527582,0,2.5527971814392396,5.152696836555193
398,A_PuertoRico_8_1934_PA_129_1977,2.0579786,5.8979607,0,2.5527971814392396,5.152696836555193
399,A_PuertoRico_8_1934_PA_129_1989,2.2581506,5.6923437,0,2.5527971814392396,5.152696836555193
400,A_PuertoRico_8_1934_PA_129_1999,2.1723504,6.040459,0,2.5527971814392396,5.152696836555193
401,A_PuertoRico_8_1934_PA_129_2001,2.0016878,5.851074,0,2.5527971814392396,5.152696836555193
402,A_PuertoRico_8_1934_PA_129_2026,1.9784226,5.875801,0,2.5527971814392396,5.152696836555193
403,A_PuertoRico_8_1934_PA_130_166,0.0994941,6.5386643,0,2.5527971814392396,5.152696836555193
404,A_PuertoRico_8_1934_PA_130_191,0.26343912,6.332601,0,2.5527971814392396,5.152696836555193
405,A_PuertoRico_8_1934_PA_130_1925,0.47217843,6.344013,0,2.5527971814392396,5.152696836555193
406,A_PuertoRico_8_1934_PA_130_1972,0.03752361,6.5995154,0,2.5527971814392396,5.152696836555193
407,A_PuertoRico_8_1934_PA_130_2006,0.20081298,6.412663,0,2.5527971814392396,5.152696836555193
408,A_PuertoRico_8_1934_PA_130_2069,0.18338521,6.4449816,0,2.5527971814392396,5.152696836555193
409,A_PuertoRico_8_1934_PA_130_2075,0.47380638,6.649436,0,2.5527971814392396,5.152696836555193
410,A_PuertoRico_8_1934_PA_131_160,4.7616906,4.4219728,0,2.5527971814392396,5.152696836555193
411,A_PuertoRico_8_1934_PA_131_2021,4.7212996,4.4217477,0,2.5527971814392396,5.152696836555193
412,A_PuertoRico_8_1934_PA_131_2074,3.63254,8.072092,0,2.5527971814392396,5.152696836555193
413,A_PuertoRico_8_1934_PA_131_2129,4.747308,4.4236007,0,2.5527971814392396,5.152696836555193
414,A_PuertoRico_8_1934_PA_132_1832,9.397897,6.2438188,2,9.754804976206675,6.521976917349043
415,A_PuertoRico_8_1934_PA_132_1951,9.616872,6.505575,2,9.754804976206675,6.521976917349043
416,A_PuertoRico_8_1934_PA_132_1960,11.321125,6.3820133,2,9.754804976206675,6.521976917349043
417,A_PuertoRico_8_1934_PA_132_1974,11.26349,6.367557,2,9.754804976206675,6.521976917349043
418,A_PuertoRico_8_1934_PA_132_1978,10.503668,6.6168885,2,9.754804976206675,6.521976917349043
419,A_PuertoRico_8_1934_PA_132_2011,9.570553,6.3723726,2,9.754804976206675,6.521976917349043
420,A_PuertoRico_8_1934_PA_132_2016,9.504937,6.5400796,2,9.754804976206675,6.521976917349043
421,A_PuertoRico_8_1934_PA_132_2027,11.4572935,6.841765,-1,,
422,A_PuertoRico_8_1934_PA_132_2063,9.499707,7.9709454,-1,,
423,A_PuertoRico_8_1934_PA_132_2083,9.853835,6.454485,2,9.754804976206675,6.521976917349043
424,A_PuertoRico_8_1934_PA_133_1874,1.6564523,6.560076,0,2.5527971814392396,5.152696836555193
425,A_PuertoRico_8_1934_PA_133_1938,1.588947,6.720354,0,2.5527971814392396,5.152696836555193
426,A_PuertoRico_8_1934_PA_133_1954,1.5004289,6.793749,0,2.5527971814392396,5.152696836555193
427,A_PuertoRico_8_1934_PA_133_1991,1.5260913,6.545693,0,2.5527971814392396,5.152696836555193
428,A_PuertoRico_8_1934_PA_133_2035,1.5385768,6.7462335,0,2.5527971814392396,5.152696836555193
429,A_PuertoRico_8_1934_PA_133_215,1.5941056,6.5523596,0,2.5527971814392396,5.152696836555193
430,A_PuertoRico_8_1934_PA_134_1934,3.3962815,7.0500216,0,2.5527971814392396,5.152696836555193
431,A_PuertoRico_8_1934_PA_134_2074,3.5699987,8.102934,0,2.5527971814392396,5.152696836555193
432,A_PuertoRico_8_1934_PA_135_157,11.153654,6.4195566,2,9.754804976206675,6.521976917349043
433,A_PuertoRico_8_1934_PA_135_164,10.277301,7.268294,2,9.754804976206675,6.521976917349043
434,A_PuertoRico_8_1934_PA_135_168,11.041302,6.516373,2,9.754804976206675,6.521976917349043
435,A_PuertoRico_8_1934_PA_135_172,10.276886,7.3212323,2,9.754804976206675,6.521976917349043
436,A_PuertoRico_8_1934_PA_135_180,10.273237,7.3278604,2,9.754804976206675,6.521976917349043
437,A_PuertoRico_8_1934_PA_135_1854,9.869692,7.401249,2,9.754804976206675,6.521976917349043
438,A_PuertoRico_8_1934_PA_135_1873,10.072729,7.2434855,2,9.754804976206675,6.521976917349043
439,A_PuertoRico_8_1934_PA_135_1877,8.762065,7.035484,2,9.754804976206675,6.521976917349043
440,A_PuertoRico_8_1934_PA_135_1886,10.269925,6.201624,2,9.754804976206675,6.521976917349043
441,A_PuertoRico_8_1934_PA_135_1929,9.087341,7.4788427,2,9.754804976206675,6.521976917349043
442,A_PuertoRico_8_1934_PA_135_1937,10.111373,7.24149,2,9.754804976206675,6.521976917349043
443,A_PuertoRico_8_1934_PA_135_1945,10.698729,6.5213013,2,9.754804976206675,6.521976917349043
444,A_PuertoRico_8_1934_PA_135_1948,10.055823,7.1995263,2,9.754804976206675,6.521976917349043
445,A_PuertoRico_8_1934_PA_135_1960,11.304374,6.3115864,2,9.754804976206675,6.521976917349043
446,A_PuertoRico_8_1934_PA_135_1967,9.992017,7.3736463,2,9.754804976206675,6.521976917349043
447,A_PuertoRico_8_1934_PA_135_1974,11.283757,6.3890305,2,9.754804976206675,6.521976917349043
448,A_PuertoRico_8_1934_PA_135_1978,10.54291,6.762134,2,9.754804976206675,6.521976917349043
449,A_PuertoRico_8_1934_PA_135_1984,9.956657,7.4235635,2,9.754804976206675,6.521976917349043
450,A_PuertoRico_8_1934_PA_135_1990,10.149434,7.640935,2,9.754804976206675,6.521976917349043
451,A_PuertoRico_8_1934_PA_135_2002,10.200283,7.167345,2,9.754804976206675,6.521976917349043
452,A_PuertoRico_8_1934_PA_135_2012,9.0125475,7.72481,2,9.754804976206675,6.521976917349043
453,A_PuertoRico_8_1934_PA_135_2027,11.556122,6.9179435,-1,,
454,A_PuertoRico_8_1934_PA_135_2063,9.4668455,7.946973,-1,,
455,A_PuertoRico_8_1934_PA_135_248,10.04558,7.4281416,2,9.754804976206675,6.521976917349043
456,A_PuertoRico_8_1934_PA_135_305,10.712678,6.361829,2,9.754804976206675,6.521976917349043
457,A_PuertoRico_8_1934_PA_136_1948,9.95327,7.121552,2,9.754804976206675,6.521976917349043
458,A_PuertoRico_8_1934_PA_136_1952,7.9178376,7.1984863,2,9.754804976206675,6.521976917349043
459,A_PuertoRico_8_1934_PA_136_196,7.992864,7.295895,2,9.754804976206675,6.521976917349043
460,A_PuertoRico_8_1934_PA_136_1987,7.9275494,7.284046,2,9.754804976206675,6.521976917349043
461,A_PuertoRico_8_1934_PA_136_2012,8.546263,7.6482735,-1,,
462,A_PuertoRico_8_1934_PA_136_2017,8.684269,7.482079,2,9.754804976206675,6.521976917349043
463,A_PuertoRico_8_1934_PA_137_165,3.236905,7.2797785,0,2.5527971814392396,5.152696836555193
464,A_PuertoRico_8_1934_PA_137_190,3.2352428,7.293515,0,2.5527971814392396,5.152696836555193
465,A_PuertoRico_8_1934_PA_137_1908,3.3073223,7.3580747,0,2.5527971814392396,5.152696836555193
466,A_PuertoRico_8_1934_PA_137_1916,4.780064,5.887529,0,2.5527971814392396,5.152696836555193
467,A_PuertoRico_8_1934_PA_137_1934,3.312337,7.3817573,0,2.5527971814392396,5.152696836555193
468,A_PuertoRico_8_1934_PA_137_1971,3.2761014,7.478747,0,2.5527971814392396,5.152696836555193
469,A_PuertoRico_8_1934_PA_137_1975,3.2681031,7.2931743,0,2.5527971814392396,5.152696836555193
470,A_PuertoRico_8_1934_PA_137_2005,3.3646917,7.388358,0,2.5527971814392396,5.152696836555193
471,A_PuertoRico_8_1934_PA_137_2028,2.9087114,7.0791516,0,2.5527971814392396,5.152696836555193
472,A_PuertoRico_8_1934_PA_137_2068,3.128215,7.613548,0,2.5527971814392396,5.152696836555193
473,A_PuertoRico_8_1934_PA_137_2074,3.4758961,8.025273,0,2.5527971814392396,5.152696836555193
474,A_PuertoRico_8_1934_PA_137_2075,3.0324059,7.5985937,0,2.5527971814392396,5.152696836555193
475,A_PuertoRico_8_1934_PA_137_220,3.1630328,7.511218,0,2.5527971814392396,5.152696836555193
476,A_PuertoRico_8_1934_PA_137_261,3.118651,7.3540998,0,2.5527971814392396,5.152696836555193
477,A_PuertoRico_8_1934_PA_138_1675,9.080884,6.6535954,2,9.754804976206675,6.521976917349043
478,A_PuertoRico_8_1934_PA_138_172,9.544422,7.231379,2,9.754804976206675,6.521976917349043
479,A_PuertoRico_8_1934_PA_138_1789,9.168549,6.682458,2,9.754804976206675,6.521976917349043
480,A_PuertoRico_8_1934_PA_138_180,9.433653,7.131709,2,9.754804976206675,6.521976917349043
481,A_PuertoRico_8_1934_PA_138_1850,9.343871,7.0223665,2,9.754804976206675,6.521976917349043
482,A_PuertoRico_8_1934_PA_138_1866,9.118145,6.795193,2,9.754804976206675,6.521976917349043
483,A_PuertoRico_8_1934_PA_138_1873,9.568681,6.8411803,2,9.754804976206675,6.521976917349043
484,A_PuertoRico_8_1934_PA_138_1877,8.7396965,6.997701,2,9.754804976206675,6.521976917349043
485,A_PuertoRico_8_1934_PA_138_188,9.269087,6.9722447,2,9.754804976206675,6.521976917349043
486,A_PuertoRico_8_1934_PA_138_1906,9.091101,7.08766,2,9.754804976206675,6.521976917349043
487,A_PuertoRico_8_1934_PA_138_1916,9.003943,6.9470067,2,9.754804976206675,6.521976917349043
488,A_PuertoRico_8_1934_PA_138_1928,9.1688385,6.851362,2,9.754804976206675,6.521976917349043
489,A_PuertoRico_8_1934_PA_138_1937,9.506637,7.2113237,2,9.754804976206675,6.521976917349043
490,A_PuertoRico_8_1934_PA_138_1940,9.252475,7.276683,2,9.754804976206675,6.521976917349043
491,A_PuertoRico_8_1934_PA_138_1948,9.842793,7.2220783,2,9.754804976206675,6.521976917349043
492,A_PuertoRico_8_1934_PA_138_195,9.368992,6.9275346,2,9.754804976206675,6.521976917349043
493,A_PuertoRico_8_1934_PA_138_1951,9.3632765,6.7773714,2,9.754804976206675,6.521976917349043
494,A_PuertoRico_8_1934_PA_138_1964,9.297469,7.015735,2,9.754804976206675,6.521976917349043
495,A_PuertoRico_8_1934_PA_138_1967,9.350747,7.1523666,2,9.754804976206675,6.521976917349043
496,A_PuertoRico_8_1934_PA_138_1984,9.59942,7.3011327,2,9.754804976206675,6.521976917349043
497,A_PuertoRico_8_1934_PA_138_1986,9.333675,7.019444,2,9.754804976206675,6.521976917349043
498,A_PuertoRico_8_1934_PA_138_1987,9.043338,7.0360312,2,9.754804976206675,6.521976917349043
499,A_PuertoRico_8_1934_PA_138_1990,10.125767,7.7072334,2,9.754804976206675,6.521976917349043
500,A_PuertoRico_8_1934_PA_138_1992,9.156581,6.838354,2,9.754804976206675,6.521976917349043
501,A_PuertoRico_8_1934_PA_138_1993,9.190992,7.077146,2,9.754804976206675,6.521976917349043
502,A_PuertoRico_8_1934_PA_138_2002,9.399754,6.9396305,2,9.754804976206675,6.521976917349043
503,A_PuertoRico_8_1934_PA_138_2007,9.052663,6.7650285,2,9.754804976206675,6.521976917349043
504,A_PuertoRico_8_1934_PA_138_2011,9.415892,6.8204412,2,9.754804976206675,6.521976917349043
505,A_PuertoRico_8_1934_PA_138_2016,9.013177,6.887863,2,9.754804976206675,6.521976917349043
506,A_PuertoRico_8_1934_PA_138_2017,9.10149,7.284935,2,9.754804976206675,6.521976917349043
507,A_PuertoRico_8_1934_PA_138_2034,9.617476,7.001183,2,9.754804976206675,6.521976917349043
508,A_PuertoRico_8_1934_PA_138_2042,9.79501,6.236837,2,9.754804976206675,6.521976917349043
509,A_PuertoRico_8_1934_PA_138_2049,8.940447,7.073103,2,9.754804976206675,6.521976917349043
510,A_PuertoRico_8_1934_PA_138_2063,9.433402,7.958981,-1,,
511,A_PuertoRico_8_1934_PA_138_208,9.1099615,7.007561,2,9.754804976206675,6.521976917349043
512,A_PuertoRico_8_1934_PA_138_235,9.432377,7.5528817,2,9.754804976206675,6.521976917349043
513,A_PuertoRico_8_1934_PA_138_246,9.279762,7.224774,2,9.754804976206675,6.521976917349043
514,A_PuertoRico_8_1934_PA_138_248,9.534163,7.4423027,2,9.754804976206675,6.521976917349043
515,A_PuertoRico_8_1934_PA_138_259,9.099679,6.9644985,2,9.754804976206675,6.521976917349043
516,A_PuertoRico_8_1934_PA_138_268,9.098704,6.9142637,2,9.754804976206675,6.521976917349043
517,A_PuertoRico_8_1934_PA_138_343,9.106208,6.94837,2,9.754804976206675,6.521976917349043
518,A_PuertoRico_8_1934_PA_1390_1879,10.816907,5.47286,2,9.754804976206675,6.521976917349043
519,A_PuertoRico_8_1934_PA_1390_2027,11.530253,6.891706,-1,,
520,A_PuertoRico_8_1934_PA_139_169,2.335417,6.28372,0,2.5527971814392396,5.152696836555193
521,A_PuertoRico_8_1934_PA_139_171,2.211805,5.8642373,0,2.5527971814392396,5.152696836555193
522,A_PuertoRico_8_1934_PA_139_186,2.2915425,6.3281393,0,2.5527971814392396,5.152696836555193
523,A_PuertoRico_8_1934_PA_139_1887,2.3660161,6.1187634,0,2.5527971814392396,5.152696836555193
524,A_PuertoRico_8_1934_PA_139_1923,2.3596897,6.2340126,0,2.5527971814392396,5.152696836555193
525,A_PuertoRico_8_1934_PA_139_1946,2.3117707,6.2929873,0,2.5527971814392396,5.152696836555193
526,A_PuertoRico_8_1934_PA_139_1949,2.0732644,6.3341775,0,2.5527971814392396,5.152696836555193
527,A_PuertoRico_8_1934_PA_139_1961,2.363464,6.31909,0,2.5527971814392396,5.152696836555193
528,A_PuertoRico_8_1934_PA_139_1969,2.2557266,6.06853,0,2.5527971814392396,5.152696836555193
529,A_PuertoRico_8_1934_PA_139_1979,2.4064503,6.3320003,0,2.5527971814392396,5.152696836555193
530,A_PuertoRico_8_1934_PA_139_1989,2.3572953,5.7807074,0,2.5527971814392396,5.152696836555193
531,A_PuertoRico_8_1934_PA_139_1991,2.1367636,6.3180146,0,2.5527971814392396,5.152696836555193
532,A_PuertoRico_8_1934_PA_139_1997,2.4766262,6.1494536,0,2.5527971814392396,5.152696836555193
533,A_PuertoRico_8_1934_PA_139_2009,2.3344393,6.20456,0,2.5527971814392396,5.152696836555193
534,A_PuertoRico_8_1934_PA_139_2028,2.4207158,6.5851254,0,2.5527971814392396,5.152696836555193
535,A_PuertoRico_8_1934_PA_139_2084,2.3316307,6.0993047,0,2.5527971814392396,5.152696836555193
536,A_PuertoRico_8_1934_PA_140_166,0.13734253,6.6224976,0,2.5527971814392396,5.152696836555193
537,A_PuertoRico_8_1934_PA_140_1810,0.20971768,6.4610424,0,2.5527971814392396,5.152696836555193
538,A_PuertoRico_8_1934_PA_140_1846,0.14349832,6.529223,0,2.5527971814392396,5.152696836555193
539,A_PuertoRico_8_1934_PA_140_1881,0.10047658,6.4252567,0,2.5527971814392396,5.152696836555193
540,A_PuertoRico_8_1934_PA_140_1939,0.3512808,6.62685,0,2.5527971814392396,5.152696836555193
541,A_PuertoRico_8_1934_PA_140_1958,0.104080595,6.647459,0,2.5527971814392396,5.152696836555193
542,A_PuertoRico_8_1934_PA_140_1966,0.37393424,6.699182,0,2.5527971814392396,5.152696836555193
543,A_PuertoRico_8_1934_PA_140_1972,0.07818214,6.6517777,0,2.5527971814392396,5.152696836555193
544,A_PuertoRico_8_1934_PA_140_2006,0.11733459,6.513908,0,2.5527971814392396,5.152696836555193
545,A_PuertoRico_8_1934_PA_140_2013,0.25485444,6.599035,0,2.5527971814392396,5.152696836555193
546,A_PuertoRico_8_1934_PA_140_2087,0.20734593,6.5022707,0,2.5527971814392396,5.152696836555193
547,A_PuertoRico_8_1934_PA_141_1941,4.613058,4.5923634,0,2.5527971814392396,5.152696836555193
548,A_PuertoRico_8_1934_PA_141_2005,3.791745,7.5463448,0,2.5527971814392396,5.152696836555193
549,A_PuertoRico_8_1934_PA_141_2021,4.758925,4.5244894,0,2.5527971814392396,5.152696836555193
550,A_PuertoRico_8_1934_PA_141_2074,3.619201,8.094729,0,2.5527971814392396,5.152696836555193
551,A_PuertoRico_8_1934_PA_142_172,10.438739,7.2138343,2,9.754804976206675,6.521976917349043
552,A_PuertoRico_8_1934_PA_142_1844,10.533997,5.721622,2,9.754804976206675,6.521976917349043
553,A_PuertoRico_8_1934_PA_142_185,10.551731,7.0986304,2,9.754804976206675,6.521976917349043
554,A_PuertoRico_8_1934_PA_142_1937,10.28583,6.9114623,2,9.754804976206675,6.521976917349043
555,A_PuertoRico_8_1934_PA_142_195,9.721177,6.4949417,2,9.754804976206675,6.521976917349043
556,A_PuertoRico_8_1934_PA_142_1951,9.658625,6.424237,2,9.754804976206675,6.521976917349043
557,A_PuertoRico_8_1934_PA_142_1960,11.376339,6.4073853,2,9.754804976206675,6.521976917349043
558,A_PuertoRico_8_1934_PA_142_1974,11.27547,6.427078,2,9.754804976206675,6.521976917349043
559,A_PuertoRico_8_1934_PA_142_1978,10.4522085,6.6678066,2,9.754804976206675,6.521976917349043
560,A_PuertoRico_8_1934_PA_142_1990,10.186754,7.7495522,-1,,
561,A_PuertoRico_8_1934_PA_142_2007,9.148226,6.5312576,2,9.754804976206675,6.521976917349043
562,A_PuertoRico_8_1934_PA_142_2011,9.557064,6.517601,2,9.754804976206675,6.521976917349043
563,A_PuertoRico_8_1934_PA_142_2027,11.536813,6.9103456,-1,,
564,A_PuertoRico_8_1934_PA_142_208,9.339519,6.8205466,2,9.754804976206675,6.521976917349043
565,A_PuertoRico_8_1934_PA_143_1985,3.8908198,4.7175865,0,2.5527971814392396,5.152696836555193
566,A_PuertoRico_8_1934_PA_144_1942,10.56418,5.6834555,2,9.754804976206675,6.521976917349043
567,A_PuertoRico_8_1934_PA_145_1969,3.9074104,7.874057,0,2.5527971814392396,5.152696836555193
568,A_PuertoRico_8_1934_PA_145_1971,3.7848823,7.8900585,0,2.5527971814392396,5.152696836555193
569,A_PuertoRico_8_1934_PA_145_2005,3.874513,7.720701,0,2.5527971814392396,5.152696836555193
570,A_PuertoRico_8_1934_PA_145_2019,3.9890761,7.823657,0,2.5527971814392396,5.152696836555193
571,A_PuertoRico_8_1934_PA_145_2024,3.7585535,7.860634,0,2.5527971814392396,5.152696836555193
572,A_PuertoRico_8_1934_PA_145_2074,3.688848,8.073663,0,2.5527971814392396,5.152696836555193
573,A_PuertoRico_8_1934_PA_146_1540,9.968151,6.351832,2,9.754804976206675,6.521976917349043
574,A_PuertoRico_8_1934_PA_146_168,10.950367,6.572212,2,9.754804976206675,6.521976917349043
575,A_PuertoRico_8_1934_PA_146_172,10.439132,7.1452355,2,9.754804976206675,6.521976917349043
576,A_PuertoRico_8_1934_PA_146_1745,9.371029,5.902081,2,9.754804976206675,6.521976917349043
577,A_PuertoRico_8_1934_PA_146_1844,10.4571,6.0522337,2,9.754804976206675,6.521976917349043
578,A_PuertoRico_8_1934_PA_146_185,10.38312,6.9654284,2,9.754804976206675,6.521976917349043
579,A_PuertoRico_8_1934_PA_146_1886,10.22723,6.270893,2,9.754804976206675,6.521976917349043
580,A_PuertoRico_8_1934_PA_146_1916,10.294804,6.5383496,2,9.754804976206675,6.521976917349043
581,A_PuertoRico_8_1934_PA_146_1925,10.067302,6.7808323,2,9.754804976206675,6.521976917349043
582,A_PuertoRico_8_1934_PA_146_1937,10.224949,6.8045354,2,9.754804976206675,6.521976917349043
583,A_PuertoRico_8_1934_PA_146_1945,10.542046,6.544063,2,9.754804976206675,6.521976917349043
584,A_PuertoRico_8_1934_PA_146_1948,10.11181,6.9568934,2,9.754804976206675,6.521976917349043
585,A_PuertoRico_8_1934_PA_146_195,10.024303,6.5483546,2,9.754804976206675,6.521976917349043
586,A_PuertoRico_8_1934_PA_146_1960,11.269844,6.456457,2,9.754804976206675,6.521976917349043
587,A_PuertoRico_8_1934_PA_146_1964,10.184609,6.6826444,2,9.754804976206675,6.521976917349043
588,A_PuertoRico_8_1934_PA_146_1967,10.100788,7.0155644,2,9.754804976206675,6.521976917349043
589,A_PuertoRico_8_1934_PA_146_1974,11.185357,6.515403,2,9.754804976206675,6.521976917349043
590,A_PuertoRico_8_1934_PA_146_1978,10.4297285,6.5773764,2,9.754804976206675,6.521976917349043
591,A_PuertoRico_8_1934_PA_146_1986,10.028011,6.6273828,2,9.754804976206675,6.521976917349043
592,A_PuertoRico_8_1934_PA_146_1990,10.189141,7.719774,2,9.754804976206675,6.521976917349043
593,A_PuertoRico_8_1934_PA_146_1992,9.731364,6.641955,2,9.754804976206675,6.521976917349043
594,A_PuertoRico_8_1934_PA_146_2002,10.301023,6.798567,2,9.754804976206675,6.521976917349043
595,A_PuertoRico_8_1934_PA_146_2011,9.958377,6.6310973,2,9.754804976206675,6.521976917349043
596,A_PuertoRico_8_1934_PA_146_2012,9.203614,7.6611185,2,9.754804976206675,6.521976917349043
597,A_PuertoRico_8_1934_PA_146_2015,9.810614,6.502284,2,9.754804976206675,6.521976917349043
598,A_PuertoRico_8_1934_PA_146_2027,11.541992,6.9353485,-1,,
599,A_PuertoRico_8_1934_PA_146_2083,10.373031,6.411645,2,9.754804976206675,6.521976917349043
600,A_PuertoRico_8_1934_PA_146_259,9.963333,6.4722166,2,9.754804976206675,6.521976917349043
601,A_PuertoRico_8_1934_PA_146_305,10.5413475,6.310567,2,9.754804976206675,6.521976917349043
602,A_PuertoRico_8_1934_PA_147_1979,2.581894,6.2668195,0,2.5527971814392396,5.152696836555193
603,A_PuertoRico_8_1934_PA_147_1985,3.891623,4.7485986,0,2.5527971814392396,5.152696836555193
604,A_PuertoRico_8_1934_PA_147_2064,4.235653,4.8426156,0,2.5527971814392396,5.152696836555193
605,A_PuertoRico_8_1934_PA_147_247,3.8633487,4.825273,0,2.5527971814392396,5.152696836555193
606,A_PuertoRico_8_1934_PA_1486_1673,10.178996,5.931389,2,9.754804976206675,6.521976917349043
607,A_PuertoRico_8_1934_PA_1490_1810,0.085830085,6.1309156,0,2.5527971814392396,5.152696836555193
608,A_PuertoRico_8_1934_PA_149_183,2.7064955,5.990625,0,2.5527971814392396,5.152696836555193
609,A_PuertoRico_8_1934_PA_149_1857,2.6970127,5.820805,0,2.5527971814392396,5.152696836555193
610,A_PuertoRico_8_1934_PA_149_1943,2.7021158,5.9385405,0,2.5527971814392396,5.152696836555193
611,A_PuertoRico_8_1934_PA_149_1959,2.4674103,5.543376,0,2.5527971814392396,5.152696836555193
612,A_PuertoRico_8_1934_PA_149_1963,2.432215,5.7325864,0,2.5527971814392396,5.152696836555193
613,A_PuertoRico_8_1934_PA_149_238,2.6896079,5.9484496,0,2.5527971814392396,5.152696836555193
614,A_PuertoRico_8_1934_PA_150_1935,-0.30851233,6.2431455,0,2.5527971814392396,5.152696836555193
615,A_PuertoRico_8_1934_PA_150_1972,0.017235124,6.556673,0,2.5527971814392396,5.152696836555193
616,A_PuertoRico_8_1934_PA_150_1976,-0.40815374,6.175621,0,2.5527971814392396,5.152696836555193
617,A_PuertoRico_8_1934_PA_150_2020,-0.28242603,6.17551,0,2.5527971814392396,5.152696836555193
618,A_PuertoRico_8_1934_PA_150_2069,-0.280491,6.258114,0,2.5527971814392396,5.152696836555193
619,A_PuertoRico_8_1934_PA_150_254,-0.22226971,6.2826157,0,2.5527971814392396,5.152696836555193
620,A_PuertoRico_8_1934_PA_151_1882,0.8051334,6.0496187,0,2.5527971814392396,5.152696836555193
621,A_PuertoRico_8_1934_PA_151_2009,3.3184655,3.94405,0,2.5527971814392396,5.152696836555193
622,A_PuertoRico_8_1934_PA_152_1911,7.9347897,5.9362307,-1,,
623,A_PuertoRico_8_1934_PA_1538_1754,3.7633052,6.7233944,0,2.5527971814392396,5.152696836555193
624,A_PuertoRico_8_1934_PA_153_2013,1.6087583,6.2120075,0,2.5527971814392396,5.152696836555193
625,A_PuertoRico_8_1934_PA_153_260,8.969743,5.984651,2,9.754804976206675,6.521976917349043
626,A_PuertoRico_8_1934_PA_154_1848,3.4611022,6.320823,0,2.5527971814392396,5.152696836555193
627,A_PuertoRico_8_1934_PA_154_1930,1.8483593,6.6365194,0,2.5527971814392396,5.152696836555193
628,A_PuertoRico_8_1934_PA_155_177,2.972291,7.3188505,0,2.5527971814392396,5.152696836555193
629,A_PuertoRico_8_1934_PA_155_1880,3.071386,6.9302955,0,2.5527971814392396,5.152696836555193
630,A_PuertoRico_8_1934_PA_155_1917,2.9319112,7.164395,0,2.5527971814392396,5.152696836555193
631,A_PuertoRico_8_1934_PA_155_1926,3.0027907,7.26487,0,2.5527971814392396,5.152696836555193
632,A_PuertoRico_8_1934_PA_155_1981,2.888757,7.196139,0,2.5527971814392396,5.152696836555193
633,A_PuertoRico_8_1934_PA_155_2068,3.0470157,7.5417414,0,2.5527971814392396,5.152696836555193
634,A_PuertoRico_8_1934_PA_155_240,3.04113,7.303901,0,2.5527971814392396,5.152696836555193
635,A_PuertoRico_8_1934_PA_155_378,2.8935888,7.1643476,0,2.5527971814392396,5.152696836555193
636,A_PuertoRico_8_1934_PA_156_180,9.554364,7.1374025,2,9.754804976206675,6.521976917349043
637,A_PuertoRico_8_1934_PA_156_1865,9.210875,6.797044,2,9.754804976206675,6.521976917349043
638,A_PuertoRico_8_1934_PA_156_1868,9.152674,6.6082525,2,9.754804976206675,6.521976917349043
639,A_PuertoRico_8_1934_PA_156_1937,9.615811,7.2864375,2,9.754804976206675,6.521976917349043
640,A_PuertoRico_8_1934_PA_156_1940,9.360191,7.4146013,2,9.754804976206675,6.521976917349043
641,A_PuertoRico_8_1934_PA_156_1948,9.71623,7.119765,2,9.754804976206675,6.521976917349043
642,A_PuertoRico_8_1934_PA_156_195,9.37845,6.6943297,2,9.754804976206675,6.521976917349043
643,A_PuertoRico_8_1934_PA_156_1951,9.381071,6.5934925,2,9.754804976206675,6.521976917349043
644,A_PuertoRico_8_1934_PA_156_1964,9.425767,6.992992,2,9.754804976206675,6.521976917349043
645,A_PuertoRico_8_1934_PA_156_1984,9.543675,7.3806486,2,9.754804976206675,6.521976917349043
646,A_PuertoRico_8_1934_PA_156_1986,9.282734,6.8453693,2,9.754804976206675,6.521976917349043
647,A_PuertoRico_8_1934_PA_156_1990,10.176264,7.761453,-1,,
648,A_PuertoRico_8_1934_PA_156_2002,9.474672,7.0132804,2,9.754804976206675,6.521976917349043
649,A_PuertoRico_8_1934_PA_156_2007,9.0915,6.6939807,2,9.754804976206675,6.521976917349043
650,A_PuertoRico_8_1934_PA_156_2011,9.436007,6.8318753,2,9.754804976206675,6.521976917349043
651,A_PuertoRico_8_1934_PA_156_2012,9.076331,7.6810412,2,9.754804976206675,6.521976917349043
652,A_PuertoRico_8_1934_PA_156_2016,9.204859,6.823702,2,9.754804976206675,6.521976917349043
653,A_PuertoRico_8_1934_PA_156_2017,9.083057,7.3003573,2,9.754804976206675,6.521976917349043
654,A_PuertoRico_8_1934_PA_156_2034,9.489975,7.066048,2,9.754804976206675,6.521976917349043
655,A_PuertoRico_8_1934_PA_156_2042,9.856145,6.186193,2,9.754804976206675,6.521976917349043
656,A_PuertoRico_8_1934_PA_156_2048,9.226616,6.8614755,2,9.754804976206675,6.521976917349043
657,A_PuertoRico_8_1934_PA_156_208,9.144675,7.013339,2,9.754804976206675,6.521976917349043
658,A_PuertoRico_8_1934_PA_156_214,9.454776,7.30883,2,9.754804976206675,6.521976917349043
659,A_PuertoRico_8_1934_PA_156_235,9.44814,7.4716945,2,9.754804976206675,6.521976917349043
660,A_PuertoRico_8_1934_PA_156_259,9.116116,6.9228983,2,9.754804976206675,6.521976917349043
661,A_PuertoRico_8_1934_PA_156_317,9.2390585,7.063277,2,9.754804976206675,6.521976917349043
662,A_PuertoRico_8_1934_PA_157_1419,2.319277,6.3213687,0,2.5527971814392396,5.152696836555193
663,A_PuertoRico_8_1934_PA_157_179,2.3036194,6.357281,0,2.5527971814392396,5.152696836555193
664,A_PuertoRico_8_1934_PA_157_1857,2.3539984,6.354354,0,2.5527971814392396,5.152696836555193
665,A_PuertoRico_8_1934_PA_157_186,2.3458233,6.403531,0,2.5527971814392396,5.152696836555193
666,A_PuertoRico_8_1934_PA_157_1946,2.3448954,6.3684278,0,2.5527971814392396,5.152696836555193
667,A_PuertoRico_8_1934_PA_157_1961,2.334695,6.348541,0,2.5527971814392396,5.152696836555193
668,A_PuertoRico_8_1934_PA_157_1977,2.1201901,6.143816,0,2.5527971814392396,5.152696836555193
669,A_PuertoRico_8_1934_PA_157_1979,2.39245,6.3390665,0,2.5527971814392396,5.152696836555193
670,A_PuertoRico_8_1934_PA_157_1981,2.3217018,6.354267,0,2.5527971814392396,5.152696836555193
671,A_PuertoRico_8_1934_PA_157_2009,2.3563788,6.2763095,0,2.5527971814392396,5.152696836555193
672,A_PuertoRico_8_1934_PA_157_2010,2.2571495,6.2074037,0,2.5527971814392396,5.152696836555193
673,A_PuertoRico_8_1934_PA_157_2026,2.0463538,5.95023,0,2.5527971814392396,5.152696836555193
674,A_PuertoRico_8_1934_PA_157_2028,2.4478703,6.64875,0,2.5527971814392396,5.152696836555193
675,A_PuertoRico_8_1934_PA_157_2111,2.2044508,6.1718082,0,2.5527971814392396,5.152696836555193
676,A_PuertoRico_8_1934_PA_157_297,2.3023214,6.334432,0,2.5527971814392396,5.152696836555193
677,A_PuertoRico_8_1934_PA_158_1881,0.13263386,6.2566524,0,2.5527971814392396,5.152696836555193
678,A_PuertoRico_8_1934_PA_158_191,0.25437722,6.2662272,0,2.5527971814392396,5.152696836555193
679,A_PuertoRico_8_1934_PA_158_1914,9.630084,5.814611,2,9.754804976206675,6.521976917349043
680,A_PuertoRico_8_1934_PA_158_1925,0.443439,6.363779,0,2.5527971814392396,5.152696836555193
681,A_PuertoRico_8_1934_PA_158_1927,1.2294979,6.2718277,0,2.5527971814392396,5.152696836555193
682,A_PuertoRico_8_1934_PA_158_1954,0.9645614,6.5978165,0,2.5527971814392396,5.152696836555193
683,A_PuertoRico_8_1934_PA_158_1972,0.08610996,6.558606,0,2.5527971814392396,5.152696836555193
684,A_PuertoRico_8_1934_PA_158_2087,0.34915954,6.231917,0,2.5527971814392396,5.152696836555193
685,A_PuertoRico_8_1934_PA_159_1915,4.2106133,4.7829247,0,2.5527971814392396,5.152696836555193
686,A_PuertoRico_8_1934_PA_159_1977,4.50564,4.545639,0,2.5527971814392396,5.152696836555193
687,A_PuertoRico_8_1934_PA_159_234,4.679024,4.5845513,0,2.5527971814392396,5.152696836555193
688,A_PuertoRico_8_1934_PA_160_1944,2.8159802,5.917499,0,2.5527971814392396,5.152696836555193
689,A_PuertoRico_8_1934_PA_160_1963,2.7556376,5.887163,0,2.5527971814392396,5.152696836555193
690,A_PuertoRico_8_1934_PA_160_1981,2.812433,6.234049,0,2.5527971814392396,5.152696836555193
691,A_PuertoRico_8_1934_PA_161_1743,2.5031347,5.87233,0,2.5527971814392396,5.152696836555193
692,A_PuertoRico_8_1934_PA_161_1913,2.47609,5.830284,0,2.5527971814392396,5.152696836555193
693,A_PuertoRico_8_1934_PA_161_1918,2.5586038,5.8057723,0,2.5527971814392396,5.152696836555193
694,A_PuertoRico_8_1934_PA_161_1934,2.6010122,5.9337854,0,2.5527971814392396,5.152696836555193
695,A_PuertoRico_8_1934_PA_161_1959,2.562666,5.715359,0,2.5527971814392396,5.152696836555193
696,A_PuertoRico_8_1934_PA_161_1973,2.4903524,5.7909107,0,2.5527971814392396,5.152696836555193
697,A_PuertoRico_8_1934_PA_1626_1667,10.793248,5.907768,2,9.754804976206675,6.521976917349043
698,A_PuertoRico_8_1934_PA_162_1926,3.0414047,7.4827304,0,2.5527971814392396,5.152696836555193
699,A_PuertoRico_8_1934_PA_162_1975,3.5328577,7.635831,0,2.5527971814392396,5.152696836555193
700,A_PuertoRico_8_1934_PA_162_2019,3.948262,7.789332,0,2.5527971814392396,5.152696836555193
701,A_PuertoRico_8_1934_PA_162_2024,3.4772615,7.7816277,0,2.5527971814392396,5.152696836555193
702,A_PuertoRico_8_1934_PA_162_2053,3.4343116,7.752887,0,2.5527971814392396,5.152696836555193
703,A_PuertoRico_8_1934_PA_162_2139,3.4153435,7.7318764,0,2.5527971814392396,5.152696836555193
704,A_PuertoRico_8_1934_PA_1630_1960,11.253719,6.2119412,2,9.754804976206675,6.521976917349043
705,A_PuertoRico_8_1934_PA_1631_1676,7.602614,6.947401,-1,,
706,A_PuertoRico_8_1934_PA_163_1873,9.50133,6.8644466,2,9.754804976206675,6.521976917349043
707,A_PuertoRico_8_1934_PA_163_188,9.533617,6.966152,2,9.754804976206675,6.521976917349043
708,A_PuertoRico_8_1934_PA_163_1948,9.716312,7.042284,2,9.754804976206675,6.521976917349043
709,A_PuertoRico_8_1934_PA_163_195,9.679935,6.7789946,2,9.754804976206675,6.521976917349043
710,A_PuertoRico_8_1934_PA_163_1951,9.581786,6.5634274,2,9.754804976206675,6.521976917349043
711,A_PuertoRico_8_1934_PA_163_1964,9.609379,6.918487,2,9.754804976206675,6.521976917349043
712,A_PuertoRico_8_1934_PA_163_1984,9.70429,7.294065,2,9.754804976206675,6.521976917349043
713,A_PuertoRico_8_1934_PA_163_1986,9.725501,6.7782345,2,9.754804976206675,6.521976917349043
714,A_PuertoRico_8_1934_PA_163_1990,10.121206,7.740683,2,9.754804976206675,6.521976917349043
715,A_PuertoRico_8_1934_PA_163_2002,9.694424,6.96474,2,9.754804976206675,6.521976917349043
716,A_PuertoRico_8_1934_PA_163_2011,9.671927,6.761861,2,9.754804976206675,6.521976917349043
717,A_PuertoRico_8_1934_PA_163_2012,9.299677,7.569547,2,9.754804976206675,6.521976917349043
718,A_PuertoRico_8_1934_PA_163_2017,9.219309,7.4205217,2,9.754804976206675,6.521976917349043
719,A_PuertoRico_8_1934_PA_163_2048,9.5210495,6.8627324,2,9.754804976206675,6.521976917349043
720,A_PuertoRico_8_1934_PA_163_214,9.545706,7.2965307,2,9.754804976206675,6.521976917349043
721,A_PuertoRico_8_1934_PA_163_217,9.374611,7.3976054,2,9.754804976206675,6.521976917349043
722,A_PuertoRico_8_1934_PA_163_235,9.443273,7.57356,2,9.754804976206675,6.521976917349043
723,A_PuertoRico_8_1934_PA_163_246,9.408053,7.388765,2,9.754804976206675,6.521976917349043
724,A_PuertoRico_8_1934_PA_163_259,9.525609,6.951682,2,9.754804976206675,6.521976917349043
725,A_PuertoRico_8_1934_PA_164_187,1.9146911,5.9984703,0,2.5527971814392396,5.152696836555193
726,A_PuertoRico_8_1934_PA_164_1927,1.5951518,6.1583867,0,2.5527971814392396,5.152696836555193
727,A_PuertoRico_8_1934_PA_164_1946,2.2914293,6.428552,0,2.5527971814392396,5.152696836555193
728,A_PuertoRico_8_1934_PA_164_1947,2.0497189,5.757061,0,2.5527971814392396,5.152696836555193
729,A_PuertoRico_8_1934_PA_164_1950,1.8110803,5.9854803,0,2.5527971814392396,5.152696836555193
730,A_PuertoRico_8_1934_PA_164_1961,2.37843,6.4368424,0,2.5527971814392396,5.152696836555193
731,A_PuertoRico_8_1934_PA_164_1977,1.8519274,6.031329,0,2.5527971814392396,5.152696836555193
732,A_PuertoRico_8_1934_PA_164_1979,2.397843,6.2929835,0,2.5527971814392396,5.152696836555193
733,A_PuertoRico_8_1934_PA_164_1985,2.0072734,5.970156,0,2.5527971814392396,5.152696836555193
734,A_PuertoRico_8_1934_PA_164_1989,2.2682335,5.861742,0,2.5527971814392396,5.152696836555193
735,A_PuertoRico_8_1934_PA_164_1991,1.6963971,6.3578978,0,2.5527971814392396,5.152696836555193
736,A_PuertoRico_8_1934_PA_164_2026,1.8792602,5.951915,0,2.5527971814392396,5.152696836555193
737,A_PuertoRico_8_1934_PA_164_2028,2.4426665,6.6254625,0,2.5527971814392396,5.152696836555193
738,A_PuertoRico_8_1934_PA_164_2062,1.6353631,6.17923,0,2.5527971814392396,5.152696836555193
739,A_PuertoRico_8_1934_PA_1658_1801,3.9289467,7.1509786,0,2.5527971814392396,5.152696836555193
740,A_PuertoRico_8_1934_PA_165_1814,0.009951349,6.3338695,0,2.5527971814392396,5.152696836555193
741,A_PuertoRico_8_1934_PA_165_1846,0.06316128,6.295604,0,2.5527971814392396,5.152696836555193
742,A_PuertoRico_8_1934_PA_165_1881,-0.08810747,6.2579746,0,2.5527971814392396,5.152696836555193
743,A_PuertoRico_8_1934_PA_165_1909,-0.03101864,6.41515,0,2.5527971814392396,5.152696836555193
744,A_PuertoRico_8_1934_PA_165_191,-0.023897815,6.29816,0,2.5527971814392396,5.152696836555193
745,A_PuertoRico_8_1934_PA_165_1925,0.1508546,6.417877,0,2.5527971814392396,5.152696836555193
746,A_PuertoRico_8_1934_PA_165_1976,-0.19050047,6.2560787,0,2.5527971814392396,5.152696836555193
747,A_PuertoRico_8_1934_PA_165_200,-0.12955765,6.30063,0,2.5527971814392396,5.152696836555193
748,A_PuertoRico_8_1934_PA_165_2006,-0.10617818,6.3393455,0,2.5527971814392396,5.152696836555193
749,A_PuertoRico_8_1934_PA_165_2020,-0.17327395,6.2541814,0,2.5527971814392396,5.152696836555193
750,A_PuertoRico_8_1934_PA_1661_2036,0.45772198,5.9202404,0,2.5527971814392396,5.152696836555193
751,A_PuertoRico_8_1934_PA_1666_1692,9.54446,7.44915,2,9.754804976206675,6.521976917349043
752,A_PuertoRico_8_1934_PA_1668_1718,0.30145475,6.170669,0,2.5527971814392396,5.152696836555193
753,A_PuertoRico_8_1934_PA_1668_1720,0.23646767,6.3064995,0,2.5527971814392396,5.152696836555193
754,A_PuertoRico_8_1934_PA_166_1870,2.7678208,7.09929,0,2.5527971814392396,5.152696836555193
755,A_PuertoRico_8_1934_PA_166_1932,2.84277,7.126712,0,2.5527971814392396,5.152696836555193
756,A_PuertoRico_8_1934_PA_166_1962,2.7927194,7.1512694,0,2.5527971814392396,5.152696836555193
757,A_PuertoRico_8_1934_PA_166_1968,2.6938295,7.136744,0,2.5527971814392396,5.152696836555193
758,A_PuertoRico_8_1934_PA_166_1978,10.488319,6.59535,2,9.754804976206675,6.521976917349043
759,A_PuertoRico_8_1934_PA_166_1981,2.7925599,7.154946,0,2.5527971814392396,5.152696836555193
760,A_PuertoRico_8_1934_PA_166_2000,2.9353395,7.339259,0,2.5527971814392396,5.152696836555193
761,A_PuertoRico_8_1934_PA_166_2028,2.7842155,7.0929275,0,2.5527971814392396,5.152696836555193
762,A_PuertoRico_8_1934_PA_166_2074,3.525673,8.021728,0,2.5527971814392396,5.152696836555193
763,A_PuertoRico_8_1934_PA_166_253,2.9626322,7.2934766,0,2.5527971814392396,5.152696836555193
764,A_PuertoRico_8_1934_PA_166_835,2.772276,7.1747236,0,2.5527971814392396,5.152696836555193
765,A_PuertoRico_8_1934_PA_1678_1745,9.018271,5.641974,2,9.754804976206675,6.521976917349043
766,A_PuertoRico_8_1934_PA_167_1745,9.1325245,6.3583937,2,9.754804976206675,6.521976917349043
767,A_PuertoRico_8_1934_PA_167_1873,9.378844,6.9024825,2,9.754804976206675,6.521976917349043
768,A_PuertoRico_8_1934_PA_167_1877,8.815692,7.194922,2,9.754804976206675,6.521976917349043
769,A_PuertoRico_8_1934_PA_167_1906,9.080221,7.167903,2,9.754804976206675,6.521976917349043
770,A_PuertoRico_8_1934_PA_167_192,9.1234,7.0539613,2,9.754804976206675,6.521976917349043
771,A_PuertoRico_8_1934_PA_167_1928,9.115141,6.929512,2,9.754804976206675,6.521976917349043
772,A_PuertoRico_8_1934_PA_167_1929,9.063506,7.478407,2,9.754804976206675,6.521976917349043
773,A_PuertoRico_8_1934_PA_167_1937,9.296588,7.382192,2,9.754804976206675,6.521976917349043
774,A_PuertoRico_8_1934_PA_167_1948,9.501094,7.128808,2,9.754804976206675,6.521976917349043
775,A_PuertoRico_8_1934_PA_167_195,9.466979,6.7796607,2,9.754804976206675,6.521976917349043
776,A_PuertoRico_8_1934_PA_167_1951,9.511334,6.6202416,2,9.754804976206675,6.521976917349043
777,A_PuertoRico_8_1934_PA_167_1953,8.874103,7.1145887,2,9.754804976206675,6.521976917349043
778,A_PuertoRico_8_1934_PA_167_1964,9.348748,7.034829,2,9.754804976206675,6.521976917349043
779,A_PuertoRico_8_1934_PA_167_1965,9.103806,7.3847632,2,9.754804976206675,6.521976917349043
780,A_PuertoRico_8_1934_PA_167_1967,9.297455,7.2749963,2,9.754804976206675,6.521976917349043
781,A_PuertoRico_8_1934_PA_167_1973,9.057424,7.143172,2,9.754804976206675,6.521976917349043
782,A_PuertoRico_8_1934_PA_167_1984,9.289386,7.362861,2,9.754804976206675,6.521976917349043
783,A_PuertoRico_8_1934_PA_167_1986,9.405652,7.025042,2,9.754804976206675,6.521976917349043
784,A_PuertoRico_8_1934_PA_167_1987,9.032378,7.2320337,2,9.754804976206675,6.521976917349043
785,A_PuertoRico_8_1934_PA_167_1990,10.163447,7.7325053,2,9.754804976206675,6.521976917349043
786,A_PuertoRico_8_1934_PA_167_1993,9.1260805,7.3860183,2,9.754804976206675,6.521976917349043
787,A_PuertoRico_8_1934_PA_167_1994,9.039836,7.3804116,2,9.754804976206675,6.521976917349043
788,A_PuertoRico_8_1934_PA_167_2002,9.400946,7.080486,2,9.754804976206675,6.521976917349043
789,A_PuertoRico_8_1934_PA_167_2011,9.435551,6.9279466,2,9.754804976206675,6.521976917349043
790,A_PuertoRico_8_1934_PA_167_2012,9.078129,7.606932,2,9.754804976206675,6.521976917349043
791,A_PuertoRico_8_1934_PA_167_2017,9.085975,7.3923635,2,9.754804976206675,6.521976917349043
792,A_PuertoRico_8_1934_PA_167_2034,9.412327,7.004185,2,9.754804976206675,6.521976917349043
793,A_PuertoRico_8_1934_PA_167_2042,9.865395,6.138172,2,9.754804976206675,6.521976917349043
794,A_PuertoRico_8_1934_PA_167_2046,9.138559,7.3825283,2,9.754804976206675,6.521976917349043
795,A_PuertoRico_8_1934_PA_167_205,9.170323,7.109826,2,9.754804976206675,6.521976917349043
796,A_PuertoRico_8_1934_PA_167_2056,8.951323,7.462597,2,9.754804976206675,6.521976917349043
797,A_PuertoRico_8_1934_PA_167_2063,9.323235,7.8627834,2,9.754804976206675,6.521976917349043
798,A_PuertoRico_8_1934_PA_167_208,9.077733,7.0560927,2,9.754804976206675,6.521976917349043
799,A_PuertoRico_8_1934_PA_167_214,9.369769,7.383805,2,9.754804976206675,6.521976917349043
800,A_PuertoRico_8_1934_PA_167_216,9.029684,7.2463627,2,9.754804976206675,6.521976917349043
801,A_PuertoRico_8_1934_PA_167_229,9.318802,7.1373386,2,9.754804976206675,6.521976917349043
802,A_PuertoRico_8_1934_PA_167_235,9.258604,7.5395474,2,9.754804976206675,6.521976917349043
803,A_PuertoRico_8_1934_PA_167_246,9.177324,7.409878,2,9.754804976206675,6.521976917349043
804,A_PuertoRico_8_1934_PA_167_259,9.045678,7.1020684,2,9.754804976206675,6.521976917349043
805,A_PuertoRico_8_1934_PA_167_292,9.052533,7.192665,2,9.754804976206675,6.521976917349043
806,A_PuertoRico_8_1934_PA_168_1845,2.871312,6.551284,0,2.5527971814392396,5.152696836555193
807,A_PuertoRico_8_1934_PA_168_1880,2.878454,6.5421286,0,2.5527971814392396,5.152696836555193
808,A_PuertoRico_8_1934_PA_168_1975,2.679735,6.7661524,0,2.5527971814392396,5.152696836555193
809,A_PuertoRico_8_1934_PA_168_1979,2.5694788,6.391263,0,2.5527971814392396,5.152696836555193
810,A_PuertoRico_8_1934_PA_168_2023,2.6349955,6.3381877,0,2.5527971814392396,5.152696836555193
811,A_PuertoRico_8_1934_PA_168_2028,2.573241,6.7551446,0,2.5527971814392396,5.152696836555193
812,A_PuertoRico_8_1934_PA_168_207,2.787761,6.278117,0,2.5527971814392396,5.152696836555193
813,A_PuertoRico_8_1934_PA_1691_1960,11.414745,6.3477297,2,9.754804976206675,6.521976917349043
814,A_PuertoRico_8_1934_PA_1698_1879,10.8074045,5.4629583,2,9.754804976206675,6.521976917349043
815,A_PuertoRico_8_1934_PA_1699_1746,7.968807,6.909972,2,9.754804976206675,6.521976917349043
816,A_PuertoRico_8_1934_PA_169_1924,3.5016031,7.4745593,0,2.5527971814392396,5.152696836555193
817,A_PuertoRico_8_1934_PA_169_1947,2.1632862,5.048751,0,2.5527971814392396,5.152696836555193
818,A_PuertoRico_8_1934_PA_170_1920,3.7310324,7.6653104,0,2.5527971814392396,5.152696836555193
819,A_PuertoRico_8_1934_PA_170_1956,3.7061055,7.806915,0,2.5527971814392396,5.152696836555193
820,A_PuertoRico_8_1934_PA_170_2005,3.866246,7.66192,0,2.5527971814392396,5.152696836555193
821,A_PuertoRico_8_1934_PA_170_2074,3.6220875,8.141103,0,2.5527971814392396,5.152696836555193
822,A_PuertoRico_8_1934_PA_1713_1755,0.09215069,6.14257,0,2.5527971814392396,5.152696836555193
823,A_PuertoRico_8_1934_PA_1715_1741,8.581691,6.2497644,2,9.754804976206675,6.521976917349043
824,A_PuertoRico_8_1934_PA_1715_1745,8.920517,5.925828,2,9.754804976206675,6.521976917349043
825,A_PuertoRico_8_1934_PA_1717_2043,0.5245206,6.38081,0,2.5527971814392396,5.152696836555193
826,A_PuertoRico_8_1934_PA_171_1868,9.666433,6.0220695,2,9.754804976206675,6.521976917349043
827,A_PuertoRico_8_1934_PA_171_1879,10.731518,5.543192,2,9.754804976206675,6.521976917349043
828,A_PuertoRico_8_1934_PA_171_1902,9.620334,6.34555,2,9.754804976206675,6.521976917349043
829,A_PuertoRico_8_1934_PA_171_1915,9.655682,6.5172505,2,9.754804976206675,6.521976917349043
830,A_PuertoRico_8_1934_PA_171_1922,10.365144,6.6291113,2,9.754804976206675,6.521976917349043
831,A_PuertoRico_8_1934_PA_171_1928,9.716384,6.4119997,2,9.754804976206675,6.521976917349043
832,A_PuertoRico_8_1934_PA_171_1940,9.563814,7.4163218,2,9.754804976206675,6.521976917349043
833,A_PuertoRico_8_1934_PA_171_1945,10.59385,6.547082,2,9.754804976206675,6.521976917349043
834,A_PuertoRico_8_1934_PA_171_195,9.842172,6.52143,2,9.754804976206675,6.521976917349043
835,A_PuertoRico_8_1934_PA_171_1951,9.726233,6.3190646,2,9.754804976206675,6.521976917349043
836,A_PuertoRico_8_1934_PA_171_1960,11.438386,6.41461,2,9.754804976206675,6.521976917349043
837,A_PuertoRico_8_1934_PA_171_1964,10.170587,6.5852404,2,9.754804976206675,6.521976917349043
838,A_PuertoRico_8_1934_PA_171_1974,11.359412,6.4330883,2,9.754804976206675,6.521976917349043
839,A_PuertoRico_8_1934_PA_171_1978,10.475501,6.591362,2,9.754804976206675,6.521976917349043
840,A_PuertoRico_8_1934_PA_171_1984,9.967481,7.103223,2,9.754804976206675,6.521976917349043
841,A_PuertoRico_8_1934_PA_171_1986,10.055324,6.704672,2,9.754804976206675,6.521976917349043
842,A_PuertoRico_8_1934_PA_171_1987,9.91712,6.8459797,2,9.754804976206675,6.521976917349043
843,A_PuertoRico_8_1934_PA_171_1992,9.5847,6.5327997,2,9.754804976206675,6.521976917349043
844,A_PuertoRico_8_1934_PA_171_2011,9.871646,6.5637064,2,9.754804976206675,6.521976917349043
845,A_PuertoRico_8_1934_PA_171_2015,9.74447,6.4847627,2,9.754804976206675,6.521976917349043
846,A_PuertoRico_8_1934_PA_171_2017,9.386972,7.4382176,2,9.754804976206675,6.521976917349043
847,A_PuertoRico_8_1934_PA_171_2027,11.54163,6.9121156,-1,,
848,A_PuertoRico_8_1934_PA_171_2048,9.652993,6.616001,2,9.754804976206675,6.521976917349043
849,A_PuertoRico_8_1934_PA_171_2063,9.530264,7.8759775,2,9.754804976206675,6.521976917349043
850,A_PuertoRico_8_1934_PA_171_217,9.5126295,7.2625136,2,9.754804976206675,6.521976917349043
851,A_PuertoRico_8_1934_PA_171_259,9.751007,6.593245,2,9.754804976206675,6.521976917349043
852,A_PuertoRico_8_1934_PA_171_377,10.203506,6.668539,2,9.754804976206675,6.521976917349043
853,A_PuertoRico_8_1934_PA_172_1917,1.4758822,6.891152,0,2.5527971814392396,5.152696836555193
854,A_PuertoRico_8_1934_PA_172_1938,1.505392,6.910073,0,2.5527971814392396,5.152696836555193
855,A_PuertoRico_8_1934_PA_172_1949,1.3385404,6.806713,0,2.5527971814392396,5.152696836555193
856,A_PuertoRico_8_1934_PA_172_1954,1.440898,6.878811,0,2.5527971814392396,5.152696836555193
857,A_PuertoRico_8_1934_PA_172_1968,1.4415469,6.910835,0,2.5527971814392396,5.152696836555193
858,A_PuertoRico_8_1934_PA_172_2003,1.4338238,6.8980327,0,2.5527971814392396,5.152696836555193
859,A_PuertoRico_8_1934_PA_172_2035,1.4690169,6.902775,0,2.5527971814392396,5.152696836555193
860,A_PuertoRico_8_1934_PA_1730_1792,2.9316983,6.761703,0,2.5527971814392396,5.152696836555193
861,A_PuertoRico_8_1934_PA_173_1916,8.762332,6.686957,2,9.754804976206675,6.521976917349043
862,A_PuertoRico_8_1934_PA_173_1992,8.7601185,6.3390875,2,9.754804976206675,6.521976917349043
863,A_PuertoRico_8_1934_PA_173_2014,8.796058,6.2785897,2,9.754804976206675,6.521976917349043
864,A_PuertoRico_8_1934_PA_173_216,8.781916,6.2505693,2,9.754804976206675,6.521976917349043
865,A_PuertoRico_8_1934_PA_1743_1801,3.9310734,7.1314116,0,2.5527971814392396,5.152696836555193
866,A_PuertoRico_8_1934_PA_1744_1808,10.560211,5.988143,2,9.754804976206675,6.521976917349043
867,A_PuertoRico_8_1934_PA_1745_1795,7.2933874,6.8470397,2,9.754804976206675,6.521976917349043
868,A_PuertoRico_8_1934_PA_1750_1911,7.688608,5.9557505,-1,,
869,A_PuertoRico_8_1934_PA_175_1953,8.719187,6.9481387,2,9.754804976206675,6.521976917349043
870,A_PuertoRico_8_1934_PA_176_1715,2.2960067,6.0209713,0,2.5527971814392396,5.152696836555193
871,A_PuertoRico_8_1934_PA_176_1905,2.033098,5.9754252,0,2.5527971814392396,5.152696836555193
872,A_PuertoRico_8_1934_PA_176_1924,3.4884765,7.461336,0,2.5527971814392396,5.152696836555193
873,A_PuertoRico_8_1934_PA_176_1930,2.092542,6.1665444,0,2.5527971814392396,5.152696836555193
874,A_PuertoRico_8_1934_PA_176_1953,2.1429029,6.122759,0,2.5527971814392396,5.152696836555193
875,A_PuertoRico_8_1934_PA_1774_1807,2.2750819,4.859941,0,2.5527971814392396,5.152696836555193
876,A_PuertoRico_8_1934_PA_1788_1868,9.699328,5.948874,2,9.754804976206675,6.521976917349043
877,A_PuertoRico_8_1934_PA_178_1861,3.7468605,7.6355267,0,2.5527971814392396,5.152696836555193
878,A_PuertoRico_8_1934_PA_178_1920,3.7059093,7.714707,0,2.5527971814392396,5.152696836555193
879,A_PuertoRico_8_1934_PA_178_1924,3.7556193,7.735216,0,2.5527971814392396,5.152696836555193
880,A_PuertoRico_8_1934_PA_178_1925,3.559319,7.8172894,0,2.5527971814392396,5.152696836555193
881,A_PuertoRico_8_1934_PA_178_1975,3.691213,7.643041,0,2.5527971814392396,5.152696836555193
882,A_PuertoRico_8_1934_PA_178_1980,3.7431836,7.8108864,0,2.5527971814392396,5.152696836555193
883,A_PuertoRico_8_1934_PA_178_2019,3.9335864,7.8033986,0,2.5527971814392396,5.152696836555193
884,A_PuertoRico_8_1934_PA_178_2053,3.7074456,7.808717,0,2.5527971814392396,5.152696836555193
885,A_PuertoRico_8_1934_PA_178_2074,3.65256,8.07523,0,2.5527971814392396,5.152696836555193
886,A_PuertoRico_8_1934_PA_1798_1868,9.207809,5.8021693,2,9.754804976206675,6.521976917349043
887,A_PuertoRico_8_1934_PA_179_1808,10.361846,6.263044,2,9.754804976206675,6.521976917349043
888,A_PuertoRico_8_1934_PA_179_1832,10.086847,6.353945,2,9.754804976206675,6.521976917349043
889,A_PuertoRico_8_1934_PA_179_1844,10.373038,6.0178857,2,9.754804976206675,6.521976917349043
890,A_PuertoRico_8_1934_PA_179_1868,9.899684,6.208425,2,9.754804976206675,6.521976917349043
891,A_PuertoRico_8_1934_PA_179_1903,10.131526,6.4889956,2,9.754804976206675,6.521976917349043
892,A_PuertoRico_8_1934_PA_179_1922,10.209342,6.50295,2,9.754804976206675,6.521976917349043
893,A_PuertoRico_8_1934_PA_179_1928,9.955748,6.376965,2,9.754804976206675,6.521976917349043
894,A_PuertoRico_8_1934_PA_179_1929,9.999416,6.588845,2,9.754804976206675,6.521976917349043
895,A_PuertoRico_8_1934_PA_179_1937,10.215496,6.582238,2,9.754804976206675,6.521976917349043
896,A_PuertoRico_8_1934_PA_179_1945,10.387924,6.626381,2,9.754804976206675,6.521976917349043
897,A_PuertoRico_8_1934_PA_179_1948,10.103727,6.7914724,2,9.754804976206675,6.521976917349043
898,A_PuertoRico_8_1934_PA_179_1951,9.877568,6.371022,2,9.754804976206675,6.521976917349043
899,A_PuertoRico_8_1934_PA_179_1960,11.291228,6.4989047,2,9.754804976206675,6.521976917349043
900,A_PuertoRico_8_1934_PA_179_1964,10.12071,6.649316,2,9.754804976206675,6.521976917349043
901,A_PuertoRico_8_1934_PA_179_1974,11.2468815,6.5069647,2,9.754804976206675,6.521976917349043
902,A_PuertoRico_8_1934_PA_179_1978,10.41624,6.555564,2,9.754804976206675,6.521976917349043
903,A_PuertoRico_8_1934_PA_179_1986,10.074433,6.5837026,2,9.754804976206675,6.521976917349043
904,A_PuertoRico_8_1934_PA_179_1989,10.076305,6.2822247,2,9.754804976206675,6.521976917349043
905,A_PuertoRico_8_1934_PA_179_1990,10.178796,7.682554,2,9.754804976206675,6.521976917349043
906,A_PuertoRico_8_1934_PA_179_1993,10.115605,6.5207024,2,9.754804976206675,6.521976917349043
907,A_PuertoRico_8_1934_PA_179_2002,10.236752,6.7350893,2,9.754804976206675,6.521976917349043
908,A_PuertoRico_8_1934_PA_179_2011,9.963485,6.6864605,2,9.754804976206675,6.521976917349043
909,A_PuertoRico_8_1934_PA_179_2012,9.42544,7.6058083,2,9.754804976206675,6.521976917349043
910,A_PuertoRico_8_1934_PA_179_2016,9.679903,6.4639487,2,9.754804976206675,6.521976917349043
911,A_PuertoRico_8_1934_PA_179_2027,11.488928,6.8886523,-1,,
912,A_PuertoRico_8_1934_PA_179_2034,10.143844,6.620327,2,9.754804976206675,6.521976917349043
913,A_PuertoRico_8_1934_PA_179_2042,10.118034,6.1514063,2,9.754804976206675,6.521976917349043
914,A_PuertoRico_8_1934_PA_179_205,10.075463,6.4337783,2,9.754804976206675,6.521976917349043
915,A_PuertoRico_8_1934_PA_179_208,9.962144,6.4658656,2,9.754804976206675,6.521976917349043
916,A_PuertoRico_8_1934_PA_179_214,10.058979,6.5550985,2,9.754804976206675,6.521976917349043
917,A_PuertoRico_8_1934_PA_179_248,10.044669,6.469167,2,9.754804976206675,6.521976917349043
918,A_PuertoRico_8_1934_PA_179_260,10.121428,6.415927,2,9.754804976206675,6.521976917349043
919,A_PuertoRico_8_1934_PA_1806_1861,3.8204782,7.2854633,0,2.5527971814392396,5.152696836555193
920,A_PuertoRico_8_1934_PA_1808_2028,2.492428,6.6670365,0,2.5527971814392396,5.152696836555193
921,A_PuertoRico_8_1934_PA_180_1915,4.1720424,4.766982,0,2.5527971814392396,5.152696836555193
922,A_PuertoRico_8_1934_PA_180_1985,3.9445975,4.760659,0,2.5527971814392396,5.152696836555193
923,A_PuertoRico_8_1934_PA_180_2064,4.2495556,4.8122997,0,2.5527971814392396,5.152696836555193
924,A_PuertoRico_8_1934_PA_180_247,3.9803722,4.747526,0,2.5527971814392396,5.152696836555193
925,A_PuertoRico_8_1934_PA_1810_1847,8.214652,6.100709,-1,,
926,A_PuertoRico_8_1934_PA_1818_1843,2.3758228,5.56032,0,2.5527971814392396,5.152696836555193
927,A_PuertoRico_8_1934_PA_181_1934,3.5923848,7.317227,0,2.5527971814392396,5.152696836555193
928,A_PuertoRico_8_1934_PA_181_1979,2.4791746,6.3091416,0,2.5527971814392396,5.152696836555193
929,A_PuertoRico_8_1934_PA_181_2019,4.0098095,7.7990346,0,2.5527971814392396,5.152696836555193
930,A_PuertoRico_8_1934_PA_182_1943,2.7288382,6.1717114,0,2.5527971814392396,5.152696836555193
931,A_PuertoRico_8_1934_PA_182_1973,2.5293467,5.861449,0,2.5527971814392396,5.152696836555193
932,A_PuertoRico_8_1934_PA_182_258,2.7009938,6.1630087,0,2.5527971814392396,5.152696836555193
933,A_PuertoRico_8_1934_PA_1831_1974,11.279768,6.2747445,2,9.754804976206675,6.521976917349043
934,A_PuertoRico_8_1934_PA_1833_1870,8.418812,6.151431,2,9.754804976206675,6.521976917349043
935,A_PuertoRico_8_1934_PA_1833_1879,10.824637,5.438797,-1,,
936,A_PuertoRico_8_1934_PA_183_1861,3.736861,7.4381003,0,2.5527971814392396,5.152696836555193
937,A_PuertoRico_8_1934_PA_183_1888,3.591226,7.7997956,0,2.5527971814392396,5.152696836555193
938,A_PuertoRico_8_1934_PA_183_1971,3.5671713,7.8094,0,2.5527971814392396,5.152696836555193
939,A_PuertoRico_8_1934_PA_183_2072,3.5927727,7.8826027,0,2.5527971814392396,5.152696836555193
940,A_PuertoRico_8_1934_PA_183_2074,3.5921407,8.030658,0,2.5527971814392396,5.152696836555193
941,A_PuertoRico_8_1934_PA_1841_1879,10.783881,5.450349,2,9.754804976206675,6.521976917349043
942,A_PuertoRico_8_1934_PA_1843_1873,9.522691,6.795236,2,9.754804976206675,6.521976917349043
943,A_PuertoRico_8_1934_PA_1844_1946,2.4948401,6.120536,0,2.5527971814392396,5.152696836555193
944,A_PuertoRico_8_1934_PA_1846_1873,8.961707,6.118095,2,9.754804976206675,6.521976917349043
945,A_PuertoRico_8_1934_PA_184_1865,9.537927,6.882433,2,9.754804976206675,6.521976917349043
946,A_PuertoRico_8_1934_PA_184_1868,9.453281,6.5636034,2,9.754804976206675,6.521976917349043
947,A_PuertoRico_8_1934_PA_184_1873,9.452941,6.826716,2,9.754804976206675,6.521976917349043
948,A_PuertoRico_8_1934_PA_184_1951,9.53503,6.603789,2,9.754804976206675,6.521976917349043
949,A_PuertoRico_8_1934_PA_184_1964,9.603295,6.9240193,2,9.754804976206675,6.521976917349043
950,A_PuertoRico_8_1934_PA_184_1986,9.737474,6.7032595,2,9.754804976206675,6.521976917349043
951,A_PuertoRico_8_1934_PA_184_1990,10.048737,7.704188,2,9.754804976206675,6.521976917349043
952,A_PuertoRico_8_1934_PA_184_1992,9.408426,6.890023,2,9.754804976206675,6.521976917349043
953,A_PuertoRico_8_1934_PA_184_2002,9.614143,6.9748406,2,9.754804976206675,6.521976917349043
954,A_PuertoRico_8_1934_PA_184_2011,9.564764,6.6660433,2,9.754804976206675,6.521976917349043
955,A_PuertoRico_8_1934_PA_184_2012,9.241272,7.516414,2,9.754804976206675,6.521976917349043
956,A_PuertoRico_8_1934_PA_184_2017,9.168503,7.484246,2,9.754804976206675,6.521976917349043
957,A_PuertoRico_8_1934_PA_184_2034,9.75314,6.9637313,2,9.754804976206675,6.521976917349043
958,A_PuertoRico_8_1934_PA_184_2056,9.257681,7.6889763,2,9.754804976206675,6.521976917349043
959,A_PuertoRico_8_1934_PA_184_2063,9.455058,7.9457707,-1,,
960,A_PuertoRico_8_1934_PA_184_214,9.63247,7.3074574,2,9.754804976206675,6.521976917349043
961,A_PuertoRico_8_1934_PA_184_235,9.498187,7.6121526,2,9.754804976206675,6.521976917349043
962,A_PuertoRico_8_1934_PA_184_268,9.50935,6.9938183,2,9.754804976206675,6.521976917349043
963,A_PuertoRico_8_1934_PA_1852_1954,1.4044182,6.8203354,0,2.5527971814392396,5.152696836555193
964,A_PuertoRico_8_1934_PA_185_1923,2.3297896,6.4970727,0,2.5527971814392396,5.152696836555193
965,A_PuertoRico_8_1934_PA_185_1927,1.5538162,6.273235,0,2.5527971814392396,5.152696836555193
966,A_PuertoRico_8_1934_PA_185_1939,1.5269123,6.385504,0,2.5527971814392396,5.152696836555193
967,A_PuertoRico_8_1934_PA_185_1946,2.2791278,6.4992013,0,2.5527971814392396,5.152696836555193
968,A_PuertoRico_8_1934_PA_185_1961,2.4575505,6.547568,0,2.5527971814392396,5.152696836555193
969,A_PuertoRico_8_1934_PA_185_1975,2.6519077,6.7579794,0,2.5527971814392396,5.152696836555193
970,A_PuertoRico_8_1934_PA_1860_1885,2.1887326,5.1864705,0,2.5527971814392396,5.152696836555193
971,A_PuertoRico_8_1934_PA_1861_1909,0.24831717,6.103533,0,2.5527971814392396,5.152696836555193
972,A_PuertoRico_8_1934_PA_1861_1925,0.65990055,6.198771,0,2.5527971814392396,5.152696836555193
973,A_PuertoRico_8_1934_PA_1861_1926,0.8883017,6.181568,0,2.5527971814392396,5.152696836555193
974,A_PuertoRico_8_1934_PA_1861_1935,-0.008685705,6.145959,0,2.5527971814392396,5.152696836555193
975,A_PuertoRico_8_1934_PA_1867_1960,11.366895,6.2831645,2,9.754804976206675,6.521976917349043
976,A_PuertoRico_8_1934_PA_1867_1967,10.044724,7.3256273,2,9.754804976206675,6.521976917349043
977,A_PuertoRico_8_1934_PA_1867_1974,11.287028,6.3126764,2,9.754804976206675,6.521976917349043
978,A_PuertoRico_8_1934_PA_186_1924,3.6379406,7.5946584,0,2.5527971814392396,5.152696836555193
979,A_PuertoRico_8_1934_PA_186_1982,4.038793,7.2939024,0,2.5527971814392396,5.152696836555193
980,A_PuertoRico_8_1934_PA_186_2019,3.9820337,7.7944207,0,2.5527971814392396,5.152696836555193
981,A_PuertoRico_8_1934_PA_186_2029,3.4886081,7.7035418,0,2.5527971814392396,5.152696836555193
982,A_PuertoRico_8_1934_PA_186_2068,3.1614518,7.6766963,0,2.5527971814392396,5.152696836555193
983,A_PuertoRico_8_1934_PA_186_2074,3.594825,8.079567,0,2.5527971814392396,5.152696836555193
984,A_PuertoRico_8_1934_PA_1874_1974,11.236736,6.319359,2,9.754804976206675,6.521976917349043
985,A_PuertoRico_8_1934_PA_1878_1937,10.028254,7.1744437,2,9.754804976206675,6.521976917349043
986,A_PuertoRico_8_1934_PA_187_1879,10.830394,5.454175,2,9.754804976206675,6.521976917349043
987,A_PuertoRico_8_1934_PA_187_1945,10.635497,6.585984,2,9.754804976206675,6.521976917349043
988,A_PuertoRico_8_1934_PA_187_1948,9.966806,7.0927916,2,9.754804976206675,6.521976917349043
989,A_PuertoRico_8_1934_PA_187_1960,11.366048,6.2860346,2,9.754804976206675,6.521976917349043
990,A_PuertoRico_8_1934_PA_187_1967,9.987534,7.3403935,2,9.754804976206675,6.521976917349043
991,A_PuertoRico_8_1934_PA_187_1974,11.281394,6.27823,2,9.754804976206675,6.521976917349043
992,A_PuertoRico_8_1934_PA_187_1978,10.5469265,6.608713,2,9.754804976206675,6.521976917349043
993,A_PuertoRico_8_1934_PA_187_1984,9.878738,7.4426484,2,9.754804976206675,6.521976917349043
994,A_PuertoRico_8_1934_PA_187_1990,10.145719,7.6416726,2,9.754804976206675,6.521976917349043
995,A_PuertoRico_8_1934_PA_187_2017,9.109163,7.504033,2,9.754804976206675,6.521976917349043
996,A_PuertoRico_8_1934_PA_187_2027,11.574009,6.9276457,-1,,
997,A_PuertoRico_8_1934_PA_187_235,9.6596365,7.53704,2,9.754804976206675,6.521976917349043
998,A_PuertoRico_8_1934_PA_187_248,9.862195,7.5091367,2,9.754804976206675,6.521976917349043
999,A_PuertoRico_8_1934_PA_1880_1935,-0.27781743,6.1742353,0,2.5527971814392396,5.152696836555193
1000,A_PuertoRico_8_1934_PA_1885_2016,9.533957,6.4555287,2,9.754804976206675,6.521976917349043
1001,A_PuertoRico_8_1934_PA_188_1851,7.8128123,7.3435187,2,9.754804976206675,6.521976917349043
1002,A_PuertoRico_8_1934_PA_188_1932,7.773346,7.4013143,2,9.754804976206675,6.521976917349043
1003,A_PuertoRico_8_1934_PA_188_1952,7.9035196,7.20043,2,9.754804976206675,6.521976917349043
1004,A_PuertoRico_8_1934_PA_188_1966,7.8620615,7.2905817,2,9.754804976206675,6.521976917349043
1005,A_PuertoRico_8_1934_PA_188_1968,7.809459,7.32337,2,9.754804976206675,6.521976917349043
1006,A_PuertoRico_8_1934_PA_188_1987,7.8637805,7.3100634,2,9.754804976206675,6.521976917349043
1007,A_PuertoRico_8_1934_PA_188_2012,8.520144,7.6897664,-1,,
1008,A_PuertoRico_8_1934_PA_188_2049,7.898167,7.2945423,2,9.754804976206675,6.521976917349043
1009,A_PuertoRico_8_1934_PA_189_1867,2.6034765,4.9613547,0,2.5527971814392396,5.152696836555193
1010,A_PuertoRico_8_1934_PA_189_1871,2.534665,5.3636684,0,2.5527971814392396,5.152696836555193
1011,A_PuertoRico_8_1934_PA_189_1900,2.5141447,5.002302,0,2.5527971814392396,5.152696836555193
1012,A_PuertoRico_8_1934_PA_189_1947,2.323552,5.203912,0,2.5527971814392396,5.152696836555193
1013,A_PuertoRico_8_1934_PA_189_1955,2.460135,5.3581266,0,2.5527971814392396,5.152696836555193
1014,A_PuertoRico_8_1934_PA_189_1963,2.3207517,5.3847055,0,2.5527971814392396,5.152696836555193
1015,A_PuertoRico_8_1934_PA_189_1973,2.4705048,5.415898,0,2.5527971814392396,5.152696836555193
1016,A_PuertoRico_8_1934_PA_189_1989,2.4236279,5.3215504,0,2.5527971814392396,5.152696836555193
1017,A_PuertoRico_8_1934_PA_189_2026,2.2633479,5.4416337,0,2.5527971814392396,5.152696836555193
1018,A_PuertoRico_8_1934_PA_189_213,2.3991964,5.4047227,0,2.5527971814392396,5.152696836555193
1019,A_PuertoRico_8_1934_PA_1907_1989,2.393362,5.4104466,0,2.5527971814392396,5.152696836555193
1020,A_PuertoRico_8_1934_PA_1908_1995,0.13387732,5.231848,0,2.5527971814392396,5.152696836555193
1021,A_PuertoRico_8_1934_PA_1909_1937,10.192615,7.1212983,2,9.754804976206675,6.521976917349043
1022,A_PuertoRico_8_1934_PA_190_1925,0.5936082,6.3504777,0,2.5527971814392396,5.152696836555193
1023,A_PuertoRico_8_1934_PA_190_1949,0.55808985,6.397517,0,2.5527971814392396,5.152696836555193
1024,A_PuertoRico_8_1934_PA_190_1972,0.027766872,6.4905005,0,2.5527971814392396,5.152696836555193
1025,A_PuertoRico_8_1934_PA_190_1976,-0.26337337,5.9806976,0,2.5527971814392396,5.152696836555193
1026,A_PuertoRico_8_1934_PA_190_2020,-0.19713977,5.9889784,0,2.5527971814392396,5.152696836555193
1027,A_PuertoRico_8_1934_PA_190_2075,0.5793602,6.6641703,0,2.5527971814392396,5.152696836555193
1028,A_PuertoRico_8_1934_PA_190_233,-0.21662441,5.5519185,0,2.5527971814392396,5.152696836555193
1029,A_PuertoRico_8_1934_PA_191_1879,10.760819,5.462313,2,9.754804976206675,6.521976917349043
1030,A_PuertoRico_8_1934_PA_191_1928,8.350401,6.0790734,2,9.754804976206675,6.521976917349043
1031,A_PuertoRico_8_1934_PA_191_1960,11.36522,6.336398,2,9.754804976206675,6.521976917349043
1032,A_PuertoRico_8_1934_PA_191_2007,7.9950743,6.1148796,-1,,
1033,A_PuertoRico_8_1934_PA_191_2038,7.7618313,6.0859475,-1,,
1034,A_PuertoRico_8_1934_PA_191_2070,7.9173265,6.0761013,-1,,
1035,A_PuertoRico_8_1934_PA_191_225,7.909312,6.029304,-1,,
1036,A_PuertoRico_8_1934_PA_1923_1947,2.1736567,5.157494,0,2.5527971814392396,5.152696836555193
1037,A_PuertoRico_8_1934_PA_1923_1989,2.332791,5.3699684,0,2.5527971814392396,5.152696836555193
1038,A_PuertoRico_8_1934_PA_1924_1972,-0.056812048,6.4859114,0,2.5527971814392396,5.152696836555193
1039,A_PuertoRico_8_1934_PA_1924_1976,-0.34703338,6.1117687,0,2.5527971814392396,5.152696836555193
1040,A_PuertoRico_8_1934_PA_1925_1958,0.085329294,6.610212,0,2.5527971814392396,5.152696836555193
1041,A_PuertoRico_8_1934_PA_1929_1991,1.4216396,6.383786,0,2.5527971814392396,5.152696836555193
1042,A_PuertoRico_8_1934_PA_1929_2013,1.4217026,6.29102,0,2.5527971814392396,5.152696836555193
1043,A_PuertoRico_8_1934_PA_192_1864,3.0728362,5.6291904,0,2.5527971814392396,5.152696836555193
1044,A_PuertoRico_8_1934_PA_192_1907,2.8605914,5.73815,0,2.5527971814392396,5.152696836555193
1045,A_PuertoRico_8_1934_PA_192_1954,1.4530244,6.755719,0,2.5527971814392396,5.152696836555193
1046,A_PuertoRico_8_1934_PA_1933_1959,2.514849,5.503925,0,2.5527971814392396,5.152696836555193
1047,A_PuertoRico_8_1934_PA_1936_1960,11.379115,6.329279,2,9.754804976206675,6.521976917349043
1048,A_PuertoRico_8_1934_PA_1936_1974,11.3266735,6.3427844,2,9.754804976206675,6.521976917349043
1049,A_PuertoRico_8_1934_PA_1936_1978,10.494,6.6196694,2,9.754804976206675,6.521976917349043
1050,A_PuertoRico_8_1934_PA_1936_2016,9.533766,6.5605793,2,9.754804976206675,6.521976917349043
1051,A_PuertoRico_8_1934_PA_1937_1968,1.4848195,6.882586,0,2.5527971814392396,5.152696836555193
1052,A_PuertoRico_8_1934_PA_1937_1991,1.479702,6.48393,0,2.5527971814392396,5.152696836555193
1053,A_PuertoRico_8_1934_PA_1938_2036,0.3952917,5.7596316,0,2.5527971814392396,5.152696836555193
1054,A_PuertoRico_8_1934_PA_1939_1967,9.982695,7.2902813,2,9.754804976206675,6.521976917349043
1055,A_PuertoRico_8_1934_PA_1939_1974,11.276862,6.263402,2,9.754804976206675,6.521976917349043
1056,A_PuertoRico_8_1934_PA_193_1621,3.2324703,7.6301265,0,2.5527971814392396,5.152696836555193
1057,A_PuertoRico_8_1934_PA_193_2024,3.3661814,7.7039394,0,2.5527971814392396,5.152696836555193
1058,A_PuertoRico_8_1934_PA_193_2068,3.1283603,7.6608105,0,2.5527971814392396,5.152696836555193
1059,A_PuertoRico_8_1934_PA_193_223,3.1069858,7.5939574,0,2.5527971814392396,5.152696836555193
1060,A_PuertoRico_8_1934_PA_1940_1985,3.8251946,4.745176,0,2.5527971814392396,5.152696836555193
1061,A_PuertoRico_8_1934_PA_1943_2005,3.6397712,7.6078997,0,2.5527971814392396,5.152696836555193
1062,A_PuertoRico_8_1934_PA_1943_2074,3.5637174,8.00097,0,2.5527971814392396,5.152696836555193
1063,A_PuertoRico_8_1934_PA_1944_1984,9.83083,7.432386,2,9.754804976206675,6.521976917349043
1064,A_PuertoRico_8_1934_PA_1944_1990,9.918995,7.565083,2,9.754804976206675,6.521976917349043
1065,A_PuertoRico_8_1934_PA_1944_2011,9.485553,6.412664,2,9.754804976206675,6.521976917349043
1066,A_PuertoRico_8_1934_PA_1944_2015,9.693384,7.674879,2,9.754804976206675,6.521976917349043
1067,A_PuertoRico_8_1934_PA_1944_2042,9.942018,6.0343986,2,9.754804976206675,6.521976917349043
1068,A_PuertoRico_8_1934_PA_1944_2063,9.490111,7.9646564,-1,,
1069,A_PuertoRico_8_1934_PA_1945_1975,2.757384,6.891215,0,2.5527971814392396,5.152696836555193
1070,A_PuertoRico_8_1934_PA_1945_2028,2.6287606,6.8413215,0,2.5527971814392396,5.152696836555193
1071,A_PuertoRico_8_1934_PA_1947_1974,11.18754,6.2410398,2,9.754804976206675,6.521976917349043
1072,A_PuertoRico_8_1934_PA_1947_1978,10.508394,6.577377,2,9.754804976206675,6.521976917349043
1073,A_PuertoRico_8_1934_PA_1947_1986,9.797278,6.4185424,2,9.754804976206675,6.521976917349043
1074,A_PuertoRico_8_1934_PA_1947_2027,11.472959,6.8497753,-1,,
1075,A_PuertoRico_8_1934_PA_1948_1991,1.478005,6.452323,0,2.5527971814392396,5.152696836555193
1076,A_PuertoRico_8_1934_PA_1949_2074,3.6039937,8.142659,0,2.5527971814392396,5.152696836555193
1077,A_PuertoRico_8_1934_PA_194_1808,10.641609,6.189356,2,9.754804976206675,6.521976917349043
1078,A_PuertoRico_8_1934_PA_194_1844,10.614289,5.6620517,2,9.754804976206675,6.521976917349043
1079,A_PuertoRico_8_1934_PA_194_1854,9.843038,7.34263,2,9.754804976206675,6.521976917349043
1080,A_PuertoRico_8_1934_PA_194_1866,9.665896,6.813042,2,9.754804976206675,6.521976917349043
1081,A_PuertoRico_8_1934_PA_194_1937,10.07338,7.148349,2,9.754804976206675,6.521976917349043
1082,A_PuertoRico_8_1934_PA_194_1940,9.637676,7.394659,2,9.754804976206675,6.521976917349043
1083,A_PuertoRico_8_1934_PA_194_1945,10.63869,6.6495285,2,9.754804976206675,6.521976917349043
1084,A_PuertoRico_8_1934_PA_194_1948,10.092382,7.128639,2,9.754804976206675,6.521976917349043
1085,A_PuertoRico_8_1934_PA_194_1960,11.337044,6.2539515,2,9.754804976206675,6.521976917349043
1086,A_PuertoRico_8_1934_PA_194_1974,11.275126,6.3458467,2,9.754804976206675,6.521976917349043
1087,A_PuertoRico_8_1934_PA_194_1990,10.1819,7.541188,2,9.754804976206675,6.521976917349043
1088,A_PuertoRico_8_1934_PA_194_2027,11.538972,6.9025197,-1,,
1089,A_PuertoRico_8_1934_PA_194_235,9.728515,7.34497,2,9.754804976206675,6.521976917349043
1090,A_PuertoRico_8_1934_PA_194_246,9.77076,7.1813035,2,9.754804976206675,6.521976917349043
1091,A_PuertoRico_8_1934_PA_194_360,10.084373,7.159538,2,9.754804976206675,6.521976917349043
1092,A_PuertoRico_8_1934_PA_1950_1974,11.368936,6.395677,2,9.754804976206675,6.521976917349043
1093,A_PuertoRico_8_1934_PA_1950_1978,10.572341,6.613642,2,9.754804976206675,6.521976917349043
1094,A_PuertoRico_8_1934_PA_1950_1990,10.249172,7.526377,2,9.754804976206675,6.521976917349043
1095,A_PuertoRico_8_1934_PA_1950_2027,11.493722,6.8420706,-1,,
1096,A_PuertoRico_8_1934_PA_1958_2068,3.0817702,7.6412063,0,2.5527971814392396,5.152696836555193
1097,A_PuertoRico_8_1934_PA_1959_1990,9.094167,6.32357,2,9.754804976206675,6.521976917349043
1098,A_PuertoRico_8_1934_PA_1959_2011,9.408777,6.469743,2,9.754804976206675,6.521976917349043
1099,A_PuertoRico_8_1934_PA_1959_2012,9.119099,7.618235,2,9.754804976206675,6.521976917349043
1100,A_PuertoRico_8_1934_PA_195_1869,7.8521566,7.1523914,2,9.754804976206675,6.521976917349043
1101,A_PuertoRico_8_1934_PA_195_1952,7.943002,7.161065,2,9.754804976206675,6.521976917349043
1102,A_PuertoRico_8_1934_PA_195_1987,7.8163366,7.2592726,2,9.754804976206675,6.521976917349043
1103,A_PuertoRico_8_1934_PA_1960_2028,2.5286057,6.749163,0,2.5527971814392396,5.152696836555193
1104,A_PuertoRico_8_1934_PA_1962_2019,4.0240903,7.8130856,0,2.5527971814392396,5.152696836555193
1105,A_PuertoRico_8_1934_PA_1967_1991,1.366416,6.4200974,0,2.5527971814392396,5.152696836555193
1106,A_PuertoRico_8_1934_PA_196_1914,9.7121105,5.93888,2,9.754804976206675,6.521976917349043
1107,A_PuertoRico_8_1934_PA_196_1964,9.936623,6.600247,2,9.754804976206675,6.521976917349043
1108,A_PuertoRico_8_1934_PA_196_2013,1.4243135,6.0245876,0,2.5527971814392396,5.152696836555193
1109,A_PuertoRico_8_1934_PA_1970_2033,2.4397688,5.645543,0,2.5527971814392396,5.152696836555193
1110,A_PuertoRico_8_1934_PA_1971_2087,0.053844754,6.342197,0,2.5527971814392396,5.152696836555193
1111,A_PuertoRico_8_1934_PA_1972_2005,3.4808636,7.4573,0,2.5527971814392396,5.152696836555193
1112,A_PuertoRico_8_1934_PA_1973_2011,9.439862,6.668461,2,9.754804976206675,6.521976917349043
1113,A_PuertoRico_8_1934_PA_1973_2063,9.44193,7.996334,-1,,
1114,A_PuertoRico_8_1934_PA_1974_2028,2.505013,6.6686497,0,2.5527971814392396,5.152696836555193
1115,A_PuertoRico_8_1934_PA_1975_2075,0.52729243,6.673353,0,2.5527971814392396,5.152696836555193
1116,A_PuertoRico_8_1934_PA_1976_2019,4.01164,7.8419986,0,2.5527971814392396,5.152696836555193
1117,A_PuertoRico_8_1934_PA_1976_2074,3.6395638,8.111985,0,2.5527971814392396,5.152696836555193
1118,A_PuertoRico_8_1934_PA_1977_2016,9.526716,6.5164056,2,9.754804976206675,6.521976917349043
1119,A_PuertoRico_8_1934_PA_1978_2168,3.0665097,6.215063,0,2.5527971814392396,5.152696836555193
1120,A_PuertoRico_8_1934_PA_1979_2029,3.4449322,7.7385836,0,2.5527971814392396,5.152696836555193
1121,A_PuertoRico_8_1934_PA_1982_2059,3.953778,7.6145387,0,2.5527971814392396,5.152696836555193
1122,A_PuertoRico_8_1934_PA_1982_2074,3.654178,8.070726,0,2.5527971814392396,5.152696836555193
1123,A_PuertoRico_8_1934_PA_1983_2011,9.745016,6.3856974,2,9.754804976206675,6.521976917349043
1124,A_PuertoRico_8_1934_PA_1983_2027,11.56679,6.9261026,-1,,
1125,A_PuertoRico_8_1934_PA_1983_2034,9.980425,6.7219915,2,9.754804976206675,6.521976917349043
1126,A_PuertoRico_8_1934_PA_1984_2064,4.2959676,4.847532,0,2.5527971814392396,5.152696836555193
1127,A_PuertoRico_8_1934_PA_1984_2077,2.0557373,6.9508433,-1,,
1128,A_PuertoRico_8_1934_PA_1985_2012,9.137369,7.739211,2,9.754804976206675,6.521976917349043
1129,A_PuertoRico_8_1934_PA_1985_2027,11.564383,6.94375,-1,,
1130,A_PuertoRico_8_1934_PA_1985_2034,10.086752,6.9812064,2,9.754804976206675,6.521976917349043
1131,A_PuertoRico_8_1934_PA_1985_2063,9.505871,8.0469055,-1,,
1132,A_PuertoRico_8_1934_PA_1986_2018,2.3212833,6.8664002,0,2.5527971814392396,5.152696836555193
1133,A_PuertoRico_8_1934_PA_1988_2019,4.0798397,7.880674,0,2.5527971814392396,5.152696836555193
1134,A_PuertoRico_8_1934_PA_1989_2011,9.689731,5.890135,2,9.754804976206675,6.521976917349043
1135,A_PuertoRico_8_1934_PA_1989_2027,11.470614,6.858871,-1,,
1136,A_PuertoRico_8_1934_PA_1989_2063,9.460273,8.03413,-1,,
1137,A_PuertoRico_8_1934_PA_198_1898,10.69147,6.8259697,2,9.754804976206675,6.521976917349043
1138,A_PuertoRico_8_1934_PA_198_1922,10.534976,6.7073584,2,9.754804976206675,6.521976917349043
1139,A_PuertoRico_8_1934_PA_199_1525,-0.18411002,6.3002334,0,2.5527971814392396,5.152696836555193
1140,A_PuertoRico_8_1934_PA_199_1881,-0.10291288,6.120128,0,2.5527971814392396,5.152696836555193
1141,A_PuertoRico_8_1934_PA_199_1976,-0.26411173,6.0903893,0,2.5527971814392396,5.152696836555193
1142,A_PuertoRico_8_1934_PA_199_2029,-0.20846918,5.970202,0,2.5527971814392396,5.152696836555193
1143,A_PuertoRico_8_1934_PA_199_288,-0.16106881,6.1677427,0,2.5527971814392396,5.152696836555193
1144,A_PuertoRico_8_1934_PA_2001_2027,11.503456,6.878027,-1,,
1145,A_PuertoRico_8_1934_PA_2001_2063,9.522344,8.02988,-1,,
1146,A_PuertoRico_8_1934_PA_2002_2035,1.5581745,6.791774,0,2.5527971814392396,5.152696836555193
1147,A_PuertoRico_8_1934_PA_2002_2043,1.5524974,6.6655474,0,2.5527971814392396,5.152696836555193
1148,A_PuertoRico_8_1934_PA_2004_2026,1.9980065,5.832264,0,2.5527971814392396,5.152696836555193
1149,A_PuertoRico_8_1934_PA_2006_2070,8.039237,6.005513,-1,,
1150,A_PuertoRico_8_1934_PA_2009_2068,3.200109,7.6127877,0,2.5527971814392396,5.152696836555193
1151,A_PuertoRico_8_1934_PA_2009_2074,3.5558705,8.137131,0,2.5527971814392396,5.152696836555193
1152,A_PuertoRico_8_1934_PA_200_1844,10.518136,5.670271,2,9.754804976206675,6.521976917349043
1153,A_PuertoRico_8_1934_PA_200_2007,8.327587,6.0889983,2,9.754804976206675,6.521976917349043
1154,A_PuertoRico_8_1934_PA_200_2055,8.2516985,5.9517217,-1,,
1155,A_PuertoRico_8_1934_PA_2011_2063,9.475156,8.029894,-1,,
1156,A_PuertoRico_8_1934_PA_2015_2063,9.469271,8.046846,-1,,
1157,A_PuertoRico_8_1934_PA_2015_2074,3.5893674,8.0692215,0,2.5527971814392396,5.152696836555193
1158,A_PuertoRico_8_1934_PA_2017_2064,4.3283777,4.8376656,0,2.5527971814392396,5.152696836555193
1159,A_PuertoRico_8_1934_PA_2019_2062,1.1753097,6.363047,0,2.5527971814392396,5.152696836555193
1160,A_PuertoRico_8_1934_PA_2019_2075,0.53222936,6.707496,0,2.5527971814392396,5.152696836555193
1161,A_PuertoRico_8_1934_PA_2019_2087,0.39336252,6.1751227,0,2.5527971814392396,5.152696836555193
1162,A_PuertoRico_8_1934_PA_201_1874,1.873207,6.499096,0,2.5527971814392396,5.152696836555193
1163,A_PuertoRico_8_1934_PA_201_1971,3.2331045,7.441192,0,2.5527971814392396,5.152696836555193
1164,A_PuertoRico_8_1934_PA_2020_2104,4.9718304,4.734698,-1,,
1165,A_PuertoRico_8_1934_PA_2025_2059,3.9023142,7.6938834,0,2.5527971814392396,5.152696836555193
1166,A_PuertoRico_8_1934_PA_2025_2068,3.1021662,7.679933,0,2.5527971814392396,5.152696836555193
1167,A_PuertoRico_8_1934_PA_2025_2074,3.6137955,8.123021,0,2.5527971814392396,5.152696836555193
1168,A_PuertoRico_8_1934_PA_2026_2048,9.292552,6.826382,2,9.754804976206675,6.521976917349043
1169,A_PuertoRico_8_1934_PA_2026_2056,9.17739,7.7393575,2,9.754804976206675,6.521976917349043
1170,A_PuertoRico_8_1934_PA_2026_2063,9.444378,7.9869437,-1,,
1171,A_PuertoRico_8_1934_PA_202_1715,2.5153852,5.92631,0,2.5527971814392396,5.152696836555193
1172,A_PuertoRico_8_1934_PA_202_1845,3.2017248,6.7445483,0,2.5527971814392396,5.152696836555193
1173,A_PuertoRico_8_1934_PA_202_1878,2.3579996,5.650172,0,2.5527971814392396,5.152696836555193
1174,A_PuertoRico_8_1934_PA_202_1913,2.3506231,5.7927036,0,2.5527971814392396,5.152696836555193
1175,A_PuertoRico_8_1934_PA_2033_2056,9.084387,7.6117024,2,9.754804976206675,6.521976917349043
1176,A_PuertoRico_8_1934_PA_203_1845,3.4433084,6.9717875,0,2.5527971814392396,5.152696836555193
1177,A_PuertoRico_8_1934_PA_203_1896,3.7316976,7.176386,0,2.5527971814392396,5.152696836555193
1178,A_PuertoRico_8_1934_PA_203_1920,3.606168,7.4017386,0,2.5527971814392396,5.152696836555193
1179,A_PuertoRico_8_1934_PA_203_1924,3.7175748,7.493618,0,2.5527971814392396,5.152696836555193
1180,A_PuertoRico_8_1934_PA_203_1975,3.6430063,7.087786,0,2.5527971814392396,5.152696836555193
1181,A_PuertoRico_8_1934_PA_203_1982,4.010696,7.2346473,0,2.5527971814392396,5.152696836555193
1182,A_PuertoRico_8_1934_PA_203_232,3.662689,7.0394187,0,2.5527971814392396,5.152696836555193
1183,A_PuertoRico_8_1934_PA_2040_2068,3.0554729,7.717991,0,2.5527971814392396,5.152696836555193
1184,A_PuertoRico_8_1934_PA_2040_2074,3.5892103,8.151828,0,2.5527971814392396,5.152696836555193
1185,A_PuertoRico_8_1934_PA_2041_2063,9.50695,8.023413,-1,,
1186,A_PuertoRico_8_1934_PA_2045_2073,9.492472,2.8617878,1,8.550401544412672,2.2072208778165874
1187,A_PuertoRico_8_1934_PA_2046_2074,3.5734181,8.128651,0,2.5527971814392396,5.152696836555193
1188,A_PuertoRico_8_1934_PA_2047_2085,11.043538,6.2497606,2,9.754804976206675,6.521976917349043
1189,A_PuertoRico_8_1934_PA_204_1026,10.739811,6.500243,2,9.754804976206675,6.521976917349043
1190,A_PuertoRico_8_1934_PA_204_1808,10.690618,6.133255,2,9.754804976206675,6.521976917349043
1191,A_PuertoRico_8_1934_PA_204_1844,10.597586,5.6741953,2,9.754804976206675,6.521976917349043
1192,A_PuertoRico_8_1934_PA_204_1879,10.809071,5.509672,2,9.754804976206675,6.521976917349043
1193,A_PuertoRico_8_1934_PA_204_1937,10.314321,6.9923854,2,9.754804976206675,6.521976917349043
1194,A_PuertoRico_8_1934_PA_204_1945,10.670254,6.396621,2,9.754804976206675,6.521976917349043
1195,A_PuertoRico_8_1934_PA_204_1948,10.058004,7.1371856,2,9.754804976206675,6.521976917349043
1196,A_PuertoRico_8_1934_PA_204_1960,11.404667,6.241722,2,9.754804976206675,6.521976917349043
1197,A_PuertoRico_8_1934_PA_204_1967,10.144075,7.2670717,2,9.754804976206675,6.521976917349043
1198,A_PuertoRico_8_1934_PA_204_1974,11.218806,6.290791,2,9.754804976206675,6.521976917349043
1199,A_PuertoRico_8_1934_PA_204_1990,10.08793,7.7424,2,9.754804976206675,6.521976917349043
1200,A_PuertoRico_8_1934_PA_204_2012,9.620698,7.683056,2,9.754804976206675,6.521976917349043
1201,A_PuertoRico_8_1934_PA_204_2017,9.1397705,7.509658,2,9.754804976206675,6.521976917349043
1202,A_PuertoRico_8_1934_PA_204_2027,11.525155,6.9462385,-1,,
1203,A_PuertoRico_8_1934_PA_204_235,9.672436,7.5369954,2,9.754804976206675,6.521976917349043
1204,A_PuertoRico_8_1934_PA_204_246,9.58106,7.500084,2,9.754804976206675,6.521976917349043
1205,A_PuertoRico_8_1934_PA_204_305,10.710871,6.2794013,2,9.754804976206675,6.521976917349043
1206,A_PuertoRico_8_1934_PA_2053_2075,0.5292104,6.6951075,0,2.5527971814392396,5.152696836555193
1207,A_PuertoRico_8_1934_PA_205_1727,8.001567,7.076986,2,9.754804976206675,6.521976917349043
1208,A_PuertoRico_8_1934_PA_205_1746,7.997698,6.9089975,2,9.754804976206675,6.521976917349043
1209,A_PuertoRico_8_1934_PA_205_1869,7.9493656,7.120596,2,9.754804976206675,6.521976917349043
1210,A_PuertoRico_8_1934_PA_205_1952,7.9729333,7.1538672,2,9.754804976206675,6.521976917349043
1211,A_PuertoRico_8_1934_PA_205_1965,8.234897,7.1762624,2,9.754804976206675,6.521976917349043
1212,A_PuertoRico_8_1934_PA_205_1987,7.909688,7.2077785,2,9.754804976206675,6.521976917349043
1213,A_PuertoRico_8_1934_PA_205_246,8.598011,7.0270524,-1,,
1214,A_PuertoRico_8_1934_PA_2061_2086,3.5554736,2.3887591,0,2.5527971814392396,5.152696836555193
1215,A_PuertoRico_8_1934_PA_206_1845,3.266951,7.084272,0,2.5527971814392396,5.152696836555193
1216,A_PuertoRico_8_1934_PA_206_1924,3.5871718,7.553838,0,2.5527971814392396,5.152696836555193
1217,A_PuertoRico_8_1934_PA_206_2000,3.199915,7.5060215,0,2.5527971814392396,5.152696836555193
1218,A_PuertoRico_8_1934_PA_206_2005,3.4058726,7.4454894,0,2.5527971814392396,5.152696836555193
1219,A_PuertoRico_8_1934_PA_206_2028,2.9097037,7.1856055,0,2.5527971814392396,5.152696836555193
1220,A_PuertoRico_8_1934_PA_206_2068,3.1308239,7.612802,0,2.5527971814392396,5.152696836555193
1221,A_PuertoRico_8_1934_PA_206_2074,3.494572,7.988907,0,2.5527971814392396,5.152696836555193
1222,A_PuertoRico_8_1934_PA_206_240,3.2249818,7.399376,0,2.5527971814392396,5.152696836555193
1223,A_PuertoRico_8_1934_PA_206_253,3.2041726,7.4468374,0,2.5527971814392396,5.152696836555193
1224,A_PuertoRico_8_1934_PA_206_261,3.1237772,7.4103017,0,2.5527971814392396,5.152696836555193
1225,A_PuertoRico_8_1934_PA_207_1716,10.312494,5.986444,2,9.754804976206675,6.521976917349043
1226,A_PuertoRico_8_1934_PA_207_1808,10.646542,6.284844,2,9.754804976206675,6.521976917349043
1227,A_PuertoRico_8_1934_PA_207_1844,10.527375,5.87722,2,9.754804976206675,6.521976917349043
1228,A_PuertoRico_8_1934_PA_207_1873,9.88759,7.021789,2,9.754804976206675,6.521976917349043
1229,A_PuertoRico_8_1934_PA_207_1877,8.720462,7.034625,2,9.754804976206675,6.521976917349043
1230,A_PuertoRico_8_1934_PA_207_1916,9.204065,7.038302,2,9.754804976206675,6.521976917349043
1231,A_PuertoRico_8_1934_PA_207_1929,9.163499,7.4297276,2,9.754804976206675,6.521976917349043
1232,A_PuertoRico_8_1934_PA_207_1937,9.948663,7.3336015,2,9.754804976206675,6.521976917349043
1233,A_PuertoRico_8_1934_PA_207_1940,9.374081,7.490027,2,9.754804976206675,6.521976917349043
1234,A_PuertoRico_8_1934_PA_207_1945,10.769377,6.655465,2,9.754804976206675,6.521976917349043
1235,A_PuertoRico_8_1934_PA_207_1948,10.022321,7.244537,2,9.754804976206675,6.521976917349043
1236,A_PuertoRico_8_1934_PA_207_1960,11.319481,6.2704263,2,9.754804976206675,6.521976917349043
1237,A_PuertoRico_8_1934_PA_207_1974,11.204418,6.251471,2,9.754804976206675,6.521976917349043
1238,A_PuertoRico_8_1934_PA_207_1978,10.445232,6.6775174,2,9.754804976206675,6.521976917349043
1239,A_PuertoRico_8_1934_PA_207_1984,9.872706,7.393948,2,9.754804976206675,6.521976917349043
1240,A_PuertoRico_8_1934_PA_207_1990,10.1800995,7.680201,2,9.754804976206675,6.521976917349043
1241,A_PuertoRico_8_1934_PA_207_2002,10.022719,7.067766,2,9.754804976206675,6.521976917349043
1242,A_PuertoRico_8_1934_PA_207_2012,9.281003,7.683844,2,9.754804976206675,6.521976917349043
1243,A_PuertoRico_8_1934_PA_207_2017,9.136596,7.3929358,2,9.754804976206675,6.521976917349043
1244,A_PuertoRico_8_1934_PA_207_2027,11.421232,6.845285,2,9.754804976206675,6.521976917349043
1245,A_PuertoRico_8_1934_PA_207_2034,10.137857,7.0640984,2,9.754804976206675,6.521976917349043
1246,A_PuertoRico_8_1934_PA_207_2063,9.475563,7.9279146,2,9.754804976206675,6.521976917349043
1247,A_PuertoRico_8_1934_PA_207_235,9.569624,7.6351953,2,9.754804976206675,6.521976917349043
1248,A_PuertoRico_8_1934_PA_207_246,9.410558,7.434046,2,9.754804976206675,6.521976917349043
1249,A_PuertoRico_8_1934_PA_207_248,9.65416,7.5724483,2,9.754804976206675,6.521976917349043
1250,A_PuertoRico_8_1934_PA_2083_2106,3.2656338,7.4019723,0,2.5527971814392396,5.152696836555193
1251,A_PuertoRico_8_1934_PA_2086_2135,-0.18577121,6.070966,0,2.5527971814392396,5.152696836555193
1252,A_PuertoRico_8_1934_PA_208_1916,8.449668,7.168596,2,9.754804976206675,6.521976917349043
1253,A_PuertoRico_8_1934_PA_208_1929,8.29626,7.3098764,2,9.754804976206675,6.521976917349043
1254,A_PuertoRico_8_1934_PA_208_1952,8.139662,7.297023,2,9.754804976206675,6.521976917349043
1255,A_PuertoRico_8_1934_PA_208_1987,8.115823,7.308597,2,9.754804976206675,6.521976917349043
1256,A_PuertoRico_8_1934_PA_208_2012,8.44144,7.590807,-1,,
1257,A_PuertoRico_8_1934_PA_208_2049,8.051209,7.333984,2,9.754804976206675,6.521976917349043
1258,A_PuertoRico_8_1934_PA_208_230,8.259942,7.3688555,2,9.754804976206675,6.521976917349043
1259,A_PuertoRico_8_1934_PA_208_259,8.394249,7.2069736,2,9.754804976206675,6.521976917349043
1260,A_PuertoRico_8_1934_PA_208_269,8.276735,7.357563,2,9.754804976206675,6.521976917349043
1261,A_PuertoRico_8_1934_PA_208_896,8.166027,7.3373914,2,9.754804976206675,6.521976917349043
1262,A_PuertoRico_8_1934_PA_209_1075,3.8725462,6.881752,0,2.5527971814392396,5.152696836555193
1263,A_PuertoRico_8_1934_PA_209_1807,2.3286374,5.0537915,0,2.5527971814392396,5.152696836555193
1264,A_PuertoRico_8_1934_PA_209_1905,0.77739024,6.3465395,0,2.5527971814392396,5.152696836555193
1265,A_PuertoRico_8_1934_PA_209_1927,1.4311552,6.2158484,0,2.5527971814392396,5.152696836555193
1266,A_PuertoRico_8_1934_PA_210_1876,9.586714,5.9095135,2,9.754804976206675,6.521976917349043
1267,A_PuertoRico_8_1934_PA_210_1933,10.867369,5.994299,2,9.754804976206675,6.521976917349043
1268,A_PuertoRico_8_1934_PA_210_2048,9.564735,5.9102235,2,9.754804976206675,6.521976917349043
1269,A_PuertoRico_8_1934_PA_210_247,3.89799,4.9848027,0,2.5527971814392396,5.152696836555193
1270,A_PuertoRico_8_1934_PA_211_1889,0.26038808,6.121421,0,2.5527971814392396,5.152696836555193
1271,A_PuertoRico_8_1934_PA_211_1925,0.32089004,6.257384,0,2.5527971814392396,5.152696836555193
1272,A_PuertoRico_8_1934_PA_211_1927,1.3558955,6.206282,0,2.5527971814392396,5.152696836555193
1273,A_PuertoRico_8_1934_PA_211_263,0.3601741,6.321443,0,2.5527971814392396,5.152696836555193
1274,A_PuertoRico_8_1934_PA_212_1845,3.2204146,6.871188,0,2.5527971814392396,5.152696836555193
1275,A_PuertoRico_8_1934_PA_212_1881,3.4593024,7.1445947,0,2.5527971814392396,5.152696836555193
1276,A_PuertoRico_8_1934_PA_212_1924,3.7783206,7.4496922,0,2.5527971814392396,5.152696836555193
1277,A_PuertoRico_8_1934_PA_212_1932,3.912161,7.1967077,0,2.5527971814392396,5.152696836555193
1278,A_PuertoRico_8_1934_PA_212_1975,3.478114,7.1532707,0,2.5527971814392396,5.152696836555193
1279,A_PuertoRico_8_1934_PA_212_2038,4.1834087,7.200903,0,2.5527971814392396,5.152696836555193
1280,A_PuertoRico_8_1934_PA_212_2074,3.7040143,7.9430327,0,2.5527971814392396,5.152696836555193
1281,A_PuertoRico_8_1934_PA_213_1789,9.496426,6.368222,2,9.754804976206675,6.521976917349043
1282,A_PuertoRico_8_1934_PA_213_1806,9.9443035,6.950386,2,9.754804976206675,6.521976917349043
1283,A_PuertoRico_8_1934_PA_213_1865,9.674994,6.6206145,2,9.754804976206675,6.521976917349043
1284,A_PuertoRico_8_1934_PA_213_1870,10.003985,6.74894,2,9.754804976206675,6.521976917349043
1285,A_PuertoRico_8_1934_PA_213_1922,10.492598,6.7093916,2,9.754804976206675,6.521976917349043
1286,A_PuertoRico_8_1934_PA_213_1945,10.502493,6.6548734,2,9.754804976206675,6.521976917349043
1287,A_PuertoRico_8_1934_PA_213_1974,11.2648,6.3848443,2,9.754804976206675,6.521976917349043
1288,A_PuertoRico_8_1934_PA_213_1978,10.506167,6.665077,2,9.754804976206675,6.521976917349043
1289,A_PuertoRico_8_1934_PA_213_2011,9.574664,6.303883,2,9.754804976206675,6.521976917349043
1290,A_PuertoRico_8_1934_PA_213_2027,11.393909,6.844313,2,9.754804976206675,6.521976917349043
1291,A_PuertoRico_8_1934_PA_213_2063,9.581522,7.885789,2,9.754804976206675,6.521976917349043
1292,A_PuertoRico_8_1934_PA_213_235,9.70827,7.5524597,2,9.754804976206675,6.521976917349043
1293,A_PuertoRico_8_1934_PA_213_246,9.768263,7.321616,2,9.754804976206675,6.521976917349043
1294,A_PuertoRico_8_1934_PA_213_259,9.83833,6.6699686,2,9.754804976206675,6.521976917349043
1295,A_PuertoRico_8_1934_PA_214_1938,1.5676739,6.857686,0,2.5527971814392396,5.152696836555193
1296,A_PuertoRico_8_1934_PA_214_1962,1.9514518,6.7967596,0,2.5527971814392396,5.152696836555193
1297,A_PuertoRico_8_1934_PA_214_1968,1.5137056,6.8539267,0,2.5527971814392396,5.152696836555193
1298,A_PuertoRico_8_1934_PA_214_2012,1.7145207,6.833097,0,2.5527971814392396,5.152696836555193
1299,A_PuertoRico_8_1934_PA_214_2035,1.6233337,6.8271956,0,2.5527971814392396,5.152696836555193
1300,A_PuertoRico_8_1934_PA_215_2008,10.075802,5.8491535,2,9.754804976206675,6.521976917349043
1301,A_PuertoRico_8_1934_PA_215_2042,10.048732,5.9134903,2,9.754804976206675,6.521976917349043
1302,A_PuertoRico_8_1934_PA_215_250,10.174347,5.9180307,2,9.754804976206675,6.521976917349043
1303,A_PuertoRico_8_1934_PA_216_1929,8.91001,7.2989583,2,9.754804976206675,6.521976917349043
1304,A_PuertoRico_8_1934_PA_216_1951,9.799214,6.1331916,2,9.754804976206675,6.521976917349043
1305,A_PuertoRico_8_1934_PA_216_1993,8.848883,7.1784406,2,9.754804976206675,6.521976917349043
1306,A_PuertoRico_8_1934_PA_216_302,9.896632,6.738769,2,9.754804976206675,6.521976917349043
1307,A_PuertoRico_8_1934_PA_219_1831,2.108654,5.718737,0,2.5527971814392396,5.152696836555193
1308,A_PuertoRico_8_1934_PA_219_1874,2.0659986,5.881453,0,2.5527971814392396,5.152696836555193
1309,A_PuertoRico_8_1934_PA_219_1936,2.1247175,5.7792773,0,2.5527971814392396,5.152696836555193
1310,A_PuertoRico_8_1934_PA_219_1950,2.1048849,5.7810745,0,2.5527971814392396,5.152696836555193
1311,A_PuertoRico_8_1934_PA_219_1963,2.2089412,5.752223,0,2.5527971814392396,5.152696836555193
1312,A_PuertoRico_8_1934_PA_219_1973,2.1851683,5.8127093,0,2.5527971814392396,5.152696836555193
1313,A_PuertoRico_8_1934_PA_219_1977,2.116145,5.8190026,0,2.5527971814392396,5.152696836555193
1314,A_PuertoRico_8_1934_PA_219_1989,2.2352834,5.6495085,0,2.5527971814392396,5.152696836555193
1315,A_PuertoRico_8_1934_PA_219_2010,2.1679606,5.801302,0,2.5527971814392396,5.152696836555193
1316,A_PuertoRico_8_1934_PA_219_2026,2.0127976,5.8272367,0,2.5527971814392396,5.152696836555193
1317,A_PuertoRico_8_1934_PA_219_2047,2.1091976,5.7579074,0,2.5527971814392396,5.152696836555193
1318,A_PuertoRico_8_1934_PA_219_247,2.1420243,5.734135,0,2.5527971814392396,5.152696836555193
1319,A_PuertoRico_8_1934_PA_219_304,2.1115463,5.7748103,0,2.5527971814392396,5.152696836555193
1320,A_PuertoRico_8_1934_PA_219_313,2.1586382,5.7637644,0,2.5527971814392396,5.152696836555193
1321,A_PuertoRico_8_1934_PA_220_1480,-0.35434607,6.1816454,0,2.5527971814392396,5.152696836555193
1322,A_PuertoRico_8_1934_PA_220_1622,-0.3587766,6.168986,0,2.5527971814392396,5.152696836555193
1323,A_PuertoRico_8_1934_PA_220_1750,-0.36747256,6.150808,0,2.5527971814392396,5.152696836555193
1324,A_PuertoRico_8_1934_PA_220_1802,-0.24586572,6.227586,0,2.5527971814392396,5.152696836555193
1325,A_PuertoRico_8_1934_PA_220_1820,-0.29669118,6.1751323,0,2.5527971814392396,5.152696836555193
1326,A_PuertoRico_8_1934_PA_220_1935,-0.37856686,6.1759973,0,2.5527971814392396,5.152696836555193
1327,A_PuertoRico_8_1934_PA_220_1976,-0.39478597,6.177294,0,2.5527971814392396,5.152696836555193
1328,A_PuertoRico_8_1934_PA_220_2020,-0.33214676,6.1346526,0,2.5527971814392396,5.152696836555193
1329,A_PuertoRico_8_1934_PA_220_254,-0.34603497,6.1793456,0,2.5527971814392396,5.152696836555193
1330,A_PuertoRico_8_1934_PA_221_1882,0.9651421,6.030824,0,2.5527971814392396,5.152696836555193
1331,A_PuertoRico_8_1934_PA_221_1926,1.0394031,6.140071,0,2.5527971814392396,5.152696836555193
1332,A_PuertoRico_8_1934_PA_221_1927,1.2900938,6.1175947,0,2.5527971814392396,5.152696836555193
1333,A_PuertoRico_8_1934_PA_221_1948,0.9032292,6.082997,0,2.5527971814392396,5.152696836555193
1334,A_PuertoRico_8_1934_PA_221_2076,0.9751217,6.0449815,0,2.5527971814392396,5.152696836555193
1335,A_PuertoRico_8_1934_PA_221_266,0.9694645,6.083166,0,2.5527971814392396,5.152696836555193
1336,A_PuertoRico_8_1934_PA_222_1949,1.1521952,6.454711,0,2.5527971814392396,5.152696836555193
1337,A_PuertoRico_8_1934_PA_223_1972,0.008448051,6.5283294,0,2.5527971814392396,5.152696836555193
1338,A_PuertoRico_8_1934_PA_223_1976,-0.30507797,6.0396504,0,2.5527971814392396,5.152696836555193
1339,A_PuertoRico_8_1934_PA_224_1863,8.177892,6.0171876,-1,,
1340,A_PuertoRico_8_1934_PA_224_2002,8.210895,6.0420294,-1,,
1341,A_PuertoRico_8_1934_PA_224_255,8.198305,6.0554285,-1,,
1342,A_PuertoRico_8_1934_PA_225_1809,3.1313944,6.5322385,0,2.5527971814392396,5.152696836555193
1343,A_PuertoRico_8_1934_PA_225_1845,2.9771972,6.59124,0,2.5527971814392396,5.152696836555193
1344,A_PuertoRico_8_1934_PA_225_1874,2.0917976,6.442901,0,2.5527971814392396,5.152696836555193
1345,A_PuertoRico_8_1934_PA_225_1959,2.6995962,5.7065716,0,2.5527971814392396,5.152696836555193
1346,A_PuertoRico_8_1934_PA_225_1997,2.768685,6.2656856,0,2.5527971814392396,5.152696836555193
1347,A_PuertoRico_8_1934_PA_226_1950,2.163949,5.4627237,0,2.5527971814392396,5.152696836555193
1348,A_PuertoRico_8_1934_PA_226_1963,2.046612,5.316277,0,2.5527971814392396,5.152696836555193
1349,A_PuertoRico_8_1934_PA_227_1904,3.5477118,7.008018,0,2.5527971814392396,5.152696836555193
1350,A_PuertoRico_8_1934_PA_227_1934,3.494027,6.8602724,0,2.5527971814392396,5.152696836555193
1351,A_PuertoRico_8_1934_PA_228_1748,10.539448,5.9363656,2,9.754804976206675,6.521976917349043
1352,A_PuertoRico_8_1934_PA_228_1879,10.75349,5.540406,2,9.754804976206675,6.521976917349043
1353,A_PuertoRico_8_1934_PA_228_1960,11.41514,6.34393,2,9.754804976206675,6.521976917349043
1354,A_PuertoRico_8_1934_PA_228_1974,11.376647,6.374789,2,9.754804976206675,6.521976917349043
1355,A_PuertoRico_8_1934_PA_228_1984,10.085749,7.2650986,2,9.754804976206675,6.521976917349043
1356,A_PuertoRico_8_1934_PA_228_1990,10.1619005,7.5505853,2,9.754804976206675,6.521976917349043
1357,A_PuertoRico_8_1934_PA_228_2002,10.2550745,6.980003,2,9.754804976206675,6.521976917349043
1358,A_PuertoRico_8_1934_PA_228_2017,9.215042,7.4016876,2,9.754804976206675,6.521976917349043
1359,A_PuertoRico_8_1934_PA_228_2027,11.559446,6.879809,-1,,
1360,A_PuertoRico_8_1934_PA_228_302,10.213859,6.566489,2,9.754804976206675,6.521976917349043
1361,A_PuertoRico_8_1934_PA_229_1929,8.61202,7.3395457,2,9.754804976206675,6.521976917349043
1362,A_PuertoRico_8_1934_PA_229_1987,7.7153926,7.251868,2,9.754804976206675,6.521976917349043
1363,A_PuertoRico_8_1934_PA_230_1928,9.147699,6.8347893,2,9.754804976206675,6.521976917349043
1364,A_PuertoRico_8_1934_PA_230_1951,9.345577,6.7567835,2,9.754804976206675,6.521976917349043
1365,A_PuertoRico_8_1934_PA_231_1807,2.40092,5.529913,0,2.5527971814392396,5.152696836555193
1366,A_PuertoRico_8_1934_PA_231_1843,2.379484,5.6663294,0,2.5527971814392396,5.152696836555193
1367,A_PuertoRico_8_1934_PA_231_1933,2.4595778,5.85977,0,2.5527971814392396,5.152696836555193
1368,A_PuertoRico_8_1934_PA_231_1944,2.5192416,5.818912,0,2.5527971814392396,5.152696836555193
1369,A_PuertoRico_8_1934_PA_231_1985,2.3326218,5.8811913,0,2.5527971814392396,5.152696836555193
1370,A_PuertoRico_8_1934_PA_231_1989,2.455403,5.8102202,0,2.5527971814392396,5.152696836555193
1371,A_PuertoRico_8_1934_PA_231_2010,2.3505998,5.8192854,0,2.5527971814392396,5.152696836555193
1372,A_PuertoRico_8_1934_PA_231_304,2.3883853,5.8131323,0,2.5527971814392396,5.152696836555193
1373,A_PuertoRico_8_1934_PA_232_1460,0.30815548,6.623078,0,2.5527971814392396,5.152696836555193
1374,A_PuertoRico_8_1934_PA_232_1715,0.5027474,6.642849,0,2.5527971814392396,5.152696836555193
1375,A_PuertoRico_8_1934_PA_232_1755,0.35880676,6.565627,0,2.5527971814392396,5.152696836555193
1376,A_PuertoRico_8_1934_PA_232_1814,0.37857398,6.6329556,0,2.5527971814392396,5.152696836555193
1377,A_PuertoRico_8_1934_PA_232_1829,0.32426125,6.5761786,0,2.5527971814392396,5.152696836555193
1378,A_PuertoRico_8_1934_PA_232_1841,0.39837512,6.6649694,0,2.5527971814392396,5.152696836555193
1379,A_PuertoRico_8_1934_PA_232_1861,0.41456857,6.6572657,0,2.5527971814392396,5.152696836555193
1380,A_PuertoRico_8_1934_PA_232_1862,0.31278536,6.524815,0,2.5527971814392396,5.152696836555193
1381,A_PuertoRico_8_1934_PA_232_1905,0.44501102,6.565292,0,2.5527971814392396,5.152696836555193
1382,A_PuertoRico_8_1934_PA_232_1909,0.39615965,6.680506,0,2.5527971814392396,5.152696836555193
1383,A_PuertoRico_8_1934_PA_232_1925,0.41435644,6.5871797,0,2.5527971814392396,5.152696836555193
1384,A_PuertoRico_8_1934_PA_232_1966,0.39548868,6.7085853,0,2.5527971814392396,5.152696836555193
1385,A_PuertoRico_8_1934_PA_232_1972,0.13660313,6.6581507,0,2.5527971814392396,5.152696836555193
1386,A_PuertoRico_8_1934_PA_232_2075,0.47072336,6.6663685,0,2.5527971814392396,5.152696836555193
1387,A_PuertoRico_8_1934_PA_232_2077,0.41361865,6.683564,0,2.5527971814392396,5.152696836555193
1388,A_PuertoRico_8_1934_PA_232_254,0.32986358,6.5660396,0,2.5527971814392396,5.152696836555193
1389,A_PuertoRico_8_1934_PA_233_1754,3.6700768,7.2019634,0,2.5527971814392396,5.152696836555193
1390,A_PuertoRico_8_1934_PA_233_1813,3.6750274,7.3074145,0,2.5527971814392396,5.152696836555193
1391,A_PuertoRico_8_1934_PA_233_1861,3.7841184,7.4344573,0,2.5527971814392396,5.152696836555193
1392,A_PuertoRico_8_1934_PA_233_1904,3.5737262,7.322025,0,2.5527971814392396,5.152696836555193
1393,A_PuertoRico_8_1934_PA_233_1924,3.7453897,7.586751,0,2.5527971814392396,5.152696836555193
1394,A_PuertoRico_8_1934_PA_233_1925,3.5456905,7.628504,0,2.5527971814392396,5.152696836555193
1395,A_PuertoRico_8_1934_PA_233_2021,4.7661457,4.645142,0,2.5527971814392396,5.152696836555193
1396,A_PuertoRico_8_1934_PA_233_2074,3.6380198,8.088825,0,2.5527971814392396,5.152696836555193
1397,A_PuertoRico_8_1934_PA_233_262,3.5902095,7.3963633,0,2.5527971814392396,5.152696836555193
1398,A_PuertoRico_8_1934_PA_234_1542,9.91885,6.238175,2,9.754804976206675,6.521976917349043
1399,A_PuertoRico_8_1934_PA_234_1631,9.763138,6.185366,2,9.754804976206675,6.521976917349043
1400,A_PuertoRico_8_1934_PA_234_1745,9.322734,5.860852,2,9.754804976206675,6.521976917349043
1401,A_PuertoRico_8_1934_PA_234_1753,10.130397,6.0127454,2,9.754804976206675,6.521976917349043
1402,A_PuertoRico_8_1934_PA_234_1808,10.571191,6.101062,2,9.754804976206675,6.521976917349043
1403,A_PuertoRico_8_1934_PA_234_1836,9.896685,6.381877,2,9.754804976206675,6.521976917349043
1404,A_PuertoRico_8_1934_PA_234_1844,10.536308,5.7110176,2,9.754804976206675,6.521976917349043
1405,A_PuertoRico_8_1934_PA_234_1868,9.781946,6.220304,2,9.754804976206675,6.521976917349043
1406,A_PuertoRico_8_1934_PA_234_1873,9.89747,6.4129977,2,9.754804976206675,6.521976917349043
1407,A_PuertoRico_8_1934_PA_234_1879,10.734253,5.5122294,2,9.754804976206675,6.521976917349043
1408,A_PuertoRico_8_1934_PA_234_1886,10.178749,6.2485085,2,9.754804976206675,6.521976917349043
1409,A_PuertoRico_8_1934_PA_234_1901,9.940333,6.2986813,2,9.754804976206675,6.521976917349043
1410,A_PuertoRico_8_1934_PA_234_1902,9.863679,6.176292,2,9.754804976206675,6.521976917349043
1411,A_PuertoRico_8_1934_PA_234_1906,9.876513,6.3922462,2,9.754804976206675,6.521976917349043
1412,A_PuertoRico_8_1934_PA_234_1924,10.069729,6.2591767,2,9.754804976206675,6.521976917349043
1413,A_PuertoRico_8_1934_PA_234_1928,9.810198,6.1812205,2,9.754804976206675,6.521976917349043
1414,A_PuertoRico_8_1934_PA_234_1933,10.697087,6.188162,2,9.754804976206675,6.521976917349043
1415,A_PuertoRico_8_1934_PA_234_1937,10.333171,6.8960686,2,9.754804976206675,6.521976917349043
1416,A_PuertoRico_8_1934_PA_234_1945,10.608473,6.4924335,2,9.754804976206675,6.521976917349043
1417,A_PuertoRico_8_1934_PA_234_1948,10.036041,6.781948,2,9.754804976206675,6.521976917349043
1418,A_PuertoRico_8_1934_PA_234_1951,9.762779,6.31537,2,9.754804976206675,6.521976917349043
1419,A_PuertoRico_8_1934_PA_234_1960,11.370372,6.4013596,2,9.754804976206675,6.521976917349043
1420,A_PuertoRico_8_1934_PA_234_1974,11.239762,6.4301453,2,9.754804976206675,6.521976917349043
1421,A_PuertoRico_8_1934_PA_234_1978,10.506153,6.515501,2,9.754804976206675,6.521976917349043
1422,A_PuertoRico_8_1934_PA_234_1986,9.933458,6.514232,2,9.754804976206675,6.521976917349043
1423,A_PuertoRico_8_1934_PA_234_1990,10.188514,7.7876415,-1,,
1424,A_PuertoRico_8_1934_PA_234_2002,10.20699,6.832645,2,9.754804976206675,6.521976917349043
1425,A_PuertoRico_8_1934_PA_234_2011,9.856813,6.390602,2,9.754804976206675,6.521976917349043
1426,A_PuertoRico_8_1934_PA_234_2012,9.185698,7.73287,2,9.754804976206675,6.521976917349043
1427,A_PuertoRico_8_1934_PA_234_2014,9.767954,6.3203464,2,9.754804976206675,6.521976917349043
1428,A_PuertoRico_8_1934_PA_234_2027,11.569774,6.9366965,-1,,
1429,A_PuertoRico_8_1934_PA_234_2042,10.066179,6.1858015,2,9.754804976206675,6.521976917349043
1430,A_PuertoRico_8_1934_PA_234_2048,9.741004,6.535029,2,9.754804976206675,6.521976917349043
1431,A_PuertoRico_8_1934_PA_234_259,9.810335,6.4586816,2,9.754804976206675,6.521976917349043
1432,A_PuertoRico_8_1934_PA_234_298,9.796075,6.083955,2,9.754804976206675,6.521976917349043
1433,A_PuertoRico_8_1934_PA_234_302,10.10905,6.517687,2,9.754804976206675,6.521976917349043
1434,A_PuertoRico_8_1934_PA_234_305,10.626215,6.2781887,2,9.754804976206675,6.521976917349043
1435,A_PuertoRico_8_1934_PA_234_354,10.559932,6.135493,2,9.754804976206675,6.521976917349043
1436,A_PuertoRico_8_1934_PA_235_1392,3.911021,4.7020435,0,2.5527971814392396,5.152696836555193
1437,A_PuertoRico_8_1934_PA_235_1867,3.8934064,4.749077,0,2.5527971814392396,5.152696836555193
1438,A_PuertoRico_8_1934_PA_235_1878,3.6748886,4.918888,0,2.5527971814392396,5.152696836555193
1439,A_PuertoRico_8_1934_PA_235_2064,4.287919,4.840085,0,2.5527971814392396,5.152696836555193
1440,A_PuertoRico_8_1934_PA_236_2019,4.031913,7.8105884,0,2.5527971814392396,5.152696836555193
1441,A_PuertoRico_8_1934_PA_237_1792,2.8680072,6.2759976,0,2.5527971814392396,5.152696836555193
1442,A_PuertoRico_8_1934_PA_237_1916,8.8272,6.9801555,2,9.754804976206675,6.521976917349043
1443,A_PuertoRico_8_1934_PA_237_1944,2.7022786,5.7909493,0,2.5527971814392396,5.152696836555193
1444,A_PuertoRico_8_1934_PA_238_1927,1.4539199,6.1897726,0,2.5527971814392396,5.152696836555193
1445,A_PuertoRico_8_1934_PA_239_1744,2.083358,5.5557885,0,2.5527971814392396,5.152696836555193
1446,A_PuertoRico_8_1934_PA_239_1831,1.9727225,5.5599475,0,2.5527971814392396,5.152696836555193
1447,A_PuertoRico_8_1934_PA_239_1885,1.9785029,5.5213056,0,2.5527971814392396,5.152696836555193
1448,A_PuertoRico_8_1934_PA_239_1947,2.0261712,5.5217214,0,2.5527971814392396,5.152696836555193
1449,A_PuertoRico_8_1934_PA_239_1979,2.1767359,5.970217,0,2.5527971814392396,5.152696836555193
1450,A_PuertoRico_8_1934_PA_239_1985,1.9470124,5.6845236,0,2.5527971814392396,5.152696836555193
1451,A_PuertoRico_8_1934_PA_239_2018,1.9982635,5.698838,0,2.5527971814392396,5.152696836555193
1452,A_PuertoRico_8_1934_PA_239_2026,1.9889019,5.735636,0,2.5527971814392396,5.152696836555193
1453,A_PuertoRico_8_1934_PA_239_2047,1.9637755,5.712187,0,2.5527971814392396,5.152696836555193
1454,A_PuertoRico_8_1934_PA_240_1881,-0.003847268,6.114579,0,2.5527971814392396,5.152696836555193
1455,A_PuertoRico_8_1934_PA_240_1882,0.67332184,6.187292,0,2.5527971814392396,5.152696836555193
1456,A_PuertoRico_8_1934_PA_240_1909,0.16499746,6.353745,0,2.5527971814392396,5.152696836555193
1457,A_PuertoRico_8_1934_PA_240_1925,0.5375859,6.374081,0,2.5527971814392396,5.152696836555193
1458,A_PuertoRico_8_1934_PA_240_1926,0.80103606,6.4187465,0,2.5527971814392396,5.152696836555193
1459,A_PuertoRico_8_1934_PA_240_1940,9.360787,7.4503922,2,9.754804976206675,6.521976917349043
1460,A_PuertoRico_8_1934_PA_240_1949,0.7870679,6.436085,0,2.5527971814392396,5.152696836555193
1461,A_PuertoRico_8_1934_PA_240_1972,0.018914495,6.548539,0,2.5527971814392396,5.152696836555193
1462,A_PuertoRico_8_1934_PA_241_1847,8.038589,6.042934,-1,,
1463,A_PuertoRico_8_1934_PA_241_1863,8.075089,6.0056076,-1,,
1464,A_PuertoRico_8_1934_PA_241_1971,3.633746,7.749286,0,2.5527971814392396,5.152696836555193
1465,A_PuertoRico_8_1934_PA_241_2070,8.0126505,6.060656,-1,,
1466,A_PuertoRico_8_1934_PA_242_1866,9.171144,6.35005,2,9.754804976206675,6.521976917349043
1467,A_PuertoRico_8_1934_PA_242_1875,8.787962,6.3012633,2,9.754804976206675,6.521976917349043
1468,A_PuertoRico_8_1934_PA_242_1900,9.001302,6.2498817,2,9.754804976206675,6.521976917349043
1469,A_PuertoRico_8_1934_PA_242_1973,2.759952,5.5412364,0,2.5527971814392396,5.152696836555193
1470,A_PuertoRico_8_1934_PA_242_2016,9.389523,6.508261,2,9.754804976206675,6.521976917349043
1471,A_PuertoRico_8_1934_PA_243_1930,1.642819,6.5730777,0,2.5527971814392396,5.152696836555193
1472,A_PuertoRico_8_1934_PA_244_1668,3.466001,7.056093,0,2.5527971814392396,5.152696836555193
1473,A_PuertoRico_8_1934_PA_244_1818,4.5789294,6.440267,0,2.5527971814392396,5.152696836555193
1474,A_PuertoRico_8_1934_PA_244_1828,3.6813574,7.035944,0,2.5527971814392396,5.152696836555193
1475,A_PuertoRico_8_1934_PA_244_1830,3.5446992,6.826294,0,2.5527971814392396,5.152696836555193
1476,A_PuertoRico_8_1934_PA_244_1845,3.4267638,6.959314,0,2.5527971814392396,5.152696836555193
1477,A_PuertoRico_8_1934_PA_244_1861,3.6801496,7.218655,0,2.5527971814392396,5.152696836555193
1478,A_PuertoRico_8_1934_PA_244_2068,3.2164264,7.5528955,0,2.5527971814392396,5.152696836555193
1479,A_PuertoRico_8_1934_PA_244_2074,3.5851488,8.128735,0,2.5527971814392396,5.152696836555193
1480,A_PuertoRico_8_1934_PA_245_1745,9.2904,5.778497,2,9.754804976206675,6.521976917349043
1481,A_PuertoRico_8_1934_PA_245_1808,10.5510645,6.1028733,2,9.754804976206675,6.521976917349043
1482,A_PuertoRico_8_1934_PA_245_1844,10.615015,5.761373,2,9.754804976206675,6.521976917349043
1483,A_PuertoRico_8_1934_PA_245_1850,9.673412,5.911745,2,9.754804976206675,6.521976917349043
1484,A_PuertoRico_8_1934_PA_245_1851,9.625616,6.3454175,2,9.754804976206675,6.521976917349043
1485,A_PuertoRico_8_1934_PA_245_1868,9.4680605,5.9190755,2,9.754804976206675,6.521976917349043
1486,A_PuertoRico_8_1934_PA_245_1873,9.786442,6.334348,2,9.754804976206675,6.521976917349043
1487,A_PuertoRico_8_1934_PA_245_1879,10.794718,5.5175576,2,9.754804976206675,6.521976917349043
1488,A_PuertoRico_8_1934_PA_245_1914,9.685817,5.821347,2,9.754804976206675,6.521976917349043
1489,A_PuertoRico_8_1934_PA_245_1928,9.676238,5.897522,2,9.754804976206675,6.521976917349043
1490,A_PuertoRico_8_1934_PA_245_1929,8.975034,7.144436,2,9.754804976206675,6.521976917349043
1491,A_PuertoRico_8_1934_PA_245_1937,10.190166,6.877276,2,9.754804976206675,6.521976917349043
1492,A_PuertoRico_8_1934_PA_245_1945,10.674667,6.5084715,2,9.754804976206675,6.521976917349043
1493,A_PuertoRico_8_1934_PA_245_1948,10.015454,6.8670297,2,9.754804976206675,6.521976917349043
1494,A_PuertoRico_8_1934_PA_245_1951,9.685314,6.1179147,2,9.754804976206675,6.521976917349043
1495,A_PuertoRico_8_1934_PA_245_1960,11.304564,6.347147,2,9.754804976206675,6.521976917349043
1496,A_PuertoRico_8_1934_PA_245_1964,9.976928,6.4704814,2,9.754804976206675,6.521976917349043
1497,A_PuertoRico_8_1934_PA_245_1967,10.199154,7.0686026,2,9.754804976206675,6.521976917349043
1498,A_PuertoRico_8_1934_PA_245_1974,11.2090435,6.4612045,2,9.754804976206675,6.521976917349043
1499,A_PuertoRico_8_1934_PA_245_1978,10.569051,6.5243044,2,9.754804976206675,6.521976917349043
1500,A_PuertoRico_8_1934_PA_245_1986,10.079039,6.8233128,2,9.754804976206675,6.521976917349043
1501,A_PuertoRico_8_1934_PA_245_1990,10.203928,7.782761,-1,,
1502,A_PuertoRico_8_1934_PA_245_2011,9.659228,6.2307296,2,9.754804976206675,6.521976917349043
1503,A_PuertoRico_8_1934_PA_245_2012,8.982506,7.748061,-1,,
1504,A_PuertoRico_8_1934_PA_245_2027,11.57229,6.926648,-1,,
1505,A_PuertoRico_8_1934_PA_245_2085,10.895093,6.397878,2,9.754804976206675,6.521976917349043
1506,A_PuertoRico_8_1934_PA_245_2088,9.655075,5.9600835,2,9.754804976206675,6.521976917349043
1507,A_PuertoRico_8_1934_PA_245_2092,9.631815,5.988395,2,9.754804976206675,6.521976917349043
1508,A_PuertoRico_8_1934_PA_245_298,9.639642,5.865242,2,9.754804976206675,6.521976917349043
1509,A_PuertoRico_8_1934_PA_245_302,10.18629,6.608213,2,9.754804976206675,6.521976917349043
1510,A_PuertoRico_8_1934_PA_245_305,10.668837,6.3422284,2,9.754804976206675,6.521976917349043
1511,A_PuertoRico_8_1934_PA_245_319,10.224279,6.5319047,2,9.754804976206675,6.521976917349043
1512,A_PuertoRico_8_1934_PA_245_440,9.411203,5.809164,2,9.754804976206675,6.521976917349043
1513,A_PuertoRico_8_1934_PA_246_1845,3.2578373,6.791047,0,2.5527971814392396,5.152696836555193
1514,A_PuertoRico_8_1934_PA_246_1861,3.7924476,7.40873,0,2.5527971814392396,5.152696836555193
1515,A_PuertoRico_8_1934_PA_246_1908,3.862931,6.6781416,0,2.5527971814392396,5.152696836555193
1516,A_PuertoRico_8_1934_PA_246_1941,4.502035,4.7129683,0,2.5527971814392396,5.152696836555193
1517,A_PuertoRico_8_1934_PA_246_2057,4.3245826,4.853004,0,2.5527971814392396,5.152696836555193
1518,A_PuertoRico_8_1934_PA_246_2064,4.360474,4.829908,0,2.5527971814392396,5.152696836555193
1519,A_PuertoRico_8_1934_PA_246_2074,3.618533,8.120512,0,2.5527971814392396,5.152696836555193
1520,A_PuertoRico_8_1934_PA_247_1808,10.6370535,6.101675,2,9.754804976206675,6.521976917349043
1521,A_PuertoRico_8_1934_PA_247_1844,10.545948,5.686222,2,9.754804976206675,6.521976917349043
1522,A_PuertoRico_8_1934_PA_247_1850,9.691773,5.909363,2,9.754804976206675,6.521976917349043
1523,A_PuertoRico_8_1934_PA_247_1879,10.729351,5.558978,2,9.754804976206675,6.521976917349043
1524,A_PuertoRico_8_1934_PA_247_1940,9.605125,7.617045,2,9.754804976206675,6.521976917349043
1525,A_PuertoRico_8_1934_PA_247_1945,10.720551,6.3939767,2,9.754804976206675,6.521976917349043
1526,A_PuertoRico_8_1934_PA_247_1951,9.811384,6.0336432,2,9.754804976206675,6.521976917349043
1527,A_PuertoRico_8_1934_PA_247_1960,11.4179,6.3568325,2,9.754804976206675,6.521976917349043
1528,A_PuertoRico_8_1934_PA_247_1965,9.813627,7.1285276,2,9.754804976206675,6.521976917349043
1529,A_PuertoRico_8_1934_PA_247_1974,11.326228,6.3755527,2,9.754804976206675,6.521976917349043
1530,A_PuertoRico_8_1934_PA_247_1984,9.8600855,7.0515404,2,9.754804976206675,6.521976917349043
1531,A_PuertoRico_8_1934_PA_247_1986,10.111473,6.6721416,2,9.754804976206675,6.521976917349043
1532,A_PuertoRico_8_1934_PA_247_2011,9.687595,6.0535407,2,9.754804976206675,6.521976917349043
1533,A_PuertoRico_8_1934_PA_247_2027,11.511091,6.893724,-1,,
1534,A_PuertoRico_8_1934_PA_247_2063,9.555351,7.9371586,-1,,
1535,A_PuertoRico_8_1934_PA_247_280,10.584274,5.8894506,2,9.754804976206675,6.521976917349043
1536,A_PuertoRico_8_1934_PA_247_305,10.765122,6.1835876,2,9.754804976206675,6.521976917349043
1537,A_PuertoRico_8_1934_PA_248_1661,1.464258,6.9300237,0,2.5527971814392396,5.152696836555193
1538,A_PuertoRico_8_1934_PA_248_1770,1.4455316,6.946585,0,2.5527971814392396,5.152696836555193
1539,A_PuertoRico_8_1934_PA_248_1938,1.4934969,6.9240594,0,2.5527971814392396,5.152696836555193
1540,A_PuertoRico_8_1934_PA_248_1949,1.3484753,6.8072677,0,2.5527971814392396,5.152696836555193
1541,A_PuertoRico_8_1934_PA_248_2035,1.4667385,6.9081187,0,2.5527971814392396,5.152696836555193
1542,A_PuertoRico_8_1934_PA_248_320,1.4858193,6.9295654,0,2.5527971814392396,5.152696836555193
1543,A_PuertoRico_8_1934_PA_249_1875,8.716714,6.2799935,2,9.754804976206675,6.521976917349043
1544,A_PuertoRico_8_1934_PA_249_1992,8.74112,6.3411484,2,9.754804976206675,6.521976917349043
1545,A_PuertoRico_8_1934_PA_249_2060,3.1337214,7.5271554,0,2.5527971814392396,5.152696836555193
1546,A_PuertoRico_8_1934_PA_249_271,8.609127,6.066775,2,9.754804976206675,6.521976917349043
1547,A_PuertoRico_8_1934_PA_251_1880,3.0733168,6.7124615,0,2.5527971814392396,5.152696836555193
1548,A_PuertoRico_8_1934_PA_252_1744,2.2725585,5.5160356,0,2.5527971814392396,5.152696836555193
1549,A_PuertoRico_8_1934_PA_252_1867,2.2674465,5.381089,0,2.5527971814392396,5.152696836555193
1550,A_PuertoRico_8_1934_PA_252_1872,2.2448924,5.4008136,0,2.5527971814392396,5.152696836555193
1551,A_PuertoRico_8_1934_PA_252_1878,2.3095992,5.4877586,0,2.5527971814392396,5.152696836555193
1552,A_PuertoRico_8_1934_PA_252_1905,2.1611345,5.4332204,0,2.5527971814392396,5.152696836555193
1553,A_PuertoRico_8_1934_PA_252_1915,2.3420062,5.308764,0,2.5527971814392396,5.152696836555193
1554,A_PuertoRico_8_1934_PA_252_1932,2.688539,5.893174,0,2.5527971814392396,5.152696836555193
1555,A_PuertoRico_8_1934_PA_252_1950,2.2712126,5.507084,0,2.5527971814392396,5.152696836555193
1556,A_PuertoRico_8_1934_PA_252_294,2.2519884,5.4216523,0,2.5527971814392396,5.152696836555193
1557,A_PuertoRico_8_1934_PA_253_1730,0.15757878,6.1999197,0,2.5527971814392396,5.152696836555193
1558,A_PuertoRico_8_1934_PA_253_1755,0.20278747,6.1929355,0,2.5527971814392396,5.152696836555193
1559,A_PuertoRico_8_1934_PA_253_1881,0.13346197,6.1905046,0,2.5527971814392396,5.152696836555193
1560,A_PuertoRico_8_1934_PA_253_1889,0.25428423,6.352901,0,2.5527971814392396,5.152696836555193
1561,A_PuertoRico_8_1934_PA_253_1904,0.35310134,6.3105154,0,2.5527971814392396,5.152696836555193
1562,A_PuertoRico_8_1934_PA_253_1925,0.46504313,6.3404727,0,2.5527971814392396,5.152696836555193
1563,A_PuertoRico_8_1934_PA_253_1961,0.14083448,6.471055,0,2.5527971814392396,5.152696836555193
1564,A_PuertoRico_8_1934_PA_253_1972,0.04574739,6.581306,0,2.5527971814392396,5.152696836555193
1565,A_PuertoRico_8_1934_PA_253_2020,-0.18159366,6.1222467,0,2.5527971814392396,5.152696836555193
1566,A_PuertoRico_8_1934_PA_254_1863,8.096324,5.953187,-1,,
1567,A_PuertoRico_8_1934_PA_254_1879,10.802784,5.480909,2,9.754804976206675,6.521976917349043
1568,A_PuertoRico_8_1934_PA_254_1906,8.197799,6.0481095,-1,,
1569,A_PuertoRico_8_1934_PA_254_1911,7.944742,5.913106,-1,,
1570,A_PuertoRico_8_1934_PA_254_1979,2.5849407,6.3632607,0,2.5527971814392396,5.152696836555193
1571,A_PuertoRico_8_1934_PA_254_305,10.657042,6.101516,2,9.754804976206675,6.521976917349043
1572,A_PuertoRico_8_1934_PA_255_1816,8.755556,7.3325653,2,9.754804976206675,6.521976917349043
1573,A_PuertoRico_8_1934_PA_255_1844,10.637193,5.6065884,2,9.754804976206675,6.521976917349043
1574,A_PuertoRico_8_1934_PA_255_1929,8.765873,7.3630757,2,9.754804976206675,6.521976917349043
1575,A_PuertoRico_8_1934_PA_256_1866,9.171659,6.461093,2,9.754804976206675,6.521976917349043
1576,A_PuertoRico_8_1934_PA_256_1877,8.515036,6.936168,-1,,
1577,A_PuertoRico_8_1934_PA_256_2011,9.542378,6.132916,2,9.754804976206675,6.521976917349043
1578,A_PuertoRico_8_1934_PA_257_1813,3.573156,7.233703,0,2.5527971814392396,5.152696836555193
1579,A_PuertoRico_8_1934_PA_257_1830,3.3269956,6.9795384,0,2.5527971814392396,5.152696836555193
1580,A_PuertoRico_8_1934_PA_257_1856,3.556605,7.0124784,0,2.5527971814392396,5.152696836555193
1581,A_PuertoRico_8_1934_PA_257_1920,3.448604,7.3616533,0,2.5527971814392396,5.152696836555193
1582,A_PuertoRico_8_1934_PA_257_1924,3.5826795,7.5104074,0,2.5527971814392396,5.152696836555193
1583,A_PuertoRico_8_1934_PA_257_1926,3.1032536,7.2166505,0,2.5527971814392396,5.152696836555193
1584,A_PuertoRico_8_1934_PA_257_1932,3.0465837,7.1215353,0,2.5527971814392396,5.152696836555193
1585,A_PuertoRico_8_1934_PA_257_2000,3.2988193,7.437709,0,2.5527971814392396,5.152696836555193
1586,A_PuertoRico_8_1934_PA_257_2074,3.5149424,8.030905,0,2.5527971814392396,5.152696836555193
1587,A_PuertoRico_8_1934_PA_258_1667,10.902685,6.0291595,2,9.754804976206675,6.521976917349043
1588,A_PuertoRico_8_1934_PA_258_1799,10.196491,5.696294,2,9.754804976206675,6.521976917349043
1589,A_PuertoRico_8_1934_PA_258_1808,10.744669,6.1773953,2,9.754804976206675,6.521976917349043
1590,A_PuertoRico_8_1934_PA_258_1844,10.68745,5.86957,2,9.754804976206675,6.521976917349043
1591,A_PuertoRico_8_1934_PA_258_1866,9.207353,6.6947803,2,9.754804976206675,6.521976917349043
1592,A_PuertoRico_8_1934_PA_258_1873,9.928398,7.0647674,2,9.754804976206675,6.521976917349043
1593,A_PuertoRico_8_1934_PA_258_1879,10.716192,5.669364,2,9.754804976206675,6.521976917349043
1594,A_PuertoRico_8_1934_PA_258_1893,9.438942,7.0042005,2,9.754804976206675,6.521976917349043
1595,A_PuertoRico_8_1934_PA_258_1906,9.072603,7.0981474,2,9.754804976206675,6.521976917349043
1596,A_PuertoRico_8_1934_PA_258_1929,9.121806,7.4323416,2,9.754804976206675,6.521976917349043
1597,A_PuertoRico_8_1934_PA_258_1937,10.089865,7.2296796,2,9.754804976206675,6.521976917349043
1598,A_PuertoRico_8_1934_PA_258_1945,10.70777,6.5769835,2,9.754804976206675,6.521976917349043
1599,A_PuertoRico_8_1934_PA_258_1948,9.987614,7.1759086,2,9.754804976206675,6.521976917349043
1600,A_PuertoRico_8_1934_PA_258_1960,11.251744,6.1979365,2,9.754804976206675,6.521976917349043
1601,A_PuertoRico_8_1934_PA_258_1967,10.022158,7.3212247,2,9.754804976206675,6.521976917349043
1602,A_PuertoRico_8_1934_PA_258_1974,11.21166,6.1925507,2,9.754804976206675,6.521976917349043
1603,A_PuertoRico_8_1934_PA_258_1990,10.122608,7.536601,2,9.754804976206675,6.521976917349043
1604,A_PuertoRico_8_1934_PA_258_2012,9.088446,7.6935143,2,9.754804976206675,6.521976917349043
1605,A_PuertoRico_8_1934_PA_258_2017,9.148715,7.392315,2,9.754804976206675,6.521976917349043
1606,A_PuertoRico_8_1934_PA_258_2027,11.469981,6.8790026,-1,,
1607,A_PuertoRico_8_1934_PA_258_2063,9.4351635,8.052727,-1,,
1608,A_PuertoRico_8_1934_PA_258_2085,10.981002,6.2327795,2,9.754804976206675,6.521976917349043
1609,A_PuertoRico_8_1934_PA_258_305,10.674762,6.210481,2,9.754804976206675,6.521976917349043
1610,A_PuertoRico_8_1934_PA_258_319,10.292996,7.113293,2,9.754804976206675,6.521976917349043
1611,A_PuertoRico_8_1934_PA_259_1746,7.9660935,6.949466,2,9.754804976206675,6.521976917349043
1612,A_PuertoRico_8_1934_PA_259_1798,8.073722,7.137397,2,9.754804976206675,6.521976917349043
1613,A_PuertoRico_8_1934_PA_259_1833,8.042674,7.2054834,2,9.754804976206675,6.521976917349043
1614,A_PuertoRico_8_1934_PA_259_1851,8.152737,7.2394824,2,9.754804976206675,6.521976917349043
1615,A_PuertoRico_8_1934_PA_259_1869,8.017934,7.200202,2,9.754804976206675,6.521976917349043
1616,A_PuertoRico_8_1934_PA_259_1929,8.2892065,7.304789,2,9.754804976206675,6.521976917349043
1617,A_PuertoRico_8_1934_PA_259_1993,8.302221,7.305267,2,9.754804976206675,6.521976917349043
1618,A_PuertoRico_8_1934_PA_259_2017,8.644165,7.479013,2,9.754804976206675,6.521976917349043
1619,A_PuertoRico_8_1934_PA_261_2004,2.388871,5.3537526,0,2.5527971814392396,5.152696836555193
1620,A_PuertoRico_8_1934_PA_264_1722,3.0423646,5.6805673,0,2.5527971814392396,5.152696836555193
1621,A_PuertoRico_8_1934_PA_267_1844,10.504475,5.730334,2,9.754804976206675,6.521976917349043
1622,A_PuertoRico_8_1934_PA_267_1852,10.244095,6.0560813,2,9.754804976206675,6.521976917349043
1623,A_PuertoRico_8_1934_PA_267_1960,11.223184,6.2022285,2,9.754804976206675,6.521976917349043
1624,A_PuertoRico_8_1934_PA_267_1978,10.525425,6.391446,2,9.754804976206675,6.521976917349043
1625,A_PuertoRico_8_1934_PA_267_302,10.365079,6.192356,2,9.754804976206675,6.521976917349043
1626,A_PuertoRico_8_1934_PA_268_1844,10.516206,5.621114,2,9.754804976206675,6.521976917349043
1627,A_PuertoRico_8_1934_PA_268_1868,9.193638,5.8675656,2,9.754804976206675,6.521976917349043
1628,A_PuertoRico_8_1934_PA_268_1876,8.910697,6.022554,2,9.754804976206675,6.521976917349043
1629,A_PuertoRico_8_1934_PA_268_1952,8.909593,6.060844,2,9.754804976206675,6.521976917349043
1630,A_PuertoRico_8_1934_PA_268_2011,9.34098,6.0535693,2,9.754804976206675,6.521976917349043
1631,A_PuertoRico_8_1934_PA_268_2023,9.021914,6.1564274,2,9.754804976206675,6.521976917349043
1632,A_PuertoRico_8_1934_PA_269_1949,1.3080782,6.738885,0,2.5527971814392396,5.152696836555193
1633,A_PuertoRico_8_1934_PA_269_303,1.4243894,6.7797184,0,2.5527971814392396,5.152696836555193
1634,A_PuertoRico_8_1934_PA_270_298,9.721367,5.8187537,2,9.754804976206675,6.521976917349043
1635,A_PuertoRico_8_1934_PA_272_1893,8.961557,6.914342,2,9.754804976206675,6.521976917349043
1636,A_PuertoRico_8_1934_PA_272_1940,9.387408,7.474751,2,9.754804976206675,6.521976917349043
1637,A_PuertoRico_8_1934_PA_273_1880,2.998155,6.5878453,0,2.5527971814392396,5.152696836555193
1638,A_PuertoRico_8_1934_PA_273_1947,2.2488558,5.191416,0,2.5527971814392396,5.152696836555193
1639,A_PuertoRico_8_1934_PA_273_316,2.4892044,5.127629,0,2.5527971814392396,5.152696836555193
1640,A_PuertoRico_8_1934_PA_276_1801,3.9644988,7.294974,0,2.5527971814392396,5.152696836555193
1641,A_PuertoRico_8_1934_PA_276_1819,3.9814801,7.4065695,0,2.5527971814392396,5.152696836555193
1642,A_PuertoRico_8_1934_PA_276_1970,4.224076,7.2580805,0,2.5527971814392396,5.152696836555193
1643,A_PuertoRico_8_1934_PA_277_1745,9.11132,5.5832224,2,9.754804976206675,6.521976917349043
1644,A_PuertoRico_8_1934_PA_277_1808,10.597146,6.1169076,2,9.754804976206675,6.521976917349043
1645,A_PuertoRico_8_1934_PA_277_1821,10.386436,5.9730077,2,9.754804976206675,6.521976917349043
1646,A_PuertoRico_8_1934_PA_277_1844,10.626698,5.6638103,2,9.754804976206675,6.521976917349043
1647,A_PuertoRico_8_1934_PA_277_1852,10.408122,6.0546713,2,9.754804976206675,6.521976917349043
1648,A_PuertoRico_8_1934_PA_277_1879,10.681836,5.7029085,2,9.754804976206675,6.521976917349043
1649,A_PuertoRico_8_1934_PA_277_1996,10.637942,6.120526,2,9.754804976206675,6.521976917349043
1650,A_PuertoRico_8_1934_PA_277_305,10.70161,6.1985483,2,9.754804976206675,6.521976917349043
1651,A_PuertoRico_8_1934_PA_277_319,10.510524,6.1322927,2,9.754804976206675,6.521976917349043
1652,A_PuertoRico_8_1934_PA_278_1790,4.5325303,4.7149763,0,2.5527971814392396,5.152696836555193
1653,A_PuertoRico_8_1934_PA_279_1844,10.57016,5.7056804,2,9.754804976206675,6.521976917349043
1654,A_PuertoRico_8_1934_PA_279_1886,10.240938,6.168396,2,9.754804976206675,6.521976917349043
1655,A_PuertoRico_8_1934_PA_281_1659,2.9056401,5.638633,0,2.5527971814392396,5.152696836555193
1656,A_PuertoRico_8_1934_PA_282_1820,-0.13634613,6.0862327,0,2.5527971814392396,5.152696836555193
1657,A_PuertoRico_8_1934_PA_282_1837,0.6843353,6.1804066,0,2.5527971814392396,5.152696836555193
1658,A_PuertoRico_8_1934_PA_282_1862,0.109349586,6.2551622,0,2.5527971814392396,5.152696836555193
1659,A_PuertoRico_8_1934_PA_282_1972,-0.03638072,6.47107,0,2.5527971814392396,5.152696836555193
1660,A_PuertoRico_8_1934_PA_282_2020,-0.1853225,6.081759,0,2.5527971814392396,5.152696836555193
1661,A_PuertoRico_8_1934_PA_283_1837,1.1505841,6.158653,0,2.5527971814392396,5.152696836555193
1662,A_PuertoRico_8_1934_PA_283_1926,1.2091391,6.116332,0,2.5527971814392396,5.152696836555193
1663,A_PuertoRico_8_1934_PA_283_2044,1.1809882,6.124054,0,2.5527971814392396,5.152696836555193
1664,A_PuertoRico_8_1934_PA_285_1863,8.150412,6.0396433,-1,,
1665,A_PuertoRico_8_1934_PA_286_1808,10.645409,5.922325,2,9.754804976206675,6.521976917349043
1666,A_PuertoRico_8_1934_PA_286_1843,2.3818111,5.6226344,0,2.5527971814392396,5.152696836555193
1667,A_PuertoRico_8_1934_PA_286_1877,8.336127,6.9325495,2,9.754804976206675,6.521976917349043
1668,A_PuertoRico_8_1934_PA_287_1829,0.16360696,6.2466593,0,2.5527971814392396,5.152696836555193
1669,A_PuertoRico_8_1934_PA_287_1846,0.12695211,6.21351,0,2.5527971814392396,5.152696836555193
1670,A_PuertoRico_8_1934_PA_287_1862,0.15756558,6.327738,0,2.5527971814392396,5.152696836555193
1671,A_PuertoRico_8_1934_PA_287_1949,0.5295786,6.4202256,0,2.5527971814392396,5.152696836555193
1672,A_PuertoRico_8_1934_PA_287_1976,-0.2932357,6.147082,0,2.5527971814392396,5.152696836555193
1673,A_PuertoRico_8_1934_PA_288_1756,0.75997835,6.1281834,0,2.5527971814392396,5.152696836555193
1674,A_PuertoRico_8_1934_PA_288_1790,4.57752,4.7067294,0,2.5527971814392396,5.152696836555193
1675,A_PuertoRico_8_1934_PA_288_1926,1.0770612,6.121305,0,2.5527971814392396,5.152696836555193
1676,A_PuertoRico_8_1934_PA_288_1981,2.8647573,6.888072,0,2.5527971814392396,5.152696836555193
1677,A_PuertoRico_8_1934_PA_289_1751,8.643522,6.0893307,2,9.754804976206675,6.521976917349043
1678,A_PuertoRico_8_1934_PA_289_1875,8.690045,6.2823105,2,9.754804976206675,6.521976917349043
1679,A_PuertoRico_8_1934_PA_289_1906,8.623097,6.015536,2,9.754804976206675,6.521976917349043
1680,A_PuertoRico_8_1934_PA_290_1761,3.8707097,6.559032,0,2.5527971814392396,5.152696836555193
1681,A_PuertoRico_8_1934_PA_290_1908,3.8987246,6.6231403,0,2.5527971814392396,5.152696836555193
1682,A_PuertoRico_8_1934_PA_291_1379,10.363069,5.974831,2,9.754804976206675,6.521976917349043
1683,A_PuertoRico_8_1934_PA_291_1742,10.101161,5.7672668,2,9.754804976206675,6.521976917349043
1684,A_PuertoRico_8_1934_PA_291_1789,9.524792,6.0735936,2,9.754804976206675,6.521976917349043
1685,A_PuertoRico_8_1934_PA_291_1799,10.091324,5.6934223,2,9.754804976206675,6.521976917349043
1686,A_PuertoRico_8_1934_PA_291_1808,10.621477,5.955811,2,9.754804976206675,6.521976917349043
1687,A_PuertoRico_8_1934_PA_291_1844,10.503812,5.7034106,2,9.754804976206675,6.521976917349043
1688,A_PuertoRico_8_1934_PA_291_1850,9.662675,5.8367,2,9.754804976206675,6.521976917349043
1689,A_PuertoRico_8_1934_PA_291_1886,10.259758,6.1003413,2,9.754804976206675,6.521976917349043
1690,A_PuertoRico_8_1934_PA_291_1945,10.608374,6.1105027,2,9.754804976206675,6.521976917349043
1691,A_PuertoRico_8_1934_PA_291_2011,9.70869,5.988092,2,9.754804976206675,6.521976917349043
1692,A_PuertoRico_8_1934_PA_291_2027,11.458607,6.876027,-1,,
1693,A_PuertoRico_8_1934_PA_291_414,10.314191,5.624414,2,9.754804976206675,6.521976917349043
1694,A_PuertoRico_8_1934_PA_291_623,10.324959,5.642702,2,9.754804976206675,6.521976917349043
1695,A_PuertoRico_8_1934_PA_292_1853,1.3013066,6.4361024,0,2.5527971814392396,5.152696836555193
1696,A_PuertoRico_8_1934_PA_292_1862,0.23199876,6.3210883,0,2.5527971814392396,5.152696836555193
1697,A_PuertoRico_8_1934_PA_292_1949,1.2477196,6.6596527,0,2.5527971814392396,5.152696836555193
1698,A_PuertoRico_8_1934_PA_292_372,1.3446691,6.500761,0,2.5527971814392396,5.152696836555193
1699,A_PuertoRico_8_1934_PA_293_1713,3.5629463,7.536676,0,2.5527971814392396,5.152696836555193
1700,A_PuertoRico_8_1934_PA_293_1774,2.936813,6.8165135,0,2.5527971814392396,5.152696836555193
1701,A_PuertoRico_8_1934_PA_293_1792,3.1232967,6.8899508,0,2.5527971814392396,5.152696836555193
1702,A_PuertoRico_8_1934_PA_293_1801,3.852944,7.2888527,0,2.5527971814392396,5.152696836555193
1703,A_PuertoRico_8_1934_PA_293_1813,3.615711,7.2729383,0,2.5527971814392396,5.152696836555193
1704,A_PuertoRico_8_1934_PA_293_1819,3.8314755,7.3806405,0,2.5527971814392396,5.152696836555193
1705,A_PuertoRico_8_1934_PA_293_1845,3.2169733,6.9681363,0,2.5527971814392396,5.152696836555193
1706,A_PuertoRico_8_1934_PA_293_1861,3.8029926,7.3224754,0,2.5527971814392396,5.152696836555193
1707,A_PuertoRico_8_1934_PA_293_1880,3.203799,6.843292,0,2.5527971814392396,5.152696836555193
1708,A_PuertoRico_8_1934_PA_293_1924,3.7323587,7.4462185,0,2.5527971814392396,5.152696836555193
1709,A_PuertoRico_8_1934_PA_293_1926,3.1707218,7.2650223,0,2.5527971814392396,5.152696836555193
1710,A_PuertoRico_8_1934_PA_293_1946,3.2237325,7.053718,0,2.5527971814392396,5.152696836555193
1711,A_PuertoRico_8_1934_PA_293_2074,3.5351784,7.997344,0,2.5527971814392396,5.152696836555193
1712,A_PuertoRico_8_1934_PA_294_1631,9.390687,5.8416753,2,9.754804976206675,6.521976917349043
1713,A_PuertoRico_8_1934_PA_294_1699,9.451157,6.0482006,2,9.754804976206675,6.521976917349043
1714,A_PuertoRico_8_1934_PA_294_1716,10.138151,5.911572,2,9.754804976206675,6.521976917349043
1715,A_PuertoRico_8_1934_PA_294_1724,9.352621,6.1802387,2,9.754804976206675,6.521976917349043
1716,A_PuertoRico_8_1934_PA_294_1745,9.597688,5.9877787,2,9.754804976206675,6.521976917349043
1717,A_PuertoRico_8_1934_PA_294_1789,9.384241,6.213127,2,9.754804976206675,6.521976917349043
1718,A_PuertoRico_8_1934_PA_294_1794,9.449919,6.1284933,2,9.754804976206675,6.521976917349043
1719,A_PuertoRico_8_1934_PA_294_1797,9.387006,6.00967,2,9.754804976206675,6.521976917349043
1720,A_PuertoRico_8_1934_PA_294_1798,9.398568,6.0845084,2,9.754804976206675,6.521976917349043
1721,A_PuertoRico_8_1934_PA_294_1808,10.549549,6.100324,2,9.754804976206675,6.521976917349043
1722,A_PuertoRico_8_1934_PA_294_1832,9.430603,6.1064467,2,9.754804976206675,6.521976917349043
1723,A_PuertoRico_8_1934_PA_294_1844,10.479227,5.7760468,2,9.754804976206675,6.521976917349043
1724,A_PuertoRico_8_1934_PA_294_1847,9.2529125,6.2117534,2,9.754804976206675,6.521976917349043
1725,A_PuertoRico_8_1934_PA_294_1850,9.465207,6.052632,2,9.754804976206675,6.521976917349043
1726,A_PuertoRico_8_1934_PA_294_1866,9.303176,6.3613944,2,9.754804976206675,6.521976917349043
1727,A_PuertoRico_8_1934_PA_294_1868,9.402717,6.017189,2,9.754804976206675,6.521976917349043
1728,A_PuertoRico_8_1934_PA_294_1879,10.385448,5.6905413,2,9.754804976206675,6.521976917349043
1729,A_PuertoRico_8_1934_PA_294_1886,9.955474,6.0865645,2,9.754804976206675,6.521976917349043
1730,A_PuertoRico_8_1934_PA_294_1901,9.49762,5.9937406,2,9.754804976206675,6.521976917349043
1731,A_PuertoRico_8_1934_PA_294_1914,9.591133,5.9088244,2,9.754804976206675,6.521976917349043
1732,A_PuertoRico_8_1934_PA_294_1928,9.30559,6.090529,2,9.754804976206675,6.521976917349043
1733,A_PuertoRico_8_1934_PA_294_1945,10.537465,6.454237,2,9.754804976206675,6.521976917349043
1734,A_PuertoRico_8_1934_PA_294_1951,9.519336,6.0279236,2,9.754804976206675,6.521976917349043
1735,A_PuertoRico_8_1934_PA_294_1960,11.341004,6.2649417,2,9.754804976206675,6.521976917349043
1736,A_PuertoRico_8_1934_PA_294_1974,11.161904,6.172757,2,9.754804976206675,6.521976917349043
1737,A_PuertoRico_8_1934_PA_294_1986,9.39955,6.1153173,2,9.754804976206675,6.521976917349043
1738,A_PuertoRico_8_1934_PA_294_2011,9.425662,6.151971,2,9.754804976206675,6.521976917349043
1739,A_PuertoRico_8_1934_PA_294_2027,11.428784,6.8437552,2,9.754804976206675,6.521976917349043
1740,A_PuertoRico_8_1934_PA_294_2049,9.298607,6.22257,2,9.754804976206675,6.521976917349043
1741,A_PuertoRico_8_1934_PA_294_317,9.569391,6.007498,2,9.754804976206675,6.521976917349043
1742,A_PuertoRico_8_1934_PA_294_360,9.529294,6.04478,2,9.754804976206675,6.521976917349043
1743,A_PuertoRico_8_1934_PA_294_362,9.449992,6.0718184,2,9.754804976206675,6.521976917349043
1744,A_PuertoRico_8_1934_PA_294_414,10.050486,5.7640524,2,9.754804976206675,6.521976917349043
1745,A_PuertoRico_8_1934_PA_295_1817,1.5537199,6.4367514,0,2.5527971814392396,5.152696836555193
1746,A_PuertoRico_8_1934_PA_295_1874,1.5436814,6.6792955,0,2.5527971814392396,5.152696836555193
1747,A_PuertoRico_8_1934_PA_295_1949,1.4300256,6.6440835,0,2.5527971814392396,5.152696836555193
1748,A_PuertoRico_8_1934_PA_295_1968,1.4899728,6.802266,0,2.5527971814392396,5.152696836555193
1749,A_PuertoRico_8_1934_PA_295_1991,1.4942123,6.591661,0,2.5527971814392396,5.152696836555193
1750,A_PuertoRico_8_1934_PA_295_2035,1.5426959,6.7757063,0,2.5527971814392396,5.152696836555193
1751,A_PuertoRico_8_1934_PA_295_320,1.4921267,6.715873,0,2.5527971814392396,5.152696836555193
1752,A_PuertoRico_8_1934_PA_295_372,1.4962218,6.674872,0,2.5527971814392396,5.152696836555193
1753,A_PuertoRico_8_1934_PA_296_1754,3.7990773,6.8514853,0,2.5527971814392396,5.152696836555193
1754,A_PuertoRico_8_1934_PA_296_1801,3.9223676,7.151592,0,2.5527971814392396,5.152696836555193
1755,A_PuertoRico_8_1934_PA_296_1809,3.5204663,6.9046087,0,2.5527971814392396,5.152696836555193
1756,A_PuertoRico_8_1934_PA_296_1813,3.785855,7.0842733,0,2.5527971814392396,5.152696836555193
1757,A_PuertoRico_8_1934_PA_296_1819,3.86129,7.3382607,0,2.5527971814392396,5.152696836555193
1758,A_PuertoRico_8_1934_PA_296_1828,3.74954,7.047305,0,2.5527971814392396,5.152696836555193
1759,A_PuertoRico_8_1934_PA_296_1844,3.799885,6.92178,0,2.5527971814392396,5.152696836555193
1760,A_PuertoRico_8_1934_PA_296_1845,3.3779814,6.919229,0,2.5527971814392396,5.152696836555193
1761,A_PuertoRico_8_1934_PA_296_1861,3.8203986,7.200615,0,2.5527971814392396,5.152696836555193
1762,A_PuertoRico_8_1934_PA_296_1880,3.3981833,6.89617,0,2.5527971814392396,5.152696836555193
1763,A_PuertoRico_8_1934_PA_296_1903,3.8051682,7.0015745,0,2.5527971814392396,5.152696836555193
1764,A_PuertoRico_8_1934_PA_297_1789,9.444454,6.43968,2,9.754804976206675,6.521976917349043
1765,A_PuertoRico_8_1934_PA_297_1808,10.554006,6.264143,2,9.754804976206675,6.521976917349043
1766,A_PuertoRico_8_1934_PA_297_1844,10.538185,5.8254347,2,9.754804976206675,6.521976917349043
1767,A_PuertoRico_8_1934_PA_297_1854,9.637089,7.1632,2,9.754804976206675,6.521976917349043
1768,A_PuertoRico_8_1934_PA_297_1866,9.298648,6.5100684,2,9.754804976206675,6.521976917349043
1769,A_PuertoRico_8_1934_PA_297_1873,9.9573145,6.907946,2,9.754804976206675,6.521976917349043
1770,A_PuertoRico_8_1934_PA_297_1879,10.811632,5.7467875,2,9.754804976206675,6.521976917349043
1771,A_PuertoRico_8_1934_PA_297_1903,10.1694,6.724992,2,9.754804976206675,6.521976917349043
1772,A_PuertoRico_8_1934_PA_297_1906,9.30061,7.128355,2,9.754804976206675,6.521976917349043
1773,A_PuertoRico_8_1934_PA_297_1916,9.595045,6.8082848,2,9.754804976206675,6.521976917349043
1774,A_PuertoRico_8_1934_PA_297_1922,10.456527,6.671914,2,9.754804976206675,6.521976917349043
1775,A_PuertoRico_8_1934_PA_297_1940,9.35207,7.409142,2,9.754804976206675,6.521976917349043
1776,A_PuertoRico_8_1934_PA_297_1945,10.581558,6.6027184,2,9.754804976206675,6.521976917349043
1777,A_PuertoRico_8_1934_PA_297_1948,9.946238,7.024724,2,9.754804976206675,6.521976917349043
1778,A_PuertoRico_8_1934_PA_297_1960,11.169424,6.194683,2,9.754804976206675,6.521976917349043
1779,A_PuertoRico_8_1934_PA_297_1990,10.224747,6.885913,2,9.754804976206675,6.521976917349043
1780,A_PuertoRico_8_1934_PA_297_2027,11.513893,6.881814,-1,,
1781,A_PuertoRico_8_1934_PA_297_2063,9.429764,7.9748216,-1,,
1782,A_PuertoRico_8_1934_PA_297_319,10.324192,6.654667,2,9.754804976206675,6.521976917349043
1783,A_PuertoRico_8_1934_PA_298_1790,4.648572,4.6938953,0,2.5527971814392396,5.152696836555193
1784,A_PuertoRico_8_1934_PA_298_2049,7.9665337,7.2725105,2,9.754804976206675,6.521976917349043
1785,A_PuertoRico_8_1934_PA_299_1747,8.478315,5.910184,2,9.754804976206675,6.521976917349043
1786,A_PuertoRico_8_1934_PA_299_1799,8.625944,5.843831,2,9.754804976206675,6.521976917349043
1787,A_PuertoRico_8_1934_PA_299_1834,8.521546,5.8078475,2,9.754804976206675,6.521976917349043
1788,A_PuertoRico_8_1934_PA_299_1852,8.611569,5.824966,2,9.754804976206675,6.521976917349043
1789,A_PuertoRico_8_1934_PA_299_1870,8.510958,5.8922076,2,9.754804976206675,6.521976917349043
1790,A_PuertoRico_8_1934_PA_299_1953,8.521252,5.9104166,2,9.754804976206675,6.521976917349043
1791,A_PuertoRico_8_1934_PA_300_1801,3.8330986,7.160046,0,2.5527971814392396,5.152696836555193
1792,A_PuertoRico_8_1934_PA_300_1809,3.4263875,6.739692,0,2.5527971814392396,5.152696836555193
1793,A_PuertoRico_8_1934_PA_300_1813,3.7035456,6.977469,0,2.5527971814392396,5.152696836555193
1794,A_PuertoRico_8_1934_PA_300_1828,3.6141546,6.949687,0,2.5527971814392396,5.152696836555193
1795,A_PuertoRico_8_1934_PA_300_1903,3.9513412,6.81279,0,2.5527971814392396,5.152696836555193
1796,A_PuertoRico_8_1934_PA_301_1631,9.330018,5.6622696,2,9.754804976206675,6.521976917349043
1797,A_PuertoRico_8_1934_PA_301_1716,10.550847,6.1122575,2,9.754804976206675,6.521976917349043
1798,A_PuertoRico_8_1934_PA_301_1745,9.399819,5.662513,2,9.754804976206675,6.521976917349043
1799,A_PuertoRico_8_1934_PA_301_1789,9.437745,6.1022625,2,9.754804976206675,6.521976917349043
1800,A_PuertoRico_8_1934_PA_301_1794,9.529383,6.1766653,2,9.754804976206675,6.521976917349043
1801,A_PuertoRico_8_1934_PA_301_1797,9.439269,5.7356887,2,9.754804976206675,6.521976917349043
1802,A_PuertoRico_8_1934_PA_301_1799,10.0732,5.6859775,2,9.754804976206675,6.521976917349043
1803,A_PuertoRico_8_1934_PA_301_1808,10.621652,6.0614953,2,9.754804976206675,6.521976917349043
1804,A_PuertoRico_8_1934_PA_301_1832,9.505114,5.801522,2,9.754804976206675,6.521976917349043
1805,A_PuertoRico_8_1934_PA_301_1844,10.597459,5.635281,2,9.754804976206675,6.521976917349043
1806,A_PuertoRico_8_1934_PA_301_1850,9.581422,5.815321,2,9.754804976206675,6.521976917349043
1807,A_PuertoRico_8_1934_PA_301_1865,9.587034,6.3314166,2,9.754804976206675,6.521976917349043
1808,A_PuertoRico_8_1934_PA_301_1866,9.39738,6.5227532,2,9.754804976206675,6.521976917349043
1809,A_PuertoRico_8_1934_PA_301_1868,9.569761,5.774814,2,9.754804976206675,6.521976917349043
1810,A_PuertoRico_8_1934_PA_301_1877,8.7234535,6.8454123,2,9.754804976206675,6.521976917349043
1811,A_PuertoRico_8_1934_PA_301_1879,10.744955,5.506536,2,9.754804976206675,6.521976917349043
1812,A_PuertoRico_8_1934_PA_301_1886,10.315536,6.171643,2,9.754804976206675,6.521976917349043
1813,A_PuertoRico_8_1934_PA_301_1905,9.3998375,5.7176228,2,9.754804976206675,6.521976917349043
1814,A_PuertoRico_8_1934_PA_301_1940,9.438508,7.4836636,2,9.754804976206675,6.521976917349043
1815,A_PuertoRico_8_1934_PA_301_1945,10.596174,6.3817954,2,9.754804976206675,6.521976917349043
1816,A_PuertoRico_8_1934_PA_301_1951,9.53214,5.9067883,2,9.754804976206675,6.521976917349043
1817,A_PuertoRico_8_1934_PA_301_1960,11.347584,6.2768083,2,9.754804976206675,6.521976917349043
1818,A_PuertoRico_8_1934_PA_301_1984,9.846754,7.0820093,2,9.754804976206675,6.521976917349043
1819,A_PuertoRico_8_1934_PA_301_2011,9.681258,6.073166,2,9.754804976206675,6.521976917349043
1820,A_PuertoRico_8_1934_PA_301_2027,11.538137,6.9231763,-1,,
1821,A_PuertoRico_8_1934_PA_301_353,9.583649,6.2135677,2,9.754804976206675,6.521976917349043
1822,A_PuertoRico_8_1934_PA_301_354,10.565277,6.122971,2,9.754804976206675,6.521976917349043
1823,A_PuertoRico_8_1934_PA_301_360,9.5280905,5.838632,2,9.754804976206675,6.521976917349043
1824,A_PuertoRico_8_1934_PA_302_1780,1.3262929,6.6098504,0,2.5527971814392396,5.152696836555193
1825,A_PuertoRico_8_1934_PA_302_1804,1.1520352,6.5324063,0,2.5527971814392396,5.152696836555193
1826,A_PuertoRico_8_1934_PA_302_1814,1.1643522,6.568191,0,2.5527971814392396,5.152696836555193
1827,A_PuertoRico_8_1934_PA_302_1837,1.2129467,6.333333,0,2.5527971814392396,5.152696836555193
1828,A_PuertoRico_8_1934_PA_302_1853,1.3027837,6.5030737,0,2.5527971814392396,5.152696836555193
1829,A_PuertoRico_8_1934_PA_302_1874,1.37577,6.579354,0,2.5527971814392396,5.152696836555193
1830,A_PuertoRico_8_1934_PA_302_1904,1.3202838,6.5465546,0,2.5527971814392396,5.152696836555193
1831,A_PuertoRico_8_1934_PA_302_1930,1.448025,6.604117,0,2.5527971814392396,5.152696836555193
1832,A_PuertoRico_8_1934_PA_302_1938,1.4283521,6.734487,0,2.5527971814392396,5.152696836555193
1833,A_PuertoRico_8_1934_PA_302_1949,1.3120421,6.593214,0,2.5527971814392396,5.152696836555193
1834,A_PuertoRico_8_1934_PA_302_1991,1.3682975,6.512975,0,2.5527971814392396,5.152696836555193
1835,A_PuertoRico_8_1934_PA_302_2035,1.4202586,6.7410927,0,2.5527971814392396,5.152696836555193
1836,A_PuertoRico_8_1934_PA_303_1729,3.7647405,7.3463864,0,2.5527971814392396,5.152696836555193
1837,A_PuertoRico_8_1934_PA_303_1775,3.7242558,7.3218822,0,2.5527971814392396,5.152696836555193
1838,A_PuertoRico_8_1934_PA_303_1801,3.788725,7.3118935,0,2.5527971814392396,5.152696836555193
1839,A_PuertoRico_8_1934_PA_303_1813,3.6580746,7.3004932,0,2.5527971814392396,5.152696836555193
1840,A_PuertoRico_8_1934_PA_303_1836,3.735728,7.367181,0,2.5527971814392396,5.152696836555193
1841,A_PuertoRico_8_1934_PA_303_1845,3.3471193,7.0490828,0,2.5527971814392396,5.152696836555193
1842,A_PuertoRico_8_1934_PA_303_1856,3.6908283,6.8835125,0,2.5527971814392396,5.152696836555193
1843,A_PuertoRico_8_1934_PA_303_1861,3.7911603,7.317948,0,2.5527971814392396,5.152696836555193
1844,A_PuertoRico_8_1934_PA_303_1888,3.686597,7.4565363,0,2.5527971814392396,5.152696836555193
1845,A_PuertoRico_8_1934_PA_303_1904,3.6608849,7.319036,0,2.5527971814392396,5.152696836555193
1846,A_PuertoRico_8_1934_PA_303_1924,3.741502,7.4583187,0,2.5527971814392396,5.152696836555193
1847,A_PuertoRico_8_1934_PA_303_325,3.744397,7.284573,0,2.5527971814392396,5.152696836555193
1848,A_PuertoRico_8_1934_PA_303_355,3.5587866,7.283896,0,2.5527971814392396,5.152696836555193
1849,A_PuertoRico_8_1934_PA_304_1726,9.026002,6.339347,2,9.754804976206675,6.521976917349043
1850,A_PuertoRico_8_1934_PA_304_1745,8.98907,6.046267,2,9.754804976206675,6.521976917349043
1851,A_PuertoRico_8_1934_PA_304_1816,8.935512,6.544422,2,9.754804976206675,6.521976917349043
1852,A_PuertoRico_8_1934_PA_304_1832,9.021548,6.311136,2,9.754804976206675,6.521976917349043
1853,A_PuertoRico_8_1934_PA_304_1834,8.888913,6.368292,2,9.754804976206675,6.521976917349043
1854,A_PuertoRico_8_1934_PA_304_1838,8.955606,6.306913,2,9.754804976206675,6.521976917349043
1855,A_PuertoRico_8_1934_PA_304_1847,9.063349,6.333225,2,9.754804976206675,6.521976917349043
1856,A_PuertoRico_8_1934_PA_304_1850,9.022374,6.2540383,2,9.754804976206675,6.521976917349043
1857,A_PuertoRico_8_1934_PA_304_1851,8.952371,6.4195,2,9.754804976206675,6.521976917349043
1858,A_PuertoRico_8_1934_PA_304_1868,9.069161,6.265625,2,9.754804976206675,6.521976917349043
1859,A_PuertoRico_8_1934_PA_304_1873,9.091907,6.393649,2,9.754804976206675,6.521976917349043
1860,A_PuertoRico_8_1934_PA_304_1875,8.859651,6.3515534,2,9.754804976206675,6.521976917349043
1861,A_PuertoRico_8_1934_PA_304_1928,9.137227,6.26046,2,9.754804976206675,6.521976917349043
1862,A_PuertoRico_8_1934_PA_304_1953,8.876782,6.599398,2,9.754804976206675,6.521976917349043
1863,A_PuertoRico_8_1934_PA_304_1967,9.035095,6.6252813,2,9.754804976206675,6.521976917349043
1864,A_PuertoRico_8_1934_PA_304_1986,9.014703,6.4754558,2,9.754804976206675,6.521976917349043
1865,A_PuertoRico_8_1934_PA_304_1990,9.055754,6.26926,2,9.754804976206675,6.521976917349043
1866,A_PuertoRico_8_1934_PA_304_2011,9.180106,6.371997,2,9.754804976206675,6.521976917349043
1867,A_PuertoRico_8_1934_PA_305_1809,2.8438487,6.6237874,0,2.5527971814392396,5.152696836555193
1868,A_PuertoRico_8_1934_PA_305_1830,2.8364615,6.62917,0,2.5527971814392396,5.152696836555193
1869,A_PuertoRico_8_1934_PA_305_1845,2.825515,6.6224437,0,2.5527971814392396,5.152696836555193
1870,A_PuertoRico_8_1934_PA_305_1874,2.0539887,6.4917345,0,2.5527971814392396,5.152696836555193
1871,A_PuertoRico_8_1934_PA_305_1880,2.8510177,6.6143203,0,2.5527971814392396,5.152696836555193
1872,A_PuertoRico_8_1934_PA_305_1979,2.525949,6.4110646,0,2.5527971814392396,5.152696836555193
1873,A_PuertoRico_8_1934_PA_305_2028,2.6364782,6.789356,0,2.5527971814392396,5.152696836555193
1874,A_PuertoRico_8_1934_PA_305_378,2.6202788,6.5321326,0,2.5527971814392396,5.152696836555193
1875,A_PuertoRico_8_1934_PA_306_1872,2.2358444,5.124307,0,2.5527971814392396,5.152696836555193
1876,A_PuertoRico_8_1934_PA_306_1888,3.4818816,7.5304484,0,2.5527971814392396,5.152696836555193
1877,A_PuertoRico_8_1934_PA_307_1878,2.3391612,5.521027,0,2.5527971814392396,5.152696836555193
1878,A_PuertoRico_8_1934_PA_308_1755,0.26761347,6.266543,0,2.5527971814392396,5.152696836555193
1879,A_PuertoRico_8_1934_PA_308_1802,0.26225492,6.427194,0,2.5527971814392396,5.152696836555193
1880,A_PuertoRico_8_1934_PA_308_1810,0.20503762,6.402742,0,2.5527971814392396,5.152696836555193
1881,A_PuertoRico_8_1934_PA_308_1862,0.24431515,6.3947177,0,2.5527971814392396,5.152696836555193
1882,A_PuertoRico_8_1934_PA_308_1905,0.4438392,6.4406133,0,2.5527971814392396,5.152696836555193
1883,A_PuertoRico_8_1934_PA_308_1972,0.09426111,6.56563,0,2.5527971814392396,5.152696836555193
1884,A_PuertoRico_8_1934_PA_308_356,0.17351349,6.472322,0,2.5527971814392396,5.152696836555193
1885,A_PuertoRico_8_1934_PA_312_1813,3.5990827,7.2883453,0,2.5527971814392396,5.152696836555193
1886,A_PuertoRico_8_1934_PA_312_1953,8.599418,6.94172,-1,,
1887,A_PuertoRico_8_1934_PA_312_2074,3.546254,8.08337,0,2.5527971814392396,5.152696836555193
1888,A_PuertoRico_8_1934_PA_312_351,3.4960442,7.3944774,0,2.5527971814392396,5.152696836555193
1889,A_PuertoRico_8_1934_PA_313_1808,10.643785,5.9944396,2,9.754804976206675,6.521976917349043
1890,A_PuertoRico_8_1934_PA_313_1868,9.645297,5.784055,2,9.754804976206675,6.521976917349043
1891,A_PuertoRico_8_1934_PA_314_2064,4.279781,4.837329,0,2.5527971814392396,5.152696836555193
1892,A_PuertoRico_8_1934_PA_315_1801,3.8576276,7.2536125,0,2.5527971814392396,5.152696836555193
1893,A_PuertoRico_8_1934_PA_315_1809,3.7175791,7.0690002,0,2.5527971814392396,5.152696836555193
1894,A_PuertoRico_8_1934_PA_315_1813,3.7257226,7.2205157,0,2.5527971814392396,5.152696836555193
1895,A_PuertoRico_8_1934_PA_315_1819,3.9052365,7.417197,0,2.5527971814392396,5.152696836555193
1896,A_PuertoRico_8_1934_PA_315_1861,3.800238,7.275296,0,2.5527971814392396,5.152696836555193
1897,A_PuertoRico_8_1934_PA_315_1908,3.8135772,7.179024,0,2.5527971814392396,5.152696836555193
1898,A_PuertoRico_8_1934_PA_315_1975,3.7819204,7.166126,0,2.5527971814392396,5.152696836555193
1899,A_PuertoRico_8_1934_PA_315_2059,3.9683607,7.520416,0,2.5527971814392396,5.152696836555193
1900,A_PuertoRico_8_1934_PA_316_1716,10.219871,5.6220784,2,9.754804976206675,6.521976917349043
1901,A_PuertoRico_8_1934_PA_316_1738,9.920759,5.611985,2,9.754804976206675,6.521976917349043
1902,A_PuertoRico_8_1934_PA_316_1764,10.061899,5.6099615,2,9.754804976206675,6.521976917349043
1903,A_PuertoRico_8_1934_PA_316_1808,10.3685665,5.6855254,2,9.754804976206675,6.521976917349043
1904,A_PuertoRico_8_1934_PA_316_1821,10.270908,5.840488,2,9.754804976206675,6.521976917349043
1905,A_PuertoRico_8_1934_PA_316_1832,9.861735,5.5595975,2,9.754804976206675,6.521976917349043
1906,A_PuertoRico_8_1934_PA_316_1844,10.433193,5.5365653,2,9.754804976206675,6.521976917349043
1907,A_PuertoRico_8_1934_PA_316_1852,10.1896305,5.8128033,2,9.754804976206675,6.521976917349043
1908,A_PuertoRico_8_1934_PA_316_1868,9.833024,5.5067167,2,9.754804976206675,6.521976917349043
1909,A_PuertoRico_8_1934_PA_316_1873,9.922797,5.733027,2,9.754804976206675,6.521976917349043
1910,A_PuertoRico_8_1934_PA_316_1879,10.531229,5.469469,2,9.754804976206675,6.521976917349043
1911,A_PuertoRico_8_1934_PA_316_1906,10.08158,5.7480636,2,9.754804976206675,6.521976917349043
1912,A_PuertoRico_8_1934_PA_316_1914,10.052829,5.720292,2,9.754804976206675,6.521976917349043
1913,A_PuertoRico_8_1934_PA_316_1928,10.025566,5.7262793,2,9.754804976206675,6.521976917349043
1914,A_PuertoRico_8_1934_PA_316_1948,10.07461,5.84232,2,9.754804976206675,6.521976917349043
1915,A_PuertoRico_8_1934_PA_316_1951,10.02426,5.714781,2,9.754804976206675,6.521976917349043
1916,A_PuertoRico_8_1934_PA_316_1960,10.77684,5.90797,2,9.754804976206675,6.521976917349043
1917,A_PuertoRico_8_1934_PA_316_1990,10.005488,5.93254,2,9.754804976206675,6.521976917349043
1918,A_PuertoRico_8_1934_PA_316_2011,9.85585,5.7007585,2,9.754804976206675,6.521976917349043
1919,A_PuertoRico_8_1934_PA_316_2027,11.284688,6.6862936,2,9.754804976206675,6.521976917349043
1920,A_PuertoRico_8_1934_PA_316_354,10.368068,5.7925386,2,9.754804976206675,6.521976917349043
1921,A_PuertoRico_8_1934_PA_316_383,10.193071,5.6757174,2,9.754804976206675,6.521976917349043
1922,A_PuertoRico_8_1934_PA_317_1801,3.9605932,7.2012043,0,2.5527971814392396,5.152696836555193
1923,A_PuertoRico_8_1934_PA_317_1848,4.4626913,4.7466235,0,2.5527971814392396,5.152696836555193
1924,A_PuertoRico_8_1934_PA_317_1941,4.5436115,4.696733,0,2.5527971814392396,5.152696836555193
1925,A_PuertoRico_8_1934_PA_317_2074,3.6138084,8.096901,0,2.5527971814392396,5.152696836555193
1926,A_PuertoRico_8_1934_PA_318_1808,10.652806,5.918814,2,9.754804976206675,6.521976917349043
1927,A_PuertoRico_8_1934_PA_319_1822,1.4570267,6.33714,0,2.5527971814392396,5.152696836555193
1928,A_PuertoRico_8_1934_PA_319_1874,1.5448755,6.483491,0,2.5527971814392396,5.152696836555193
1929,A_PuertoRico_8_1934_PA_319_372,1.4127625,6.5497303,0,2.5527971814392396,5.152696836555193
1930,A_PuertoRico_8_1934_PA_322_1926,1.5903538,6.18848,0,2.5527971814392396,5.152696836555193
1931,A_PuertoRico_8_1934_PA_322_2078,2.7663481,5.995486,0,2.5527971814392396,5.152696836555193
1932,A_PuertoRico_8_1934_PA_322_2079,3.000246,6.0149817,0,2.5527971814392396,5.152696836555193
1933,A_PuertoRico_8_1934_PA_324_1744,2.4576726,5.4763274,0,2.5527971814392396,5.152696836555193
1934,A_PuertoRico_8_1934_PA_324_2082,2.5481646,5.490323,0,2.5527971814392396,5.152696836555193
1935,A_PuertoRico_8_1934_PA_325_1817,1.6191461,6.216201,0,2.5527971814392396,5.152696836555193
1936,A_PuertoRico_8_1934_PA_326_423,7.1600657,3.4084573,1,8.550401544412672,2.2072208778165874
1937,A_PuertoRico_8_1934_PA_327_1600,0.2156804,5.9745426,0,2.5527971814392396,5.152696836555193
1938,A_PuertoRico_8_1934_PA_327_1829,0.2714837,6.0888305,0,2.5527971814392396,5.152696836555193
1939,A_PuertoRico_8_1934_PA_330_1986,9.968274,6.730308,2,9.754804976206675,6.521976917349043
1940,A_PuertoRico_8_1934_PA_332_1845,3.366134,6.901184,0,2.5527971814392396,5.152696836555193
1941,A_PuertoRico_8_1934_PA_333_1844,10.686091,5.5689864,2,9.754804976206675,6.521976917349043
1942,A_PuertoRico_8_1934_PA_333_1879,10.771248,5.4957476,2,9.754804976206675,6.521976917349043
1943,A_PuertoRico_8_1934_PA_333_1978,10.542469,6.5360518,2,9.754804976206675,6.521976917349043
1944,A_PuertoRico_8_1934_PA_333_2027,11.525621,6.8831663,-1,,
1945,A_PuertoRico_8_1934_PA_334_383,8.194661,6.832943,2,9.754804976206675,6.521976917349043
1946,A_PuertoRico_8_1934_PA_335_1728,8.400736,6.269322,2,9.754804976206675,6.521976917349043
1947,A_PuertoRico_8_1934_PA_335_1747,8.456624,6.2601542,2,9.754804976206675,6.521976917349043
1948,A_PuertoRico_8_1934_PA_335_1870,8.398724,6.238007,2,9.754804976206675,6.521976917349043
1949,A_PuertoRico_8_1934_PA_336_1846,0.19253957,6.237547,0,2.5527971814392396,5.152696836555193
1950,A_PuertoRico_8_1934_PA_337_1804,1.0448186,6.549428,0,2.5527971814392396,5.152696836555193
1951,A_PuertoRico_8_1934_PA_339_1837,1.8395586,6.25936,0,2.5527971814392396,5.152696836555193
1952,A_PuertoRico_8_1934_PA_339_1874,1.8805109,6.3625607,0,2.5527971814392396,5.152696836555193
1953,A_PuertoRico_8_1934_PA_339_370,2.0153406,6.0939174,0,2.5527971814392396,5.152696836555193
1954,A_PuertoRico_8_1934_PA_341_1754,3.7733345,6.752032,0,2.5527971814392396,5.152696836555193
1955,A_PuertoRico_8_1934_PA_341_1761,3.7672493,6.8193307,0,2.5527971814392396,5.152696836555193
1956,A_PuertoRico_8_1934_PA_341_1813,3.6380923,7.089285,0,2.5527971814392396,5.152696836555193
1957,A_PuertoRico_8_1934_PA_341_1859,3.8279333,6.8713894,0,2.5527971814392396,5.152696836555193
1958,A_PuertoRico_8_1934_PA_341_1861,3.7837548,7.060868,0,2.5527971814392396,5.152696836555193
1959,A_PuertoRico_8_1934_PA_342_1675,9.739021,5.3045254,2,9.754804976206675,6.521976917349043
1960,A_PuertoRico_8_1934_PA_342_1745,9.607515,5.4492755,2,9.754804976206675,6.521976917349043
1961,A_PuertoRico_8_1934_PA_342_1764,9.814223,5.4025936,2,9.754804976206675,6.521976917349043
1962,A_PuertoRico_8_1934_PA_342_1797,9.656435,5.424973,2,9.754804976206675,6.521976917349043
1963,A_PuertoRico_8_1934_PA_342_1808,10.257225,5.5936146,2,9.754804976206675,6.521976917349043
1964,A_PuertoRico_8_1934_PA_342_1844,10.080889,5.3995023,2,9.754804976206675,6.521976917349043
1965,A_PuertoRico_8_1934_PA_342_1850,9.648506,5.336555,2,9.754804976206675,6.521976917349043
1966,A_PuertoRico_8_1934_PA_342_1868,9.776658,5.4229574,2,9.754804976206675,6.521976917349043
1967,A_PuertoRico_8_1934_PA_342_1873,9.848309,5.4124875,2,9.754804976206675,6.521976917349043
1968,A_PuertoRico_8_1934_PA_342_1879,10.170769,5.394596,2,9.754804976206675,6.521976917349043
1969,A_PuertoRico_8_1934_PA_342_1937,9.982762,5.3898196,2,9.754804976206675,6.521976917349043
1970,A_PuertoRico_8_1934_PA_342_1945,9.89312,5.327147,2,9.754804976206675,6.521976917349043
1971,A_PuertoRico_8_1934_PA_342_2034,9.979338,5.42718,2,9.754804976206675,6.521976917349043
1972,A_PuertoRico_8_1934_PA_342_2042,9.911216,5.5175586,2,9.754804976206675,6.521976917349043
1973,A_PuertoRico_8_1934_PA_344_2065,4.469428,4.8090053,0,2.5527971814392396,5.152696836555193
1974,A_PuertoRico_8_1934_PA_345_1784,9.756237,5.806582,2,9.754804976206675,6.521976917349043
1975,A_PuertoRico_8_1934_PA_345_1797,9.430089,5.697412,2,9.754804976206675,6.521976917349043
1976,A_PuertoRico_8_1934_PA_346_1938,1.5067228,6.914273,0,2.5527971814392396,5.152696836555193
1977,A_PuertoRico_8_1934_PA_348_1809,3.1513677,6.601909,0,2.5527971814392396,5.152696836555193
1978,A_PuertoRico_8_1934_PA_348_1845,3.026839,6.540119,0,2.5527971814392396,5.152696836555193
1979,A_PuertoRico_8_1934_PA_349_1801,3.9061978,7.2822146,0,2.5527971814392396,5.152696836555193
1980,A_PuertoRico_8_1934_PA_350_1744,2.2196264,5.5308356,0,2.5527971814392396,5.152696836555193
1981,A_PuertoRico_8_1934_PA_350_1765,2.2396333,5.4730535,0,2.5527971814392396,5.152696836555193
1982,A_PuertoRico_8_1934_PA_350_1796,2.2725065,5.5489774,0,2.5527971814392396,5.152696836555193
1983,A_PuertoRico_8_1934_PA_350_1843,2.294363,5.5744305,0,2.5527971814392396,5.152696836555193
1984,A_PuertoRico_8_1934_PA_350_1846,2.2022715,5.451599,0,2.5527971814392396,5.152696836555193
1985,A_PuertoRico_8_1934_PA_350_1959,2.316572,5.505565,0,2.5527971814392396,5.152696836555193
1986,A_PuertoRico_8_1934_PA_350_382,2.1944518,5.511303,0,2.5527971814392396,5.152696836555193
1987,A_PuertoRico_8_1934_PA_350_390,2.2636049,5.458228,0,2.5527971814392396,5.152696836555193
1988,A_PuertoRico_8_1934_PA_351_1750,0.32688692,6.3349366,0,2.5527971814392396,5.152696836555193
1989,A_PuertoRico_8_1934_PA_351_1755,0.23481224,6.2614703,0,2.5527971814392396,5.152696836555193
1990,A_PuertoRico_8_1934_PA_351_1804,0.47600535,6.445373,0,2.5527971814392396,5.152696836555193
1991,A_PuertoRico_8_1934_PA_351_1814,0.34155765,6.3923025,0,2.5527971814392396,5.152696836555193
1992,A_PuertoRico_8_1934_PA_351_1846,0.21656206,6.370676,0,2.5527971814392396,5.152696836555193
1993,A_PuertoRico_8_1934_PA_351_1862,0.30726975,6.372796,0,2.5527971814392396,5.152696836555193
1994,A_PuertoRico_8_1934_PA_351_1905,0.4644586,6.428442,0,2.5527971814392396,5.152696836555193
1995,A_PuertoRico_8_1934_PA_351_1925,0.36450955,6.3760877,0,2.5527971814392396,5.152696836555193
1996,A_PuertoRico_8_1934_PA_351_1935,0.0033910912,6.2717924,0,2.5527971814392396,5.152696836555193
1997,A_PuertoRico_8_1934_PA_351_386,0.24717806,6.3372674,0,2.5527971814392396,5.152696836555193
1998,A_PuertoRico_8_1934_PA_352_1697,3.2566223,6.857659,0,2.5527971814392396,5.152696836555193
1999,A_PuertoRico_8_1934_PA_352_1792,3.0955894,6.7925925,0,2.5527971814392396,5.152696836555193
2000,A_PuertoRico_8_1934_PA_352_1813,3.5232775,7.000578,0,2.5527971814392396,5.152696836555193
2001,A_PuertoRico_8_1934_PA_352_1830,3.31111,6.7769823,0,2.5527971814392396,5.152696836555193
2002,A_PuertoRico_8_1934_PA_352_1861,3.7096636,7.1436744,0,2.5527971814392396,5.152696836555193
2003,A_PuertoRico_8_1934_PA_352_1880,3.1683974,6.806521,0,2.5527971814392396,5.152696836555193
2005,A_PuertoRico_8_1934_PA_352_1955,3.293769,6.87159,0,2.5527971814392396,5.152696836555193
2006,A_PuertoRico_8_1934_PA_353_1726,8.847747,6.508219,2,9.754804976206675,6.521976917349043
2007,A_PuertoRico_8_1934_PA_353_1745,8.878185,6.2984986,2,9.754804976206675,6.521976917349043
2008,A_PuertoRico_8_1934_PA_353_1746,8.697225,6.5975003,2,9.754804976206675,6.521976917349043
2009,A_PuertoRico_8_1934_PA_353_1797,8.863517,6.4553094,2,9.754804976206675,6.521976917349043
2010,A_PuertoRico_8_1934_PA_353_1832,8.833533,6.512702,2,9.754804976206675,6.521976917349043
2011,A_PuertoRico_8_1934_PA_353_1838,8.7864275,6.5230775,2,9.754804976206675,6.521976917349043
2012,A_PuertoRico_8_1934_PA_353_1842,8.825448,6.637264,2,9.754804976206675,6.521976917349043
2013,A_PuertoRico_8_1934_PA_353_1868,8.867972,6.5885763,2,9.754804976206675,6.521976917349043
2014,A_PuertoRico_8_1934_PA_353_1873,8.945354,6.5544343,2,9.754804976206675,6.521976917349043
2015,A_PuertoRico_8_1934_PA_353_1875,8.765926,6.5172753,2,9.754804976206675,6.521976917349043
2016,A_PuertoRico_8_1934_PA_353_1940,9.310977,7.347367,2,9.754804976206675,6.521976917349043
2017,A_PuertoRico_8_1934_PA_353_1992,8.852125,6.5726385,2,9.754804976206675,6.521976917349043
2018,A_PuertoRico_8_1934_PA_353_2055,8.803471,6.504269,2,9.754804976206675,6.521976917349043
2019,A_PuertoRico_8_1934_PA_353_830,8.850783,6.536007,2,9.754804976206675,6.521976917349043
2020,A_PuertoRico_8_1934_PA_354_1696,2.5370002,5.924397,0,2.5527971814392396,5.152696836555193
2021,A_PuertoRico_8_1934_PA_354_1743,2.5241947,5.983345,0,2.5527971814392396,5.152696836555193
2022,A_PuertoRico_8_1934_PA_354_1797,9.165095,5.5829206,2,9.754804976206675,6.521976917349043
2023,A_PuertoRico_8_1934_PA_354_1979,2.4534838,6.292344,0,2.5527971814392396,5.152696836555193
2024,A_PuertoRico_8_1934_PA_354_378,2.5342863,6.1733575,0,2.5527971814392396,5.152696836555193
2025,A_PuertoRico_8_1934_PA_354_384,2.583082,5.9504375,0,2.5527971814392396,5.152696836555193
2026,A_PuertoRico_8_1934_PA_354_418,2.4103713,6.2905107,0,2.5527971814392396,5.152696836555193
2027,A_PuertoRico_8_1934_PA_355_1669,0.13776013,6.051258,0,2.5527971814392396,5.152696836555193
2028,A_PuertoRico_8_1934_PA_355_1718,0.2347393,6.095016,0,2.5527971814392396,5.152696836555193
2029,A_PuertoRico_8_1934_PA_355_1730,0.17267413,6.055841,0,2.5527971814392396,5.152696836555193
2030,A_PuertoRico_8_1934_PA_355_1755,0.22378458,6.133745,0,2.5527971814392396,5.152696836555193
2031,A_PuertoRico_8_1934_PA_355_1762,0.23596922,6.0925474,0,2.5527971814392396,5.152696836555193
2032,A_PuertoRico_8_1934_PA_355_1776,0.099305436,6.091303,0,2.5527971814392396,5.152696836555193
2033,A_PuertoRico_8_1934_PA_355_1881,0.11806649,6.1396065,0,2.5527971814392396,5.152696836555193
2034,A_PuertoRico_8_1934_PA_356_1721,8.178946,6.020723,-1,,
2035,A_PuertoRico_8_1934_PA_356_1847,8.227728,6.1034694,-1,,
2036,A_PuertoRico_8_1934_PA_356_1863,8.194936,6.024912,-1,,
2037,A_PuertoRico_8_1934_PA_356_2010,2.4279363,5.7807474,0,2.5527971814392396,5.152696836555193
2038,A_PuertoRico_8_1934_PA_357_1775,3.6592517,6.7515,0,2.5527971814392396,5.152696836555193
2039,A_PuertoRico_8_1934_PA_357_1857,3.0809195,5.6787953,0,2.5527971814392396,5.152696836555193
2040,A_PuertoRico_8_1934_PA_357_1864,3.0975904,5.6522355,0,2.5527971814392396,5.152696836555193
2041,A_PuertoRico_8_1934_PA_357_1910,3.0478058,5.665575,0,2.5527971814392396,5.152696836555193
2042,A_PuertoRico_8_1934_PA_358_1719,3.6564164,7.000668,0,2.5527971814392396,5.152696836555193
2043,A_PuertoRico_8_1934_PA_358_1775,3.63717,7.0756574,0,2.5527971814392396,5.152696836555193
2044,A_PuertoRico_8_1934_PA_358_1813,3.6584766,7.153154,0,2.5527971814392396,5.152696836555193
2045,A_PuertoRico_8_1934_PA_358_1830,3.507613,6.7113028,0,2.5527971814392396,5.152696836555193
2046,A_PuertoRico_8_1934_PA_358_1880,3.178375,6.698159,0,2.5527971814392396,5.152696836555193
2047,A_PuertoRico_8_1934_PA_359_1660,9.891698,5.3100147,2,9.754804976206675,6.521976917349043
2048,A_PuertoRico_8_1934_PA_359_1667,10.134441,5.354447,2,9.754804976206675,6.521976917349043
2049,A_PuertoRico_8_1934_PA_359_1726,9.533139,5.351568,2,9.754804976206675,6.521976917349043
2050,A_PuertoRico_8_1934_PA_359_1745,9.516508,5.3850904,2,9.754804976206675,6.521976917349043
2051,A_PuertoRico_8_1934_PA_359_1797,9.553098,5.353706,2,9.754804976206675,6.521976917349043
2052,A_PuertoRico_8_1934_PA_359_1799,9.7880745,5.3368845,2,9.754804976206675,6.521976917349043
2053,A_PuertoRico_8_1934_PA_359_1808,10.37032,5.521976,2,9.754804976206675,6.521976917349043
2054,A_PuertoRico_8_1934_PA_359_1832,9.6551285,5.3244333,2,9.754804976206675,6.521976917349043
2055,A_PuertoRico_8_1934_PA_359_1844,10.366138,5.5009394,2,9.754804976206675,6.521976917349043
2056,A_PuertoRico_8_1934_PA_359_1850,9.640515,5.346209,2,9.754804976206675,6.521976917349043
2057,A_PuertoRico_8_1934_PA_359_1868,9.583993,5.3980756,2,9.754804976206675,6.521976917349043
2058,A_PuertoRico_8_1934_PA_359_2011,9.6784935,5.40188,2,9.754804976206675,6.521976917349043
2059,A_PuertoRico_8_1934_PA_359_388,9.743511,5.3214707,2,9.754804976206675,6.521976917349043
2060,A_PuertoRico_8_1934_PA_359_394,9.673335,5.3531265,2,9.754804976206675,6.521976917349043
2061,A_PuertoRico_8_1934_PA_359_434,9.579602,5.358401,2,9.754804976206675,6.521976917349043
2062,A_PuertoRico_8_1934_PA_359_440,9.621203,5.3728848,2,9.754804976206675,6.521976917349043
2063,A_PuertoRico_8_1934_PA_360_1848,4.4297347,4.800775,0,2.5527971814392396,5.152696836555193
2064,A_PuertoRico_8_1934_PA_360_415,4.5480475,4.7067327,0,2.5527971814392396,5.152696836555193
2065,A_PuertoRico_8_1934_PA_361_1692,9.817973,7.5413437,2,9.754804976206675,6.521976917349043
2066,A_PuertoRico_8_1934_PA_361_1799,10.171397,5.7393355,2,9.754804976206675,6.521976917349043
2067,A_PuertoRico_8_1934_PA_361_1844,10.578097,5.620465,2,9.754804976206675,6.521976917349043
2068,A_PuertoRico_8_1934_PA_361_2042,10.092434,5.925408,2,9.754804976206675,6.521976917349043
2069,A_PuertoRico_8_1934_PA_361_414,10.330778,5.53104,2,9.754804976206675,6.521976917349043
2070,A_PuertoRico_8_1934_PA_364_1757,0.941972,6.144419,0,2.5527971814392396,5.152696836555193
2071,A_PuertoRico_8_1934_PA_367_1805,10.300574,5.5016456,2,9.754804976206675,6.521976917349043
2072,A_PuertoRico_8_1934_PA_367_1974,11.217967,6.1772428,2,9.754804976206675,6.521976917349043
2073,A_PuertoRico_8_1934_PA_367_2046,10.254541,5.2746925,2,9.754804976206675,6.521976917349043
2074,A_PuertoRico_8_1934_PA_368_1745,9.008239,5.749192,2,9.754804976206675,6.521976917349043
2075,A_PuertoRico_8_1934_PA_368_1746,7.954922,6.811447,2,9.754804976206675,6.521976917349043
2076,A_PuertoRico_8_1934_PA_368_1866,9.230256,6.3727217,2,9.754804976206675,6.521976917349043
2077,A_PuertoRico_8_1934_PA_369_1713,3.572183,7.3574696,0,2.5527971814392396,5.152696836555193
2078,A_PuertoRico_8_1934_PA_369_1813,3.5731368,7.137747,0,2.5527971814392396,5.152696836555193
2079,A_PuertoRico_8_1934_PA_369_1845,3.1897366,6.80143,0,2.5527971814392396,5.152696836555193
2080,A_PuertoRico_8_1934_PA_369_1861,3.7617424,7.321319,0,2.5527971814392396,5.152696836555193
2081,A_PuertoRico_8_1934_PA_369_1975,3.5037825,7.129733,0,2.5527971814392396,5.152696836555193
2082,A_PuertoRico_8_1934_PA_370_1745,9.205568,5.5137534,2,9.754804976206675,6.521976917349043
2083,A_PuertoRico_8_1934_PA_370_1748,10.300704,5.4818034,2,9.754804976206675,6.521976917349043
2084,A_PuertoRico_8_1934_PA_370_1799,9.942589,5.532123,2,9.754804976206675,6.521976917349043
2085,A_PuertoRico_8_1934_PA_370_1808,10.451521,5.8130126,2,9.754804976206675,6.521976917349043
2086,A_PuertoRico_8_1934_PA_370_1832,9.480851,5.5396585,2,9.754804976206675,6.521976917349043
2087,A_PuertoRico_8_1934_PA_370_1844,10.497584,5.5037055,2,9.754804976206675,6.521976917349043
2088,A_PuertoRico_8_1934_PA_370_1868,9.544052,5.5663376,2,9.754804976206675,6.521976917349043
2089,A_PuertoRico_8_1934_PA_370_1879,10.632557,5.46513,2,9.754804976206675,6.521976917349043
2090,A_PuertoRico_8_1934_PA_370_1951,9.702788,5.7310305,2,9.754804976206675,6.521976917349043
2091,A_PuertoRico_8_1934_PA_370_414,10.266786,5.490324,2,9.754804976206675,6.521976917349043
2092,A_PuertoRico_8_1934_PA_372_1875,8.6676,6.348897,2,9.754804976206675,6.521976917349043
2093,A_PuertoRico_8_1934_PA_372_1983,9.431091,6.90688,2,9.754804976206675,6.521976917349043
2094,A_PuertoRico_8_1934_PA_374_1775,3.6672614,7.1522226,0,2.5527971814392396,5.152696836555193
2095,A_PuertoRico_8_1934_PA_374_1874,1.862083,6.372903,0,2.5527971814392396,5.152696836555193
2096,A_PuertoRico_8_1934_PA_375_1756,0.7333647,6.2172093,0,2.5527971814392396,5.152696836555193
2097,A_PuertoRico_8_1934_PA_376_1699,8.9836035,6.068982,2,9.754804976206675,6.521976917349043
2098,A_PuertoRico_8_1934_PA_376_1726,8.922692,6.016065,2,9.754804976206675,6.521976917349043
2099,A_PuertoRico_8_1934_PA_376_1745,8.907033,5.977715,2,9.754804976206675,6.521976917349043
2100,A_PuertoRico_8_1934_PA_376_1751,8.825099,6.0575166,2,9.754804976206675,6.521976917349043
2101,A_PuertoRico_8_1934_PA_376_1789,9.0654,6.1509027,2,9.754804976206675,6.521976917349043
2102,A_PuertoRico_8_1934_PA_376_1873,9.055862,6.246161,2,9.754804976206675,6.521976917349043
2103,A_PuertoRico_8_1934_PA_376_398,8.790345,6.0869827,2,9.754804976206675,6.521976917349043
2104,A_PuertoRico_8_1934_PA_376_440,8.891528,5.9813313,2,9.754804976206675,6.521976917349043
2105,A_PuertoRico_8_1934_PA_377_1717,3.1002455,6.5242963,0,2.5527971814392396,5.152696836555193
2106,A_PuertoRico_8_1934_PA_377_1809,3.158153,6.5613885,0,2.5527971814392396,5.152696836555193
2107,A_PuertoRico_8_1934_PA_377_1814,1.9041928,6.5182934,0,2.5527971814392396,5.152696836555193
2108,A_PuertoRico_8_1934_PA_377_1845,3.0137649,6.665483,0,2.5527971814392396,5.152696836555193
2109,A_PuertoRico_8_1934_PA_377_1880,3.0333714,6.636906,0,2.5527971814392396,5.152696836555193
2110,A_PuertoRico_8_1934_PA_378_1537,2.15833,5.0626197,0,2.5527971814392396,5.152696836555193
2111,A_PuertoRico_8_1934_PA_379_1776,-0.1413831,6.1018496,0,2.5527971814392396,5.152696836555193
2112,A_PuertoRico_8_1934_PA_380_1919,10.513816,5.8874736,2,9.754804976206675,6.521976917349043
2113,A_PuertoRico_8_1934_PA_381_1845,3.308169,6.929199,0,2.5527971814392396,5.152696836555193
2114,A_PuertoRico_8_1934_PA_382_1726,9.006257,5.973115,2,9.754804976206675,6.521976917349043
2115,A_PuertoRico_8_1934_PA_382_1738,9.052647,6.0732446,2,9.754804976206675,6.521976917349043
2116,A_PuertoRico_8_1934_PA_382_1745,8.955265,5.9280734,2,9.754804976206675,6.521976917349043
2117,A_PuertoRico_8_1934_PA_382_1789,9.14941,6.1417575,2,9.754804976206675,6.521976917349043
2118,A_PuertoRico_8_1934_PA_382_1850,9.0652,6.049565,2,9.754804976206675,6.521976917349043
2119,A_PuertoRico_8_1934_PA_382_1866,9.157607,6.363828,2,9.754804976206675,6.521976917349043
2120,A_PuertoRico_8_1934_PA_382_1990,9.01754,6.0824924,2,9.754804976206675,6.521976917349043
2121,A_PuertoRico_8_1934_PA_382_441,8.848748,5.947114,2,9.754804976206675,6.521976917349043
2122,A_PuertoRico_8_1934_PA_383_1739,3.4980767,6.4408946,0,2.5527971814392396,5.152696836555193
2123,A_PuertoRico_8_1934_PA_383_1809,3.2119591,6.585021,0,2.5527971814392396,5.152696836555193
2124,A_PuertoRico_8_1934_PA_383_1845,3.2205915,6.538463,0,2.5527971814392396,5.152696836555193
2125,A_PuertoRico_8_1934_PA_383_411,3.2948375,6.492881,0,2.5527971814392396,5.152696836555193
2126,A_PuertoRico_8_1934_PA_384_1774,2.7678044,6.6740522,0,2.5527971814392396,5.152696836555193
2127,A_PuertoRico_8_1934_PA_385_1776,-0.1670885,6.1673098,0,2.5527971814392396,5.152696836555193
2128,A_PuertoRico_8_1934_PA_385_1802,0.17578276,6.429007,0,2.5527971814392396,5.152696836555193
2129,A_PuertoRico_8_1934_PA_386_1756,0.71340644,6.185483,0,2.5527971814392396,5.152696836555193
2130,A_PuertoRico_8_1934_PA_387_1732,8.401299,5.5626016,-1,,
2131,A_PuertoRico_8_1934_PA_388_1765,1.6858906,5.3407116,0,2.5527971814392396,5.152696836555193
2132,A_PuertoRico_8_1934_PA_389_1774,2.9170413,6.8267164,0,2.5527971814392396,5.152696836555193
2133,A_PuertoRico_8_1934_PA_389_1801,3.925025,7.070583,0,2.5527971814392396,5.152696836555193
2134,A_PuertoRico_8_1934_PA_389_1813,3.6981533,7.1322064,0,2.5527971814392396,5.152696836555193
2135,A_PuertoRico_8_1934_PA_389_1828,3.8449514,7.036437,0,2.5527971814392396,5.152696836555193
2136,A_PuertoRico_8_1934_PA_389_1861,3.880503,7.0934935,0,2.5527971814392396,5.152696836555193
2137,A_PuertoRico_8_1934_PA_389_1924,3.7972503,7.2498574,0,2.5527971814392396,5.152696836555193
2138,A_PuertoRico_8_1934_PA_389_1925,3.9439812,6.9515147,0,2.5527971814392396,5.152696836555193
2139,A_PuertoRico_8_1934_PA_390_1660,10.032921,5.3398995,2,9.754804976206675,6.521976917349043
2140,A_PuertoRico_8_1934_PA_390_1667,10.213185,5.32566,2,9.754804976206675,6.521976917349043
2141,A_PuertoRico_8_1934_PA_390_1706,10.175779,5.224056,2,9.754804976206675,6.521976917349043
2142,A_PuertoRico_8_1934_PA_390_1789,9.379208,6.226902,2,9.754804976206675,6.521976917349043
2143,A_PuertoRico_8_1934_PA_390_1803,9.856622,5.3833685,2,9.754804976206675,6.521976917349043
2144,A_PuertoRico_8_1934_PA_390_1819,4.069917,7.4994082,0,2.5527971814392396,5.152696836555193
2145,A_PuertoRico_8_1934_PA_390_1866,9.275368,6.3671737,2,9.754804976206675,6.521976917349043
2146,A_PuertoRico_8_1934_PA_390_1891,9.7764435,5.385881,2,9.754804976206675,6.521976917349043
2147,A_PuertoRico_8_1934_PA_390_1974,11.086873,6.0955644,2,9.754804976206675,6.521976917349043
2148,A_PuertoRico_8_1934_PA_390_414,10.131967,5.3724947,2,9.754804976206675,6.521976917349043
2149,A_PuertoRico_8_1934_PA_391_1746,7.8862715,6.8462963,2,9.754804976206675,6.521976917349043
2150,A_PuertoRico_8_1934_PA_391_1748,7.725893,6.6697035,-1,,
2151,A_PuertoRico_8_1934_PA_391_1752,7.855839,6.928798,2,9.754804976206675,6.521976917349043
2152,A_PuertoRico_8_1934_PA_391_1833,7.846661,6.8304663,-1,,
2153,A_PuertoRico_8_1934_PA_391_1952,7.915079,7.070508,2,9.754804976206675,6.521976917349043
2154,A_PuertoRico_8_1934_PA_392_1749,3.9167194,6.4435544,0,2.5527971814392396,5.152696836555193
2155,A_PuertoRico_8_1934_PA_393_1974,11.296867,6.264865,2,9.754804976206675,6.521976917349043
2156,A_PuertoRico_8_1934_PA_394_1706,10.211298,5.0731716,-1,,
2157,A_PuertoRico_8_1934_PA_394_1746,7.8851323,6.9369364,2,9.754804976206675,6.521976917349043
2158,A_PuertoRico_8_1934_PA_394_1752,7.807554,7.094119,2,9.754804976206675,6.521976917349043
2159,A_PuertoRico_8_1934_PA_394_441,7.8876333,7.102509,2,9.754804976206675,6.521976917349043
2160,A_PuertoRico_8_1934_PA_398_1792,3.0516496,6.6527863,0,2.5527971814392396,5.152696836555193
2161,A_PuertoRico_8_1934_PA_402_1746,7.893214,6.8387465,2,9.754804976206675,6.521976917349043
2162,A_PuertoRico_8_1934_PA_404_1817,2.098138,6.1927013,0,2.5527971814392396,5.152696836555193
2163,A_PuertoRico_8_1934_PA_405_1751,8.925748,5.6992497,2,9.754804976206675,6.521976917349043
2164,A_PuertoRico_8_1934_PA_405_1763,5.187428,5.2930803,-1,,
2165,A_PuertoRico_8_1934_PA_407_1692,9.7101755,7.3129287,2,9.754804976206675,6.521976917349043
2166,A_PuertoRico_8_1934_PA_407_1745,9.212738,5.749362,2,9.754804976206675,6.521976917349043
2167,A_PuertoRico_8_1934_PA_407_1794,9.533759,6.674167,2,9.754804976206675,6.521976917349043
2168,A_PuertoRico_8_1934_PA_407_1808,10.630976,6.1048484,2,9.754804976206675,6.521976917349043
2169,A_PuertoRico_8_1934_PA_407_1844,10.515172,5.6536,2,9.754804976206675,6.521976917349043
2170,A_PuertoRico_8_1934_PA_407_434,9.270488,5.7357965,2,9.754804976206675,6.521976917349043
2171,A_PuertoRico_8_1934_PA_407_447,9.344351,6.804467,2,9.754804976206675,6.521976917349043
2172,A_PuertoRico_8_1934_PA_408_1803,2.1469235,6.9870934,-1,,
2173,A_PuertoRico_8_1934_PA_408_2018,2.0796065,6.8708825,0,2.5527971814392396,5.152696836555193
2174,A_PuertoRico_8_1934_PA_408_2075,2.0437467,7.0465264,-1,,
2175,A_PuertoRico_8_1934_PA_409_1724,9.162862,6.5102773,2,9.754804976206675,6.521976917349043
2176,A_PuertoRico_8_1934_PA_409_1745,8.969316,5.7572594,2,9.754804976206675,6.521976917349043
2177,A_PuertoRico_8_1934_PA_409_1751,8.920559,6.1392345,2,9.754804976206675,6.521976917349043
2178,A_PuertoRico_8_1934_PA_409_1759,9.025499,6.308693,2,9.754804976206675,6.521976917349043
2179,A_PuertoRico_8_1934_PA_409_1789,9.088921,6.3583646,2,9.754804976206675,6.521976917349043
2180,A_PuertoRico_8_1934_PA_409_1794,9.411118,6.389515,2,9.754804976206675,6.521976917349043
2181,A_PuertoRico_8_1934_PA_409_1937,9.951,6.972854,2,9.754804976206675,6.521976917349043
2182,A_PuertoRico_8_1934_PA_410_1668,3.1357627,6.5654387,0,2.5527971814392396,5.152696836555193
2183,A_PuertoRico_8_1934_PA_410_1695,3.0464635,6.6045384,0,2.5527971814392396,5.152696836555193
2184,A_PuertoRico_8_1934_PA_410_1717,3.161913,6.5168443,0,2.5527971814392396,5.152696836555193
2185,A_PuertoRico_8_1934_PA_410_1749,3.340541,6.555649,0,2.5527971814392396,5.152696836555193
2186,A_PuertoRico_8_1934_PA_410_1774,2.800258,6.6598315,0,2.5527971814392396,5.152696836555193
2187,A_PuertoRico_8_1934_PA_410_1813,3.4919977,6.9533052,0,2.5527971814392396,5.152696836555193
2188,A_PuertoRico_8_1934_PA_410_1845,3.073341,6.6553674,0,2.5527971814392396,5.152696836555193
2189,A_PuertoRico_8_1934_PA_410_2028,2.8602035,6.698645,0,2.5527971814392396,5.152696836555193
2190,A_PuertoRico_8_1934_PA_410_645,3.0687194,6.5475254,0,2.5527971814392396,5.152696836555193
2191,A_PuertoRico_8_1934_PA_411_1558,8.826282,5.5070224,-1,,
2192,A_PuertoRico_8_1934_PA_411_1623,8.697674,5.5978255,-1,,
2193,A_PuertoRico_8_1934_PA_411_1745,9.033522,5.630229,2,9.754804976206675,6.521976917349043
2194,A_PuertoRico_8_1934_PA_411_1752,8.787702,5.663799,2,9.754804976206675,6.521976917349043
2195,A_PuertoRico_8_1934_PA_411_1789,9.119537,6.163919,2,9.754804976206675,6.521976917349043
2196,A_PuertoRico_8_1934_PA_411_1797,9.028895,5.640135,2,9.754804976206675,6.521976917349043
2197,A_PuertoRico_8_1934_PA_411_1891,8.833385,5.667134,2,9.754804976206675,6.521976917349043
2198,A_PuertoRico_8_1934_PA_411_2063,9.443112,7.9907217,-1,,
2199,A_PuertoRico_8_1934_PA_412_1634,3.1392474,6.664285,0,2.5527971814392396,5.152696836555193
2200,A_PuertoRico_8_1934_PA_412_1668,3.117916,6.6129727,0,2.5527971814392396,5.152696836555193
2201,A_PuertoRico_8_1934_PA_412_1697,3.0150816,6.7560587,0,2.5527971814392396,5.152696836555193
2202,A_PuertoRico_8_1934_PA_412_1719,2.9681158,6.6947904,0,2.5527971814392396,5.152696836555193
2203,A_PuertoRico_8_1934_PA_412_1792,2.8961072,6.726712,0,2.5527971814392396,5.152696836555193
2204,A_PuertoRico_8_1934_PA_412_1809,3.1494238,6.6229167,0,2.5527971814392396,5.152696836555193
2205,A_PuertoRico_8_1934_PA_412_1821,2.8496234,6.7051973,0,2.5527971814392396,5.152696836555193
2206,A_PuertoRico_8_1934_PA_412_1823,2.8872893,6.686527,0,2.5527971814392396,5.152696836555193
2207,A_PuertoRico_8_1934_PA_412_1845,3.0347104,6.687492,0,2.5527971814392396,5.152696836555193
2208,A_PuertoRico_8_1934_PA_412_1932,2.8947306,6.7858024,0,2.5527971814392396,5.152696836555193
2209,A_PuertoRico_8_1934_PA_412_1979,2.7925003,6.6677012,0,2.5527971814392396,5.152696836555193
2210,A_PuertoRico_8_1934_PA_412_465,2.8920956,6.720282,0,2.5527971814392396,5.152696836555193
2211,A_PuertoRico_8_1934_PA_413_1738,9.726817,5.4197936,2,9.754804976206675,6.521976917349043
2212,A_PuertoRico_8_1934_PA_413_1745,9.405167,5.567766,2,9.754804976206675,6.521976917349043
2213,A_PuertoRico_8_1934_PA_413_1797,9.566597,5.5233884,2,9.754804976206675,6.521976917349043
2214,A_PuertoRico_8_1934_PA_413_1799,10.012889,5.57221,2,9.754804976206675,6.521976917349043
2215,A_PuertoRico_8_1934_PA_413_1803,9.743422,5.376572,2,9.754804976206675,6.521976917349043
2216,A_PuertoRico_8_1934_PA_413_1808,10.542436,5.7526135,2,9.754804976206675,6.521976917349043
2217,A_PuertoRico_8_1934_PA_413_1821,9.848633,5.510691,2,9.754804976206675,6.521976917349043
2218,A_PuertoRico_8_1934_PA_413_1832,9.677657,5.45689,2,9.754804976206675,6.521976917349043
2219,A_PuertoRico_8_1934_PA_413_1844,10.334385,5.6491933,2,9.754804976206675,6.521976917349043
2220,A_PuertoRico_8_1934_PA_413_1850,9.655831,5.4291964,2,9.754804976206675,6.521976917349043
2221,A_PuertoRico_8_1934_PA_413_1978,10.359745,6.0452747,2,9.754804976206675,6.521976917349043
2222,A_PuertoRico_8_1934_PA_413_2042,9.893377,5.5696526,2,9.754804976206675,6.521976917349043
2223,A_PuertoRico_8_1934_PA_413_440,9.706401,5.420552,2,9.754804976206675,6.521976917349043
2224,A_PuertoRico_8_1934_PA_413_458,10.0646925,5.629555,2,9.754804976206675,6.521976917349043
2225,A_PuertoRico_8_1934_PA_414_1867,3.7700946,4.84866,0,2.5527971814392396,5.152696836555193
2226,A_PuertoRico_8_1934_PA_415_1713,3.6605182,7.454452,0,2.5527971814392396,5.152696836555193
2227,A_PuertoRico_8_1934_PA_415_445,3.8968961,7.1055436,0,2.5527971814392396,5.152696836555193
2228,A_PuertoRico_8_1934_PA_416_1745,8.999845,5.7730393,2,9.754804976206675,6.521976917349043
2229,A_PuertoRico_8_1934_PA_416_1834,8.821936,6.1664753,2,9.754804976206675,6.521976917349043
2230,A_PuertoRico_8_1934_PA_417_1715,2.5259027,5.9354267,0,2.5527971814392396,5.152696836555193
2231,A_PuertoRico_8_1934_PA_418_1814,0.37202322,6.035657,0,2.5527971814392396,5.152696836555193
2232,A_PuertoRico_8_1934_PA_420_1758,0.88712764,6.217278,0,2.5527971814392396,5.152696836555193
2233,A_PuertoRico_8_1934_PA_420_1862,0.22538754,6.2676463,0,2.5527971814392396,5.152696836555193
2234,A_PuertoRico_8_1934_PA_420_1927,1.3496825,6.19012,0,2.5527971814392396,5.152696836555193
2235,A_PuertoRico_8_1934_PA_425_1963,2.364603,5.464512,0,2.5527971814392396,5.152696836555193
2236,A_PuertoRico_8_1934_PA_428_1698,2.1522825,5.33743,0,2.5527971814392396,5.152696836555193
2237,A_PuertoRico_8_1934_PA_429_1754,3.7790513,6.7363033,0,2.5527971814392396,5.152696836555193
2238,A_PuertoRico_8_1934_PA_429_1774,2.9514945,6.8361335,0,2.5527971814392396,5.152696836555193
2239,A_PuertoRico_8_1934_PA_429_1778,3.6719499,6.9316387,0,2.5527971814392396,5.152696836555193
2240,A_PuertoRico_8_1934_PA_430_1724,9.399139,6.236698,2,9.754804976206675,6.521976917349043
2241,A_PuertoRico_8_1934_PA_430_1799,10.143038,5.6270847,2,9.754804976206675,6.521976917349043
2242,A_PuertoRico_8_1934_PA_430_1808,10.655547,6.012732,2,9.754804976206675,6.521976917349043
2243,A_PuertoRico_8_1934_PA_430_464,10.336968,5.3453197,2,9.754804976206675,6.521976917349043
2244,A_PuertoRico_8_1934_PA_431_1745,8.864167,5.571149,2,9.754804976206675,6.521976917349043
2245,A_PuertoRico_8_1934_PA_431_1746,7.9622536,6.84295,2,9.754804976206675,6.521976917349043
2246,A_PuertoRico_8_1934_PA_432_1717,3.3521008,6.4965,0,2.5527971814392396,5.152696836555193
2247,A_PuertoRico_8_1934_PA_432_1783,3.3113093,6.3977685,0,2.5527971814392396,5.152696836555193
2248,A_PuertoRico_8_1934_PA_432_1830,3.4159892,6.6122985,0,2.5527971814392396,5.152696836555193
2249,A_PuertoRico_8_1934_PA_433_1716,10.247652,5.439386,2,9.754804976206675,6.521976917349043
2250,A_PuertoRico_8_1934_PA_433_1789,9.426616,6.2372813,2,9.754804976206675,6.521976917349043
2251,A_PuertoRico_8_1934_PA_433_1879,10.609907,5.370385,2,9.754804976206675,6.521976917349043
2252,A_PuertoRico_8_1934_PA_433_1940,9.438267,7.4299784,2,9.754804976206675,6.521976917349043
2253,A_PuertoRico_8_1934_PA_433_1978,10.55406,6.389319,2,9.754804976206675,6.521976917349043
2254,A_PuertoRico_8_1934_PA_433_464,10.370811,5.266412,2,9.754804976206675,6.521976917349043
2255,A_PuertoRico_8_1934_PA_433_578,10.367194,5.3335395,2,9.754804976206675,6.521976917349043
2256,A_PuertoRico_8_1934_PA_434_1676,7.560241,6.9756618,-1,,
2257,A_PuertoRico_8_1934_PA_435_1633,8.016126,6.5395246,-1,,
2258,A_PuertoRico_8_1934_PA_436_1741,8.371088,6.5009165,-1,,
2259,A_PuertoRico_8_1934_PA_436_1927,1.4530791,6.173791,0,2.5527971814392396,5.152696836555193
2260,A_PuertoRico_8_1934_PA_437_1749,3.577625,6.413604,0,2.5527971814392396,5.152696836555193
2261,A_PuertoRico_8_1934_PA_438_1754,3.7092066,6.714036,0,2.5527971814392396,5.152696836555193
2262,A_PuertoRico_8_1934_PA_438_1968,1.5008787,6.941289,0,2.5527971814392396,5.152696836555193
2263,A_PuertoRico_8_1934_PA_439_1808,10.578929,6.051902,2,9.754804976206675,6.521976917349043
2264,A_PuertoRico_8_1934_PA_439_1844,10.67477,5.5534515,2,9.754804976206675,6.521976917349043
2265,A_PuertoRico_8_1934_PA_441_1747,8.458255,6.242383,2,9.754804976206675,6.521976917349043
2266,A_PuertoRico_8_1934_PA_441_1916,8.684729,6.815948,2,9.754804976206675,6.521976917349043
2267,A_PuertoRico_8_1934_PA_443_1761,3.8667877,6.692473,0,2.5527971814392396,5.152696836555193
2268,A_PuertoRico_8_1934_PA_445_1669,0.10931854,6.163835,0,2.5527971814392396,5.152696836555193
2269,A_PuertoRico_8_1934_PA_445_1762,0.2653421,6.180723,0,2.5527971814392396,5.152696836555193
2270,A_PuertoRico_8_1934_PA_445_1829,0.23710628,6.1924233,0,2.5527971814392396,5.152696836555193
2271,A_PuertoRico_8_1934_PA_447_1729,3.8916993,5.964089,0,2.5527971814392396,5.152696836555193
2272,A_PuertoRico_8_1934_PA_448_1716,10.00344,4.5586867,-1,,
2273,A_PuertoRico_8_1934_PA_450_1706,10.257634,5.0635457,-1,,
2274,A_PuertoRico_8_1934_PA_452_1819,3.9547682,7.433961,0,2.5527971814392396,5.152696836555193
2275,A_PuertoRico_8_1934_PA_453_1631,9.2746105,5.582571,2,9.754804976206675,6.521976917349043
2276,A_PuertoRico_8_1934_PA_453_1745,9.151348,5.6423736,2,9.754804976206675,6.521976917349043
2277,A_PuertoRico_8_1934_PA_453_1868,9.410157,5.7740984,2,9.754804976206675,6.521976917349043
2278,A_PuertoRico_8_1934_PA_454_1645,4.458091,4.525325,0,2.5527971814392396,5.152696836555193
2279,A_PuertoRico_8_1934_PA_454_1729,3.9037716,6.456705,0,2.5527971814392396,5.152696836555193
2280,A_PuertoRico_8_1934_PA_455_1745,9.089106,5.6968713,2,9.754804976206675,6.521976917349043
2281,A_PuertoRico_8_1934_PA_455_1760,10.085145,5.716302,2,9.754804976206675,6.521976917349043
2282,A_PuertoRico_8_1934_PA_458_1715,2.5605767,6.031725,0,2.5527971814392396,5.152696836555193
2283,A_PuertoRico_8_1934_PA_458_1719,2.7550783,6.4960957,0,2.5527971814392396,5.152696836555193
2284,A_PuertoRico_8_1934_PA_458_1731,2.6023283,6.5802765,0,2.5527971814392396,5.152696836555193
2285,A_PuertoRico_8_1934_PA_458_1751,2.7651455,6.429843,0,2.5527971814392396,5.152696836555193
2286,A_PuertoRico_8_1934_PA_458_1774,2.7141712,6.637932,0,2.5527971814392396,5.152696836555193
2287,A_PuertoRico_8_1934_PA_458_1800,2.7866929,6.4768133,0,2.5527971814392396,5.152696836555193
2288,A_PuertoRico_8_1934_PA_459_1698,1.9860965,5.3213286,0,2.5527971814392396,5.152696836555193
2289,A_PuertoRico_8_1934_PA_459_1793,1.937333,5.216285,0,2.5527971814392396,5.152696836555193
2290,A_PuertoRico_8_1934_PA_459_1831,1.9312735,5.2051516,0,2.5527971814392396,5.152696836555193
2291,A_PuertoRico_8_1934_PA_459_2001,1.940996,5.356547,0,2.5527971814392396,5.152696836555193
2292,A_PuertoRico_8_1934_PA_460_1749,3.7197952,6.651342,0,2.5527971814392396,5.152696836555193
2293,A_PuertoRico_8_1934_PA_461_1589,9.931481,6.650007,2,9.754804976206675,6.521976917349043
2294,A_PuertoRico_8_1934_PA_461_1727,10.00244,6.5714173,2,9.754804976206675,6.521976917349043
2295,A_PuertoRico_8_1934_PA_461_1745,9.370839,5.83419,2,9.754804976206675,6.521976917349043
2296,A_PuertoRico_8_1934_PA_462_1754,3.6365721,6.7446632,0,2.5527971814392396,5.152696836555193
2297,A_PuertoRico_8_1934_PA_463_1675,8.918983,6.232254,2,9.754804976206675,6.521976917349043
2298,A_PuertoRico_8_1934_PA_463_1745,8.92364,5.8292837,2,9.754804976206675,6.521976917349043
2299,A_PuertoRico_8_1934_PA_463_1798,8.77453,6.2391744,2,9.754804976206675,6.521976917349043
2300,A_PuertoRico_8_1934_PA_463_1990,8.905977,6.178118,2,9.754804976206675,6.521976917349043
2301,A_PuertoRico_8_1934_PA_464_1668,3.087727,6.573723,0,2.5527971814392396,5.152696836555193
2302,A_PuertoRico_8_1934_PA_464_1731,2.54785,6.6201215,0,2.5527971814392396,5.152696836555193
2303,A_PuertoRico_8_1934_PA_464_1809,3.0984375,6.578056,0,2.5527971814392396,5.152696836555193
2304,A_PuertoRico_8_1934_PA_465_1789,9.177096,6.191999,2,9.754804976206675,6.521976917349043
2305,A_PuertoRico_8_1934_PA_466_1731,2.4570332,6.580198,0,2.5527971814392396,5.152696836555193
2306,A_PuertoRico_8_1934_PA_466_1782,2.724776,6.9366865,0,2.5527971814392396,5.152696836555193
2307,A_PuertoRico_8_1934_PA_468_1420,3.759207,7.783729,0,2.5527971814392396,5.152696836555193
2308,A_PuertoRico_8_1934_PA_469_1659,2.831975,5.8264794,0,2.5527971814392396,5.152696836555193
2309,A_PuertoRico_8_1934_PA_469_1731,2.272651,6.465718,0,2.5527971814392396,5.152696836555193
2310,A_PuertoRico_8_1934_PA_471_1802,-0.13729528,6.324461,0,2.5527971814392396,5.152696836555193
2311,A_PuertoRico_8_1934_PA_475_1745,9.254485,5.794046,2,9.754804976206675,6.521976917349043
2312,A_PuertoRico_8_1934_PA_475_1863,8.553297,6.003549,2,9.754804976206675,6.521976917349043
2313,A_PuertoRico_8_1934_PA_475_2042,9.983913,5.986887,2,9.754804976206675,6.521976917349043
2314,A_PuertoRico_8_1934_PA_478_1610,-0.013725812,5.873107,0,2.5527971814392396,5.152696836555193
2315,A_PuertoRico_8_1934_PA_478_1720,0.02926372,6.122738,0,2.5527971814392396,5.152696836555193
2316,A_PuertoRico_8_1934_PA_478_1776,-0.10019705,6.1842465,0,2.5527971814392396,5.152696836555193
2317,A_PuertoRico_8_1934_PA_478_1820,-0.103731245,6.1785793,0,2.5527971814392396,5.152696836555193
2318,A_PuertoRico_8_1934_PA_480_2062,1.3670129,6.1218224,0,2.5527971814392396,5.152696836555193
2319,A_PuertoRico_8_1934_PA_483_1632,8.580167,6.2769403,2,9.754804976206675,6.521976917349043
2320,A_PuertoRico_8_1934_PA_483_1760,8.655583,6.009794,2,9.754804976206675,6.521976917349043
2321,A_PuertoRico_8_1934_PA_486_1692,9.513023,7.519876,2,9.754804976206675,6.521976917349043
2322,A_PuertoRico_8_1934_PA_487_1785,7.1808615,3.549877,-1,,
2323,A_PuertoRico_8_1934_PA_487_1888,3.6262174,7.5915775,0,2.5527971814392396,5.152696836555193
2324,A_PuertoRico_8_1934_PA_488_1674,2.809861,5.600422,0,2.5527971814392396,5.152696836555193
2325,A_PuertoRico_8_1934_PA_490_1756,0.7438993,6.113436,0,2.5527971814392396,5.152696836555193
2326,A_PuertoRico_8_1934_PA_492_1996,10.659982,6.1332984,2,9.754804976206675,6.521976917349043
2327,A_PuertoRico_8_1934_PA_493_1797,9.387305,5.417534,2,9.754804976206675,6.521976917349043
2328,A_PuertoRico_8_1934_PA_494_1845,3.3016708,6.9373903,0,2.5527971814392396,5.152696836555193
2329,A_PuertoRico_8_1934_PA_495_1572,9.44395,6.6355777,2,9.754804976206675,6.521976917349043
2330,A_PuertoRico_8_1934_PA_495_1667,10.765593,5.9265504,2,9.754804976206675,6.521976917349043
2331,A_PuertoRico_8_1934_PA_495_1692,9.706112,7.4531097,2,9.754804976206675,6.521976917349043
2332,A_PuertoRico_8_1934_PA_495_1724,9.2789345,6.5493264,2,9.754804976206675,6.521976917349043
2333,A_PuertoRico_8_1934_PA_495_1978,10.608219,6.5419183,2,9.754804976206675,6.521976917349043
2334,A_PuertoRico_8_1934_PA_496_1676,7.6868954,7.0446672,2,9.754804976206675,6.521976917349043
2335,A_PuertoRico_8_1934_PA_497_1542,8.09887,6.5163136,-1,,
2336,A_PuertoRico_8_1934_PA_497_1633,8.103255,6.515923,-1,,
2337,A_PuertoRico_8_1934_PA_497_1740,8.123,6.456893,-1,,
2338,A_PuertoRico_8_1934_PA_497_1747,8.150302,6.430174,-1,,
2339,A_PuertoRico_8_1934_PA_497_1870,8.203429,6.4124093,-1,,
2340,A_PuertoRico_8_1934_PA_497_1892,8.126108,6.488806,-1,,
2341,A_PuertoRico_8_1934_PA_498_1954,1.359047,6.746605,0,2.5527971814392396,5.152696836555193
2342,A_PuertoRico_8_1934_PA_506_1592,9.64771,5.192533,2,9.754804976206675,6.521976917349043
2343,A_PuertoRico_8_1934_PA_506_1631,9.358573,5.454683,2,9.754804976206675,6.521976917349043
2344,A_PuertoRico_8_1934_PA_506_1675,9.439035,5.408465,2,9.754804976206675,6.521976917349043
2345,A_PuertoRico_8_1934_PA_506_1716,9.946143,5.4145603,2,9.754804976206675,6.521976917349043
2346,A_PuertoRico_8_1934_PA_506_1738,9.548704,5.355458,2,9.754804976206675,6.521976917349043
2347,A_PuertoRico_8_1934_PA_506_1745,9.211591,5.425874,2,9.754804976206675,6.521976917349043
2348,A_PuertoRico_8_1934_PA_508_1844,10.551179,5.703792,2,9.754804976206675,6.521976917349043
2349,A_PuertoRico_8_1934_PA_514_1755,0.23631395,6.0964446,0,2.5527971814392396,5.152696836555193
2350,A_PuertoRico_8_1934_PA_515_2007,8.577409,6.420737,2,9.754804976206675,6.521976917349043
2351,A_PuertoRico_8_1934_PA_516_1659,2.8910966,5.5505624,0,2.5527971814392396,5.152696836555193
2352,A_PuertoRico_8_1934_PA_517_1594,-0.27678442,5.331914,0,2.5527971814392396,5.152696836555193
2353,A_PuertoRico_8_1934_PA_518_1481,8.400414,5.98929,2,9.754804976206675,6.521976917349043
2354,A_PuertoRico_8_1934_PA_519_1558,8.537698,5.6992006,-1,,
2355,A_PuertoRico_8_1934_PA_519_1632,8.142813,6.434335,-1,,
2356,A_PuertoRico_8_1934_PA_519_1746,7.9410725,6.786806,-1,,
2357,A_PuertoRico_8_1934_PA_520_1501,3.3995306,6.585065,0,2.5527971814392396,5.152696836555193
2358,A_PuertoRico_8_1934_PA_520_1673,3.5527763,6.5651464,0,2.5527971814392396,5.152696836555193
2359,A_PuertoRico_8_1934_PA_520_1830,3.4649377,6.5970287,0,2.5527971814392396,5.152696836555193
2360,A_PuertoRico_8_1934_PA_524_1749,3.6665585,6.416232,0,2.5527971814392396,5.152696836555193
2361,A_PuertoRico_8_1934_PA_525_1455,3.8628469,6.6988993,0,2.5527971814392396,5.152696836555193
2362,A_PuertoRico_8_1934_PA_525_1749,3.8542976,6.579535,0,2.5527971814392396,5.152696836555193
2363,A_PuertoRico_8_1934_PA_526_1631,9.337931,5.643456,2,9.754804976206675,6.521976917349043
2364,A_PuertoRico_8_1934_PA_529_1925,0.6759568,6.321499,0,2.5527971814392396,5.152696836555193
2365,A_PuertoRico_8_1934_PA_531_1697,3.2526433,6.63106,0,2.5527971814392396,5.152696836555193
2366,A_PuertoRico_8_1934_PA_531_1809,3.2805855,6.632119,0,2.5527971814392396,5.152696836555193
2367,A_PuertoRico_8_1934_PA_532_1558,9.235943,5.1254163,-1,,
2368,A_PuertoRico_8_1934_PA_532_1592,9.390583,5.0333967,-1,,
2369,A_PuertoRico_8_1934_PA_532_1631,9.297211,5.2664733,2,9.754804976206675,6.521976917349043
2370,A_PuertoRico_8_1934_PA_532_1667,9.422872,5.134352,-1,,
2371,A_PuertoRico_8_1934_PA_532_1673,9.290885,5.153021,-1,,
2372,A_PuertoRico_8_1934_PA_532_1745,9.189398,5.201574,-1,,
2373,A_PuertoRico_8_1934_PA_532_2083,9.292835,5.0916743,-1,,
2374,A_PuertoRico_8_1934_PA_532_554,9.243095,5.114943,-1,,
2375,A_PuertoRico_8_1934_PA_535_1663,7.6949477,5.462593,-1,,
2376,A_PuertoRico_8_1934_PA_535_1732,8.402439,5.529804,-1,,
2377,A_PuertoRico_8_1934_PA_536_1715,2.7713683,5.970635,0,2.5527971814392396,5.152696836555193
2378,A_PuertoRico_8_1934_PA_536_1723,2.9807446,5.899157,0,2.5527971814392396,5.152696836555193
2379,A_PuertoRico_8_1934_PA_536_1774,2.9226205,6.756837,0,2.5527971814392396,5.152696836555193
2380,A_PuertoRico_8_1934_PA_537_1551,0.46358436,5.745445,0,2.5527971814392396,5.152696836555193
2381,A_PuertoRico_8_1934_PA_539_1700,6.849995,6.4573426,3,6.762256569946951,5.452094065362477
2382,A_PuertoRico_8_1934_PA_541_1543,6.741443,3.2655942,1,8.550401544412672,2.2072208778165874
2383,A_PuertoRico_8_1934_PA_543_1634,3.6673992,6.726724,0,2.5527971814392396,5.152696836555193
2384,A_PuertoRico_8_1934_PA_544_1706,10.290296,5.0675263,-1,,
2385,A_PuertoRico_8_1934_PA_544_1745,9.105225,5.496973,2,9.754804976206675,6.521976917349043
2386,A_PuertoRico_8_1934_PA_544_1850,9.6512165,5.8119516,2,9.754804976206675,6.521976917349043
2387,A_PuertoRico_8_1934_PA_546_1745,9.132929,5.66054,2,9.754804976206675,6.521976917349043
2388,A_PuertoRico_8_1934_PA_549_1483,9.190184,5.766603,2,9.754804976206675,6.521976917349043
2389,A_PuertoRico_8_1934_PA_549_1631,9.241494,5.612539,2,9.754804976206675,6.521976917349043
2390,A_PuertoRico_8_1934_PA_549_1644,9.211823,7.1989923,2,9.754804976206675,6.521976917349043
2391,A_PuertoRico_8_1934_PA_550_1593,3.0884829,6.2008233,0,2.5527971814392396,5.152696836555193
2392,A_PuertoRico_8_1934_PA_550_1659,2.8816252,5.734499,0,2.5527971814392396,5.152696836555193
2393,A_PuertoRico_8_1934_PA_550_1668,3.1636634,6.4472322,0,2.5527971814392396,5.152696836555193
2394,A_PuertoRico_8_1934_PA_551_1622,0.680125,5.853452,0,2.5527971814392396,5.152696836555193
2395,A_PuertoRico_8_1934_PA_553_1499,9.261427,5.520127,2,9.754804976206675,6.521976917349043
2396,A_PuertoRico_8_1934_PA_553_1558,9.065656,5.4512777,2,9.754804976206675,6.521976917349043
2397,A_PuertoRico_8_1934_PA_558_1527,10.144021,3.2067,1,8.550401544412672,2.2072208778165874
2398,A_PuertoRico_8_1934_PA_558_1673,9.379876,5.200982,2,9.754804976206675,6.521976917349043
2399,A_PuertoRico_8_1934_PA_559_1746,7.887408,6.792331,-1,,
2400,A_PuertoRico_8_1934_PA_569_1712,2.903898,5.8840256,0,2.5527971814392396,5.152696836555193
2401,A_PuertoRico_8_1934_PA_573_1753,3.9855478,6.414947,0,2.5527971814392396,5.152696836555193
2402,A_PuertoRico_8_1934_PA_576_1593,3.8509417,6.4449477,0,2.5527971814392396,5.152696836555193
2403,A_PuertoRico_8_1934_PA_577_1631,9.302412,5.547216,2,9.754804976206675,6.521976917349043
2404,A_PuertoRico_8_1934_PA_577_1644,9.877714,2.9220302,1,8.550401544412672,2.2072208778165874
2405,A_PuertoRico_8_1934_PA_584_1523,2.7827196,5.7606573,0,2.5527971814392396,5.152696836555193
2406,A_PuertoRico_8_1934_PA_584_1691,2.7525032,5.6741533,0,2.5527971814392396,5.152696836555193
2407,A_PuertoRico_8_1934_PA_585_1570,8.915395,5.69495,2,9.754804976206675,6.521976917349043
2408,A_PuertoRico_8_1934_PA_600_1492,2.5434883,6.6721215,0,2.5527971814392396,5.152696836555193
2409,A_PuertoRico_8_1934_PA_602_1487,9.00727,2.2811623,1,8.550401544412672,2.2072208778165874
2410,A_PuertoRico_8_1934_PA_608_1797,9.251791,5.524182,2,9.754804976206675,6.521976917349043
2411,A_PuertoRico_8_1934_PA_60_1669,-0.020450145,5.8131094,0,2.5527971814392396,5.152696836555193
2412,A_PuertoRico_8_1934_PA_612_1549,7.9254084,5.6669865,-1,,
2413,A_PuertoRico_8_1934_PA_620_1623,8.335673,5.5464892,-1,,
2414,A_PuertoRico_8_1934_PA_621_1593,3.4898221,6.1091332,0,2.5527971814392396,5.152696836555193
2415,A_PuertoRico_8_1934_PA_622_1540,9.22762,5.590764,2,9.754804976206675,6.521976917349043
2416,A_PuertoRico_8_1934_PA_624_1592,9.163734,2.9661314,1,8.550401544412672,2.2072208778165874
2417,A_PuertoRico_8_1934_PA_625_1559,7.9310393,7.1617584,2,9.754804976206675,6.521976917349043
2418,A_PuertoRico_8_1934_PA_628_1529,0.022833519,6.2909346,0,2.5527971814392396,5.152696836555193
2419,A_PuertoRico_8_1934_PA_630_1579,8.471369,5.712798,-1,,
2420,A_PuertoRico_8_1934_PA_636_1561,1.0301267,6.1554284,0,2.5527971814392396,5.152696836555193
2421,A_PuertoRico_8_1934_PA_639_1657,2.230452,5.446359,0,2.5527971814392396,5.152696836555193
2422,A_PuertoRico_8_1934_PA_640_1718,0.23377232,6.0949774,0,2.5527971814392396,5.152696836555193
2423,A_PuertoRico_8_1934_PA_646_1402,7.9081025,4.4019756,-1,,
2424,A_PuertoRico_8_1934_PA_646_1527,10.515432,5.9994493,2,9.754804976206675,6.521976917349043
2425,A_PuertoRico_8_1934_PA_646_1692,9.73072,7.475506,2,9.754804976206675,6.521976917349043
2426,A_PuertoRico_8_1934_PA_653_1564,3.4420338,6.9459434,0,2.5527971814392396,5.152696836555193
2427,A_PuertoRico_8_1934_PA_653_1924,3.6418664,7.5117764,0,2.5527971814392396,5.152696836555193
2428,A_PuertoRico_8_1934_PA_653_1926,3.1177955,7.1641254,0,2.5527971814392396,5.152696836555193
2429,A_PuertoRico_8_1934_PA_654_1391,9.692023,7.053685,2,9.754804976206675,6.521976917349043
2430,A_PuertoRico_8_1934_PA_655_1500,7.8312135,7.2721863,2,9.754804976206675,6.521976917349043
2431,A_PuertoRico_8_1934_PA_655_1541,7.8542995,7.1587896,2,9.754804976206675,6.521976917349043
2432,A_PuertoRico_8_1934_PA_655_785,7.913932,7.1940746,2,9.754804976206675,6.521976917349043
2433,A_PuertoRico_8_1934_PA_656_1666,2.554004,5.347748,0,2.5527971814392396,5.152696836555193
2434,A_PuertoRico_8_1934_PA_669_1963,2.3002853,5.5055823,0,2.5527971814392396,5.152696836555193
2435,A_PuertoRico_8_1934_PA_675_1877,8.360682,6.9736586,2,9.754804976206675,6.521976917349043
2436,A_PuertoRico_8_1934_PA_678_1753,10.144402,5.745406,2,9.754804976206675,6.521976917349043
2437,A_PuertoRico_8_1934_PA_679_1606,6.1725426,5.026893,3,6.762256569946951,5.452094065362477
2438,A_PuertoRico_8_1934_PA_684_2059,4.0116897,7.610966,0,2.5527971814392396,5.152696836555193
2439,A_PuertoRico_8_1934_PA_689_1745,9.086824,5.7262735,2,9.754804976206675,6.521976917349043
2440,A_PuertoRico_8_1934_PA_693_1570,3.5835485,7.8499317,0,2.5527971814392396,5.152696836555193
2441,A_PuertoRico_8_1934_PA_694_1494,1.8963581,5.6069155,0,2.5527971814392396,5.152696836555193
2442,A_PuertoRico_8_1934_PA_704_1592,10.095821,4.96278,-1,,
2443,A_PuertoRico_8_1934_PA_719_1540,9.048966,5.7059593,2,9.754804976206675,6.521976917349043
2444,A_PuertoRico_8_1934_PA_721_2060,-0.040368143,6.0758114,0,2.5527971814392396,5.152696836555193
2445,A_PuertoRico_8_1934_PA_721_752,0.028836695,5.971949,0,2.5527971814392396,5.152696836555193
2446,A_PuertoRico_8_1934_PA_72_2026,1.9818497,5.7988095,0,2.5527971814392396,5.152696836555193
2447,A_PuertoRico_8_1934_PA_73_151,-0.044813123,6.4518175,0,2.5527971814392396,5.152696836555193
2448,A_PuertoRico_8_1934_PA_746_1929,8.84975,7.2871995,2,9.754804976206675,6.521976917349043
2449,A_PuertoRico_8_1934_PA_763_1973,2.5327642,5.776611,0,2.5527971814392396,5.152696836555193
2450,A_PuertoRico_8_1934_PA_770_1397,2.4993773,4.7154818,0,2.5527971814392396,5.152696836555193
2451,A_PuertoRico_8_1934_PA_775_1667,10.818938,5.8872075,2,9.754804976206675,6.521976917349043
2452,A_PuertoRico_8_1934_PA_776_1454,8.152188,6.9733963,2,9.754804976206675,6.521976917349043
2453,A_PuertoRico_8_1934_PA_789_2137,4.2854834,7.0618577,0,2.5527971814392396,5.152696836555193
2454,A_PuertoRico_8_1934_PA_78_147,8.738606,6.562454,2,9.754804976206675,6.521976917349043
2455,A_PuertoRico_8_1934_PA_78_1852,10.217847,6.043905,2,9.754804976206675,6.521976917349043
2456,A_PuertoRico_8_1934_PA_79_2046,10.077542,4.892361,-1,,
2457,A_PuertoRico_8_1934_PA_80_157,11.057916,6.4130054,2,9.754804976206675,6.521976917349043
2458,A_PuertoRico_8_1934_PA_80_2034,10.236626,7.0262947,2,9.754804976206675,6.521976917349043
2459,A_PuertoRico_8_1934_PA_82_136,10.730205,6.939217,2,9.754804976206675,6.521976917349043
2460,A_PuertoRico_8_1934_PA_82_139,10.919047,6.702953,2,9.754804976206675,6.521976917349043
2461,A_PuertoRico_8_1934_PA_82_157,10.977626,6.7687583,-1,,
2462,A_PuertoRico_8_1934_PA_82_168,11.024203,6.698323,2,9.754804976206675,6.521976917349043
2463,A_PuertoRico_8_1934_PA_82_172,10.612667,7.160578,2,9.754804976206675,6.521976917349043
2464,A_PuertoRico_8_1934_PA_82_185,10.656102,7.071527,2,9.754804976206675,6.521976917349043
2465,A_PuertoRico_8_1934_PA_82_1886,10.299091,6.32203,2,9.754804976206675,6.521976917349043
2466,A_PuertoRico_8_1934_PA_82_1893,10.602845,6.854554,2,9.754804976206675,6.521976917349043
2467,A_PuertoRico_8_1934_PA_82_1990,10.120177,7.7470083,-1,,
2468,A_PuertoRico_8_1934_PA_82_1993,10.6433115,6.97399,2,9.754804976206675,6.521976917349043
2469,A_PuertoRico_8_1934_PA_82_2011,9.73477,6.085956,2,9.754804976206675,6.521976917349043
2470,A_PuertoRico_8_1934_PA_82_2012,8.880211,7.7927356,-1,,
2471,A_PuertoRico_8_1934_PA_82_2027,11.33807,6.907843,-1,,
2472,A_PuertoRico_8_1934_PA_82_2034,10.561015,6.9893265,2,9.754804976206675,6.521976917349043
2473,A_PuertoRico_8_1934_PA_83_148,4.425919,4.7405066,0,2.5527971814392396,5.152696836555193
2474,A_PuertoRico_8_1934_PA_83_1809,3.6442282,6.86112,0,2.5527971814392396,5.152696836555193
2475,A_PuertoRico_8_1934_PA_83_1861,3.7198877,7.4029913,0,2.5527971814392396,5.152696836555193
2476,A_PuertoRico_8_1934_PA_83_1908,3.9248557,6.770444,0,2.5527971814392396,5.152696836555193
2477,A_PuertoRico_8_1934_PA_83_1975,3.7336323,7.075319,0,2.5527971814392396,5.152696836555193
2478,A_PuertoRico_8_1934_PA_83_1993,4.254138,7.109269,0,2.5527971814392396,5.152696836555193
2479,A_PuertoRico_8_1934_PA_83_2005,3.9571383,7.450168,0,2.5527971814392396,5.152696836555193
2480,A_PuertoRico_8_1934_PA_83_2057,4.320533,4.7569804,0,2.5527971814392396,5.152696836555193
2481,A_PuertoRico_8_1934_PA_83_2059,3.916853,7.480204,0,2.5527971814392396,5.152696836555193
2482,A_PuertoRico_8_1934_PA_83_2064,4.3015695,4.8600354,0,2.5527971814392396,5.152696836555193
2483,A_PuertoRico_8_1934_PA_83_2068,3.2096334,7.604899,0,2.5527971814392396,5.152696836555193
2484,A_PuertoRico_8_1934_PA_83_2074,3.60965,8.097394,0,2.5527971814392396,5.152696836555193
2485,A_PuertoRico_8_1934_PA_84_113,10.218729,5.895819,2,9.754804976206675,6.521976917349043
2486,A_PuertoRico_8_1934_PA_84_123,9.879451,7.2018056,2,9.754804976206675,6.521976917349043
2487,A_PuertoRico_8_1934_PA_84_127,10.2310095,5.977905,2,9.754804976206675,6.521976917349043
2488,A_PuertoRico_8_1934_PA_84_139,11.073684,6.1370387,2,9.754804976206675,6.521976917349043
2489,A_PuertoRico_8_1934_PA_84_147,10.261686,7.2402434,2,9.754804976206675,6.521976917349043
2490,A_PuertoRico_8_1934_PA_84_172,10.299379,7.327355,2,9.754804976206675,6.521976917349043
2491,A_PuertoRico_8_1934_PA_84_180,10.326649,7.301064,2,9.754804976206675,6.521976917349043
2492,A_PuertoRico_8_1934_PA_84_185,10.531376,7.1587095,2,9.754804976206675,6.521976917349043
2493,A_PuertoRico_8_1934_PA_84_1877,8.648527,7.0139337,2,9.754804976206675,6.521976917349043
2494,A_PuertoRico_8_1934_PA_84_1879,10.824987,5.4424453,-1,,
2495,A_PuertoRico_8_1934_PA_84_1960,11.396073,6.2561173,2,9.754804976206675,6.521976917349043
2496,A_PuertoRico_8_1934_PA_84_1974,11.232209,6.2242365,2,9.754804976206675,6.521976917349043
2497,A_PuertoRico_8_1934_PA_84_1990,10.130305,7.6831374,2,9.754804976206675,6.521976917349043
2498,A_PuertoRico_8_1934_PA_84_2012,8.941814,7.733729,2,9.754804976206675,6.521976917349043
2499,A_PuertoRico_8_1934_PA_84_2027,11.554033,6.9187117,-1,,
2500,A_PuertoRico_8_1934_PA_84_2034,10.279944,6.961273,2,9.754804976206675,6.521976917349043
2501,A_PuertoRico_8_1934_PA_84_2042,10.127578,6.0522413,2,9.754804976206675,6.521976917349043
2502,A_PuertoRico_8_1934_PA_84_2063,9.48105,8.048969,-1,,
2503,A_PuertoRico_8_1934_PA_84_214,9.949408,7.306567,2,9.754804976206675,6.521976917349043
2504,A_PuertoRico_8_1934_PA_84_305,10.7007,6.2212,2,9.754804976206675,6.521976917349043
2505,A_PuertoRico_8_1934_PA_85_115,8.094337,7.4681,2,9.754804976206675,6.521976917349043
2506,A_PuertoRico_8_1934_PA_85_122,7.998192,7.3575974,2,9.754804976206675,6.521976917349043
2507,A_PuertoRico_8_1934_PA_85_126,7.9363723,7.301549,2,9.754804976206675,6.521976917349043
2508,A_PuertoRico_8_1934_PA_85_1559,7.948468,7.262319,2,9.754804976206675,6.521976917349043
2509,A_PuertoRico_8_1934_PA_85_1795,8.040177,7.408065,2,9.754804976206675,6.521976917349043
2510,A_PuertoRico_8_1934_PA_85_1869,7.959249,7.2437277,2,9.754804976206675,6.521976917349043
2511,A_PuertoRico_8_1934_PA_85_188,7.962013,7.3066783,2,9.754804976206675,6.521976917349043
2512,A_PuertoRico_8_1934_PA_85_1952,7.915963,7.2494974,2,9.754804976206675,6.521976917349043
2513,A_PuertoRico_8_1934_PA_85_2012,8.440427,7.637029,-1,,
2514,A_PuertoRico_8_1934_PA_85_2015,7.935616,7.2832026,2,9.754804976206675,6.521976917349043
2515,A_PuertoRico_8_1934_PA_85_2017,8.60972,7.504527,-1,,
2516,A_PuertoRico_8_1934_PA_85_2049,7.932036,7.314561,2,9.754804976206675,6.521976917349043
2517,A_PuertoRico_8_1934_PA_86_138,2.5693884,5.3051314,0,2.5527971814392396,5.152696836555193
2518,A_PuertoRico_8_1934_PA_86_156,2.5200536,5.242775,0,2.5527971814392396,5.152696836555193
2519,A_PuertoRico_8_1934_PA_86_167,2.579237,5.2721257,0,2.5527971814392396,5.152696836555193
2520,A_PuertoRico_8_1934_PA_86_1959,2.5477765,5.345642,0,2.5527971814392396,5.152696836555193
2521,A_PuertoRico_8_1934_PA_86_1983,2.6437616,4.9814296,0,2.5527971814392396,5.152696836555193
2522,A_PuertoRico_8_1934_PA_86_1989,2.4731846,5.2720037,0,2.5527971814392396,5.152696836555193
2523,A_PuertoRico_8_1934_PA_86_207,2.596919,5.2882075,0,2.5527971814392396,5.152696836555193
2524,A_PuertoRico_8_1934_PA_86_261,2.6196582,5.3170147,0,2.5527971814392396,5.152696836555193
2525,A_PuertoRico_8_1934_PA_87_2020,-0.13646539,5.976394,0,2.5527971814392396,5.152696836555193
2526,A_PuertoRico_8_1934_PA_87_2060,0.14865498,5.961899,0,2.5527971814392396,5.152696836555193
2527,A_PuertoRico_8_1934_PA_87_2075,0.5238855,6.6540136,0,2.5527971814392396,5.152696836555193
2528,A_PuertoRico_8_1934_PA_888_964,10.302919,5.0452957,-1,,
2529,A_PuertoRico_8_1934_PA_889_1676,7.532556,6.9232116,-1,,
2530,A_PuertoRico_8_1934_PA_88_1861,3.834344,7.24097,0,2.5527971814392396,5.152696836555193
2531,A_PuertoRico_8_1934_PA_88_192,7.9992676,6.139456,-1,,
2532,A_PuertoRico_8_1934_PA_88_2034,10.18768,7.0653415,2,9.754804976206675,6.521976917349043
2533,A_PuertoRico_8_1934_PA_88_2049,7.8836775,7.152392,2,9.754804976206675,6.521976917349043
2534,A_PuertoRico_8_1934_PA_88_2070,7.991549,6.1384816,-1,,
2535,A_PuertoRico_8_1934_PA_89_139,10.862137,6.0941243,2,9.754804976206675,6.521976917349043
2536,A_PuertoRico_8_1934_PA_89_2008,8.364712,6.947699,2,9.754804976206675,6.521976917349043
2537,A_PuertoRico_8_1934_PA_89_2042,9.987425,6.0082536,2,9.754804976206675,6.521976917349043
2538,A_PuertoRico_8_1934_PA_89_2056,8.727831,7.46229,2,9.754804976206675,6.521976917349043
2539,A_PuertoRico_8_1934_PA_89_2063,9.420897,8.017641,-1,,
2540,A_PuertoRico_8_1934_PA_90_112,8.723933,5.7997503,2,9.754804976206675,6.521976917349043
2541,A_PuertoRico_8_1934_PA_90_125,8.941072,5.639657,2,9.754804976206675,6.521976917349043
2542,A_PuertoRico_8_1934_PA_90_2048,8.851014,5.676892,2,9.754804976206675,6.521976917349043
2543,A_PuertoRico_8_1934_PA_91_1917,0.68781114,5.8136997,0,2.5527971814392396,5.152696836555193
2544,A_PuertoRico_8_1934_PA_92_195,9.588965,5.872145,2,9.754804976206675,6.521976917349043
2545,A_PuertoRico_8_1934_PA_94_1823,3.8076065,6.6902156,0,2.5527971814392396,5.152696836555193
2546,A_PuertoRico_8_1934_PA_94_1856,3.67918,6.692211,0,2.5527971814392396,5.152696836555193
2547,A_PuertoRico_8_1934_PA_94_1906,8.692772,6.9364905,2,9.754804976206675,6.521976917349043
2548,A_PuertoRico_8_1934_PA_94_2074,3.5671918,8.012329,0,2.5527971814392396,5.152696836555193
2549,A_PuertoRico_8_1934_PA_95_125,9.177084,6.201833,2,9.754804976206675,6.521976917349043
2550,A_PuertoRico_8_1934_PA_95_180,9.323827,6.670617,2,9.754804976206675,6.521976917349043
2551,A_PuertoRico_8_1934_PA_95_1948,9.892183,7.035776,2,9.754804976206675,6.521976917349043
2552,A_PuertoRico_8_1934_PA_95_195,9.286477,6.2552176,2,9.754804976206675,6.521976917349043
2553,A_PuertoRico_8_1934_PA_95_2063,9.427479,7.9678903,-1,,
2554,A_PuertoRico_8_1934_PA_96_1877,8.293693,6.925873,2,9.754804976206675,6.521976917349043
2555,A_PuertoRico_8_1934_PA_96_1946,2.4648142,6.398455,0,2.5527971814392396,5.152696836555193
2556,A_PuertoRico_8_1934_PA_96_1979,2.5181177,6.3572197,0,2.5527971814392396,5.152696836555193
2557,A_PuertoRico_8_1934_PA_96_2028,2.5168245,6.7136216,0,2.5527971814392396,5.152696836555193
2558,A_PuertoRico_8_1934_PA_973_1782,2.896591,3.1939018,0,2.5527971814392396,5.152696836555193
2559,A_PuertoRico_8_1934_PA_97_1810,0.14792892,6.05568,0,2.5527971814392396,5.152696836555193
2560,A_PuertoRico_8_1934_PA_98_1890,1.3533179,6.075598,0,2.5527971814392396,5.152696836555193
2561,A_PuertoRico_8_1934_PA_99_1927,1.3767262,6.1829424,0,2.5527971814392396,5.152696836555193
2562,A_PuertoRico_8_1934_PB1_100_152,0.28424722,4.8119273,0,2.5527971814392396,5.152696836555193
2563,A_PuertoRico_8_1934_PB1_100_2114,0.25208113,4.501873,0,2.5527971814392396,5.152696836555193
2564,A_PuertoRico_8_1934_PB1_102_2024,8.56915,3.2634964,1,8.550401544412672,2.2072208778165874
2565,A_PuertoRico_8_1934_PB1_1039_2129,8.003057,0.49626285,1,8.550401544412672,2.2072208778165874
2566,A_PuertoRico_8_1934_PB1_103_2173,4.050253,5.1665726,0,2.5527971814392396,5.152696836555193
2567,A_PuertoRico_8_1934_PB1_104_2110,10.23574,1.6830342,1,8.550401544412672,2.2072208778165874
2568,A_PuertoRico_8_1934_PB1_107_2029,3.3296638,4.100081,0,2.5527971814392396,5.152696836555193
2569,A_PuertoRico_8_1934_PB1_108_2148,2.7887774,4.2201505,0,2.5527971814392396,5.152696836555193
2570,A_PuertoRico_8_1934_PB1_110_2128,2.9429445,4.230097,0,2.5527971814392396,5.152696836555193
2571,A_PuertoRico_8_1934_PB1_111_2021,4.1892443,3.1585042,0,2.5527971814392396,5.152696836555193
2572,A_PuertoRico_8_1934_PB1_1124_2071,9.788827,1.7026819,1,8.550401544412672,2.2072208778165874
2573,A_PuertoRico_8_1934_PB1_112_2045,3.7663016,2.8560462,0,2.5527971814392396,5.152696836555193
2574,A_PuertoRico_8_1934_PB1_112_2052,3.8775299,2.7433546,0,2.5527971814392396,5.152696836555193
2575,A_PuertoRico_8_1934_PB1_112_2074,3.97011,2.8187554,0,2.5527971814392396,5.152696836555193
2576,A_PuertoRico_8_1934_PB1_112_2113,4.0501823,2.8154259,0,2.5527971814392396,5.152696836555193
2577,A_PuertoRico_8_1934_PB1_112_2151,3.8150296,2.952365,0,2.5527971814392396,5.152696836555193
2578,A_PuertoRico_8_1934_PB1_112_2159,3.63496,3.0354874,0,2.5527971814392396,5.152696836555193
2579,A_PuertoRico_8_1934_PB1_112_2166,3.8098807,3.1056387,0,2.5527971814392396,5.152696836555193
2580,A_PuertoRico_8_1934_PB1_112_2200,3.7467513,2.8642888,0,2.5527971814392396,5.152696836555193
2581,A_PuertoRico_8_1934_PB1_113_168,8.48769,1.1223185,1,8.550401544412672,2.2072208778165874
2582,A_PuertoRico_8_1934_PB1_113_1897,9.351697,3.2535732,1,8.550401544412672,2.2072208778165874
2583,A_PuertoRico_8_1934_PB1_113_196,8.0654335,2.3386862,1,8.550401544412672,2.2072208778165874
2584,A_PuertoRico_8_1934_PB1_113_1995,9.599982,2.945037,1,8.550401544412672,2.2072208778165874
2585,A_PuertoRico_8_1934_PB1_113_2056,8.007281,1.8542483,1,8.550401544412672,2.2072208778165874
2586,A_PuertoRico_8_1934_PB1_113_2061,8.045188,2.4856496,1,8.550401544412672,2.2072208778165874
2587,A_PuertoRico_8_1934_PB1_113_2087,8.375029,2.9246624,1,8.550401544412672,2.2072208778165874
2588,A_PuertoRico_8_1934_PB1_113_2094,8.083178,1.9803629,1,8.550401544412672,2.2072208778165874
2589,A_PuertoRico_8_1934_PB1_113_2110,10.0815935,1.6008421,1,8.550401544412672,2.2072208778165874
2590,A_PuertoRico_8_1934_PB1_113_2129,8.209832,0.37264323,1,8.550401544412672,2.2072208778165874
2591,A_PuertoRico_8_1934_PB1_113_2132,8.164175,1.6951603,1,8.550401544412672,2.2072208778165874
2592,A_PuertoRico_8_1934_PB1_113_2137,8.337696,2.6061199,1,8.550401544412672,2.2072208778165874
2593,A_PuertoRico_8_1934_PB1_113_2141,8.1276,1.6635463,1,8.550401544412672,2.2072208778165874
2594,A_PuertoRico_8_1934_PB1_113_2143,7.74791,2.446582,1,8.550401544412672,2.2072208778165874
2595,A_PuertoRico_8_1934_PB1_113_2149,8.151553,1.5728093,1,8.550401544412672,2.2072208778165874
2596,A_PuertoRico_8_1934_PB1_113_2158,9.034284,3.214056,1,8.550401544412672,2.2072208778165874
2597,A_PuertoRico_8_1934_PB1_113_2162,8.1809845,1.644442,1,8.550401544412672,2.2072208778165874
2598,A_PuertoRico_8_1934_PB1_113_2165,9.821422,2.917486,1,8.550401544412672,2.2072208778165874
2599,A_PuertoRico_8_1934_PB1_113_2177,9.745606,3.019989,1,8.550401544412672,2.2072208778165874
2600,A_PuertoRico_8_1934_PB1_113_219,8.036645,1.888075,1,8.550401544412672,2.2072208778165874
2601,A_PuertoRico_8_1934_PB1_114_141,4.1470885,3.9962404,0,2.5527971814392396,5.152696836555193
2602,A_PuertoRico_8_1934_PB1_114_150,4.203544,3.9790196,0,2.5527971814392396,5.152696836555193
2603,A_PuertoRico_8_1934_PB1_114_172,4.168385,3.9683611,0,2.5527971814392396,5.152696836555193
2604,A_PuertoRico_8_1934_PB1_114_2017,4.0564046,3.8992121,0,2.5527971814392396,5.152696836555193
2605,A_PuertoRico_8_1934_PB1_114_2072,4.237557,3.9118884,0,2.5527971814392396,5.152696836555193
2606,A_PuertoRico_8_1934_PB1_114_2147,4.0727577,3.8855724,0,2.5527971814392396,5.152696836555193
2607,A_PuertoRico_8_1934_PB1_114_2149,8.045746,1.4691703,1,8.550401544412672,2.2072208778165874
2608,A_PuertoRico_8_1934_PB1_115_138,8.755759,2.0076358,1,8.550401544412672,2.2072208778165874
2609,A_PuertoRico_8_1934_PB1_115_140,8.98556,2.040286,1,8.550401544412672,2.2072208778165874
2610,A_PuertoRico_8_1934_PB1_115_2045,9.056379,2.2391074,1,8.550401544412672,2.2072208778165874
2611,A_PuertoRico_8_1934_PB1_115_2056,8.732414,2.2650714,1,8.550401544412672,2.2072208778165874
2612,A_PuertoRico_8_1934_PB1_115_2094,8.539629,2.091565,1,8.550401544412672,2.2072208778165874
2613,A_PuertoRico_8_1934_PB1_115_2110,10.050329,1.7745192,1,8.550401544412672,2.2072208778165874
2614,A_PuertoRico_8_1934_PB1_115_2165,9.902497,2.7810876,1,8.550401544412672,2.2072208778165874
2615,A_PuertoRico_8_1934_PB1_1163_1216,8.047147,4.8535604,-1,,
2616,A_PuertoRico_8_1934_PB1_116_169,1.0877326,4.848206,0,2.5527971814392396,5.152696836555193
2617,A_PuertoRico_8_1934_PB1_116_2114,0.42115012,4.3737097,0,2.5527971814392396,5.152696836555193
2618,A_PuertoRico_8_1934_PB1_116_2142,1.0825974,4.618544,0,2.5527971814392396,5.152696836555193
2619,A_PuertoRico_8_1934_PB1_116_2145,1.1438057,4.6224585,0,2.5527971814392396,5.152696836555193
2620,A_PuertoRico_8_1934_PB1_116_2169,4.278982,3.0962474,0,2.5527971814392396,5.152696836555193
2621,A_PuertoRico_8_1934_PB1_1171_1952,-0.042417035,5.0982456,0,2.5527971814392396,5.152696836555193
2622,A_PuertoRico_8_1934_PB1_117_1968,7.4983187,3.6952915,-1,,
2623,A_PuertoRico_8_1934_PB1_118_2113,4.354547,2.7149444,0,2.5527971814392396,5.152696836555193
2624,A_PuertoRico_8_1934_PB1_119_149,8.894525,1.1073467,1,8.550401544412672,2.2072208778165874
2625,A_PuertoRico_8_1934_PB1_119_168,8.572697,1.4305787,1,8.550401544412672,2.2072208778165874
2626,A_PuertoRico_8_1934_PB1_119_1887,8.593198,1.5947614,1,8.550401544412672,2.2072208778165874
2627,A_PuertoRico_8_1934_PB1_119_1969,8.931931,1.8088188,1,8.550401544412672,2.2072208778165874
2628,A_PuertoRico_8_1934_PB1_119_200,8.901578,1.3622116,1,8.550401544412672,2.2072208778165874
2629,A_PuertoRico_8_1934_PB1_119_2054,8.86949,1.4759276,1,8.550401544412672,2.2072208778165874
2630,A_PuertoRico_8_1934_PB1_119_2091,9.156111,1.2710553,1,8.550401544412672,2.2072208778165874
2631,A_PuertoRico_8_1934_PB1_119_2094,8.539994,1.7216244,1,8.550401544412672,2.2072208778165874
2632,A_PuertoRico_8_1934_PB1_119_2129,8.163212,0.43077186,1,8.550401544412672,2.2072208778165874
2633,A_PuertoRico_8_1934_PB1_119_2132,8.447372,1.7068994,1,8.550401544412672,2.2072208778165874
2634,A_PuertoRico_8_1934_PB1_119_2139,8.948627,1.3395973,1,8.550401544412672,2.2072208778165874
2635,A_PuertoRico_8_1934_PB1_120_1927,2.5734794,3.5330956,0,2.5527971814392396,5.152696836555193
2636,A_PuertoRico_8_1934_PB1_120_2111,3.0559998,3.5654006,0,2.5527971814392396,5.152696836555193
2637,A_PuertoRico_8_1934_PB1_120_2159,2.7989905,3.4802332,0,2.5527971814392396,5.152696836555193
2638,A_PuertoRico_8_1934_PB1_120_2181,2.8023648,3.6813316,0,2.5527971814392396,5.152696836555193
2639,A_PuertoRico_8_1934_PB1_1212_2139,9.048761,1.094855,1,8.550401544412672,2.2072208778165874
2640,A_PuertoRico_8_1934_PB1_1212_2141,8.163568,1.3104597,1,8.550401544412672,2.2072208778165874
2641,A_PuertoRico_8_1934_PB1_121_152,0.058271635,4.885191,0,2.5527971814392396,5.152696836555193
2642,A_PuertoRico_8_1934_PB1_121_2006,0.008325053,4.5599365,0,2.5527971814392396,5.152696836555193
2643,A_PuertoRico_8_1934_PB1_121_2148,3.479406,4.1170454,0,2.5527971814392396,5.152696836555193
2644,A_PuertoRico_8_1934_PB1_122_2138,2.8167973,3.6983993,0,2.5527971814392396,5.152696836555193
2645,A_PuertoRico_8_1934_PB1_122_2168,1.0141191,5.418611,0,2.5527971814392396,5.152696836555193
2646,A_PuertoRico_8_1934_PB1_123_2089,0.08331939,4.516487,0,2.5527971814392396,5.152696836555193
2647,A_PuertoRico_8_1934_PB1_1244_2084,2.5355744,4.4527245,0,2.5527971814392396,5.152696836555193
2648,A_PuertoRico_8_1934_PB1_124_165,8.080935,0.64892167,1,8.550401544412672,2.2072208778165874
2649,A_PuertoRico_8_1934_PB1_124_2109,2.2258563,4.3341894,0,2.5527971814392396,5.152696836555193
2650,A_PuertoRico_8_1934_PB1_124_2110,10.248142,1.6315007,1,8.550401544412672,2.2072208778165874
2651,A_PuertoRico_8_1934_PB1_124_2129,8.0689335,0.51999193,1,8.550401544412672,2.2072208778165874
2652,A_PuertoRico_8_1934_PB1_124_2149,8.183693,1.4618024,1,8.550401544412672,2.2072208778165874
2653,A_PuertoRico_8_1934_PB1_125_150,4.311855,3.8782125,0,2.5527971814392396,5.152696836555193
2654,A_PuertoRico_8_1934_PB1_125_2072,4.334465,3.9611738,0,2.5527971814392396,5.152696836555193
2655,A_PuertoRico_8_1934_PB1_125_208,4.199487,3.2131095,0,2.5527971814392396,5.152696836555193
2656,A_PuertoRico_8_1934_PB1_125_2080,4.298632,3.08761,0,2.5527971814392396,5.152696836555193
2657,A_PuertoRico_8_1934_PB1_126_149,9.319061,1.3032423,1,8.550401544412672,2.2072208778165874
2658,A_PuertoRico_8_1934_PB1_126_165,8.751215,1.5923147,1,8.550401544412672,2.2072208778165874
2659,A_PuertoRico_8_1934_PB1_126_1988,9.19495,2.7259803,1,8.550401544412672,2.2072208778165874
2660,A_PuertoRico_8_1934_PB1_126_200,9.23854,1.8929093,1,8.550401544412672,2.2072208778165874
2661,A_PuertoRico_8_1934_PB1_126_2016,9.082412,2.0006297,1,8.550401544412672,2.2072208778165874
2662,A_PuertoRico_8_1934_PB1_126_2061,7.965239,2.579692,1,8.550401544412672,2.2072208778165874
2663,A_PuertoRico_8_1934_PB1_126_2071,9.678496,1.7536038,1,8.550401544412672,2.2072208778165874
2664,A_PuertoRico_8_1934_PB1_126_2091,9.404105,1.4535376,1,8.550401544412672,2.2072208778165874
2665,A_PuertoRico_8_1934_PB1_126_2094,8.554751,2.0977678,1,8.550401544412672,2.2072208778165874
2666,A_PuertoRico_8_1934_PB1_126_2110,10.054295,1.6587034,1,8.550401544412672,2.2072208778165874
2667,A_PuertoRico_8_1934_PB1_126_2139,9.316797,1.7298013,1,8.550401544412672,2.2072208778165874
2668,A_PuertoRico_8_1934_PB1_126_2143,7.629537,2.4731774,1,8.550401544412672,2.2072208778165874
2669,A_PuertoRico_8_1934_PB1_126_2158,9.049953,3.1155186,1,8.550401544412672,2.2072208778165874
2670,A_PuertoRico_8_1934_PB1_126_2165,9.829488,2.812675,1,8.550401544412672,2.2072208778165874
2671,A_PuertoRico_8_1934_PB1_126_2177,9.998508,2.9502332,1,8.550401544412672,2.2072208778165874
2672,A_PuertoRico_8_1934_PB1_126_289,9.714414,1.9426545,1,8.550401544412672,2.2072208778165874
2673,A_PuertoRico_8_1934_PB1_127_169,1.0779852,4.7949853,0,2.5527971814392396,5.152696836555193
2674,A_PuertoRico_8_1934_PB1_127_2130,1.0406756,4.636902,0,2.5527971814392396,5.152696836555193
2675,A_PuertoRico_8_1934_PB1_127_2133,1.0812755,4.752463,0,2.5527971814392396,5.152696836555193
2676,A_PuertoRico_8_1934_PB1_127_2142,1.0983157,4.7088304,0,2.5527971814392396,5.152696836555193
2677,A_PuertoRico_8_1934_PB1_127_2183,0.38175792,4.7880287,0,2.5527971814392396,5.152696836555193
2678,A_PuertoRico_8_1934_PB1_128_2088,3.9420125,3.1661289,0,2.5527971814392396,5.152696836555193
2679,A_PuertoRico_8_1934_PB1_129_2110,10.144032,1.5939372,1,8.550401544412672,2.2072208778165874
2680,A_PuertoRico_8_1934_PB1_129_2135,9.734118,1.4265734,1,8.550401544412672,2.2072208778165874
2681,A_PuertoRico_8_1934_PB1_130_2110,10.255225,1.6254517,1,8.550401544412672,2.2072208778165874
2682,A_PuertoRico_8_1934_PB1_130_2129,8.037432,0.53726125,1,8.550401544412672,2.2072208778165874
2683,A_PuertoRico_8_1934_PB1_130_2149,8.144908,1.5211518,1,8.550401544412672,2.2072208778165874
2684,A_PuertoRico_8_1934_PB1_131_2149,8.190454,1.5275474,1,8.550401544412672,2.2072208778165874
2685,A_PuertoRico_8_1934_PB1_132_163,9.112752,1.9022427,1,8.550401544412672,2.2072208778165874
2686,A_PuertoRico_8_1934_PB1_132_200,9.157338,1.9196175,1,8.550401544412672,2.2072208778165874
2687,A_PuertoRico_8_1934_PB1_132_2016,9.125546,2.0577657,1,8.550401544412672,2.2072208778165874
2688,A_PuertoRico_8_1934_PB1_132_2054,9.051739,1.4647937,1,8.550401544412672,2.2072208778165874
2689,A_PuertoRico_8_1934_PB1_132_2085,8.787091,2.1771643,1,8.550401544412672,2.2072208778165874
2690,A_PuertoRico_8_1934_PB1_132_2091,9.40858,1.4507557,1,8.550401544412672,2.2072208778165874
2691,A_PuertoRico_8_1934_PB1_132_2094,8.564727,2.1322396,1,8.550401544412672,2.2072208778165874
2692,A_PuertoRico_8_1934_PB1_132_2110,10.140733,1.7061647,1,8.550401544412672,2.2072208778165874
2693,A_PuertoRico_8_1934_PB1_132_2139,9.275191,1.7402701,1,8.550401544412672,2.2072208778165874
2694,A_PuertoRico_8_1934_PB1_132_2158,9.092675,3.0998287,1,8.550401544412672,2.2072208778165874
2695,A_PuertoRico_8_1934_PB1_132_2165,9.838041,2.7816322,1,8.550401544412672,2.2072208778165874
2696,A_PuertoRico_8_1934_PB1_132_2177,10.018342,2.9668794,1,8.550401544412672,2.2072208778165874
2697,A_PuertoRico_8_1934_PB1_132_2258,9.015831,2.9887989,1,8.550401544412672,2.2072208778165874
2698,A_PuertoRico_8_1934_PB1_133_169,1.0777054,4.724441,0,2.5527971814392396,5.152696836555193
2699,A_PuertoRico_8_1934_PB1_133_176,1.1131648,4.79687,0,2.5527971814392396,5.152696836555193
2700,A_PuertoRico_8_1934_PB1_133_2050,0.636531,4.5965443,0,2.5527971814392396,5.152696836555193
2701,A_PuertoRico_8_1934_PB1_133_2130,1.0519793,4.6382008,0,2.5527971814392396,5.152696836555193
2702,A_PuertoRico_8_1934_PB1_133_2133,1.1120675,4.7251935,0,2.5527971814392396,5.152696836555193
2703,A_PuertoRico_8_1934_PB1_133_2142,1.0547022,4.687399,0,2.5527971814392396,5.152696836555193
2704,A_PuertoRico_8_1934_PB1_133_2150,1.0791245,4.6644835,0,2.5527971814392396,5.152696836555193
2705,A_PuertoRico_8_1934_PB1_136_1872,4.3506694,3.0868192,0,2.5527971814392396,5.152696836555193
2706,A_PuertoRico_8_1934_PB1_136_2014,8.895692,1.6824986,1,8.550401544412672,2.2072208778165874
2707,A_PuertoRico_8_1934_PB1_136_2049,4.436924,2.991199,0,2.5527971814392396,5.152696836555193
2708,A_PuertoRico_8_1934_PB1_136_2068,4.4696,2.9271152,0,2.5527971814392396,5.152696836555193
2709,A_PuertoRico_8_1934_PB1_136_2080,4.3339643,2.9797032,0,2.5527971814392396,5.152696836555193
2710,A_PuertoRico_8_1934_PB1_136_2099,4.004378,2.8442073,0,2.5527971814392396,5.152696836555193
2711,A_PuertoRico_8_1934_PB1_136_2113,4.4955616,2.924166,0,2.5527971814392396,5.152696836555193
2712,A_PuertoRico_8_1934_PB1_136_2166,4.0675206,3.1398044,0,2.5527971814392396,5.152696836555193
2713,A_PuertoRico_8_1934_PB1_136_2169,4.351631,3.1208754,0,2.5527971814392396,5.152696836555193
2714,A_PuertoRico_8_1934_PB1_136_2183,4.4512267,3.0255764,0,2.5527971814392396,5.152696836555193
2715,A_PuertoRico_8_1934_PB1_136_2192,4.493037,3.1419773,0,2.5527971814392396,5.152696836555193
2716,A_PuertoRico_8_1934_PB1_137_1091,8.490335,2.602201,1,8.550401544412672,2.2072208778165874
2717,A_PuertoRico_8_1934_PB1_137_1185,7.731048,2.2893777,1,8.550401544412672,2.2072208778165874
2718,A_PuertoRico_8_1934_PB1_137_165,7.973781,2.2256148,1,8.550401544412672,2.2072208778165874
2719,A_PuertoRico_8_1934_PB1_137_168,7.954966,2.070252,1,8.550401544412672,2.2072208778165874
2720,A_PuertoRico_8_1934_PB1_137_1858,7.888161,2.3057184,1,8.550401544412672,2.2072208778165874
2721,A_PuertoRico_8_1934_PB1_137_1928,7.8282337,2.2494068,1,8.550401544412672,2.2072208778165874
2722,A_PuertoRico_8_1934_PB1_137_1949,7.866177,2.2239013,1,8.550401544412672,2.2072208778165874
2723,A_PuertoRico_8_1934_PB1_137_196,7.977625,2.357126,1,8.550401544412672,2.2072208778165874
2724,A_PuertoRico_8_1934_PB1_137_1971,8.639398,2.8316398,1,8.550401544412672,2.2072208778165874
2725,A_PuertoRico_8_1934_PB1_137_1988,8.851022,2.9462297,1,8.550401544412672,2.2072208778165874
2726,A_PuertoRico_8_1934_PB1_137_1995,9.273254,2.9545064,1,8.550401544412672,2.2072208778165874
2727,A_PuertoRico_8_1934_PB1_137_2011,7.8031483,2.2363784,1,8.550401544412672,2.2072208778165874
2728,A_PuertoRico_8_1934_PB1_137_2030,7.804338,2.3283265,1,8.550401544412672,2.2072208778165874
2729,A_PuertoRico_8_1934_PB1_137_2037,8.692867,3.0299594,1,8.550401544412672,2.2072208778165874
2730,A_PuertoRico_8_1934_PB1_137_2041,8.41964,2.7538407,1,8.550401544412672,2.2072208778165874
2731,A_PuertoRico_8_1934_PB1_137_2045,8.399064,2.4715238,1,8.550401544412672,2.2072208778165874
2732,A_PuertoRico_8_1934_PB1_137_2056,7.977357,2.1548147,1,8.550401544412672,2.2072208778165874
2733,A_PuertoRico_8_1934_PB1_137_2061,7.896281,2.4704514,1,8.550401544412672,2.2072208778165874
2734,A_PuertoRico_8_1934_PB1_137_2079,8.428165,2.831429,1,8.550401544412672,2.2072208778165874
2735,A_PuertoRico_8_1934_PB1_137_2085,7.986716,2.2130895,1,8.550401544412672,2.2072208778165874
2736,A_PuertoRico_8_1934_PB1_137_2087,8.4224825,2.9063702,1,8.550401544412672,2.2072208778165874
2737,A_PuertoRico_8_1934_PB1_137_2094,7.93369,2.030474,1,8.550401544412672,2.2072208778165874
2738,A_PuertoRico_8_1934_PB1_137_2105,8.054684,2.1432626,1,8.550401544412672,2.2072208778165874
2739,A_PuertoRico_8_1934_PB1_137_2110,10.159109,1.5960381,1,8.550401544412672,2.2072208778165874
2740,A_PuertoRico_8_1934_PB1_137_2115,7.8709207,2.5279765,1,8.550401544412672,2.2072208778165874
2741,A_PuertoRico_8_1934_PB1_137_2118,7.7982974,2.3142157,1,8.550401544412672,2.2072208778165874
2742,A_PuertoRico_8_1934_PB1_137_2129,8.105957,0.34250838,1,8.550401544412672,2.2072208778165874
2743,A_PuertoRico_8_1934_PB1_137_2132,8.072668,1.958762,1,8.550401544412672,2.2072208778165874
2744,A_PuertoRico_8_1934_PB1_137_2137,8.291883,2.6774147,1,8.550401544412672,2.2072208778165874
2745,A_PuertoRico_8_1934_PB1_137_2141,7.970201,1.9680429,1,8.550401544412672,2.2072208778165874
2746,A_PuertoRico_8_1934_PB1_137_2143,7.8082213,2.4753132,1,8.550401544412672,2.2072208778165874
2747,A_PuertoRico_8_1934_PB1_137_2144,7.7352324,2.1647754,1,8.550401544412672,2.2072208778165874
2748,A_PuertoRico_8_1934_PB1_137_2149,8.03422,1.6867254,1,8.550401544412672,2.2072208778165874
2749,A_PuertoRico_8_1934_PB1_137_2158,8.976713,3.1140416,1,8.550401544412672,2.2072208778165874
2750,A_PuertoRico_8_1934_PB1_137_2162,8.212176,2.0518773,1,8.550401544412672,2.2072208778165874
2751,A_PuertoRico_8_1934_PB1_137_2165,9.82779,2.896003,1,8.550401544412672,2.2072208778165874
2752,A_PuertoRico_8_1934_PB1_137_2177,9.7612915,3.0297961,1,8.550401544412672,2.2072208778165874
2753,A_PuertoRico_8_1934_PB1_137_224,8.056582,2.3588402,1,8.550401544412672,2.2072208778165874
2754,A_PuertoRico_8_1934_PB1_137_254,7.8712993,2.3119898,1,8.550401544412672,2.2072208778165874
2755,A_PuertoRico_8_1934_PB1_137_262,7.9153404,2.118666,1,8.550401544412672,2.2072208778165874
2756,A_PuertoRico_8_1934_PB1_137_329,8.672473,2.4949782,1,8.550401544412672,2.2072208778165874
2757,A_PuertoRico_8_1934_PB1_138_172,4.275663,3.9064448,0,2.5527971814392396,5.152696836555193
2758,A_PuertoRico_8_1934_PB1_138_201,4.2863765,3.876978,0,2.5527971814392396,5.152696836555193
2759,A_PuertoRico_8_1934_PB1_138_2072,4.291619,3.8629744,0,2.5527971814392396,5.152696836555193
2760,A_PuertoRico_8_1934_PB1_138_2080,4.205383,3.194906,0,2.5527971814392396,5.152696836555193
2761,A_PuertoRico_8_1934_PB1_138_2092,4.3088236,3.9230676,0,2.5527971814392396,5.152696836555193
2762,A_PuertoRico_8_1934_PB1_138_2108,4.305079,3.2253742,0,2.5527971814392396,5.152696836555193
2763,A_PuertoRico_8_1934_PB1_138_2169,4.2971644,3.1135254,0,2.5527971814392396,5.152696836555193
2764,A_PuertoRico_8_1934_PB1_138_2204,4.3385243,3.6555133,0,2.5527971814392396,5.152696836555193
2765,A_PuertoRico_8_1934_PB1_139_165,8.387905,1.0566866,1,8.550401544412672,2.2072208778165874
2766,A_PuertoRico_8_1934_PB1_139_168,8.37688,1.4161549,1,8.550401544412672,2.2072208778165874
2767,A_PuertoRico_8_1934_PB1_139_1971,9.405826,2.6264696,1,8.550401544412672,2.2072208778165874
2768,A_PuertoRico_8_1934_PB1_139_2056,8.326534,2.091724,1,8.550401544412672,2.2072208778165874
2769,A_PuertoRico_8_1934_PB1_139_2061,7.9008036,2.734843,1,8.550401544412672,2.2072208778165874
2770,A_PuertoRico_8_1934_PB1_139_2085,8.102641,2.7638977,1,8.550401544412672,2.2072208778165874
2771,A_PuertoRico_8_1934_PB1_139_2110,10.154105,1.6548741,1,8.550401544412672,2.2072208778165874
2772,A_PuertoRico_8_1934_PB1_139_2129,8.183335,0.43369228,1,8.550401544412672,2.2072208778165874
2773,A_PuertoRico_8_1934_PB1_139_2141,8.230296,1.5820777,1,8.550401544412672,2.2072208778165874
2774,A_PuertoRico_8_1934_PB1_139_2158,9.109607,3.1130226,1,8.550401544412672,2.2072208778165874
2775,A_PuertoRico_8_1934_PB1_139_2165,9.899637,2.8208575,1,8.550401544412672,2.2072208778165874
2776,A_PuertoRico_8_1934_PB1_139_2177,9.911703,2.9418964,1,8.550401544412672,2.2072208778165874
2777,A_PuertoRico_8_1934_PB1_139_224,8.520156,2.395256,1,8.550401544412672,2.2072208778165874
2778,A_PuertoRico_8_1934_PB1_140_164,3.9327452,3.9866898,0,2.5527971814392396,5.152696836555193
2779,A_PuertoRico_8_1934_PB1_140_172,3.949874,4.0724444,0,2.5527971814392396,5.152696836555193
2780,A_PuertoRico_8_1934_PB1_140_2015,3.8455489,4.043889,0,2.5527971814392396,5.152696836555193
2781,A_PuertoRico_8_1934_PB1_140_2017,3.9470687,3.9913316,0,2.5527971814392396,5.152696836555193
2782,A_PuertoRico_8_1934_PB1_140_2072,4.17846,3.8657806,0,2.5527971814392396,5.152696836555193
2783,A_PuertoRico_8_1934_PB1_140_2140,3.9852793,4.0036464,0,2.5527971814392396,5.152696836555193
2784,A_PuertoRico_8_1934_PB1_140_2143,7.4471517,2.5891926,1,8.550401544412672,2.2072208778165874
2785,A_PuertoRico_8_1934_PB1_140_2166,3.921628,3.3934884,0,2.5527971814392396,5.152696836555193
2786,A_PuertoRico_8_1934_PB1_141_2074,4.2776704,2.7303083,0,2.5527971814392396,5.152696836555193
2787,A_PuertoRico_8_1934_PB1_141_2080,4.293907,2.8912897,0,2.5527971814392396,5.152696836555193
2788,A_PuertoRico_8_1934_PB1_141_2166,4.024957,3.153635,0,2.5527971814392396,5.152696836555193
2789,A_PuertoRico_8_1934_PB1_142_168,8.615821,1.4272412,1,8.550401544412672,2.2072208778165874
2790,A_PuertoRico_8_1934_PB1_142_2054,8.970577,1.4978383,1,8.550401544412672,2.2072208778165874
2791,A_PuertoRico_8_1934_PB1_142_2056,8.661197,2.0744417,1,8.550401544412672,2.2072208778165874
2792,A_PuertoRico_8_1934_PB1_142_2071,9.471979,1.7181909,1,8.550401544412672,2.2072208778165874
2793,A_PuertoRico_8_1934_PB1_142_2083,8.7681,1.5474062,1,8.550401544412672,2.2072208778165874
2794,A_PuertoRico_8_1934_PB1_142_2094,8.634945,1.7864323,1,8.550401544412672,2.2072208778165874
2795,A_PuertoRico_8_1934_PB1_142_2105,8.749148,1.8511041,1,8.550401544412672,2.2072208778165874
2796,A_PuertoRico_8_1934_PB1_142_2128,3.0220995,4.2027082,0,2.5527971814392396,5.152696836555193
2797,A_PuertoRico_8_1934_PB1_142_2129,8.168241,0.4211029,1,8.550401544412672,2.2072208778165874
2798,A_PuertoRico_8_1934_PB1_142_2139,9.078943,1.5982906,1,8.550401544412672,2.2072208778165874
2799,A_PuertoRico_8_1934_PB1_143_166,2.8946593,4.007122,0,2.5527971814392396,5.152696836555193
2800,A_PuertoRico_8_1934_PB1_143_174,2.8420455,4.1934342,0,2.5527971814392396,5.152696836555193
2801,A_PuertoRico_8_1934_PB1_143_2090,2.5713265,4.171314,0,2.5527971814392396,5.152696836555193
2802,A_PuertoRico_8_1934_PB1_143_2109,2.3985376,4.2251477,0,2.5527971814392396,5.152696836555193
2803,A_PuertoRico_8_1934_PB1_143_2111,3.0554037,3.58382,0,2.5527971814392396,5.152696836555193
2804,A_PuertoRico_8_1934_PB1_143_2128,2.8317547,4.265655,0,2.5527971814392396,5.152696836555193
2805,A_PuertoRico_8_1934_PB1_143_2159,2.6903288,3.8965049,0,2.5527971814392396,5.152696836555193
2806,A_PuertoRico_8_1934_PB1_143_2164,2.4691248,4.499996,0,2.5527971814392396,5.152696836555193
2807,A_PuertoRico_8_1934_PB1_144_1945,0.092559665,4.687018,0,2.5527971814392396,5.152696836555193
2808,A_PuertoRico_8_1934_PB1_144_2050,0.24654996,4.5922875,0,2.5527971814392396,5.152696836555193
2809,A_PuertoRico_8_1934_PB1_144_2075,0.21518321,4.627595,0,2.5527971814392396,5.152696836555193
2810,A_PuertoRico_8_1934_PB1_144_2103,-0.08208974,4.7609563,0,2.5527971814392396,5.152696836555193
2811,A_PuertoRico_8_1934_PB1_144_2114,0.22175772,4.6108007,0,2.5527971814392396,5.152696836555193
2812,A_PuertoRico_8_1934_PB1_144_272,0.03723977,4.698767,0,2.5527971814392396,5.152696836555193
2813,A_PuertoRico_8_1934_PB1_145_2080,3.7052393,3.1926317,0,2.5527971814392396,5.152696836555193
2814,A_PuertoRico_8_1934_PB1_145_2103,-0.28826225,4.861371,0,2.5527971814392396,5.152696836555193
2815,A_PuertoRico_8_1934_PB1_145_2166,3.657696,3.167242,0,2.5527971814392396,5.152696836555193
2816,A_PuertoRico_8_1934_PB1_145_2168,1.048984,5.4400535,0,2.5527971814392396,5.152696836555193
2817,A_PuertoRico_8_1934_PB1_145_2170,-0.40220997,4.943298,0,2.5527971814392396,5.152696836555193
2818,A_PuertoRico_8_1934_PB1_146_1477,8.402688,2.8188725,1,8.550401544412672,2.2072208778165874
2819,A_PuertoRico_8_1934_PB1_146_168,8.464725,1.1613152,1,8.550401544412672,2.2072208778165874
2820,A_PuertoRico_8_1934_PB1_146_2054,8.936303,1.2348565,1,8.550401544412672,2.2072208778165874
2821,A_PuertoRico_8_1934_PB1_146_2056,8.209987,2.6302612,1,8.550401544412672,2.2072208778165874
2822,A_PuertoRico_8_1934_PB1_146_2129,8.194085,0.41133,1,8.550401544412672,2.2072208778165874
2823,A_PuertoRico_8_1934_PB1_1476_2091,9.307366,1.2695781,1,8.550401544412672,2.2072208778165874
2824,A_PuertoRico_8_1934_PB1_147_1962,4.0411925,2.9557738,0,2.5527971814392396,5.152696836555193
2825,A_PuertoRico_8_1934_PB1_147_2025,3.9292533,2.999519,0,2.5527971814392396,5.152696836555193
2826,A_PuertoRico_8_1934_PB1_147_2074,4.0941334,2.7847872,0,2.5527971814392396,5.152696836555193
2827,A_PuertoRico_8_1934_PB1_147_2080,4.078494,2.9136224,0,2.5527971814392396,5.152696836555193
2828,A_PuertoRico_8_1934_PB1_147_2102,4.10082,2.6979756,0,2.5527971814392396,5.152696836555193
2829,A_PuertoRico_8_1934_PB1_147_2111,3.503569,3.3885608,0,2.5527971814392396,5.152696836555193
2830,A_PuertoRico_8_1934_PB1_147_2113,4.152276,2.838459,0,2.5527971814392396,5.152696836555193
2831,A_PuertoRico_8_1934_PB1_147_2166,3.8302064,3.1553524,0,2.5527971814392396,5.152696836555193
2832,A_PuertoRico_8_1934_PB1_147_2169,4.166669,3.0913777,0,2.5527971814392396,5.152696836555193
2833,A_PuertoRico_8_1934_PB1_147_2178,3.5729268,3.062925,0,2.5527971814392396,5.152696836555193
2834,A_PuertoRico_8_1934_PB1_148_175,8.118732,2.3521044,1,8.550401544412672,2.2072208778165874
2835,A_PuertoRico_8_1934_PB1_148_178,8.231163,2.3575683,1,8.550401544412672,2.2072208778165874
2836,A_PuertoRico_8_1934_PB1_148_185,8.330574,2.3749716,1,8.550401544412672,2.2072208778165874
2837,A_PuertoRico_8_1934_PB1_148_1897,9.235218,3.4328055,1,8.550401544412672,2.2072208778165874
2838,A_PuertoRico_8_1934_PB1_148_196,8.112672,2.3346353,1,8.550401544412672,2.2072208778165874
2839,A_PuertoRico_8_1934_PB1_148_1988,8.939251,2.9335825,1,8.550401544412672,2.2072208778165874
2840,A_PuertoRico_8_1934_PB1_148_1992,8.28219,2.309873,1,8.550401544412672,2.2072208778165874
2841,A_PuertoRico_8_1934_PB1_148_1995,9.619916,2.995001,1,8.550401544412672,2.2072208778165874
2842,A_PuertoRico_8_1934_PB1_148_2037,8.656543,3.1183496,1,8.550401544412672,2.2072208778165874
2843,A_PuertoRico_8_1934_PB1_148_2056,8.064698,2.1059716,1,8.550401544412672,2.2072208778165874
2844,A_PuertoRico_8_1934_PB1_148_2061,8.047413,2.4912522,1,8.550401544412672,2.2072208778165874
2845,A_PuertoRico_8_1934_PB1_148_2085,8.081033,2.2505538,1,8.550401544412672,2.2072208778165874
2846,A_PuertoRico_8_1934_PB1_148_2086,7.97548,2.3346095,1,8.550401544412672,2.2072208778165874
2847,A_PuertoRico_8_1934_PB1_148_2094,7.929255,1.9139327,1,8.550401544412672,2.2072208778165874
2848,A_PuertoRico_8_1934_PB1_148_2105,8.149485,2.0917447,1,8.550401544412672,2.2072208778165874
2849,A_PuertoRico_8_1934_PB1_148_2110,10.154422,1.6233461,1,8.550401544412672,2.2072208778165874
2850,A_PuertoRico_8_1934_PB1_148_2115,8.03263,2.5380974,1,8.550401544412672,2.2072208778165874
2851,A_PuertoRico_8_1934_PB1_148_2129,8.074778,0.31957486,1,8.550401544412672,2.2072208778165874
2852,A_PuertoRico_8_1934_PB1_148_2132,8.175263,1.9781356,1,8.550401544412672,2.2072208778165874
2853,A_PuertoRico_8_1934_PB1_148_2137,8.363808,2.7495215,1,8.550401544412672,2.2072208778165874
2854,A_PuertoRico_8_1934_PB1_148_2141,8.005994,1.9860184,1,8.550401544412672,2.2072208778165874
2855,A_PuertoRico_8_1934_PB1_148_2149,8.070412,1.6509582,1,8.550401544412672,2.2072208778165874
2856,A_PuertoRico_8_1934_PB1_148_2158,8.987332,3.211092,1,8.550401544412672,2.2072208778165874
2857,A_PuertoRico_8_1934_PB1_148_2165,9.866464,2.931708,1,8.550401544412672,2.2072208778165874
2858,A_PuertoRico_8_1934_PB1_148_2177,9.856548,2.9986756,1,8.550401544412672,2.2072208778165874
2859,A_PuertoRico_8_1934_PB1_148_270,9.068939,3.3100548,1,8.550401544412672,2.2072208778165874
2860,A_PuertoRico_8_1934_PB1_148_280,8.353719,2.181634,1,8.550401544412672,2.2072208778165874
2861,A_PuertoRico_8_1934_PB1_149_201,4.186781,3.9665382,0,2.5527971814392396,5.152696836555193
2862,A_PuertoRico_8_1934_PB1_149_2015,3.9077346,4.053593,0,2.5527971814392396,5.152696836555193
2863,A_PuertoRico_8_1934_PB1_149_2055,3.9069474,4.071507,0,2.5527971814392396,5.152696836555193
2864,A_PuertoRico_8_1934_PB1_149_2092,4.1721535,3.963812,0,2.5527971814392396,5.152696836555193
2865,A_PuertoRico_8_1934_PB1_149_2140,4.0301185,4.015329,0,2.5527971814392396,5.152696836555193
2866,A_PuertoRico_8_1934_PB1_149_215,4.1691046,4.036539,0,2.5527971814392396,5.152696836555193
2867,A_PuertoRico_8_1934_PB1_150_173,2.4364746,3.797214,0,2.5527971814392396,5.152696836555193
2868,A_PuertoRico_8_1934_PB1_150_1857,2.3254297,4.0099535,0,2.5527971814392396,5.152696836555193
2869,A_PuertoRico_8_1934_PB1_150_2018,2.4960687,3.5939925,0,2.5527971814392396,5.152696836555193
2870,A_PuertoRico_8_1934_PB1_150_2073,2.3522038,3.907947,0,2.5527971814392396,5.152696836555193
2871,A_PuertoRico_8_1934_PB1_151_2075,0.2899313,4.4422255,0,2.5527971814392396,5.152696836555193
2872,A_PuertoRico_8_1934_PB1_151_2100,-0.19436005,4.6996555,0,2.5527971814392396,5.152696836555193
2873,A_PuertoRico_8_1934_PB1_151_2114,0.27092117,4.3926787,0,2.5527971814392396,5.152696836555193
2874,A_PuertoRico_8_1934_PB1_151_2142,0.929856,4.579996,0,2.5527971814392396,5.152696836555193
2875,A_PuertoRico_8_1934_PB1_152_2049,4.349773,2.7773137,0,2.5527971814392396,5.152696836555193
2876,A_PuertoRico_8_1934_PB1_152_2070,2.5344996,4.219628,0,2.5527971814392396,5.152696836555193
2877,A_PuertoRico_8_1934_PB1_152_2112,2.3420696,4.1956053,0,2.5527971814392396,5.152696836555193
2878,A_PuertoRico_8_1934_PB1_152_2114,0.5753079,4.3300643,0,2.5527971814392396,5.152696836555193
2879,A_PuertoRico_8_1934_PB1_153_2184,4.283834,7.0613756,0,2.5527971814392396,5.152696836555193
2880,A_PuertoRico_8_1934_PB1_154_2016,9.204895,1.9514055,1,8.550401544412672,2.2072208778165874
2881,A_PuertoRico_8_1934_PB1_154_2065,8.523253,1.2384359,1,8.550401544412672,2.2072208778165874
2882,A_PuertoRico_8_1934_PB1_154_2071,9.729218,1.6125997,1,8.550401544412672,2.2072208778165874
2883,A_PuertoRico_8_1934_PB1_154_2091,9.45943,1.3972155,1,8.550401544412672,2.2072208778165874
2884,A_PuertoRico_8_1934_PB1_154_2110,10.091422,1.5874875,1,8.550401544412672,2.2072208778165874
2885,A_PuertoRico_8_1934_PB1_154_2129,8.272773,0.45300078,1,8.550401544412672,2.2072208778165874
2886,A_PuertoRico_8_1934_PB1_154_2139,9.286926,1.4025363,1,8.550401544412672,2.2072208778165874
2887,A_PuertoRico_8_1934_PB1_154_2141,8.352922,1.3138193,1,8.550401544412672,2.2072208778165874
2888,A_PuertoRico_8_1934_PB1_154_2165,9.854569,2.762872,1,8.550401544412672,2.2072208778165874
2889,A_PuertoRico_8_1934_PB1_154_2177,9.978498,2.9231246,1,8.550401544412672,2.2072208778165874
2890,A_PuertoRico_8_1934_PB1_155_2062,6.834851,3.1994698,1,8.550401544412672,2.2072208778165874
2891,A_PuertoRico_8_1934_PB1_155_2086,6.9079995,3.0788262,1,8.550401544412672,2.2072208778165874
2892,A_PuertoRico_8_1934_PB1_155_2116,6.965922,3.039978,1,8.550401544412672,2.2072208778165874
2893,A_PuertoRico_8_1934_PB1_156_1908,3.937847,2.687131,0,2.5527971814392396,5.152696836555193
2894,A_PuertoRico_8_1934_PB1_156_2099,4.0036607,2.8940582,0,2.5527971814392396,5.152696836555193
2895,A_PuertoRico_8_1934_PB1_156_2113,4.3030114,2.756962,0,2.5527971814392396,5.152696836555193
2896,A_PuertoRico_8_1934_PB1_156_2166,3.961204,3.267412,0,2.5527971814392396,5.152696836555193
2897,A_PuertoRico_8_1934_PB1_156_2178,3.8758268,3.2852683,0,2.5527971814392396,5.152696836555193
2898,A_PuertoRico_8_1934_PB1_156_2204,4.2818136,3.6646087,0,2.5527971814392396,5.152696836555193
2899,A_PuertoRico_8_1934_PB1_157_1942,8.08543,2.8847506,1,8.550401544412672,2.2072208778165874
2900,A_PuertoRico_8_1934_PB1_157_1958,9.449874,2.9864252,1,8.550401544412672,2.2072208778165874
2901,A_PuertoRico_8_1934_PB1_157_1995,9.6299,2.8730512,1,8.550401544412672,2.2072208778165874
2902,A_PuertoRico_8_1934_PB1_157_200,9.226571,2.0724776,1,8.550401544412672,2.2072208778165874
2903,A_PuertoRico_8_1934_PB1_157_2037,8.847533,2.9932423,1,8.550401544412672,2.2072208778165874
2904,A_PuertoRico_8_1934_PB1_157_2054,9.090691,1.5210752,1,8.550401544412672,2.2072208778165874
2905,A_PuertoRico_8_1934_PB1_157_2056,8.747821,2.3305273,1,8.550401544412672,2.2072208778165874
2906,A_PuertoRico_8_1934_PB1_157_2061,8.231817,2.6139042,1,8.550401544412672,2.2072208778165874
2907,A_PuertoRico_8_1934_PB1_157_2071,9.705561,1.7250655,1,8.550401544412672,2.2072208778165874
2908,A_PuertoRico_8_1934_PB1_157_2079,9.227616,2.7115576,1,8.550401544412672,2.2072208778165874
2909,A_PuertoRico_8_1934_PB1_157_2085,8.807259,2.1940727,1,8.550401544412672,2.2072208778165874
2910,A_PuertoRico_8_1934_PB1_157_2091,9.452654,1.5733732,1,8.550401544412672,2.2072208778165874
2911,A_PuertoRico_8_1934_PB1_157_2110,10.066108,1.6878477,1,8.550401544412672,2.2072208778165874
2912,A_PuertoRico_8_1934_PB1_157_2137,8.576832,2.591666,1,8.550401544412672,2.2072208778165874
2913,A_PuertoRico_8_1934_PB1_157_2139,9.261882,1.7124211,1,8.550401544412672,2.2072208778165874
2914,A_PuertoRico_8_1934_PB1_157_2146,9.065982,1.624531,1,8.550401544412672,2.2072208778165874
2915,A_PuertoRico_8_1934_PB1_157_2158,9.049512,3.0570211,1,8.550401544412672,2.2072208778165874
2916,A_PuertoRico_8_1934_PB1_157_2165,9.828805,2.8118098,1,8.550401544412672,2.2072208778165874
2917,A_PuertoRico_8_1934_PB1_157_2177,9.985806,2.9570167,1,8.550401544412672,2.2072208778165874
2918,A_PuertoRico_8_1934_PB1_157_224,8.650259,2.47335,1,8.550401544412672,2.2072208778165874
2919,A_PuertoRico_8_1934_PB1_1584_1630,8.263695,2.469,1,8.550401544412672,2.2072208778165874
2920,A_PuertoRico_8_1934_PB1_1584_1971,9.284627,2.6890957,1,8.550401544412672,2.2072208778165874
2921,A_PuertoRico_8_1934_PB1_158_1777,1.1651403,4.647817,0,2.5527971814392396,5.152696836555193
2922,A_PuertoRico_8_1934_PB1_158_2130,1.0474689,4.620449,0,2.5527971814392396,5.152696836555193
2923,A_PuertoRico_8_1934_PB1_158_2142,1.0679471,4.690119,0,2.5527971814392396,5.152696836555193
2924,A_PuertoRico_8_1934_PB1_158_2150,1.0664225,4.6797724,0,2.5527971814392396,5.152696836555193
2925,A_PuertoRico_8_1934_PB1_1596_1649,3.5048761,2.267379,0,2.5527971814392396,5.152696836555193
2926,A_PuertoRico_8_1934_PB1_159_2141,8.140421,1.5488365,1,8.550401544412672,2.2072208778165874
2927,A_PuertoRico_8_1934_PB1_160_2110,10.226255,1.6274902,1,8.550401544412672,2.2072208778165874
2928,A_PuertoRico_8_1934_PB1_160_2129,8.037154,0.4824296,1,8.550401544412672,2.2072208778165874
2929,A_PuertoRico_8_1934_PB1_160_2172,8.675196,3.0228002,1,8.550401544412672,2.2072208778165874
2930,A_PuertoRico_8_1934_PB1_161_2057,4.902156,3.2106767,-1,,
2931,A_PuertoRico_8_1934_PB1_161_2072,4.4010267,3.9763901,0,2.5527971814392396,5.152696836555193
2932,A_PuertoRico_8_1934_PB1_161_2074,4.4120884,2.8254125,0,2.5527971814392396,5.152696836555193
2933,A_PuertoRico_8_1934_PB1_161_2080,4.44849,3.0502937,0,2.5527971814392396,5.152696836555193
2934,A_PuertoRico_8_1934_PB1_161_2092,4.2656,4.057948,0,2.5527971814392396,5.152696836555193
2935,A_PuertoRico_8_1934_PB1_161_2102,4.2467256,2.571199,0,2.5527971814392396,5.152696836555193
2936,A_PuertoRico_8_1934_PB1_161_2166,4.0909667,3.2105136,0,2.5527971814392396,5.152696836555193
2937,A_PuertoRico_8_1934_PB1_162_1928,7.937798,2.418744,1,8.550401544412672,2.2072208778165874
2938,A_PuertoRico_8_1934_PB1_162_1958,9.421987,3.1054258,1,8.550401544412672,2.2072208778165874
2939,A_PuertoRico_8_1934_PB1_162_1971,8.849268,2.744572,1,8.550401544412672,2.2072208778165874
2940,A_PuertoRico_8_1934_PB1_162_1983,7.699864,2.5513756,1,8.550401544412672,2.2072208778165874
2941,A_PuertoRico_8_1934_PB1_162_1988,9.004236,2.9005334,1,8.550401544412672,2.2072208778165874
2942,A_PuertoRico_8_1934_PB1_162_1995,9.511518,2.9900289,1,8.550401544412672,2.2072208778165874
2943,A_PuertoRico_8_1934_PB1_162_2011,7.782406,2.2580044,1,8.550401544412672,2.2072208778165874
2944,A_PuertoRico_8_1934_PB1_162_2035,7.9056,2.4540944,1,8.550401544412672,2.2072208778165874
2945,A_PuertoRico_8_1934_PB1_162_2037,8.68747,3.0912762,1,8.550401544412672,2.2072208778165874
2946,A_PuertoRico_8_1934_PB1_162_2056,8.016627,2.2840471,1,8.550401544412672,2.2072208778165874
2947,A_PuertoRico_8_1934_PB1_162_2061,7.966108,2.435559,1,8.550401544412672,2.2072208778165874
2948,A_PuertoRico_8_1934_PB1_162_2063,7.8273077,2.55352,1,8.550401544412672,2.2072208778165874
2949,A_PuertoRico_8_1934_PB1_162_2065,7.9863534,2.6171215,1,8.550401544412672,2.2072208778165874
2950,A_PuertoRico_8_1934_PB1_162_2085,8.074893,2.2172222,1,8.550401544412672,2.2072208778165874
2951,A_PuertoRico_8_1934_PB1_162_2087,8.440005,2.9652665,1,8.550401544412672,2.2072208778165874
2952,A_PuertoRico_8_1934_PB1_162_2094,8.029527,2.1190577,1,8.550401544412672,2.2072208778165874
2953,A_PuertoRico_8_1934_PB1_162_2096,8.208945,2.8906736,1,8.550401544412672,2.2072208778165874
2954,A_PuertoRico_8_1934_PB1_162_2105,8.065481,2.1170835,1,8.550401544412672,2.2072208778165874
2955,A_PuertoRico_8_1934_PB1_162_2110,10.138963,1.5684412,1,8.550401544412672,2.2072208778165874
2956,A_PuertoRico_8_1934_PB1_162_2115,7.8693976,2.4019847,1,8.550401544412672,2.2072208778165874
2957,A_PuertoRico_8_1934_PB1_162_2129,8.133501,0.32319242,1,8.550401544412672,2.2072208778165874
2958,A_PuertoRico_8_1934_PB1_162_2132,8.217622,1.8918562,1,8.550401544412672,2.2072208778165874
2959,A_PuertoRico_8_1934_PB1_162_2141,7.965696,1.8734676,1,8.550401544412672,2.2072208778165874
2960,A_PuertoRico_8_1934_PB1_162_2143,7.7801123,2.5227802,1,8.550401544412672,2.2072208778165874
2961,A_PuertoRico_8_1934_PB1_162_2149,8.109673,1.7382449,1,8.550401544412672,2.2072208778165874
2962,A_PuertoRico_8_1934_PB1_162_2158,8.988995,3.1365044,1,8.550401544412672,2.2072208778165874
2963,A_PuertoRico_8_1934_PB1_162_2165,9.8666115,2.8602815,1,8.550401544412672,2.2072208778165874
2964,A_PuertoRico_8_1934_PB1_162_2177,9.871999,2.9757547,1,8.550401544412672,2.2072208778165874
2965,A_PuertoRico_8_1934_PB1_162_2186,7.9492006,1.9422382,1,8.550401544412672,2.2072208778165874
2966,A_PuertoRico_8_1934_PB1_162_2230,8.042509,2.4870162,1,8.550401544412672,2.2072208778165874
2967,A_PuertoRico_8_1934_PB1_163_201,4.3021975,3.8617306,0,2.5527971814392396,5.152696836555193
2968,A_PuertoRico_8_1934_PB1_163_2017,4.1632485,3.8946903,0,2.5527971814392396,5.152696836555193
2969,A_PuertoRico_8_1934_PB1_163_2020,4.428401,3.9945495,0,2.5527971814392396,5.152696836555193
2970,A_PuertoRico_8_1934_PB1_163_2072,4.3265715,3.8717813,0,2.5527971814392396,5.152696836555193
2971,A_PuertoRico_8_1934_PB1_163_2074,4.191596,2.8446991,0,2.5527971814392396,5.152696836555193
2972,A_PuertoRico_8_1934_PB1_163_2080,4.20787,3.1000082,0,2.5527971814392396,5.152696836555193
2973,A_PuertoRico_8_1934_PB1_163_2092,4.2778134,3.901563,0,2.5527971814392396,5.152696836555193
2974,A_PuertoRico_8_1934_PB1_163_2099,4.2343903,2.987405,0,2.5527971814392396,5.152696836555193
2975,A_PuertoRico_8_1934_PB1_163_2113,4.307093,2.9565728,0,2.5527971814392396,5.152696836555193
2976,A_PuertoRico_8_1934_PB1_163_2166,4.0644083,3.273791,0,2.5527971814392396,5.152696836555193
2977,A_PuertoRico_8_1934_PB1_163_2197,4.239113,3.043166,0,2.5527971814392396,5.152696836555193
2978,A_PuertoRico_8_1934_PB1_163_2204,4.353295,3.7144446,0,2.5527971814392396,5.152696836555193
2979,A_PuertoRico_8_1934_PB1_164_1949,8.643103,2.1050751,1,8.550401544412672,2.2072208778165874
2980,A_PuertoRico_8_1934_PB1_164_1978,8.67786,2.129642,1,8.550401544412672,2.2072208778165874
2981,A_PuertoRico_8_1934_PB1_164_200,8.772572,1.9275275,1,8.550401544412672,2.2072208778165874
2982,A_PuertoRico_8_1934_PB1_164_2014,8.913332,1.8484498,1,8.550401544412672,2.2072208778165874
2983,A_PuertoRico_8_1934_PB1_164_2016,8.901943,1.9324052,1,8.550401544412672,2.2072208778165874
2984,A_PuertoRico_8_1934_PB1_164_202,8.517456,2.1951852,1,8.550401544412672,2.2072208778165874
2985,A_PuertoRico_8_1934_PB1_164_2054,8.939514,1.6412785,1,8.550401544412672,2.2072208778165874
2986,A_PuertoRico_8_1934_PB1_164_2056,8.575213,2.0384195,1,8.550401544412672,2.2072208778165874
2987,A_PuertoRico_8_1934_PB1_164_2061,8.162452,2.4980822,1,8.550401544412672,2.2072208778165874
2988,A_PuertoRico_8_1934_PB1_164_2063,8.393196,2.1722627,1,8.550401544412672,2.2072208778165874
2989,A_PuertoRico_8_1934_PB1_164_2071,9.39491,1.603955,1,8.550401544412672,2.2072208778165874
2990,A_PuertoRico_8_1934_PB1_164_2077,8.572979,1.9469984,1,8.550401544412672,2.2072208778165874
2991,A_PuertoRico_8_1934_PB1_164_2082,8.576093,2.3143857,1,8.550401544412672,2.2072208778165874
2992,A_PuertoRico_8_1934_PB1_164_2085,8.535475,2.059559,1,8.550401544412672,2.2072208778165874
2993,A_PuertoRico_8_1934_PB1_164_2091,9.304731,1.4584961,1,8.550401544412672,2.2072208778165874
2994,A_PuertoRico_8_1934_PB1_164_2094,8.539525,2.0804076,1,8.550401544412672,2.2072208778165874
2995,A_PuertoRico_8_1934_PB1_164_2096,8.438845,2.355781,1,8.550401544412672,2.2072208778165874
2996,A_PuertoRico_8_1934_PB1_164_2105,8.594475,2.0140655,1,8.550401544412672,2.2072208778165874
2997,A_PuertoRico_8_1934_PB1_164_2129,8.241258,0.42574316,1,8.550401544412672,2.2072208778165874
2998,A_PuertoRico_8_1934_PB1_164_2132,8.587178,1.9344854,1,8.550401544412672,2.2072208778165874
2999,A_PuertoRico_8_1934_PB1_164_2139,8.879648,1.9256588,1,8.550401544412672,2.2072208778165874
3000,A_PuertoRico_8_1934_PB1_164_214,8.743341,2.020345,1,8.550401544412672,2.2072208778165874
3001,A_PuertoRico_8_1934_PB1_164_2141,8.476732,1.7774093,1,8.550401544412672,2.2072208778165874
3002,A_PuertoRico_8_1934_PB1_164_2149,8.568685,1.9978131,1,8.550401544412672,2.2072208778165874
3003,A_PuertoRico_8_1934_PB1_164_2203,8.619565,1.9239666,1,8.550401544412672,2.2072208778165874
3004,A_PuertoRico_8_1934_PB1_164_224,8.61336,2.2314272,1,8.550401544412672,2.2072208778165874
3005,A_PuertoRico_8_1934_PB1_164_254,8.518727,2.161051,1,8.550401544412672,2.2072208778165874
3006,A_PuertoRico_8_1934_PB1_164_276,8.567636,2.1878843,1,8.550401544412672,2.2072208778165874
3007,A_PuertoRico_8_1934_PB1_165_1898,3.1503868,3.2406614,0,2.5527971814392396,5.152696836555193
3008,A_PuertoRico_8_1934_PB1_165_1972,3.203653,3.280972,0,2.5527971814392396,5.152696836555193
3009,A_PuertoRico_8_1934_PB1_165_1989,3.2367184,3.166351,0,2.5527971814392396,5.152696836555193
3010,A_PuertoRico_8_1934_PB1_165_1996,3.2390256,3.1396358,0,2.5527971814392396,5.152696836555193
3011,A_PuertoRico_8_1934_PB1_165_2010,3.4349906,3.7499611,0,2.5527971814392396,5.152696836555193
3012,A_PuertoRico_8_1934_PB1_165_2062,6.668203,3.2584658,1,8.550401544412672,2.2072208778165874
3013,A_PuertoRico_8_1934_PB1_165_2088,3.3509088,3.3260403,0,2.5527971814392396,5.152696836555193
3014,A_PuertoRico_8_1934_PB1_165_2111,3.1175792,3.4645848,0,2.5527971814392396,5.152696836555193
3015,A_PuertoRico_8_1934_PB1_165_2166,3.2091691,3.2053545,0,2.5527971814392396,5.152696836555193
3016,A_PuertoRico_8_1934_PB1_165_2178,3.2078676,3.2223363,0,2.5527971814392396,5.152696836555193
3017,A_PuertoRico_8_1934_PB1_166_2039,4.351503,2.7104023,0,2.5527971814392396,5.152696836555193
3018,A_PuertoRico_8_1934_PB1_166_2074,4.31119,2.7117183,0,2.5527971814392396,5.152696836555193
3019,A_PuertoRico_8_1934_PB1_166_2080,4.3889804,2.7036486,0,2.5527971814392396,5.152696836555193
3020,A_PuertoRico_8_1934_PB1_166_2102,4.256539,2.542326,0,2.5527971814392396,5.152696836555193
3021,A_PuertoRico_8_1934_PB1_166_2113,4.338346,2.7129748,0,2.5527971814392396,5.152696836555193
3022,A_PuertoRico_8_1934_PB1_166_2160,4.3431206,2.7353332,0,2.5527971814392396,5.152696836555193
3023,A_PuertoRico_8_1934_PB1_167_191,9.3983135,2.1550903,1,8.550401544412672,2.2072208778165874
3024,A_PuertoRico_8_1934_PB1_167_1971,9.422874,2.567068,1,8.550401544412672,2.2072208778165874
3025,A_PuertoRico_8_1934_PB1_167_1988,9.361268,2.541234,1,8.550401544412672,2.2072208778165874
3026,A_PuertoRico_8_1934_PB1_167_1995,9.605031,2.7050045,1,8.550401544412672,2.2072208778165874
3027,A_PuertoRico_8_1934_PB1_167_200,9.248866,2.163733,1,8.550401544412672,2.2072208778165874
3028,A_PuertoRico_8_1934_PB1_167_2011,9.203958,2.2514741,1,8.550401544412672,2.2072208778165874
3029,A_PuertoRico_8_1934_PB1_167_2014,9.252618,2.10254,1,8.550401544412672,2.2072208778165874
3030,A_PuertoRico_8_1934_PB1_167_2016,9.222623,2.1053605,1,8.550401544412672,2.2072208778165874
3031,A_PuertoRico_8_1934_PB1_167_2030,9.196274,2.2894657,1,8.550401544412672,2.2072208778165874
3032,A_PuertoRico_8_1934_PB1_167_2037,8.987878,2.8531377,1,8.550401544412672,2.2072208778165874
3033,A_PuertoRico_8_1934_PB1_167_2045,9.322014,2.3349497,1,8.550401544412672,2.2072208778165874
3034,A_PuertoRico_8_1934_PB1_167_2054,9.289702,1.8026875,1,8.550401544412672,2.2072208778165874
3035,A_PuertoRico_8_1934_PB1_167_2056,9.218359,2.2611325,1,8.550401544412672,2.2072208778165874
3036,A_PuertoRico_8_1934_PB1_167_2061,9.072466,2.454404,1,8.550401544412672,2.2072208778165874
3037,A_PuertoRico_8_1934_PB1_167_2071,9.621137,1.8400782,1,8.550401544412672,2.2072208778165874
3038,A_PuertoRico_8_1934_PB1_167_2085,9.163532,2.1860495,1,8.550401544412672,2.2072208778165874
3039,A_PuertoRico_8_1934_PB1_167_2091,9.455328,1.8640796,1,8.550401544412672,2.2072208778165874
3040,A_PuertoRico_8_1934_PB1_167_2094,9.08435,2.2521675,1,8.550401544412672,2.2072208778165874
3041,A_PuertoRico_8_1934_PB1_167_2105,9.36151,2.150955,1,8.550401544412672,2.2072208778165874
3042,A_PuertoRico_8_1934_PB1_167_2110,9.867767,1.6959696,1,8.550401544412672,2.2072208778165874
3043,A_PuertoRico_8_1934_PB1_167_2139,9.358705,1.8916323,1,8.550401544412672,2.2072208778165874
3044,A_PuertoRico_8_1934_PB1_167_2158,9.212961,2.868251,1,8.550401544412672,2.2072208778165874
3045,A_PuertoRico_8_1934_PB1_167_2165,9.763329,2.7190719,1,8.550401544412672,2.2072208778165874
3046,A_PuertoRico_8_1934_PB1_167_2177,9.868674,2.8268588,1,8.550401544412672,2.2072208778165874
3047,A_PuertoRico_8_1934_PB1_167_2231,9.239437,2.347793,1,8.550401544412672,2.2072208778165874
3048,A_PuertoRico_8_1934_PB1_167_289,9.551522,2.1149023,1,8.550401544412672,2.2072208778165874
3049,A_PuertoRico_8_1934_PB1_168_2064,1.1021274,4.8214355,0,2.5527971814392396,5.152696836555193
3050,A_PuertoRico_8_1934_PB1_168_2078,0.9869456,4.753042,0,2.5527971814392396,5.152696836555193
3051,A_PuertoRico_8_1934_PB1_168_2130,1.0375073,4.6294813,0,2.5527971814392396,5.152696836555193
3052,A_PuertoRico_8_1934_PB1_168_2142,1.0836973,4.676371,0,2.5527971814392396,5.152696836555193
3053,A_PuertoRico_8_1934_PB1_169_2099,3.8658562,2.8896196,0,2.5527971814392396,5.152696836555193
3054,A_PuertoRico_8_1934_PB1_169_2134,3.6267855,3.1419103,0,2.5527971814392396,5.152696836555193
3055,A_PuertoRico_8_1934_PB1_169_2151,3.675871,3.0194485,0,2.5527971814392396,5.152696836555193
3056,A_PuertoRico_8_1934_PB1_169_2191,3.725398,3.1724453,0,2.5527971814392396,5.152696836555193
3057,A_PuertoRico_8_1934_PB1_170_2024,8.575185,3.125857,1,8.550401544412672,2.2072208778165874
3058,A_PuertoRico_8_1934_PB1_170_2056,7.733195,1.9600358,1,8.550401544412672,2.2072208778165874
3059,A_PuertoRico_8_1934_PB1_170_2061,7.5644584,2.367935,1,8.550401544412672,2.2072208778165874
3060,A_PuertoRico_8_1934_PB1_170_2063,7.741385,2.2031233,1,8.550401544412672,2.2072208778165874
3061,A_PuertoRico_8_1934_PB1_170_2090,7.4310007,2.3185287,1,8.550401544412672,2.2072208778165874
3062,A_PuertoRico_8_1934_PB1_170_2110,10.168573,1.5984232,1,8.550401544412672,2.2072208778165874
3063,A_PuertoRico_8_1934_PB1_170_2129,8.019208,0.48541433,1,8.550401544412672,2.2072208778165874
3064,A_PuertoRico_8_1934_PB1_170_2141,7.7491875,1.9379344,1,8.550401544412672,2.2072208778165874
3065,A_PuertoRico_8_1934_PB1_170_2149,8.042198,1.5979247,1,8.550401544412672,2.2072208778165874
3066,A_PuertoRico_8_1934_PB1_170_2165,9.959426,2.8216796,1,8.550401544412672,2.2072208778165874
3067,A_PuertoRico_8_1934_PB1_170_2177,10.00296,2.914068,1,8.550401544412672,2.2072208778165874
3068,A_PuertoRico_8_1934_PB1_170_2186,7.709431,1.9580697,1,8.550401544412672,2.2072208778165874
3069,A_PuertoRico_8_1934_PB1_170_2194,7.623954,2.005332,1,8.550401544412672,2.2072208778165874
3070,A_PuertoRico_8_1934_PB1_171_2055,3.8657944,4.117207,0,2.5527971814392396,5.152696836555193
3071,A_PuertoRico_8_1934_PB1_171_2092,4.226543,4.081029,0,2.5527971814392396,5.152696836555193
3072,A_PuertoRico_8_1934_PB1_171_2140,4.0047274,4.096178,0,2.5527971814392396,5.152696836555193
3073,A_PuertoRico_8_1934_PB1_172_2034,2.198866,4.3228383,0,2.5527971814392396,5.152696836555193
3074,A_PuertoRico_8_1934_PB1_172_2073,2.3171296,4.0339003,0,2.5527971814392396,5.152696836555193
3075,A_PuertoRico_8_1934_PB1_173_2005,3.4903944,2.6440506,0,2.5527971814392396,5.152696836555193
3076,A_PuertoRico_8_1934_PB1_173_2019,4.2845488,3.5366757,0,2.5527971814392396,5.152696836555193
3077,A_PuertoRico_8_1934_PB1_174_1942,7.6659904,3.0121934,1,8.550401544412672,2.2072208778165874
3078,A_PuertoRico_8_1934_PB1_174_1986,8.933992,2.0926008,1,8.550401544412672,2.2072208778165874
3079,A_PuertoRico_8_1934_PB1_174_2036,7.783056,3.027361,1,8.550401544412672,2.2072208778165874
3080,A_PuertoRico_8_1934_PB1_174_2054,8.983081,1.4717171,1,8.550401544412672,2.2072208778165874
3081,A_PuertoRico_8_1934_PB1_174_2061,7.868935,2.7348256,1,8.550401544412672,2.2072208778165874
3082,A_PuertoRico_8_1934_PB1_174_2091,9.322826,1.2863133,1,8.550401544412672,2.2072208778165874
3083,A_PuertoRico_8_1934_PB1_174_2110,10.136931,1.6756176,1,8.550401544412672,2.2072208778165874
3084,A_PuertoRico_8_1934_PB1_174_2116,7.34309,2.9929187,1,8.550401544412672,2.2072208778165874
3085,A_PuertoRico_8_1934_PB1_174_2165,9.931462,2.7994885,1,8.550401544412672,2.2072208778165874
3086,A_PuertoRico_8_1934_PB1_174_2177,10.015925,2.9060092,1,8.550401544412672,2.2072208778165874
3087,A_PuertoRico_8_1934_PB1_1752_1971,9.311299,2.8421545,1,8.550401544412672,2.2072208778165874
3088,A_PuertoRico_8_1934_PB1_1754_1860,8.103045,6.2552114,-1,,
3089,A_PuertoRico_8_1934_PB1_175_2049,4.1866393,2.9247751,0,2.5527971814392396,5.152696836555193
3090,A_PuertoRico_8_1934_PB1_175_2080,4.132103,3.1305494,0,2.5527971814392396,5.152696836555193
3091,A_PuertoRico_8_1934_PB1_175_2130,1.0701845,4.585839,0,2.5527971814392396,5.152696836555193
3092,A_PuertoRico_8_1934_PB1_177_2054,8.931101,1.2981488,1,8.550401544412672,2.2072208778165874
3093,A_PuertoRico_8_1934_PB1_177_2057,6.2589774,3.2439022,1,8.550401544412672,2.2072208778165874
3094,A_PuertoRico_8_1934_PB1_177_2074,4.2797556,2.688012,0,2.5527971814392396,5.152696836555193
3095,A_PuertoRico_8_1934_PB1_177_2144,5.958788,3.201519,1,8.550401544412672,2.2072208778165874
3096,A_PuertoRico_8_1934_PB1_178_1959,3.0541732,2.6873205,0,2.5527971814392396,5.152696836555193
3097,A_PuertoRico_8_1934_PB1_1796_1818,2.1864314,3.2505786,0,2.5527971814392396,5.152696836555193
3098,A_PuertoRico_8_1934_PB1_179_2054,9.003732,1.3730484,1,8.550401544412672,2.2072208778165874
3099,A_PuertoRico_8_1934_PB1_179_2060,2.057298,4.5359836,0,2.5527971814392396,5.152696836555193
3100,A_PuertoRico_8_1934_PB1_179_2090,2.4494767,4.284864,0,2.5527971814392396,5.152696836555193
3101,A_PuertoRico_8_1934_PB1_179_2091,9.320772,1.3437909,1,8.550401544412672,2.2072208778165874
3102,A_PuertoRico_8_1934_PB1_179_213,2.5643592,4.283783,0,2.5527971814392396,5.152696836555193
3103,A_PuertoRico_8_1934_PB1_180_2058,1.249103,4.7493315,0,2.5527971814392396,5.152696836555193
3104,A_PuertoRico_8_1934_PB1_180_2060,1.4954649,4.587199,0,2.5527971814392396,5.152696836555193
3105,A_PuertoRico_8_1934_PB1_180_2064,1.0716376,4.726786,0,2.5527971814392396,5.152696836555193
3106,A_PuertoRico_8_1934_PB1_180_2081,0.7062749,4.492578,0,2.5527971814392396,5.152696836555193
3107,A_PuertoRico_8_1934_PB1_180_2103,0.11557852,4.6233706,0,2.5527971814392396,5.152696836555193
3108,A_PuertoRico_8_1934_PB1_180_2130,0.9747466,4.5713797,0,2.5527971814392396,5.152696836555193
3109,A_PuertoRico_8_1934_PB1_181_1963,0.2807141,5.0111723,0,2.5527971814392396,5.152696836555193
3110,A_PuertoRico_8_1934_PB1_181_1970,1.4246964,5.062566,0,2.5527971814392396,5.152696836555193
3111,A_PuertoRico_8_1934_PB1_181_2089,0.1950423,4.6051264,0,2.5527971814392396,5.152696836555193
3112,A_PuertoRico_8_1934_PB1_181_2171,0.50055045,4.971094,0,2.5527971814392396,5.152696836555193
3113,A_PuertoRico_8_1934_PB1_1820_1875,8.863402,3.1334124,1,8.550401544412672,2.2072208778165874
3114,A_PuertoRico_8_1934_PB1_182_209,-0.32225147,5.021832,0,2.5527971814392396,5.152696836555193
3115,A_PuertoRico_8_1934_PB1_182_2100,-0.22779389,4.776831,0,2.5527971814392396,5.152696836555193
3116,A_PuertoRico_8_1934_PB1_182_2167,-0.33324185,5.089125,0,2.5527971814392396,5.152696836555193
3117,A_PuertoRico_8_1934_PB1_182_301,-0.26499268,5.078797,0,2.5527971814392396,5.152696836555193
3118,A_PuertoRico_8_1934_PB1_183_1971,9.476616,2.7079368,1,8.550401544412672,2.2072208778165874
3119,A_PuertoRico_8_1934_PB1_183_1988,9.502858,2.8663707,1,8.550401544412672,2.2072208778165874
3120,A_PuertoRico_8_1934_PB1_183_1998,9.534842,2.8844142,1,8.550401544412672,2.2072208778165874
3121,A_PuertoRico_8_1934_PB1_183_2024,9.312506,2.562889,1,8.550401544412672,2.2072208778165874
3122,A_PuertoRico_8_1934_PB1_183_2037,9.168592,2.8932934,1,8.550401544412672,2.2072208778165874
3123,A_PuertoRico_8_1934_PB1_183_2054,9.031755,1.2800034,1,8.550401544412672,2.2072208778165874
3124,A_PuertoRico_8_1934_PB1_183_2071,9.712627,1.763352,1,8.550401544412672,2.2072208778165874
3125,A_PuertoRico_8_1934_PB1_183_2091,9.487954,1.8626696,1,8.550401544412672,2.2072208778165874
3126,A_PuertoRico_8_1934_PB1_183_211,9.4661455,2.267978,1,8.550401544412672,2.2072208778165874
3127,A_PuertoRico_8_1934_PB1_183_2110,10.130617,1.6511006,1,8.550401544412672,2.2072208778165874
3128,A_PuertoRico_8_1934_PB1_183_2129,8.220745,0.3817047,1,8.550401544412672,2.2072208778165874
3129,A_PuertoRico_8_1934_PB1_183_214,9.530547,2.0369306,1,8.550401544412672,2.2072208778165874
3130,A_PuertoRico_8_1934_PB1_183_2158,9.405278,2.9692004,1,8.550401544412672,2.2072208778165874
3131,A_PuertoRico_8_1934_PB1_183_2165,9.618085,2.8354993,1,8.550401544412672,2.2072208778165874
3132,A_PuertoRico_8_1934_PB1_183_2177,9.672689,2.8363562,1,8.550401544412672,2.2072208778165874
3133,A_PuertoRico_8_1934_PB1_183_2203,9.477425,2.4163477,1,8.550401544412672,2.2072208778165874
3134,A_PuertoRico_8_1934_PB1_184_1995,9.442726,2.8891568,1,8.550401544412672,2.2072208778165874
3135,A_PuertoRico_8_1934_PB1_184_2011,7.4881587,2.463036,1,8.550401544412672,2.2072208778165874
3136,A_PuertoRico_8_1934_PB1_184_2036,7.4543667,2.829105,1,8.550401544412672,2.2072208778165874
3137,A_PuertoRico_8_1934_PB1_184_2052,6.857109,2.720092,1,8.550401544412672,2.2072208778165874
3138,A_PuertoRico_8_1934_PB1_184_2054,8.938361,1.5386865,1,8.550401544412672,2.2072208778165874
3139,A_PuertoRico_8_1934_PB1_184_2056,7.516528,2.581028,1,8.550401544412672,2.2072208778165874
3140,A_PuertoRico_8_1934_PB1_184_2061,7.66685,2.5951762,1,8.550401544412672,2.2072208778165874
3141,A_PuertoRico_8_1934_PB1_184_2062,7.1801085,2.8677886,1,8.550401544412672,2.2072208778165874
3142,A_PuertoRico_8_1934_PB1_184_2071,7.471482,2.5981457,1,8.550401544412672,2.2072208778165874
3143,A_PuertoRico_8_1934_PB1_184_2083,6.8713827,2.7654796,1,8.550401544412672,2.2072208778165874
3144,A_PuertoRico_8_1934_PB1_184_2086,7.2578254,2.807458,1,8.550401544412672,2.2072208778165874
3145,A_PuertoRico_8_1934_PB1_184_2095,7.2250896,2.8163834,1,8.550401544412672,2.2072208778165874
3146,A_PuertoRico_8_1934_PB1_184_2110,10.232476,1.5532224,1,8.550401544412672,2.2072208778165874
3147,A_PuertoRico_8_1934_PB1_184_214,7.433514,2.5999372,1,8.550401544412672,2.2072208778165874
3148,A_PuertoRico_8_1934_PB1_184_2165,9.679581,2.7438855,1,8.550401544412672,2.2072208778165874
3149,A_PuertoRico_8_1934_PB1_1857_1887,8.80257,1.0781088,1,8.550401544412672,2.2072208778165874
3150,A_PuertoRico_8_1934_PB1_1858_2012,6.2977166,2.8764362,1,8.550401544412672,2.2072208778165874
3151,A_PuertoRico_8_1934_PB1_185_2058,1.3092347,4.6516137,0,2.5527971814392396,5.152696836555193
3152,A_PuertoRico_8_1934_PB1_185_2130,1.0062734,4.671308,0,2.5527971814392396,5.152696836555193
3153,A_PuertoRico_8_1934_PB1_1861_1896,1.9386799,3.4245582,0,2.5527971814392396,5.152696836555193
3154,A_PuertoRico_8_1934_PB1_1861_1914,2.7256408,4.3525977,0,2.5527971814392396,5.152696836555193
3155,A_PuertoRico_8_1934_PB1_1862_1909,0.14378422,4.583842,0,2.5527971814392396,5.152696836555193
3156,A_PuertoRico_8_1934_PB1_1866_1902,6.401831,2.6468585,1,8.550401544412672,2.2072208778165874
3157,A_PuertoRico_8_1934_PB1_186_2071,9.507379,1.7459545,1,8.550401544412672,2.2072208778165874
3158,A_PuertoRico_8_1934_PB1_186_214,9.265961,1.8711073,1,8.550401544412672,2.2072208778165874
3159,A_PuertoRico_8_1934_PB1_186_2206,6.964339,2.7250538,1,8.550401544412672,2.2072208778165874
3160,A_PuertoRico_8_1934_PB1_187_2052,2.858475,3.9539866,0,2.5527971814392396,5.152696836555193
3161,A_PuertoRico_8_1934_PB1_187_2053,2.539562,4.175809,0,2.5527971814392396,5.152696836555193
3162,A_PuertoRico_8_1934_PB1_187_2070,2.5155866,4.229113,0,2.5527971814392396,5.152696836555193
3163,A_PuertoRico_8_1934_PB1_187_2084,2.8574214,4.303778,0,2.5527971814392396,5.152696836555193
3164,A_PuertoRico_8_1934_PB1_187_2090,2.5489728,4.182552,0,2.5527971814392396,5.152696836555193
3165,A_PuertoRico_8_1934_PB1_187_2109,2.359162,4.258838,0,2.5527971814392396,5.152696836555193
3166,A_PuertoRico_8_1934_PB1_187_2128,2.870741,4.2473497,0,2.5527971814392396,5.152696836555193
3167,A_PuertoRico_8_1934_PB1_187_2138,2.5992785,3.8391294,0,2.5527971814392396,5.152696836555193
3168,A_PuertoRico_8_1934_PB1_187_2156,2.7655568,4.0309453,0,2.5527971814392396,5.152696836555193
3169,A_PuertoRico_8_1934_PB1_1881_1905,2.6932986,3.8085237,0,2.5527971814392396,5.152696836555193
3170,A_PuertoRico_8_1934_PB1_1881_1920,2.9198403,3.3636134,0,2.5527971814392396,5.152696836555193
3171,A_PuertoRico_8_1934_PB1_1882_1908,3.7726138,2.3953454,0,2.5527971814392396,5.152696836555193
3172,A_PuertoRico_8_1934_PB1_1883_1928,8.3563175,2.4243264,1,8.550401544412672,2.2072208778165874
3173,A_PuertoRico_8_1934_PB1_1883_1949,8.245035,2.3850396,1,8.550401544412672,2.2072208778165874
3174,A_PuertoRico_8_1934_PB1_1883_1995,9.560211,3.0136287,1,8.550401544412672,2.2072208778165874
3175,A_PuertoRico_8_1934_PB1_188_2050,0.33356884,4.555652,0,2.5527971814392396,5.152696836555193
3176,A_PuertoRico_8_1934_PB1_188_2054,8.762612,1.2662889,1,8.550401544412672,2.2072208778165874
3177,A_PuertoRico_8_1934_PB1_188_2081,0.21756624,4.5274034,0,2.5527971814392396,5.152696836555193
3178,A_PuertoRico_8_1934_PB1_188_2089,0.14236659,4.5762854,0,2.5527971814392396,5.152696836555193
3179,A_PuertoRico_8_1934_PB1_188_210,0.44129547,4.748792,0,2.5527971814392396,5.152696836555193
3180,A_PuertoRico_8_1934_PB1_188_2100,-0.016074304,4.67566,0,2.5527971814392396,5.152696836555193
3181,A_PuertoRico_8_1934_PB1_188_2103,-0.07063655,4.7742834,0,2.5527971814392396,5.152696836555193
3182,A_PuertoRico_8_1934_PB1_188_2114,0.19269693,4.5561357,0,2.5527971814392396,5.152696836555193
3183,A_PuertoRico_8_1934_PB1_188_2155,0.36829302,4.8412933,0,2.5527971814392396,5.152696836555193
3184,A_PuertoRico_8_1934_PB1_188_2201,0.1456739,4.7241254,0,2.5527971814392396,5.152696836555193
3185,A_PuertoRico_8_1934_PB1_1895_1918,3.798376,2.560119,0,2.5527971814392396,5.152696836555193
3186,A_PuertoRico_8_1934_PB1_1895_1956,3.5875778,2.3361316,0,2.5527971814392396,5.152696836555193
3187,A_PuertoRico_8_1934_PB1_1896_1928,7.685472,1.8438523,1,8.550401544412672,2.2072208778165874
3188,A_PuertoRico_8_1934_PB1_1896_1949,7.5344133,1.8530805,1,8.550401544412672,2.2072208778165874
3189,A_PuertoRico_8_1934_PB1_1896_2054,7.812526,1.2522727,1,8.550401544412672,2.2072208778165874
3190,A_PuertoRico_8_1934_PB1_1897_1927,2.6276357,3.3794618,0,2.5527971814392396,5.152696836555193
3191,A_PuertoRico_8_1934_PB1_1898_1973,-0.26650473,5.100504,0,2.5527971814392396,5.152696836555193
3192,A_PuertoRico_8_1934_PB1_1898_1997,0.038776923,4.8266273,0,2.5527971814392396,5.152696836555193
3193,A_PuertoRico_8_1934_PB1_189_2005,3.569124,2.7971334,0,2.5527971814392396,5.152696836555193
3194,A_PuertoRico_8_1934_PB1_189_2046,3.3012924,3.3890562,0,2.5527971814392396,5.152696836555193
3195,A_PuertoRico_8_1934_PB1_189_2059,3.613009,3.1549702,0,2.5527971814392396,5.152696836555193
3196,A_PuertoRico_8_1934_PB1_189_2074,3.9221842,2.9911535,0,2.5527971814392396,5.152696836555193
3197,A_PuertoRico_8_1934_PB1_189_2080,3.8398867,3.069499,0,2.5527971814392396,5.152696836555193
3198,A_PuertoRico_8_1934_PB1_189_2110,3.4094064,3.3413112,0,2.5527971814392396,5.152696836555193
3199,A_PuertoRico_8_1934_PB1_189_2111,3.4079015,3.3888226,0,2.5527971814392396,5.152696836555193
3200,A_PuertoRico_8_1934_PB1_189_2168,1.063064,5.4038615,0,2.5527971814392396,5.152696836555193
3201,A_PuertoRico_8_1934_PB1_189_2180,1.2389137,5.1375628,0,2.5527971814392396,5.152696836555193
3202,A_PuertoRico_8_1934_PB1_189_2200,3.7421014,3.0758715,0,2.5527971814392396,5.152696836555193
3203,A_PuertoRico_8_1934_PB1_1905_1928,8.086689,2.386211,1,8.550401544412672,2.2072208778165874
3204,A_PuertoRico_8_1934_PB1_190_1901,8.170695,2.935467,1,8.550401544412672,2.2072208778165874
3205,A_PuertoRico_8_1934_PB1_190_2036,7.9941773,2.8851447,1,8.550401544412672,2.2072208778165874
3206,A_PuertoRico_8_1934_PB1_190_2056,8.238635,2.9512875,1,8.550401544412672,2.2072208778165874
3207,A_PuertoRico_8_1934_PB1_190_2061,8.0075445,2.7027133,1,8.550401544412672,2.2072208778165874
3208,A_PuertoRico_8_1934_PB1_190_2085,8.119756,2.896015,1,8.550401544412672,2.2072208778165874
3209,A_PuertoRico_8_1934_PB1_190_2087,8.388888,2.9662073,1,8.550401544412672,2.2072208778165874
3210,A_PuertoRico_8_1934_PB1_190_2110,10.217712,1.6683763,1,8.550401544412672,2.2072208778165874
3211,A_PuertoRico_8_1934_PB1_190_2129,8.055947,0.46941838,1,8.550401544412672,2.2072208778165874
3212,A_PuertoRico_8_1934_PB1_190_2137,8.269276,2.932234,1,8.550401544412672,2.2072208778165874
3213,A_PuertoRico_8_1934_PB1_190_2188,8.151281,3.1178067,1,8.550401544412672,2.2072208778165874
3214,A_PuertoRico_8_1934_PB1_1914_2061,7.8972945,2.650046,1,8.550401544412672,2.2072208778165874
3215,A_PuertoRico_8_1934_PB1_191_1976,4.2064724,3.1302729,0,2.5527971814392396,5.152696836555193
3216,A_PuertoRico_8_1934_PB1_191_2080,4.296672,3.0404716,0,2.5527971814392396,5.152696836555193
3217,A_PuertoRico_8_1934_PB1_191_2092,4.295073,3.9796839,0,2.5527971814392396,5.152696836555193
3218,A_PuertoRico_8_1934_PB1_191_2099,4.250475,2.9868836,0,2.5527971814392396,5.152696836555193
3219,A_PuertoRico_8_1934_PB1_191_2102,4.2135553,2.6368313,0,2.5527971814392396,5.152696836555193
3220,A_PuertoRico_8_1934_PB1_191_2113,4.3104863,2.9192045,0,2.5527971814392396,5.152696836555193
3221,A_PuertoRico_8_1934_PB1_191_2197,4.2142577,2.9700508,0,2.5527971814392396,5.152696836555193
3222,A_PuertoRico_8_1934_PB1_1921_1949,8.326641,2.3784919,1,8.550401544412672,2.2072208778165874
3223,A_PuertoRico_8_1934_PB1_1927_1954,8.384473,1.4794079,1,8.550401544412672,2.2072208778165874
3224,A_PuertoRico_8_1934_PB1_1927_1958,9.487984,3.0901704,1,8.550401544412672,2.2072208778165874
3225,A_PuertoRico_8_1934_PB1_1927_1988,9.249637,2.7353797,1,8.550401544412672,2.2072208778165874
3226,A_PuertoRico_8_1934_PB1_192_1897,9.489828,3.6265733,1,8.550401544412672,2.2072208778165874
3227,A_PuertoRico_8_1934_PB1_192_1969,8.778889,1.7913247,1,8.550401544412672,2.2072208778165874
3228,A_PuertoRico_8_1934_PB1_192_1988,9.191018,2.8361943,1,8.550401544412672,2.2072208778165874
3229,A_PuertoRico_8_1934_PB1_192_1995,9.680315,2.9003518,1,8.550401544412672,2.2072208778165874
3230,A_PuertoRico_8_1934_PB1_192_2014,8.950515,1.6952916,1,8.550401544412672,2.2072208778165874
3231,A_PuertoRico_8_1934_PB1_192_2016,9.141719,1.969922,1,8.550401544412672,2.2072208778165874
3232,A_PuertoRico_8_1934_PB1_192_2037,8.822485,3.0524127,1,8.550401544412672,2.2072208778165874
3233,A_PuertoRico_8_1934_PB1_192_2042,8.533173,1.7128611,1,8.550401544412672,2.2072208778165874
3234,A_PuertoRico_8_1934_PB1_192_2054,9.0540495,1.6355392,1,8.550401544412672,2.2072208778165874
3235,A_PuertoRico_8_1934_PB1_192_2068,8.545152,1.716797,1,8.550401544412672,2.2072208778165874
3236,A_PuertoRico_8_1934_PB1_192_2071,9.601909,1.6392727,1,8.550401544412672,2.2072208778165874
3237,A_PuertoRico_8_1934_PB1_192_2077,8.589942,1.7052248,1,8.550401544412672,2.2072208778165874
3238,A_PuertoRico_8_1934_PB1_192_2083,8.518739,1.6395097,1,8.550401544412672,2.2072208778165874
3239,A_PuertoRico_8_1934_PB1_192_2091,9.427267,1.4329425,1,8.550401544412672,2.2072208778165874
3240,A_PuertoRico_8_1934_PB1_192_2102,8.410248,1.7434973,1,8.550401544412672,2.2072208778165874
3241,A_PuertoRico_8_1934_PB1_192_2110,10.095377,1.6152052,1,8.550401544412672,2.2072208778165874
3242,A_PuertoRico_8_1934_PB1_192_2126,8.4759035,1.6118809,1,8.550401544412672,2.2072208778165874
3243,A_PuertoRico_8_1934_PB1_192_2129,8.142218,0.33760083,1,8.550401544412672,2.2072208778165874
3244,A_PuertoRico_8_1934_PB1_192_2132,8.613248,1.7772325,1,8.550401544412672,2.2072208778165874
3245,A_PuertoRico_8_1934_PB1_192_2139,9.214158,1.5997171,1,8.550401544412672,2.2072208778165874
3246,A_PuertoRico_8_1934_PB1_192_214,9.136051,1.8378633,1,8.550401544412672,2.2072208778165874
3247,A_PuertoRico_8_1934_PB1_192_2141,8.238522,1.6072738,1,8.550401544412672,2.2072208778165874
3248,A_PuertoRico_8_1934_PB1_192_2149,8.393993,1.6347541,1,8.550401544412672,2.2072208778165874
3249,A_PuertoRico_8_1934_PB1_192_2158,9.068695,3.1232367,1,8.550401544412672,2.2072208778165874
3250,A_PuertoRico_8_1934_PB1_192_2162,8.497133,1.7137862,1,8.550401544412672,2.2072208778165874
3251,A_PuertoRico_8_1934_PB1_192_2165,9.855999,2.8332627,1,8.550401544412672,2.2072208778165874
3252,A_PuertoRico_8_1934_PB1_192_2177,9.984917,2.946397,1,8.550401544412672,2.2072208778165874
3253,A_PuertoRico_8_1934_PB1_192_2186,8.203723,1.7533247,1,8.550401544412672,2.2072208778165874
3254,A_PuertoRico_8_1934_PB1_192_2203,8.531209,1.7748433,1,8.550401544412672,2.2072208778165874
3255,A_PuertoRico_8_1934_PB1_1939_2053,2.3830972,4.3751154,0,2.5527971814392396,5.152696836555193
3256,A_PuertoRico_8_1934_PB1_193_1984,6.789108,3.156152,1,8.550401544412672,2.2072208778165874
3257,A_PuertoRico_8_1934_PB1_193_2031,6.8138022,3.0932362,1,8.550401544412672,2.2072208778165874
3258,A_PuertoRico_8_1934_PB1_193_2057,6.6007977,3.156983,1,8.550401544412672,2.2072208778165874
3259,A_PuertoRico_8_1934_PB1_193_2062,6.818714,3.1765652,1,8.550401544412672,2.2072208778165874
3260,A_PuertoRico_8_1934_PB1_193_2086,6.822845,3.1131606,1,8.550401544412672,2.2072208778165874
3261,A_PuertoRico_8_1934_PB1_193_2095,6.8730974,3.145394,1,8.550401544412672,2.2072208778165874
3262,A_PuertoRico_8_1934_PB1_193_2106,6.5419455,3.078665,1,8.550401544412672,2.2072208778165874
3263,A_PuertoRico_8_1934_PB1_193_2110,10.206069,1.6296977,1,8.550401544412672,2.2072208778165874
3264,A_PuertoRico_8_1934_PB1_193_2119,6.7859445,3.1772244,1,8.550401544412672,2.2072208778165874
3265,A_PuertoRico_8_1934_PB1_193_2143,7.4093294,2.6777885,1,8.550401544412672,2.2072208778165874
3266,A_PuertoRico_8_1934_PB1_193_2177,10.009464,2.9638462,1,8.550401544412672,2.2072208778165874
3267,A_PuertoRico_8_1934_PB1_193_2231,6.8169913,3.1897213,1,8.550401544412672,2.2072208778165874
3268,A_PuertoRico_8_1934_PB1_1941_1971,9.3703985,2.825571,1,8.550401544412672,2.2072208778165874
3269,A_PuertoRico_8_1934_PB1_1941_1995,9.623068,2.9694738,1,8.550401544412672,2.2072208778165874
3270,A_PuertoRico_8_1934_PB1_1943_1977,2.277661,4.4976983,0,2.5527971814392396,5.152696836555193
3271,A_PuertoRico_8_1934_PB1_1943_1994,2.349347,4.717829,0,2.5527971814392396,5.152696836555193
3272,A_PuertoRico_8_1934_PB1_1946_1971,9.394672,2.7342353,1,8.550401544412672,2.2072208778165874
3273,A_PuertoRico_8_1934_PB1_1948_1971,9.22015,2.7725925,1,8.550401544412672,2.2072208778165874
3274,A_PuertoRico_8_1934_PB1_1948_1995,9.616685,2.9194312,1,8.550401544412672,2.2072208778165874
3275,A_PuertoRico_8_1934_PB1_1948_2141,8.006959,1.6968788,1,8.550401544412672,2.2072208778165874
3276,A_PuertoRico_8_1934_PB1_1949_1983,6.7019815,3.0831363,1,8.550401544412672,2.2072208778165874
3277,A_PuertoRico_8_1934_PB1_1949_2057,6.482721,3.2492113,1,8.550401544412672,2.2072208778165874
3278,A_PuertoRico_8_1934_PB1_194_1989,4.083889,2.8938565,0,2.5527971814392396,5.152696836555193
3279,A_PuertoRico_8_1934_PB1_194_2014,8.928719,1.69638,1,8.550401544412672,2.2072208778165874
3280,A_PuertoRico_8_1934_PB1_194_2021,4.221042,2.715855,0,2.5527971814392396,5.152696836555193
3281,A_PuertoRico_8_1934_PB1_194_2072,4.3101296,3.8642788,0,2.5527971814392396,5.152696836555193
3282,A_PuertoRico_8_1934_PB1_194_2074,4.2795105,2.793981,0,2.5527971814392396,5.152696836555193
3283,A_PuertoRico_8_1934_PB1_194_2080,4.324776,2.8711112,0,2.5527971814392396,5.152696836555193
3284,A_PuertoRico_8_1934_PB1_194_2088,4.037246,3.0180154,0,2.5527971814392396,5.152696836555193
3285,A_PuertoRico_8_1934_PB1_194_2099,4.037857,2.9027636,0,2.5527971814392396,5.152696836555193
3286,A_PuertoRico_8_1934_PB1_194_2102,4.2504506,2.554969,0,2.5527971814392396,5.152696836555193
3287,A_PuertoRico_8_1934_PB1_194_2113,4.3204618,2.8067093,0,2.5527971814392396,5.152696836555193
3288,A_PuertoRico_8_1934_PB1_194_2166,4.030859,3.1083822,0,2.5527971814392396,5.152696836555193
3289,A_PuertoRico_8_1934_PB1_1951_1990,-0.51891774,5.0833693,0,2.5527971814392396,5.152696836555193
3290,A_PuertoRico_8_1934_PB1_1951_2003,-0.16026035,4.6008306,0,2.5527971814392396,5.152696836555193
3291,A_PuertoRico_8_1934_PB1_1952_2209,4.0939355,6.730819,0,2.5527971814392396,5.152696836555193
3292,A_PuertoRico_8_1934_PB1_1953_2008,7.626017,1.9688863,1,8.550401544412672,2.2072208778165874
3293,A_PuertoRico_8_1934_PB1_1953_2030,7.3815284,1.7348036,1,8.550401544412672,2.2072208778165874
3294,A_PuertoRico_8_1934_PB1_1956_1990,-0.4037575,5.146867,0,2.5527971814392396,5.152696836555193
3295,A_PuertoRico_8_1934_PB1_1956_2003,-0.23468731,4.646084,0,2.5527971814392396,5.152696836555193
3296,A_PuertoRico_8_1934_PB1_1957_2129,8.212243,0.3570238,1,8.550401544412672,2.2072208778165874
3297,A_PuertoRico_8_1934_PB1_1958_2164,2.404225,4.677024,0,2.5527971814392396,5.152696836555193
3298,A_PuertoRico_8_1934_PB1_195_1897,9.5229645,3.5687852,1,8.550401544412672,2.2072208778165874
3299,A_PuertoRico_8_1934_PB1_195_1966,8.446453,1.2591445,1,8.550401544412672,2.2072208778165874
3300,A_PuertoRico_8_1934_PB1_195_1969,9.023818,1.7936943,1,8.550401544412672,2.2072208778165874
3301,A_PuertoRico_8_1934_PB1_195_1971,9.383316,2.5211186,1,8.550401544412672,2.2072208778165874
3302,A_PuertoRico_8_1934_PB1_195_1988,9.411426,2.692041,1,8.550401544412672,2.2072208778165874
3303,A_PuertoRico_8_1934_PB1_195_1995,9.71521,2.7270901,1,8.550401544412672,2.2072208778165874
3304,A_PuertoRico_8_1934_PB1_195_2014,9.227025,1.9431288,1,8.550401544412672,2.2072208778165874
3305,A_PuertoRico_8_1934_PB1_195_2016,9.198849,1.9913346,1,8.550401544412672,2.2072208778165874
3306,A_PuertoRico_8_1934_PB1_195_2024,8.794772,3.1586924,1,8.550401544412672,2.2072208778165874
3307,A_PuertoRico_8_1934_PB1_195_2037,9.1631365,2.930172,1,8.550401544412672,2.2072208778165874
3308,A_PuertoRico_8_1934_PB1_195_2045,9.096375,2.2063525,1,8.550401544412672,2.2072208778165874
3309,A_PuertoRico_8_1934_PB1_195_2047,9.628436,2.3308516,1,8.550401544412672,2.2072208778165874
3310,A_PuertoRico_8_1934_PB1_195_2054,9.291416,1.6832713,1,8.550401544412672,2.2072208778165874
3311,A_PuertoRico_8_1934_PB1_195_2068,8.750504,1.7365495,1,8.550401544412672,2.2072208778165874
3312,A_PuertoRico_8_1934_PB1_195_2071,9.668709,1.7246536,1,8.550401544412672,2.2072208778165874
3313,A_PuertoRico_8_1934_PB1_195_2077,9.028695,1.9078481,1,8.550401544412672,2.2072208778165874
3314,A_PuertoRico_8_1934_PB1_195_2079,9.342288,2.7370057,1,8.550401544412672,2.2072208778165874
3315,A_PuertoRico_8_1934_PB1_195_2091,9.476877,1.6663345,1,8.550401544412672,2.2072208778165874
3316,A_PuertoRico_8_1934_PB1_195_2110,10.056718,1.649864,1,8.550401544412672,2.2072208778165874
3317,A_PuertoRico_8_1934_PB1_195_2129,8.135297,0.3302024,1,8.550401544412672,2.2072208778165874
3318,A_PuertoRico_8_1934_PB1_195_2132,8.750921,1.6929457,1,8.550401544412672,2.2072208778165874
3319,A_PuertoRico_8_1934_PB1_195_2139,9.318483,1.7751412,1,8.550401544412672,2.2072208778165874
3320,A_PuertoRico_8_1934_PB1_195_2141,8.720885,1.6126833,1,8.550401544412672,2.2072208778165874
3321,A_PuertoRico_8_1934_PB1_195_2149,8.631546,1.5999465,1,8.550401544412672,2.2072208778165874
3322,A_PuertoRico_8_1934_PB1_195_2158,9.167394,3.0544035,1,8.550401544412672,2.2072208778165874
3323,A_PuertoRico_8_1934_PB1_195_2162,8.850462,1.8431702,1,8.550401544412672,2.2072208778165874
3324,A_PuertoRico_8_1934_PB1_195_2165,9.823299,2.71829,1,8.550401544412672,2.2072208778165874
3325,A_PuertoRico_8_1934_PB1_195_2177,9.93159,2.9052281,1,8.550401544412672,2.2072208778165874
3326,A_PuertoRico_8_1934_PB1_195_289,9.70288,2.1489372,1,8.550401544412672,2.2072208778165874
3327,A_PuertoRico_8_1934_PB1_195_347,9.708415,2.3255208,1,8.550401544412672,2.2072208778165874
3328,A_PuertoRico_8_1934_PB1_1961_1987,3.3055995,4.7072043,0,2.5527971814392396,5.152696836555193
3329,A_PuertoRico_8_1934_PB1_1961_2015,3.401239,4.5231485,0,2.5527971814392396,5.152696836555193
3330,A_PuertoRico_8_1934_PB1_1962_1990,-0.48750764,5.0927277,0,2.5527971814392396,5.152696836555193
3331,A_PuertoRico_8_1934_PB1_1963_2001,5.165678,3.9870617,-1,,
3332,A_PuertoRico_8_1934_PB1_1965_2139,9.255323,1.2958255,1,8.550401544412672,2.2072208778165874
3333,A_PuertoRico_8_1934_PB1_1968_2110,10.261699,1.5513817,1,8.550401544412672,2.2072208778165874
3334,A_PuertoRico_8_1934_PB1_1968_2129,8.082851,0.3826078,1,8.550401544412672,2.2072208778165874
3335,A_PuertoRico_8_1934_PB1_1968_2177,10.063687,2.9354513,1,8.550401544412672,2.2072208778165874
3336,A_PuertoRico_8_1934_PB1_196_1876,5.5311284,2.8374624,-1,,
3337,A_PuertoRico_8_1934_PB1_196_1902,6.1734843,2.7926793,1,8.550401544412672,2.2072208778165874
3338,A_PuertoRico_8_1934_PB1_196_2012,6.169357,2.8809614,1,8.550401544412672,2.2072208778165874
3339,A_PuertoRico_8_1934_PB1_196_2014,9.064753,1.733763,1,8.550401544412672,2.2072208778165874
3340,A_PuertoRico_8_1934_PB1_196_2037,8.477532,3.0681887,1,8.550401544412672,2.2072208778165874
3341,A_PuertoRico_8_1934_PB1_196_2057,6.2689724,3.0105138,1,8.550401544412672,2.2072208778165874
3342,A_PuertoRico_8_1934_PB1_196_2071,9.793721,1.6943132,1,8.550401544412672,2.2072208778165874
3343,A_PuertoRico_8_1934_PB1_196_2083,6.1295953,2.8201623,1,8.550401544412672,2.2072208778165874
3344,A_PuertoRico_8_1934_PB1_196_2106,6.1884055,2.9355896,1,8.550401544412672,2.2072208778165874
3345,A_PuertoRico_8_1934_PB1_196_2110,10.133427,1.6518719,1,8.550401544412672,2.2072208778165874
3346,A_PuertoRico_8_1934_PB1_196_2113,4.6982584,2.8372197,0,2.5527971814392396,5.152696836555193
3347,A_PuertoRico_8_1934_PB1_196_225,5.989981,2.8427925,1,8.550401544412672,2.2072208778165874
3348,A_PuertoRico_8_1934_PB1_196_271,5.638686,2.8296247,-1,,
3349,A_PuertoRico_8_1934_PB1_196_615,5.827955,2.847404,-1,,
3350,A_PuertoRico_8_1934_PB1_196_680,5.8854575,2.8270447,-1,,
3351,A_PuertoRico_8_1934_PB1_1970_2011,8.457249,1.9016018,1,8.550401544412672,2.2072208778165874
3352,A_PuertoRico_8_1934_PB1_1970_2016,9.068648,2.00264,1,8.550401544412672,2.2072208778165874
3353,A_PuertoRico_8_1934_PB1_1971_2053,2.4429018,4.196126,0,2.5527971814392396,5.152696836555193
3354,A_PuertoRico_8_1934_PB1_1972_2000,-0.12276137,4.8117137,0,2.5527971814392396,5.152696836555193
3355,A_PuertoRico_8_1934_PB1_1977_2045,8.935597,2.3498878,1,8.550401544412672,2.2072208778165874
3356,A_PuertoRico_8_1934_PB1_1979_2001,5.132917,3.9981503,-1,,
3357,A_PuertoRico_8_1934_PB1_1979_2131,5.071534,3.980453,-1,,
3358,A_PuertoRico_8_1934_PB1_197_1930,7.5323486,3.3422718,-1,,
3359,A_PuertoRico_8_1934_PB1_197_1968,7.6358075,3.5063636,-1,,
3360,A_PuertoRico_8_1934_PB1_197_2023,7.620008,3.4241104,-1,,
3361,A_PuertoRico_8_1934_PB1_197_2032,7.680773,3.2548347,1,8.550401544412672,2.2072208778165874
3362,A_PuertoRico_8_1934_PB1_197_2061,7.8241186,2.778229,1,8.550401544412672,2.2072208778165874
3363,A_PuertoRico_8_1934_PB1_197_2063,7.727356,3.1326702,1,8.550401544412672,2.2072208778165874
3364,A_PuertoRico_8_1934_PB1_197_2085,7.8755355,3.0011966,1,8.550401544412672,2.2072208778165874
3365,A_PuertoRico_8_1934_PB1_197_2087,7.8147874,3.2083879,1,8.550401544412672,2.2072208778165874
3366,A_PuertoRico_8_1934_PB1_197_2096,7.769778,3.2045398,1,8.550401544412672,2.2072208778165874
3367,A_PuertoRico_8_1934_PB1_197_2110,10.201982,1.6282841,1,8.550401544412672,2.2072208778165874
3368,A_PuertoRico_8_1934_PB1_197_2117,7.6487017,3.2765627,1,8.550401544412672,2.2072208778165874
3369,A_PuertoRico_8_1934_PB1_197_2129,8.092344,0.44767913,1,8.550401544412672,2.2072208778165874
3370,A_PuertoRico_8_1934_PB1_197_2232,7.4458013,3.392117,-1,,
3371,A_PuertoRico_8_1934_PB1_1984_2054,9.017901,1.2857095,1,8.550401544412672,2.2072208778165874
3372,A_PuertoRico_8_1934_PB1_1984_2113,4.436743,2.7876709,0,2.5527971814392396,5.152696836555193
3373,A_PuertoRico_8_1934_PB1_1987_2011,8.634997,1.9977533,1,8.550401544412672,2.2072208778165874
3374,A_PuertoRico_8_1934_PB1_1987_2016,9.170663,2.0011609,1,8.550401544412672,2.2072208778165874
3375,A_PuertoRico_8_1934_PB1_1987_2054,8.88285,1.5123395,1,8.550401544412672,2.2072208778165874
3376,A_PuertoRico_8_1934_PB1_1987_2061,7.844932,2.6742191,1,8.550401544412672,2.2072208778165874
3377,A_PuertoRico_8_1934_PB1_1988_2046,2.6780457,3.6246686,0,2.5527971814392396,5.152696836555193
3378,A_PuertoRico_8_1934_PB1_1988_2111,3.0348816,3.5898726,0,2.5527971814392396,5.152696836555193
3379,A_PuertoRico_8_1934_PB1_198_1522,4.341374,2.8861475,0,2.5527971814392396,5.152696836555193
3380,A_PuertoRico_8_1934_PB1_198_2049,4.3129907,2.8416617,0,2.5527971814392396,5.152696836555193
3381,A_PuertoRico_8_1934_PB1_198_2072,4.3029747,3.8673089,0,2.5527971814392396,5.152696836555193
3382,A_PuertoRico_8_1934_PB1_198_2074,4.3497996,2.8003335,0,2.5527971814392396,5.152696836555193
3383,A_PuertoRico_8_1934_PB1_198_2080,4.470134,2.9325147,0,2.5527971814392396,5.152696836555193
3384,A_PuertoRico_8_1934_PB1_198_2092,4.3344617,3.9566813,0,2.5527971814392396,5.152696836555193
3385,A_PuertoRico_8_1934_PB1_198_2099,4.2644005,3.051884,0,2.5527971814392396,5.152696836555193
3386,A_PuertoRico_8_1934_PB1_198_2102,4.254274,2.6290007,0,2.5527971814392396,5.152696836555193
3387,A_PuertoRico_8_1934_PB1_198_2113,4.4278216,2.856516,0,2.5527971814392396,5.152696836555193
3388,A_PuertoRico_8_1934_PB1_198_2144,5.0292077,3.0464883,-1,,
3389,A_PuertoRico_8_1934_PB1_198_2166,4.1394467,3.1342838,0,2.5527971814392396,5.152696836555193
3390,A_PuertoRico_8_1934_PB1_198_2169,4.351086,3.0532908,0,2.5527971814392396,5.152696836555193
3391,A_PuertoRico_8_1934_PB1_198_2221,4.4587255,3.0069788,0,2.5527971814392396,5.152696836555193
3392,A_PuertoRico_8_1934_PB1_1990_2180,0.9702786,5.2833724,0,2.5527971814392396,5.152696836555193
3393,A_PuertoRico_8_1934_PB1_1992_2064,1.6621269,5.251818,0,2.5527971814392396,5.152696836555193
3394,A_PuertoRico_8_1934_PB1_1993_2018,2.6821494,3.379627,0,2.5527971814392396,5.152696836555193
3395,A_PuertoRico_8_1934_PB1_1994_2054,8.972033,1.305052,1,8.550401544412672,2.2072208778165874
3396,A_PuertoRico_8_1934_PB1_1994_2061,7.6441383,2.4365492,1,8.550401544412672,2.2072208778165874
3397,A_PuertoRico_8_1934_PB1_1997_2051,7.638659,5.9008174,-1,,
3398,A_PuertoRico_8_1934_PB1_199_1958,9.375345,3.12074,1,8.550401544412672,2.2072208778165874
3399,A_PuertoRico_8_1934_PB1_199_1961,9.306876,3.3068953,1,8.550401544412672,2.2072208778165874
3400,A_PuertoRico_8_1934_PB1_199_1971,9.240776,2.76256,1,8.550401544412672,2.2072208778165874
3401,A_PuertoRico_8_1934_PB1_199_1982,8.245657,2.257977,1,8.550401544412672,2.2072208778165874
3402,A_PuertoRico_8_1934_PB1_199_1988,9.108166,2.8583655,1,8.550401544412672,2.2072208778165874
3403,A_PuertoRico_8_1934_PB1_199_1995,9.582813,2.988697,1,8.550401544412672,2.2072208778165874
3404,A_PuertoRico_8_1934_PB1_199_1998,9.2283125,3.1920025,1,8.550401544412672,2.2072208778165874
3405,A_PuertoRico_8_1934_PB1_199_2010,8.210594,2.4730537,1,8.550401544412672,2.2072208778165874
3406,A_PuertoRico_8_1934_PB1_199_2030,8.198675,2.1249392,1,8.550401544412672,2.2072208778165874
3407,A_PuertoRico_8_1934_PB1_199_2036,8.253037,2.2631779,1,8.550401544412672,2.2072208778165874
3408,A_PuertoRico_8_1934_PB1_199_2037,8.846411,3.0083058,1,8.550401544412672,2.2072208778165874
3409,A_PuertoRico_8_1934_PB1_199_2045,8.811203,2.4712021,1,8.550401544412672,2.2072208778165874
3410,A_PuertoRico_8_1934_PB1_199_2056,8.2324095,2.1453404,1,8.550401544412672,2.2072208778165874
3411,A_PuertoRico_8_1934_PB1_199_2061,8.112486,2.404721,1,8.550401544412672,2.2072208778165874
3412,A_PuertoRico_8_1934_PB1_199_2063,7.959782,2.4474437,1,8.550401544412672,2.2072208778165874
3413,A_PuertoRico_8_1934_PB1_199_2068,8.480183,1.8490409,1,8.550401544412672,2.2072208778165874
3414,A_PuertoRico_8_1934_PB1_199_2076,9.235271,3.0126455,1,8.550401544412672,2.2072208778165874
3415,A_PuertoRico_8_1934_PB1_199_2079,9.23522,2.9001331,1,8.550401544412672,2.2072208778165874
3416,A_PuertoRico_8_1934_PB1_199_2082,8.204281,2.4455771,1,8.550401544412672,2.2072208778165874
3417,A_PuertoRico_8_1934_PB1_199_2085,8.222323,2.1882646,1,8.550401544412672,2.2072208778165874
3418,A_PuertoRico_8_1934_PB1_199_2094,8.196537,2.0886137,1,8.550401544412672,2.2072208778165874
3419,A_PuertoRico_8_1934_PB1_199_2105,8.355404,2.1202886,1,8.550401544412672,2.2072208778165874
3420,A_PuertoRico_8_1934_PB1_199_2110,10.074877,1.6058854,1,8.550401544412672,2.2072208778165874
3421,A_PuertoRico_8_1934_PB1_199_2128,2.9664996,4.2153034,0,2.5527971814392396,5.152696836555193
3422,A_PuertoRico_8_1934_PB1_199_2129,8.119648,0.32374611,1,8.550401544412672,2.2072208778165874
3423,A_PuertoRico_8_1934_PB1_199_2132,8.345355,1.8739617,1,8.550401544412672,2.2072208778165874
3424,A_PuertoRico_8_1934_PB1_199_2141,8.043821,1.7095284,1,8.550401544412672,2.2072208778165874
3425,A_PuertoRico_8_1934_PB1_199_2158,9.076541,3.1123762,1,8.550401544412672,2.2072208778165874
3426,A_PuertoRico_8_1934_PB1_199_2165,9.806491,2.8350778,1,8.550401544412672,2.2072208778165874
3427,A_PuertoRico_8_1934_PB1_199_2177,9.916496,2.9804509,1,8.550401544412672,2.2072208778165874
3428,A_PuertoRico_8_1934_PB1_199_2230,8.18934,2.4426184,1,8.550401544412672,2.2072208778165874
3429,A_PuertoRico_8_1934_PB1_199_224,8.640779,2.477189,1,8.550401544412672,2.2072208778165874
3430,A_PuertoRico_8_1934_PB1_199_254,8.233172,2.3582375,1,8.550401544412672,2.2072208778165874
3431,A_PuertoRico_8_1934_PB1_199_282,9.264549,2.9902945,1,8.550401544412672,2.2072208778165874
3432,A_PuertoRico_8_1934_PB1_199_298,8.253454,2.1736853,1,8.550401544412672,2.2072208778165874
3433,A_PuertoRico_8_1934_PB1_199_329,8.994003,2.6046462,1,8.550401544412672,2.2072208778165874
3434,A_PuertoRico_8_1934_PB1_2003_2025,2.7686863,3.2569904,0,2.5527971814392396,5.152696836555193
3435,A_PuertoRico_8_1934_PB1_2007_2071,9.784865,1.6551474,1,8.550401544412672,2.2072208778165874
3436,A_PuertoRico_8_1934_PB1_2008_2031,7.026591,2.8713095,1,8.550401544412672,2.2072208778165874
3437,A_PuertoRico_8_1934_PB1_2009_2169,4.32071,3.1003423,0,2.5527971814392396,5.152696836555193
3438,A_PuertoRico_8_1934_PB1_200_1970,3.8690968,4.02555,0,2.5527971814392396,5.152696836555193
3439,A_PuertoRico_8_1934_PB1_200_2015,3.8261888,4.0489745,0,2.5527971814392396,5.152696836555193
3440,A_PuertoRico_8_1934_PB1_200_2017,3.9179783,3.9685562,0,2.5527971814392396,5.152696836555193
3441,A_PuertoRico_8_1934_PB1_200_2044,3.8022184,4.0363555,0,2.5527971814392396,5.152696836555193
3442,A_PuertoRico_8_1934_PB1_200_2055,3.9042568,4.039078,0,2.5527971814392396,5.152696836555193
3443,A_PuertoRico_8_1934_PB1_200_2072,4.124913,3.892994,0,2.5527971814392396,5.152696836555193
3444,A_PuertoRico_8_1934_PB1_200_2084,3.7981305,4.052646,0,2.5527971814392396,5.152696836555193
3445,A_PuertoRico_8_1934_PB1_200_2140,3.978314,4.0132236,0,2.5527971814392396,5.152696836555193
3446,A_PuertoRico_8_1934_PB1_200_2148,3.7913232,4.040876,0,2.5527971814392396,5.152696836555193
3447,A_PuertoRico_8_1934_PB1_200_2157,3.7678232,3.973372,0,2.5527971814392396,5.152696836555193
3448,A_PuertoRico_8_1934_PB1_200_2215,3.932876,4.155116,0,2.5527971814392396,5.152696836555193
3449,A_PuertoRico_8_1934_PB1_2010_2071,9.79173,1.6489135,1,8.550401544412672,2.2072208778165874
3450,A_PuertoRico_8_1934_PB1_2010_2129,8.13509,0.349282,1,8.550401544412672,2.2072208778165874
3451,A_PuertoRico_8_1934_PB1_2010_2165,9.904857,2.7778347,1,8.550401544412672,2.2072208778165874
3452,A_PuertoRico_8_1934_PB1_2011_2061,7.800252,2.6676388,1,8.550401544412672,2.2072208778165874
3453,A_PuertoRico_8_1934_PB1_2013_2129,8.139685,0.37417454,1,8.550401544412672,2.2072208778165874
3454,A_PuertoRico_8_1934_PB1_2013_2158,9.094772,3.1345203,1,8.550401544412672,2.2072208778165874
3455,A_PuertoRico_8_1934_PB1_2015_2129,8.102621,0.39705238,1,8.550401544412672,2.2072208778165874
3456,A_PuertoRico_8_1934_PB1_201_2034,2.5463705,4.187036,0,2.5527971814392396,5.152696836555193
3457,A_PuertoRico_8_1934_PB1_201_2053,2.461858,4.227204,0,2.5527971814392396,5.152696836555193
3458,A_PuertoRico_8_1934_PB1_201_2055,2.884048,4.1396594,0,2.5527971814392396,5.152696836555193
3459,A_PuertoRico_8_1934_PB1_201_2093,2.8347385,4.2372684,0,2.5527971814392396,5.152696836555193
3460,A_PuertoRico_8_1934_PB1_201_2109,2.4393516,4.1668944,0,2.5527971814392396,5.152696836555193
3461,A_PuertoRico_8_1934_PB1_2023_2071,9.750805,1.6961063,1,8.550401544412672,2.2072208778165874
3462,A_PuertoRico_8_1934_PB1_202_2000,-0.26022726,4.9033203,0,2.5527971814392396,5.152696836555193
3463,A_PuertoRico_8_1934_PB1_202_2038,3.7682307,3.3845906,0,2.5527971814392396,5.152696836555193
3464,A_PuertoRico_8_1934_PB1_202_2080,3.8795156,3.227286,0,2.5527971814392396,5.152696836555193
3465,A_PuertoRico_8_1934_PB1_2031_2054,9.070812,1.3551735,1,8.550401544412672,2.2072208778165874
3466,A_PuertoRico_8_1934_PB1_2032_2054,9.055121,1.3369563,1,8.550401544412672,2.2072208778165874
3467,A_PuertoRico_8_1934_PB1_2032_2056,8.562454,2.4450896,1,8.550401544412672,2.2072208778165874
3468,A_PuertoRico_8_1934_PB1_2034_2071,9.797195,1.7568166,1,8.550401544412672,2.2072208778165874
3469,A_PuertoRico_8_1934_PB1_2035_2071,9.827627,1.7889575,1,8.550401544412672,2.2072208778165874
3470,A_PuertoRico_8_1934_PB1_2035_2166,3.9963267,3.220975,0,2.5527971814392396,5.152696836555193
3471,A_PuertoRico_8_1934_PB1_2036_2061,7.890493,2.660556,1,8.550401544412672,2.2072208778165874
3472,A_PuertoRico_8_1934_PB1_2036_2063,7.942075,2.515482,1,8.550401544412672,2.2072208778165874
3473,A_PuertoRico_8_1934_PB1_2036_2068,8.424019,1.6677715,1,8.550401544412672,2.2072208778165874
3474,A_PuertoRico_8_1934_PB1_2036_2071,9.617802,1.7309301,1,8.550401544412672,2.2072208778165874
3475,A_PuertoRico_8_1934_PB1_2036_2085,7.9831514,2.6612616,1,8.550401544412672,2.2072208778165874
3476,A_PuertoRico_8_1934_PB1_2036_2091,9.288573,1.3156602,1,8.550401544412672,2.2072208778165874
3477,A_PuertoRico_8_1934_PB1_2036_2129,8.102393,0.4602017,1,8.550401544412672,2.2072208778165874
3478,A_PuertoRico_8_1934_PB1_2037_2080,3.6003997,3.0437174,0,2.5527971814392396,5.152696836555193
3479,A_PuertoRico_8_1934_PB1_2037_2111,3.1394074,3.5571663,0,2.5527971814392396,5.152696836555193
3480,A_PuertoRico_8_1934_PB1_2038_2090,2.433768,4.18568,0,2.5527971814392396,5.152696836555193
3481,A_PuertoRico_8_1934_PB1_203_2054,9.013863,1.2180077,1,8.550401544412672,2.2072208778165874
3482,A_PuertoRico_8_1934_PB1_203_2110,10.222717,1.6654989,1,8.550401544412672,2.2072208778165874
3483,A_PuertoRico_8_1934_PB1_203_2129,8.178663,0.35398346,1,8.550401544412672,2.2072208778165874
3484,A_PuertoRico_8_1934_PB1_203_2211,10.255704,1.7923139,1,8.550401544412672,2.2072208778165874
3485,A_PuertoRico_8_1934_PB1_2044_2071,9.772339,1.7153918,1,8.550401544412672,2.2072208778165874
3486,A_PuertoRico_8_1934_PB1_2044_2085,8.086604,2.7236552,1,8.550401544412672,2.2072208778165874
3487,A_PuertoRico_8_1934_PB1_2045_2111,3.1818194,3.5451682,0,2.5527971814392396,5.152696836555193
3488,A_PuertoRico_8_1934_PB1_204_1971,9.428882,2.6111755,1,8.550401544412672,2.2072208778165874
3489,A_PuertoRico_8_1934_PB1_204_2002,5.311205,2.8057363,-1,,
3490,A_PuertoRico_8_1934_PB1_204_2077,5.6361427,2.8462446,-1,,
3491,A_PuertoRico_8_1934_PB1_204_2080,4.8332577,2.931861,0,2.5527971814392396,5.152696836555193
3492,A_PuertoRico_8_1934_PB1_204_2083,6.4535027,2.6806068,1,8.550401544412672,2.2072208778165874
3493,A_PuertoRico_8_1934_PB1_204_2110,10.19209,1.5720652,1,8.550401544412672,2.2072208778165874
3494,A_PuertoRico_8_1934_PB1_204_2139,9.362963,1.3098307,1,8.550401544412672,2.2072208778165874
3495,A_PuertoRico_8_1934_PB1_204_2218,5.5963745,2.8532612,-1,,
3496,A_PuertoRico_8_1934_PB1_2051_2077,6.5806775,2.7448635,1,8.550401544412672,2.2072208778165874
3497,A_PuertoRico_8_1934_PB1_2051_2083,6.7447658,2.704693,1,8.550401544412672,2.2072208778165874
3498,A_PuertoRico_8_1934_PB1_2051_2116,6.9469614,2.8236516,1,8.550401544412672,2.2072208778165874
3499,A_PuertoRico_8_1934_PB1_2052_2074,3.9541085,2.8191016,0,2.5527971814392396,5.152696836555193
3500,A_PuertoRico_8_1934_PB1_2052_2080,3.9828336,2.8948708,0,2.5527971814392396,5.152696836555193
3501,A_PuertoRico_8_1934_PB1_2052_2099,3.9001522,2.8266714,0,2.5527971814392396,5.152696836555193
3502,A_PuertoRico_8_1934_PB1_2052_2102,3.8727381,2.7304676,0,2.5527971814392396,5.152696836555193
3503,A_PuertoRico_8_1934_PB1_2052_2107,3.4909039,2.936844,0,2.5527971814392396,5.152696836555193
3504,A_PuertoRico_8_1934_PB1_2052_2256,3.7171483,2.8527484,0,2.5527971814392396,5.152696836555193
3505,A_PuertoRico_8_1934_PB1_2053_2082,8.430256,2.296027,1,8.550401544412672,2.2072208778165874
3506,A_PuertoRico_8_1934_PB1_2053_2085,8.264566,2.2419755,1,8.550401544412672,2.2072208778165874
3507,A_PuertoRico_8_1934_PB1_2053_2094,8.37158,1.9864668,1,8.550401544412672,2.2072208778165874
3508,A_PuertoRico_8_1934_PB1_2053_2096,8.257139,2.8228145,1,8.550401544412672,2.2072208778165874
3509,A_PuertoRico_8_1934_PB1_2053_2110,10.230889,1.5383915,1,8.550401544412672,2.2072208778165874
3510,A_PuertoRico_8_1934_PB1_2053_2129,8.15436,0.36968517,1,8.550401544412672,2.2072208778165874
3511,A_PuertoRico_8_1934_PB1_2053_2132,8.283954,1.9353902,1,8.550401544412672,2.2072208778165874
3512,A_PuertoRico_8_1934_PB1_2053_2141,8.273989,1.8230665,1,8.550401544412672,2.2072208778165874
3513,A_PuertoRico_8_1934_PB1_2053_2158,9.094248,3.1695387,1,8.550401544412672,2.2072208778165874
3514,A_PuertoRico_8_1934_PB1_2053_2165,9.945641,2.8320193,1,8.550401544412672,2.2072208778165874
3515,A_PuertoRico_8_1934_PB1_2053_2177,10.017952,2.9744322,1,8.550401544412672,2.2072208778165874
3516,A_PuertoRico_8_1934_PB1_2054_2092,4.253906,4.108477,0,2.5527971814392396,5.152696836555193
3517,A_PuertoRico_8_1934_PB1_2054_2099,4.0309258,2.6530356,0,2.5527971814392396,5.152696836555193
3518,A_PuertoRico_8_1934_PB1_2055_2091,9.354091,1.3999653,1,8.550401544412672,2.2072208778165874
3519,A_PuertoRico_8_1934_PB1_2055_2110,10.18527,1.6807798,1,8.550401544412672,2.2072208778165874
3520,A_PuertoRico_8_1934_PB1_2055_2129,8.114802,0.37489167,1,8.550401544412672,2.2072208778165874
3521,A_PuertoRico_8_1934_PB1_2055_2132,8.21567,1.7653104,1,8.550401544412672,2.2072208778165874
3522,A_PuertoRico_8_1934_PB1_2055_2141,8.108054,1.5429654,1,8.550401544412672,2.2072208778165874
3523,A_PuertoRico_8_1934_PB1_2055_2165,9.963214,2.7252192,1,8.550401544412672,2.2072208778165874
3524,A_PuertoRico_8_1934_PB1_2057_2081,0.4686567,4.4218187,0,2.5527971814392396,5.152696836555193
3525,A_PuertoRico_8_1934_PB1_2059_2113,4.354873,2.7263339,0,2.5527971814392396,5.152696836555193
3526,A_PuertoRico_8_1934_PB1_205_2024,8.632428,3.029398,1,8.550401544412672,2.2072208778165874
3527,A_PuertoRico_8_1934_PB1_205_2037,8.344256,3.2144647,1,8.550401544412672,2.2072208778165874
3528,A_PuertoRico_8_1934_PB1_205_2045,8.663414,2.766872,1,8.550401544412672,2.2072208778165874
3529,A_PuertoRico_8_1934_PB1_205_2056,8.047071,2.3339238,1,8.550401544412672,2.2072208778165874
3530,A_PuertoRico_8_1934_PB1_205_2057,6.585614,3.212746,1,8.550401544412672,2.2072208778165874
3531,A_PuertoRico_8_1934_PB1_205_2063,7.7799087,2.7044027,1,8.550401544412672,2.2072208778165874
3532,A_PuertoRico_8_1934_PB1_205_2085,7.9098744,2.60984,1,8.550401544412672,2.2072208778165874
3533,A_PuertoRico_8_1934_PB1_205_2095,7.162925,3.0687182,1,8.550401544412672,2.2072208778165874
3534,A_PuertoRico_8_1934_PB1_205_2110,10.221801,1.6177087,1,8.550401544412672,2.2072208778165874
3535,A_PuertoRico_8_1934_PB1_205_2117,7.600043,3.2398112,1,8.550401544412672,2.2072208778165874
3536,A_PuertoRico_8_1934_PB1_205_2129,8.009342,0.5054623,1,8.550401544412672,2.2072208778165874
3537,A_PuertoRico_8_1934_PB1_205_2165,9.851614,2.9062355,1,8.550401544412672,2.2072208778165874
3538,A_PuertoRico_8_1934_PB1_2060_2091,9.312892,1.3097768,1,8.550401544412672,2.2072208778165874
3539,A_PuertoRico_8_1934_PB1_2060_2096,8.244399,2.848957,1,8.550401544412672,2.2072208778165874
3540,A_PuertoRico_8_1934_PB1_2060_2110,10.152179,1.661314,1,8.550401544412672,2.2072208778165874
3541,A_PuertoRico_8_1934_PB1_2060_2129,8.216884,0.39429775,1,8.550401544412672,2.2072208778165874
3542,A_PuertoRico_8_1934_PB1_2062_2091,9.307047,1.2455795,1,8.550401544412672,2.2072208778165874
3543,A_PuertoRico_8_1934_PB1_2062_2117,7.499615,3.4293675,-1,,
3544,A_PuertoRico_8_1934_PB1_2064_2094,8.663517,2.1119065,1,8.550401544412672,2.2072208778165874
3545,A_PuertoRico_8_1934_PB1_2066_2100,-0.26253614,4.7022047,0,2.5527971814392396,5.152696836555193
3546,A_PuertoRico_8_1934_PB1_2069_2099,3.8702123,2.7249417,0,2.5527971814392396,5.152696836555193
3547,A_PuertoRico_8_1934_PB1_206_1987,3.6524997,4.084855,0,2.5527971814392396,5.152696836555193
3548,A_PuertoRico_8_1934_PB1_206_2055,3.6405332,4.0876355,0,2.5527971814392396,5.152696836555193
3549,A_PuertoRico_8_1934_PB1_2070_2094,7.742498,1.5055883,1,8.550401544412672,2.2072208778165874
3550,A_PuertoRico_8_1934_PB1_2070_2105,8.131925,2.024383,1,8.550401544412672,2.2072208778165874
3551,A_PuertoRico_8_1934_PB1_2070_2110,10.235775,1.5483793,1,8.550401544412672,2.2072208778165874
3552,A_PuertoRico_8_1934_PB1_2070_2129,7.970136,0.47129112,1,8.550401544412672,2.2072208778165874
3553,A_PuertoRico_8_1934_PB1_2070_2165,10.018993,2.8675053,1,8.550401544412672,2.2072208778165874
3554,A_PuertoRico_8_1934_PB1_2070_2177,10.069066,2.9730737,1,8.550401544412672,2.2072208778165874
3555,A_PuertoRico_8_1934_PB1_2071_2140,4.0428,4.109096,0,2.5527971814392396,5.152696836555193
3556,A_PuertoRico_8_1934_PB1_2073_2109,2.2576647,4.346113,0,2.5527971814392396,5.152696836555193
3557,A_PuertoRico_8_1934_PB1_2074_2097,-0.271494,5.0586543,0,2.5527971814392396,5.152696836555193
3558,A_PuertoRico_8_1934_PB1_2074_2100,-0.30366954,4.7209105,0,2.5527971814392396,5.152696836555193
3559,A_PuertoRico_8_1934_PB1_2074_2103,-0.13643135,4.779377,0,2.5527971814392396,5.152696836555193
3560,A_PuertoRico_8_1934_PB1_2075_2188,7.9826555,3.4199162,1,8.550401544412672,2.2072208778165874
3561,A_PuertoRico_8_1934_PB1_2076_2116,6.9165583,2.8759358,1,8.550401544412672,2.2072208778165874
3562,A_PuertoRico_8_1934_PB1_2079_2109,2.3207994,4.263652,0,2.5527971814392396,5.152696836555193
3563,A_PuertoRico_8_1934_PB1_2079_2128,2.8421075,4.311222,0,2.5527971814392396,5.152696836555193
3564,A_PuertoRico_8_1934_PB1_2079_2138,2.638192,3.7682884,0,2.5527971814392396,5.152696836555193
3565,A_PuertoRico_8_1934_PB1_2079_2164,2.4413967,4.5303855,0,2.5527971814392396,5.152696836555193
3566,A_PuertoRico_8_1934_PB1_207_1843,2.444573,3.6906075,0,2.5527971814392396,5.152696836555193
3567,A_PuertoRico_8_1934_PB1_207_1927,2.4230292,3.7567766,0,2.5527971814392396,5.152696836555193
3568,A_PuertoRico_8_1934_PB1_207_1994,2.321058,4.578252,0,2.5527971814392396,5.152696836555193
3569,A_PuertoRico_8_1934_PB1_207_2053,2.4020927,4.1924715,0,2.5527971814392396,5.152696836555193
3570,A_PuertoRico_8_1934_PB1_207_2073,2.326735,4.0300164,0,2.5527971814392396,5.152696836555193
3571,A_PuertoRico_8_1934_PB1_207_2081,1.5261878,4.214636,0,2.5527971814392396,5.152696836555193
3572,A_PuertoRico_8_1934_PB1_207_2109,2.3211303,4.25708,0,2.5527971814392396,5.152696836555193
3573,A_PuertoRico_8_1934_PB1_2080_2103,-0.11022645,4.7888618,0,2.5527971814392396,5.152696836555193
3574,A_PuertoRico_8_1934_PB1_2081_2110,10.126349,1.7482592,1,8.550401544412672,2.2072208778165874
3575,A_PuertoRico_8_1934_PB1_2082_2110,10.229373,1.6107489,1,8.550401544412672,2.2072208778165874
3576,A_PuertoRico_8_1934_PB1_2082_2116,7.0702004,2.8608344,1,8.550401544412672,2.2072208778165874
3577,A_PuertoRico_8_1934_PB1_2084_2110,10.231114,1.5223793,1,8.550401544412672,2.2072208778165874
3578,A_PuertoRico_8_1934_PB1_2084_2113,4.336468,2.6582255,0,2.5527971814392396,5.152696836555193
3579,A_PuertoRico_8_1934_PB1_2084_2129,8.160309,0.33442163,1,8.550401544412672,2.2072208778165874
3580,A_PuertoRico_8_1934_PB1_2084_2132,8.291663,1.8552436,1,8.550401544412672,2.2072208778165874
3581,A_PuertoRico_8_1934_PB1_2084_2139,9.29164,1.6615202,1,8.550401544412672,2.2072208778165874
3582,A_PuertoRico_8_1934_PB1_2084_2165,9.953838,2.7947013,1,8.550401544412672,2.2072208778165874
3583,A_PuertoRico_8_1934_PB1_2084_2177,10.0267935,2.9372082,1,8.550401544412672,2.2072208778165874
3584,A_PuertoRico_8_1934_PB1_2085_2141,7.9498544,1.6582603,1,8.550401544412672,2.2072208778165874
3585,A_PuertoRico_8_1934_PB1_2085_2144,5.834988,3.1472392,-1,,
3586,A_PuertoRico_8_1934_PB1_2086_2129,8.096892,0.38280582,1,8.550401544412672,2.2072208778165874
3587,A_PuertoRico_8_1934_PB1_2086_2232,7.390394,3.4698024,-1,,
3588,A_PuertoRico_8_1934_PB1_2087_2109,2.346706,4.2694783,0,2.5527971814392396,5.152696836555193
3589,A_PuertoRico_8_1934_PB1_2087_2111,3.118744,3.535662,0,2.5527971814392396,5.152696836555193
3590,A_PuertoRico_8_1934_PB1_2088_2114,0.2667264,4.4315295,0,2.5527971814392396,5.152696836555193
3591,A_PuertoRico_8_1934_PB1_2089_2113,4.198767,2.8474586,0,2.5527971814392396,5.152696836555193
3592,A_PuertoRico_8_1934_PB1_2089_2121,3.9822404,2.9637125,0,2.5527971814392396,5.152696836555193
3593,A_PuertoRico_8_1934_PB1_208_1960,0.15131891,4.578637,0,2.5527971814392396,5.152696836555193
3594,A_PuertoRico_8_1934_PB1_208_1997,0.20475774,4.675359,0,2.5527971814392396,5.152696836555193
3595,A_PuertoRico_8_1934_PB1_208_2003,0.10287617,4.552319,0,2.5527971814392396,5.152696836555193
3596,A_PuertoRico_8_1934_PB1_208_2006,0.06902949,4.5546093,0,2.5527971814392396,5.152696836555193
3597,A_PuertoRico_8_1934_PB1_208_2050,0.45132107,4.4888654,0,2.5527971814392396,5.152696836555193
3598,A_PuertoRico_8_1934_PB1_208_2075,0.33894518,4.5168395,0,2.5527971814392396,5.152696836555193
3599,A_PuertoRico_8_1934_PB1_208_2081,0.23986034,4.479531,0,2.5527971814392396,5.152696836555193
3600,A_PuertoRico_8_1934_PB1_208_2089,0.18632641,4.528458,0,2.5527971814392396,5.152696836555193
3601,A_PuertoRico_8_1934_PB1_208_2100,0.014250094,4.545782,0,2.5527971814392396,5.152696836555193
3602,A_PuertoRico_8_1934_PB1_208_2103,-0.03992828,4.7221427,0,2.5527971814392396,5.152696836555193
3603,A_PuertoRico_8_1934_PB1_208_2109,1.9464338,4.327579,0,2.5527971814392396,5.152696836555193
3604,A_PuertoRico_8_1934_PB1_208_2114,0.35049593,4.429945,0,2.5527971814392396,5.152696836555193
3605,A_PuertoRico_8_1934_PB1_208_2193,0.43268195,4.4925394,0,2.5527971814392396,5.152696836555193
3606,A_PuertoRico_8_1934_PB1_208_257,0.2734723,4.4859157,0,2.5527971814392396,5.152696836555193
3607,A_PuertoRico_8_1934_PB1_208_365,0.22228569,4.5205917,0,2.5527971814392396,5.152696836555193
3608,A_PuertoRico_8_1934_PB1_2090_2115,7.3235626,2.3804467,1,8.550401544412672,2.2072208778165874
3609,A_PuertoRico_8_1934_PB1_2090_2129,8.0753,0.40828905,1,8.550401544412672,2.2072208778165874
3610,A_PuertoRico_8_1934_PB1_2090_2132,8.091852,1.8378618,1,8.550401544412672,2.2072208778165874
3611,A_PuertoRico_8_1934_PB1_2090_2141,7.891907,1.6824892,1,8.550401544412672,2.2072208778165874
3612,A_PuertoRico_8_1934_PB1_2090_2165,9.94862,2.864479,1,8.550401544412672,2.2072208778165874
3613,A_PuertoRico_8_1934_PB1_2090_2177,9.993201,2.9359465,1,8.550401544412672,2.2072208778165874
3614,A_PuertoRico_8_1934_PB1_2091_2140,4.0157166,4.0460606,0,2.5527971814392396,5.152696836555193
3615,A_PuertoRico_8_1934_PB1_2093_2129,8.236513,0.41693196,1,8.550401544412672,2.2072208778165874
3616,A_PuertoRico_8_1934_PB1_2093_2137,8.47254,2.8139088,1,8.550401544412672,2.2072208778165874
3617,A_PuertoRico_8_1934_PB1_2093_2149,8.216706,1.3359128,1,8.550401544412672,2.2072208778165874
3618,A_PuertoRico_8_1934_PB1_2098_2124,5.0927525,3.1202826,-1,,
3619,A_PuertoRico_8_1934_PB1_209_1974,0.99724036,5.497,0,2.5527971814392396,5.152696836555193
3620,A_PuertoRico_8_1934_PB1_209_1999,3.3960178,2.4655478,0,2.5527971814392396,5.152696836555193
3621,A_PuertoRico_8_1934_PB1_2101_2128,2.940304,4.2339315,0,2.5527971814392396,5.152696836555193
3622,A_PuertoRico_8_1934_PB1_2104_2129,8.065983,0.39012358,1,8.550401544412672,2.2072208778165874
3623,A_PuertoRico_8_1934_PB1_2104_2139,9.142895,1.3459033,1,8.550401544412672,2.2072208778165874
3624,A_PuertoRico_8_1934_PB1_2104_2165,9.973239,2.6992733,1,8.550401544412672,2.2072208778165874
3625,A_PuertoRico_8_1934_PB1_2109_2132,8.077131,1.5992215,1,8.550401544412672,2.2072208778165874
3626,A_PuertoRico_8_1934_PB1_2109_2139,7.882955,1.5592414,1,8.550401544412672,2.2072208778165874
3627,A_PuertoRico_8_1934_PB1_2109_2141,7.9143367,1.5100706,1,8.550401544412672,2.2072208778165874
3628,A_PuertoRico_8_1934_PB1_2109_2149,8.103767,1.5389977,1,8.550401544412672,2.2072208778165874
3629,A_PuertoRico_8_1934_PB1_2109_2203,7.807274,1.6191202,1,8.550401544412672,2.2072208778165874
3630,A_PuertoRico_8_1934_PB1_2109_2230,7.72681,1.6675428,1,8.550401544412672,2.2072208778165874
3631,A_PuertoRico_8_1934_PB1_2109_2239,7.855719,1.5678197,1,8.550401544412672,2.2072208778165874
3632,A_PuertoRico_8_1934_PB1_210_1910,8.334804,3.1713154,1,8.550401544412672,2.2072208778165874
3633,A_PuertoRico_8_1934_PB1_210_2051,8.37864,3.1546261,1,8.550401544412672,2.2072208778165874
3634,A_PuertoRico_8_1934_PB1_210_2054,9.053139,1.4093622,1,8.550401544412672,2.2072208778165874
3635,A_PuertoRico_8_1934_PB1_210_2056,8.386109,2.9883344,1,8.550401544412672,2.2072208778165874
3636,A_PuertoRico_8_1934_PB1_210_2071,9.705276,1.6871194,1,8.550401544412672,2.2072208778165874
3637,A_PuertoRico_8_1934_PB1_210_2224,8.371281,3.1669297,1,8.550401544412672,2.2072208778165874
3638,A_PuertoRico_8_1934_PB1_2110_2138,2.7127922,3.2377632,0,2.5527971814392396,5.152696836555193
3639,A_PuertoRico_8_1934_PB1_2110_2159,2.8520477,3.1152296,0,2.5527971814392396,5.152696836555193
3640,A_PuertoRico_8_1934_PB1_2110_2166,2.923817,3.0599232,0,2.5527971814392396,5.152696836555193
3641,A_PuertoRico_8_1934_PB1_2110_2178,3.0025065,3.0160284,0,2.5527971814392396,5.152696836555193
3642,A_PuertoRico_8_1934_PB1_2114_2149,8.265402,1.3602556,1,8.550401544412672,2.2072208778165874
3643,A_PuertoRico_8_1934_PB1_2116_2165,9.888876,2.8091612,1,8.550401544412672,2.2072208778165874
3644,A_PuertoRico_8_1934_PB1_211_1993,3.9330976,5.11321,0,2.5527971814392396,5.152696836555193
3645,A_PuertoRico_8_1934_PB1_211_2173,4.0338383,5.240057,0,2.5527971814392396,5.152696836555193
3646,A_PuertoRico_8_1934_PB1_2127_2166,4.036433,3.2950516,0,2.5527971814392396,5.152696836555193
3647,A_PuertoRico_8_1934_PB1_2127_2204,4.300198,3.6414185,0,2.5527971814392396,5.152696836555193
3648,A_PuertoRico_8_1934_PB1_2128_2158,9.267838,3.003886,1,8.550401544412672,2.2072208778165874
3649,A_PuertoRico_8_1934_PB1_2128_2165,9.899685,2.7939284,1,8.550401544412672,2.2072208778165874
3650,A_PuertoRico_8_1934_PB1_2128_2177,9.988204,2.919696,1,8.550401544412672,2.2072208778165874
3651,A_PuertoRico_8_1934_PB1_2128_2234,8.564302,2.4091132,1,8.550401544412672,2.2072208778165874
3652,A_PuertoRico_8_1934_PB1_2128_2258,8.745846,2.6124337,1,8.550401544412672,2.2072208778165874
3653,A_PuertoRico_8_1934_PB1_212_2047,4.848064,3.6155684,-1,,
3654,A_PuertoRico_8_1934_PB1_212_2080,4.4078965,3.0013587,0,2.5527971814392396,5.152696836555193
3655,A_PuertoRico_8_1934_PB1_212_2101,4.8702183,3.6202493,-1,,
3656,A_PuertoRico_8_1934_PB1_212_2102,4.2567525,2.5922334,0,2.5527971814392396,5.152696836555193
3657,A_PuertoRico_8_1934_PB1_212_2113,4.429603,2.881448,0,2.5527971814392396,5.152696836555193
3658,A_PuertoRico_8_1934_PB1_2131_2158,9.010044,3.0338311,1,8.550401544412672,2.2072208778165874
3659,A_PuertoRico_8_1934_PB1_2134_2166,3.570516,3.0971658,0,2.5527971814392396,5.152696836555193
3660,A_PuertoRico_8_1934_PB1_2137_2166,3.8681798,3.179209,0,2.5527971814392396,5.152696836555193
3661,A_PuertoRico_8_1934_PB1_2138_2165,9.944523,2.8841126,1,8.550401544412672,2.2072208778165874
3662,A_PuertoRico_8_1934_PB1_2138_2230,8.021169,2.359579,1,8.550401544412672,2.2072208778165874
3663,A_PuertoRico_8_1934_PB1_213_1598,8.463603,2.1828578,1,8.550401544412672,2.2072208778165874
3664,A_PuertoRico_8_1934_PB1_213_1942,7.9784107,2.2860703,1,8.550401544412672,2.2072208778165874
3665,A_PuertoRico_8_1934_PB1_213_1949,8.175418,2.1207442,1,8.550401544412672,2.2072208778165874
3666,A_PuertoRico_8_1934_PB1_213_1958,9.37565,3.1415493,1,8.550401544412672,2.2072208778165874
3667,A_PuertoRico_8_1934_PB1_213_1971,8.964236,2.7225115,1,8.550401544412672,2.2072208778165874
3668,A_PuertoRico_8_1934_PB1_213_1988,8.961015,2.7699168,1,8.550401544412672,2.2072208778165874
3669,A_PuertoRico_8_1934_PB1_213_1995,9.532851,2.9662652,1,8.550401544412672,2.2072208778165874
3670,A_PuertoRico_8_1934_PB1_213_2008,7.925575,2.0201285,1,8.550401544412672,2.2072208778165874
3671,A_PuertoRico_8_1934_PB1_213_2037,8.743452,3.0777106,1,8.550401544412672,2.2072208778165874
3672,A_PuertoRico_8_1934_PB1_213_2045,8.766415,2.4271562,1,8.550401544412672,2.2072208778165874
3673,A_PuertoRico_8_1934_PB1_213_2056,8.15348,2.157484,1,8.550401544412672,2.2072208778165874
3674,A_PuertoRico_8_1934_PB1_213_2061,8.079099,2.3538816,1,8.550401544412672,2.2072208778165874
3675,A_PuertoRico_8_1934_PB1_213_2063,7.940385,2.302348,1,8.550401544412672,2.2072208778165874
3676,A_PuertoRico_8_1934_PB1_213_2085,8.160543,2.1785269,1,8.550401544412672,2.2072208778165874
3677,A_PuertoRico_8_1934_PB1_213_2087,8.645119,2.9128528,1,8.550401544412672,2.2072208778165874
3678,A_PuertoRico_8_1934_PB1_213_2094,8.038032,2.0054946,1,8.550401544412672,2.2072208778165874
3679,A_PuertoRico_8_1934_PB1_213_2110,10.1222315,1.6540667,1,8.550401544412672,2.2072208778165874
3680,A_PuertoRico_8_1934_PB1_213_2128,3.0277019,4.1902165,0,2.5527971814392396,5.152696836555193
3681,A_PuertoRico_8_1934_PB1_213_2129,8.124155,0.32669938,1,8.550401544412672,2.2072208778165874
3682,A_PuertoRico_8_1934_PB1_213_2132,8.207209,1.9100735,1,8.550401544412672,2.2072208778165874
3683,A_PuertoRico_8_1934_PB1_213_2149,8.131615,1.8318626,1,8.550401544412672,2.2072208778165874
3684,A_PuertoRico_8_1934_PB1_213_2158,8.982875,3.0720823,1,8.550401544412672,2.2072208778165874
3685,A_PuertoRico_8_1934_PB1_213_2186,7.96076,1.9621595,1,8.550401544412672,2.2072208778165874
3686,A_PuertoRico_8_1934_PB1_213_2230,8.140605,2.358336,1,8.550401544412672,2.2072208778165874
3687,A_PuertoRico_8_1934_PB1_213_254,8.204243,2.2964396,1,8.550401544412672,2.2072208778165874
3688,A_PuertoRico_8_1934_PB1_213_289,8.745345,2.1894257,1,8.550401544412672,2.2072208778165874
3689,A_PuertoRico_8_1934_PB1_213_298,8.187386,2.1202695,1,8.550401544412672,2.2072208778165874
3690,A_PuertoRico_8_1934_PB1_213_329,8.796967,2.4461389,1,8.550401544412672,2.2072208778165874
3691,A_PuertoRico_8_1934_PB1_2140_2165,9.919255,2.7626429,1,8.550401544412672,2.2072208778165874
3692,A_PuertoRico_8_1934_PB1_2142_2165,9.853883,2.8234255,1,8.550401544412672,2.2072208778165874
3693,A_PuertoRico_8_1934_PB1_2143_2165,9.940348,2.742935,1,8.550401544412672,2.2072208778165874
3694,A_PuertoRico_8_1934_PB1_2145_2199,9.352883,3.668562,1,8.550401544412672,2.2072208778165874
3695,A_PuertoRico_8_1934_PB1_2147_2169,4.347534,3.1174603,0,2.5527971814392396,5.152696836555193
3696,A_PuertoRico_8_1934_PB1_214_2015,3.8388157,4.098426,0,2.5527971814392396,5.152696836555193
3697,A_PuertoRico_8_1934_PB1_214_2017,3.9894307,3.953698,0,2.5527971814392396,5.152696836555193
3698,A_PuertoRico_8_1934_PB1_214_2055,3.8610053,4.0615473,0,2.5527971814392396,5.152696836555193
3699,A_PuertoRico_8_1934_PB1_214_2072,4.2829556,3.8594537,0,2.5527971814392396,5.152696836555193
3700,A_PuertoRico_8_1934_PB1_214_2140,3.9566107,4.06142,0,2.5527971814392396,5.152696836555193
3701,A_PuertoRico_8_1934_PB1_2156_2178,3.2440739,3.0055056,0,2.5527971814392396,5.152696836555193
3702,A_PuertoRico_8_1934_PB1_2156_2264,3.37498,2.9704926,0,2.5527971814392396,5.152696836555193
3703,A_PuertoRico_8_1934_PB1_2157_2186,7.7584724,1.943615,1,8.550401544412672,2.2072208778165874
3704,A_PuertoRico_8_1934_PB1_2157_2230,7.7869143,2.1320784,1,8.550401544412672,2.2072208778165874
3705,A_PuertoRico_8_1934_PB1_215_2043,2.7854695,4.1151423,0,2.5527971814392396,5.152696836555193
3706,A_PuertoRico_8_1934_PB1_215_2070,2.606157,4.1608105,0,2.5527971814392396,5.152696836555193
3707,A_PuertoRico_8_1934_PB1_215_2090,2.5158472,4.1823344,0,2.5527971814392396,5.152696836555193
3708,A_PuertoRico_8_1934_PB1_215_2093,2.795328,4.177521,0,2.5527971814392396,5.152696836555193
3709,A_PuertoRico_8_1934_PB1_215_2128,2.9377067,4.218215,0,2.5527971814392396,5.152696836555193
3710,A_PuertoRico_8_1934_PB1_215_2155,2.598476,4.1367593,0,2.5527971814392396,5.152696836555193
3711,A_PuertoRico_8_1934_PB1_2160_2256,3.5909576,2.84279,0,2.5527971814392396,5.152696836555193
3712,A_PuertoRico_8_1934_PB1_2161_2246,7.516287,2.5403674,1,8.550401544412672,2.2072208778165874
3713,A_PuertoRico_8_1934_PB1_2162_2187,-0.70780206,4.675765,0,2.5527971814392396,5.152696836555193
3714,A_PuertoRico_8_1934_PB1_2163_2200,3.5721877,2.550676,0,2.5527971814392396,5.152696836555193
3715,A_PuertoRico_8_1934_PB1_2164_2186,7.6231875,1.924625,1,8.550401544412672,2.2072208778165874
3716,A_PuertoRico_8_1934_PB1_2164_2203,7.4830084,1.8615035,1,8.550401544412672,2.2072208778165874
3717,A_PuertoRico_8_1934_PB1_2165_2229,2.8695598,3.8836348,0,2.5527971814392396,5.152696836555193
3718,A_PuertoRico_8_1934_PB1_2166_2210,0.11919905,4.8124013,0,2.5527971814392396,5.152696836555193
3719,A_PuertoRico_8_1934_PB1_216_2050,0.4569129,4.577173,0,2.5527971814392396,5.152696836555193
3720,A_PuertoRico_8_1934_PB1_2176_2203,7.4101987,1.7940995,1,8.550401544412672,2.2072208778165874
3721,A_PuertoRico_8_1934_PB1_2176_2230,7.559694,1.8672282,1,8.550401544412672,2.2072208778165874
3722,A_PuertoRico_8_1934_PB1_2178_2210,0.141415,4.759917,0,2.5527971814392396,5.152696836555193
3723,A_PuertoRico_8_1934_PB1_217_256,4.0164833,3.1234612,0,2.5527971814392396,5.152696836555193
3724,A_PuertoRico_8_1934_PB1_218_1701,8.864184,1.1640856,1,8.550401544412672,2.2072208778165874
3725,A_PuertoRico_8_1934_PB1_218_1988,9.168672,2.7017744,1,8.550401544412672,2.2072208778165874
3726,A_PuertoRico_8_1934_PB1_218_2014,9.113187,1.7786633,1,8.550401544412672,2.2072208778165874
3727,A_PuertoRico_8_1934_PB1_218_2054,9.095449,1.4097157,1,8.550401544412672,2.2072208778165874
3728,A_PuertoRico_8_1934_PB1_218_2071,9.848119,1.6540495,1,8.550401544412672,2.2072208778165874
3729,A_PuertoRico_8_1934_PB1_218_2091,9.529437,1.497241,1,8.550401544412672,2.2072208778165874
3730,A_PuertoRico_8_1934_PB1_218_2110,10.1053095,1.6571091,1,8.550401544412672,2.2072208778165874
3731,A_PuertoRico_8_1934_PB1_218_2129,8.170208,0.41171792,1,8.550401544412672,2.2072208778165874
3732,A_PuertoRico_8_1934_PB1_218_2158,9.176198,2.9529457,1,8.550401544412672,2.2072208778165874
3733,A_PuertoRico_8_1934_PB1_218_2177,10.047527,2.9778237,1,8.550401544412672,2.2072208778165874
3734,A_PuertoRico_8_1934_PB1_218_280,9.121927,2.5617175,1,8.550401544412672,2.2072208778165874
3735,A_PuertoRico_8_1934_PB1_2191_2229,3.34829,4.0038304,0,2.5527971814392396,5.152696836555193
3736,A_PuertoRico_8_1934_PB1_2194_2259,6.7781963,2.6515746,1,8.550401544412672,2.2072208778165874
3737,A_PuertoRico_8_1934_PB1_2196_2227,1.9554547,4.527563,0,2.5527971814392396,5.152696836555193
3738,A_PuertoRico_8_1934_PB1_2198_2246,7.229297,2.19036,1,8.550401544412672,2.2072208778165874
3739,A_PuertoRico_8_1934_PB1_2199_2229,2.7815392,3.8034613,0,2.5527971814392396,5.152696836555193
3740,A_PuertoRico_8_1934_PB1_219_2037,8.365427,3.2532797,1,8.550401544412672,2.2072208778165874
3741,A_PuertoRico_8_1934_PB1_219_2062,6.812802,3.2031355,1,8.550401544412672,2.2072208778165874
3742,A_PuertoRico_8_1934_PB1_219_2129,7.997729,0.48370513,1,8.550401544412672,2.2072208778165874
3743,A_PuertoRico_8_1934_PB1_2200_2222,0.6066345,5.0765734,0,2.5527971814392396,5.152696836555193
3744,A_PuertoRico_8_1934_PB1_2202_2230,7.9954777,2.2609923,1,8.550401544412672,2.2072208778165874
3745,A_PuertoRico_8_1934_PB1_2202_2239,7.170793,2.8259673,1,8.550401544412672,2.2072208778165874
3746,A_PuertoRico_8_1934_PB1_2202_2258,8.92507,3.3223658,1,8.550401544412672,2.2072208778165874
3747,A_PuertoRico_8_1934_PB1_2203_2247,4.08179,4.3193526,0,2.5527971814392396,5.152696836555193
3748,A_PuertoRico_8_1934_PB1_220_2093,2.844586,4.1752324,0,2.5527971814392396,5.152696836555193
3749,A_PuertoRico_8_1934_PB1_220_2194,2.8674762,4.1390457,0,2.5527971814392396,5.152696836555193
3750,A_PuertoRico_8_1934_PB1_2210_2241,8.155403,1.5770295,1,8.550401544412672,2.2072208778165874
3751,A_PuertoRico_8_1934_PB1_2216_2250,3.0216153,7.6483808,0,2.5527971814392396,5.152696836555193
3752,A_PuertoRico_8_1934_PB1_2220_2245,1.997654,4.0558896,0,2.5527971814392396,5.152696836555193
3753,A_PuertoRico_8_1934_PB1_2220_2257,0.8900513,4.3358617,0,2.5527971814392396,5.152696836555193
3754,A_PuertoRico_8_1934_PB1_2221_2257,0.29007357,4.581007,0,2.5527971814392396,5.152696836555193
3755,A_PuertoRico_8_1934_PB1_2228_2256,4.137952,2.767508,0,2.5527971814392396,5.152696836555193
3756,A_PuertoRico_8_1934_PB1_2228_2264,3.7171469,2.9396164,0,2.5527971814392396,5.152696836555193
3757,A_PuertoRico_8_1934_PB1_2229_2255,9.033362,2.8765447,1,8.550401544412672,2.2072208778165874
3758,A_PuertoRico_8_1934_PB1_2229_2270,8.43961,1.7983878,1,8.550401544412672,2.2072208778165874
3759,A_PuertoRico_8_1934_PB1_222_2103,-0.14094532,4.7720647,0,2.5527971814392396,5.152696836555193
3760,A_PuertoRico_8_1934_PB1_222_2127,4.203786,4.5120087,0,2.5527971814392396,5.152696836555193
3761,A_PuertoRico_8_1934_PB1_2230_2259,6.7603097,2.6366615,1,8.550401544412672,2.2072208778165874
3762,A_PuertoRico_8_1934_PB1_223_1897,9.506308,3.57846,1,8.550401544412672,2.2072208778165874
3763,A_PuertoRico_8_1934_PB1_223_1988,9.24401,2.6669424,1,8.550401544412672,2.2072208778165874
3764,A_PuertoRico_8_1934_PB1_223_2016,9.224641,1.9315714,1,8.550401544412672,2.2072208778165874
3765,A_PuertoRico_8_1934_PB1_223_2037,8.817189,2.9341865,1,8.550401544412672,2.2072208778165874
3766,A_PuertoRico_8_1934_PB1_223_2054,9.131926,1.43366,1,8.550401544412672,2.2072208778165874
3767,A_PuertoRico_8_1934_PB1_223_2071,9.783543,1.6708279,1,8.550401544412672,2.2072208778165874
3768,A_PuertoRico_8_1934_PB1_223_2091,9.490311,1.4309404,1,8.550401544412672,2.2072208778165874
3769,A_PuertoRico_8_1934_PB1_223_2110,10.139022,1.6377546,1,8.550401544412672,2.2072208778165874
3770,A_PuertoRico_8_1934_PB1_223_2129,8.22345,0.3817224,1,8.550401544412672,2.2072208778165874
3771,A_PuertoRico_8_1934_PB1_223_2139,9.338868,1.4935845,1,8.550401544412672,2.2072208778165874
3772,A_PuertoRico_8_1934_PB1_223_2146,9.154481,1.4301397,1,8.550401544412672,2.2072208778165874
3773,A_PuertoRico_8_1934_PB1_223_289,9.873019,1.8218632,1,8.550401544412672,2.2072208778165874
3774,A_PuertoRico_8_1934_PB1_224_1950,6.6622996,3.2124503,1,8.550401544412672,2.2072208778165874
3775,A_PuertoRico_8_1934_PB1_224_1988,6.910998,3.2136269,1,8.550401544412672,2.2072208778165874
3776,A_PuertoRico_8_1934_PB1_224_2037,7.994701,3.288095,1,8.550401544412672,2.2072208778165874
3777,A_PuertoRico_8_1934_PB1_224_2057,6.646377,3.2183156,1,8.550401544412672,2.2072208778165874
3778,A_PuertoRico_8_1934_PB1_224_2062,6.778597,3.2117934,1,8.550401544412672,2.2072208778165874
3779,A_PuertoRico_8_1934_PB1_224_2086,6.8965764,3.1009746,1,8.550401544412672,2.2072208778165874
3780,A_PuertoRico_8_1934_PB1_224_2110,10.244153,1.6198639,1,8.550401544412672,2.2072208778165874
3781,A_PuertoRico_8_1934_PB1_224_2118,7.0359545,3.1041331,1,8.550401544412672,2.2072208778165874
3782,A_PuertoRico_8_1934_PB1_224_2129,8.009625,0.47427416,1,8.550401544412672,2.2072208778165874
3783,A_PuertoRico_8_1934_PB1_224_255,6.7594957,3.2350318,1,8.550401544412672,2.2072208778165874
3784,A_PuertoRico_8_1934_PB1_225_2072,4.305917,3.8942838,0,2.5527971814392396,5.152696836555193
3785,A_PuertoRico_8_1934_PB1_227_2044,3.62196,4.188995,0,2.5527971814392396,5.152696836555193
3786,A_PuertoRico_8_1934_PB1_227_2069,1.5823945,5.3165445,0,2.5527971814392396,5.152696836555193
3787,A_PuertoRico_8_1934_PB1_228_1990,-0.43387124,5.1685257,0,2.5527971814392396,5.152696836555193
3788,A_PuertoRico_8_1934_PB1_230_1896,1.9000341,3.404061,-1,,
3789,A_PuertoRico_8_1934_PB1_230_2006,0.44789726,4.156067,0,2.5527971814392396,5.152696836555193
3790,A_PuertoRico_8_1934_PB1_231_1994,2.1756382,4.588655,0,2.5527971814392396,5.152696836555193
3791,A_PuertoRico_8_1934_PB1_231_2038,2.272796,4.3717504,0,2.5527971814392396,5.152696836555193
3792,A_PuertoRico_8_1934_PB1_231_2053,2.3786209,4.4442797,0,2.5527971814392396,5.152696836555193
3793,A_PuertoRico_8_1934_PB1_231_2078,1.985852,4.5237207,0,2.5527971814392396,5.152696836555193
3794,A_PuertoRico_8_1934_PB1_231_2085,8.093589,2.419404,1,8.550401544412672,2.2072208778165874
3795,A_PuertoRico_8_1934_PB1_231_2112,2.1786382,4.272938,0,2.5527971814392396,5.152696836555193
3796,A_PuertoRico_8_1934_PB1_232_2000,-0.12933895,4.8582006,0,2.5527971814392396,5.152696836555193
3797,A_PuertoRico_8_1934_PB1_232_2089,-0.058896214,4.7036705,0,2.5527971814392396,5.152696836555193
3798,A_PuertoRico_8_1934_PB1_232_2103,-0.19687504,4.763313,0,2.5527971814392396,5.152696836555193
3799,A_PuertoRico_8_1934_PB1_232_272,-0.06095826,4.845061,0,2.5527971814392396,5.152696836555193
3800,A_PuertoRico_8_1934_PB1_233_1821,8.40911,1.6324481,1,8.550401544412672,2.2072208778165874
3801,A_PuertoRico_8_1934_PB1_233_2068,8.560062,1.6668203,1,8.550401544412672,2.2072208778165874
3802,A_PuertoRico_8_1934_PB1_235_1960,0.08971689,4.736615,0,2.5527971814392396,5.152696836555193
3803,A_PuertoRico_8_1934_PB1_235_1963,0.1454279,4.852074,0,2.5527971814392396,5.152696836555193
3804,A_PuertoRico_8_1934_PB1_235_2201,0.14733511,4.7466784,0,2.5527971814392396,5.152696836555193
3805,A_PuertoRico_8_1934_PB1_235_272,0.13930687,4.7730637,0,2.5527971814392396,5.152696836555193
3806,A_PuertoRico_8_1934_PB1_237_2090,2.415634,4.178222,0,2.5527971814392396,5.152696836555193
3807,A_PuertoRico_8_1934_PB1_238_2168,9.267558,3.358304,1,8.550401544412672,2.2072208778165874
3808,A_PuertoRico_8_1934_PB1_239_2080,4.3828344,2.933763,0,2.5527971814392396,5.152696836555193
3809,A_PuertoRico_8_1934_PB1_240_1897,9.241992,3.4456446,1,8.550401544412672,2.2072208778165874
3810,A_PuertoRico_8_1934_PB1_240_1928,7.993472,2.3181622,1,8.550401544412672,2.2072208778165874
3811,A_PuertoRico_8_1934_PB1_240_2035,8.102283,2.2358122,1,8.550401544412672,2.2072208778165874
3812,A_PuertoRico_8_1934_PB1_240_2037,8.735473,3.1827538,1,8.550401544412672,2.2072208778165874
3813,A_PuertoRico_8_1934_PB1_240_2056,8.036282,2.086477,1,8.550401544412672,2.2072208778165874
3814,A_PuertoRico_8_1934_PB1_240_2061,8.015877,2.4389837,1,8.550401544412672,2.2072208778165874
3815,A_PuertoRico_8_1934_PB1_240_2077,8.076783,2.139934,1,8.550401544412672,2.2072208778165874
3816,A_PuertoRico_8_1934_PB1_240_2085,8.018201,2.1787133,1,8.550401544412672,2.2072208778165874
3817,A_PuertoRico_8_1934_PB1_240_2094,8.018143,2.114757,1,8.550401544412672,2.2072208778165874
3818,A_PuertoRico_8_1934_PB1_240_2110,10.0952,1.6439551,1,8.550401544412672,2.2072208778165874
3819,A_PuertoRico_8_1934_PB1_240_2129,8.111561,0.33752578,1,8.550401544412672,2.2072208778165874
3820,A_PuertoRico_8_1934_PB1_240_2132,8.182679,1.9059854,1,8.550401544412672,2.2072208778165874
3821,A_PuertoRico_8_1934_PB1_240_2141,8.070502,1.8781958,1,8.550401544412672,2.2072208778165874
3822,A_PuertoRico_8_1934_PB1_240_2158,8.987236,3.2207334,1,8.550401544412672,2.2072208778165874
3823,A_PuertoRico_8_1934_PB1_240_2165,9.827145,2.8987179,1,8.550401544412672,2.2072208778165874
3824,A_PuertoRico_8_1934_PB1_240_270,8.9331875,3.287568,1,8.550401544412672,2.2072208778165874
3825,A_PuertoRico_8_1934_PB1_241_2055,3.7333968,3.9700603,0,2.5527971814392396,5.152696836555193
3826,A_PuertoRico_8_1934_PB1_241_2092,4.1913667,3.8915725,0,2.5527971814392396,5.152696836555193
3827,A_PuertoRico_8_1934_PB1_241_2204,4.3111515,3.7538645,0,2.5527971814392396,5.152696836555193
3828,A_PuertoRico_8_1934_PB1_242_2018,2.5257132,3.6600292,0,2.5527971814392396,5.152696836555193
3829,A_PuertoRico_8_1934_PB1_242_2073,2.3681836,3.953091,0,2.5527971814392396,5.152696836555193
3830,A_PuertoRico_8_1934_PB1_242_2107,2.5635762,3.972633,0,2.5527971814392396,5.152696836555193
3831,A_PuertoRico_8_1934_PB1_244_1999,3.6281376,2.4427938,0,2.5527971814392396,5.152696836555193
3832,A_PuertoRico_8_1934_PB1_245_2191,3.6525135,3.4578319,0,2.5527971814392396,5.152696836555193
3833,A_PuertoRico_8_1934_PB1_246_1744,9.657991,1.827403,1,8.550401544412672,2.2072208778165874
3834,A_PuertoRico_8_1934_PB1_246_1949,8.529814,2.2688074,1,8.550401544412672,2.2072208778165874
3835,A_PuertoRico_8_1934_PB1_246_1988,9.030335,2.5242414,1,8.550401544412672,2.2072208778165874
3836,A_PuertoRico_8_1934_PB1_246_2071,9.710313,1.7700081,1,8.550401544412672,2.2072208778165874
3837,A_PuertoRico_8_1934_PB1_246_2143,7.5741553,2.5322495,1,8.550401544412672,2.2072208778165874
3838,A_PuertoRico_8_1934_PB1_247_1996,3.2797163,3.0206106,0,2.5527971814392396,5.152696836555193
3839,A_PuertoRico_8_1934_PB1_247_2159,2.9128084,3.4096951,0,2.5527971814392396,5.152696836555193
3840,A_PuertoRico_8_1934_PB1_248_2177,10.078029,3.01311,1,8.550401544412672,2.2072208778165874
3841,A_PuertoRico_8_1934_PB1_249_1929,7.0657654,3.107139,1,8.550401544412672,2.2072208778165874
3842,A_PuertoRico_8_1934_PB1_250_2016,9.219639,1.9602939,1,8.550401544412672,2.2072208778165874
3843,A_PuertoRico_8_1934_PB1_251_1522,8.496736,3.4367654,1,8.550401544412672,2.2072208778165874
3844,A_PuertoRico_8_1934_PB1_251_1901,8.2387705,2.8923714,1,8.550401544412672,2.2072208778165874
3845,A_PuertoRico_8_1934_PB1_251_1934,8.656464,3.334674,1,8.550401544412672,2.2072208778165874
3846,A_PuertoRico_8_1934_PB1_251_1942,8.230014,3.150302,1,8.550401544412672,2.2072208778165874
3847,A_PuertoRico_8_1934_PB1_251_2037,8.634569,3.2196255,1,8.550401544412672,2.2072208778165874
3848,A_PuertoRico_8_1934_PB1_251_2110,10.191404,1.6767695,1,8.550401544412672,2.2072208778165874
3849,A_PuertoRico_8_1934_PB1_251_2111,8.546248,3.3535798,1,8.550401544412672,2.2072208778165874
3850,A_PuertoRico_8_1934_PB1_252_1885,4.1694784,4.4325395,0,2.5527971814392396,5.152696836555193
3851,A_PuertoRico_8_1934_PB1_252_1898,3.2995696,2.6286902,0,2.5527971814392396,5.152696836555193
3852,A_PuertoRico_8_1934_PB1_252_1956,3.9318204,2.5113516,0,2.5527971814392396,5.152696836555193
3853,A_PuertoRico_8_1934_PB1_252_1972,3.60077,2.5099812,0,2.5527971814392396,5.152696836555193
3854,A_PuertoRico_8_1934_PB1_252_1973,0.010286447,5.5109973,0,2.5527971814392396,5.152696836555193
3855,A_PuertoRico_8_1934_PB1_252_2049,4.2054753,2.6831222,0,2.5527971814392396,5.152696836555193
3856,A_PuertoRico_8_1934_PB1_252_2074,4.20675,2.6047025,0,2.5527971814392396,5.152696836555193
3857,A_PuertoRico_8_1934_PB1_253_1884,8.996103,1.5204561,1,8.550401544412672,2.2072208778165874
3858,A_PuertoRico_8_1934_PB1_253_1897,9.423501,3.5558555,1,8.550401544412672,2.2072208778165874
3859,A_PuertoRico_8_1934_PB1_253_1934,8.996123,3.3483143,1,8.550401544412672,2.2072208778165874
3860,A_PuertoRico_8_1934_PB1_253_1947,8.599747,1.6699613,1,8.550401544412672,2.2072208778165874
3861,A_PuertoRico_8_1934_PB1_253_1954,8.467652,1.37837,1,8.550401544412672,2.2072208778165874
3862,A_PuertoRico_8_1934_PB1_253_1958,9.452179,3.1688378,1,8.550401544412672,2.2072208778165874
3863,A_PuertoRico_8_1934_PB1_253_1961,9.349163,3.4326105,1,8.550401544412672,2.2072208778165874
3864,A_PuertoRico_8_1934_PB1_253_1969,9.02202,1.9152819,1,8.550401544412672,2.2072208778165874
3865,A_PuertoRico_8_1934_PB1_253_1971,9.295704,2.7879343,1,8.550401544412672,2.2072208778165874
3866,A_PuertoRico_8_1934_PB1_253_1988,9.164909,2.9838204,1,8.550401544412672,2.2072208778165874
3867,A_PuertoRico_8_1934_PB1_253_1995,9.528041,3.0555377,1,8.550401544412672,2.2072208778165874
3868,A_PuertoRico_8_1934_PB1_253_1998,9.322452,3.2087195,1,8.550401544412672,2.2072208778165874
3869,A_PuertoRico_8_1934_PB1_253_2014,8.843575,1.7826899,1,8.550401544412672,2.2072208778165874
3870,A_PuertoRico_8_1934_PB1_253_2033,8.675616,1.609438,1,8.550401544412672,2.2072208778165874
3871,A_PuertoRico_8_1934_PB1_253_2054,8.8135805,1.4113908,1,8.550401544412672,2.2072208778165874
3872,A_PuertoRico_8_1934_PB1_253_2063,7.988137,2.595877,1,8.550401544412672,2.2072208778165874
3873,A_PuertoRico_8_1934_PB1_253_2071,9.681102,1.7527273,1,8.550401544412672,2.2072208778165874
3874,A_PuertoRico_8_1934_PB1_253_2083,8.591799,1.4515111,1,8.550401544412672,2.2072208778165874
3875,A_PuertoRico_8_1934_PB1_253_2091,9.123938,1.3456647,1,8.550401544412672,2.2072208778165874
3876,A_PuertoRico_8_1934_PB1_253_2110,9.894881,1.8319415,1,8.550401544412672,2.2072208778165874
3877,A_PuertoRico_8_1934_PB1_253_2158,9.064022,3.1588104,1,8.550401544412672,2.2072208778165874
3878,A_PuertoRico_8_1934_PB1_253_280,8.914534,2.2214646,1,8.550401544412672,2.2072208778165874
3879,A_PuertoRico_8_1934_PB1_253_282,9.3160095,2.984621,1,8.550401544412672,2.2072208778165874
3880,A_PuertoRico_8_1934_PB1_253_289,9.798112,1.9969403,1,8.550401544412672,2.2072208778165874
3881,A_PuertoRico_8_1934_PB1_254_1929,6.778929,3.1500378,1,8.550401544412672,2.2072208778165874
3882,A_PuertoRico_8_1934_PB1_254_1983,6.739337,3.1615038,1,8.550401544412672,2.2072208778165874
3883,A_PuertoRico_8_1934_PB1_254_2009,6.6930046,3.174406,1,8.550401544412672,2.2072208778165874
3884,A_PuertoRico_8_1934_PB1_254_2057,6.6204734,3.190114,1,8.550401544412672,2.2072208778165874
3885,A_PuertoRico_8_1934_PB1_254_2062,6.7963376,3.2405574,1,8.550401544412672,2.2072208778165874
3886,A_PuertoRico_8_1934_PB1_254_2086,6.7873597,3.1780646,1,8.550401544412672,2.2072208778165874
3887,A_PuertoRico_8_1934_PB1_254_295,6.70285,3.1656234,1,8.550401544412672,2.2072208778165874
3888,A_PuertoRico_8_1934_PB1_255_2029,2.7172089,4.430901,0,2.5527971814392396,5.152696836555193
3889,A_PuertoRico_8_1934_PB1_255_2053,2.4749703,4.264652,0,2.5527971814392396,5.152696836555193
3890,A_PuertoRico_8_1934_PB1_255_2055,2.9352317,4.1406856,0,2.5527971814392396,5.152696836555193
3891,A_PuertoRico_8_1934_PB1_255_2090,2.466838,4.241412,0,2.5527971814392396,5.152696836555193
3892,A_PuertoRico_8_1934_PB1_256_1899,-0.3886486,4.7005744,0,2.5527971814392396,5.152696836555193
3893,A_PuertoRico_8_1934_PB1_256_1920,2.8475833,3.3955767,0,2.5527971814392396,5.152696836555193
3894,A_PuertoRico_8_1934_PB1_256_1963,-0.040574882,4.9216886,0,2.5527971814392396,5.152696836555193
3895,A_PuertoRico_8_1934_PB1_256_2000,-0.26662195,4.9275646,0,2.5527971814392396,5.152696836555193
3896,A_PuertoRico_8_1934_PB1_256_2006,-0.07763119,4.6689014,0,2.5527971814392396,5.152696836555193
3897,A_PuertoRico_8_1934_PB1_256_2022,-0.34006062,4.7847314,0,2.5527971814392396,5.152696836555193
3898,A_PuertoRico_8_1934_PB1_256_2080,3.7734406,3.2404869,0,2.5527971814392396,5.152696836555193
3899,A_PuertoRico_8_1934_PB1_256_2100,-0.13313425,4.6954274,0,2.5527971814392396,5.152696836555193
3900,A_PuertoRico_8_1934_PB1_256_2103,-0.115280986,4.81581,0,2.5527971814392396,5.152696836555193
3901,A_PuertoRico_8_1934_PB1_256_2167,-0.29741308,4.99013,0,2.5527971814392396,5.152696836555193
3902,A_PuertoRico_8_1934_PB1_256_301,-0.1867182,4.86717,0,2.5527971814392396,5.152696836555193
3903,A_PuertoRico_8_1934_PB1_257_1871,9.109618,3.8448315,1,8.550401544412672,2.2072208778165874
3904,A_PuertoRico_8_1934_PB1_257_1958,9.3406105,3.4468021,1,8.550401544412672,2.2072208778165874
3905,A_PuertoRico_8_1934_PB1_257_1998,9.223464,3.5826862,1,8.550401544412672,2.2072208778165874
3906,A_PuertoRico_8_1934_PB1_257_2024,8.774871,3.4055173,1,8.550401544412672,2.2072208778165874
3907,A_PuertoRico_8_1934_PB1_257_2074,4.157905,2.8489592,0,2.5527971814392396,5.152696836555193
3908,A_PuertoRico_8_1934_PB1_257_2080,4.13773,2.9735816,0,2.5527971814392396,5.152696836555193
3909,A_PuertoRico_8_1934_PB1_257_289,9.827368,2.1049616,1,8.550401544412672,2.2072208778165874
3910,A_PuertoRico_8_1934_PB1_258_1829,7.314627,2.358286,1,8.550401544412672,2.2072208778165874
3911,A_PuertoRico_8_1934_PB1_258_1887,7.2509265,2.2054927,1,8.550401544412672,2.2072208778165874
3912,A_PuertoRico_8_1934_PB1_258_1942,7.2422853,2.3726058,1,8.550401544412672,2.2072208778165874
3913,A_PuertoRico_8_1934_PB1_258_1949,7.190782,2.3077226,1,8.550401544412672,2.2072208778165874
3914,A_PuertoRico_8_1934_PB1_258_1956,7.0623927,2.2317863,1,8.550401544412672,2.2072208778165874
3915,A_PuertoRico_8_1934_PB1_258_1958,9.353832,3.1642253,1,8.550401544412672,2.2072208778165874
3916,A_PuertoRico_8_1934_PB1_258_1988,8.871777,2.9342992,1,8.550401544412672,2.2072208778165874
3917,A_PuertoRico_8_1934_PB1_258_1995,9.334767,3.0474608,1,8.550401544412672,2.2072208778165874
3918,A_PuertoRico_8_1934_PB1_258_2030,7.252577,2.1291258,1,8.550401544412672,2.2072208778165874
3919,A_PuertoRico_8_1934_PB1_258_2052,6.840628,2.4796038,1,8.550401544412672,2.2072208778165874
3920,A_PuertoRico_8_1934_PB1_258_2063,7.167925,2.2390764,1,8.550401544412672,2.2072208778165874
3921,A_PuertoRico_8_1934_PB1_258_2082,7.2890234,2.363487,1,8.550401544412672,2.2072208778165874
3922,A_PuertoRico_8_1934_PB1_258_2105,7.191199,2.3358605,1,8.550401544412672,2.2072208778165874
3923,A_PuertoRico_8_1934_PB1_258_2129,7.912941,0.6022447,1,8.550401544412672,2.2072208778165874
3924,A_PuertoRico_8_1934_PB1_258_2141,7.2425756,2.166665,1,8.550401544412672,2.2072208778165874
3925,A_PuertoRico_8_1934_PB1_258_2177,9.841184,2.9353065,1,8.550401544412672,2.2072208778165874
3926,A_PuertoRico_8_1934_PB1_258_2259,6.8827925,2.530677,1,8.550401544412672,2.2072208778165874
3927,A_PuertoRico_8_1934_PB1_258_289,7.2105846,2.2806375,1,8.550401544412672,2.2072208778165874
3928,A_PuertoRico_8_1934_PB1_258_298,7.214728,2.2745128,1,8.550401544412672,2.2072208778165874
3929,A_PuertoRico_8_1934_PB1_259_2015,3.8695116,4.0516176,0,2.5527971814392396,5.152696836555193
3930,A_PuertoRico_8_1934_PB1_259_2072,4.3149533,3.8544776,0,2.5527971814392396,5.152696836555193
3931,A_PuertoRico_8_1934_PB1_259_2204,4.319529,3.7615323,0,2.5527971814392396,5.152696836555193
3932,A_PuertoRico_8_1934_PB1_25_2116,6.8836846,2.8356142,1,8.550401544412672,2.2072208778165874
3933,A_PuertoRico_8_1934_PB1_260_1989,3.995823,2.4314654,0,2.5527971814392396,5.152696836555193
3934,A_PuertoRico_8_1934_PB1_260_1996,4.003174,2.4428773,0,2.5527971814392396,5.152696836555193
3935,A_PuertoRico_8_1934_PB1_260_1999,4.0748935,2.374054,0,2.5527971814392396,5.152696836555193
3936,A_PuertoRico_8_1934_PB1_260_2002,4.0808344,2.3741114,0,2.5527971814392396,5.152696836555193
3937,A_PuertoRico_8_1934_PB1_260_2074,4.135304,2.4959395,0,2.5527971814392396,5.152696836555193
3938,A_PuertoRico_8_1934_PB1_260_2099,4.0525184,2.4129024,0,2.5527971814392396,5.152696836555193
3939,A_PuertoRico_8_1934_PB1_260_2102,4.0878735,2.4025156,0,2.5527971814392396,5.152696836555193
3940,A_PuertoRico_8_1934_PB1_260_284,4.119794,2.4126835,0,2.5527971814392396,5.152696836555193
3941,A_PuertoRico_8_1934_PB1_260_286,4.0961375,2.3692286,0,2.5527971814392396,5.152696836555193
3942,A_PuertoRico_8_1934_PB1_261_1723,9.340649,2.178168,1,8.550401544412672,2.2072208778165874
3943,A_PuertoRico_8_1934_PB1_261_1887,9.102724,2.2347145,1,8.550401544412672,2.2072208778165874
3944,A_PuertoRico_8_1934_PB1_261_1897,9.494396,3.561537,1,8.550401544412672,2.2072208778165874
3945,A_PuertoRico_8_1934_PB1_261_1906,9.346778,2.2702985,1,8.550401544412672,2.2072208778165874
3946,A_PuertoRico_8_1934_PB1_261_1934,9.005001,3.0014858,1,8.550401544412672,2.2072208778165874
3947,A_PuertoRico_8_1934_PB1_261_1954,9.450978,2.0598154,1,8.550401544412672,2.2072208778165874
3948,A_PuertoRico_8_1934_PB1_261_1958,9.526607,3.0636563,1,8.550401544412672,2.2072208778165874
3949,A_PuertoRico_8_1934_PB1_261_1961,9.4121,3.2549767,1,8.550401544412672,2.2072208778165874
3950,A_PuertoRico_8_1934_PB1_261_1969,9.232149,1.9612325,1,8.550401544412672,2.2072208778165874
3951,A_PuertoRico_8_1934_PB1_261_1971,9.344654,2.5588973,1,8.550401544412672,2.2072208778165874
3952,A_PuertoRico_8_1934_PB1_261_1978,9.371416,2.1962745,1,8.550401544412672,2.2072208778165874
3953,A_PuertoRico_8_1934_PB1_261_1988,9.21533,2.7194648,1,8.550401544412672,2.2072208778165874
3954,A_PuertoRico_8_1934_PB1_261_1995,9.580074,2.8515005,1,8.550401544412672,2.2072208778165874
3955,A_PuertoRico_8_1934_PB1_261_2014,9.166227,2.0110006,1,8.550401544412672,2.2072208778165874
3956,A_PuertoRico_8_1934_PB1_261_2016,9.258094,2.0462732,1,8.550401544412672,2.2072208778165874
3957,A_PuertoRico_8_1934_PB1_261_2037,9.022209,2.9002185,1,8.550401544412672,2.2072208778165874
3958,A_PuertoRico_8_1934_PB1_261_2045,9.395333,2.3477805,1,8.550401544412672,2.2072208778165874
3959,A_PuertoRico_8_1934_PB1_261_2054,9.033803,1.5520068,1,8.550401544412672,2.2072208778165874
3960,A_PuertoRico_8_1934_PB1_261_2068,9.13186,2.0221457,1,8.550401544412672,2.2072208778165874
3961,A_PuertoRico_8_1934_PB1_261_2071,9.765086,1.7855676,1,8.550401544412672,2.2072208778165874
3962,A_PuertoRico_8_1934_PB1_261_2079,9.442532,2.6190367,1,8.550401544412672,2.2072208778165874
3963,A_PuertoRico_8_1934_PB1_261_2091,9.557216,1.6197128,1,8.550401544412672,2.2072208778165874
3964,A_PuertoRico_8_1934_PB1_261_2110,10.053807,1.7893493,1,8.550401544412672,2.2072208778165874
3965,A_PuertoRico_8_1934_PB1_261_2129,8.165705,0.41079193,1,8.550401544412672,2.2072208778165874
3966,A_PuertoRico_8_1934_PB1_261_2141,8.374195,1.6069765,1,8.550401544412672,2.2072208778165874
3967,A_PuertoRico_8_1934_PB1_261_2165,9.699326,2.643401,1,8.550401544412672,2.2072208778165874
3968,A_PuertoRico_8_1934_PB1_261_289,9.884615,1.9729995,1,8.550401544412672,2.2072208778165874
3969,A_PuertoRico_8_1934_PB1_261_329,9.638539,2.2873898,1,8.550401544412672,2.2072208778165874
3970,A_PuertoRico_8_1934_PB1_262_1631,6.583384,2.922392,1,8.550401544412672,2.2072208778165874
3971,A_PuertoRico_8_1934_PB1_262_1824,6.5307283,2.853277,1,8.550401544412672,2.2072208778165874
3972,A_PuertoRico_8_1934_PB1_262_1859,6.566477,2.8882504,1,8.550401544412672,2.2072208778165874
3973,A_PuertoRico_8_1934_PB1_262_1902,6.371819,2.7909322,1,8.550401544412672,2.2072208778165874
3974,A_PuertoRico_8_1934_PB1_262_1929,6.5767903,2.9397898,1,8.550401544412672,2.2072208778165874
3975,A_PuertoRico_8_1934_PB1_262_1950,6.4796505,2.9986603,1,8.550401544412672,2.2072208778165874
3976,A_PuertoRico_8_1934_PB1_262_2052,6.485567,2.8281488,1,8.550401544412672,2.2072208778165874
3977,A_PuertoRico_8_1934_PB1_262_2062,6.690115,3.0220125,1,8.550401544412672,2.2072208778165874
3978,A_PuertoRico_8_1934_PB1_262_2086,6.6413145,2.9225845,1,8.550401544412672,2.2072208778165874
3979,A_PuertoRico_8_1934_PB1_262_2095,6.676692,2.971829,1,8.550401544412672,2.2072208778165874
3980,A_PuertoRico_8_1934_PB1_262_2106,6.4542446,2.8774343,1,8.550401544412672,2.2072208778165874
3981,A_PuertoRico_8_1934_PB1_263_2078,0.7151762,4.7412,0,2.5527971814392396,5.152696836555193
3982,A_PuertoRico_8_1934_PB1_263_301,-0.116145514,5.0398183,0,2.5527971814392396,5.152696836555193
3983,A_PuertoRico_8_1934_PB1_264_2055,3.247647,3.9672718,0,2.5527971814392396,5.152696836555193
3984,A_PuertoRico_8_1934_PB1_264_2059,3.3840969,2.4832325,0,2.5527971814392396,5.152696836555193
3985,A_PuertoRico_8_1934_PB1_264_2109,2.3224323,4.2842774,0,2.5527971814392396,5.152696836555193
3986,A_PuertoRico_8_1934_PB1_265_1945,-0.14929254,4.545607,0,2.5527971814392396,5.152696836555193
3987,A_PuertoRico_8_1934_PB1_265_2003,-0.21936445,4.5728197,0,2.5527971814392396,5.152696836555193
3988,A_PuertoRico_8_1934_PB1_265_2006,-0.18539804,4.51743,0,2.5527971814392396,5.152696836555193
3989,A_PuertoRico_8_1934_PB1_265_2013,1.7411988,4.4725423,0,2.5527971814392396,5.152696836555193
3990,A_PuertoRico_8_1934_PB1_265_2089,-0.10476272,4.5206985,0,2.5527971814392396,5.152696836555193
3991,A_PuertoRico_8_1934_PB1_266_1788,0.97354305,5.3311744,0,2.5527971814392396,5.152696836555193
3992,A_PuertoRico_8_1934_PB1_266_293,1.1421705,5.2699895,0,2.5527971814392396,5.152696836555193
3993,A_PuertoRico_8_1934_PB1_267_1956,3.798555,2.4138372,0,2.5527971814392396,5.152696836555193
3994,A_PuertoRico_8_1934_PB1_267_2043,3.96458,2.326194,0,2.5527971814392396,5.152696836555193
3995,A_PuertoRico_8_1934_PB1_267_2099,3.8072166,2.6227527,0,2.5527971814392396,5.152696836555193
3996,A_PuertoRico_8_1934_PB1_268_1898,3.6448507,2.6024516,0,2.5527971814392396,5.152696836555193
3997,A_PuertoRico_8_1934_PB1_268_1962,3.794276,2.683912,0,2.5527971814392396,5.152696836555193
3998,A_PuertoRico_8_1934_PB1_268_1989,3.8085084,2.7569,0,2.5527971814392396,5.152696836555193
3999,A_PuertoRico_8_1934_PB1_268_2005,3.707095,2.582466,0,2.5527971814392396,5.152696836555193
4000,A_PuertoRico_8_1934_PB1_268_2080,3.9382215,2.8188124,0,2.5527971814392396,5.152696836555193
4001,A_PuertoRico_8_1934_PB1_268_2099,3.9110043,2.769799,0,2.5527971814392396,5.152696836555193
4002,A_PuertoRico_8_1934_PB1_268_2113,3.959944,2.704224,0,2.5527971814392396,5.152696836555193
4003,A_PuertoRico_8_1934_PB1_268_2183,3.9562514,2.6869183,0,2.5527971814392396,5.152696836555193
4004,A_PuertoRico_8_1934_PB1_269_1630,7.4581676,1.9460982,1,8.550401544412672,2.2072208778165874
4005,A_PuertoRico_8_1934_PB1_269_1753,7.385448,1.8541338,1,8.550401544412672,2.2072208778165874
4006,A_PuertoRico_8_1934_PB1_269_1884,7.4575167,1.6448119,1,8.550401544412672,2.2072208778165874
4007,A_PuertoRico_8_1934_PB1_269_1896,1.9767559,3.297833,-1,,
4008,A_PuertoRico_8_1934_PB1_269_1901,7.353334,1.8123335,1,8.550401544412672,2.2072208778165874
4009,A_PuertoRico_8_1934_PB1_269_1906,7.295272,1.7842681,1,8.550401544412672,2.2072208778165874
4010,A_PuertoRico_8_1934_PB1_269_1942,7.318109,1.9053743,1,8.550401544412672,2.2072208778165874
4011,A_PuertoRico_8_1934_PB1_269_1949,7.3293443,1.8239223,1,8.550401544412672,2.2072208778165874
4012,A_PuertoRico_8_1934_PB1_269_1954,7.3415885,1.7922072,1,8.550401544412672,2.2072208778165874
4013,A_PuertoRico_8_1934_PB1_269_1986,7.3920836,1.7054508,1,8.550401544412672,2.2072208778165874
4014,A_PuertoRico_8_1934_PB1_269_2008,7.3078837,1.822006,1,8.550401544412672,2.2072208778165874
4015,A_PuertoRico_8_1934_PB1_269_2011,7.3637013,1.8356849,1,8.550401544412672,2.2072208778165874
4016,A_PuertoRico_8_1934_PB1_269_2014,7.412607,1.6035961,1,8.550401544412672,2.2072208778165874
4017,A_PuertoRico_8_1934_PB1_269_2016,7.354631,1.8004062,1,8.550401544412672,2.2072208778165874
4018,A_PuertoRico_8_1934_PB1_269_2054,7.4909544,1.5290704,1,8.550401544412672,2.2072208778165874
4019,A_PuertoRico_8_1934_PB1_269_2056,7.4241743,1.8101491,1,8.550401544412672,2.2072208778165874
4020,A_PuertoRico_8_1934_PB1_269_2061,7.598515,2.1976273,1,8.550401544412672,2.2072208778165874
4021,A_PuertoRico_8_1934_PB1_269_2065,7.4017124,1.647086,1,8.550401544412672,2.2072208778165874
4022,A_PuertoRico_8_1934_PB1_269_2071,7.443517,1.6403383,1,8.550401544412672,2.2072208778165874
4023,A_PuertoRico_8_1934_PB1_269_2085,7.4001656,1.7063832,1,8.550401544412672,2.2072208778165874
4024,A_PuertoRico_8_1934_PB1_269_2091,7.35442,1.7604393,1,8.550401544412672,2.2072208778165874
4025,A_PuertoRico_8_1934_PB1_269_2095,7.3241353,1.8533489,1,8.550401544412672,2.2072208778165874
4026,A_PuertoRico_8_1934_PB1_269_2129,8.079781,0.40676278,1,8.550401544412672,2.2072208778165874
4027,A_PuertoRico_8_1934_PB1_269_2149,7.7112913,1.5994488,1,8.550401544412672,2.2072208778165874
4028,A_PuertoRico_8_1934_PB1_269_2203,7.3536415,1.8010125,1,8.550401544412672,2.2072208778165874
4029,A_PuertoRico_8_1934_PB1_269_2246,7.2792883,1.9165118,1,8.550401544412672,2.2072208778165874
4030,A_PuertoRico_8_1934_PB1_270_1629,2.7973757,3.8069139,0,2.5527971814392396,5.152696836555193
4031,A_PuertoRico_8_1934_PB1_270_1935,2.6550608,3.873807,0,2.5527971814392396,5.152696836555193
4032,A_PuertoRico_8_1934_PB1_270_1969,2.7169127,3.7505064,0,2.5527971814392396,5.152696836555193
4033,A_PuertoRico_8_1934_PB1_270_2013,2.57891,3.9518392,0,2.5527971814392396,5.152696836555193
4034,A_PuertoRico_8_1934_PB1_270_2038,2.7020495,3.7630103,0,2.5527971814392396,5.152696836555193
4035,A_PuertoRico_8_1934_PB1_270_2044,2.5693035,3.8426237,0,2.5527971814392396,5.152696836555193
4036,A_PuertoRico_8_1934_PB1_270_2046,2.8063078,3.6836576,0,2.5527971814392396,5.152696836555193
4037,A_PuertoRico_8_1934_PB1_270_2053,2.5273547,4.0000844,0,2.5527971814392396,5.152696836555193
4038,A_PuertoRico_8_1934_PB1_270_2055,2.870776,3.8329074,0,2.5527971814392396,5.152696836555193
4039,A_PuertoRico_8_1934_PB1_270_2070,2.5349863,3.9529579,0,2.5527971814392396,5.152696836555193
4040,A_PuertoRico_8_1934_PB1_270_2082,2.615377,3.9198735,0,2.5527971814392396,5.152696836555193
4041,A_PuertoRico_8_1934_PB1_270_2109,2.56393,3.9518876,0,2.5527971814392396,5.152696836555193
4042,A_PuertoRico_8_1934_PB1_270_2111,3.1010685,3.5943797,0,2.5527971814392396,5.152696836555193
4043,A_PuertoRico_8_1934_PB1_270_2159,2.8030133,3.6563516,0,2.5527971814392396,5.152696836555193
4044,A_PuertoRico_8_1934_PB1_271_1919,-0.07177321,4.26669,0,2.5527971814392396,5.152696836555193
4045,A_PuertoRico_8_1934_PB1_271_1937,-0.013495081,4.2182803,0,2.5527971814392396,5.152696836555193
4046,A_PuertoRico_8_1934_PB1_271_1955,-0.026392495,4.203592,0,2.5527971814392396,5.152696836555193
4047,A_PuertoRico_8_1934_PB1_271_1957,0.13577215,4.189958,0,2.5527971814392396,5.152696836555193
4048,A_PuertoRico_8_1934_PB1_271_1960,-0.025223568,4.2431064,0,2.5527971814392396,5.152696836555193
4049,A_PuertoRico_8_1934_PB1_271_1973,-0.08340858,4.232496,0,2.5527971814392396,5.152696836555193
4050,A_PuertoRico_8_1934_PB1_271_1990,-0.10209354,4.214867,0,2.5527971814392396,5.152696836555193
4051,A_PuertoRico_8_1934_PB1_271_1997,-0.009761595,4.2121935,0,2.5527971814392396,5.152696836555193
4052,A_PuertoRico_8_1934_PB1_271_2003,-0.11349626,4.2374625,0,2.5527971814392396,5.152696836555193
4053,A_PuertoRico_8_1934_PB1_271_2022,-0.0647328,4.200395,0,2.5527971814392396,5.152696836555193
4054,A_PuertoRico_8_1934_PB1_271_2050,0.019322058,4.1944494,0,2.5527971814392396,5.152696836555193
4055,A_PuertoRico_8_1934_PB1_271_2075,0.0143440645,4.206425,0,2.5527971814392396,5.152696836555193
4056,A_PuertoRico_8_1934_PB1_271_2081,0.015515166,4.22377,0,2.5527971814392396,5.152696836555193
4057,A_PuertoRico_8_1934_PB1_271_2114,0.023702934,4.2392964,0,2.5527971814392396,5.152696836555193
4058,A_PuertoRico_8_1934_PB1_271_2167,-0.07134688,4.2141438,0,2.5527971814392396,5.152696836555193
4059,A_PuertoRico_8_1934_PB1_271_2170,-0.058709186,4.2010994,0,2.5527971814392396,5.152696836555193
4060,A_PuertoRico_8_1934_PB1_271_2257,-0.0003782223,4.202489,0,2.5527971814392396,5.152696836555193
4061,A_PuertoRico_8_1934_PB1_271_301,0.006542477,4.217531,0,2.5527971814392396,5.152696836555193
4062,A_PuertoRico_8_1934_PB1_272_1900,5.025567,3.9943457,-1,,
4063,A_PuertoRico_8_1934_PB1_272_1950,6.0374784,3.3534193,-1,,
4064,A_PuertoRico_8_1934_PB1_272_1953,5.0921144,3.9775283,-1,,
4065,A_PuertoRico_8_1934_PB1_272_2001,5.119646,3.9708953,-1,,
4066,A_PuertoRico_8_1934_PB1_272_2007,5.0724273,3.9329903,-1,,
4067,A_PuertoRico_8_1934_PB1_272_2101,5.096106,3.9487622,-1,,
4068,A_PuertoRico_8_1934_PB1_272_2104,5.0653467,4.004932,-1,,
4069,A_PuertoRico_8_1934_PB1_272_2202,5.063792,3.9489276,-1,,
4070,A_PuertoRico_8_1934_PB1_273_1856,7.1680346,2.665502,1,8.550401544412672,2.2072208778165874
4071,A_PuertoRico_8_1934_PB1_273_1965,7.552916,2.7151723,1,8.550401544412672,2.2072208778165874
4072,A_PuertoRico_8_1934_PB1_274_1959,3.262456,2.7492995,0,2.5527971814392396,5.152696836555193
4073,A_PuertoRico_8_1934_PB1_274_1966,8.257071,0.8197174,1,8.550401544412672,2.2072208778165874
4074,A_PuertoRico_8_1934_PB1_275_1906,9.315875,2.1958401,1,8.550401544412672,2.2072208778165874
4075,A_PuertoRico_8_1934_PB1_275_1988,9.307263,2.6562126,1,8.550401544412672,2.2072208778165874
4076,A_PuertoRico_8_1934_PB1_275_1995,9.669921,2.7869081,1,8.550401544412672,2.2072208778165874
4077,A_PuertoRico_8_1934_PB1_275_2054,9.101894,1.4701209,1,8.550401544412672,2.2072208778165874
4078,A_PuertoRico_8_1934_PB1_275_2071,9.854433,1.7311126,1,8.550401544412672,2.2072208778165874
4079,A_PuertoRico_8_1934_PB1_275_2080,4.145731,3.1361527,0,2.5527971814392396,5.152696836555193
4080,A_PuertoRico_8_1934_PB1_275_2110,10.160647,1.6337613,1,8.550401544412672,2.2072208778165874
4081,A_PuertoRico_8_1934_PB1_275_2129,8.2057295,0.39473313,1,8.550401544412672,2.2072208778165874
4082,A_PuertoRico_8_1934_PB1_277_1897,9.42424,3.6487935,1,8.550401544412672,2.2072208778165874
4083,A_PuertoRico_8_1934_PB1_277_1922,8.220904,1.2525123,1,8.550401544412672,2.2072208778165874
4084,A_PuertoRico_8_1934_PB1_277_1950,6.486785,3.2002385,1,8.550401544412672,2.2072208778165874
4085,A_PuertoRico_8_1934_PB1_277_1966,8.205553,1.1115309,1,8.550401544412672,2.2072208778165874
4086,A_PuertoRico_8_1934_PB1_278_1898,3.3753424,2.604577,0,2.5527971814392396,5.152696836555193
4087,A_PuertoRico_8_1934_PB1_278_1989,3.8035717,2.6698117,0,2.5527971814392396,5.152696836555193
4088,A_PuertoRico_8_1934_PB1_278_2005,3.5237308,2.5799508,0,2.5527971814392396,5.152696836555193
4089,A_PuertoRico_8_1934_PB1_278_2102,4.053418,2.5220804,0,2.5527971814392396,5.152696836555193
4090,A_PuertoRico_8_1934_PB1_279_1753,8.537344,2.6247163,1,8.550401544412672,2.2072208778165874
4091,A_PuertoRico_8_1934_PB1_279_1858,9.171089,1.9105666,1,8.550401544412672,2.2072208778165874
4092,A_PuertoRico_8_1934_PB1_279_1884,9.1020355,1.7836975,1,8.550401544412672,2.2072208778165874
4093,A_PuertoRico_8_1934_PB1_279_1897,9.494606,3.5894115,1,8.550401544412672,2.2072208778165874
4094,A_PuertoRico_8_1934_PB1_279_1901,8.232855,2.8589175,1,8.550401544412672,2.2072208778165874
4095,A_PuertoRico_8_1934_PB1_279_1942,8.102752,2.9176726,1,8.550401544412672,2.2072208778165874
4096,A_PuertoRico_8_1934_PB1_279_1949,8.463449,2.6919084,1,8.550401544412672,2.2072208778165874
4097,A_PuertoRico_8_1934_PB1_279_1958,9.465146,3.0844529,1,8.550401544412672,2.2072208778165874
4098,A_PuertoRico_8_1934_PB1_279_1986,9.000756,2.1988983,1,8.550401544412672,2.2072208778165874
4099,A_PuertoRico_8_1934_PB1_279_1988,8.877095,2.7500064,1,8.550401544412672,2.2072208778165874
4100,A_PuertoRico_8_1934_PB1_279_1995,9.450348,3.0065043,1,8.550401544412672,2.2072208778165874
4101,A_PuertoRico_8_1934_PB1_279_2036,7.963425,2.8715625,1,8.550401544412672,2.2072208778165874
4102,A_PuertoRico_8_1934_PB1_279_2054,9.054426,1.5089242,1,8.550401544412672,2.2072208778165874
4103,A_PuertoRico_8_1934_PB1_279_2061,7.8730836,2.8138394,1,8.550401544412672,2.2072208778165874
4104,A_PuertoRico_8_1934_PB1_279_2071,9.728842,1.813589,1,8.550401544412672,2.2072208778165874
4105,A_PuertoRico_8_1934_PB1_279_2076,9.35745,2.8583257,1,8.550401544412672,2.2072208778165874
4106,A_PuertoRico_8_1934_PB1_279_2091,9.359251,1.52386,1,8.550401544412672,2.2072208778165874
4107,A_PuertoRico_8_1934_PB1_279_2110,10.1805105,1.6763363,1,8.550401544412672,2.2072208778165874
4108,A_PuertoRico_8_1934_PB1_279_2139,9.220241,1.7944231,1,8.550401544412672,2.2072208778165874
4109,A_PuertoRico_8_1934_PB1_280_1898,3.2538774,2.6150503,0,2.5527971814392396,5.152696836555193
4110,A_PuertoRico_8_1934_PB1_280_1959,3.0951293,2.6273842,0,2.5527971814392396,5.152696836555193
4111,A_PuertoRico_8_1934_PB1_280_1999,3.1558852,2.5493178,0,2.5527971814392396,5.152696836555193
4112,A_PuertoRico_8_1934_PB1_280_2005,3.4243217,2.5753314,0,2.5527971814392396,5.152696836555193
4113,A_PuertoRico_8_1934_PB1_280_2066,0.8759188,5.1498804,0,2.5527971814392396,5.152696836555193
4114,A_PuertoRico_8_1934_PB1_280_2130,1.0219957,4.68615,0,2.5527971814392396,5.152696836555193
4115,A_PuertoRico_8_1934_PB1_281_1984,7.874551,2.8002563,1,8.550401544412672,2.2072208778165874
4116,A_PuertoRico_8_1934_PB1_281_2061,7.8604403,2.6861677,1,8.550401544412672,2.2072208778165874
4117,A_PuertoRico_8_1934_PB1_281_2085,7.92637,2.839586,1,8.550401544412672,2.2072208778165874
4118,A_PuertoRico_8_1934_PB1_281_2129,8.135685,0.36541203,1,8.550401544412672,2.2072208778165874
4119,A_PuertoRico_8_1934_PB1_282_1898,3.1912763,2.6545963,0,2.5527971814392396,5.152696836555193
4120,A_PuertoRico_8_1934_PB1_282_1959,3.12563,2.657502,0,2.5527971814392396,5.152696836555193
4121,A_PuertoRico_8_1934_PB1_282_1972,3.2152958,2.6226678,0,2.5527971814392396,5.152696836555193
4122,A_PuertoRico_8_1934_PB1_282_1996,3.2074797,2.645198,0,2.5527971814392396,5.152696836555193
4123,A_PuertoRico_8_1934_PB1_282_1999,3.13301,2.59507,0,2.5527971814392396,5.152696836555193
4124,A_PuertoRico_8_1934_PB1_283_1941,1.9517823,4.0736356,0,2.5527971814392396,5.152696836555193
4125,A_PuertoRico_8_1934_PB1_283_1946,7.1443987,2.1213622,1,8.550401544412672,2.2072208778165874
4126,A_PuertoRico_8_1934_PB1_283_2070,2.4212968,4.1583533,0,2.5527971814392396,5.152696836555193
4127,A_PuertoRico_8_1934_PB1_284_1870,-0.42446145,4.9590507,0,2.5527971814392396,5.152696836555193
4128,A_PuertoRico_8_1934_PB1_284_1877,-0.49409157,4.9514437,0,2.5527971814392396,5.152696836555193
4129,A_PuertoRico_8_1934_PB1_284_1899,-0.55524576,4.7388024,0,2.5527971814392396,5.152696836555193
4130,A_PuertoRico_8_1934_PB1_284_1952,-0.5078228,4.8610086,0,2.5527971814392396,5.152696836555193
4131,A_PuertoRico_8_1934_PB1_284_1960,-0.50246805,4.870524,0,2.5527971814392396,5.152696836555193
4132,A_PuertoRico_8_1934_PB1_284_1973,-0.4892134,4.977966,0,2.5527971814392396,5.152696836555193
4133,A_PuertoRico_8_1934_PB1_284_2022,-0.59418243,4.907162,0,2.5527971814392396,5.152696836555193
4134,A_PuertoRico_8_1934_PB1_284_2100,-0.47813487,4.831656,0,2.5527971814392396,5.152696836555193
4135,A_PuertoRico_8_1934_PB1_284_2103,-0.4837721,4.803243,0,2.5527971814392396,5.152696836555193
4136,A_PuertoRico_8_1934_PB1_284_2170,-0.51251304,4.9070487,0,2.5527971814392396,5.152696836555193
4137,A_PuertoRico_8_1934_PB1_285_1896,1.8907751,3.4796572,0,2.5527971814392396,5.152696836555193
4138,A_PuertoRico_8_1934_PB1_285_1975,3.2785318,2.487329,0,2.5527971814392396,5.152696836555193
4139,A_PuertoRico_8_1934_PB1_285_1977,1.9252522,3.7789116,0,2.5527971814392396,5.152696836555193
4140,A_PuertoRico_8_1934_PB1_286_1889,-0.68023044,4.8957963,0,2.5527971814392396,5.152696836555193
4141,A_PuertoRico_8_1934_PB1_286_1909,-0.6499781,4.675335,0,2.5527971814392396,5.152696836555193
4142,A_PuertoRico_8_1934_PB1_286_2006,-0.61971253,4.639396,0,2.5527971814392396,5.152696836555193
4143,A_PuertoRico_8_1934_PB1_286_2023,-0.67906624,4.6852307,0,2.5527971814392396,5.152696836555193
4144,A_PuertoRico_8_1934_PB1_286_2100,-0.56841165,4.7084713,0,2.5527971814392396,5.152696836555193
4145,A_PuertoRico_8_1934_PB1_286_335,-0.65233475,4.727445,0,2.5527971814392396,5.152696836555193
4146,A_PuertoRico_8_1934_PB1_287_1862,3.6090088,2.258582,0,2.5527971814392396,5.152696836555193
4147,A_PuertoRico_8_1934_PB1_287_1869,3.5261335,2.1839476,0,2.5527971814392396,5.152696836555193
4148,A_PuertoRico_8_1934_PB1_287_1882,3.50221,2.2426755,0,2.5527971814392396,5.152696836555193
4149,A_PuertoRico_8_1934_PB1_287_1908,3.5800803,2.1713948,0,2.5527971814392396,5.152696836555193
4150,A_PuertoRico_8_1934_PB1_287_1915,3.4263108,2.1779406,0,2.5527971814392396,5.152696836555193
4151,A_PuertoRico_8_1934_PB1_287_1996,3.4265146,2.2695632,0,2.5527971814392396,5.152696836555193
4152,A_PuertoRico_8_1934_PB1_287_2005,3.4814825,2.3164356,0,2.5527971814392396,5.152696836555193
4153,A_PuertoRico_8_1934_PB1_287_2059,3.5510018,2.175135,0,2.5527971814392396,5.152696836555193
4154,A_PuertoRico_8_1934_PB1_287_2074,3.5929277,2.2743406,0,2.5527971814392396,5.152696836555193
4155,A_PuertoRico_8_1934_PB1_287_2080,3.5490956,2.2699487,0,2.5527971814392396,5.152696836555193
4156,A_PuertoRico_8_1934_PB1_287_2113,3.629361,2.21634,0,2.5527971814392396,5.152696836555193
4157,A_PuertoRico_8_1934_PB1_287_2221,3.5705254,2.1867,0,2.5527971814392396,5.152696836555193
4158,A_PuertoRico_8_1934_PB1_288_1829,7.7693005,1.2257394,1,8.550401544412672,2.2072208778165874
4159,A_PuertoRico_8_1934_PB1_288_1858,7.5469456,1.3973298,1,8.550401544412672,2.2072208778165874
4160,A_PuertoRico_8_1934_PB1_288_1884,7.699977,1.1852394,1,8.550401544412672,2.2072208778165874
4161,A_PuertoRico_8_1934_PB1_288_1887,7.580608,1.3307678,1,8.550401544412672,2.2072208778165874
4162,A_PuertoRico_8_1934_PB1_288_1901,7.549503,1.3763896,1,8.550401544412672,2.2072208778165874
4163,A_PuertoRico_8_1934_PB1_288_1928,7.596273,1.5100464,1,8.550401544412672,2.2072208778165874
4164,A_PuertoRico_8_1934_PB1_288_1942,7.505476,1.4285645,1,8.550401544412672,2.2072208778165874
4165,A_PuertoRico_8_1934_PB1_288_1947,7.49607,1.2856861,1,8.550401544412672,2.2072208778165874
4166,A_PuertoRico_8_1934_PB1_288_1949,7.4504843,1.4687446,1,8.550401544412672,2.2072208778165874
4167,A_PuertoRico_8_1934_PB1_288_1969,7.608317,1.2278963,1,8.550401544412672,2.2072208778165874
4168,A_PuertoRico_8_1934_PB1_288_2011,7.48585,1.4361838,1,8.550401544412672,2.2072208778165874
4169,A_PuertoRico_8_1934_PB1_288_2014,7.5611825,1.2332118,1,8.550401544412672,2.2072208778165874
4170,A_PuertoRico_8_1934_PB1_288_2054,7.6767416,1.1511954,1,8.550401544412672,2.2072208778165874
4171,A_PuertoRico_8_1934_PB1_288_2056,7.530995,1.3278905,1,8.550401544412672,2.2072208778165874
4172,A_PuertoRico_8_1934_PB1_288_2061,7.5533257,1.5624777,1,8.550401544412672,2.2072208778165874
4173,A_PuertoRico_8_1934_PB1_288_2071,7.6531463,1.1782694,1,8.550401544412672,2.2072208778165874
4174,A_PuertoRico_8_1934_PB1_288_2085,7.611472,1.3080267,1,8.550401544412672,2.2072208778165874
4175,A_PuertoRico_8_1934_PB1_288_2091,7.739418,1.1589211,1,8.550401544412672,2.2072208778165874
4176,A_PuertoRico_8_1934_PB1_288_2094,7.598835,1.3421866,1,8.550401544412672,2.2072208778165874
4177,A_PuertoRico_8_1934_PB1_288_2118,7.547207,1.3024011,1,8.550401544412672,2.2072208778165874
4178,A_PuertoRico_8_1934_PB1_288_2129,7.9726024,0.49202296,1,8.550401544412672,2.2072208778165874
4179,A_PuertoRico_8_1934_PB1_288_337,7.4765267,1.3430103,1,8.550401544412672,2.2072208778165874
4180,A_PuertoRico_8_1934_PB1_289_1876,3.063721,2.9893627,0,2.5527971814392396,5.152696836555193
4181,A_PuertoRico_8_1934_PB1_289_1898,2.9231071,2.8650017,0,2.5527971814392396,5.152696836555193
4182,A_PuertoRico_8_1934_PB1_289_1959,2.9202242,2.880827,0,2.5527971814392396,5.152696836555193
4183,A_PuertoRico_8_1934_PB1_289_1972,2.9172115,3.0423262,0,2.5527971814392396,5.152696836555193
4184,A_PuertoRico_8_1934_PB1_289_1989,2.8670306,2.9979484,0,2.5527971814392396,5.152696836555193
4185,A_PuertoRico_8_1934_PB1_289_1996,2.9724686,2.8965373,0,2.5527971814392396,5.152696836555193
4186,A_PuertoRico_8_1934_PB1_289_2138,2.7268372,3.270854,0,2.5527971814392396,5.152696836555193
4187,A_PuertoRico_8_1934_PB1_289_2166,2.941148,2.9857314,0,2.5527971814392396,5.152696836555193
4188,A_PuertoRico_8_1934_PB1_289_2178,2.9529686,2.945539,0,2.5527971814392396,5.152696836555193
4189,A_PuertoRico_8_1934_PB1_290_2035,1.998868,4.3058686,0,2.5527971814392396,5.152696836555193
4190,A_PuertoRico_8_1934_PB1_290_2090,2.3498275,4.2139854,0,2.5527971814392396,5.152696836555193
4191,A_PuertoRico_8_1934_PB1_290_2104,2.1030467,4.3185277,0,2.5527971814392396,5.152696836555193
4192,A_PuertoRico_8_1934_PB1_290_2112,2.1562557,4.268677,0,2.5527971814392396,5.152696836555193
4193,A_PuertoRico_8_1934_PB1_291_1877,-0.18457091,4.784081,0,2.5527971814392396,5.152696836555193
4194,A_PuertoRico_8_1934_PB1_291_1899,-0.3829736,4.5994534,0,2.5527971814392396,5.152696836555193
4195,A_PuertoRico_8_1934_PB1_291_1909,-0.009960986,4.6117067,0,2.5527971814392396,5.152696836555193
4196,A_PuertoRico_8_1934_PB1_291_1937,0.019595407,4.576577,0,2.5527971814392396,5.152696836555193
4197,A_PuertoRico_8_1934_PB1_291_1960,-0.00837313,4.68048,0,2.5527971814392396,5.152696836555193
4198,A_PuertoRico_8_1934_PB1_291_1974,0.8229079,5.4426303,0,2.5527971814392396,5.152696836555193
4199,A_PuertoRico_8_1934_PB1_291_2000,-0.2015906,4.778428,0,2.5527971814392396,5.152696836555193
4200,A_PuertoRico_8_1934_PB1_291_2023,0.25598994,4.7940817,0,2.5527971814392396,5.152696836555193
4201,A_PuertoRico_8_1934_PB1_291_2075,0.17794639,4.586766,0,2.5527971814392396,5.152696836555193
4202,A_PuertoRico_8_1934_PB1_291_2103,-0.14359243,4.6782036,0,2.5527971814392396,5.152696836555193
4203,A_PuertoRico_8_1934_PB1_291_350,0.010091744,4.590359,0,2.5527971814392396,5.152696836555193
4204,A_PuertoRico_8_1934_PB1_292_1895,0.005874968,6.606692,0,2.5527971814392396,5.152696836555193
4205,A_PuertoRico_8_1934_PB1_292_1912,3.4650106,3.9219089,0,2.5527971814392396,5.152696836555193
4206,A_PuertoRico_8_1934_PB1_292_1940,3.4562156,3.722564,0,2.5527971814392396,5.152696836555193
4207,A_PuertoRico_8_1934_PB1_293_1897,9.464973,3.6293855,1,8.550401544412672,2.2072208778165874
4208,A_PuertoRico_8_1934_PB1_293_1911,6.541969,2.491032,-1,,
4209,A_PuertoRico_8_1934_PB1_293_1966,8.057813,0.84792155,1,8.550401544412672,2.2072208778165874
4210,A_PuertoRico_8_1934_PB1_293_1992,7.0084743,2.2718017,1,8.550401544412672,2.2072208778165874
4211,A_PuertoRico_8_1934_PB1_293_347,9.745612,2.2830694,1,8.550401544412672,2.2072208778165874
4212,A_PuertoRico_8_1934_PB1_295_1870,0.8396416,5.8192787,0,2.5527971814392396,5.152696836555193
4213,A_PuertoRico_8_1934_PB1_296_1908,3.7611017,2.3343623,0,2.5527971814392396,5.152696836555193
4214,A_PuertoRico_8_1934_PB1_296_1972,3.670534,2.2979183,0,2.5527971814392396,5.152696836555193
4215,A_PuertoRico_8_1934_PB1_296_2006,-0.29801336,4.476143,0,2.5527971814392396,5.152696836555193
4216,A_PuertoRico_8_1934_PB1_297_1958,9.555476,3.1010237,1,8.550401544412672,2.2072208778165874
4217,A_PuertoRico_8_1934_PB1_297_1995,9.595168,3.0037944,1,8.550401544412672,2.2072208778165874
4218,A_PuertoRico_8_1934_PB1_298_2012,6.359847,2.901783,1,8.550401544412672,2.2072208778165874
4219,A_PuertoRico_8_1934_PB1_298_2031,6.678067,2.8230336,1,8.550401544412672,2.2072208778165874
4220,A_PuertoRico_8_1934_PB1_299_1880,1.5518255,4.476889,0,2.5527971814392396,5.152696836555193
4221,A_PuertoRico_8_1934_PB1_299_1927,2.4102814,3.8465347,0,2.5527971814392396,5.152696836555193
4222,A_PuertoRico_8_1934_PB1_299_1957,1.3559443,4.392584,-1,,
4223,A_PuertoRico_8_1934_PB1_299_2030,2.3706796,3.8743446,0,2.5527971814392396,5.152696836555193
4224,A_PuertoRico_8_1934_PB1_299_2053,2.381064,4.1441283,0,2.5527971814392396,5.152696836555193
4225,A_PuertoRico_8_1934_PB1_299_328,1.7682823,4.4526606,0,2.5527971814392396,5.152696836555193
4226,A_PuertoRico_8_1934_PB1_300_1877,0.016942611,4.881896,0,2.5527971814392396,5.152696836555193
4227,A_PuertoRico_8_1934_PB1_300_1891,0.057427064,4.7870502,0,2.5527971814392396,5.152696836555193
4228,A_PuertoRico_8_1934_PB1_300_1899,-0.42856658,4.5327168,0,2.5527971814392396,5.152696836555193
4229,A_PuertoRico_8_1934_PB1_300_1957,0.21536377,4.6808815,0,2.5527971814392396,5.152696836555193
4230,A_PuertoRico_8_1934_PB1_300_1960,0.0029443046,4.6516213,0,2.5527971814392396,5.152696836555193
4231,A_PuertoRico_8_1934_PB1_300_1967,0.16952163,4.674703,0,2.5527971814392396,5.152696836555193
4232,A_PuertoRico_8_1934_PB1_300_1991,0.21822864,4.7269044,0,2.5527971814392396,5.152696836555193
4233,A_PuertoRico_8_1934_PB1_300_2000,0.03961671,4.8250713,0,2.5527971814392396,5.152696836555193
4234,A_PuertoRico_8_1934_PB1_300_2006,-0.15458526,4.5428305,0,2.5527971814392396,5.152696836555193
4235,A_PuertoRico_8_1934_PB1_300_2050,0.21991831,4.6184244,0,2.5527971814392396,5.152696836555193
4236,A_PuertoRico_8_1934_PB1_300_2075,0.16049434,4.665227,0,2.5527971814392396,5.152696836555193
4237,A_PuertoRico_8_1934_PB1_300_2089,-0.015113491,4.585368,0,2.5527971814392396,5.152696836555193
4238,A_PuertoRico_8_1934_PB1_300_2100,-0.098460786,4.668126,0,2.5527971814392396,5.152696836555193
4239,A_PuertoRico_8_1934_PB1_301_1959,3.090627,2.6363316,0,2.5527971814392396,5.152696836555193
4240,A_PuertoRico_8_1934_PB1_301_1991,0.9674642,5.249061,0,2.5527971814392396,5.152696836555193
4241,A_PuertoRico_8_1934_PB1_301_2037,8.650719,3.145916,1,8.550401544412672,2.2072208778165874
4242,A_PuertoRico_8_1934_PB1_301_2051,1.1347747,5.138505,0,2.5527971814392396,5.152696836555193
4243,A_PuertoRico_8_1934_PB1_301_2155,0.7927294,5.0245132,0,2.5527971814392396,5.152696836555193
4244,A_PuertoRico_8_1934_PB1_302_2026,4.085008,2.300002,0,2.5527971814392396,5.152696836555193
4245,A_PuertoRico_8_1934_PB1_302_2043,4.074649,2.2837021,0,2.5527971814392396,5.152696836555193
4246,A_PuertoRico_8_1934_PB1_303_1684,7.09816,1.055756,1,8.550401544412672,2.2072208778165874
4247,A_PuertoRico_8_1934_PB1_303_1994,2.3176074,4.6700773,0,2.5527971814392396,5.152696836555193
4248,A_PuertoRico_8_1934_PB1_304_1768,3.2851381,3.0994577,0,2.5527971814392396,5.152696836555193
4249,A_PuertoRico_8_1934_PB1_304_1840,3.5109708,3.9353929,0,2.5527971814392396,5.152696836555193
4250,A_PuertoRico_8_1934_PB1_304_1989,3.2825694,3.0094645,0,2.5527971814392396,5.152696836555193
4251,A_PuertoRico_8_1934_PB1_305_1896,1.9097908,3.4313262,0,2.5527971814392396,5.152696836555193
4252,A_PuertoRico_8_1934_PB1_305_1900,1.7221494,3.6638196,0,2.5527971814392396,5.152696836555193
4253,A_PuertoRico_8_1934_PB1_305_1909,1.6764941,3.7570083,0,2.5527971814392396,5.152696836555193
4254,A_PuertoRico_8_1934_PB1_305_1991,1.6170104,3.8585613,0,2.5527971814392396,5.152696836555193
4255,A_PuertoRico_8_1934_PB1_305_2044,1.7629247,3.7049162,0,2.5527971814392396,5.152696836555193
4256,A_PuertoRico_8_1934_PB1_305_328,1.768335,3.7461295,0,2.5527971814392396,5.152696836555193
4257,A_PuertoRico_8_1934_PB1_306_1900,1.749945,3.6754463,0,2.5527971814392396,5.152696836555193
4258,A_PuertoRico_8_1934_PB1_307_1811,3.51549,3.4250407,0,2.5527971814392396,5.152696836555193
4259,A_PuertoRico_8_1934_PB1_307_1957,1.1501701,4.1588254,-1,,
4260,A_PuertoRico_8_1934_PB1_308_1834,2.645941,3.4060566,0,2.5527971814392396,5.152696836555193
4261,A_PuertoRico_8_1934_PB1_309_2090,2.4466121,4.3129997,0,2.5527971814392396,5.152696836555193
4262,A_PuertoRico_8_1934_PB1_310_1899,-0.54840755,4.7776814,0,2.5527971814392396,5.152696836555193
4263,A_PuertoRico_8_1934_PB1_310_1963,-0.22755815,4.9308844,0,2.5527971814392396,5.152696836555193
4264,A_PuertoRico_8_1934_PB1_310_1972,3.0018055,3.1590517,0,2.5527971814392396,5.152696836555193
4265,A_PuertoRico_8_1934_PB1_310_1973,-0.23320606,5.25839,0,2.5527971814392396,5.152696836555193
4266,A_PuertoRico_8_1934_PB1_310_1974,0.9419239,5.541536,0,2.5527971814392396,5.152696836555193
4267,A_PuertoRico_8_1934_PB1_311_1884,8.894228,1.7945555,1,8.550401544412672,2.2072208778165874
4268,A_PuertoRico_8_1934_PB1_311_1897,9.488648,3.6601386,1,8.550401544412672,2.2072208778165874
4269,A_PuertoRico_8_1934_PB1_311_1961,9.358733,3.5454822,1,8.550401544412672,2.2072208778165874
4270,A_PuertoRico_8_1934_PB1_313_1893,4.1902103,5.1583276,0,2.5527971814392396,5.152696836555193
4271,A_PuertoRico_8_1934_PB1_314_1897,9.48229,3.6219256,1,8.550401544412672,2.2072208778165874
4272,A_PuertoRico_8_1934_PB1_314_1898,3.32749,2.62997,0,2.5527971814392396,5.152696836555193
4273,A_PuertoRico_8_1934_PB1_315_1981,7.165699,2.3998182,1,8.550401544412672,2.2072208778165874
4274,A_PuertoRico_8_1934_PB1_316_1896,1.9532771,3.3574488,-1,,
4275,A_PuertoRico_8_1934_PB1_316_2057,6.5035214,3.183397,1,8.550401544412672,2.2072208778165874
4276,A_PuertoRico_8_1934_PB1_318_1983,7.1406703,2.8505259,1,8.550401544412672,2.2072208778165874
4277,A_PuertoRico_8_1934_PB1_318_2120,8.482015,2.9772263,1,8.550401544412672,2.2072208778165874
4278,A_PuertoRico_8_1934_PB1_319_1936,3.7701507,2.9506614,0,2.5527971814392396,5.152696836555193
4279,A_PuertoRico_8_1934_PB1_319_1996,3.4086049,2.8439255,0,2.5527971814392396,5.152696836555193
4280,A_PuertoRico_8_1934_PB1_319_2127,4.1418033,4.4983234,0,2.5527971814392396,5.152696836555193
4281,A_PuertoRico_8_1934_PB1_319_349,3.6441908,2.9153106,0,2.5527971814392396,5.152696836555193
4282,A_PuertoRico_8_1934_PB1_320_1942,7.933507,2.9514048,1,8.550401544412672,2.2072208778165874
4283,A_PuertoRico_8_1934_PB1_320_1947,7.348745,1.3329813,1,8.550401544412672,2.2072208778165874
4284,A_PuertoRico_8_1934_PB1_320_1982,7.7491436,1.8633941,1,8.550401544412672,2.2072208778165874
4285,A_PuertoRico_8_1934_PB1_321_1761,2.9065974,2.9998016,0,2.5527971814392396,5.152696836555193
4286,A_PuertoRico_8_1934_PB1_321_1818,2.3223183,3.1736698,0,2.5527971814392396,5.152696836555193
4287,A_PuertoRico_8_1934_PB1_321_1896,2.0038822,3.3365898,0,2.5527971814392396,5.152696836555193
4288,A_PuertoRico_8_1934_PB1_321_1898,3.0619395,2.7862542,0,2.5527971814392396,5.152696836555193
4289,A_PuertoRico_8_1934_PB1_321_1900,1.8178307,3.5862424,0,2.5527971814392396,5.152696836555193
4290,A_PuertoRico_8_1934_PB1_321_1985,2.7044177,3.0375566,0,2.5527971814392396,5.152696836555193
4291,A_PuertoRico_8_1934_PB1_321_1989,3.0622778,2.992469,0,2.5527971814392396,5.152696836555193
4292,A_PuertoRico_8_1934_PB1_321_1996,3.2566073,2.8077059,0,2.5527971814392396,5.152696836555193
4293,A_PuertoRico_8_1934_PB1_321_2004,2.8750637,2.7227411,0,2.5527971814392396,5.152696836555193
4294,A_PuertoRico_8_1934_PB1_322_1900,1.7575108,3.6987169,0,2.5527971814392396,5.152696836555193
4295,A_PuertoRico_8_1934_PB1_322_1907,7.894825,3.3713064,1,8.550401544412672,2.2072208778165874
4296,A_PuertoRico_8_1934_PB1_322_1941,1.7026707,4.1832733,0,2.5527971814392396,5.152696836555193
4297,A_PuertoRico_8_1934_PB1_322_2060,1.667303,4.1890893,0,2.5527971814392396,5.152696836555193
4298,A_PuertoRico_8_1934_PB1_324_1857,2.13071,4.0052547,0,2.5527971814392396,5.152696836555193
4299,A_PuertoRico_8_1934_PB1_324_1896,1.9473017,3.445491,0,2.5527971814392396,5.152696836555193
4300,A_PuertoRico_8_1934_PB1_324_1957,1.3858656,4.1476183,-1,,
4301,A_PuertoRico_8_1934_PB1_324_2053,2.2590199,4.100923,0,2.5527971814392396,5.152696836555193
4302,A_PuertoRico_8_1934_PB1_324_355,1.8662207,3.970536,0,2.5527971814392396,5.152696836555193
4303,A_PuertoRico_8_1934_PB1_325_1854,-0.3189001,4.4553623,0,2.5527971814392396,5.152696836555193
4304,A_PuertoRico_8_1934_PB1_325_1899,-0.4117365,4.521138,0,2.5527971814392396,5.152696836555193
4305,A_PuertoRico_8_1934_PB1_325_1937,-0.30960223,4.4459906,0,2.5527971814392396,5.152696836555193
4306,A_PuertoRico_8_1934_PB1_325_1945,-0.2127196,4.45754,0,2.5527971814392396,5.152696836555193
4307,A_PuertoRico_8_1934_PB1_325_1957,0.10107409,4.373215,0,2.5527971814392396,5.152696836555193
4308,A_PuertoRico_8_1934_PB1_325_2006,-0.3262056,4.442288,0,2.5527971814392396,5.152696836555193
4309,A_PuertoRico_8_1934_PB1_326_1880,0.45762753,4.7719502,0,2.5527971814392396,5.152696836555193
4310,A_PuertoRico_8_1934_PB1_326_1891,-0.037256718,4.793243,0,2.5527971814392396,5.152696836555193
4311,A_PuertoRico_8_1934_PB1_327_1862,3.6247585,2.4118562,0,2.5527971814392396,5.152696836555193
4312,A_PuertoRico_8_1934_PB1_327_1869,3.5478616,2.359177,0,2.5527971814392396,5.152696836555193
4313,A_PuertoRico_8_1934_PB1_327_1898,3.417664,2.4060085,0,2.5527971814392396,5.152696836555193
4314,A_PuertoRico_8_1934_PB1_327_1939,3.4452395,2.360556,0,2.5527971814392396,5.152696836555193
4315,A_PuertoRico_8_1934_PB1_327_1956,3.629303,2.3429255,0,2.5527971814392396,5.152696836555193
4316,A_PuertoRico_8_1934_PB1_327_1975,3.390076,2.380729,0,2.5527971814392396,5.152696836555193
4317,A_PuertoRico_8_1934_PB1_327_2006,3.4693198,2.420355,0,2.5527971814392396,5.152696836555193
4318,A_PuertoRico_8_1934_PB1_327_2049,3.5644011,2.3892415,0,2.5527971814392396,5.152696836555193
4319,A_PuertoRico_8_1934_PB1_327_2074,3.6027677,2.36311,0,2.5527971814392396,5.152696836555193
4320,A_PuertoRico_8_1934_PB1_327_2166,3.5230396,2.674238,0,2.5527971814392396,5.152696836555193
4321,A_PuertoRico_8_1934_PB1_328_1821,7.2181697,0.9916737,1,8.550401544412672,2.2072208778165874
4322,A_PuertoRico_8_1934_PB1_328_1823,7.2435994,0.9881181,1,8.550401544412672,2.2072208778165874
4323,A_PuertoRico_8_1934_PB1_328_1829,7.3037825,0.98714674,1,8.550401544412672,2.2072208778165874
4324,A_PuertoRico_8_1934_PB1_328_1858,7.296629,0.9433352,1,8.550401544412672,2.2072208778165874
4325,A_PuertoRico_8_1934_PB1_328_1884,7.3120847,0.99263805,1,8.550401544412672,2.2072208778165874
4326,A_PuertoRico_8_1934_PB1_328_1887,7.2905893,0.99678975,1,8.550401544412672,2.2072208778165874
4327,A_PuertoRico_8_1934_PB1_328_1901,7.231805,1.0513337,1,8.550401544412672,2.2072208778165874
4328,A_PuertoRico_8_1934_PB1_328_1906,7.2807474,0.95375055,1,8.550401544412672,2.2072208778165874
4329,A_PuertoRico_8_1934_PB1_328_1922,7.253546,0.9673555,1,8.550401544412672,2.2072208778165874
4330,A_PuertoRico_8_1934_PB1_328_1928,7.2646737,1.0216893,1,8.550401544412672,2.2072208778165874
4331,A_PuertoRico_8_1934_PB1_328_1933,7.2244864,0.9904832,1,8.550401544412672,2.2072208778165874
4332,A_PuertoRico_8_1934_PB1_328_1942,7.1955833,1.0333947,1,8.550401544412672,2.2072208778165874
4333,A_PuertoRico_8_1934_PB1_328_1947,7.2480354,1.0673032,1,8.550401544412672,2.2072208778165874
4334,A_PuertoRico_8_1934_PB1_328_1949,7.2227206,1.0126137,1,8.550401544412672,2.2072208778165874
4335,A_PuertoRico_8_1934_PB1_328_1954,7.2276044,0.9962691,1,8.550401544412672,2.2072208778165874
4336,A_PuertoRico_8_1934_PB1_328_1982,7.2341504,1.0132219,1,8.550401544412672,2.2072208778165874
4337,A_PuertoRico_8_1934_PB1_328_2011,7.2127185,1.0208329,1,8.550401544412672,2.2072208778165874
4338,A_PuertoRico_8_1934_PB1_328_2014,7.273443,1.0291358,1,8.550401544412672,2.2072208778165874
4339,A_PuertoRico_8_1934_PB1_328_2016,7.263435,0.9241179,1,8.550401544412672,2.2072208778165874
4340,A_PuertoRico_8_1934_PB1_328_2030,7.185861,0.984396,1,8.550401544412672,2.2072208778165874
4341,A_PuertoRico_8_1934_PB1_328_2054,7.307519,0.99417907,1,8.550401544412672,2.2072208778165874
4342,A_PuertoRico_8_1934_PB1_328_2056,7.229806,1.0185734,1,8.550401544412672,2.2072208778165874
4343,A_PuertoRico_8_1934_PB1_328_2071,7.2893724,0.9241816,1,8.550401544412672,2.2072208778165874
4344,A_PuertoRico_8_1934_PB1_328_2077,7.128408,1.0813878,1,8.550401544412672,2.2072208778165874
4345,A_PuertoRico_8_1934_PB1_328_2082,7.2124667,0.9963722,1,8.550401544412672,2.2072208778165874
4346,A_PuertoRico_8_1934_PB1_328_2091,7.2194285,0.98392403,1,8.550401544412672,2.2072208778165874
4347,A_PuertoRico_8_1934_PB1_328_2094,7.2712045,0.98596257,1,8.550401544412672,2.2072208778165874
4348,A_PuertoRico_8_1934_PB1_328_2118,7.209618,0.9958516,1,8.550401544412672,2.2072208778165874
4349,A_PuertoRico_8_1934_PB1_328_2129,7.7618856,0.5450899,1,8.550401544412672,2.2072208778165874
4350,A_PuertoRico_8_1934_PB1_328_2139,7.261563,0.93904245,1,8.550401544412672,2.2072208778165874
4351,A_PuertoRico_8_1934_PB1_328_2141,7.2083898,1.0438741,1,8.550401544412672,2.2072208778165874
4352,A_PuertoRico_8_1934_PB1_328_376,7.2577524,0.97098374,1,8.550401544412672,2.2072208778165874
4353,A_PuertoRico_8_1934_PB1_329_1898,2.9448109,2.8485694,0,2.5527971814392396,5.152696836555193
4354,A_PuertoRico_8_1934_PB1_329_1959,2.972194,2.8179972,0,2.5527971814392396,5.152696836555193
4355,A_PuertoRico_8_1934_PB1_329_1972,2.9681609,2.918169,0,2.5527971814392396,5.152696836555193
4356,A_PuertoRico_8_1934_PB1_329_1989,3.0088375,2.8782167,0,2.5527971814392396,5.152696836555193
4357,A_PuertoRico_8_1934_PB1_329_1996,2.985587,2.8020499,0,2.5527971814392396,5.152696836555193
4358,A_PuertoRico_8_1934_PB1_329_2080,3.180272,2.812317,0,2.5527971814392396,5.152696836555193
4359,A_PuertoRico_8_1934_PB1_329_2159,2.928665,2.9470482,0,2.5527971814392396,5.152696836555193
4360,A_PuertoRico_8_1934_PB1_329_2166,2.9529424,2.860459,0,2.5527971814392396,5.152696836555193
4361,A_PuertoRico_8_1934_PB1_329_2178,2.9937577,2.9154477,0,2.5527971814392396,5.152696836555193
4362,A_PuertoRico_8_1934_PB1_330_1828,1.9884683,4.180663,0,2.5527971814392396,5.152696836555193
4363,A_PuertoRico_8_1934_PB1_330_1936,2.1966062,4.1999116,0,2.5527971814392396,5.152696836555193
4364,A_PuertoRico_8_1934_PB1_331_1896,1.9277551,3.4452689,0,2.5527971814392396,5.152696836555193
4365,A_PuertoRico_8_1934_PB1_331_1900,1.8189766,3.576169,0,2.5527971814392396,5.152696836555193
4366,A_PuertoRico_8_1934_PB1_331_2007,1.9007891,3.5536063,0,2.5527971814392396,5.152696836555193
4367,A_PuertoRico_8_1934_PB1_331_2113,4.0743237,2.679544,0,2.5527971814392396,5.152696836555193
4368,A_PuertoRico_8_1934_PB1_332_1843,2.353399,3.511504,0,2.5527971814392396,5.152696836555193
4369,A_PuertoRico_8_1934_PB1_332_1896,1.9414656,3.4401104,0,2.5527971814392396,5.152696836555193
4370,A_PuertoRico_8_1934_PB1_332_1898,3.0024245,2.8253717,0,2.5527971814392396,5.152696836555193
4371,A_PuertoRico_8_1934_PB1_332_1901,2.14869,3.4449437,0,2.5527971814392396,5.152696836555193
4372,A_PuertoRico_8_1934_PB1_332_1927,2.411585,3.4832096,0,2.5527971814392396,5.152696836555193
4373,A_PuertoRico_8_1934_PB1_332_2023,2.036051,3.422417,0,2.5527971814392396,5.152696836555193
4374,A_PuertoRico_8_1934_PB1_332_2051,2.0958962,3.3977585,0,2.5527971814392396,5.152696836555193
4375,A_PuertoRico_8_1934_PB1_332_2092,4.0390744,3.9499183,0,2.5527971814392396,5.152696836555193
4376,A_PuertoRico_8_1934_PB1_333_1921,2.0112796,4.4453373,0,2.5527971814392396,5.152696836555193
4377,A_PuertoRico_8_1934_PB1_333_1948,2.07654,4.57497,0,2.5527971814392396,5.152696836555193
4378,A_PuertoRico_8_1934_PB1_333_2013,2.0738423,4.4680533,0,2.5527971814392396,5.152696836555193
4379,A_PuertoRico_8_1934_PB1_333_2109,2.233328,4.3793254,0,2.5527971814392396,5.152696836555193
4380,A_PuertoRico_8_1934_PB1_334_1891,-0.29689753,4.774455,0,2.5527971814392396,5.152696836555193
4381,A_PuertoRico_8_1934_PB1_334_1899,-0.44545063,4.683421,0,2.5527971814392396,5.152696836555193
4382,A_PuertoRico_8_1934_PB1_334_1919,-0.2650291,4.721623,0,2.5527971814392396,5.152696836555193
4383,A_PuertoRico_8_1934_PB1_334_1952,-0.34453258,4.9255815,0,2.5527971814392396,5.152696836555193
4384,A_PuertoRico_8_1934_PB1_334_1990,-0.43469027,5.084801,0,2.5527971814392396,5.152696836555193
4385,A_PuertoRico_8_1934_PB1_334_2000,-0.3692017,4.8518753,0,2.5527971814392396,5.152696836555193
4386,A_PuertoRico_8_1934_PB1_334_2003,-0.3373451,4.783815,0,2.5527971814392396,5.152696836555193
4387,A_PuertoRico_8_1934_PB1_334_2006,-0.40585798,4.6615105,0,2.5527971814392396,5.152696836555193
4388,A_PuertoRico_8_1934_PB1_334_2103,-0.27503312,4.7763753,0,2.5527971814392396,5.152696836555193
4389,A_PuertoRico_8_1934_PB1_335_1878,8.5042515,1.3361465,1,8.550401544412672,2.2072208778165874
4390,A_PuertoRico_8_1934_PB1_335_379,8.49612,1.2068409,1,8.550401544412672,2.2072208778165874
4391,A_PuertoRico_8_1934_PB1_336_1897,9.519871,3.6413784,1,8.550401544412672,2.2072208778165874
4392,A_PuertoRico_8_1934_PB1_336_1902,6.286835,2.6923537,1,8.550401544412672,2.2072208778165874
4393,A_PuertoRico_8_1934_PB1_336_1944,4.5664253,3.0332003,0,2.5527971814392396,5.152696836555193
4394,A_PuertoRico_8_1934_PB1_336_1958,9.419607,3.425575,1,8.550401544412672,2.2072208778165874
4395,A_PuertoRico_8_1934_PB1_336_2077,6.195288,2.72792,1,8.550401544412672,2.2072208778165874
4396,A_PuertoRico_8_1934_PB1_336_466,6.109431,2.651841,-1,,
4397,A_PuertoRico_8_1934_PB1_337_1884,8.934534,1.5960859,1,8.550401544412672,2.2072208778165874
4398,A_PuertoRico_8_1934_PB1_337_1897,9.476401,3.6306517,1,8.550401544412672,2.2072208778165874
4399,A_PuertoRico_8_1934_PB1_337_1902,6.229167,2.7483842,1,8.550401544412672,2.2072208778165874
4400,A_PuertoRico_8_1934_PB1_337_1956,3.7868643,2.6212943,0,2.5527971814392396,5.152696836555193
4401,A_PuertoRico_8_1934_PB1_337_1989,3.095286,2.9175665,0,2.5527971814392396,5.152696836555193
4402,A_PuertoRico_8_1934_PB1_337_2005,3.5376868,2.5295477,0,2.5527971814392396,5.152696836555193
4403,A_PuertoRico_8_1934_PB1_337_2016,9.231976,1.9905698,1,8.550401544412672,2.2072208778165874
4404,A_PuertoRico_8_1934_PB1_338_1829,8.863526,2.171496,1,8.550401544412672,2.2072208778165874
4405,A_PuertoRico_8_1934_PB1_338_1897,9.337704,3.442634,1,8.550401544412672,2.2072208778165874
4406,A_PuertoRico_8_1934_PB1_338_1934,8.885288,3.290006,1,8.550401544412672,2.2072208778165874
4407,A_PuertoRico_8_1934_PB1_338_1942,8.606345,3.3513913,1,8.550401544412672,2.2072208778165874
4408,A_PuertoRico_8_1934_PB1_338_1958,9.538049,3.190601,1,8.550401544412672,2.2072208778165874
4409,A_PuertoRico_8_1934_PB1_338_1961,9.328932,3.445383,1,8.550401544412672,2.2072208778165874
4410,A_PuertoRico_8_1934_PB1_338_1978,8.782694,3.128722,1,8.550401544412672,2.2072208778165874
4411,A_PuertoRico_8_1934_PB1_338_1988,9.027643,3.1911974,1,8.550401544412672,2.2072208778165874
4412,A_PuertoRico_8_1934_PB1_338_2118,7.73118,2.9621375,1,8.550401544412672,2.2072208778165874
4413,A_PuertoRico_8_1934_PB1_338_2129,8.073462,0.46646267,1,8.550401544412672,2.2072208778165874
4414,A_PuertoRico_8_1934_PB1_338_2158,8.959818,3.2406595,1,8.550401544412672,2.2072208778165874
4415,A_PuertoRico_8_1934_PB1_338_2165,9.946634,2.8914845,1,8.550401544412672,2.2072208778165874
4416,A_PuertoRico_8_1934_PB1_339_1724,3.6561255,4.073471,0,2.5527971814392396,5.152696836555193
4417,A_PuertoRico_8_1934_PB1_339_1840,3.6424205,4.1765113,0,2.5527971814392396,5.152696836555193
4418,A_PuertoRico_8_1934_PB1_339_2092,4.246124,4.0793605,0,2.5527971814392396,5.152696836555193
4419,A_PuertoRico_8_1934_PB1_340_1908,3.8322475,2.2951078,0,2.5527971814392396,5.152696836555193
4420,A_PuertoRico_8_1934_PB1_341_1900,1.840467,3.6513188,0,2.5527971814392396,5.152696836555193
4421,A_PuertoRico_8_1934_PB1_341_368,1.8167385,3.8459992,0,2.5527971814392396,5.152696836555193
4422,A_PuertoRico_8_1934_PB1_343_1823,2.0143666,3.99034,0,2.5527971814392396,5.152696836555193
4423,A_PuertoRico_8_1934_PB1_343_1883,2.0775645,4.1009398,0,2.5527971814392396,5.152696836555193
4424,A_PuertoRico_8_1934_PB1_343_1886,1.9929358,4.000108,0,2.5527971814392396,5.152696836555193
4425,A_PuertoRico_8_1934_PB1_343_1900,1.8454571,3.7365172,0,2.5527971814392396,5.152696836555193
4426,A_PuertoRico_8_1934_PB1_344_1854,-0.61497915,4.656199,0,2.5527971814392396,5.152696836555193
4427,A_PuertoRico_8_1934_PB1_344_1863,-0.6321203,5.009495,0,2.5527971814392396,5.152696836555193
4428,A_PuertoRico_8_1934_PB1_344_1899,-0.6454673,4.6716456,0,2.5527971814392396,5.152696836555193
4429,A_PuertoRico_8_1934_PB1_344_1963,-0.6223741,4.720055,0,2.5527971814392396,5.152696836555193
4430,A_PuertoRico_8_1934_PB1_344_1990,-0.6255439,5.003623,0,2.5527971814392396,5.152696836555193
4431,A_PuertoRico_8_1934_PB1_344_2000,-0.5815959,4.7914705,0,2.5527971814392396,5.152696836555193
4432,A_PuertoRico_8_1934_PB1_344_2006,-0.55080396,4.6368074,0,2.5527971814392396,5.152696836555193
4433,A_PuertoRico_8_1934_PB1_344_2022,-0.674349,4.765154,0,2.5527971814392396,5.152696836555193
4434,A_PuertoRico_8_1934_PB1_345_1842,3.4355803,2.2645805,0,2.5527971814392396,5.152696836555193
4435,A_PuertoRico_8_1934_PB1_345_1876,3.422157,2.2629454,0,2.5527971814392396,5.152696836555193
4436,A_PuertoRico_8_1934_PB1_345_1898,3.316517,2.3390129,0,2.5527971814392396,5.152696836555193
4437,A_PuertoRico_8_1934_PB1_345_1908,3.4409738,2.2511132,0,2.5527971814392396,5.152696836555193
4438,A_PuertoRico_8_1934_PB1_345_1940,3.3800683,2.290515,0,2.5527971814392396,5.152696836555193
4439,A_PuertoRico_8_1934_PB1_345_1956,3.4647355,2.259104,0,2.5527971814392396,5.152696836555193
4440,A_PuertoRico_8_1934_PB1_345_1972,3.3525765,2.3289251,0,2.5527971814392396,5.152696836555193
4441,A_PuertoRico_8_1934_PB1_345_1989,3.3925402,2.3271995,0,2.5527971814392396,5.152696836555193
4442,A_PuertoRico_8_1934_PB1_345_1996,3.3712401,2.2927163,0,2.5527971814392396,5.152696836555193
4443,A_PuertoRico_8_1934_PB1_345_1999,3.3839865,2.274445,0,2.5527971814392396,5.152696836555193
4444,A_PuertoRico_8_1934_PB1_345_2002,3.3748388,2.2442584,0,2.5527971814392396,5.152696836555193
4445,A_PuertoRico_8_1934_PB1_345_2004,3.3897605,2.2542539,0,2.5527971814392396,5.152696836555193
4446,A_PuertoRico_8_1934_PB1_345_2005,3.430843,2.3062923,0,2.5527971814392396,5.152696836555193
4447,A_PuertoRico_8_1934_PB1_345_2018,3.2906754,2.1955383,0,2.5527971814392396,5.152696836555193
4448,A_PuertoRico_8_1934_PB1_345_2052,3.478501,2.2728992,0,2.5527971814392396,5.152696836555193
4449,A_PuertoRico_8_1934_PB1_346_1695,7.7386117,1.1940713,1,8.550401544412672,2.2072208778165874
4450,A_PuertoRico_8_1934_PB1_346_1753,7.5851483,1.4822344,1,8.550401544412672,2.2072208778165874
4451,A_PuertoRico_8_1934_PB1_346_1829,7.7451653,1.1634707,1,8.550401544412672,2.2072208778165874
4452,A_PuertoRico_8_1934_PB1_346_1858,7.546976,1.3568032,1,8.550401544412672,2.2072208778165874
4453,A_PuertoRico_8_1934_PB1_346_1866,7.5538898,1.4139647,1,8.550401544412672,2.2072208778165874
4454,A_PuertoRico_8_1934_PB1_346_1884,7.674475,1.1695808,1,8.550401544412672,2.2072208778165874
4455,A_PuertoRico_8_1934_PB1_346_1887,7.549618,1.2829406,1,8.550401544412672,2.2072208778165874
4456,A_PuertoRico_8_1934_PB1_346_1901,7.468536,1.4402776,1,8.550401544412672,2.2072208778165874
4457,A_PuertoRico_8_1934_PB1_346_1902,7.1887894,1.5885484,1,8.550401544412672,2.2072208778165874
4458,A_PuertoRico_8_1934_PB1_346_1906,7.442186,1.3206049,1,8.550401544412672,2.2072208778165874
4459,A_PuertoRico_8_1934_PB1_346_1911,7.3232737,1.4330463,1,8.550401544412672,2.2072208778165874
4460,A_PuertoRico_8_1934_PB1_346_1928,7.60036,1.5869821,1,8.550401544412672,2.2072208778165874
4461,A_PuertoRico_8_1934_PB1_346_1932,7.5447083,1.3443211,1,8.550401544412672,2.2072208778165874
4462,A_PuertoRico_8_1934_PB1_346_1933,7.5171866,1.3061028,1,8.550401544412672,2.2072208778165874
4463,A_PuertoRico_8_1934_PB1_346_1942,7.4557924,1.4467793,1,8.550401544412672,2.2072208778165874
4464,A_PuertoRico_8_1934_PB1_346_1946,7.3621016,1.5920843,1,8.550401544412672,2.2072208778165874
4465,A_PuertoRico_8_1934_PB1_346_1949,7.4390984,1.4072299,1,8.550401544412672,2.2072208778165874
4466,A_PuertoRico_8_1934_PB1_346_1954,7.6352987,1.3028502,1,8.550401544412672,2.2072208778165874
4467,A_PuertoRico_8_1934_PB1_346_1966,7.6948123,0.98563856,1,8.550401544412672,2.2072208778165874
4468,A_PuertoRico_8_1934_PB1_346_2008,7.5006404,1.4563289,1,8.550401544412672,2.2072208778165874
4469,A_PuertoRico_8_1934_PB1_346_2014,7.555998,1.2770556,1,8.550401544412672,2.2072208778165874
4470,A_PuertoRico_8_1934_PB1_346_2030,7.5423956,1.2691779,1,8.550401544412672,2.2072208778165874
4471,A_PuertoRico_8_1934_PB1_346_2054,7.766777,1.1636537,1,8.550401544412672,2.2072208778165874
4472,A_PuertoRico_8_1934_PB1_346_2061,7.4606113,1.5255774,1,8.550401544412672,2.2072208778165874
4473,A_PuertoRico_8_1934_PB1_346_2071,7.6051655,1.2302582,1,8.550401544412672,2.2072208778165874
4474,A_PuertoRico_8_1934_PB1_346_2091,7.5822573,1.3128788,1,8.550401544412672,2.2072208778165874
4475,A_PuertoRico_8_1934_PB1_346_2094,7.5527678,1.3256052,1,8.550401544412672,2.2072208778165874
4476,A_PuertoRico_8_1934_PB1_346_2129,7.8442974,0.67004055,1,8.550401544412672,2.2072208778165874
4477,A_PuertoRico_8_1934_PB1_346_372,7.4888587,1.3901333,1,8.550401544412672,2.2072208778165874
4478,A_PuertoRico_8_1934_PB1_346_376,7.686705,1.1078397,1,8.550401544412672,2.2072208778165874
4479,A_PuertoRico_8_1934_PB1_346_382,7.546139,1.3596803,1,8.550401544412672,2.2072208778165874
4480,A_PuertoRico_8_1934_PB1_346_783,7.684094,1.1837952,1,8.550401544412672,2.2072208778165874
4481,A_PuertoRico_8_1934_PB1_347_1834,2.730332,3.2807937,0,2.5527971814392396,5.152696836555193
4482,A_PuertoRico_8_1934_PB1_347_1898,2.9419355,2.8318527,0,2.5527971814392396,5.152696836555193
4483,A_PuertoRico_8_1934_PB1_347_1927,2.6810825,3.3436418,0,2.5527971814392396,5.152696836555193
4484,A_PuertoRico_8_1934_PB1_347_1959,2.9293942,2.845716,0,2.5527971814392396,5.152696836555193
4485,A_PuertoRico_8_1934_PB1_347_1972,2.8903084,3.0054128,0,2.5527971814392396,5.152696836555193
4486,A_PuertoRico_8_1934_PB1_347_1989,2.85965,2.9491513,0,2.5527971814392396,5.152696836555193
4487,A_PuertoRico_8_1934_PB1_347_1996,2.9548333,2.8734453,0,2.5527971814392396,5.152696836555193
4488,A_PuertoRico_8_1934_PB1_347_2025,2.8249843,3.1785283,0,2.5527971814392396,5.152696836555193
4489,A_PuertoRico_8_1934_PB1_347_2038,2.7686799,3.0892415,0,2.5527971814392396,5.152696836555193
4490,A_PuertoRico_8_1934_PB1_347_2042,2.7959924,3.071075,0,2.5527971814392396,5.152696836555193
4491,A_PuertoRico_8_1934_PB1_348_1752,1.968022,4.2133555,0,2.5527971814392396,5.152696836555193
4492,A_PuertoRico_8_1934_PB1_348_1825,1.9846852,4.357962,0,2.5527971814392396,5.152696836555193
4493,A_PuertoRico_8_1934_PB1_348_1828,1.9445721,4.2484426,0,2.5527971814392396,5.152696836555193
4494,A_PuertoRico_8_1934_PB1_348_1865,1.9451288,4.322624,0,2.5527971814392396,5.152696836555193
4495,A_PuertoRico_8_1934_PB1_348_1899,-0.36011034,4.5852194,0,2.5527971814392396,5.152696836555193
4496,A_PuertoRico_8_1934_PB1_348_1920,1.8994775,4.2136436,0,2.5527971814392396,5.152696836555193
4497,A_PuertoRico_8_1934_PB1_348_1941,1.930538,4.36364,0,2.5527971814392396,5.152696836555193
4498,A_PuertoRico_8_1934_PB1_348_1957,1.1876392,4.3238597,-1,,
4499,A_PuertoRico_8_1934_PB1_349_1863,-0.57285726,5.1551504,0,2.5527971814392396,5.152696836555193
4500,A_PuertoRico_8_1934_PB1_349_1873,-0.43945357,5.0047197,0,2.5527971814392396,5.152696836555193
4501,A_PuertoRico_8_1934_PB1_349_1899,-0.47582945,4.720569,0,2.5527971814392396,5.152696836555193
4502,A_PuertoRico_8_1934_PB1_349_1919,-0.34441525,4.8143396,0,2.5527971814392396,5.152696836555193
4503,A_PuertoRico_8_1934_PB1_349_1973,-0.40835193,5.094202,0,2.5527971814392396,5.152696836555193
4504,A_PuertoRico_8_1934_PB1_349_1990,-0.48824474,5.079446,0,2.5527971814392396,5.152696836555193
4505,A_PuertoRico_8_1934_PB1_349_2006,-0.39688796,4.643422,0,2.5527971814392396,5.152696836555193
4506,A_PuertoRico_8_1934_PB1_349_2022,-0.51067096,4.841698,0,2.5527971814392396,5.152696836555193
4507,A_PuertoRico_8_1934_PB1_349_2167,-0.41967803,5.0244274,0,2.5527971814392396,5.152696836555193
4508,A_PuertoRico_8_1934_PB1_350_1871,9.114669,3.7965803,1,8.550401544412672,2.2072208778165874
4509,A_PuertoRico_8_1934_PB1_350_1878,9.1581135,3.6384578,1,8.550401544412672,2.2072208778165874
4510,A_PuertoRico_8_1934_PB1_350_1897,9.327776,3.7238176,1,8.550401544412672,2.2072208778165874
4511,A_PuertoRico_8_1934_PB1_350_1958,9.237333,3.574522,1,8.550401544412672,2.2072208778165874
4512,A_PuertoRico_8_1934_PB1_350_1998,9.161186,3.6436532,1,8.550401544412672,2.2072208778165874
4513,A_PuertoRico_8_1934_PB1_350_2158,9.108425,3.5916195,1,8.550401544412672,2.2072208778165874
4514,A_PuertoRico_8_1934_PB1_351_1911,6.4717836,2.5556347,1,8.550401544412672,2.2072208778165874
4515,A_PuertoRico_8_1934_PB1_351_1939,6.528944,2.5654395,1,8.550401544412672,2.2072208778165874
4516,A_PuertoRico_8_1934_PB1_351_2052,6.4985967,2.552549,1,8.550401544412672,2.2072208778165874
4517,A_PuertoRico_8_1934_PB1_352_1905,7.9616413,3.0605128,1,8.550401544412672,2.2072208778165874
4518,A_PuertoRico_8_1934_PB1_353_1885,4.0871863,4.472965,0,2.5527971814392396,5.152696836555193
4519,A_PuertoRico_8_1934_PB1_353_1953,3.6995666,4.6777306,0,2.5527971814392396,5.152696836555193
4520,A_PuertoRico_8_1934_PB1_354_1862,4.293542,2.7946198,0,2.5527971814392396,5.152696836555193
4521,A_PuertoRico_8_1934_PB1_354_1916,9.905791,4.975905,-1,,
4522,A_PuertoRico_8_1934_PB1_355_1900,1.8496068,3.5710666,0,2.5527971814392396,5.152696836555193
4523,A_PuertoRico_8_1934_PB1_355_1969,9.072599,1.8205888,1,8.550401544412672,2.2072208778165874
4524,A_PuertoRico_8_1934_PB1_355_2082,7.3716636,2.6063626,1,8.550401544412672,2.2072208778165874
4525,A_PuertoRico_8_1934_PB1_356_1513,2.6945095,4.1356273,0,2.5527971814392396,5.152696836555193
4526,A_PuertoRico_8_1934_PB1_356_1820,2.6604204,3.9015138,0,2.5527971814392396,5.152696836555193
4527,A_PuertoRico_8_1934_PB1_356_1883,2.5102186,4.1500926,0,2.5527971814392396,5.152696836555193
4528,A_PuertoRico_8_1934_PB1_356_1903,2.668171,4.2719197,0,2.5527971814392396,5.152696836555193
4529,A_PuertoRico_8_1934_PB1_356_2104,2.6074846,4.2229996,0,2.5527971814392396,5.152696836555193
4530,A_PuertoRico_8_1934_PB1_356_381,2.6519902,4.0560374,0,2.5527971814392396,5.152696836555193
4531,A_PuertoRico_8_1934_PB1_357_1877,-0.04074369,4.779987,0,2.5527971814392396,5.152696836555193
4532,A_PuertoRico_8_1934_PB1_357_1899,-0.29062298,4.5155473,0,2.5527971814392396,5.152696836555193
4533,A_PuertoRico_8_1934_PB1_357_1937,5.111742e-05,4.607623,0,2.5527971814392396,5.152696836555193
4534,A_PuertoRico_8_1934_PB1_357_1991,0.18889712,4.8356514,0,2.5527971814392396,5.152696836555193
4535,A_PuertoRico_8_1934_PB1_357_2003,-0.12215135,4.513715,0,2.5527971814392396,5.152696836555193
4536,A_PuertoRico_8_1934_PB1_357_2006,-0.09409374,4.5529294,0,2.5527971814392396,5.152696836555193
4537,A_PuertoRico_8_1934_PB1_357_2081,0.051122397,4.61362,0,2.5527971814392396,5.152696836555193
4538,A_PuertoRico_8_1934_PB1_357_2114,0.11735567,4.6258607,0,2.5527971814392396,5.152696836555193
4539,A_PuertoRico_8_1934_PB1_358_1864,0.9765816,5.6161427,0,2.5527971814392396,5.152696836555193
4540,A_PuertoRico_8_1934_PB1_358_1974,0.99826396,5.585794,0,2.5527971814392396,5.152696836555193
4541,A_PuertoRico_8_1934_PB1_358_2022,-0.48331097,4.896458,0,2.5527971814392396,5.152696836555193
4542,A_PuertoRico_8_1934_PB1_359_1897,9.48955,3.654884,1,8.550401544412672,2.2072208778165874
4543,A_PuertoRico_8_1934_PB1_360_1790,4.3191104,3.6328626,0,2.5527971814392396,5.152696836555193
4544,A_PuertoRico_8_1934_PB1_361_1873,-0.41237625,4.995883,0,2.5527971814392396,5.152696836555193
4545,A_PuertoRico_8_1934_PB1_361_1877,-0.3419213,4.9597936,0,2.5527971814392396,5.152696836555193
4546,A_PuertoRico_8_1934_PB1_362_1896,1.9080696,3.3907857,-1,,
4547,A_PuertoRico_8_1934_PB1_363_1828,1.9890381,3.9952874,0,2.5527971814392396,5.152696836555193
4548,A_PuertoRico_8_1934_PB1_363_1861,2.0577674,3.8200586,0,2.5527971814392396,5.152696836555193
4549,A_PuertoRico_8_1934_PB1_363_1896,1.9607774,3.5277338,0,2.5527971814392396,5.152696836555193
4550,A_PuertoRico_8_1934_PB1_363_1900,1.8273307,3.6547103,0,2.5527971814392396,5.152696836555193
4551,A_PuertoRico_8_1934_PB1_363_1927,2.1623878,3.8123546,0,2.5527971814392396,5.152696836555193
4552,A_PuertoRico_8_1934_PB1_364_1863,-0.6066665,5.0245285,0,2.5527971814392396,5.152696836555193
4553,A_PuertoRico_8_1934_PB1_364_1877,-0.5648783,5.00233,0,2.5527971814392396,5.152696836555193
4554,A_PuertoRico_8_1934_PB1_364_1880,-0.5396156,4.9077845,0,2.5527971814392396,5.152696836555193
4555,A_PuertoRico_8_1934_PB1_364_1899,-0.6298559,4.7692046,0,2.5527971814392396,5.152696836555193
4556,A_PuertoRico_8_1934_PB1_364_1937,-0.4923455,4.8419085,0,2.5527971814392396,5.152696836555193
4557,A_PuertoRico_8_1934_PB1_364_1960,-0.5882405,4.8567195,0,2.5527971814392396,5.152696836555193
4558,A_PuertoRico_8_1934_PB1_364_1963,-0.58458626,4.8452063,0,2.5527971814392396,5.152696836555193
4559,A_PuertoRico_8_1934_PB1_364_1990,-0.5714293,4.990392,0,2.5527971814392396,5.152696836555193
4560,A_PuertoRico_8_1934_PB1_365_1752,1.817109,4.079739,0,2.5527971814392396,5.152696836555193
4561,A_PuertoRico_8_1934_PB1_365_1766,1.6649929,4.245517,0,2.5527971814392396,5.152696836555193
4562,A_PuertoRico_8_1934_PB1_365_1864,1.4930507,4.3978205,0,2.5527971814392396,5.152696836555193
4563,A_PuertoRico_8_1934_PB1_365_1896,1.8503574,3.51852,0,2.5527971814392396,5.152696836555193
4564,A_PuertoRico_8_1934_PB1_365_1937,1.497758,4.2465463,-1,,
4565,A_PuertoRico_8_1934_PB1_366_1828,1.9788085,4.0432577,0,2.5527971814392396,5.152696836555193
4566,A_PuertoRico_8_1934_PB1_366_1896,1.9600259,3.4984472,0,2.5527971814392396,5.152696836555193
4567,A_PuertoRico_8_1934_PB1_366_1900,1.7965448,3.5996385,0,2.5527971814392396,5.152696836555193
4568,A_PuertoRico_8_1934_PB1_366_1927,2.216558,3.6614976,0,2.5527971814392396,5.152696836555193
4569,A_PuertoRico_8_1934_PB1_367_1811,3.559143,3.3423264,0,2.5527971814392396,5.152696836555193
4570,A_PuertoRico_8_1934_PB1_367_1876,3.3488843,2.9916162,0,2.5527971814392396,5.152696836555193
4571,A_PuertoRico_8_1934_PB1_368_1821,8.523411,2.35633,1,8.550401544412672,2.2072208778165874
4572,A_PuertoRico_8_1934_PB1_368_1826,8.978184,2.3962896,1,8.550401544412672,2.2072208778165874
4573,A_PuertoRico_8_1934_PB1_368_1831,8.448169,2.6619916,1,8.550401544412672,2.2072208778165874
4574,A_PuertoRico_8_1934_PB1_368_1841,9.046648,2.2305348,1,8.550401544412672,2.2072208778165874
4575,A_PuertoRico_8_1934_PB1_368_1897,9.471167,3.6021256,1,8.550401544412672,2.2072208778165874
4576,A_PuertoRico_8_1934_PB1_368_1901,8.179974,2.8136125,1,8.550401544412672,2.2072208778165874
4577,A_PuertoRico_8_1934_PB1_368_1928,8.460519,2.4329598,1,8.550401544412672,2.2072208778165874
4578,A_PuertoRico_8_1934_PB1_368_1988,9.086581,2.65954,1,8.550401544412672,2.2072208778165874
4579,A_PuertoRico_8_1934_PB1_370_1824,4.0637097,3.1675107,0,2.5527971814392396,5.152696836555193
4580,A_PuertoRico_8_1934_PB1_370_1869,4.020359,3.0188632,0,2.5527971814392396,5.152696836555193
4581,A_PuertoRico_8_1934_PB1_370_1898,3.3338692,2.6884663,0,2.5527971814392396,5.152696836555193
4582,A_PuertoRico_8_1934_PB1_370_1944,3.9383764,3.05232,0,2.5527971814392396,5.152696836555193
4583,A_PuertoRico_8_1934_PB1_370_1980,4.0645285,3.5560727,0,2.5527971814392396,5.152696836555193
4584,A_PuertoRico_8_1934_PB1_370_2002,3.7610292,2.8714914,0,2.5527971814392396,5.152696836555193
4585,A_PuertoRico_8_1934_PB1_371_1829,8.8611355,1.7753466,1,8.550401544412672,2.2072208778165874
4586,A_PuertoRico_8_1934_PB1_371_1884,8.979404,1.6258804,1,8.550401544412672,2.2072208778165874
4587,A_PuertoRico_8_1934_PB1_371_1897,9.542128,3.5810559,1,8.550401544412672,2.2072208778165874
4588,A_PuertoRico_8_1934_PB1_371_1958,9.54489,3.1555798,1,8.550401544412672,2.2072208778165874
4589,A_PuertoRico_8_1934_PB1_371_1969,9.111011,1.8632249,1,8.550401544412672,2.2072208778165874
4590,A_PuertoRico_8_1934_PB1_371_1988,9.450011,2.6296499,1,8.550401544412672,2.2072208778165874
4591,A_PuertoRico_8_1934_PB1_371_1995,9.654376,2.843474,1,8.550401544412672,2.2072208778165874
4592,A_PuertoRico_8_1934_PB1_371_2014,9.167656,1.8584174,1,8.550401544412672,2.2072208778165874
4593,A_PuertoRico_8_1934_PB1_371_2016,9.209514,1.981111,1,8.550401544412672,2.2072208778165874
4594,A_PuertoRico_8_1934_PB1_371_2054,9.145947,1.6060892,1,8.550401544412672,2.2072208778165874
4595,A_PuertoRico_8_1934_PB1_371_2165,9.86012,2.747318,1,8.550401544412672,2.2072208778165874
4596,A_PuertoRico_8_1934_PB1_372_1323,6.069784,2.8559787,1,8.550401544412672,2.2072208778165874
4597,A_PuertoRico_8_1934_PB1_372_1755,6.02705,2.9529803,1,8.550401544412672,2.2072208778165874
4598,A_PuertoRico_8_1934_PB1_372_1824,6.224465,2.8577192,1,8.550401544412672,2.2072208778165874
4599,A_PuertoRico_8_1934_PB1_372_1934,6.199512,2.9126372,1,8.550401544412672,2.2072208778165874
4600,A_PuertoRico_8_1934_PB1_372_1950,6.2073164,3.0576181,1,8.550401544412672,2.2072208778165874
4601,A_PuertoRico_8_1934_PB1_372_1962,5.2182617,2.8679283,-1,,
4602,A_PuertoRico_8_1934_PB1_372_2012,6.1317267,2.8330839,1,8.550401544412672,2.2072208778165874
4603,A_PuertoRico_8_1934_PB1_373_1755,7.4165545,3.4309535,-1,,
4604,A_PuertoRico_8_1934_PB1_373_1860,7.287916,3.5425274,-1,,
4605,A_PuertoRico_8_1934_PB1_373_1896,1.987023,3.313157,0,2.5527971814392396,5.152696836555193
4606,A_PuertoRico_8_1934_PB1_373_1959,3.0951707,2.675293,0,2.5527971814392396,5.152696836555193
4607,A_PuertoRico_8_1934_PB1_374_1862,4.0807233,2.8078387,0,2.5527971814392396,5.152696836555193
4608,A_PuertoRico_8_1934_PB1_374_1869,4.1791015,2.9536436,0,2.5527971814392396,5.152696836555193
4609,A_PuertoRico_8_1934_PB1_374_1876,3.8384492,2.7368073,0,2.5527971814392396,5.152696836555193
4610,A_PuertoRico_8_1934_PB1_374_1898,3.412448,2.638279,0,2.5527971814392396,5.152696836555193
4611,A_PuertoRico_8_1934_PB1_374_1908,3.9362903,2.6467407,0,2.5527971814392396,5.152696836555193
4612,A_PuertoRico_8_1934_PB1_374_1962,4.0840116,2.8197126,0,2.5527971814392396,5.152696836555193
4613,A_PuertoRico_8_1934_PB1_374_2049,4.126578,2.8407505,0,2.5527971814392396,5.152696836555193
4614,A_PuertoRico_8_1934_PB1_374_2151,3.993176,2.8129811,0,2.5527971814392396,5.152696836555193
4615,A_PuertoRico_8_1934_PB1_375_1826,9.014052,2.459471,1,8.550401544412672,2.2072208778165874
4616,A_PuertoRico_8_1934_PB1_375_1829,8.833468,2.2303967,1,8.550401544412672,2.2072208778165874
4617,A_PuertoRico_8_1934_PB1_375_1831,8.591928,2.6443238,1,8.550401544412672,2.2072208778165874
4618,A_PuertoRico_8_1934_PB1_375_1858,9.010384,2.619889,1,8.550401544412672,2.2072208778165874
4619,A_PuertoRico_8_1934_PB1_375_1867,9.204345,2.6255717,1,8.550401544412672,2.2072208778165874
4620,A_PuertoRico_8_1934_PB1_375_1887,8.942464,2.3146687,1,8.550401544412672,2.2072208778165874
4621,A_PuertoRico_8_1934_PB1_375_1897,9.434629,3.550314,1,8.550401544412672,2.2072208778165874
4622,A_PuertoRico_8_1934_PB1_375_1901,8.311464,2.8665478,1,8.550401544412672,2.2072208778165874
4623,A_PuertoRico_8_1934_PB1_375_1928,8.630795,2.3867295,1,8.550401544412672,2.2072208778165874
4624,A_PuertoRico_8_1934_PB1_375_1929,8.845928,2.5332549,1,8.550401544412672,2.2072208778165874
4625,A_PuertoRico_8_1934_PB1_375_1949,8.660773,2.4711983,1,8.550401544412672,2.2072208778165874
4626,A_PuertoRico_8_1934_PB1_375_1958,9.464186,3.0284274,1,8.550401544412672,2.2072208778165874
4627,A_PuertoRico_8_1934_PB1_375_1971,9.252161,2.6050878,1,8.550401544412672,2.2072208778165874
4628,A_PuertoRico_8_1934_PB1_375_1982,8.576363,2.331549,1,8.550401544412672,2.2072208778165874
4629,A_PuertoRico_8_1934_PB1_375_1988,9.122006,2.6665368,1,8.550401544412672,2.2072208778165874
4630,A_PuertoRico_8_1934_PB1_375_1995,9.516963,2.9445834,1,8.550401544412672,2.2072208778165874
4631,A_PuertoRico_8_1934_PB1_375_2129,8.212246,0.40686354,1,8.550401544412672,2.2072208778165874
4632,A_PuertoRico_8_1934_PB1_375_2177,10.002027,2.9491246,1,8.550401544412672,2.2072208778165874
4633,A_PuertoRico_8_1934_PB1_375_428,8.872742,2.3765457,1,8.550401544412672,2.2072208778165874
4634,A_PuertoRico_8_1934_PB1_376_1822,3.6784122,4.138315,0,2.5527971814392396,5.152696836555193
4635,A_PuertoRico_8_1934_PB1_376_1840,3.7037454,4.133537,0,2.5527971814392396,5.152696836555193
4636,A_PuertoRico_8_1934_PB1_376_1885,4.0649557,4.3337646,0,2.5527971814392396,5.152696836555193
4637,A_PuertoRico_8_1934_PB1_376_1907,3.7401812,4.1308937,0,2.5527971814392396,5.152696836555193
4638,A_PuertoRico_8_1934_PB1_376_1912,3.8354821,4.15954,0,2.5527971814392396,5.152696836555193
4639,A_PuertoRico_8_1934_PB1_376_2015,3.7056932,4.120661,0,2.5527971814392396,5.152696836555193
4640,A_PuertoRico_8_1934_PB1_376_2017,3.8626246,4.0417128,0,2.5527971814392396,5.152696836555193
4641,A_PuertoRico_8_1934_PB1_376_2055,3.5651484,4.078232,0,2.5527971814392396,5.152696836555193
4642,A_PuertoRico_8_1934_PB1_376_2092,4.120842,4.1690536,0,2.5527971814392396,5.152696836555193
4643,A_PuertoRico_8_1934_PB1_378_1871,9.177567,3.8015764,1,8.550401544412672,2.2072208778165874
4644,A_PuertoRico_8_1934_PB1_379_1877,-0.38973403,5.0170445,0,2.5527971814392396,5.152696836555193
4645,A_PuertoRico_8_1934_PB1_380_1772,3.4068606,2.2055833,0,2.5527971814392396,5.152696836555193
4646,A_PuertoRico_8_1934_PB1_380_1898,3.3181596,2.5674052,0,2.5527971814392396,5.152696836555193
4647,A_PuertoRico_8_1934_PB1_380_1908,3.5647874,2.4958372,0,2.5527971814392396,5.152696836555193
4648,A_PuertoRico_8_1934_PB1_380_1936,3.4846148,2.497856,0,2.5527971814392396,5.152696836555193
4649,A_PuertoRico_8_1934_PB1_380_1940,3.461512,2.5257418,0,2.5527971814392396,5.152696836555193
4650,A_PuertoRico_8_1934_PB1_380_1944,3.5699854,2.7062602,0,2.5527971814392396,5.152696836555193
4651,A_PuertoRico_8_1934_PB1_380_1999,3.3160489,2.3758461,0,2.5527971814392396,5.152696836555193
4652,A_PuertoRico_8_1934_PB1_380_2005,3.4634478,2.5255,0,2.5527971814392396,5.152696836555193
4653,A_PuertoRico_8_1934_PB1_381_1821,7.7338834,2.1110625,1,8.550401544412672,2.2072208778165874
4654,A_PuertoRico_8_1934_PB1_381_1833,8.402255,3.35241,1,8.550401544412672,2.2072208778165874
4655,A_PuertoRico_8_1934_PB1_381_1858,7.7252436,2.1082926,1,8.550401544412672,2.2072208778165874
4656,A_PuertoRico_8_1934_PB1_381_1866,7.601334,2.02931,1,8.550401544412672,2.2072208778165874
4657,A_PuertoRico_8_1934_PB1_381_1897,9.540498,3.6234157,1,8.550401544412672,2.2072208778165874
4658,A_PuertoRico_8_1934_PB1_381_1901,7.9285336,2.6156156,1,8.550401544412672,2.2072208778165874
4659,A_PuertoRico_8_1934_PB1_381_1928,7.7290063,2.068,1,8.550401544412672,2.2072208778165874
4660,A_PuertoRico_8_1934_PB1_381_1942,7.5135317,2.164544,1,8.550401544412672,2.2072208778165874
4661,A_PuertoRico_8_1934_PB1_381_1946,7.348347,2.2844355,1,8.550401544412672,2.2072208778165874
4662,A_PuertoRico_8_1934_PB1_381_1949,7.6573653,2.1096282,1,8.550401544412672,2.2072208778165874
4663,A_PuertoRico_8_1934_PB1_381_1958,9.489719,3.1711373,1,8.550401544412672,2.2072208778165874
4664,A_PuertoRico_8_1934_PB1_381_2011,7.6408963,2.188723,1,8.550401544412672,2.2072208778165874
4665,A_PuertoRico_8_1934_PB1_382_1863,-0.5980016,5.1861444,0,2.5527971814392396,5.152696836555193
4666,A_PuertoRico_8_1934_PB1_382_1972,2.9656117,3.2310512,0,2.5527971814392396,5.152696836555193
4667,A_PuertoRico_8_1934_PB1_382_1979,3.733311,5.4698286,0,2.5527971814392396,5.152696836555193
4668,A_PuertoRico_8_1934_PB1_382_1993,3.8561325,5.1911263,0,2.5527971814392396,5.152696836555193
4669,A_PuertoRico_8_1934_PB1_383_1831,8.509646,2.7191672,1,8.550401544412672,2.2072208778165874
4670,A_PuertoRico_8_1934_PB1_383_1897,9.458269,3.6643453,1,8.550401544412672,2.2072208778165874
4671,A_PuertoRico_8_1934_PB1_383_2199,9.291489,3.7475297,1,8.550401544412672,2.2072208778165874
4672,A_PuertoRico_8_1934_PB1_385_1897,9.498539,3.5986288,1,8.550401544412672,2.2072208778165874
4673,A_PuertoRico_8_1934_PB1_385_1934,8.86267,3.3016648,1,8.550401544412672,2.2072208778165874
4674,A_PuertoRico_8_1934_PB1_385_1976,8.839789,1.0194762,1,8.550401544412672,2.2072208778165874
4675,A_PuertoRico_8_1934_PB1_386_1856,6.640258,2.95244,1,8.550401544412672,2.2072208778165874
4676,A_PuertoRico_8_1934_PB1_386_1950,6.4256363,3.1686747,1,8.550401544412672,2.2072208778165874
4677,A_PuertoRico_8_1934_PB1_389_1875,9.622218,3.012725,1,8.550401544412672,2.2072208778165874
4678,A_PuertoRico_8_1934_PB1_390_2003,-0.09331403,4.5884943,0,2.5527971814392396,5.152696836555193
4679,A_PuertoRico_8_1934_PB1_391_1871,9.089746,3.869885,1,8.550401544412672,2.2072208778165874
4680,A_PuertoRico_8_1934_PB1_392_1996,3.506175,2.927669,0,2.5527971814392396,5.152696836555193
4681,A_PuertoRico_8_1934_PB1_393_1901,8.267869,2.921835,1,8.550401544412672,2.2072208778165874
4682,A_PuertoRico_8_1934_PB1_393_1933,9.640097,1.8753519,1,8.550401544412672,2.2072208778165874
4683,A_PuertoRico_8_1934_PB1_393_1985,8.273258,3.8442602,-1,,
4684,A_PuertoRico_8_1934_PB1_393_1995,9.463489,3.0156884,1,8.550401544412672,2.2072208778165874
4685,A_PuertoRico_8_1934_PB1_394_1913,4.221661,4.501058,0,2.5527971814392396,5.152696836555193
4686,A_PuertoRico_8_1934_PB1_394_2005,3.520777,2.5753965,0,2.5527971814392396,5.152696836555193
4687,A_PuertoRico_8_1934_PB1_395_1821,8.5574,1.6999519,1,8.550401544412672,2.2072208778165874
4688,A_PuertoRico_8_1934_PB1_395_1897,9.456648,3.5757937,1,8.550401544412672,2.2072208778165874
4689,A_PuertoRico_8_1934_PB1_395_1961,9.366793,3.4946418,1,8.550401544412672,2.2072208778165874
4690,A_PuertoRico_8_1934_PB1_396_1771,6.3909335,2.8421645,1,8.550401544412672,2.2072208778165874
4691,A_PuertoRico_8_1934_PB1_396_1824,6.3804173,2.888176,1,8.550401544412672,2.2072208778165874
4692,A_PuertoRico_8_1934_PB1_397_2058,1.2533339,4.6930847,0,2.5527971814392396,5.152696836555193
4693,A_PuertoRico_8_1934_PB1_400_1993,3.9287002,4.919588,0,2.5527971814392396,5.152696836555193
4694,A_PuertoRico_8_1934_PB1_401_1899,-0.50928766,4.6497316,0,2.5527971814392396,5.152696836555193
4695,A_PuertoRico_8_1934_PB1_402_1896,1.9866587,3.3598323,0,2.5527971814392396,5.152696836555193
4696,A_PuertoRico_8_1934_PB1_402_1927,2.4758162,3.491514,0,2.5527971814392396,5.152696836555193
4697,A_PuertoRico_8_1934_PB1_404_1949,8.336273,2.3856528,1,8.550401544412672,2.2072208778165874
4698,A_PuertoRico_8_1934_PB1_409_1898,3.3374786,2.6731992,0,2.5527971814392396,5.152696836555193
4699,A_PuertoRico_8_1934_PB1_410_1753,7.714648,1.8693688,1,8.550401544412672,2.2072208778165874
4700,A_PuertoRico_8_1934_PB1_410_1774,8.740398,1.5817274,1,8.550401544412672,2.2072208778165874
4701,A_PuertoRico_8_1934_PB1_410_1829,8.664947,1.6274078,1,8.550401544412672,2.2072208778165874
4702,A_PuertoRico_8_1934_PB1_410_1866,7.6137547,1.8954326,1,8.550401544412672,2.2072208778165874
4703,A_PuertoRico_8_1934_PB1_410_1902,6.3664174,2.698106,1,8.550401544412672,2.2072208778165874
4704,A_PuertoRico_8_1934_PB1_410_2054,8.837788,1.3778335,1,8.550401544412672,2.2072208778165874
4705,A_PuertoRico_8_1934_PB1_411_1935,2.5530915,4.0663295,0,2.5527971814392396,5.152696836555193
4706,A_PuertoRico_8_1934_PB1_411_1940,2.6565378,4.007753,0,2.5527971814392396,5.152696836555193
4707,A_PuertoRico_8_1934_PB1_411_2112,2.388697,4.1192203,0,2.5527971814392396,5.152696836555193
4708,A_PuertoRico_8_1934_PB1_412_1899,-0.36157078,4.6124806,0,2.5527971814392396,5.152696836555193
4709,A_PuertoRico_8_1934_PB1_412_1907,1.3180819,4.429939,-1,,
4710,A_PuertoRico_8_1934_PB1_412_2058,1.2793472,4.5425363,0,2.5527971814392396,5.152696836555193
4711,A_PuertoRico_8_1934_PB1_412_2179,-0.1258605,4.7944384,0,2.5527971814392396,5.152696836555193
4712,A_PuertoRico_8_1934_PB1_415_1811,3.5504563,3.347397,0,2.5527971814392396,5.152696836555193
4713,A_PuertoRico_8_1934_PB1_417_1834,3.2192783,3.0807228,0,2.5527971814392396,5.152696836555193
4714,A_PuertoRico_8_1934_PB1_417_1842,3.4652748,2.362396,0,2.5527971814392396,5.152696836555193
4715,A_PuertoRico_8_1934_PB1_422_1846,4.414808,2.690001,0,2.5527971814392396,5.152696836555193
4716,A_PuertoRico_8_1934_PB1_422_1895,-0.05507396,6.621445,0,2.5527971814392396,5.152696836555193
4717,A_PuertoRico_8_1934_PB1_423_1829,8.874127,1.662377,1,8.550401544412672,2.2072208778165874
4718,A_PuertoRico_8_1934_PB1_423_1833,8.497492,3.359598,1,8.550401544412672,2.2072208778165874
4719,A_PuertoRico_8_1934_PB1_423_1884,8.94952,1.6124206,1,8.550401544412672,2.2072208778165874
4720,A_PuertoRico_8_1934_PB1_423_1934,8.823197,3.4279373,1,8.550401544412672,2.2072208778165874
4721,A_PuertoRico_8_1934_PB1_423_1958,9.452039,3.0657213,1,8.550401544412672,2.2072208778165874
4722,A_PuertoRico_8_1934_PB1_423_1971,9.350447,2.818155,1,8.550401544412672,2.2072208778165874
4723,A_PuertoRico_8_1934_PB1_423_2054,8.993516,1.3974584,1,8.550401544412672,2.2072208778165874
4724,A_PuertoRico_8_1934_PB1_424_1902,6.276701,2.7059946,1,8.550401544412672,2.2072208778165874
4725,A_PuertoRico_8_1934_PB1_425_2018,2.5983782,3.4912157,0,2.5527971814392396,5.152696836555193
4726,A_PuertoRico_8_1934_PB1_426_1393,3.394908,2.7640395,0,2.5527971814392396,5.152696836555193
4727,A_PuertoRico_8_1934_PB1_426_1876,3.3538668,2.837109,0,2.5527971814392396,5.152696836555193
4728,A_PuertoRico_8_1934_PB1_426_1898,3.2037306,2.681334,0,2.5527971814392396,5.152696836555193
4729,A_PuertoRico_8_1934_PB1_426_1959,3.1131344,2.7869546,0,2.5527971814392396,5.152696836555193
4730,A_PuertoRico_8_1934_PB1_426_2113,4.1223893,2.7396169,0,2.5527971814392396,5.152696836555193
4731,A_PuertoRico_8_1934_PB1_427_1723,8.423929,1.4597747,1,8.550401544412672,2.2072208778165874
4732,A_PuertoRico_8_1934_PB1_427_1753,8.254226,2.4322853,1,8.550401544412672,2.2072208778165874
4733,A_PuertoRico_8_1934_PB1_427_1833,8.487028,3.3967803,1,8.550401544412672,2.2072208778165874
4734,A_PuertoRico_8_1934_PB1_427_1897,9.50086,3.610265,1,8.550401544412672,2.2072208778165874
4735,A_PuertoRico_8_1934_PB1_427_1947,7.458808,2.929851,1,8.550401544412672,2.2072208778165874
4736,A_PuertoRico_8_1934_PB1_427_1958,9.487246,3.1466863,1,8.550401544412672,2.2072208778165874
4737,A_PuertoRico_8_1934_PB1_427_1995,9.530055,3.0829544,1,8.550401544412672,2.2072208778165874
4738,A_PuertoRico_8_1934_PB1_427_2061,7.8005824,2.6877728,1,8.550401544412672,2.2072208778165874
4739,A_PuertoRico_8_1934_PB1_427_2246,7.5372,2.5551846,1,8.550401544412672,2.2072208778165874
4740,A_PuertoRico_8_1934_PB1_428_1611,3.0372846,3.3299367,0,2.5527971814392396,5.152696836555193
4741,A_PuertoRico_8_1934_PB1_428_1920,2.9460769,3.3801198,0,2.5527971814392396,5.152696836555193
4742,A_PuertoRico_8_1934_PB1_428_1996,3.2524924,3.0716846,0,2.5527971814392396,5.152696836555193
4743,A_PuertoRico_8_1934_PB1_428_2025,3.1558945,3.270674,0,2.5527971814392396,5.152696836555193
4744,A_PuertoRico_8_1934_PB1_429_1947,7.3519826,2.996183,1,8.550401544412672,2.2072208778165874
4745,A_PuertoRico_8_1934_PB1_429_2016,9.21835,2.0067904,1,8.550401544412672,2.2072208778165874
4746,A_PuertoRico_8_1934_PB1_429_2024,8.667324,3.2956173,1,8.550401544412672,2.2072208778165874
4747,A_PuertoRico_8_1934_PB1_429_2129,8.100362,0.39796123,1,8.550401544412672,2.2072208778165874
4748,A_PuertoRico_8_1934_PB1_430_1902,6.228504,2.732367,1,8.550401544412672,2.2072208778165874
4749,A_PuertoRico_8_1934_PB1_430_2124,5.7888246,3.0961971,-1,,
4750,A_PuertoRico_8_1934_PB1_430_2144,5.7722197,3.0797422,-1,,
4751,A_PuertoRico_8_1934_PB1_431_1833,8.434103,3.4007254,1,8.550401544412672,2.2072208778165874
4752,A_PuertoRico_8_1934_PB1_431_1858,8.548302,2.4671972,1,8.550401544412672,2.2072208778165874
4753,A_PuertoRico_8_1934_PB1_431_1939,6.7287745,2.486725,1,8.550401544412672,2.2072208778165874
4754,A_PuertoRico_8_1934_PB1_435_1897,9.4720335,3.6890922,1,8.550401544412672,2.2072208778165874
4755,A_PuertoRico_8_1934_PB1_435_1950,6.4980245,3.1663597,1,8.550401544412672,2.2072208778165874
4756,A_PuertoRico_8_1934_PB1_438_1816,2.373599,3.9784203,0,2.5527971814392396,5.152696836555193
4757,A_PuertoRico_8_1934_PB1_439_1748,0.38168302,4.482271,0,2.5527971814392396,5.152696836555193
4758,A_PuertoRico_8_1934_PB1_439_1820,0.6841543,4.31317,0,2.5527971814392396,5.152696836555193
4759,A_PuertoRico_8_1934_PB1_439_1997,0.12210791,4.6868978,0,2.5527971814392396,5.152696836555193
4760,A_PuertoRico_8_1934_PB1_440_1855,4.488576,4.2797685,0,2.5527971814392396,5.152696836555193
4761,A_PuertoRico_8_1934_PB1_441_2128,2.9436805,4.2711506,0,2.5527971814392396,5.152696836555193
4762,A_PuertoRico_8_1934_PB1_442_1788,0.69730324,5.0229597,0,2.5527971814392396,5.152696836555193
4763,A_PuertoRico_8_1934_PB1_444_1701,8.794334,1.2056843,1,8.550401544412672,2.2072208778165874
4764,A_PuertoRico_8_1934_PB1_444_1819,9.490406,3.6776006,1,8.550401544412672,2.2072208778165874
4765,A_PuertoRico_8_1934_PB1_444_1833,8.453877,3.3570185,1,8.550401544412672,2.2072208778165874
4766,A_PuertoRico_8_1934_PB1_444_1897,9.549322,3.647511,1,8.550401544412672,2.2072208778165874
4767,A_PuertoRico_8_1934_PB1_445_1950,6.39167,3.17678,1,8.550401544412672,2.2072208778165874
4768,A_PuertoRico_8_1934_PB1_445_2106,6.3910127,3.090683,1,8.550401544412672,2.2072208778165874
4769,A_PuertoRico_8_1934_PB1_447_1701,8.88774,1.3663402,1,8.550401544412672,2.2072208778165874
4770,A_PuertoRico_8_1934_PB1_447_1725,8.665049,2.5131266,1,8.550401544412672,2.2072208778165874
4771,A_PuertoRico_8_1934_PB1_447_1753,8.657265,2.4714084,1,8.550401544412672,2.2072208778165874
4772,A_PuertoRico_8_1934_PB1_447_1833,8.530413,3.3606026,1,8.550401544412672,2.2072208778165874
4773,A_PuertoRico_8_1934_PB1_447_1884,8.855004,1.7913519,1,8.550401544412672,2.2072208778165874
4774,A_PuertoRico_8_1934_PB1_447_1897,9.532376,3.6927364,1,8.550401544412672,2.2072208778165874
4775,A_PuertoRico_8_1934_PB1_447_1901,8.281657,2.870969,1,8.550401544412672,2.2072208778165874
4776,A_PuertoRico_8_1934_PB1_447_1928,8.642145,2.4183114,1,8.550401544412672,2.2072208778165874
4777,A_PuertoRico_8_1934_PB1_447_1949,8.488854,2.4836736,1,8.550401544412672,2.2072208778165874
4778,A_PuertoRico_8_1934_PB1_447_1986,8.875383,2.347685,1,8.550401544412672,2.2072208778165874
4779,A_PuertoRico_8_1934_PB1_448_1830,1.262383,5.540065,0,2.5527971814392396,5.152696836555193
4780,A_PuertoRico_8_1934_PB1_448_1931,1.3761064,5.435206,0,2.5527971814392396,5.152696836555193
4781,A_PuertoRico_8_1934_PB1_449_1876,3.6204329,2.561268,0,2.5527971814392396,5.152696836555193
4782,A_PuertoRico_8_1934_PB1_44_1996,3.2608771,2.8203626,0,2.5527971814392396,5.152696836555193
4783,A_PuertoRico_8_1934_PB1_450_1701,8.618289,1.1704146,1,8.550401544412672,2.2072208778165874
4784,A_PuertoRico_8_1934_PB1_450_1813,8.033343,1.238839,1,8.550401544412672,2.2072208778165874
4785,A_PuertoRico_8_1934_PB1_450_1821,8.219726,1.428415,1,8.550401544412672,2.2072208778165874
4786,A_PuertoRico_8_1934_PB1_450_1823,8.0846195,1.2474073,1,8.550401544412672,2.2072208778165874
4787,A_PuertoRico_8_1934_PB1_450_1829,8.3210535,1.3231487,1,8.550401544412672,2.2072208778165874
4788,A_PuertoRico_8_1934_PB1_450_1884,8.287934,1.2121489,1,8.550401544412672,2.2072208778165874
4789,A_PuertoRico_8_1934_PB1_450_1901,8.096288,1.4630382,1,8.550401544412672,2.2072208778165874
4790,A_PuertoRico_8_1934_PB1_450_2129,8.063174,0.6302513,1,8.550401544412672,2.2072208778165874
4791,A_PuertoRico_8_1934_PB1_450_2132,8.280264,1.6717396,1,8.550401544412672,2.2072208778165874
4792,A_PuertoRico_8_1934_PB1_451_1706,2.6014678,3.2692626,0,2.5527971814392396,5.152696836555193
4793,A_PuertoRico_8_1934_PB1_451_1834,2.540762,3.3453305,0,2.5527971814392396,5.152696836555193
4794,A_PuertoRico_8_1934_PB1_451_1851,2.5318825,3.2778273,0,2.5527971814392396,5.152696836555193
4795,A_PuertoRico_8_1934_PB1_451_1862,2.5467398,3.3309376,0,2.5527971814392396,5.152696836555193
4796,A_PuertoRico_8_1934_PB1_451_1896,2.0061193,3.3398395,0,2.5527971814392396,5.152696836555193
4797,A_PuertoRico_8_1934_PB1_452_1700,2.4589405,4.3029995,0,2.5527971814392396,5.152696836555193
4798,A_PuertoRico_8_1934_PB1_453_1877,-0.28313088,5.0726457,0,2.5527971814392396,5.152696836555193
4799,A_PuertoRico_8_1934_PB1_453_1899,-0.49531358,4.5768695,0,2.5527971814392396,5.152696836555193
4800,A_PuertoRico_8_1934_PB1_453_2201,-0.025962368,4.7513595,0,2.5527971814392396,5.152696836555193
4801,A_PuertoRico_8_1934_PB1_454_1765,1.12566,5.2578225,0,2.5527971814392396,5.152696836555193
4802,A_PuertoRico_8_1934_PB1_454_1974,1.0110614,5.50171,0,2.5527971814392396,5.152696836555193
4803,A_PuertoRico_8_1934_PB1_456_1876,3.5271049,3.1227632,0,2.5527971814392396,5.152696836555193
4804,A_PuertoRico_8_1934_PB1_457_1723,8.662436,1.3348105,1,8.550401544412672,2.2072208778165874
4805,A_PuertoRico_8_1934_PB1_457_1829,8.761773,1.6074061,1,8.550401544412672,2.2072208778165874
4806,A_PuertoRico_8_1934_PB1_458_1782,6.934658,3.139084,1,8.550401544412672,2.2072208778165874
4807,A_PuertoRico_8_1934_PB1_458_2156,8.256972,3.384657,1,8.550401544412672,2.2072208778165874
4808,A_PuertoRico_8_1934_PB1_459_1980,3.965718,4.321853,0,2.5527971814392396,5.152696836555193
4809,A_PuertoRico_8_1934_PB1_45_116,7.7867737,0.97261804,1,8.550401544412672,2.2072208778165874
4810,A_PuertoRico_8_1934_PB1_45_2056,7.5543776,1.2680962,1,8.550401544412672,2.2072208778165874
4811,A_PuertoRico_8_1934_PB1_45_69,7.6548486,0.9885224,1,8.550401544412672,2.2072208778165874
4812,A_PuertoRico_8_1934_PB1_45_70,7.514791,0.96277213,1,8.550401544412672,2.2072208778165874
4813,A_PuertoRico_8_1934_PB1_45_77,7.590101,0.9322569,1,8.550401544412672,2.2072208778165874
4814,A_PuertoRico_8_1934_PB1_45_85,7.6927023,1.0367472,1,8.550401544412672,2.2072208778165874
4815,A_PuertoRico_8_1934_PB1_45_96,7.7162056,0.9726836,1,8.550401544412672,2.2072208778165874
4816,A_PuertoRico_8_1934_PB1_460_1826,9.136243,2.3516238,1,8.550401544412672,2.2072208778165874
4817,A_PuertoRico_8_1934_PB1_460_1829,8.893219,1.9687743,1,8.550401544412672,2.2072208778165874
4818,A_PuertoRico_8_1934_PB1_460_1833,8.519784,3.3562167,1,8.550401544412672,2.2072208778165874
4819,A_PuertoRico_8_1934_PB1_460_1841,9.174075,2.241771,1,8.550401544412672,2.2072208778165874
4820,A_PuertoRico_8_1934_PB1_460_1897,9.481395,3.578489,1,8.550401544412672,2.2072208778165874
4821,A_PuertoRico_8_1934_PB1_460_2110,10.174229,1.700781,1,8.550401544412672,2.2072208778165874
4822,A_PuertoRico_8_1934_PB1_461_1608,4.223484,4.3801117,0,2.5527971814392396,5.152696836555193
4823,A_PuertoRico_8_1934_PB1_461_1885,4.11303,4.44849,0,2.5527971814392396,5.152696836555193
4824,A_PuertoRico_8_1934_PB1_461_1898,3.2705073,2.6678424,0,2.5527971814392396,5.152696836555193
4825,A_PuertoRico_8_1934_PB1_462_1829,8.74648,1.6718861,1,8.550401544412672,2.2072208778165874
4826,A_PuertoRico_8_1934_PB1_463_1832,6.9095798,3.2992163,1,8.550401544412672,2.2072208778165874
4827,A_PuertoRico_8_1934_PB1_464_1843,2.434847,3.6046445,0,2.5527971814392396,5.152696836555193
4828,A_PuertoRico_8_1934_PB1_464_1898,3.1795702,2.7382472,0,2.5527971814392396,5.152696836555193
4829,A_PuertoRico_8_1934_PB1_464_2005,3.3728817,2.7233546,0,2.5527971814392396,5.152696836555193
4830,A_PuertoRico_8_1934_PB1_464_2006,0.59082025,4.200463,0,2.5527971814392396,5.152696836555193
4831,A_PuertoRico_8_1934_PB1_465_1701,8.8482685,1.2984426,1,8.550401544412672,2.2072208778165874
4832,A_PuertoRico_8_1934_PB1_465_1832,8.103204,3.1756773,1,8.550401544412672,2.2072208778165874
4833,A_PuertoRico_8_1934_PB1_465_1833,8.514561,3.3533633,1,8.550401544412672,2.2072208778165874
4834,A_PuertoRico_8_1934_PB1_465_1870,-0.22442473,4.875891,0,2.5527971814392396,5.152696836555193
4835,A_PuertoRico_8_1934_PB1_465_1897,9.457536,3.6308637,1,8.550401544412672,2.2072208778165874
4836,A_PuertoRico_8_1934_PB1_465_1901,8.305373,2.9724612,1,8.550401544412672,2.2072208778165874
4837,A_PuertoRico_8_1934_PB1_465_2024,8.549291,3.3223557,1,8.550401544412672,2.2072208778165874
4838,A_PuertoRico_8_1934_PB1_465_2165,9.871238,2.751235,1,8.550401544412672,2.2072208778165874
4839,A_PuertoRico_8_1934_PB1_465_644,8.643466,2.5765598,1,8.550401544412672,2.2072208778165874
4840,A_PuertoRico_8_1934_PB1_468_1839,6.9471865,2.1709688,-1,,
4841,A_PuertoRico_8_1934_PB1_46_115,3.9740775,4.3249044,0,2.5527971814392396,5.152696836555193
4842,A_PuertoRico_8_1934_PB1_46_139,3.9690151,4.29423,0,2.5527971814392396,5.152696836555193
4843,A_PuertoRico_8_1934_PB1_46_141,3.990313,4.2596135,0,2.5527971814392396,5.152696836555193
4844,A_PuertoRico_8_1934_PB1_46_2055,3.9369347,4.271921,0,2.5527971814392396,5.152696836555193
4845,A_PuertoRico_8_1934_PB1_46_68,3.9626935,4.3189044,0,2.5527971814392396,5.152696836555193
4846,A_PuertoRico_8_1934_PB1_46_84,3.9500353,4.3562436,0,2.5527971814392396,5.152696836555193
4847,A_PuertoRico_8_1934_PB1_470_1752,2.0391648,4.0825353,0,2.5527971814392396,5.152696836555193
4848,A_PuertoRico_8_1934_PB1_470_1828,1.8985349,4.077217,0,2.5527971814392396,5.152696836555193
4849,A_PuertoRico_8_1934_PB1_470_1945,1.761251,4.132983,0,2.5527971814392396,5.152696836555193
4850,A_PuertoRico_8_1934_PB1_471_1811,3.405073,3.4493518,0,2.5527971814392396,5.152696836555193
4851,A_PuertoRico_8_1934_PB1_471_1863,-0.6267546,5.022066,0,2.5527971814392396,5.152696836555193
4852,A_PuertoRico_8_1934_PB1_471_1870,-0.49949878,5.002342,0,2.5527971814392396,5.152696836555193
4853,A_PuertoRico_8_1934_PB1_471_1877,-0.55463564,5.0175476,0,2.5527971814392396,5.152696836555193
4854,A_PuertoRico_8_1934_PB1_471_1899,-0.60587865,4.7452517,0,2.5527971814392396,5.152696836555193
4855,A_PuertoRico_8_1934_PB1_471_1945,-0.41948307,4.8806105,0,2.5527971814392396,5.152696836555193
4856,A_PuertoRico_8_1934_PB1_473_2004,2.1058376,4.423318,0,2.5527971814392396,5.152696836555193
4857,A_PuertoRico_8_1934_PB1_476_2098,0.9448792,5.3574233,0,2.5527971814392396,5.152696836555193
4858,A_PuertoRico_8_1934_PB1_478_1820,2.6793976,3.697342,0,2.5527971814392396,5.152696836555193
4859,A_PuertoRico_8_1934_PB1_479_1842,3.5708792,2.3317668,0,2.5527971814392396,5.152696836555193
4860,A_PuertoRico_8_1934_PB1_47_100,6.9722276,1.3055764,1,8.550401544412672,2.2072208778165874
4861,A_PuertoRico_8_1934_PB1_47_151,6.897899,1.2773226,-1,,
4862,A_PuertoRico_8_1934_PB1_47_2018,2.602686,3.437561,0,2.5527971814392396,5.152696836555193
4863,A_PuertoRico_8_1934_PB1_482_1930,7.4017053,3.4885821,-1,,
4864,A_PuertoRico_8_1934_PB1_48_2074,3.9833333,2.7383606,0,2.5527971814392396,5.152696836555193
4865,A_PuertoRico_8_1934_PB1_490_1934,8.91274,3.3412895,1,8.550401544412672,2.2072208778165874
4866,A_PuertoRico_8_1934_PB1_498_1820,2.5663688,3.8080702,0,2.5527971814392396,5.152696836555193
4867,A_PuertoRico_8_1934_PB1_499_1873,-0.29376784,4.931969,0,2.5527971814392396,5.152696836555193
4868,A_PuertoRico_8_1934_PB1_49_90,2.250481,3.4808218,0,2.5527971814392396,5.152696836555193
4869,A_PuertoRico_8_1934_PB1_502_1900,1.7826499,3.6060128,0,2.5527971814392396,5.152696836555193
4870,A_PuertoRico_8_1934_PB1_510_1748,0.069110006,4.502304,0,2.5527971814392396,5.152696836555193
4871,A_PuertoRico_8_1934_PB1_514_851,7.7595553,2.7322743,1,8.550401544412672,2.2072208778165874
4872,A_PuertoRico_8_1934_PB1_515_1649,3.2597995,3.1038747,0,2.5527971814392396,5.152696836555193
4873,A_PuertoRico_8_1934_PB1_515_1768,3.2885368,3.0198958,0,2.5527971814392396,5.152696836555193
4874,A_PuertoRico_8_1934_PB1_515_1897,9.522077,3.6923509,1,8.550401544412672,2.2072208778165874
4875,A_PuertoRico_8_1934_PB1_515_1898,3.2630682,2.698071,0,2.5527971814392396,5.152696836555193
4876,A_PuertoRico_8_1934_PB1_516_1723,8.512527,1.3363881,1,8.550401544412672,2.2072208778165874
4877,A_PuertoRico_8_1934_PB1_516_1897,9.491178,3.6361377,1,8.550401544412672,2.2072208778165874
4878,A_PuertoRico_8_1934_PB1_516_1901,8.1605,2.836554,1,8.550401544412672,2.2072208778165874
4879,A_PuertoRico_8_1934_PB1_516_2146,8.804022,1.3042327,1,8.550401544412672,2.2072208778165874
4880,A_PuertoRico_8_1934_PB1_517_1745,3.4296043,3.469651,0,2.5527971814392396,5.152696836555193
4881,A_PuertoRico_8_1934_PB1_521_1700,2.294181,4.013625,0,2.5527971814392396,5.152696836555193
4882,A_PuertoRico_8_1934_PB1_521_1728,2.2333055,3.9257312,0,2.5527971814392396,5.152696836555193
4883,A_PuertoRico_8_1934_PB1_521_1820,2.3897264,3.737279,0,2.5527971814392396,5.152696836555193
4884,A_PuertoRico_8_1934_PB1_524_580,3.7245028,3.2402365,0,2.5527971814392396,5.152696836555193
4885,A_PuertoRico_8_1934_PB1_525_1717,4.0463195,2.9942162,0,2.5527971814392396,5.152696836555193
4886,A_PuertoRico_8_1934_PB1_526_1548,9.291775,2.136302,1,8.550401544412672,2.2072208778165874
4887,A_PuertoRico_8_1934_PB1_526_1585,9.246906,2.0698967,1,8.550401544412672,2.2072208778165874
4888,A_PuertoRico_8_1934_PB1_526_1701,8.901238,1.3244287,1,8.550401544412672,2.2072208778165874
4889,A_PuertoRico_8_1934_PB1_526_1712,9.185189,1.7501345,1,8.550401544412672,2.2072208778165874
4890,A_PuertoRico_8_1934_PB1_526_1958,9.481395,2.717491,1,8.550401544412672,2.2072208778165874
4891,A_PuertoRico_8_1934_PB1_526_576,9.323145,2.2623765,1,8.550401544412672,2.2072208778165874
4892,A_PuertoRico_8_1934_PB1_527_1859,7.0354443,4.1519284,-1,,
4893,A_PuertoRico_8_1934_PB1_527_552,7.0469503,4.1434207,-1,,
4894,A_PuertoRico_8_1934_PB1_531_1700,2.7078352,4.5040183,0,2.5527971814392396,5.152696836555193
4895,A_PuertoRico_8_1934_PB1_533_1626,3.6852405,2.2088792,0,2.5527971814392396,5.152696836555193
4896,A_PuertoRico_8_1934_PB1_533_1842,3.6075385,2.1989667,0,2.5527971814392396,5.152696836555193
4897,A_PuertoRico_8_1934_PB1_533_1851,3.7520654,2.1570468,0,2.5527971814392396,5.152696836555193
4898,A_PuertoRico_8_1934_PB1_533_1853,3.6365998,2.165302,0,2.5527971814392396,5.152696836555193
4899,A_PuertoRico_8_1934_PB1_533_1899,-0.4101277,4.4574156,0,2.5527971814392396,5.152696836555193
4900,A_PuertoRico_8_1934_PB1_533_580,3.6508186,2.1616106,0,2.5527971814392396,5.152696836555193
4901,A_PuertoRico_8_1934_PB1_533_592,7.188453,5.7214365,3,6.762256569946951,5.452094065362477
4902,A_PuertoRico_8_1934_PB1_534_1607,8.546421,1.020322,1,8.550401544412672,2.2072208778165874
4903,A_PuertoRico_8_1934_PB1_534_1695,8.123917,1.0556324,1,8.550401544412672,2.2072208778165874
4904,A_PuertoRico_8_1934_PB1_534_1701,8.611678,1.1367623,1,8.550401544412672,2.2072208778165874
4905,A_PuertoRico_8_1934_PB1_534_1719,8.293518,1.0999266,1,8.550401544412672,2.2072208778165874
4906,A_PuertoRico_8_1934_PB1_534_1723,8.258167,1.1324935,1,8.550401544412672,2.2072208778165874
4907,A_PuertoRico_8_1934_PB1_534_1833,8.413749,3.2201118,1,8.550401544412672,2.2072208778165874
4908,A_PuertoRico_8_1934_PB1_534_1897,9.380012,3.629948,1,8.550401544412672,2.2072208778165874
4909,A_PuertoRico_8_1934_PB1_534_2054,8.158445,1.058277,1,8.550401544412672,2.2072208778165874
4910,A_PuertoRico_8_1934_PB1_534_2091,8.608672,1.1564953,1,8.550401544412672,2.2072208778165874
4911,A_PuertoRico_8_1934_PB1_534_569,8.172894,1.0908476,1,8.550401544412672,2.2072208778165874
4912,A_PuertoRico_8_1934_PB1_534_608,8.142478,1.0899671,1,8.550401544412672,2.2072208778165874
4913,A_PuertoRico_8_1934_PB1_534_783,8.136279,1.1014231,1,8.550401544412672,2.2072208778165874
4914,A_PuertoRico_8_1934_PB1_535_1631,6.254673,3.384974,1,8.550401544412672,2.2072208778165874
4915,A_PuertoRico_8_1934_PB1_535_1832,6.451525,3.4006195,1,8.550401544412672,2.2072208778165874
4916,A_PuertoRico_8_1934_PB1_535_626,6.1710553,3.3971958,-1,,
4917,A_PuertoRico_8_1934_PB1_536_1752,2.1657963,4.0161295,0,2.5527971814392396,5.152696836555193
4918,A_PuertoRico_8_1934_PB1_537_1637,0.17745693,4.7923245,0,2.5527971814392396,5.152696836555193
4919,A_PuertoRico_8_1934_PB1_537_1957,0.27720836,4.6154675,0,2.5527971814392396,5.152696836555193
4920,A_PuertoRico_8_1934_PB1_538_1644,1.00137,5.515706,0,2.5527971814392396,5.152696836555193
4921,A_PuertoRico_8_1934_PB1_538_1872,3.6292284,3.3036284,0,2.5527971814392396,5.152696836555193
4922,A_PuertoRico_8_1934_PB1_53_100,4.2355657,2.9984019,0,2.5527971814392396,5.152696836555193
4923,A_PuertoRico_8_1934_PB1_53_2059,3.952365,3.0330229,0,2.5527971814392396,5.152696836555193
4924,A_PuertoRico_8_1934_PB1_53_2074,4.0384126,2.87816,0,2.5527971814392396,5.152696836555193
4925,A_PuertoRico_8_1934_PB1_53_2080,4.074375,2.9515758,0,2.5527971814392396,5.152696836555193
4926,A_PuertoRico_8_1934_PB1_53_2169,4.2214594,3.0343456,0,2.5527971814392396,5.152696836555193
4927,A_PuertoRico_8_1934_PB1_543_1607,8.673095,1.0120877,1,8.550401544412672,2.2072208778165874
4928,A_PuertoRico_8_1934_PB1_543_1701,8.701247,1.2076828,1,8.550401544412672,2.2072208778165874
4929,A_PuertoRico_8_1934_PB1_543_1723,8.62559,1.2505034,1,8.550401544412672,2.2072208778165874
4930,A_PuertoRico_8_1934_PB1_543_1922,8.545725,1.2533208,1,8.550401544412672,2.2072208778165874
4931,A_PuertoRico_8_1934_PB1_543_569,8.541048,1.2400811,1,8.550401544412672,2.2072208778165874
4932,A_PuertoRico_8_1934_PB1_544_1631,6.652089,3.2062266,1,8.550401544412672,2.2072208778165874
4933,A_PuertoRico_8_1934_PB1_544_1683,6.7670403,3.2945764,1,8.550401544412672,2.2072208778165874
4934,A_PuertoRico_8_1934_PB1_544_1896,1.9286803,3.3636522,-1,,
4935,A_PuertoRico_8_1934_PB1_545_1700,2.5573208,4.466458,0,2.5527971814392396,5.152696836555193
4936,A_PuertoRico_8_1934_PB1_548_1625,8.994477,3.1301725,1,8.550401544412672,2.2072208778165874
4937,A_PuertoRico_8_1934_PB1_548_1947,7.2100096,2.952958,1,8.550401544412672,2.2072208778165874
4938,A_PuertoRico_8_1934_PB1_549_1751,7.329081,3.5319514,-1,,
4939,A_PuertoRico_8_1934_PB1_54_105,9.152522,0.66596186,1,8.550401544412672,2.2072208778165874
4940,A_PuertoRico_8_1934_PB1_54_114,9.165626,0.7060242,1,8.550401544412672,2.2072208778165874
4941,A_PuertoRico_8_1934_PB1_54_116,9.063998,0.7509441,1,8.550401544412672,2.2072208778165874
4942,A_PuertoRico_8_1934_PB1_54_120,9.139138,0.64732546,1,8.550401544412672,2.2072208778165874
4943,A_PuertoRico_8_1934_PB1_54_125,9.208349,0.66736364,1,8.550401544412672,2.2072208778165874
4944,A_PuertoRico_8_1934_PB1_54_127,9.098458,0.6308255,1,8.550401544412672,2.2072208778165874
4945,A_PuertoRico_8_1934_PB1_54_1319,9.128927,0.67087257,1,8.550401544412672,2.2072208778165874
4946,A_PuertoRico_8_1934_PB1_54_133,9.0624695,0.72301024,1,8.550401544412672,2.2072208778165874
4947,A_PuertoRico_8_1934_PB1_54_138,9.154887,0.7043206,1,8.550401544412672,2.2072208778165874
4948,A_PuertoRico_8_1934_PB1_54_140,9.13282,0.75449777,1,8.550401544412672,2.2072208778165874
4949,A_PuertoRico_8_1934_PB1_54_149,9.157402,0.69408906,1,8.550401544412672,2.2072208778165874
4950,A_PuertoRico_8_1934_PB1_54_1598,9.197412,0.7582019,1,8.550401544412672,2.2072208778165874
4951,A_PuertoRico_8_1934_PB1_54_163,9.160282,0.6822903,1,8.550401544412672,2.2072208778165874
4952,A_PuertoRico_8_1934_PB1_54_165,9.055188,0.5834459,1,8.550401544412672,2.2072208778165874
4953,A_PuertoRico_8_1934_PB1_54_168,8.966921,0.6751454,1,8.550401544412672,2.2072208778165874
4954,A_PuertoRico_8_1934_PB1_54_171,9.213953,0.6557473,1,8.550401544412672,2.2072208778165874
4955,A_PuertoRico_8_1934_PB1_54_1829,9.073707,0.6618726,1,8.550401544412672,2.2072208778165874
4956,A_PuertoRico_8_1934_PB1_54_1947,9.113076,0.7235159,1,8.550401544412672,2.2072208778165874
4957,A_PuertoRico_8_1934_PB1_54_1988,9.171639,0.7322725,1,8.550401544412672,2.2072208778165874
4958,A_PuertoRico_8_1934_PB1_54_1995,9.194019,0.7841317,1,8.550401544412672,2.2072208778165874
4959,A_PuertoRico_8_1934_PB1_54_200,9.165916,0.6892758,1,8.550401544412672,2.2072208778165874
4960,A_PuertoRico_8_1934_PB1_54_2054,9.078234,0.66868526,1,8.550401544412672,2.2072208778165874
4961,A_PuertoRico_8_1934_PB1_54_2071,9.272216,0.7612542,1,8.550401544412672,2.2072208778165874
4962,A_PuertoRico_8_1934_PB1_54_2091,9.182688,0.87580985,1,8.550401544412672,2.2072208778165874
4963,A_PuertoRico_8_1934_PB1_54_2110,9.48025,0.79695696,1,8.550401544412672,2.2072208778165874
4964,A_PuertoRico_8_1934_PB1_54_2129,8.483855,0.42865068,1,8.550401544412672,2.2072208778165874
4965,A_PuertoRico_8_1934_PB1_54_2132,9.099378,0.70897365,1,8.550401544412672,2.2072208778165874
4966,A_PuertoRico_8_1934_PB1_54_77,9.174844,0.6184794,1,8.550401544412672,2.2072208778165874
4967,A_PuertoRico_8_1934_PB1_54_83,9.022296,0.5819862,1,8.550401544412672,2.2072208778165874
4968,A_PuertoRico_8_1934_PB1_54_86,9.117646,0.70026815,1,8.550401544412672,2.2072208778165874
4969,A_PuertoRico_8_1934_PB1_54_96,9.285317,0.7262389,1,8.550401544412672,2.2072208778165874
4970,A_PuertoRico_8_1934_PB1_54_98,9.241275,0.72029763,1,8.550401544412672,2.2072208778165874
4971,A_PuertoRico_8_1934_PB1_557_1897,9.475842,3.676325,1,8.550401544412672,2.2072208778165874
4972,A_PuertoRico_8_1934_PB1_55_1188,6.353185,3.3166492,1,8.550401544412672,2.2072208778165874
4973,A_PuertoRico_8_1934_PB1_55_1214,6.41181,3.3381422,1,8.550401544412672,2.2072208778165874
4974,A_PuertoRico_8_1934_PB1_55_1950,6.373132,3.2410774,1,8.550401544412672,2.2072208778165874
4975,A_PuertoRico_8_1934_PB1_55_2057,6.353695,3.2653697,1,8.550401544412672,2.2072208778165874
4976,A_PuertoRico_8_1934_PB1_55_80,6.311573,3.2791843,1,8.550401544412672,2.2072208778165874
4977,A_PuertoRico_8_1934_PB1_55_811,6.4045606,3.3375173,1,8.550401544412672,2.2072208778165874
4978,A_PuertoRico_8_1934_PB1_55_83,6.4891233,3.3694694,1,8.550401544412672,2.2072208778165874
4979,A_PuertoRico_8_1934_PB1_55_86,6.3931856,3.2255979,1,8.550401544412672,2.2072208778165874
4980,A_PuertoRico_8_1934_PB1_560_1700,2.60029,4.2905426,0,2.5527971814392396,5.152696836555193
4981,A_PuertoRico_8_1934_PB1_566_1896,1.9384294,3.3865225,0,2.5527971814392396,5.152696836555193
4982,A_PuertoRico_8_1934_PB1_568_1481,8.859148,2.302828,1,8.550401544412672,2.2072208778165874
4983,A_PuertoRico_8_1934_PB1_568_1682,8.816873,2.3303723,1,8.550401544412672,2.2072208778165874
4984,A_PuertoRico_8_1934_PB1_568_1826,9.006353,2.3985882,1,8.550401544412672,2.2072208778165874
4985,A_PuertoRico_8_1934_PB1_568_1829,8.860469,2.1442342,1,8.550401544412672,2.2072208778165874
4986,A_PuertoRico_8_1934_PB1_569_1702,4.2408695,4.2816358,0,2.5527971814392396,5.152696836555193
4987,A_PuertoRico_8_1934_PB1_56_1898,3.2892542,2.665198,0,2.5527971814392396,5.152696836555193
4988,A_PuertoRico_8_1934_PB1_56_1930,7.3971124,3.4635546,-1,,
4989,A_PuertoRico_8_1934_PB1_56_2063,7.524736,3.308695,-1,,
4990,A_PuertoRico_8_1934_PB1_56_2087,7.5329294,3.3577955,-1,,
4991,A_PuertoRico_8_1934_PB1_56_2096,7.5025387,3.3504193,-1,,
4992,A_PuertoRico_8_1934_PB1_56_2110,10.217083,1.633556,1,8.550401544412672,2.2072208778165874
4993,A_PuertoRico_8_1934_PB1_56_2119,7.494249,3.350574,-1,,
4994,A_PuertoRico_8_1934_PB1_56_2232,7.3772807,3.444504,-1,,
4995,A_PuertoRico_8_1934_PB1_56_83,7.3468556,3.395699,1,8.550401544412672,2.2072208778165874
4996,A_PuertoRico_8_1934_PB1_570_1691,9.082967,2.6102307,1,8.550401544412672,2.2072208778165874
4997,A_PuertoRico_8_1934_PB1_571_1726,6.739701,3.119271,1,8.550401544412672,2.2072208778165874
4998,A_PuertoRico_8_1934_PB1_572_1825,3.694365,4.330953,0,2.5527971814392396,5.152696836555193
4999,A_PuertoRico_8_1934_PB1_575_1607,8.715425,1.009252,1,8.550401544412672,2.2072208778165874
5000,A_PuertoRico_8_1934_PB1_576_1512,3.0951493,3.9313207,0,2.5527971814392396,5.152696836555193
5001,A_PuertoRico_8_1934_PB1_576_1614,3.1138406,3.9799519,0,2.5527971814392396,5.152696836555193
5002,A_PuertoRico_8_1934_PB1_576_1629,3.0416286,3.8724365,0,2.5527971814392396,5.152696836555193
5003,A_PuertoRico_8_1934_PB1_576_1677,3.0657558,3.9045513,0,2.5527971814392396,5.152696836555193
5004,A_PuertoRico_8_1934_PB1_57_1985,8.416483,4.050016,-1,,
5005,A_PuertoRico_8_1934_PB1_57_79,8.537091,3.7746127,-1,,
5006,A_PuertoRico_8_1934_PB1_57_86,6.7098594,2.6990654,1,8.550401544412672,2.2072208778165874
5007,A_PuertoRico_8_1934_PB1_57_96,8.530178,3.8013167,-1,,
5008,A_PuertoRico_8_1934_PB1_585_1719,8.455965,1.229657,1,8.550401544412672,2.2072208778165874
5009,A_PuertoRico_8_1934_PB1_58_128,0.73492694,4.595179,0,2.5527971814392396,5.152696836555193
5010,A_PuertoRico_8_1934_PB1_58_129,0.6876143,4.6727476,0,2.5527971814392396,5.152696836555193
5011,A_PuertoRico_8_1934_PB1_595_1591,1.6793276,5.1309533,0,2.5527971814392396,5.152696836555193
5012,A_PuertoRico_8_1934_PB1_596_1694,2.7566648,4.8554525,0,2.5527971814392396,5.152696836555193
5013,A_PuertoRico_8_1934_PB1_599_2046,2.8743317,3.563237,0,2.5527971814392396,5.152696836555193
5014,A_PuertoRico_8_1934_PB1_599_660,3.7223978,2.9451737,0,2.5527971814392396,5.152696836555193
5015,A_PuertoRico_8_1934_PB1_59_132,2.7972775,4.3919425,0,2.5527971814392396,5.152696836555193
5016,A_PuertoRico_8_1934_PB1_59_170,2.7695036,4.485252,0,2.5527971814392396,5.152696836555193
5017,A_PuertoRico_8_1934_PB1_59_2109,2.5264924,4.222188,0,2.5527971814392396,5.152696836555193
5018,A_PuertoRico_8_1934_PB1_59_2128,2.912145,4.3038282,0,2.5527971814392396,5.152696836555193
5019,A_PuertoRico_8_1934_PB1_59_82,2.9221773,4.457973,0,2.5527971814392396,5.152696836555193
5020,A_PuertoRico_8_1934_PB1_59_84,2.776351,4.3794346,0,2.5527971814392396,5.152696836555193
5021,A_PuertoRico_8_1934_PB1_59_95,2.758538,4.374262,0,2.5527971814392396,5.152696836555193
5022,A_PuertoRico_8_1934_PB1_59_97,2.6767616,4.241312,0,2.5527971814392396,5.152696836555193
5023,A_PuertoRico_8_1934_PB1_602_1629,3.389789,4.3180656,0,2.5527971814392396,5.152696836555193
5024,A_PuertoRico_8_1934_PB1_604_1689,8.876047,1.2249424,1,8.550401544412672,2.2072208778165874
5025,A_PuertoRico_8_1934_PB1_605_1631,6.6988254,3.1032076,1,8.550401544412672,2.2072208778165874
5026,A_PuertoRico_8_1934_PB1_607_1541,8.916174,1.8235378,1,8.550401544412672,2.2072208778165874
5027,A_PuertoRico_8_1934_PB1_607_1630,8.421043,2.5237966,1,8.550401544412672,2.2072208778165874
5028,A_PuertoRico_8_1934_PB1_60_1193,0.2196466,4.3612223,0,2.5527971814392396,5.152696836555193
5029,A_PuertoRico_8_1934_PB1_60_2089,0.10918709,4.483434,0,2.5527971814392396,5.152696836555193
5030,A_PuertoRico_8_1934_PB1_60_2114,0.30896726,4.32383,0,2.5527971814392396,5.152696836555193
5031,A_PuertoRico_8_1934_PB1_610_1622,8.689803,5.561823,-1,,
5032,A_PuertoRico_8_1934_PB1_610_1628,8.486095,5.882486,2,9.754804976206675,6.521976917349043
5033,A_PuertoRico_8_1934_PB1_613_1723,8.514051,1.3611333,1,8.550401544412672,2.2072208778165874
5034,A_PuertoRico_8_1934_PB1_614_1754,7.2194204,3.1774886,1,8.550401544412672,2.2072208778165874
5035,A_PuertoRico_8_1934_PB1_620_1597,2.4882782,4.3425317,0,2.5527971814392396,5.152696836555193
5036,A_PuertoRico_8_1934_PB1_620_1902,6.2414117,2.708027,1,8.550401544412672,2.2072208778165874
5037,A_PuertoRico_8_1934_PB1_623_1530,3.774904,4.667766,0,2.5527971814392396,5.152696836555193
5038,A_PuertoRico_8_1934_PB1_623_1894,4.1488853,5.026497,0,2.5527971814392396,5.152696836555193
5039,A_PuertoRico_8_1934_PB1_623_1898,3.195515,2.7223763,0,2.5527971814392396,5.152696836555193
5040,A_PuertoRico_8_1934_PB1_623_2221,4.1674166,5.5534387,0,2.5527971814392396,5.152696836555193
5041,A_PuertoRico_8_1934_PB1_624_1607,8.702692,1.0447044,1,8.550401544412672,2.2072208778165874
5042,A_PuertoRico_8_1934_PB1_624_1701,8.921916,1.1612482,1,8.550401544412672,2.2072208778165874
5043,A_PuertoRico_8_1934_PB1_624_1712,9.101171,1.2633936,1,8.550401544412672,2.2072208778165874
5044,A_PuertoRico_8_1934_PB1_624_2054,8.972251,1.257121,1,8.550401544412672,2.2072208778165874
5045,A_PuertoRico_8_1934_PB1_626_1569,4.374272,4.2829566,0,2.5527971814392396,5.152696836555193
5046,A_PuertoRico_8_1934_PB1_627_1477,8.483433,2.873514,1,8.550401544412672,2.2072208778165874
5047,A_PuertoRico_8_1934_PB1_627_1625,8.716476,2.98061,1,8.550401544412672,2.2072208778165874
5048,A_PuertoRico_8_1934_PB1_627_1630,8.521368,2.808419,1,8.550401544412672,2.2072208778165874
5049,A_PuertoRico_8_1934_PB1_627_1725,8.452006,2.7264028,1,8.550401544412672,2.2072208778165874
5050,A_PuertoRico_8_1934_PB1_628_1608,4.2490134,4.2990394,0,2.5527971814392396,5.152696836555193
5051,A_PuertoRico_8_1934_PB1_628_1702,4.1844025,4.2828727,0,2.5527971814392396,5.152696836555193
5052,A_PuertoRico_8_1934_PB1_628_1885,4.2249637,4.395129,0,2.5527971814392396,5.152696836555193
5053,A_PuertoRico_8_1934_PB1_629_1901,8.197582,2.8744717,1,8.550401544412672,2.2072208778165874
5054,A_PuertoRico_8_1934_PB1_631_1701,8.88175,1.1672834,1,8.550401544412672,2.2072208778165874
5055,A_PuertoRico_8_1934_PB1_632_1717,4.261451,3.0251205,0,2.5527971814392396,5.152696836555193
5056,A_PuertoRico_8_1934_PB1_636_1541,8.941643,1.6497463,1,8.550401544412672,2.2072208778165874
5057,A_PuertoRico_8_1934_PB1_636_2045,9.146719,2.1894147,1,8.550401544412672,2.2072208778165874
5058,A_PuertoRico_8_1934_PB1_639_1630,8.360128,2.5266047,1,8.550401544412672,2.2072208778165874
5059,A_PuertoRico_8_1934_PB1_639_1723,8.532728,1.3641617,1,8.550401544412672,2.2072208778165874
5060,A_PuertoRico_8_1934_PB1_63_114,9.251569,1.1280067,1,8.550401544412672,2.2072208778165874
5061,A_PuertoRico_8_1934_PB1_63_120,9.277191,1.5341285,1,8.550401544412672,2.2072208778165874
5062,A_PuertoRico_8_1934_PB1_63_138,9.282423,1.2429451,1,8.550401544412672,2.2072208778165874
5063,A_PuertoRico_8_1934_PB1_63_2014,9.140728,1.5628129,1,8.550401544412672,2.2072208778165874
5064,A_PuertoRico_8_1934_PB1_63_2054,9.156374,1.4308186,1,8.550401544412672,2.2072208778165874
5065,A_PuertoRico_8_1934_PB1_63_85,9.177211,1.3785014,1,8.550401544412672,2.2072208778165874
5066,A_PuertoRico_8_1934_PB1_63_96,9.306025,1.1998078,1,8.550401544412672,2.2072208778165874
5067,A_PuertoRico_8_1934_PB1_63_98,9.296,1.2291418,1,8.550401544412672,2.2072208778165874
5068,A_PuertoRico_8_1934_PB1_642_1545,3.3943942,2.7506647,0,2.5527971814392396,5.152696836555193
5069,A_PuertoRico_8_1934_PB1_642_1898,3.285907,2.6965818,0,2.5527971814392396,5.152696836555193
5070,A_PuertoRico_8_1934_PB1_643_1607,8.699454,0.98898256,1,8.550401544412672,2.2072208778165874
5071,A_PuertoRico_8_1934_PB1_643_1701,8.877776,1.1474814,1,8.550401544412672,2.2072208778165874
5072,A_PuertoRico_8_1934_PB1_644_668,7.433366,6.5613794,-1,,
5073,A_PuertoRico_8_1934_PB1_645_1755,7.392943,3.5287976,-1,,
5074,A_PuertoRico_8_1934_PB1_655_1831,8.457416,2.7021072,1,8.550401544412672,2.2072208778165874
5075,A_PuertoRico_8_1934_PB1_657_1477,8.401523,2.7813897,1,8.550401544412672,2.2072208778165874
5076,A_PuertoRico_8_1934_PB1_659_1424,2.145157,3.793106,0,2.5527971814392396,5.152696836555193
5077,A_PuertoRico_8_1934_PB1_65_1989,3.8020496,2.7587473,0,2.5527971814392396,5.152696836555193
5078,A_PuertoRico_8_1934_PB1_660_1644,0.9263706,5.476909,0,2.5527971814392396,5.152696836555193
5079,A_PuertoRico_8_1934_PB1_665_1635,7.0799217,6.7513156,3,6.762256569946951,5.452094065362477
5080,A_PuertoRico_8_1934_PB1_66_120,8.971694,2.2516956,1,8.550401544412672,2.2072208778165874
5081,A_PuertoRico_8_1934_PB1_66_158,8.784627,2.2345636,1,8.550401544412672,2.2072208778165874
5082,A_PuertoRico_8_1934_PB1_66_96,9.376375,1.1843593,1,8.550401544412672,2.2072208778165874
5083,A_PuertoRico_8_1934_PB1_674_1595,8.297026,1.5826523,1,8.550401544412672,2.2072208778165874
5084,A_PuertoRico_8_1934_PB1_675_1662,3.006714,6.622682,0,2.5527971814392396,5.152696836555193
5085,A_PuertoRico_8_1934_PB1_677_2119,5.1869087,6.3529987,0,2.5527971814392396,5.152696836555193
5086,A_PuertoRico_8_1934_PB1_678_1755,7.6086593,3.464836,-1,,
5087,A_PuertoRico_8_1934_PB1_678_2199,9.237301,3.5877151,1,8.550401544412672,2.2072208778165874
5088,A_PuertoRico_8_1934_PB1_67_1878,4.447984,3.8291783,0,2.5527971814392396,5.152696836555193
5089,A_PuertoRico_8_1934_PB1_67_1903,4.236201,4.0504813,0,2.5527971814392396,5.152696836555193
5090,A_PuertoRico_8_1934_PB1_67_201,4.235462,4.066644,0,2.5527971814392396,5.152696836555193
5091,A_PuertoRico_8_1934_PB1_67_202,4.345339,4.0427203,0,2.5527971814392396,5.152696836555193
5092,A_PuertoRico_8_1934_PB1_67_99,4.1091075,4.0581203,0,2.5527971814392396,5.152696836555193
5093,A_PuertoRico_8_1934_PB1_683_1499,3.8124776,3.585701,0,2.5527971814392396,5.152696836555193
5094,A_PuertoRico_8_1934_PB1_68_114,9.156688,0.91147935,1,8.550401544412672,2.2072208778165874
5095,A_PuertoRico_8_1934_PB1_68_116,9.031625,0.8953196,1,8.550401544412672,2.2072208778165874
5096,A_PuertoRico_8_1934_PB1_68_120,8.999961,0.9548974,1,8.550401544412672,2.2072208778165874
5097,A_PuertoRico_8_1934_PB1_68_133,8.9081135,0.8794196,1,8.550401544412672,2.2072208778165874
5098,A_PuertoRico_8_1934_PB1_68_140,9.086613,0.9108727,1,8.550401544412672,2.2072208778165874
5099,A_PuertoRico_8_1934_PB1_68_149,9.140858,0.9420905,1,8.550401544412672,2.2072208778165874
5100,A_PuertoRico_8_1934_PB1_68_171,9.23647,1.0064368,1,8.550401544412672,2.2072208778165874
5101,A_PuertoRico_8_1934_PB1_68_1971,9.090063,1.0079666,1,8.550401544412672,2.2072208778165874
5102,A_PuertoRico_8_1934_PB1_68_2091,9.331434,1.2377952,1,8.550401544412672,2.2072208778165874
5103,A_PuertoRico_8_1934_PB1_68_2110,10.178023,1.603781,1,8.550401544412672,2.2072208778165874
5104,A_PuertoRico_8_1934_PB1_68_2129,8.26442,0.40267754,1,8.550401544412672,2.2072208778165874
5105,A_PuertoRico_8_1934_PB1_68_2141,8.687713,1.054321,1,8.550401544412672,2.2072208778165874
5106,A_PuertoRico_8_1934_PB1_68_96,9.370484,1.1355287,1,8.550401544412672,2.2072208778165874
5107,A_PuertoRico_8_1934_PB1_68_98,9.213588,0.9005019,1,8.550401544412672,2.2072208778165874
5108,A_PuertoRico_8_1934_PB1_690_1601,-0.20250139,4.9126496,0,2.5527971814392396,5.152696836555193
5109,A_PuertoRico_8_1934_PB1_69_1188,6.105831,3.2896934,1,8.550401544412672,2.2072208778165874
5110,A_PuertoRico_8_1934_PB1_70_2037,8.548857,3.1837437,1,8.550401544412672,2.2072208778165874
5111,A_PuertoRico_8_1934_PB1_70_2087,8.251588,3.1468167,1,8.550401544412672,2.2072208778165874
5112,A_PuertoRico_8_1934_PB1_711_1632,7.2710557,3.4165053,1,8.550401544412672,2.2072208778165874
5113,A_PuertoRico_8_1934_PB1_723_2258,9.016983,3.2389357,1,8.550401544412672,2.2072208778165874
5114,A_PuertoRico_8_1934_PB1_734_1632,7.2674193,3.38585,1,8.550401544412672,2.2072208778165874
5115,A_PuertoRico_8_1934_PB1_738_1664,0.98410183,5.5882835,0,2.5527971814392396,5.152696836555193
5116,A_PuertoRico_8_1934_PB1_73_102,0.65257055,4.843239,0,2.5527971814392396,5.152696836555193
5117,A_PuertoRico_8_1934_PB1_742_1718,0.98183423,5.7738214,0,2.5527971814392396,5.152696836555193
5118,A_PuertoRico_8_1934_PB1_742_2057,6.3431773,3.2549493,1,8.550401544412672,2.2072208778165874
5119,A_PuertoRico_8_1934_PB1_747_1896,1.8953015,3.4404614,0,2.5527971814392396,5.152696836555193
5120,A_PuertoRico_8_1934_PB1_74_1900,1.8101581,3.609562,0,2.5527971814392396,5.152696836555193
5121,A_PuertoRico_8_1934_PB1_75_2137,8.389588,3.04582,1,8.550401544412672,2.2072208778165874
5122,A_PuertoRico_8_1934_PB1_76_114,9.062069,0.8482109,1,8.550401544412672,2.2072208778165874
5123,A_PuertoRico_8_1934_PB1_76_127,8.870353,0.81005913,1,8.550401544412672,2.2072208778165874
5124,A_PuertoRico_8_1934_PB1_76_149,9.036156,0.82436305,1,8.550401544412672,2.2072208778165874
5125,A_PuertoRico_8_1934_PB1_76_2011,7.7789636,1.804499,1,8.550401544412672,2.2072208778165874
5126,A_PuertoRico_8_1934_PB1_76_2061,7.800043,2.3550386,1,8.550401544412672,2.2072208778165874
5127,A_PuertoRico_8_1934_PB1_76_2082,7.949165,1.922797,1,8.550401544412672,2.2072208778165874
5128,A_PuertoRico_8_1934_PB1_76_2091,9.022937,1.0116014,1,8.550401544412672,2.2072208778165874
5129,A_PuertoRico_8_1934_PB1_76_2129,8.2290745,0.44680667,1,8.550401544412672,2.2072208778165874
5130,A_PuertoRico_8_1934_PB1_76_98,9.130475,0.8198983,1,8.550401544412672,2.2072208778165874
5131,A_PuertoRico_8_1934_PB1_77_121,3.4364445,3.5210729,0,2.5527971814392396,5.152696836555193
5132,A_PuertoRico_8_1934_PB1_77_2111,3.2148154,3.5706942,0,2.5527971814392396,5.152696836555193
5133,A_PuertoRico_8_1934_PB1_780_1483,7.161127,1.9490496,1,8.550401544412672,2.2072208778165874
5134,A_PuertoRico_8_1934_PB1_780_1992,7.084249,2.021858,1,8.550401544412672,2.2072208778165874
5135,A_PuertoRico_8_1934_PB1_780_2246,7.1546116,2.0339775,1,8.550401544412672,2.2072208778165874
5136,A_PuertoRico_8_1934_PB1_78_127,9.288255,1.272341,1,8.550401544412672,2.2072208778165874
5137,A_PuertoRico_8_1934_PB1_78_149,9.322446,1.2630424,1,8.550401544412672,2.2072208778165874
5138,A_PuertoRico_8_1934_PB1_78_175,9.277336,1.3697823,1,8.550401544412672,2.2072208778165874
5139,A_PuertoRico_8_1934_PB1_78_2054,9.073676,1.3975066,1,8.550401544412672,2.2072208778165874
5140,A_PuertoRico_8_1934_PB1_78_2091,9.32644,1.3618268,1,8.550401544412672,2.2072208778165874
5141,A_PuertoRico_8_1934_PB1_78_2129,8.05555,0.42698768,1,8.550401544412672,2.2072208778165874
5142,A_PuertoRico_8_1934_PB1_78_2139,9.291228,1.3955847,1,8.550401544412672,2.2072208778165874
5143,A_PuertoRico_8_1934_PB1_78_2158,9.099919,3.0444977,1,8.550401544412672,2.2072208778165874
5144,A_PuertoRico_8_1934_PB1_797_1511,3.107338,2.7887464,0,2.5527971814392396,5.152696836555193
5145,A_PuertoRico_8_1934_PB1_79_1902,6.263533,2.7470827,1,8.550401544412672,2.2072208778165874
5146,A_PuertoRico_8_1934_PB1_79_1950,6.2755413,3.181222,1,8.550401544412672,2.2072208778165874
5147,A_PuertoRico_8_1934_PB1_808_1906,7.3772902,1.4100107,1,8.550401544412672,2.2072208778165874
5148,A_PuertoRico_8_1934_PB1_808_2129,7.997628,0.3779583,1,8.550401544412672,2.2072208778165874
5149,A_PuertoRico_8_1934_PB1_81_2125,4.9799366,3.9370155,-1,,
5150,A_PuertoRico_8_1934_PB1_829_2116,7.047738,3.0095243,1,8.550401544412672,2.2072208778165874
5151,A_PuertoRico_8_1934_PB1_82_133,8.783056,2.3184931,1,8.550401544412672,2.2072208778165874
5152,A_PuertoRico_8_1934_PB1_82_2107,8.598572,2.7784243,1,8.550401544412672,2.2072208778165874
5153,A_PuertoRico_8_1934_PB1_82_2132,8.31997,2.0027337,1,8.550401544412672,2.2072208778165874
5154,A_PuertoRico_8_1934_PB1_83_2080,4.2172112,3.264976,0,2.5527971814392396,5.152696836555193
5155,A_PuertoRico_8_1934_PB1_84_165,8.387206,0.9612883,1,8.550401544412672,2.2072208778165874
5156,A_PuertoRico_8_1934_PB1_852_1994,2.3333783,4.7208486,0,2.5527971814392396,5.152696836555193
5157,A_PuertoRico_8_1934_PB1_85_2086,6.818441,3.036602,1,8.550401544412672,2.2072208778165874
5158,A_PuertoRico_8_1934_PB1_85_2095,6.921502,3.0479558,1,8.550401544412672,2.2072208778165874
5159,A_PuertoRico_8_1934_PB1_86_2140,3.8931718,4.1297307,0,2.5527971814392396,5.152696836555193
5160,A_PuertoRico_8_1934_PB1_874_900,6.475367,2.9679832,1,8.550401544412672,2.2072208778165874
5161,A_PuertoRico_8_1934_PB1_87_2063,7.9158297,2.393157,1,8.550401544412672,2.2072208778165874
5162,A_PuertoRico_8_1934_PB1_881_1095,9.258401,3.8907666,1,8.550401544412672,2.2072208778165874
5163,A_PuertoRico_8_1934_PB1_882_1689,8.0098295,1.0802369,1,8.550401544412672,2.2072208778165874
5164,A_PuertoRico_8_1934_PB1_883_1950,6.283135,3.2616546,1,8.550401544412672,2.2072208778165874
5165,A_PuertoRico_8_1934_PB1_88_170,2.86353,4.5896235,0,2.5527971814392396,5.152696836555193
5166,A_PuertoRico_8_1934_PB1_89_2011,7.5992055,1.8498112,1,8.550401544412672,2.2072208778165874
5167,A_PuertoRico_8_1934_PB1_90_2142,1.3296807,4.1120296,-1,,
5168,A_PuertoRico_8_1934_PB1_91_2141,7.142059,1.3492376,1,8.550401544412672,2.2072208778165874
5169,A_PuertoRico_8_1934_PB1_92_2127,4.1916595,4.5553255,0,2.5527971814392396,5.152696836555193
5170,A_PuertoRico_8_1934_PB1_92_2143,7.5287886,2.5536911,1,8.550401544412672,2.2072208778165874
5171,A_PuertoRico_8_1934_PB1_947_2177,10.059332,2.9831223,1,8.550401544412672,2.2072208778165874
5172,A_PuertoRico_8_1934_PB1_94_121,3.73427,3.203376,0,2.5527971814392396,5.152696836555193
5173,A_PuertoRico_8_1934_PB1_94_1862,3.73373,3.0554118,0,2.5527971814392396,5.152696836555193
5174,A_PuertoRico_8_1934_PB1_94_2080,3.767809,3.1207151,0,2.5527971814392396,5.152696836555193
5175,A_PuertoRico_8_1934_PB1_94_2099,3.770561,2.9962783,0,2.5527971814392396,5.152696836555193
5176,A_PuertoRico_8_1934_PB1_94_2135,3.7776215,3.0464895,0,2.5527971814392396,5.152696836555193
5177,A_PuertoRico_8_1934_PB1_953_1389,6.422923,6.531294,3,6.762256569946951,5.452094065362477
5178,A_PuertoRico_8_1934_PB1_95_127,8.801953,0.9287472,1,8.550401544412672,2.2072208778165874
5179,A_PuertoRico_8_1934_PB1_95_133,8.747156,0.9436705,1,8.550401544412672,2.2072208778165874
5180,A_PuertoRico_8_1934_PB1_95_138,8.924145,0.94332606,1,8.550401544412672,2.2072208778165874
5181,A_PuertoRico_8_1934_PB1_95_140,8.834903,0.94728893,1,8.550401544412672,2.2072208778165874
5182,A_PuertoRico_8_1934_PB1_95_168,8.536308,1.0944535,1,8.550401544412672,2.2072208778165874
5183,A_PuertoRico_8_1934_PB1_95_1901,8.125165,2.5835586,1,8.550401544412672,2.2072208778165874
5184,A_PuertoRico_8_1934_PB1_95_198,8.765116,0.9882601,1,8.550401544412672,2.2072208778165874
5185,A_PuertoRico_8_1934_PB1_95_2054,8.899742,1.1041173,1,8.550401544412672,2.2072208778165874
5186,A_PuertoRico_8_1934_PB1_95_2091,9.080435,1.0358825,1,8.550401544412672,2.2072208778165874
5187,A_PuertoRico_8_1934_PB1_95_2129,8.231422,0.41461116,1,8.550401544412672,2.2072208778165874
5188,A_PuertoRico_8_1934_PB1_95_2139,9.054319,1.0834905,1,8.550401544412672,2.2072208778165874
5189,A_PuertoRico_8_1934_PB1_95_2141,8.5250635,1.069809,1,8.550401544412672,2.2072208778165874
5190,A_PuertoRico_8_1934_PB1_95_2149,8.221173,1.3392614,1,8.550401544412672,2.2072208778165874
5191,A_PuertoRico_8_1934_PB1_96_121,3.5075579,3.3291516,0,2.5527971814392396,5.152696836555193
5192,A_PuertoRico_8_1934_PB1_96_166,3.4815176,3.381541,0,2.5527971814392396,5.152696836555193
5193,A_PuertoRico_8_1934_PB1_96_2046,3.48136,3.3015645,0,2.5527971814392396,5.152696836555193
5194,A_PuertoRico_8_1934_PB1_96_2072,3.7736971,3.6308415,0,2.5527971814392396,5.152696836555193
5195,A_PuertoRico_8_1934_PB1_96_2088,3.6189706,3.196191,0,2.5527971814392396,5.152696836555193
5196,A_PuertoRico_8_1934_PB1_96_2099,3.7666101,2.9720685,0,2.5527971814392396,5.152696836555193
5197,A_PuertoRico_8_1934_PB1_96_2111,3.4611368,3.4015267,0,2.5527971814392396,5.152696836555193
5198,A_PuertoRico_8_1934_PB1_96_2113,3.8469424,2.9362757,0,2.5527971814392396,5.152696836555193
5199,A_PuertoRico_8_1934_PB1_96_2159,3.49232,3.2136555,0,2.5527971814392396,5.152696836555193
5200,A_PuertoRico_8_1934_PB1_96_2166,3.6498349,3.1786015,0,2.5527971814392396,5.152696836555193
5201,A_PuertoRico_8_1934_PB1_974_1900,1.81258,3.6798108,0,2.5527971814392396,5.152696836555193
5202,A_PuertoRico_8_1934_PB1_97_127,7.8713923,1.5033159,1,8.550401544412672,2.2072208778165874
5203,A_PuertoRico_8_1934_PB1_97_158,7.7777557,1.5120867,1,8.550401544412672,2.2072208778165874
5204,A_PuertoRico_8_1934_PB1_97_2094,7.800676,1.6047343,1,8.550401544412672,2.2072208778165874
5205,A_PuertoRico_8_1934_PB1_97_2110,10.2525215,1.6570597,1,8.550401544412672,2.2072208778165874
5206,A_PuertoRico_8_1934_PB1_97_2129,7.9860244,0.55394715,1,8.550401544412672,2.2072208778165874
5207,A_PuertoRico_8_1934_PB1_97_2137,8.453574,2.8311727,1,8.550401544412672,2.2072208778165874
5208,A_PuertoRico_8_1934_PB1_97_2143,7.6271534,2.3083072,1,8.550401544412672,2.2072208778165874
5209,A_PuertoRico_8_1934_PB1_97_2158,9.004044,3.2131855,1,8.550401544412672,2.2072208778165874
5210,A_PuertoRico_8_1934_PB1_97_2165,9.985849,2.8850904,1,8.550401544412672,2.2072208778165874
5211,A_PuertoRico_8_1934_PB1_97_2177,9.966604,2.9867966,1,8.550401544412672,2.2072208778165874
5212,A_PuertoRico_8_1934_PB1_97_382,7.7049913,1.560562,1,8.550401544412672,2.2072208778165874
5213,A_PuertoRico_8_1934_PB1_98_139,4.146746,4.07698,0,2.5527971814392396,5.152696836555193
5214,A_PuertoRico_8_1934_PB1_98_141,4.0214934,4.081168,0,2.5527971814392396,5.152696836555193
5215,A_PuertoRico_8_1934_PB1_98_1702,4.140311,4.0888205,0,2.5527971814392396,5.152696836555193
5216,A_PuertoRico_8_1934_PB1_98_1922,5.827747,3.3047316,-1,,
5217,A_PuertoRico_8_1934_PB1_98_2055,3.9582558,4.104115,0,2.5527971814392396,5.152696836555193
5218,A_PuertoRico_8_1934_PB1_98_2140,4.0712214,4.043934,0,2.5527971814392396,5.152696836555193
5219,A_PuertoRico_8_1934_PB1_98_2141,7.149197,1.58133,1,8.550401544412672,2.2072208778165874
5220,A_PuertoRico_8_1934_PB1_998_2229,2.7494078,3.7301943,0,2.5527971814392396,5.152696836555193
5221,A_PuertoRico_8_1934_PB2_100_2120,5.0432463,5.6755667,0,2.5527971814392396,5.152696836555193
5222,A_PuertoRico_8_1934_PB2_101_2050,3.8121889,5.0089273,0,2.5527971814392396,5.152696836555193
5223,A_PuertoRico_8_1934_PB2_101_2157,4.628091,5.401934,0,2.5527971814392396,5.152696836555193
5224,A_PuertoRico_8_1934_PB2_102_2101,0.4948905,5.195883,0,2.5527971814392396,5.152696836555193
5225,A_PuertoRico_8_1934_PB2_104_2107,7.143642,5.5704865,3,6.762256569946951,5.452094065362477
5226,A_PuertoRico_8_1934_PB2_104_2114,7.048563,5.672161,3,6.762256569946951,5.452094065362477
5227,A_PuertoRico_8_1934_PB2_107_131,7.4415894,5.164853,3,6.762256569946951,5.452094065362477
5228,A_PuertoRico_8_1934_PB2_107_142,7.418364,5.23772,3,6.762256569946951,5.452094065362477
5229,A_PuertoRico_8_1934_PB2_107_164,7.400065,5.1019025,3,6.762256569946951,5.452094065362477
5230,A_PuertoRico_8_1934_PB2_107_1937,7.3081536,5.3041553,3,6.762256569946951,5.452094065362477
5231,A_PuertoRico_8_1934_PB2_107_209,7.3330836,5.143436,3,6.762256569946951,5.452094065362477
5232,A_PuertoRico_8_1934_PB2_107_2135,7.34393,5.146287,3,6.762256569946951,5.452094065362477
5233,A_PuertoRico_8_1934_PB2_107_2149,7.315473,5.0853014,3,6.762256569946951,5.452094065362477
5234,A_PuertoRico_8_1934_PB2_107_2152,6.2509193,4.5054274,3,6.762256569946951,5.452094065362477
5235,A_PuertoRico_8_1934_PB2_108_134,4.539444,5.9685245,0,2.5527971814392396,5.152696836555193
5236,A_PuertoRico_8_1934_PB2_108_165,4.5681896,6.0283666,0,2.5527971814392396,5.152696836555193
5237,A_PuertoRico_8_1934_PB2_108_2085,4.7070885,6.2961664,0,2.5527971814392396,5.152696836555193
5238,A_PuertoRico_8_1934_PB2_108_2088,4.807676,6.053193,0,2.5527971814392396,5.152696836555193
5239,A_PuertoRico_8_1934_PB2_108_2095,5.054136,6.0514436,0,2.5527971814392396,5.152696836555193
5240,A_PuertoRico_8_1934_PB2_108_2100,4.5646396,5.9866657,0,2.5527971814392396,5.152696836555193
5241,A_PuertoRico_8_1934_PB2_108_2140,4.6349163,5.7686815,0,2.5527971814392396,5.152696836555193
5242,A_PuertoRico_8_1934_PB2_109_131,7.421764,4.7168593,3,6.762256569946951,5.452094065362477
5243,A_PuertoRico_8_1934_PB2_109_136,7.436319,4.7682157,3,6.762256569946951,5.452094065362477
5244,A_PuertoRico_8_1934_PB2_109_144,7.380178,4.7522397,3,6.762256569946951,5.452094065362477
5245,A_PuertoRico_8_1934_PB2_109_152,7.389664,4.7027664,3,6.762256569946951,5.452094065362477
5246,A_PuertoRico_8_1934_PB2_109_157,7.3837857,4.7037015,3,6.762256569946951,5.452094065362477
5247,A_PuertoRico_8_1934_PB2_109_164,7.4082055,4.842566,3,6.762256569946951,5.452094065362477
5248,A_PuertoRico_8_1934_PB2_109_1793,7.603853,4.825817,3,6.762256569946951,5.452094065362477
5249,A_PuertoRico_8_1934_PB2_109_2059,7.462669,4.7193456,3,6.762256569946951,5.452094065362477
5250,A_PuertoRico_8_1934_PB2_109_2123,7.241177,4.804143,3,6.762256569946951,5.452094065362477
5251,A_PuertoRico_8_1934_PB2_109_2132,7.3173513,4.7440557,3,6.762256569946951,5.452094065362477
5252,A_PuertoRico_8_1934_PB2_109_2135,7.3993244,4.803388,3,6.762256569946951,5.452094065362477
5253,A_PuertoRico_8_1934_PB2_109_2149,7.3306446,4.7371545,3,6.762256569946951,5.452094065362477
5254,A_PuertoRico_8_1934_PB2_109_2152,6.3935714,4.6507916,3,6.762256569946951,5.452094065362477
5255,A_PuertoRico_8_1934_PB2_109_2159,7.2907124,4.6793103,3,6.762256569946951,5.452094065362477
5256,A_PuertoRico_8_1934_PB2_109_2203,7.0460725,4.7879596,3,6.762256569946951,5.452094065362477
5257,A_PuertoRico_8_1934_PB2_110_143,3.2325463,5.4605246,0,2.5527971814392396,5.152696836555193
5258,A_PuertoRico_8_1934_PB2_110_2099,4.2221603,5.204199,0,2.5527971814392396,5.152696836555193
5259,A_PuertoRico_8_1934_PB2_110_2150,4.244227,5.0721045,0,2.5527971814392396,5.152696836555193
5260,A_PuertoRico_8_1934_PB2_110_2152,6.16546,4.501053,3,6.762256569946951,5.452094065362477
5261,A_PuertoRico_8_1934_PB2_110_2157,4.544734,5.426233,0,2.5527971814392396,5.152696836555193
5262,A_PuertoRico_8_1934_PB2_111_1516,0.15963861,5.04228,0,2.5527971814392396,5.152696836555193
5263,A_PuertoRico_8_1934_PB2_111_169,0.34524852,5.089144,0,2.5527971814392396,5.152696836555193
5264,A_PuertoRico_8_1934_PB2_112_2142,0.9920047,5.6563635,0,2.5527971814392396,5.152696836555193
5265,A_PuertoRico_8_1934_PB2_113_2080,4.9817095,6.1576896,0,2.5527971814392396,5.152696836555193
5266,A_PuertoRico_8_1934_PB2_115_2012,7.1555724,5.375227,3,6.762256569946951,5.452094065362477
5267,A_PuertoRico_8_1934_PB2_115_2159,7.7822614,3.2029955,1,8.550401544412672,2.2072208778165874
5268,A_PuertoRico_8_1934_PB2_115_266,8.456926,5.139349,-1,,
5269,A_PuertoRico_8_1934_PB2_116_180,4.5546036,5.880498,0,2.5527971814392396,5.152696836555193
5270,A_PuertoRico_8_1934_PB2_116_2077,5.5485954,5.4767833,-1,,
5271,A_PuertoRico_8_1934_PB2_116_2080,4.736399,6.076364,0,2.5527971814392396,5.152696836555193
5272,A_PuertoRico_8_1934_PB2_116_2085,4.758684,6.231137,0,2.5527971814392396,5.152696836555193
5273,A_PuertoRico_8_1934_PB2_116_2100,4.569881,5.947914,0,2.5527971814392396,5.152696836555193
5274,A_PuertoRico_8_1934_PB2_116_2108,4.2633905,5.466136,0,2.5527971814392396,5.152696836555193
5275,A_PuertoRico_8_1934_PB2_116_2115,4.5439086,5.7374697,0,2.5527971814392396,5.152696836555193
5276,A_PuertoRico_8_1934_PB2_116_2140,4.665429,5.814294,0,2.5527971814392396,5.152696836555193
5277,A_PuertoRico_8_1934_PB2_116_2157,4.5537004,5.492471,0,2.5527971814392396,5.152696836555193
5278,A_PuertoRico_8_1934_PB2_116_2301,4.5670834,5.546412,0,2.5527971814392396,5.152696836555193
5279,A_PuertoRico_8_1934_PB2_116_416,4.5498233,5.8204837,0,2.5527971814392396,5.152696836555193
5280,A_PuertoRico_8_1934_PB2_117_144,7.2174,4.958697,3,6.762256569946951,5.452094065362477
5281,A_PuertoRico_8_1934_PB2_117_153,7.122562,5.3156476,3,6.762256569946951,5.452094065362477
5282,A_PuertoRico_8_1934_PB2_117_160,7.019027,5.3500566,3,6.762256569946951,5.452094065362477
5283,A_PuertoRico_8_1934_PB2_117_164,7.365881,5.0274644,3,6.762256569946951,5.452094065362477
5284,A_PuertoRico_8_1934_PB2_117_192,7.431744,4.6731434,3,6.762256569946951,5.452094065362477
5285,A_PuertoRico_8_1934_PB2_117_1969,7.007297,5.3248186,3,6.762256569946951,5.452094065362477
5286,A_PuertoRico_8_1934_PB2_117_200,7.1002917,5.333865,3,6.762256569946951,5.452094065362477
5287,A_PuertoRico_8_1934_PB2_117_2075,6.986688,5.417841,3,6.762256569946951,5.452094065362477
5288,A_PuertoRico_8_1934_PB2_117_2077,6.004206,5.334548,3,6.762256569946951,5.452094065362477
5289,A_PuertoRico_8_1934_PB2_117_2107,7.085215,5.450276,3,6.762256569946951,5.452094065362477
5290,A_PuertoRico_8_1934_PB2_117_2114,7.0952873,5.4359827,3,6.762256569946951,5.452094065362477
5291,A_PuertoRico_8_1934_PB2_117_2139,5.9796658,6.2394695,-1,,
5292,A_PuertoRico_8_1934_PB2_117_2156,6.9310966,5.3592296,3,6.762256569946951,5.452094065362477
5293,A_PuertoRico_8_1934_PB2_118_150,6.9647045,6.5462675,3,6.762256569946951,5.452094065362477
5294,A_PuertoRico_8_1934_PB2_118_1998,7.065703,6.7359896,3,6.762256569946951,5.452094065362477
5295,A_PuertoRico_8_1934_PB2_118_2004,6.968415,6.526826,3,6.762256569946951,5.452094065362477
5296,A_PuertoRico_8_1934_PB2_118_2054,7.0731716,6.6284328,3,6.762256569946951,5.452094065362477
5297,A_PuertoRico_8_1934_PB2_118_2128,6.994648,6.518231,3,6.762256569946951,5.452094065362477
5298,A_PuertoRico_8_1934_PB2_118_2133,6.9561396,6.6203055,3,6.762256569946951,5.452094065362477
5299,A_PuertoRico_8_1934_PB2_118_2153,6.5008926,6.6577706,3,6.762256569946951,5.452094065362477
5300,A_PuertoRico_8_1934_PB2_118_218,7.043282,6.4813566,3,6.762256569946951,5.452094065362477
5301,A_PuertoRico_8_1934_PB2_119_2070,4.02176,5.4612846,0,2.5527971814392396,5.152696836555193
5302,A_PuertoRico_8_1934_PB2_119_2099,4.292414,5.2410088,0,2.5527971814392396,5.152696836555193
5303,A_PuertoRico_8_1934_PB2_119_2113,3.962538,5.292116,0,2.5527971814392396,5.152696836555193
5304,A_PuertoRico_8_1934_PB2_119_2161,4.176863,5.700094,0,2.5527971814392396,5.152696836555193
5305,A_PuertoRico_8_1934_PB2_119_2197,4.173283,5.6242676,0,2.5527971814392396,5.152696836555193
5306,A_PuertoRico_8_1934_PB2_120_2041,4.688688,5.9847746,0,2.5527971814392396,5.152696836555193
5307,A_PuertoRico_8_1934_PB2_120_2068,4.7943664,6.096394,0,2.5527971814392396,5.152696836555193
5308,A_PuertoRico_8_1934_PB2_120_2080,4.8911543,6.148768,0,2.5527971814392396,5.152696836555193
5309,A_PuertoRico_8_1934_PB2_120_2140,4.67896,5.7531185,0,2.5527971814392396,5.152696836555193
5310,A_PuertoRico_8_1934_PB2_120_225,4.788599,6.0642066,0,2.5527971814392396,5.152696836555193
5311,A_PuertoRico_8_1934_PB2_121_144,7.2424455,5.2204213,3,6.762256569946951,5.452094065362477
5312,A_PuertoRico_8_1934_PB2_121_153,7.2494597,5.7374825,3,6.762256569946951,5.452094065362477
5313,A_PuertoRico_8_1934_PB2_121_160,7.239346,5.685233,3,6.762256569946951,5.452094065362477
5314,A_PuertoRico_8_1934_PB2_121_164,7.306661,5.1056757,3,6.762256569946951,5.452094065362477
5315,A_PuertoRico_8_1934_PB2_121_179,7.183375,5.724464,3,6.762256569946951,5.452094065362477
5316,A_PuertoRico_8_1934_PB2_121_1793,7.687124,5.123122,3,6.762256569946951,5.452094065362477
5317,A_PuertoRico_8_1934_PB2_121_1969,7.035305,5.4964156,3,6.762256569946951,5.452094065362477
5318,A_PuertoRico_8_1934_PB2_121_200,7.312176,5.6408396,3,6.762256569946951,5.452094065362477
5319,A_PuertoRico_8_1934_PB2_121_2026,6.4793925,5.497908,3,6.762256569946951,5.452094065362477
5320,A_PuertoRico_8_1934_PB2_121_2040,7.231165,5.4689984,3,6.762256569946951,5.452094065362477
5321,A_PuertoRico_8_1934_PB2_121_2065,6.022889,5.1557484,3,6.762256569946951,5.452094065362477
5322,A_PuertoRico_8_1934_PB2_121_2075,7.068206,5.5738816,3,6.762256569946951,5.452094065362477
5323,A_PuertoRico_8_1934_PB2_121_2083,7.3187146,5.675934,3,6.762256569946951,5.452094065362477
5324,A_PuertoRico_8_1934_PB2_121_2114,7.108192,5.591256,3,6.762256569946951,5.452094065362477
5325,A_PuertoRico_8_1934_PB2_121_2130,7.284878,5.546999,3,6.762256569946951,5.452094065362477
5326,A_PuertoRico_8_1934_PB2_121_2139,6.0496697,6.210779,-1,,
5327,A_PuertoRico_8_1934_PB2_121_2160,7.0723324,5.9820995,3,6.762256569946951,5.452094065362477
5328,A_PuertoRico_8_1934_PB2_121_218,7.221274,5.8070736,3,6.762256569946951,5.452094065362477
5329,A_PuertoRico_8_1934_PB2_122_153,7.068679,6.6932793,3,6.762256569946951,5.452094065362477
5330,A_PuertoRico_8_1934_PB2_122_185,7.0657973,6.7081523,3,6.762256569946951,5.452094065362477
5331,A_PuertoRico_8_1934_PB2_122_1998,7.1206207,6.842667,3,6.762256569946951,5.452094065362477
5332,A_PuertoRico_8_1934_PB2_122_2004,7.0231133,6.7271767,3,6.762256569946951,5.452094065362477
5333,A_PuertoRico_8_1934_PB2_122_2124,7.1200905,6.705832,3,6.762256569946951,5.452094065362477
5334,A_PuertoRico_8_1934_PB2_122_2132,7.118144,6.413183,3,6.762256569946951,5.452094065362477
5335,A_PuertoRico_8_1934_PB2_122_2160,7.053109,6.6950817,3,6.762256569946951,5.452094065362477
5336,A_PuertoRico_8_1934_PB2_122_218,7.0382686,6.63523,3,6.762256569946951,5.452094065362477
5337,A_PuertoRico_8_1934_PB2_122_2196,6.8987584,6.93851,3,6.762256569946951,5.452094065362477
5338,A_PuertoRico_8_1934_PB2_123_2073,0.92793477,5.6065054,0,2.5527971814392396,5.152696836555193
5339,A_PuertoRico_8_1934_PB2_123_2142,0.9321443,5.630141,0,2.5527971814392396,5.152696836555193
5340,A_PuertoRico_8_1934_PB2_123_2154,1.1243721,5.5910044,0,2.5527971814392396,5.152696836555193
5341,A_PuertoRico_8_1934_PB2_124_180,4.9139085,6.1455345,0,2.5527971814392396,5.152696836555193
5342,A_PuertoRico_8_1934_PB2_124_2135,7.323085,5.1102533,3,6.762256569946951,5.452094065362477
5343,A_PuertoRico_8_1934_PB2_125_2127,6.236841,5.132556,3,6.762256569946951,5.452094065362477
5344,A_PuertoRico_8_1934_PB2_126_2065,6.013652,5.239284,3,6.762256569946951,5.452094065362477
5345,A_PuertoRico_8_1934_PB2_126_2101,0.52489734,5.2337675,0,2.5527971814392396,5.152696836555193
5346,A_PuertoRico_8_1934_PB2_127_2077,5.4901648,5.5673356,-1,,
5347,A_PuertoRico_8_1934_PB2_127_2090,4.4980364,6.258003,0,2.5527971814392396,5.152696836555193
5348,A_PuertoRico_8_1934_PB2_127_2095,4.9255023,6.132785,0,2.5527971814392396,5.152696836555193
5349,A_PuertoRico_8_1934_PB2_127_2098,4.6167264,6.178355,0,2.5527971814392396,5.152696836555193
5350,A_PuertoRico_8_1934_PB2_127_2140,4.721385,5.8983293,0,2.5527971814392396,5.152696836555193
5351,A_PuertoRico_8_1934_PB2_127_2157,4.5988927,5.5291224,0,2.5527971814392396,5.152696836555193
5352,A_PuertoRico_8_1934_PB2_127_2206,4.5147896,6.2822957,0,2.5527971814392396,5.152696836555193
5353,A_PuertoRico_8_1934_PB2_127_720,4.7908726,6.0699677,0,2.5527971814392396,5.152696836555193
5354,A_PuertoRico_8_1934_PB2_128_164,7.32102,5.0872025,3,6.762256569946951,5.452094065362477
5355,A_PuertoRico_8_1934_PB2_128_184,6.2802105,4.9752336,3,6.762256569946951,5.452094065362477
5356,A_PuertoRico_8_1934_PB2_128_192,6.6582413,4.611626,3,6.762256569946951,5.452094065362477
5357,A_PuertoRico_8_1934_PB2_128_2001,6.297668,4.8437734,3,6.762256569946951,5.452094065362477
5358,A_PuertoRico_8_1934_PB2_128_2003,6.5476413,4.8259845,3,6.762256569946951,5.452094065362477
5359,A_PuertoRico_8_1934_PB2_128_2026,6.2397285,5.3242407,3,6.762256569946951,5.452094065362477
5360,A_PuertoRico_8_1934_PB2_128_2053,6.3089757,4.9552135,3,6.762256569946951,5.452094065362477
5361,A_PuertoRico_8_1934_PB2_128_2059,6.2336235,4.950427,3,6.762256569946951,5.452094065362477
5362,A_PuertoRico_8_1934_PB2_128_2123,6.3089633,5.007647,3,6.762256569946951,5.452094065362477
5363,A_PuertoRico_8_1934_PB2_128_2127,6.23548,4.9636993,3,6.762256569946951,5.452094065362477
5364,A_PuertoRico_8_1934_PB2_128_2132,6.2458787,4.9844317,3,6.762256569946951,5.452094065362477
5365,A_PuertoRico_8_1934_PB2_128_2139,6.035654,6.111398,3,6.762256569946951,5.452094065362477
5366,A_PuertoRico_8_1934_PB2_128_2152,6.305325,4.5789156,3,6.762256569946951,5.452094065362477
5367,A_PuertoRico_8_1934_PB2_128_2156,6.3566566,4.8589764,3,6.762256569946951,5.452094065362477
5368,A_PuertoRico_8_1934_PB2_128_2159,6.5960875,4.6481385,3,6.762256569946951,5.452094065362477
5369,A_PuertoRico_8_1934_PB2_128_2161,6.0329237,5.0711503,3,6.762256569946951,5.452094065362477
5370,A_PuertoRico_8_1934_PB2_128_217,6.2149687,4.924578,3,6.762256569946951,5.452094065362477
5371,A_PuertoRico_8_1934_PB2_128_2182,6.152543,5.0006065,3,6.762256569946951,5.452094065362477
5372,A_PuertoRico_8_1934_PB2_128_2195,6.4295115,4.8017983,3,6.762256569946951,5.452094065362477
5373,A_PuertoRico_8_1934_PB2_128_2203,6.446367,4.8011975,3,6.762256569946951,5.452094065362477
5374,A_PuertoRico_8_1934_PB2_129_161,4.337583,4.4560223,0,2.5527971814392396,5.152696836555193
5375,A_PuertoRico_8_1934_PB2_129_2021,4.3767967,4.412988,0,2.5527971814392396,5.152696836555193
5376,A_PuertoRico_8_1934_PB2_129_2150,4.2970376,4.5978627,0,2.5527971814392396,5.152696836555193
5377,A_PuertoRico_8_1934_PB2_129_2176,4.1785245,6.340856,0,2.5527971814392396,5.152696836555193
5378,A_PuertoRico_8_1934_PB2_129_219,4.2246027,4.4947658,0,2.5527971814392396,5.152696836555193
5379,A_PuertoRico_8_1934_PB2_130_2003,6.630867,4.866164,3,6.762256569946951,5.452094065362477
5380,A_PuertoRico_8_1934_PB2_130_2026,5.994346,5.360375,3,6.762256569946951,5.452094065362477
5381,A_PuertoRico_8_1934_PB2_130_2053,6.4870987,4.979115,3,6.762256569946951,5.452094065362477
5382,A_PuertoRico_8_1934_PB2_130_2077,5.917259,5.276002,3,6.762256569946951,5.452094065362477
5383,A_PuertoRico_8_1934_PB2_130_2103,6.4555807,4.701628,3,6.762256569946951,5.452094065362477
5384,A_PuertoRico_8_1934_PB2_130_2132,6.609673,4.9668474,3,6.762256569946951,5.452094065362477
5385,A_PuertoRico_8_1934_PB2_130_2139,6.0070214,6.242403,-1,,
5386,A_PuertoRico_8_1934_PB2_130_2152,6.183678,4.547342,3,6.762256569946951,5.452094065362477
5387,A_PuertoRico_8_1934_PB2_131_1970,4.4171076,4.226638,0,2.5527971814392396,5.152696836555193
5388,A_PuertoRico_8_1934_PB2_131_2050,4.5275345,4.224001,0,2.5527971814392396,5.152696836555193
5389,A_PuertoRico_8_1934_PB2_131_2077,5.542241,5.2237887,-1,,
5390,A_PuertoRico_8_1934_PB2_132_2026,6.18492,5.439169,3,6.762256569946951,5.452094065362477
5391,A_PuertoRico_8_1934_PB2_132_2149,6.864999,4.6488237,3,6.762256569946951,5.452094065362477
5392,A_PuertoRico_8_1934_PB2_132_2152,6.162935,4.459897,3,6.762256569946951,5.452094065362477
5393,A_PuertoRico_8_1934_PB2_133_2108,4.042504,5.2140617,0,2.5527971814392396,5.152696836555193
5394,A_PuertoRico_8_1934_PB2_133_2129,4.174112,5.110933,0,2.5527971814392396,5.152696836555193
5395,A_PuertoRico_8_1934_PB2_133_2140,4.599859,5.6212034,0,2.5527971814392396,5.152696836555193
5396,A_PuertoRico_8_1934_PB2_133_2146,4.2616005,5.1433496,0,2.5527971814392396,5.152696836555193
5397,A_PuertoRico_8_1934_PB2_134_2099,4.39474,5.2240067,0,2.5527971814392396,5.152696836555193
5398,A_PuertoRico_8_1934_PB2_134_2140,4.6511483,5.6832447,0,2.5527971814392396,5.152696836555193
5399,A_PuertoRico_8_1934_PB2_135_2012,7.010686,5.4964695,3,6.762256569946951,5.452094065362477
5400,A_PuertoRico_8_1934_PB2_135_2053,6.7370677,5.0808105,3,6.762256569946951,5.452094065362477
5401,A_PuertoRico_8_1934_PB2_135_209,7.144374,5.1828403,3,6.762256569946951,5.452094065362477
5402,A_PuertoRico_8_1934_PB2_135_2139,6.0497756,6.199203,-1,,
5403,A_PuertoRico_8_1934_PB2_135_2152,6.232477,4.521559,3,6.762256569946951,5.452094065362477
5404,A_PuertoRico_8_1934_PB2_135_2159,6.8604426,4.3614907,-1,,
5405,A_PuertoRico_8_1934_PB2_135_252,7.128332,5.291105,3,6.762256569946951,5.452094065362477
5406,A_PuertoRico_8_1934_PB2_137_2097,4.041677,5.64049,0,2.5527971814392396,5.152696836555193
5407,A_PuertoRico_8_1934_PB2_137_2143,3.7927492,5.648022,0,2.5527971814392396,5.152696836555193
5408,A_PuertoRico_8_1934_PB2_138_167,7.7924604,5.068515,3,6.762256569946951,5.452094065362477
5409,A_PuertoRico_8_1934_PB2_138_2135,7.5326085,5.0998306,3,6.762256569946951,5.452094065362477
5410,A_PuertoRico_8_1934_PB2_138_2139,5.9508758,6.2594767,-1,,
5411,A_PuertoRico_8_1934_PB2_138_2205,4.748604,5.9638715,0,2.5527971814392396,5.152696836555193
5412,A_PuertoRico_8_1934_PB2_139_1961,6.0316243,5.765367,3,6.762256569946951,5.452094065362477
5413,A_PuertoRico_8_1934_PB2_139_2036,6.0885787,5.72961,3,6.762256569946951,5.452094065362477
5414,A_PuertoRico_8_1934_PB2_139_2139,6.015384,6.13293,3,6.762256569946951,5.452094065362477
5415,A_PuertoRico_8_1934_PB2_140_2086,0.78000766,5.565176,0,2.5527971814392396,5.152696836555193
5416,A_PuertoRico_8_1934_PB2_140_2140,4.5495887,5.6607294,0,2.5527971814392396,5.152696836555193
5417,A_PuertoRico_8_1934_PB2_140_2142,0.89461267,5.609072,0,2.5527971814392396,5.152696836555193
5418,A_PuertoRico_8_1934_PB2_141_2087,5.372737,5.54576,-1,,
5419,A_PuertoRico_8_1934_PB2_141_2104,5.10485,6.334103,0,2.5527971814392396,5.152696836555193
5420,A_PuertoRico_8_1934_PB2_141_2113,5.516256,5.1495686,-1,,
5421,A_PuertoRico_8_1934_PB2_141_2139,6.013719,6.2574897,-1,,
5422,A_PuertoRico_8_1934_PB2_141_2152,6.1407995,4.5363803,3,6.762256569946951,5.452094065362477
5423,A_PuertoRico_8_1934_PB2_141_2156,6.142904,5.377204,3,6.762256569946951,5.452094065362477
5424,A_PuertoRico_8_1934_PB2_142_2065,5.794054,5.1899033,-1,,
5425,A_PuertoRico_8_1934_PB2_142_2140,4.673883,5.727718,0,2.5527971814392396,5.152696836555193
5426,A_PuertoRico_8_1934_PB2_143_2024,6.696974,5.5195174,3,6.762256569946951,5.452094065362477
5427,A_PuertoRico_8_1934_PB2_143_2040,7.1141744,5.4700007,3,6.762256569946951,5.452094065362477
5428,A_PuertoRico_8_1934_PB2_143_2048,6.705482,5.2565947,3,6.762256569946951,5.452094065362477
5429,A_PuertoRico_8_1934_PB2_143_2053,6.7429566,5.079891,3,6.762256569946951,5.452094065362477
5430,A_PuertoRico_8_1934_PB2_143_2123,6.876544,5.088103,3,6.762256569946951,5.452094065362477
5431,A_PuertoRico_8_1934_PB2_143_2132,6.829613,5.1858726,3,6.762256569946951,5.452094065362477
5432,A_PuertoRico_8_1934_PB2_143_2139,6.0057473,6.2657733,-1,,
5433,A_PuertoRico_8_1934_PB2_143_2152,6.159091,4.5153084,3,6.762256569946951,5.452094065362477
5434,A_PuertoRico_8_1934_PB2_143_2195,6.6224456,4.811839,3,6.762256569946951,5.452094065362477
5435,A_PuertoRico_8_1934_PB2_143_2203,6.7210126,4.825451,3,6.762256569946951,5.452094065362477
5436,A_PuertoRico_8_1934_PB2_144_1601,1.3026823,4.92909,0,2.5527971814392396,5.152696836555193
5437,A_PuertoRico_8_1934_PB2_144_2114,7.066831,5.7706428,3,6.762256569946951,5.452094065362477
5438,A_PuertoRico_8_1934_PB2_145_2008,1.1772314,5.400904,0,2.5527971814392396,5.152696836555193
5439,A_PuertoRico_8_1934_PB2_145_2020,6.8214154,5.5782924,3,6.762256569946951,5.452094065362477
5440,A_PuertoRico_8_1934_PB2_146_1960,5.686674,4.826026,-1,,
5441,A_PuertoRico_8_1934_PB2_146_2138,3.2077634,5.24173,0,2.5527971814392396,5.152696836555193
5442,A_PuertoRico_8_1934_PB2_146_2152,6.1177874,4.4665437,-1,,
5443,A_PuertoRico_8_1934_PB2_147_2141,0.09655803,5.541065,0,2.5527971814392396,5.152696836555193
5444,A_PuertoRico_8_1934_PB2_148_179,6.8988347,5.9830146,3,6.762256569946951,5.452094065362477
5445,A_PuertoRico_8_1934_PB2_148_2104,5.304466,6.3449802,0,2.5527971814392396,5.152696836555193
5446,A_PuertoRico_8_1934_PB2_148_2128,5.376509,6.0345426,0,2.5527971814392396,5.152696836555193
5447,A_PuertoRico_8_1934_PB2_148_2137,5.703741,6.2673955,-1,,
5448,A_PuertoRico_8_1934_PB2_148_2139,5.9465995,6.308781,-1,,
5449,A_PuertoRico_8_1934_PB2_148_2187,5.646691,6.2677803,-1,,
5450,A_PuertoRico_8_1934_PB2_148_2217,5.70312,6.2669096,-1,,
5451,A_PuertoRico_8_1934_PB2_150_2116,4.2783537,5.5234895,0,2.5527971814392396,5.152696836555193
5452,A_PuertoRico_8_1934_PB2_150_2119,0.3738102,5.532756,0,2.5527971814392396,5.152696836555193
5453,A_PuertoRico_8_1934_PB2_150_2121,3.7301528,5.7295737,0,2.5527971814392396,5.152696836555193
5454,A_PuertoRico_8_1934_PB2_150_2140,4.6000614,5.684384,0,2.5527971814392396,5.152696836555193
5455,A_PuertoRico_8_1934_PB2_150_2157,4.5409875,5.4409394,0,2.5527971814392396,5.152696836555193
5456,A_PuertoRico_8_1934_PB2_150_2191,4.120826,5.537187,0,2.5527971814392396,5.152696836555193
5457,A_PuertoRico_8_1934_PB2_151_192,7.4632,4.5263596,-1,,
5458,A_PuertoRico_8_1934_PB2_151_2016,4.9450154,5.807298,0,2.5527971814392396,5.152696836555193
5459,A_PuertoRico_8_1934_PB2_151_2085,4.835361,6.3361263,0,2.5527971814392396,5.152696836555193
5460,A_PuertoRico_8_1934_PB2_151_2100,4.586708,6.001558,0,2.5527971814392396,5.152696836555193
5461,A_PuertoRico_8_1934_PB2_151_2130,6.07648,5.3336263,3,6.762256569946951,5.452094065362477
5462,A_PuertoRico_8_1934_PB2_151_2139,5.9376097,6.269728,-1,,
5463,A_PuertoRico_8_1934_PB2_151_2140,4.704009,5.7959023,0,2.5527971814392396,5.152696836555193
5464,A_PuertoRico_8_1934_PB2_152_184,6.172062,5.045036,3,6.762256569946951,5.452094065362477
5465,A_PuertoRico_8_1934_PB2_152_1975,6.591682,5.085065,3,6.762256569946951,5.452094065362477
5466,A_PuertoRico_8_1934_PB2_152_1976,6.429264,6.5290084,3,6.762256569946951,5.452094065362477
5467,A_PuertoRico_8_1934_PB2_152_2037,6.4068804,6.077027,3,6.762256569946951,5.452094065362477
5468,A_PuertoRico_8_1934_PB2_152_2053,6.2328553,5.02426,3,6.762256569946951,5.452094065362477
5469,A_PuertoRico_8_1934_PB2_152_2065,6.089434,5.125379,3,6.762256569946951,5.452094065362477
5470,A_PuertoRico_8_1934_PB2_152_2074,5.730923,4.9229927,-1,,
5471,A_PuertoRico_8_1934_PB2_152_2135,6.588137,5.008915,3,6.762256569946951,5.452094065362477
5472,A_PuertoRico_8_1934_PB2_152_2139,6.0574803,6.124181,3,6.762256569946951,5.452094065362477
5473,A_PuertoRico_8_1934_PB2_152_2152,6.2595963,4.5217767,3,6.762256569946951,5.452094065362477
5474,A_PuertoRico_8_1934_PB2_152_2153,6.3974466,6.5584226,3,6.762256569946951,5.452094065362477
5475,A_PuertoRico_8_1934_PB2_152_2156,6.362727,4.8776093,3,6.762256569946951,5.452094065362477
5476,A_PuertoRico_8_1934_PB2_152_217,6.168001,5.0025597,3,6.762256569946951,5.452094065362477
5477,A_PuertoRico_8_1934_PB2_152_2195,6.338035,4.891625,3,6.762256569946951,5.452094065362477
5478,A_PuertoRico_8_1934_PB2_152_2203,6.399864,4.7968016,3,6.762256569946951,5.452094065362477
5479,A_PuertoRico_8_1934_PB2_152_223,6.094871,5.076869,3,6.762256569946951,5.452094065362477
5480,A_PuertoRico_8_1934_PB2_152_376,6.126438,5.1733794,3,6.762256569946951,5.452094065362477
5481,A_PuertoRico_8_1934_PB2_153_1970,4.2768564,4.33219,0,2.5527971814392396,5.152696836555193
5482,A_PuertoRico_8_1934_PB2_153_2025,3.9106092,4.5111184,0,2.5527971814392396,5.152696836555193
5483,A_PuertoRico_8_1934_PB2_153_2026,6.1195164,5.423359,3,6.762256569946951,5.452094065362477
5484,A_PuertoRico_8_1934_PB2_153_2055,4.0699987,4.5001225,0,2.5527971814392396,5.152696836555193
5485,A_PuertoRico_8_1934_PB2_153_219,4.1617513,4.452757,0,2.5527971814392396,5.152696836555193
5486,A_PuertoRico_8_1934_PB2_153_2210,3.518443,4.77208,0,2.5527971814392396,5.152696836555193
5487,A_PuertoRico_8_1934_PB2_154_2056,7.8912015,1.9029564,1,8.550401544412672,2.2072208778165874
5488,A_PuertoRico_8_1934_PB2_154_2174,6.670007,4.3097515,-1,,
5489,A_PuertoRico_8_1934_PB2_155_1849,4.206935,6.195766,0,2.5527971814392396,5.152696836555193
5490,A_PuertoRico_8_1934_PB2_155_2097,4.4786706,5.69991,0,2.5527971814392396,5.152696836555193
5491,A_PuertoRico_8_1934_PB2_155_2140,4.6891108,5.6989574,0,2.5527971814392396,5.152696836555193
5492,A_PuertoRico_8_1934_PB2_156_1993,11.321555,6.259813,2,9.754804976206675,6.521976917349043
5493,A_PuertoRico_8_1934_PB2_156_2040,7.0660787,5.388565,3,6.762256569946951,5.452094065362477
5494,A_PuertoRico_8_1934_PB2_156_2139,6.016737,6.2474904,-1,,
5495,A_PuertoRico_8_1934_PB2_156_2152,6.238158,4.5157113,3,6.762256569946951,5.452094065362477
5496,A_PuertoRico_8_1934_PB2_156_2156,6.89112,5.135856,3,6.762256569946951,5.452094065362477
5497,A_PuertoRico_8_1934_PB2_157_2066,1.5842223,5.1180534,0,2.5527971814392396,5.152696836555193
5498,A_PuertoRico_8_1934_PB2_157_2133,1.5246576,5.281644,0,2.5527971814392396,5.152696836555193
5499,A_PuertoRico_8_1934_PB2_158_2117,4.5919824,5.5886703,0,2.5527971814392396,5.152696836555193
5500,A_PuertoRico_8_1934_PB2_158_2140,4.6337714,5.705983,0,2.5527971814392396,5.152696836555193
5501,A_PuertoRico_8_1934_PB2_158_2141,0.13436212,5.5317297,0,2.5527971814392396,5.152696836555193
5502,A_PuertoRico_8_1934_PB2_158_2164,6.364505,5.826718,3,6.762256569946951,5.452094065362477
5503,A_PuertoRico_8_1934_PB2_159_192,6.6287374,4.5084195,3,6.762256569946951,5.452094065362477
5504,A_PuertoRico_8_1934_PB2_159_2003,6.548123,4.6617217,3,6.762256569946951,5.452094065362477
5505,A_PuertoRico_8_1934_PB2_159_2006,6.5453043,4.487521,3,6.762256569946951,5.452094065362477
5506,A_PuertoRico_8_1934_PB2_159_2040,6.6591816,4.5340276,3,6.762256569946951,5.452094065362477
5507,A_PuertoRico_8_1934_PB2_159_2053,6.3762136,4.867832,3,6.762256569946951,5.452094065362477
5508,A_PuertoRico_8_1934_PB2_159_2065,6.137099,4.9306426,3,6.762256569946951,5.452094065362477
5509,A_PuertoRico_8_1934_PB2_159_2077,6.029498,4.8982997,3,6.762256569946951,5.452094065362477
5510,A_PuertoRico_8_1934_PB2_159_2088,6.62893,4.5426025,3,6.762256569946951,5.452094065362477
5511,A_PuertoRico_8_1934_PB2_159_2102,6.203901,4.9841967,3,6.762256569946951,5.452094065362477
5512,A_PuertoRico_8_1934_PB2_159_2114,6.682877,4.552392,3,6.762256569946951,5.452094065362477
5513,A_PuertoRico_8_1934_PB2_159_2123,6.5844693,4.4885664,3,6.762256569946951,5.452094065362477
5514,A_PuertoRico_8_1934_PB2_159_2139,6.022628,6.177898,-1,,
5515,A_PuertoRico_8_1934_PB2_159_2152,6.3046956,4.4993424,3,6.762256569946951,5.452094065362477
5516,A_PuertoRico_8_1934_PB2_159_2156,6.5768957,4.5238686,3,6.762256569946951,5.452094065362477
5517,A_PuertoRico_8_1934_PB2_159_2159,6.6264153,4.4215546,3,6.762256569946951,5.452094065362477
5518,A_PuertoRico_8_1934_PB2_159_217,6.4060154,4.650383,3,6.762256569946951,5.452094065362477
5519,A_PuertoRico_8_1934_PB2_159_2174,6.5843954,4.441561,3,6.762256569946951,5.452094065362477
5520,A_PuertoRico_8_1934_PB2_159_2203,6.501249,4.6400256,3,6.762256569946951,5.452094065362477
5521,A_PuertoRico_8_1934_PB2_159_266,6.6052413,4.548351,3,6.762256569946951,5.452094065362477
5522,A_PuertoRico_8_1934_PB2_160_201,3.9728563,4.392335,0,2.5527971814392396,5.152696836555193
5523,A_PuertoRico_8_1934_PB2_160_2013,3.9295726,4.6166005,0,2.5527971814392396,5.152696836555193
5524,A_PuertoRico_8_1934_PB2_160_2052,3.5341787,4.847056,0,2.5527971814392396,5.152696836555193
5525,A_PuertoRico_8_1934_PB2_160_2062,4.4763527,4.6449537,0,2.5527971814392396,5.152696836555193
5526,A_PuertoRico_8_1934_PB2_160_2152,6.0655007,4.474649,-1,,
5527,A_PuertoRico_8_1934_PB2_161_2026,6.0345697,5.437741,3,6.762256569946951,5.452094065362477
5528,A_PuertoRico_8_1934_PB2_161_2077,5.798562,5.4519854,-1,,
5529,A_PuertoRico_8_1934_PB2_162_186,5.0567846,5.886115,0,2.5527971814392396,5.152696836555193
5530,A_PuertoRico_8_1934_PB2_162_2012,5.29675,5.7657614,0,2.5527971814392396,5.152696836555193
5531,A_PuertoRico_8_1934_PB2_162_2044,4.9320693,6.079353,0,2.5527971814392396,5.152696836555193
5532,A_PuertoRico_8_1934_PB2_162_2051,5.0404177,5.8822594,0,2.5527971814392396,5.152696836555193
5533,A_PuertoRico_8_1934_PB2_162_2073,5.0563426,5.840088,0,2.5527971814392396,5.152696836555193
5534,A_PuertoRico_8_1934_PB2_162_2077,5.4411964,5.496937,-1,,
5535,A_PuertoRico_8_1934_PB2_162_2095,5.065897,5.9584465,0,2.5527971814392396,5.152696836555193
5536,A_PuertoRico_8_1934_PB2_162_2098,5.0170965,5.940301,0,2.5527971814392396,5.152696836555193
5537,A_PuertoRico_8_1934_PB2_162_2104,5.0544267,6.2668962,0,2.5527971814392396,5.152696836555193
5538,A_PuertoRico_8_1934_PB2_162_2109,4.8486476,5.7784834,0,2.5527971814392396,5.152696836555193
5539,A_PuertoRico_8_1934_PB2_162_2140,4.7082553,5.7213297,0,2.5527971814392396,5.152696836555193
5540,A_PuertoRico_8_1934_PB2_162_2157,4.896365,5.6757426,0,2.5527971814392396,5.152696836555193
5541,A_PuertoRico_8_1934_PB2_162_2161,5.059147,5.9167495,0,2.5527971814392396,5.152696836555193
5542,A_PuertoRico_8_1934_PB2_162_2199,4.9520373,5.8327427,0,2.5527971814392396,5.152696836555193
5543,A_PuertoRico_8_1934_PB2_162_225,5.001228,5.920399,0,2.5527971814392396,5.152696836555193
5544,A_PuertoRico_8_1934_PB2_163_1803,7.27065,5.021967,3,6.762256569946951,5.452094065362477
5545,A_PuertoRico_8_1934_PB2_163_192,7.179878,4.843251,3,6.762256569946951,5.452094065362477
5546,A_PuertoRico_8_1934_PB2_163_1969,7.0324426,5.059003,3,6.762256569946951,5.452094065362477
5547,A_PuertoRico_8_1934_PB2_163_1975,6.802831,5.0410843,3,6.762256569946951,5.452094065362477
5548,A_PuertoRico_8_1934_PB2_163_2003,7.0222287,4.8921237,3,6.762256569946951,5.452094065362477
5549,A_PuertoRico_8_1934_PB2_163_2006,7.096503,4.84179,3,6.762256569946951,5.452094065362477
5550,A_PuertoRico_8_1934_PB2_163_2040,7.2135453,5.2358475,3,6.762256569946951,5.452094065362477
5551,A_PuertoRico_8_1934_PB2_163_2053,6.9142027,4.9382396,3,6.762256569946951,5.452094065362477
5552,A_PuertoRico_8_1934_PB2_163_209,7.09554,4.937056,3,6.762256569946951,5.452094065362477
5553,A_PuertoRico_8_1934_PB2_163_2107,7.1099653,5.2428603,3,6.762256569946951,5.452094065362477
5554,A_PuertoRico_8_1934_PB2_163_2114,7.1761093,5.36715,3,6.762256569946951,5.452094065362477
5555,A_PuertoRico_8_1934_PB2_163_2123,7.133093,4.9209843,3,6.762256569946951,5.452094065362477
5556,A_PuertoRico_8_1934_PB2_163_2132,7.112813,4.883599,3,6.762256569946951,5.452094065362477
5557,A_PuertoRico_8_1934_PB2_163_2139,6.046768,6.1681113,-1,,
5558,A_PuertoRico_8_1934_PB2_163_2152,6.340794,4.6885304,3,6.762256569946951,5.452094065362477
5559,A_PuertoRico_8_1934_PB2_163_2156,7.096405,5.076315,3,6.762256569946951,5.452094065362477
5560,A_PuertoRico_8_1934_PB2_163_2159,7.0702686,4.819205,3,6.762256569946951,5.452094065362477
5561,A_PuertoRico_8_1934_PB2_163_2164,6.833887,5.182483,3,6.762256569946951,5.452094065362477
5562,A_PuertoRico_8_1934_PB2_163_217,7.1132283,4.871625,3,6.762256569946951,5.452094065362477
5563,A_PuertoRico_8_1934_PB2_163_2195,6.9300528,4.916799,3,6.762256569946951,5.452094065362477
5564,A_PuertoRico_8_1934_PB2_163_2203,6.958672,4.8789926,3,6.762256569946951,5.452094065362477
5565,A_PuertoRico_8_1934_PB2_163_238,7.1193976,4.8957806,3,6.762256569946951,5.452094065362477
5566,A_PuertoRico_8_1934_PB2_163_266,7.207919,4.9266787,3,6.762256569946951,5.452094065362477
5567,A_PuertoRico_8_1934_PB2_164_206,2.6715488,5.0906515,0,2.5527971814392396,5.152696836555193
5568,A_PuertoRico_8_1934_PB2_164_2066,1.9033866,5.058199,0,2.5527971814392396,5.152696836555193
5569,A_PuertoRico_8_1934_PB2_164_2084,2.7617874,5.1579065,0,2.5527971814392396,5.152696836555193
5570,A_PuertoRico_8_1934_PB2_164_2089,2.9979541,5.29029,0,2.5527971814392396,5.152696836555193
5571,A_PuertoRico_8_1934_PB2_164_2164,6.323717,5.9242487,3,6.762256569946951,5.452094065362477
5572,A_PuertoRico_8_1934_PB2_166_2135,7.452053,5.2237825,3,6.762256569946951,5.452094065362477
5573,A_PuertoRico_8_1934_PB2_166_2152,6.1282716,4.488595,3,6.762256569946951,5.452094065362477
5574,A_PuertoRico_8_1934_PB2_167_199,3.1149142,4.884372,0,2.5527971814392396,5.152696836555193
5575,A_PuertoRico_8_1934_PB2_167_2003,6.6871424,4.8243127,3,6.762256569946951,5.452094065362477
5576,A_PuertoRico_8_1934_PB2_167_2126,3.1851559,5.0241823,0,2.5527971814392396,5.152696836555193
5577,A_PuertoRico_8_1934_PB2_167_2151,3.1692789,5.0375724,0,2.5527971814392396,5.152696836555193
5578,A_PuertoRico_8_1934_PB2_167_2155,3.066426,4.912098,0,2.5527971814392396,5.152696836555193
5579,A_PuertoRico_8_1934_PB2_1687_1748,8.197451,5.0286717,-1,,
5580,A_PuertoRico_8_1934_PB2_168_1973,0.56881654,5.4083734,0,2.5527971814392396,5.152696836555193
5581,A_PuertoRico_8_1934_PB2_168_2042,0.44481778,5.429795,0,2.5527971814392396,5.152696836555193
5582,A_PuertoRico_8_1934_PB2_168_2045,0.4052147,5.668144,0,2.5527971814392396,5.152696836555193
5583,A_PuertoRico_8_1934_PB2_168_2073,0.81163275,5.593549,0,2.5527971814392396,5.152696836555193
5584,A_PuertoRico_8_1934_PB2_168_2086,0.60334474,5.532812,0,2.5527971814392396,5.152696836555193
5585,A_PuertoRico_8_1934_PB2_168_2103,0.6029277,5.6742744,0,2.5527971814392396,5.152696836555193
5586,A_PuertoRico_8_1934_PB2_168_2119,0.4229648,5.5689683,0,2.5527971814392396,5.152696836555193
5587,A_PuertoRico_8_1934_PB2_168_2164,0.75756645,5.6323924,0,2.5527971814392396,5.152696836555193
5588,A_PuertoRico_8_1934_PB2_168_2177,0.5449164,5.4491873,0,2.5527971814392396,5.152696836555193
5589,A_PuertoRico_8_1934_PB2_168_2200,0.65339524,5.6143737,0,2.5527971814392396,5.152696836555193
5590,A_PuertoRico_8_1934_PB2_169_1969,7.1207523,5.6274924,3,6.762256569946951,5.452094065362477
5591,A_PuertoRico_8_1934_PB2_169_2083,7.411771,5.872849,3,6.762256569946951,5.452094065362477
5592,A_PuertoRico_8_1934_PB2_169_2107,7.1413317,5.769939,3,6.762256569946951,5.452094065362477
5593,A_PuertoRico_8_1934_PB2_169_2114,7.163769,5.7842298,3,6.762256569946951,5.452094065362477
5594,A_PuertoRico_8_1934_PB2_169_2168,7.197227,5.9722247,3,6.762256569946951,5.452094065362477
5595,A_PuertoRico_8_1934_PB2_169_2204,7.207581,6.0601606,3,6.762256569946951,5.452094065362477
5596,A_PuertoRico_8_1934_PB2_169_227,7.203736,5.8191714,3,6.762256569946951,5.452094065362477
5597,A_PuertoRico_8_1934_PB2_169_317,7.136813,5.8960414,3,6.762256569946951,5.452094065362477
5598,A_PuertoRico_8_1934_PB2_170_192,7.464399,4.563884,-1,,
5599,A_PuertoRico_8_1934_PB2_170_2071,6.7353277,6.279895,3,6.762256569946951,5.452094065362477
5600,A_PuertoRico_8_1934_PB2_170_2077,5.7924824,5.353217,-1,,
5601,A_PuertoRico_8_1934_PB2_170_2164,6.4903774,5.9424276,3,6.762256569946951,5.452094065362477
5602,A_PuertoRico_8_1934_PB2_170_2168,6.7157974,6.017676,3,6.762256569946951,5.452094065362477
5603,A_PuertoRico_8_1934_PB2_171_2075,6.8393726,5.353416,3,6.762256569946951,5.452094065362477
5604,A_PuertoRico_8_1934_PB2_171_2153,6.432993,6.665154,3,6.762256569946951,5.452094065362477
5605,A_PuertoRico_8_1934_PB2_172_1981,3.2385542,5.10739,0,2.5527971814392396,5.152696836555193
5606,A_PuertoRico_8_1934_PB2_172_2023,3.247275,5.010754,0,2.5527971814392396,5.152696836555193
5607,A_PuertoRico_8_1934_PB2_172_2109,3.7902107,5.4539127,0,2.5527971814392396,5.152696836555193
5608,A_PuertoRico_8_1934_PB2_172_2138,3.1142697,5.1952634,0,2.5527971814392396,5.152696836555193
5609,A_PuertoRico_8_1934_PB2_172_2155,3.1491785,5.0486555,0,2.5527971814392396,5.152696836555193
5610,A_PuertoRico_8_1934_PB2_173_1980,0.3846188,5.275351,0,2.5527971814392396,5.152696836555193
5611,A_PuertoRico_8_1934_PB2_173_2042,0.4164035,5.2375746,0,2.5527971814392396,5.152696836555193
5612,A_PuertoRico_8_1934_PB2_173_2101,0.5079492,5.228508,0,2.5527971814392396,5.152696836555193
5613,A_PuertoRico_8_1934_PB2_173_2162,0.42373466,5.207777,0,2.5527971814392396,5.152696836555193
5614,A_PuertoRico_8_1934_PB2_173_2164,6.365768,5.84412,3,6.762256569946951,5.452094065362477
5615,A_PuertoRico_8_1934_PB2_174_2031,5.0618377,5.539345,0,2.5527971814392396,5.152696836555193
5616,A_PuertoRico_8_1934_PB2_174_2109,4.76602,5.751341,0,2.5527971814392396,5.152696836555193
5617,A_PuertoRico_8_1934_PB2_174_2115,4.3514886,5.6234355,0,2.5527971814392396,5.152696836555193
5618,A_PuertoRico_8_1934_PB2_174_2120,5.3386817,5.6755204,-1,,
5619,A_PuertoRico_8_1934_PB2_175_200,7.428171,5.415091,3,6.762256569946951,5.452094065362477
5620,A_PuertoRico_8_1934_PB2_175_2012,6.9636965,5.3832955,3,6.762256569946951,5.452094065362477
5621,A_PuertoRico_8_1934_PB2_175_2036,7.0695376,5.2943373,3,6.762256569946951,5.452094065362477
5622,A_PuertoRico_8_1934_PB2_175_2061,6.8350563,5.497649,3,6.762256569946951,5.452094065362477
5623,A_PuertoRico_8_1934_PB2_175_2083,7.4081583,5.594351,3,6.762256569946951,5.452094065362477
5624,A_PuertoRico_8_1934_PB2_175_2088,7.1990786,5.4639883,3,6.762256569946951,5.452094065362477
5625,A_PuertoRico_8_1934_PB2_175_2132,7.0597396,5.2178845,3,6.762256569946951,5.452094065362477
5626,A_PuertoRico_8_1934_PB2_176_1996,3.22225,5.078093,0,2.5527971814392396,5.152696836555193
5627,A_PuertoRico_8_1934_PB2_176_2002,3.0989444,5.1491966,0,2.5527971814392396,5.152696836555193
5628,A_PuertoRico_8_1934_PB2_176_2025,3.3782494,4.9648237,0,2.5527971814392396,5.152696836555193
5629,A_PuertoRico_8_1934_PB2_176_2098,3.19182,5.1397076,0,2.5527971814392396,5.152696836555193
5630,A_PuertoRico_8_1934_PB2_176_2108,3.6074238,5.193674,0,2.5527971814392396,5.152696836555193
5631,A_PuertoRico_8_1934_PB2_176_2122,3.3028762,4.924176,0,2.5527971814392396,5.152696836555193
5632,A_PuertoRico_8_1934_PB2_176_2138,3.2121968,5.1792827,0,2.5527971814392396,5.152696836555193
5633,A_PuertoRico_8_1934_PB2_176_2150,3.5208688,5.0254726,0,2.5527971814392396,5.152696836555193
5634,A_PuertoRico_8_1934_PB2_176_2151,3.2069151,5.122823,0,2.5527971814392396,5.152696836555193
5635,A_PuertoRico_8_1934_PB2_176_2202,3.2110875,5.0989227,0,2.5527971814392396,5.152696836555193
5636,A_PuertoRico_8_1934_PB2_176_356,3.1695771,5.033714,0,2.5527971814392396,5.152696836555193
5637,A_PuertoRico_8_1934_PB2_177_2042,0.39736214,5.3702254,0,2.5527971814392396,5.152696836555193
5638,A_PuertoRico_8_1934_PB2_177_2080,4.9381647,6.099166,0,2.5527971814392396,5.152696836555193
5639,A_PuertoRico_8_1934_PB2_177_2086,0.564151,5.51536,0,2.5527971814392396,5.152696836555193
5640,A_PuertoRico_8_1934_PB2_1780_2025,3.9335964,4.5005355,0,2.5527971814392396,5.152696836555193
5641,A_PuertoRico_8_1934_PB2_178_1969,6.6378045,5.489062,3,6.762256569946951,5.452094065362477
5642,A_PuertoRico_8_1934_PB2_178_2048,6.677394,5.4870343,3,6.762256569946951,5.452094065362477
5643,A_PuertoRico_8_1934_PB2_178_2070,6.3076625,5.537824,3,6.762256569946951,5.452094065362477
5644,A_PuertoRico_8_1934_PB2_178_210,6.3297467,5.6395354,3,6.762256569946951,5.452094065362477
5645,A_PuertoRico_8_1934_PB2_178_2102,6.2375665,5.659723,3,6.762256569946951,5.452094065362477
5646,A_PuertoRico_8_1934_PB2_178_2123,6.572466,5.299144,3,6.762256569946951,5.452094065362477
5647,A_PuertoRico_8_1934_PB2_178_2152,6.1457276,4.537682,3,6.762256569946951,5.452094065362477
5648,A_PuertoRico_8_1934_PB2_178_2159,6.5146194,5.278542,3,6.762256569946951,5.452094065362477
5649,A_PuertoRico_8_1934_PB2_178_2163,6.2854414,5.6048355,3,6.762256569946951,5.452094065362477
5650,A_PuertoRico_8_1934_PB2_178_217,6.413624,5.4900274,3,6.762256569946951,5.452094065362477
5651,A_PuertoRico_8_1934_PB2_178_222,6.2841806,5.587105,3,6.762256569946951,5.452094065362477
5652,A_PuertoRico_8_1934_PB2_179_1981,3.4479284,5.19441,0,2.5527971814392396,5.152696836555193
5653,A_PuertoRico_8_1934_PB2_179_2005,3.4113352,5.069411,0,2.5527971814392396,5.152696836555193
5654,A_PuertoRico_8_1934_PB2_179_2023,3.4395113,5.0987854,0,2.5527971814392396,5.152696836555193
5655,A_PuertoRico_8_1934_PB2_179_2027,3.455917,5.175369,0,2.5527971814392396,5.152696836555193
5656,A_PuertoRico_8_1934_PB2_179_2064,3.4294434,5.044937,0,2.5527971814392396,5.152696836555193
5657,A_PuertoRico_8_1934_PB2_179_2108,3.5567155,5.2632613,0,2.5527971814392396,5.152696836555193
5658,A_PuertoRico_8_1934_PB2_179_2109,3.7076178,5.419477,0,2.5527971814392396,5.152696836555193
5659,A_PuertoRico_8_1934_PB2_179_2113,3.4964595,5.1188936,0,2.5527971814392396,5.152696836555193
5660,A_PuertoRico_8_1934_PB2_179_2115,3.5202653,5.2796593,0,2.5527971814392396,5.152696836555193
5661,A_PuertoRico_8_1934_PB2_179_2138,3.3101149,5.253328,0,2.5527971814392396,5.152696836555193
5662,A_PuertoRico_8_1934_PB2_179_2151,3.3150873,5.1806445,0,2.5527971814392396,5.152696836555193
5663,A_PuertoRico_8_1934_PB2_179_216,3.4977899,5.258877,0,2.5527971814392396,5.152696836555193
5664,A_PuertoRico_8_1934_PB2_179_2194,3.4695997,5.2555947,0,2.5527971814392396,5.152696836555193
5665,A_PuertoRico_8_1934_PB2_179_2202,3.410028,5.183971,0,2.5527971814392396,5.152696836555193
5666,A_PuertoRico_8_1934_PB2_179_2205,3.4560366,5.173894,0,2.5527971814392396,5.152696836555193
5667,A_PuertoRico_8_1934_PB2_180_1973,0.5591722,5.231211,0,2.5527971814392396,5.152696836555193
5668,A_PuertoRico_8_1934_PB2_180_2067,0.7038227,5.0750656,0,2.5527971814392396,5.152696836555193
5669,A_PuertoRico_8_1934_PB2_180_2084,0.48901904,5.128106,0,2.5527971814392396,5.152696836555193
5670,A_PuertoRico_8_1934_PB2_180_2101,0.55892515,5.2130623,0,2.5527971814392396,5.152696836555193
5671,A_PuertoRico_8_1934_PB2_180_2177,0.5824827,5.280677,0,2.5527971814392396,5.152696836555193
5672,A_PuertoRico_8_1934_PB2_181_2034,1.2360849,5.635148,0,2.5527971814392396,5.152696836555193
5673,A_PuertoRico_8_1934_PB2_181_2068,1.3488255,5.6721897,0,2.5527971814392396,5.152696836555193
5674,A_PuertoRico_8_1934_PB2_181_2087,1.3453277,5.459501,0,2.5527971814392396,5.152696836555193
5675,A_PuertoRico_8_1934_PB2_181_2142,1.1195449,5.6891437,0,2.5527971814392396,5.152696836555193
5676,A_PuertoRico_8_1934_PB2_182_2085,4.708635,6.3799386,0,2.5527971814392396,5.152696836555193
5677,A_PuertoRico_8_1934_PB2_182_2108,3.9319956,5.430563,0,2.5527971814392396,5.152696836555193
5678,A_PuertoRico_8_1934_PB2_182_2140,4.6091576,5.728755,0,2.5527971814392396,5.152696836555193
5679,A_PuertoRico_8_1934_PB2_183_2024,6.610468,5.577487,3,6.762256569946951,5.452094065362477
5680,A_PuertoRico_8_1934_PB2_183_2026,6.311934,5.4884176,3,6.762256569946951,5.452094065362477
5681,A_PuertoRico_8_1934_PB2_183_2048,6.555143,5.496366,3,6.762256569946951,5.452094065362477
5682,A_PuertoRico_8_1934_PB2_183_2067,6.5794196,5.874396,3,6.762256569946951,5.452094065362477
5683,A_PuertoRico_8_1934_PB2_183_2139,6.022552,6.230028,-1,,
5684,A_PuertoRico_8_1934_PB2_183_2164,6.4291506,5.8203473,3,6.762256569946951,5.452094065362477
5685,A_PuertoRico_8_1934_PB2_1844_1902,2.9311159,5.085013,0,2.5527971814392396,5.152696836555193
5686,A_PuertoRico_8_1934_PB2_184_1976,6.508353,6.5780106,3,6.762256569946951,5.452094065362477
5687,A_PuertoRico_8_1934_PB2_184_2071,6.472525,6.4547577,3,6.762256569946951,5.452094065362477
5688,A_PuertoRico_8_1934_PB2_184_2074,5.2652054,4.9148073,-1,,
5689,A_PuertoRico_8_1934_PB2_184_210,6.6003895,6.4763236,3,6.762256569946951,5.452094065362477
5690,A_PuertoRico_8_1934_PB2_184_2152,6.117317,4.5049844,3,6.762256569946951,5.452094065362477
5691,A_PuertoRico_8_1934_PB2_184_2153,6.469875,6.645691,3,6.762256569946951,5.452094065362477
5692,A_PuertoRico_8_1934_PB2_184_2172,7.325488,7.043082,-1,,
5693,A_PuertoRico_8_1934_PB2_184_2182,6.663457,6.5081053,3,6.762256569946951,5.452094065362477
5694,A_PuertoRico_8_1934_PB2_185_2005,3.1582534,5.0409985,0,2.5527971814392396,5.152696836555193
5695,A_PuertoRico_8_1934_PB2_185_2047,2.9275362,5.0310736,0,2.5527971814392396,5.152696836555193
5696,A_PuertoRico_8_1934_PB2_185_208,3.0291932,5.09966,0,2.5527971814392396,5.152696836555193
5697,A_PuertoRico_8_1934_PB2_185_2138,3.0418322,5.1655307,0,2.5527971814392396,5.152696836555193
5698,A_PuertoRico_8_1934_PB2_185_216,3.0238318,5.134839,0,2.5527971814392396,5.152696836555193
5699,A_PuertoRico_8_1934_PB2_185_2170,3.0645971,5.098444,0,2.5527971814392396,5.152696836555193
5700,A_PuertoRico_8_1934_PB2_185_2202,3.1218379,5.109876,0,2.5527971814392396,5.152696836555193
5701,A_PuertoRico_8_1934_PB2_185_2205,3.147309,5.0535345,0,2.5527971814392396,5.152696836555193
5702,A_PuertoRico_8_1934_PB2_185_265,2.8538446,5.081894,0,2.5527971814392396,5.152696836555193
5703,A_PuertoRico_8_1934_PB2_186_2045,0.3311005,5.694386,0,2.5527971814392396,5.152696836555193
5704,A_PuertoRico_8_1934_PB2_186_2096,0.4112789,5.42324,0,2.5527971814392396,5.152696836555193
5705,A_PuertoRico_8_1934_PB2_186_2104,5.035697,6.3607836,0,2.5527971814392396,5.152696836555193
5706,A_PuertoRico_8_1934_PB2_186_2119,0.35933903,5.519139,0,2.5527971814392396,5.152696836555193
5707,A_PuertoRico_8_1934_PB2_186_2143,3.7602313,5.7211685,0,2.5527971814392396,5.152696836555193
5708,A_PuertoRico_8_1934_PB2_186_2198,0.40656397,5.4275155,0,2.5527971814392396,5.152696836555193
5709,A_PuertoRico_8_1934_PB2_186_2224,0.43273836,5.3822575,0,2.5527971814392396,5.152696836555193
5710,A_PuertoRico_8_1934_PB2_187_2012,6.904336,5.7328362,3,6.762256569946951,5.452094065362477
5711,A_PuertoRico_8_1934_PB2_187_2032,7.3772798,5.9815683,-1,,
5712,A_PuertoRico_8_1934_PB2_187_2048,6.886217,5.6861286,3,6.762256569946951,5.452094065362477
5713,A_PuertoRico_8_1934_PB2_187_2102,6.1668453,5.802618,3,6.762256569946951,5.452094065362477
5714,A_PuertoRico_8_1934_PB2_187_2107,6.928107,5.7285347,3,6.762256569946951,5.452094065362477
5715,A_PuertoRico_8_1934_PB2_187_2139,6.059487,6.174145,3,6.762256569946951,5.452094065362477
5716,A_PuertoRico_8_1934_PB2_188_2071,6.620861,6.233935,3,6.762256569946951,5.452094065362477
5717,A_PuertoRico_8_1934_PB2_188_2104,5.3195896,6.3576617,-1,,
5718,A_PuertoRico_8_1934_PB2_188_2139,6.019087,6.2413645,-1,,
5719,A_PuertoRico_8_1934_PB2_188_2164,6.4396954,5.9570794,3,6.762256569946951,5.452094065362477
5720,A_PuertoRico_8_1934_PB2_188_273,6.4667983,6.1350503,3,6.762256569946951,5.452094065362477
5721,A_PuertoRico_8_1934_PB2_189_1748,8.04937,5.0214343,-1,,
5722,A_PuertoRico_8_1934_PB2_189_2026,6.1360607,5.496729,3,6.762256569946951,5.452094065362477
5723,A_PuertoRico_8_1934_PB2_189_2048,7.5950966,5.3823886,3,6.762256569946951,5.452094065362477
5724,A_PuertoRico_8_1934_PB2_189_2203,7.270813,5.0045266,3,6.762256569946951,5.452094065362477
5725,A_PuertoRico_8_1934_PB2_189_2236,7.7336984,5.50714,-1,,
5726,A_PuertoRico_8_1934_PB2_189_252,7.885433,5.3121552,-1,,
5727,A_PuertoRico_8_1934_PB2_189_268,7.8479276,5.414298,-1,,
5728,A_PuertoRico_8_1934_PB2_190_1939,4.6557665,6.1440387,0,2.5527971814392396,5.152696836555193
5729,A_PuertoRico_8_1934_PB2_190_2068,4.700101,6.1202135,0,2.5527971814392396,5.152696836555193
5730,A_PuertoRico_8_1934_PB2_190_2080,4.7817574,6.190957,0,2.5527971814392396,5.152696836555193
5731,A_PuertoRico_8_1934_PB2_190_2085,4.776009,6.3512564,0,2.5527971814392396,5.152696836555193
5732,A_PuertoRico_8_1934_PB2_190_2092,4.7040925,6.2889214,0,2.5527971814392396,5.152696836555193
5733,A_PuertoRico_8_1934_PB2_190_2100,4.675613,6.1511254,0,2.5527971814392396,5.152696836555193
5734,A_PuertoRico_8_1934_PB2_190_2104,4.964867,6.324517,0,2.5527971814392396,5.152696836555193
5735,A_PuertoRico_8_1934_PB2_190_2109,4.350823,5.8860393,0,2.5527971814392396,5.152696836555193
5736,A_PuertoRico_8_1934_PB2_190_2118,4.652538,6.164443,0,2.5527971814392396,5.152696836555193
5737,A_PuertoRico_8_1934_PB2_190_2140,4.6948752,5.8843966,0,2.5527971814392396,5.152696836555193
5738,A_PuertoRico_8_1934_PB2_190_2156,4.906729,6.177131,0,2.5527971814392396,5.152696836555193
5739,A_PuertoRico_8_1934_PB2_190_2157,4.6152573,5.5777197,0,2.5527971814392396,5.152696836555193
5740,A_PuertoRico_8_1934_PB2_190_2161,4.743276,6.1229634,0,2.5527971814392396,5.152696836555193
5741,A_PuertoRico_8_1934_PB2_190_2178,4.696117,6.2118444,0,2.5527971814392396,5.152696836555193
5742,A_PuertoRico_8_1934_PB2_190_309,4.7157636,6.216859,0,2.5527971814392396,5.152696836555193
5743,A_PuertoRico_8_1934_PB2_191_1873,6.3667154,5.176143,3,6.762256569946951,5.452094065362477
5744,A_PuertoRico_8_1934_PB2_191_1908,6.359773,5.256081,3,6.762256569946951,5.452094065362477
5745,A_PuertoRico_8_1934_PB2_191_1975,6.5561614,5.1491194,3,6.762256569946951,5.452094065362477
5746,A_PuertoRico_8_1934_PB2_191_2003,6.5282445,5.0322614,3,6.762256569946951,5.452094065362477
5747,A_PuertoRico_8_1934_PB2_191_2006,6.650085,5.0242333,3,6.762256569946951,5.452094065362477
5748,A_PuertoRico_8_1934_PB2_191_2015,6.2658496,5.1535025,3,6.762256569946951,5.452094065362477
5749,A_PuertoRico_8_1934_PB2_191_2024,6.6146545,5.4522986,3,6.762256569946951,5.452094065362477
5750,A_PuertoRico_8_1934_PB2_191_2026,6.25538,5.3749676,3,6.762256569946951,5.452094065362477
5751,A_PuertoRico_8_1934_PB2_191_2048,6.461161,5.3093243,3,6.762256569946951,5.452094065362477
5752,A_PuertoRico_8_1934_PB2_191_2053,6.30707,5.055521,3,6.762256569946951,5.452094065362477
5753,A_PuertoRico_8_1934_PB2_191_2058,6.2942176,5.190226,3,6.762256569946951,5.452094065362477
5754,A_PuertoRico_8_1934_PB2_191_2061,6.330184,5.2179966,3,6.762256569946951,5.452094065362477
5755,A_PuertoRico_8_1934_PB2_191_2065,6.214302,5.222809,3,6.762256569946951,5.452094065362477
5756,A_PuertoRico_8_1934_PB2_191_2075,6.57784,5.381047,3,6.762256569946951,5.452094065362477
5757,A_PuertoRico_8_1934_PB2_191_2076,6.381301,5.2490478,3,6.762256569946951,5.452094065362477
5758,A_PuertoRico_8_1934_PB2_191_2123,6.4335737,5.1160884,3,6.762256569946951,5.452094065362477
5759,A_PuertoRico_8_1934_PB2_191_2130,6.3120008,5.20762,3,6.762256569946951,5.452094065362477
5760,A_PuertoRico_8_1934_PB2_191_2146,6.2888193,5.2605743,3,6.762256569946951,5.452094065362477
5761,A_PuertoRico_8_1934_PB2_191_2152,6.325182,4.738098,3,6.762256569946951,5.452094065362477
5762,A_PuertoRico_8_1934_PB2_191_2159,6.4866343,4.9391694,3,6.762256569946951,5.452094065362477
5763,A_PuertoRico_8_1934_PB2_191_2164,6.4525166,5.3697257,3,6.762256569946951,5.452094065362477
5764,A_PuertoRico_8_1934_PB2_191_217,6.3105283,5.028225,3,6.762256569946951,5.452094065362477
5765,A_PuertoRico_8_1934_PB2_191_2184,6.264548,5.1505914,3,6.762256569946951,5.452094065362477
5766,A_PuertoRico_8_1934_PB2_191_2195,6.449944,4.8453298,3,6.762256569946951,5.452094065362477
5767,A_PuertoRico_8_1934_PB2_191_2203,6.4681954,4.8467584,3,6.762256569946951,5.452094065362477
5768,A_PuertoRico_8_1934_PB2_191_2211,6.4916525,5.2930255,3,6.762256569946951,5.452094065362477
5769,A_PuertoRico_8_1934_PB2_191_2230,6.412239,5.2283316,3,6.762256569946951,5.452094065362477
5770,A_PuertoRico_8_1934_PB2_191_2234,6.2774777,5.19961,3,6.762256569946951,5.452094065362477
5771,A_PuertoRico_8_1934_PB2_192_1994,3.3399727,5.590946,0,2.5527971814392396,5.152696836555193
5772,A_PuertoRico_8_1934_PB2_192_2002,3.1529796,5.310728,0,2.5527971814392396,5.152696836555193
5773,A_PuertoRico_8_1934_PB2_192_2041,3.6111603,5.582334,0,2.5527971814392396,5.152696836555193
5774,A_PuertoRico_8_1934_PB2_192_2069,3.4988027,5.581259,0,2.5527971814392396,5.152696836555193
5775,A_PuertoRico_8_1934_PB2_192_2070,3.9587166,5.5209074,0,2.5527971814392396,5.152696836555193
5776,A_PuertoRico_8_1934_PB2_192_2087,3.5121043,5.5315776,0,2.5527971814392396,5.152696836555193
5777,A_PuertoRico_8_1934_PB2_192_2115,3.561511,5.5985527,0,2.5527971814392396,5.152696836555193
5778,A_PuertoRico_8_1934_PB2_192_2140,4.619343,5.8632216,0,2.5527971814392396,5.152696836555193
5779,A_PuertoRico_8_1934_PB2_192_2170,3.464899,5.5106378,0,2.5527971814392396,5.152696836555193
5780,A_PuertoRico_8_1934_PB2_192_2194,3.5152636,5.5527096,0,2.5527971814392396,5.152696836555193
5781,A_PuertoRico_8_1934_PB2_193_2158,1.993307,4.8035784,0,2.5527971814392396,5.152696836555193
5782,A_PuertoRico_8_1934_PB2_194_2080,4.9236794,6.267375,0,2.5527971814392396,5.152696836555193
5783,A_PuertoRico_8_1934_PB2_194_2104,5.0424433,6.3938456,0,2.5527971814392396,5.152696836555193
5784,A_PuertoRico_8_1934_PB2_194_2111,5.0185666,6.418306,0,2.5527971814392396,5.152696836555193
5785,A_PuertoRico_8_1934_PB2_194_2176,4.143094,6.618353,0,2.5527971814392396,5.152696836555193
5786,A_PuertoRico_8_1934_PB2_195_2043,6.897656,6.071371,3,6.762256569946951,5.452094065362477
5787,A_PuertoRico_8_1934_PB2_195_2098,6.2622647,5.979244,3,6.762256569946951,5.452094065362477
5788,A_PuertoRico_8_1934_PB2_195_2099,4.545022,5.2383366,0,2.5527971814392396,5.152696836555193
5789,A_PuertoRico_8_1934_PB2_195_2146,10.005487,7.178319,2,9.754804976206675,6.521976917349043
5790,A_PuertoRico_8_1934_PB2_195_2190,6.885682,6.4525905,3,6.762256569946951,5.452094065362477
5791,A_PuertoRico_8_1934_PB2_1967_2140,4.4877777,5.639853,0,2.5527971814392396,5.152696836555193
5792,A_PuertoRico_8_1934_PB2_1968_2003,6.6803966,4.7888236,3,6.762256569946951,5.452094065362477
5793,A_PuertoRico_8_1934_PB2_1968_2203,6.579915,4.695456,3,6.762256569946951,5.452094065362477
5794,A_PuertoRico_8_1934_PB2_196_1998,7.1210704,6.9251447,3,6.762256569946951,5.452094065362477
5795,A_PuertoRico_8_1934_PB2_196_2102,6.389808,6.472048,3,6.762256569946951,5.452094065362477
5796,A_PuertoRico_8_1934_PB2_196_2105,6.3506517,6.704775,-1,,
5797,A_PuertoRico_8_1934_PB2_196_2153,6.432281,6.675991,3,6.762256569946951,5.452094065362477
5798,A_PuertoRico_8_1934_PB2_1975_2004,6.986625,6.6619625,3,6.762256569946951,5.452094065362477
5799,A_PuertoRico_8_1934_PB2_198_2004,6.9152985,6.5280175,3,6.762256569946951,5.452094065362477
5800,A_PuertoRico_8_1934_PB2_198_2044,4.895693,6.1766453,0,2.5527971814392396,5.152696836555193
5801,A_PuertoRico_8_1934_PB2_198_2085,4.889304,6.3322163,0,2.5527971814392396,5.152696836555193
5802,A_PuertoRico_8_1934_PB2_198_2095,5.055283,6.0941973,0,2.5527971814392396,5.152696836555193
5803,A_PuertoRico_8_1934_PB2_198_2100,4.936351,6.0940857,0,2.5527971814392396,5.152696836555193
5804,A_PuertoRico_8_1934_PB2_198_2104,5.0482235,6.348051,0,2.5527971814392396,5.152696836555193
5805,A_PuertoRico_8_1934_PB2_198_2137,5.119335,6.2817407,0,2.5527971814392396,5.152696836555193
5806,A_PuertoRico_8_1934_PB2_198_2140,4.693628,5.8759327,0,2.5527971814392396,5.152696836555193
5807,A_PuertoRico_8_1934_PB2_198_2206,4.5262175,6.329598,0,2.5527971814392396,5.152696836555193
5808,A_PuertoRico_8_1934_PB2_199_1816,6.959331,4.9484806,3,6.762256569946951,5.452094065362477
5809,A_PuertoRico_8_1934_PB2_199_1975,6.6619945,5.044889,3,6.762256569946951,5.452094065362477
5810,A_PuertoRico_8_1934_PB2_199_1993,6.8281364,5.0411763,3,6.762256569946951,5.452094065362477
5811,A_PuertoRico_8_1934_PB2_199_2003,6.6770062,4.95727,3,6.762256569946951,5.452094065362477
5812,A_PuertoRico_8_1934_PB2_199_2006,6.761525,4.93018,3,6.762256569946951,5.452094065362477
5813,A_PuertoRico_8_1934_PB2_199_2040,6.881235,5.5298357,3,6.762256569946951,5.452094065362477
5814,A_PuertoRico_8_1934_PB2_199_2053,6.572992,4.984971,3,6.762256569946951,5.452094065362477
5815,A_PuertoRico_8_1934_PB2_199_2065,6.3486886,5.2606006,3,6.762256569946951,5.452094065362477
5816,A_PuertoRico_8_1934_PB2_199_2067,6.719524,5.641615,3,6.762256569946951,5.452094065362477
5817,A_PuertoRico_8_1934_PB2_199_2083,6.7150893,5.17966,3,6.762256569946951,5.452094065362477
5818,A_PuertoRico_8_1934_PB2_199_2102,6.297626,5.562206,3,6.762256569946951,5.452094065362477
5819,A_PuertoRico_8_1934_PB2_199_2114,6.988787,5.5864053,3,6.762256569946951,5.452094065362477
5820,A_PuertoRico_8_1934_PB2_199_2123,6.6582313,4.9836755,3,6.762256569946951,5.452094065362477
5821,A_PuertoRico_8_1934_PB2_199_2139,6.024983,6.2242284,-1,,
5822,A_PuertoRico_8_1934_PB2_199_2152,6.3041663,4.6213737,3,6.762256569946951,5.452094065362477
5823,A_PuertoRico_8_1934_PB2_199_2159,6.7226844,4.9280543,3,6.762256569946951,5.452094065362477
5824,A_PuertoRico_8_1934_PB2_199_2195,6.5793934,4.7839484,3,6.762256569946951,5.452094065362477
5825,A_PuertoRico_8_1934_PB2_199_2203,6.591277,4.824062,3,6.762256569946951,5.452094065362477
5826,A_PuertoRico_8_1934_PB2_2002_2024,6.713542,5.566375,3,6.762256569946951,5.452094065362477
5827,A_PuertoRico_8_1934_PB2_200_1938,4.323558,4.4233727,0,2.5527971814392396,5.152696836555193
5828,A_PuertoRico_8_1934_PB2_200_1970,4.422016,4.3385725,0,2.5527971814392396,5.152696836555193
5829,A_PuertoRico_8_1934_PB2_2018_2041,3.728856,5.6106133,0,2.5527971814392396,5.152696836555193
5830,A_PuertoRico_8_1934_PB2_201_1937,6.999834,5.222335,3,6.762256569946951,5.452094065362477
5831,A_PuertoRico_8_1934_PB2_201_2003,6.764035,4.8497734,3,6.762256569946951,5.452094065362477
5832,A_PuertoRico_8_1934_PB2_201_2139,6.0205674,6.2489743,-1,,
5833,A_PuertoRico_8_1934_PB2_201_2149,6.8409343,4.739615,3,6.762256569946951,5.452094065362477
5834,A_PuertoRico_8_1934_PB2_201_2152,6.2359776,4.4957113,3,6.762256569946951,5.452094065362477
5835,A_PuertoRico_8_1934_PB2_201_2203,6.704391,4.732146,3,6.762256569946951,5.452094065362477
5836,A_PuertoRico_8_1934_PB2_202_2066,1.5995429,5.054689,0,2.5527971814392396,5.152696836555193
5837,A_PuertoRico_8_1934_PB2_202_2133,1.5362037,5.2188478,0,2.5527971814392396,5.152696836555193
5838,A_PuertoRico_8_1934_PB2_203_2079,4.869199,6.1001797,0,2.5527971814392396,5.152696836555193
5839,A_PuertoRico_8_1934_PB2_203_2085,4.757668,6.3509717,0,2.5527971814392396,5.152696836555193
5840,A_PuertoRico_8_1934_PB2_203_2140,4.6423283,5.746127,0,2.5527971814392396,5.152696836555193
5841,A_PuertoRico_8_1934_PB2_2047_2139,6.0100083,6.226654,-1,,
5842,A_PuertoRico_8_1934_PB2_2047_2152,6.154654,4.479103,3,6.762256569946951,5.452094065362477
5843,A_PuertoRico_8_1934_PB2_2047_2203,6.6056466,4.683073,3,6.762256569946951,5.452094065362477
5844,A_PuertoRico_8_1934_PB2_204_2129,6.3862114,4.609304,3,6.762256569946951,5.452094065362477
5845,A_PuertoRico_8_1934_PB2_204_2139,6.0160866,6.168382,-1,,
5846,A_PuertoRico_8_1934_PB2_204_2152,6.2390227,4.4391766,3,6.762256569946951,5.452094065362477
5847,A_PuertoRico_8_1934_PB2_204_2159,6.720839,4.3054805,-1,,
5848,A_PuertoRico_8_1934_PB2_204_2195,6.4512,4.6372695,3,6.762256569946951,5.452094065362477
5849,A_PuertoRico_8_1934_PB2_204_2203,6.4253454,4.6238036,3,6.762256569946951,5.452094065362477
5850,A_PuertoRico_8_1934_PB2_2052_2077,5.836485,5.3788977,3,6.762256569946951,5.452094065362477
5851,A_PuertoRico_8_1934_PB2_2052_2139,5.9982333,6.2435236,-1,,
5852,A_PuertoRico_8_1934_PB2_2053_2153,6.431852,6.698771,3,6.762256569946951,5.452094065362477
5853,A_PuertoRico_8_1934_PB2_2053_2160,6.625766,6.743401,3,6.762256569946951,5.452094065362477
5854,A_PuertoRico_8_1934_PB2_205_2009,3.7543006,5.674278,0,2.5527971814392396,5.152696836555193
5855,A_PuertoRico_8_1934_PB2_205_2143,3.7881355,5.642141,0,2.5527971814392396,5.152696836555193
5856,A_PuertoRico_8_1934_PB2_2065_2095,5.100442,6.0360484,0,2.5527971814392396,5.152696836555193
5857,A_PuertoRico_8_1934_PB2_2068_2207,0.24310625,5.554109,0,2.5527971814392396,5.152696836555193
5858,A_PuertoRico_8_1934_PB2_206_2067,6.504869,5.8386707,3,6.762256569946951,5.452094065362477
5859,A_PuertoRico_8_1934_PB2_206_2139,6.0250397,6.252152,-1,,
5860,A_PuertoRico_8_1934_PB2_206_2152,6.1588197,4.514538,3,6.762256569946951,5.452094065362477
5861,A_PuertoRico_8_1934_PB2_2074_2152,6.250275,4.509698,3,6.762256569946951,5.452094065362477
5862,A_PuertoRico_8_1934_PB2_2075_2165,4.3638983,4.7239256,0,2.5527971814392396,5.152696836555193
5863,A_PuertoRico_8_1934_PB2_207_1972,4.4388657,5.96124,0,2.5527971814392396,5.152696836555193
5864,A_PuertoRico_8_1934_PB2_207_2062,4.6871924,4.7532024,0,2.5527971814392396,5.152696836555193
5865,A_PuertoRico_8_1934_PB2_207_2072,4.8186355,5.2461,0,2.5527971814392396,5.152696836555193
5866,A_PuertoRico_8_1934_PB2_207_2077,5.4990563,5.3062406,-1,,
5867,A_PuertoRico_8_1934_PB2_207_2140,4.6994224,5.6920385,0,2.5527971814392396,5.152696836555193
5868,A_PuertoRico_8_1934_PB2_208_2012,6.843725,5.652342,3,6.762256569946951,5.452094065362477
5869,A_PuertoRico_8_1934_PB2_208_2024,6.77222,5.6169314,3,6.762256569946951,5.452094065362477
5870,A_PuertoRico_8_1934_PB2_208_2061,6.842101,5.6331844,3,6.762256569946951,5.452094065362477
5871,A_PuertoRico_8_1934_PB2_208_2067,6.7779174,5.7477617,3,6.762256569946951,5.452094065362477
5872,A_PuertoRico_8_1934_PB2_208_2107,7.0068793,5.582414,3,6.762256569946951,5.452094065362477
5873,A_PuertoRico_8_1934_PB2_208_2114,6.9412646,5.67227,3,6.762256569946951,5.452094065362477
5874,A_PuertoRico_8_1934_PB2_208_2139,6.0039663,6.2779384,-1,,
5875,A_PuertoRico_8_1934_PB2_208_2160,6.913113,5.909342,3,6.762256569946951,5.452094065362477
5876,A_PuertoRico_8_1934_PB2_2098_2122,3.3637753,4.6816745,0,2.5527971814392396,5.152696836555193
5877,A_PuertoRico_8_1934_PB2_209_1998,7.1094394,6.895097,3,6.762256569946951,5.452094065362477
5878,A_PuertoRico_8_1934_PB2_209_2004,6.9557376,6.6881514,3,6.762256569946951,5.452094065362477
5879,A_PuertoRico_8_1934_PB2_209_2054,7.0410495,6.8443403,3,6.762256569946951,5.452094065362477
5880,A_PuertoRico_8_1934_PB2_209_2160,6.9074607,6.815121,3,6.762256569946951,5.452094065362477
5881,A_PuertoRico_8_1934_PB2_209_2196,6.826224,6.95894,3,6.762256569946951,5.452094065362477
5882,A_PuertoRico_8_1934_PB2_209_2204,6.803458,6.841944,3,6.762256569946951,5.452094065362477
5883,A_PuertoRico_8_1934_PB2_2100_2142,0.906635,5.6589518,0,2.5527971814392396,5.152696836555193
5884,A_PuertoRico_8_1934_PB2_210_1977,1.1547788,5.4800487,0,2.5527971814392396,5.152696836555193
5885,A_PuertoRico_8_1934_PB2_210_2008,1.2369424,5.442244,0,2.5527971814392396,5.152696836555193
5886,A_PuertoRico_8_1934_PB2_210_2038,1.19205,5.449621,0,2.5527971814392396,5.152696836555193
5887,A_PuertoRico_8_1934_PB2_210_2086,0.85434395,5.506543,0,2.5527971814392396,5.152696836555193
5888,A_PuertoRico_8_1934_PB2_210_2133,1.3586313,5.3774905,0,2.5527971814392396,5.152696836555193
5889,A_PuertoRico_8_1934_PB2_210_2154,1.191373,5.525344,0,2.5527971814392396,5.152696836555193
5890,A_PuertoRico_8_1934_PB2_2114_2140,4.578774,5.6211047,0,2.5527971814392396,5.152696836555193
5891,A_PuertoRico_8_1934_PB2_2118_2143,3.7116396,5.6186566,0,2.5527971814392396,5.152696836555193
5892,A_PuertoRico_8_1934_PB2_211_2015,6.2475915,4.9632144,3,6.762256569946951,5.452094065362477
5893,A_PuertoRico_8_1934_PB2_2122_2156,6.488289,5.5139594,3,6.762256569946951,5.452094065362477
5894,A_PuertoRico_8_1934_PB2_2123_2153,6.44976,6.6387134,3,6.762256569946951,5.452094065362477
5895,A_PuertoRico_8_1934_PB2_2123_2212,6.6472034,6.4835143,3,6.762256569946951,5.452094065362477
5896,A_PuertoRico_8_1934_PB2_2124_2196,6.8500576,6.976639,3,6.762256569946951,5.452094065362477
5897,A_PuertoRico_8_1934_PB2_2125_2172,7.4735203,7.128615,-1,,
5898,A_PuertoRico_8_1934_PB2_2129_2152,6.1436844,4.5313067,3,6.762256569946951,5.452094065362477
5899,A_PuertoRico_8_1934_PB2_2129_2195,6.463078,4.6682186,3,6.762256569946951,5.452094065362477
5900,A_PuertoRico_8_1934_PB2_212_2136,1.4010984,5.132763,0,2.5527971814392396,5.152696836555193
5901,A_PuertoRico_8_1934_PB2_2131_2156,6.621742,5.487681,3,6.762256569946951,5.452094065362477
5902,A_PuertoRico_8_1934_PB2_2131_2212,6.714719,6.162729,3,6.762256569946951,5.452094065362477
5903,A_PuertoRico_8_1934_PB2_2132_2160,6.819812,6.909767,3,6.762256569946951,5.452094065362477
5904,A_PuertoRico_8_1934_PB2_2132_2196,6.8001328,6.945728,3,6.762256569946951,5.452094065362477
5905,A_PuertoRico_8_1934_PB2_2132_2204,6.740919,6.883193,3,6.762256569946951,5.452094065362477
5906,A_PuertoRico_8_1934_PB2_2133_2213,1.2583332,5.450351,0,2.5527971814392396,5.152696836555193
5907,A_PuertoRico_8_1934_PB2_2137_2161,4.6297116,6.0375557,0,2.5527971814392396,5.152696836555193
5908,A_PuertoRico_8_1934_PB2_2137_2206,4.3975253,6.348322,0,2.5527971814392396,5.152696836555193
5909,A_PuertoRico_8_1934_PB2_2138_2163,6.8449416,4.914742,3,6.762256569946951,5.452094065362477
5910,A_PuertoRico_8_1934_PB2_2138_2195,6.6741858,4.723546,3,6.762256569946951,5.452094065362477
5911,A_PuertoRico_8_1934_PB2_2138_2203,6.807601,4.800128,3,6.762256569946951,5.452094065362477
5912,A_PuertoRico_8_1934_PB2_213_2010,4.0610166,5.9163675,0,2.5527971814392396,5.152696836555193
5913,A_PuertoRico_8_1934_PB2_213_2051,4.0583696,5.8283777,0,2.5527971814392396,5.152696836555193
5914,A_PuertoRico_8_1934_PB2_2140_2162,0.33307633,5.022977,0,2.5527971814392396,5.152696836555193
5915,A_PuertoRico_8_1934_PB2_2143_2210,3.212124,4.7878056,0,2.5527971814392396,5.152696836555193
5916,A_PuertoRico_8_1934_PB2_2148_2171,6.698555,4.4162903,3,6.762256569946951,5.452094065362477
5917,A_PuertoRico_8_1934_PB2_214_2052,3.3791652,4.9400425,0,2.5527971814392396,5.152696836555193
5918,A_PuertoRico_8_1934_PB2_2150_2176,4.1133194,6.595918,0,2.5527971814392396,5.152696836555193
5919,A_PuertoRico_8_1934_PB2_2150_2178,4.5124454,6.2236814,0,2.5527971814392396,5.152696836555193
5920,A_PuertoRico_8_1934_PB2_2152_2196,6.8662353,7.0107837,3,6.762256569946951,5.452094065362477
5921,A_PuertoRico_8_1934_PB2_2157_2206,4.3986335,6.382119,0,2.5527971814392396,5.152696836555193
5922,A_PuertoRico_8_1934_PB2_215_1947,4.311824,5.9860973,0,2.5527971814392396,5.152696836555193
5923,A_PuertoRico_8_1934_PB2_215_1972,4.3472557,6.0628543,0,2.5527971814392396,5.152696836555193
5924,A_PuertoRico_8_1934_PB2_215_2022,4.2659984,6.001711,0,2.5527971814392396,5.152696836555193
5925,A_PuertoRico_8_1934_PB2_215_2056,4.3800826,6.1211653,0,2.5527971814392396,5.152696836555193
5926,A_PuertoRico_8_1934_PB2_215_2068,4.424003,6.0999994,0,2.5527971814392396,5.152696836555193
5927,A_PuertoRico_8_1934_PB2_215_2080,4.576254,6.15669,0,2.5527971814392396,5.152696836555193
5928,A_PuertoRico_8_1934_PB2_215_2081,4.3566885,6.075808,0,2.5527971814392396,5.152696836555193
5929,A_PuertoRico_8_1934_PB2_215_2085,4.5325956,6.202404,0,2.5527971814392396,5.152696836555193
5930,A_PuertoRico_8_1934_PB2_215_2088,4.552323,5.955594,0,2.5527971814392396,5.152696836555193
5931,A_PuertoRico_8_1934_PB2_215_2103,4.3442855,6.0659723,0,2.5527971814392396,5.152696836555193
5932,A_PuertoRico_8_1934_PB2_215_2105,4.3707285,6.02727,0,2.5527971814392396,5.152696836555193
5933,A_PuertoRico_8_1934_PB2_215_2109,4.206775,6.004894,0,2.5527971814392396,5.152696836555193
5934,A_PuertoRico_8_1934_PB2_215_2140,4.6166797,5.749718,0,2.5527971814392396,5.152696836555193
5935,A_PuertoRico_8_1934_PB2_215_2176,4.2806764,6.178872,0,2.5527971814392396,5.152696836555193
5936,A_PuertoRico_8_1934_PB2_215_2199,4.204948,6.0011883,0,2.5527971814392396,5.152696836555193
5937,A_PuertoRico_8_1934_PB2_215_2206,4.381643,6.200336,0,2.5527971814392396,5.152696836555193
5938,A_PuertoRico_8_1934_PB2_215_241,4.3220296,6.1239676,0,2.5527971814392396,5.152696836555193
5939,A_PuertoRico_8_1934_PB2_216_1937,6.938958,5.5292387,3,6.762256569946951,5.452094065362477
5940,A_PuertoRico_8_1934_PB2_216_1969,6.607402,5.530339,3,6.762256569946951,5.452094065362477
5941,A_PuertoRico_8_1934_PB2_216_1993,7.195724,5.5667415,3,6.762256569946951,5.452094065362477
5942,A_PuertoRico_8_1934_PB2_216_2012,6.699753,5.6533813,3,6.762256569946951,5.452094065362477
5943,A_PuertoRico_8_1934_PB2_216_2024,6.7064147,5.56744,3,6.762256569946951,5.452094065362477
5944,A_PuertoRico_8_1934_PB2_216_2040,6.751012,5.7404323,3,6.762256569946951,5.452094065362477
5945,A_PuertoRico_8_1934_PB2_216_2048,6.616217,5.423121,3,6.762256569946951,5.452094065362477
5946,A_PuertoRico_8_1934_PB2_216_2061,6.6866803,5.601095,3,6.762256569946951,5.452094065362477
5947,A_PuertoRico_8_1934_PB2_216_2065,6.1589346,5.4008665,3,6.762256569946951,5.452094065362477
5948,A_PuertoRico_8_1934_PB2_216_2067,6.6222305,5.775663,3,6.762256569946951,5.452094065362477
5949,A_PuertoRico_8_1934_PB2_216_2077,5.908745,5.4609137,3,6.762256569946951,5.452094065362477
5950,A_PuertoRico_8_1934_PB2_216_2080,5.0966024,6.072671,0,2.5527971814392396,5.152696836555193
5951,A_PuertoRico_8_1934_PB2_216_2088,7.0140004,5.567878,3,6.762256569946951,5.452094065362477
5952,A_PuertoRico_8_1934_PB2_216_2107,6.9974046,5.630263,3,6.762256569946951,5.452094065362477
5953,A_PuertoRico_8_1934_PB2_216_2114,6.947501,5.668798,3,6.762256569946951,5.452094065362477
5954,A_PuertoRico_8_1934_PB2_216_2139,5.995581,6.2708178,-1,,
5955,A_PuertoRico_8_1934_PB2_216_2156,6.447673,5.6531777,3,6.762256569946951,5.452094065362477
5956,A_PuertoRico_8_1934_PB2_2171_2196,6.7945333,6.91658,3,6.762256569946951,5.452094065362477
5957,A_PuertoRico_8_1934_PB2_2171_2204,6.7621593,6.8174706,3,6.762256569946951,5.452094065362477
5958,A_PuertoRico_8_1934_PB2_2175_2210,3.105666,5.035276,0,2.5527971814392396,5.152696836555193
5959,A_PuertoRico_8_1934_PB2_2176_2207,0.35578182,5.8516827,0,2.5527971814392396,5.152696836555193
5960,A_PuertoRico_8_1934_PB2_2177_2201,4.7864866,4.4087796,0,2.5527971814392396,5.152696836555193
5961,A_PuertoRico_8_1934_PB2_217_1976,6.4896593,6.6208177,3,6.762256569946951,5.452094065362477
5962,A_PuertoRico_8_1934_PB2_217_2007,6.4927163,6.564126,3,6.762256569946951,5.452094065362477
5963,A_PuertoRico_8_1934_PB2_217_2036,6.458909,6.488533,3,6.762256569946951,5.452094065362477
5964,A_PuertoRico_8_1934_PB2_217_2037,6.488176,6.488445,3,6.762256569946951,5.452094065362477
5965,A_PuertoRico_8_1934_PB2_217_2124,6.5324154,6.4882936,3,6.762256569946951,5.452094065362477
5966,A_PuertoRico_8_1934_PB2_217_2133,6.4865236,6.511621,3,6.762256569946951,5.452094065362477
5967,A_PuertoRico_8_1934_PB2_217_2139,6.1256027,6.347576,3,6.762256569946951,5.452094065362477
5968,A_PuertoRico_8_1934_PB2_217_2153,6.451599,6.7144065,3,6.762256569946951,5.452094065362477
5969,A_PuertoRico_8_1934_PB2_217_2160,6.704659,6.822028,3,6.762256569946951,5.452094065362477
5970,A_PuertoRico_8_1934_PB2_217_2196,6.627705,6.9037104,3,6.762256569946951,5.452094065362477
5971,A_PuertoRico_8_1934_PB2_217_2204,6.6700835,6.8395844,3,6.762256569946951,5.452094065362477
5972,A_PuertoRico_8_1934_PB2_217_239,6.480208,6.49894,3,6.762256569946951,5.452094065362477
5973,A_PuertoRico_8_1934_PB2_217_247,6.497606,6.5487504,3,6.762256569946951,5.452094065362477
5974,A_PuertoRico_8_1934_PB2_218_1999,3.3874447,4.834527,0,2.5527971814392396,5.152696836555193
5975,A_PuertoRico_8_1934_PB2_218_2005,3.3524687,4.8663173,0,2.5527971814392396,5.152696836555193
5976,A_PuertoRico_8_1934_PB2_218_2055,3.4876673,4.7485723,0,2.5527971814392396,5.152696836555193
5977,A_PuertoRico_8_1934_PB2_218_2173,3.4155304,4.824372,0,2.5527971814392396,5.152696836555193
5978,A_PuertoRico_8_1934_PB2_2193_2223,4.5771413,5.825935,0,2.5527971814392396,5.152696836555193
5979,A_PuertoRico_8_1934_PB2_2197_2233,0.4342997,5.0503464,0,2.5527971814392396,5.152696836555193
5980,A_PuertoRico_8_1934_PB2_221_2206,4.4187603,6.320918,0,2.5527971814392396,5.152696836555193
5981,A_PuertoRico_8_1934_PB2_222_1957,6.772337,5.9011602,3,6.762256569946951,5.452094065362477
5982,A_PuertoRico_8_1934_PB2_222_2024,6.723541,5.7051115,3,6.762256569946951,5.452094065362477
5983,A_PuertoRico_8_1934_PB2_222_2150,4.380094,5.0056844,0,2.5527971814392396,5.152696836555193
5984,A_PuertoRico_8_1934_PB2_222_2168,6.6537614,6.0083117,3,6.762256569946951,5.452094065362477
5985,A_PuertoRico_8_1934_PB2_223_2033,6.9291496,5.276486,3,6.762256569946951,5.452094065362477
5986,A_PuertoRico_8_1934_PB2_223_2152,6.13657,4.497225,3,6.762256569946951,5.452094065362477
5987,A_PuertoRico_8_1934_PB2_223_2242,6.777246,6.426777,3,6.762256569946951,5.452094065362477
5988,A_PuertoRico_8_1934_PB2_224_1659,3.189887,5.0011945,0,2.5527971814392396,5.152696836555193
5989,A_PuertoRico_8_1934_PB2_224_2002,3.0127177,5.1174545,0,2.5527971814392396,5.152696836555193
5990,A_PuertoRico_8_1934_PB2_224_2011,2.9613566,5.0956993,0,2.5527971814392396,5.152696836555193
5991,A_PuertoRico_8_1934_PB2_224_2025,3.3105881,4.9568744,0,2.5527971814392396,5.152696836555193
5992,A_PuertoRico_8_1934_PB2_224_2138,3.115169,5.1872096,0,2.5527971814392396,5.152696836555193
5993,A_PuertoRico_8_1934_PB2_224_2151,3.0939713,5.111059,0,2.5527971814392396,5.152696836555193
5994,A_PuertoRico_8_1934_PB2_224_2194,3.0627584,5.075846,0,2.5527971814392396,5.152696836555193
5995,A_PuertoRico_8_1934_PB2_224_2202,3.1247752,5.1109347,0,2.5527971814392396,5.152696836555193
5996,A_PuertoRico_8_1934_PB2_224_2205,3.1740594,5.0471444,0,2.5527971814392396,5.152696836555193
5997,A_PuertoRico_8_1934_PB2_224_265,2.8505907,5.0740423,0,2.5527971814392396,5.152696836555193
5998,A_PuertoRico_8_1934_PB2_225_1559,0.41592067,5.428249,0,2.5527971814392396,5.152696836555193
5999,A_PuertoRico_8_1934_PB2_225_1946,0.48590612,5.491929,0,2.5527971814392396,5.152696836555193
6000,A_PuertoRico_8_1934_PB2_225_1973,0.5030371,5.416277,0,2.5527971814392396,5.152696836555193
6001,A_PuertoRico_8_1934_PB2_225_1980,0.44163296,5.4512043,0,2.5527971814392396,5.152696836555193
6002,A_PuertoRico_8_1934_PB2_225_2027,0.48848298,5.458023,0,2.5527971814392396,5.152696836555193
6003,A_PuertoRico_8_1934_PB2_225_2042,0.40547335,5.3925414,0,2.5527971814392396,5.152696836555193
6004,A_PuertoRico_8_1934_PB2_225_2045,0.32488206,5.604261,0,2.5527971814392396,5.152696836555193
6005,A_PuertoRico_8_1934_PB2_225_2081,0.41990748,5.4634666,0,2.5527971814392396,5.152696836555193
6006,A_PuertoRico_8_1934_PB2_225_2086,0.5320213,5.479843,0,2.5527971814392396,5.152696836555193
6007,A_PuertoRico_8_1934_PB2_225_2096,0.39729398,5.425794,0,2.5527971814392396,5.152696836555193
6008,A_PuertoRico_8_1934_PB2_225_2104,0.52373433,5.589849,0,2.5527971814392396,5.152696836555193
6009,A_PuertoRico_8_1934_PB2_225_2105,0.5386136,5.4814377,0,2.5527971814392396,5.152696836555193
6010,A_PuertoRico_8_1934_PB2_225_2119,0.30989844,5.5378833,0,2.5527971814392396,5.152696836555193
6011,A_PuertoRico_8_1934_PB2_225_2121,0.4970675,5.51664,0,2.5527971814392396,5.152696836555193
6012,A_PuertoRico_8_1934_PB2_225_2141,0.22163492,5.561609,0,2.5527971814392396,5.152696836555193
6013,A_PuertoRico_8_1934_PB2_225_2177,0.4451179,5.4752555,0,2.5527971814392396,5.152696836555193
6014,A_PuertoRico_8_1934_PB2_226_1943,6.167442,5.674092,3,6.762256569946951,5.452094065362477
6015,A_PuertoRico_8_1934_PB2_226_1949,6.126938,5.7446904,3,6.762256569946951,5.452094065362477
6016,A_PuertoRico_8_1934_PB2_226_1964,6.142788,5.697594,3,6.762256569946951,5.452094065362477
6017,A_PuertoRico_8_1934_PB2_226_2035,6.1826744,5.6971207,3,6.762256569946951,5.452094065362477
6018,A_PuertoRico_8_1934_PB2_226_2061,6.432995,5.5780563,3,6.762256569946951,5.452094065362477
6019,A_PuertoRico_8_1934_PB2_226_2070,6.1432304,5.6890845,3,6.762256569946951,5.452094065362477
6020,A_PuertoRico_8_1934_PB2_226_2163,6.217736,5.6974072,3,6.762256569946951,5.452094065362477
6021,A_PuertoRico_8_1934_PB2_227_2199,3.685164,5.9871225,0,2.5527971814392396,5.152696836555193
6022,A_PuertoRico_8_1934_PB2_228_1967,6.600474,5.8254576,3,6.762256569946951,5.452094065362477
6023,A_PuertoRico_8_1934_PB2_228_2019,1.5366029,5.0622654,0,2.5527971814392396,5.152696836555193
6024,A_PuertoRico_8_1934_PB2_228_2034,0.92311895,5.160475,0,2.5527971814392396,5.152696836555193
6025,A_PuertoRico_8_1934_PB2_228_2069,0.8311019,5.071689,0,2.5527971814392396,5.152696836555193
6026,A_PuertoRico_8_1934_PB2_229_2064,6.6156254,6.2789583,3,6.762256569946951,5.452094065362477
6027,A_PuertoRico_8_1934_PB2_230_2138,3.230053,5.2520747,0,2.5527971814392396,5.152696836555193
6028,A_PuertoRico_8_1934_PB2_231_2074,3.232913,5.0460167,0,2.5527971814392396,5.152696836555193
6029,A_PuertoRico_8_1934_PB2_231_2112,3.605599,5.0172267,0,2.5527971814392396,5.152696836555193
6030,A_PuertoRico_8_1934_PB2_231_2138,3.2034476,5.1515503,0,2.5527971814392396,5.152696836555193
6031,A_PuertoRico_8_1934_PB2_234_2056,4.052893,5.8522344,0,2.5527971814392396,5.152696836555193
6032,A_PuertoRico_8_1934_PB2_234_2169,3.7442794,5.671092,0,2.5527971814392396,5.152696836555193
6033,A_PuertoRico_8_1934_PB2_234_2231,3.9374783,5.7496123,0,2.5527971814392396,5.152696836555193
6034,A_PuertoRico_8_1934_PB2_236_1945,3.4316993,6.097332,0,2.5527971814392396,5.152696836555193
6035,A_PuertoRico_8_1934_PB2_236_277,3.4769425,5.9812484,0,2.5527971814392396,5.152696836555193
6036,A_PuertoRico_8_1934_PB2_237_1937,6.98216,5.86931,3,6.762256569946951,5.452094065362477
6037,A_PuertoRico_8_1934_PB2_237_2004,6.974635,6.6016965,3,6.762256569946951,5.452094065362477
6038,A_PuertoRico_8_1934_PB2_237_2083,7.4642,5.960422,-1,,
6039,A_PuertoRico_8_1934_PB2_237_2147,6.850535,6.6582346,3,6.762256569946951,5.452094065362477
6040,A_PuertoRico_8_1934_PB2_237_277,6.90366,6.437738,3,6.762256569946951,5.452094065362477
6041,A_PuertoRico_8_1934_PB2_238_1976,6.5184464,6.6266994,3,6.762256569946951,5.452094065362477
6042,A_PuertoRico_8_1934_PB2_238_2004,6.8876143,6.596985,3,6.762256569946951,5.452094065362477
6043,A_PuertoRico_8_1934_PB2_238_2153,6.4583178,6.6843753,3,6.762256569946951,5.452094065362477
6044,A_PuertoRico_8_1934_PB2_238_280,6.6341295,6.750249,3,6.762256569946951,5.452094065362477
6045,A_PuertoRico_8_1934_PB2_239_1976,6.5432544,6.571019,3,6.762256569946951,5.452094065362477
6046,A_PuertoRico_8_1934_PB2_240_1973,0.6627659,5.379593,0,2.5527971814392396,5.152696836555193
6047,A_PuertoRico_8_1934_PB2_240_2005,3.1399002,5.0701585,0,2.5527971814392396,5.152696836555193
6048,A_PuertoRico_8_1934_PB2_240_2138,3.089313,5.182883,0,2.5527971814392396,5.152696836555193
6049,A_PuertoRico_8_1934_PB2_240_2205,3.1753485,5.1334033,0,2.5527971814392396,5.152696836555193
6050,A_PuertoRico_8_1934_PB2_241_2086,0.60694265,5.5467963,0,2.5527971814392396,5.152696836555193
6051,A_PuertoRico_8_1934_PB2_241_2099,4.3134966,5.2263665,0,2.5527971814392396,5.152696836555193
6052,A_PuertoRico_8_1934_PB2_241_2119,0.3292364,5.5731263,0,2.5527971814392396,5.152696836555193
6053,A_PuertoRico_8_1934_PB2_242_2163,7.615595,6.002127,-1,,
6054,A_PuertoRico_8_1934_PB2_242_2181,7.562696,5.868527,-1,,
6055,A_PuertoRico_8_1934_PB2_245_1835,6.7338243,5.8843503,3,6.762256569946951,5.452094065362477
6056,A_PuertoRico_8_1934_PB2_245_296,6.952809,5.9651875,3,6.762256569946951,5.452094065362477
6057,A_PuertoRico_8_1934_PB2_246_1998,7.148651,6.9176674,3,6.762256569946951,5.452094065362477
6058,A_PuertoRico_8_1934_PB2_246_2004,7.03017,6.779278,3,6.762256569946951,5.452094065362477
6059,A_PuertoRico_8_1934_PB2_246_2054,7.0989857,6.9174085,3,6.762256569946951,5.452094065362477
6060,A_PuertoRico_8_1934_PB2_246_2172,7.353419,7.033387,-1,,
6061,A_PuertoRico_8_1934_PB2_246_2196,6.8747416,6.976178,3,6.762256569946951,5.452094065362477
6062,A_PuertoRico_8_1934_PB2_248_1934,4.107117,5.77701,0,2.5527971814392396,5.152696836555193
6063,A_PuertoRico_8_1934_PB2_248_2009,3.8548,5.7256517,0,2.5527971814392396,5.152696836555193
6064,A_PuertoRico_8_1934_PB2_249_1975,6.6344633,5.1614995,3,6.762256569946951,5.452094065362477
6065,A_PuertoRico_8_1934_PB2_249_2035,6.483718,5.3796234,3,6.762256569946951,5.452094065362477
6066,A_PuertoRico_8_1934_PB2_249_2215,6.7828093,5.3952045,3,6.762256569946951,5.452094065362477
6067,A_PuertoRico_8_1934_PB2_250_2031,4.808906,5.488849,0,2.5527971814392396,5.152696836555193
6068,A_PuertoRico_8_1934_PB2_251_2012,6.8477926,5.591972,3,6.762256569946951,5.452094065362477
6069,A_PuertoRico_8_1934_PB2_251_2020,6.860717,5.6224194,3,6.762256569946951,5.452094065362477
6070,A_PuertoRico_8_1934_PB2_251_2061,6.7591867,5.6244574,3,6.762256569946951,5.452094065362477
6071,A_PuertoRico_8_1934_PB2_251_2075,6.9901633,5.630586,3,6.762256569946951,5.452094065362477
6072,A_PuertoRico_8_1934_PB2_251_2139,6.030417,6.253913,-1,,
6073,A_PuertoRico_8_1934_PB2_252_1957,6.963981,6.089809,3,6.762256569946951,5.452094065362477
6074,A_PuertoRico_8_1934_PB2_252_1976,6.643598,6.61447,3,6.762256569946951,5.452094065362477
6075,A_PuertoRico_8_1934_PB2_252_1983,6.7192936,6.6203256,3,6.762256569946951,5.452094065362477
6076,A_PuertoRico_8_1934_PB2_252_2004,6.8841434,6.610174,3,6.762256569946951,5.452094065362477
6077,A_PuertoRico_8_1934_PB2_252_2204,6.7603745,6.700806,3,6.762256569946951,5.452094065362477
6078,A_PuertoRico_8_1934_PB2_252_2212,6.775248,6.5662007,3,6.762256569946951,5.452094065362477
6079,A_PuertoRico_8_1934_PB2_253_2182,7.632296,6.6268005,-1,,
6080,A_PuertoRico_8_1934_PB2_254_2148,3.608085,4.7225904,0,2.5527971814392396,5.152696836555193
6081,A_PuertoRico_8_1934_PB2_257_1947,4.348267,5.944826,0,2.5527971814392396,5.152696836555193
6082,A_PuertoRico_8_1934_PB2_257_2095,5.128694,6.016791,0,2.5527971814392396,5.152696836555193
6083,A_PuertoRico_8_1934_PB2_257_2140,4.665196,5.7144704,0,2.5527971814392396,5.152696836555193
6084,A_PuertoRico_8_1934_PB2_257_2164,6.408538,5.872884,3,6.762256569946951,5.452094065362477
6085,A_PuertoRico_8_1934_PB2_258_1937,6.80841,5.3457475,3,6.762256569946951,5.452094065362477
6086,A_PuertoRico_8_1934_PB2_258_1969,6.8434525,5.2528286,3,6.762256569946951,5.452094065362477
6087,A_PuertoRico_8_1934_PB2_258_1975,6.707414,5.062456,3,6.762256569946951,5.452094065362477
6088,A_PuertoRico_8_1934_PB2_258_1982,6.706999,5.293453,3,6.762256569946951,5.452094065362477
6089,A_PuertoRico_8_1934_PB2_258_2003,6.8219013,5.0362687,3,6.762256569946951,5.452094065362477
6090,A_PuertoRico_8_1934_PB2_258_2004,6.829388,5.773586,3,6.762256569946951,5.452094065362477
6091,A_PuertoRico_8_1934_PB2_258_2006,6.905926,5.0154495,3,6.762256569946951,5.452094065362477
6092,A_PuertoRico_8_1934_PB2_258_2012,6.82952,5.322989,3,6.762256569946951,5.452094065362477
6093,A_PuertoRico_8_1934_PB2_258_2016,6.764037,5.3973575,3,6.762256569946951,5.452094065362477
6094,A_PuertoRico_8_1934_PB2_258_2024,6.691899,5.4820266,3,6.762256569946951,5.452094065362477
6095,A_PuertoRico_8_1934_PB2_258_2048,6.7698874,5.421392,3,6.762256569946951,5.452094065362477
6096,A_PuertoRico_8_1934_PB2_258_2053,6.730498,5.156803,3,6.762256569946951,5.452094065362477
6097,A_PuertoRico_8_1934_PB2_258_2061,6.766936,5.3167,3,6.762256569946951,5.452094065362477
6098,A_PuertoRico_8_1934_PB2_258_2075,6.796322,5.4361806,3,6.762256569946951,5.452094065362477
6099,A_PuertoRico_8_1934_PB2_258_2152,6.3829265,4.6996455,3,6.762256569946951,5.452094065362477
6100,A_PuertoRico_8_1934_PB2_258_2164,6.736876,5.315918,3,6.762256569946951,5.452094065362477
6101,A_PuertoRico_8_1934_PB2_258_2195,6.7690816,4.9692917,3,6.762256569946951,5.452094065362477
6102,A_PuertoRico_8_1934_PB2_258_2203,6.7975006,4.9710755,3,6.762256569946951,5.452094065362477
6103,A_PuertoRico_8_1934_PB2_259_1928,3.2699432,5.3048162,0,2.5527971814392396,5.152696836555193
6104,A_PuertoRico_8_1934_PB2_259_1994,3.1729937,5.526758,0,2.5527971814392396,5.152696836555193
6105,A_PuertoRico_8_1934_PB2_259_2002,3.0771384,5.208956,0,2.5527971814392396,5.152696836555193
6106,A_PuertoRico_8_1934_PB2_259_2005,3.215529,4.913036,0,2.5527971814392396,5.152696836555193
6107,A_PuertoRico_8_1934_PB2_259_2202,3.30914,5.2073054,0,2.5527971814392396,5.152696836555193
6108,A_PuertoRico_8_1934_PB2_260_2069,0.51760846,5.130837,0,2.5527971814392396,5.152696836555193
6109,A_PuertoRico_8_1934_PB2_262_1982,7.1610665,5.607426,3,6.762256569946951,5.452094065362477
6110,A_PuertoRico_8_1934_PB2_262_2003,6.788001,4.833975,3,6.762256569946951,5.452094065362477
6111,A_PuertoRico_8_1934_PB2_263_2136,1.61044,5.2974434,0,2.5527971814392396,5.152696836555193
6112,A_PuertoRico_8_1934_PB2_264_1962,4.131485,6.428304,0,2.5527971814392396,5.152696836555193
6113,A_PuertoRico_8_1934_PB2_264_1972,4.152999,6.329733,0,2.5527971814392396,5.152696836555193
6114,A_PuertoRico_8_1934_PB2_264_2029,4.0645995,6.0751266,0,2.5527971814392396,5.152696836555193
6115,A_PuertoRico_8_1934_PB2_264_2044,4.361451,6.34944,0,2.5527971814392396,5.152696836555193
6116,A_PuertoRico_8_1934_PB2_264_2176,4.11658,6.432076,0,2.5527971814392396,5.152696836555193
6117,A_PuertoRico_8_1934_PB2_264_2199,4.163097,6.3605647,0,2.5527971814392396,5.152696836555193
6118,A_PuertoRico_8_1934_PB2_264_297,4.208502,6.325426,0,2.5527971814392396,5.152696836555193
6119,A_PuertoRico_8_1934_PB2_265_1937,7.237068,5.705804,3,6.762256569946951,5.452094065362477
6120,A_PuertoRico_8_1934_PB2_265_1957,7.0419593,5.8456454,3,6.762256569946951,5.452094065362477
6121,A_PuertoRico_8_1934_PB2_265_1969,7.1353464,5.6681724,3,6.762256569946951,5.452094065362477
6122,A_PuertoRico_8_1934_PB2_265_1993,7.3910375,5.626589,3,6.762256569946951,5.452094065362477
6123,A_PuertoRico_8_1934_PB2_265_2001,7.2343516,5.756668,3,6.762256569946951,5.452094065362477
6124,A_PuertoRico_8_1934_PB2_265_2016,7.2501864,5.777264,3,6.762256569946951,5.452094065362477
6125,A_PuertoRico_8_1934_PB2_265_2026,6.666994,5.5834827,3,6.762256569946951,5.452094065362477
6126,A_PuertoRico_8_1934_PB2_265_2067,6.9334664,5.8059206,3,6.762256569946951,5.452094065362477
6127,A_PuertoRico_8_1934_PB2_265_2075,7.135983,5.7081547,3,6.762256569946951,5.452094065362477
6128,A_PuertoRico_8_1934_PB2_265_2114,7.1001015,5.7079825,3,6.762256569946951,5.452094065362477
6129,A_PuertoRico_8_1934_PB2_265_2128,7.1683707,5.8223176,3,6.762256569946951,5.452094065362477
6130,A_PuertoRico_8_1934_PB2_265_2139,6.007591,6.2495847,-1,,
6131,A_PuertoRico_8_1934_PB2_265_2217,7.1314917,5.802618,3,6.762256569946951,5.452094065362477
6132,A_PuertoRico_8_1934_PB2_265_296,7.0998073,5.9068136,3,6.762256569946951,5.452094065362477
6133,A_PuertoRico_8_1934_PB2_265_301,7.2219296,5.7991686,3,6.762256569946951,5.452094065362477
6134,A_PuertoRico_8_1934_PB2_265_350,7.1956787,5.7304955,3,6.762256569946951,5.452094065362477
6135,A_PuertoRico_8_1934_PB2_266_1919,6.8084006,6.720836,3,6.762256569946951,5.452094065362477
6136,A_PuertoRico_8_1934_PB2_266_1976,6.6905847,6.729342,3,6.762256569946951,5.452094065362477
6137,A_PuertoRico_8_1934_PB2_266_1998,7.0017576,6.794057,3,6.762256569946951,5.452094065362477
6138,A_PuertoRico_8_1934_PB2_266_2004,6.957006,6.7503066,3,6.762256569946951,5.452094065362477
6139,A_PuertoRico_8_1934_PB2_266_2007,6.758646,6.685168,3,6.762256569946951,5.452094065362477
6140,A_PuertoRico_8_1934_PB2_266_2054,6.950919,6.753786,3,6.762256569946951,5.452094065362477
6141,A_PuertoRico_8_1934_PB2_266_2190,6.853733,6.6959743,3,6.762256569946951,5.452094065362477
6142,A_PuertoRico_8_1934_PB2_266_2196,6.8329206,6.9019804,3,6.762256569946951,5.452094065362477
6143,A_PuertoRico_8_1934_PB2_266_2204,6.810451,6.7880025,3,6.762256569946951,5.452094065362477
6144,A_PuertoRico_8_1934_PB2_269_2052,3.2781825,4.935479,0,2.5527971814392396,5.152696836555193
6145,A_PuertoRico_8_1934_PB2_269_2202,3.189047,5.117495,0,2.5527971814392396,5.152696836555193
6146,A_PuertoRico_8_1934_PB2_270_1973,0.48585773,5.4245987,0,2.5527971814392396,5.152696836555193
6147,A_PuertoRico_8_1934_PB2_270_1991,0.34213975,5.4912004,0,2.5527971814392396,5.152696836555193
6148,A_PuertoRico_8_1934_PB2_270_2045,0.3017074,5.614752,0,2.5527971814392396,5.152696836555193
6149,A_PuertoRico_8_1934_PB2_270_2096,0.32881135,5.419382,0,2.5527971814392396,5.152696836555193
6150,A_PuertoRico_8_1934_PB2_270_2141,0.16808867,5.5626907,0,2.5527971814392396,5.152696836555193
6151,A_PuertoRico_8_1934_PB2_271_1964,6.081729,5.7356386,3,6.762256569946951,5.452094065362477
6152,A_PuertoRico_8_1934_PB2_271_2102,6.0846367,5.738192,3,6.762256569946951,5.452094065362477
6153,A_PuertoRico_8_1934_PB2_271_2139,6.0110774,6.1746526,-1,,
6154,A_PuertoRico_8_1934_PB2_271_301,5.993173,5.9703383,3,6.762256569946951,5.452094065362477
6155,A_PuertoRico_8_1934_PB2_271_317,6.088235,5.8495097,3,6.762256569946951,5.452094065362477
6156,A_PuertoRico_8_1934_PB2_272_2059,6.8456936,5.9498363,3,6.762256569946951,5.452094065362477
6157,A_PuertoRico_8_1934_PB2_273_1994,3.125955,5.5225244,0,2.5527971814392396,5.152696836555193
6158,A_PuertoRico_8_1934_PB2_273_2005,3.243169,4.9731655,0,2.5527971814392396,5.152696836555193
6159,A_PuertoRico_8_1934_PB2_274_1921,0.29315868,5.398253,0,2.5527971814392396,5.152696836555193
6160,A_PuertoRico_8_1934_PB2_274_1946,0.5122263,5.4294815,0,2.5527971814392396,5.152696836555193
6161,A_PuertoRico_8_1934_PB2_274_1979,0.3612138,5.6459427,0,2.5527971814392396,5.152696836555193
6162,A_PuertoRico_8_1934_PB2_274_1991,0.28764018,5.5604196,0,2.5527971814392396,5.152696836555193
6163,A_PuertoRico_8_1934_PB2_274_2045,0.27755228,5.627869,0,2.5527971814392396,5.152696836555193
6164,A_PuertoRico_8_1934_PB2_275_1949,6.2023516,5.679572,3,6.762256569946951,5.452094065362477
6165,A_PuertoRico_8_1934_PB2_275_1964,6.165064,5.6706853,3,6.762256569946951,5.452094065362477
6166,A_PuertoRico_8_1934_PB2_275_1966,6.350792,5.6284657,3,6.762256569946951,5.452094065362477
6167,A_PuertoRico_8_1934_PB2_275_1975,6.6781745,5.1618767,3,6.762256569946951,5.452094065362477
6168,A_PuertoRico_8_1934_PB2_275_1997,6.507997,5.414674,3,6.762256569946951,5.452094065362477
6169,A_PuertoRico_8_1934_PB2_275_2024,6.6358395,5.5279675,3,6.762256569946951,5.452094065362477
6170,A_PuertoRico_8_1934_PB2_275_2080,5.895863,5.667717,-1,,
6171,A_PuertoRico_8_1934_PB2_276_1802,3.0263891,4.8556104,0,2.5527971814392396,5.152696836555193
6172,A_PuertoRico_8_1934_PB2_276_1960,3.2623146,5.1565022,0,2.5527971814392396,5.152696836555193
6173,A_PuertoRico_8_1934_PB2_276_1968,3.283661,5.0650926,0,2.5527971814392396,5.152696836555193
6174,A_PuertoRico_8_1934_PB2_276_1974,3.3752487,5.18477,0,2.5527971814392396,5.152696836555193
6175,A_PuertoRico_8_1934_PB2_276_1992,3.002764,5.2453856,0,2.5527971814392396,5.152696836555193
6176,A_PuertoRico_8_1934_PB2_276_2002,3.1154187,5.193673,0,2.5527971814392396,5.152696836555193
6177,A_PuertoRico_8_1934_PB2_276_2005,3.2941732,5.057376,0,2.5527971814392396,5.152696836555193
6178,A_PuertoRico_8_1934_PB2_276_2023,3.252405,5.0490484,0,2.5527971814392396,5.152696836555193
6179,A_PuertoRico_8_1934_PB2_276_2097,3.094106,5.125426,0,2.5527971814392396,5.152696836555193
6180,A_PuertoRico_8_1934_PB2_276_2131,3.2171972,5.1863008,0,2.5527971814392396,5.152696836555193
6181,A_PuertoRico_8_1934_PB2_276_2151,3.1956515,5.198435,0,2.5527971814392396,5.152696836555193
6182,A_PuertoRico_8_1934_PB2_276_2202,3.3407004,5.098693,0,2.5527971814392396,5.152696836555193
6183,A_PuertoRico_8_1934_PB2_276_2210,3.3456895,5.0272303,0,2.5527971814392396,5.152696836555193
6184,A_PuertoRico_8_1934_PB2_277_1942,1.0180339,5.2523775,0,2.5527971814392396,5.152696836555193
6185,A_PuertoRico_8_1934_PB2_277_1946,0.64253354,5.305265,0,2.5527971814392396,5.152696836555193
6186,A_PuertoRico_8_1934_PB2_277_1975,6.568137,5.0484033,3,6.762256569946951,5.452094065362477
6187,A_PuertoRico_8_1934_PB2_277_2011,1.5972984,5.0092297,0,2.5527971814392396,5.152696836555193
6188,A_PuertoRico_8_1934_PB2_277_2066,1.5365206,5.062031,0,2.5527971814392396,5.152696836555193
6189,A_PuertoRico_8_1934_PB2_278_2095,5.136003,6.0327196,0,2.5527971814392396,5.152696836555193
6190,A_PuertoRico_8_1934_PB2_278_2104,5.0684304,6.3409166,0,2.5527971814392396,5.152696836555193
6191,A_PuertoRico_8_1934_PB2_279_1911,7.5996695,5.3119555,3,6.762256569946951,5.452094065362477
6192,A_PuertoRico_8_1934_PB2_279_2020,6.8818307,5.6004033,3,6.762256569946951,5.452094065362477
6193,A_PuertoRico_8_1934_PB2_280_1924,1.7135981,5.33591,0,2.5527971814392396,5.152696836555193
6194,A_PuertoRico_8_1934_PB2_281_2090,4.087833,6.5204654,0,2.5527971814392396,5.152696836555193
6195,A_PuertoRico_8_1934_PB2_281_2207,0.70798165,5.620487,0,2.5527971814392396,5.152696836555193
6196,A_PuertoRico_8_1934_PB2_283_1947,4.2221365,5.887177,0,2.5527971814392396,5.152696836555193
6197,A_PuertoRico_8_1934_PB2_283_2002,3.0989592,5.220951,0,2.5527971814392396,5.152696836555193
6198,A_PuertoRico_8_1934_PB2_284_2091,4.0553226,6.0607085,0,2.5527971814392396,5.152696836555193
6199,A_PuertoRico_8_1934_PB2_285_1688,8.994793,2.4806395,1,8.550401544412672,2.2072208778165874
6200,A_PuertoRico_8_1934_PB2_286_1827,3.5113409,2.6673944,0,2.5527971814392396,5.152696836555193
6201,A_PuertoRico_8_1934_PB2_286_1947,4.355982,5.9547834,0,2.5527971814392396,5.152696836555193
6202,A_PuertoRico_8_1934_PB2_286_1958,4.567334,5.390794,0,2.5527971814392396,5.152696836555193
6203,A_PuertoRico_8_1934_PB2_287_1975,6.7189126,5.064877,3,6.762256569946951,5.452094065362477
6204,A_PuertoRico_8_1934_PB2_287_2003,6.7984548,4.87786,3,6.762256569946951,5.452094065362477
6205,A_PuertoRico_8_1934_PB2_291_1974,4.190948,5.6330233,0,2.5527971814392396,5.152696836555193
6206,A_PuertoRico_8_1934_PB2_293_2002,3.0192144,5.065924,0,2.5527971814392396,5.152696836555193
6207,A_PuertoRico_8_1934_PB2_294_2119,0.26498333,5.5921936,0,2.5527971814392396,5.152696836555193
6208,A_PuertoRico_8_1934_PB2_295_1937,6.839122,5.313054,3,6.762256569946951,5.452094065362477
6209,A_PuertoRico_8_1934_PB2_295_1953,6.9365683,5.1473203,3,6.762256569946951,5.452094065362477
6210,A_PuertoRico_8_1934_PB2_295_1957,6.924982,5.249201,3,6.762256569946951,5.452094065362477
6211,A_PuertoRico_8_1934_PB2_295_1975,6.754442,5.134285,3,6.762256569946951,5.452094065362477
6212,A_PuertoRico_8_1934_PB2_295_2003,6.8602114,5.010127,3,6.762256569946951,5.452094065362477
6213,A_PuertoRico_8_1934_PB2_295_2006,6.897621,4.9729514,3,6.762256569946951,5.452094065362477
6214,A_PuertoRico_8_1934_PB2_295_2020,6.9570127,5.3907504,3,6.762256569946951,5.452094065362477
6215,A_PuertoRico_8_1934_PB2_295_2024,6.709651,5.527007,3,6.762256569946951,5.452094065362477
6216,A_PuertoRico_8_1934_PB2_295_2053,6.833566,5.114016,3,6.762256569946951,5.452094065362477
6217,A_PuertoRico_8_1934_PB2_296_1889,3.2125227,5.23115,0,2.5527971814392396,5.152696836555193
6218,A_PuertoRico_8_1934_PB2_296_1974,3.468894,5.3211675,0,2.5527971814392396,5.152696836555193
6219,A_PuertoRico_8_1934_PB2_296_2066,2.5971453,5.1281285,0,2.5527971814392396,5.152696836555193
6220,A_PuertoRico_8_1934_PB2_297_2027,0.91471535,5.4526377,0,2.5527971814392396,5.152696836555193
6221,A_PuertoRico_8_1934_PB2_298_1974,4.4945207,5.9042554,0,2.5527971814392396,5.152696836555193
6222,A_PuertoRico_8_1934_PB2_299_1721,4.0681024,5.977359,0,2.5527971814392396,5.152696836555193
6223,A_PuertoRico_8_1934_PB2_299_1947,4.193488,5.898153,0,2.5527971814392396,5.152696836555193
6224,A_PuertoRico_8_1934_PB2_299_1984,3.9347394,5.808756,0,2.5527971814392396,5.152696836555193
6225,A_PuertoRico_8_1934_PB2_299_2176,4.1125717,6.185824,0,2.5527971814392396,5.152696836555193
6226,A_PuertoRico_8_1934_PB2_300_1975,6.818889,5.176105,3,6.762256569946951,5.452094065362477
6227,A_PuertoRico_8_1934_PB2_300_2003,6.828366,5.0808544,3,6.762256569946951,5.452094065362477
6228,A_PuertoRico_8_1934_PB2_300_2004,6.970658,6.469617,3,6.762256569946951,5.452094065362477
6229,A_PuertoRico_8_1934_PB2_300_2020,6.8985972,5.4518194,3,6.762256569946951,5.452094065362477
6230,A_PuertoRico_8_1934_PB2_300_2026,6.271896,5.4622073,3,6.762256569946951,5.452094065362477
6231,A_PuertoRico_8_1934_PB2_300_2036,6.884745,5.2106724,3,6.762256569946951,5.452094065362477
6232,A_PuertoRico_8_1934_PB2_300_2088,6.9005375,5.357854,3,6.762256569946951,5.452094065362477
6233,A_PuertoRico_8_1934_PB2_301_2019,2.6947072,5.006628,0,2.5527971814392396,5.152696836555193
6234,A_PuertoRico_8_1934_PB2_301_2052,3.3140216,4.9387393,0,2.5527971814392396,5.152696836555193
6235,A_PuertoRico_8_1934_PB2_303_1967,6.698473,5.897666,3,6.762256569946951,5.452094065362477
6236,A_PuertoRico_8_1934_PB2_304_2025,3.8508873,4.5811644,0,2.5527971814392396,5.152696836555193
6237,A_PuertoRico_8_1934_PB2_305_1674,3.7177708,4.445084,0,2.5527971814392396,5.152696836555193
6238,A_PuertoRico_8_1934_PB2_305_1979,3.6332712,4.397246,0,2.5527971814392396,5.152696836555193
6239,A_PuertoRico_8_1934_PB2_308_2002,3.0246181,5.07409,0,2.5527971814392396,5.152696836555193
6240,A_PuertoRico_8_1934_PB2_309_1921,-0.07340152,5.060989,0,2.5527971814392396,5.152696836555193
6241,A_PuertoRico_8_1934_PB2_309_1963,0.010291889,5.1192,0,2.5527971814392396,5.152696836555193
6242,A_PuertoRico_8_1934_PB2_310_1992,1.548752,5.4078226,0,2.5527971814392396,5.152696836555193
6243,A_PuertoRico_8_1934_PB2_310_2002,2.8882833,4.953615,0,2.5527971814392396,5.152696836555193
6244,A_PuertoRico_8_1934_PB2_312_1955,3.4281871,3.1589577,0,2.5527971814392396,5.152696836555193
6245,A_PuertoRico_8_1934_PB2_314_1926,2.9157057,5.2807555,0,2.5527971814392396,5.152696836555193
6246,A_PuertoRico_8_1934_PB2_314_2002,3.0046778,5.0968957,0,2.5527971814392396,5.152696836555193
6247,A_PuertoRico_8_1934_PB2_314_336,2.837299,4.954087,0,2.5527971814392396,5.152696836555193
6248,A_PuertoRico_8_1934_PB2_315_2045,0.31670895,5.745311,0,2.5527971814392396,5.152696836555193
6249,A_PuertoRico_8_1934_PB2_317_2080,4.9447203,6.10093,0,2.5527971814392396,5.152696836555193
6250,A_PuertoRico_8_1934_PB2_317_2095,5.10732,6.0778837,0,2.5527971814392396,5.152696836555193
6251,A_PuertoRico_8_1934_PB2_318_1957,6.963379,5.109735,3,6.762256569946951,5.452094065362477
6252,A_PuertoRico_8_1934_PB2_318_1975,6.7453637,5.0187798,3,6.762256569946951,5.452094065362477
6253,A_PuertoRico_8_1934_PB2_318_2003,6.9401326,4.970071,3,6.762256569946951,5.452094065362477
6254,A_PuertoRico_8_1934_PB2_318_2006,6.957148,4.986073,3,6.762256569946951,5.452094065362477
6255,A_PuertoRico_8_1934_PB2_318_2123,6.9622006,5.021921,3,6.762256569946951,5.452094065362477
6256,A_PuertoRico_8_1934_PB2_318_937,6.9699974,4.9805894,3,6.762256569946951,5.452094065362477
6257,A_PuertoRico_8_1934_PB2_319_1902,3.0658913,5.068056,0,2.5527971814392396,5.152696836555193
6258,A_PuertoRico_8_1934_PB2_319_1936,3.0845728,4.9958606,0,2.5527971814392396,5.152696836555193
6259,A_PuertoRico_8_1934_PB2_319_1994,3.163669,5.431924,0,2.5527971814392396,5.152696836555193
6260,A_PuertoRico_8_1934_PB2_319_2035,3.1502047,5.127967,0,2.5527971814392396,5.152696836555193
6261,A_PuertoRico_8_1934_PB2_322_1935,3.5276835,5.099644,0,2.5527971814392396,5.152696836555193
6262,A_PuertoRico_8_1934_PB2_322_1968,3.4875734,5.2147903,0,2.5527971814392396,5.152696836555193
6263,A_PuertoRico_8_1934_PB2_322_1974,3.595359,5.243114,0,2.5527971814392396,5.152696836555193
6264,A_PuertoRico_8_1934_PB2_322_2052,3.4160259,5.082333,0,2.5527971814392396,5.152696836555193
6265,A_PuertoRico_8_1934_PB2_323_2014,0.55383736,5.1473637,0,2.5527971814392396,5.152696836555193
6266,A_PuertoRico_8_1934_PB2_323_2177,0.5599051,5.3098164,0,2.5527971814392396,5.152696836555193
6267,A_PuertoRico_8_1934_PB2_324_361,3.6937191,2.2251892,0,2.5527971814392396,5.152696836555193
6268,A_PuertoRico_8_1934_PB2_325_1887,7.4114213,5.798455,3,6.762256569946951,5.452094065362477
6269,A_PuertoRico_8_1934_PB2_325_1993,7.5030174,5.4972887,3,6.762256569946951,5.452094065362477
6270,A_PuertoRico_8_1934_PB2_327_1919,6.5641513,6.507779,3,6.762256569946951,5.452094065362477
6271,A_PuertoRico_8_1934_PB2_327_1952,4.170935,5.9303937,0,2.5527971814392396,5.152696836555193
6272,A_PuertoRico_8_1934_PB2_327_1994,3.2920814,5.6878667,0,2.5527971814392396,5.152696836555193
6273,A_PuertoRico_8_1934_PB2_328_1709,7.1828656,5.169705,3,6.762256569946951,5.452094065362477
6274,A_PuertoRico_8_1934_PB2_328_1803,7.427042,5.16168,3,6.762256569946951,5.452094065362477
6275,A_PuertoRico_8_1934_PB2_328_1975,6.853743,5.096498,3,6.762256569946951,5.452094065362477
6276,A_PuertoRico_8_1934_PB2_328_1993,7.268424,5.2224603,3,6.762256569946951,5.452094065362477
6277,A_PuertoRico_8_1934_PB2_328_2003,6.854464,4.976228,3,6.762256569946951,5.452094065362477
6278,A_PuertoRico_8_1934_PB2_328_2067,6.803037,5.640914,3,6.762256569946951,5.452094065362477
6279,A_PuertoRico_8_1934_PB2_329_2066,1.6740581,5.0914645,0,2.5527971814392396,5.152696836555193
6280,A_PuertoRico_8_1934_PB2_329_353,1.1647612,4.8501244,0,2.5527971814392396,5.152696836555193
6281,A_PuertoRico_8_1934_PB2_331_1853,9.357361,8.075968,-1,,
6282,A_PuertoRico_8_1934_PB2_334_2042,0.25711676,5.1093893,0,2.5527971814392396,5.152696836555193
6283,A_PuertoRico_8_1934_PB2_334_2096,0.38713232,5.2818336,0,2.5527971814392396,5.152696836555193
6284,A_PuertoRico_8_1934_PB2_336_1975,6.7545257,5.1402516,3,6.762256569946951,5.452094065362477
6285,A_PuertoRico_8_1934_PB2_336_2053,6.2957535,4.9642954,3,6.762256569946951,5.452094065362477
6286,A_PuertoRico_8_1934_PB2_336_2088,7.0678964,5.4411306,3,6.762256569946951,5.452094065362477
6287,A_PuertoRico_8_1934_PB2_338_2046,3.126324,7.284546,0,2.5527971814392396,5.152696836555193
6288,A_PuertoRico_8_1934_PB2_339_1793,7.7341714,5.061109,3,6.762256569946951,5.452094065362477
6289,A_PuertoRico_8_1934_PB2_339_2139,6.059251,6.2524247,-1,,
6290,A_PuertoRico_8_1934_PB2_340_1998,7.1659894,6.915434,3,6.762256569946951,5.452094065362477
6291,A_PuertoRico_8_1934_PB2_342_1793,7.6977773,5.023422,3,6.762256569946951,5.452094065362477
6292,A_PuertoRico_8_1934_PB2_342_1908,6.556921,5.3072047,3,6.762256569946951,5.452094065362477
6293,A_PuertoRico_8_1934_PB2_342_1916,7.621343,5.125959,3,6.762256569946951,5.452094065362477
6294,A_PuertoRico_8_1934_PB2_342_1937,7.1213346,5.4237213,3,6.762256569946951,5.452094065362477
6295,A_PuertoRico_8_1934_PB2_342_1993,7.2456975,5.4292054,3,6.762256569946951,5.452094065362477
6296,A_PuertoRico_8_1934_PB2_342_2107,7.0996084,5.4485445,3,6.762256569946951,5.452094065362477
6297,A_PuertoRico_8_1934_PB2_343_1877,6.4761925,6.3910303,3,6.762256569946951,5.452094065362477
6298,A_PuertoRico_8_1934_PB2_343_1976,6.4419856,6.592884,3,6.762256569946951,5.452094065362477
6299,A_PuertoRico_8_1934_PB2_343_2007,6.5091844,6.510443,3,6.762256569946951,5.452094065362477
6300,A_PuertoRico_8_1934_PB2_346_1976,6.5083027,6.5879154,3,6.762256569946951,5.452094065362477
6301,A_PuertoRico_8_1934_PB2_346_2007,6.568626,6.4389963,3,6.762256569946951,5.452094065362477
6302,A_PuertoRico_8_1934_PB2_348_2056,4.425233,6.2069016,0,2.5527971814392396,5.152696836555193
6303,A_PuertoRico_8_1934_PB2_349_1777,7.7700305,5.1514916,3,6.762256569946951,5.452094065362477
6304,A_PuertoRico_8_1934_PB2_349_1793,7.796552,4.9882884,-1,,
6305,A_PuertoRico_8_1934_PB2_350_1970,4.3847685,4.395234,0,2.5527971814392396,5.152696836555193
6306,A_PuertoRico_8_1934_PB2_350_2021,4.3906703,4.430555,0,2.5527971814392396,5.152696836555193
6307,A_PuertoRico_8_1934_PB2_353_1945,3.4884284,6.09815,0,2.5527971814392396,5.152696836555193
6308,A_PuertoRico_8_1934_PB2_355_2030,4.574266,5.0815773,0,2.5527971814392396,5.152696836555193
6309,A_PuertoRico_8_1934_PB2_357_2140,4.628777,5.6811004,0,2.5527971814392396,5.152696836555193
6310,A_PuertoRico_8_1934_PB2_357_2157,4.561578,5.434717,0,2.5527971814392396,5.152696836555193
6311,A_PuertoRico_8_1934_PB2_359_1975,6.575156,5.1943755,3,6.762256569946951,5.452094065362477
6312,A_PuertoRico_8_1934_PB2_361_1629,1.9076483,4.818486,0,2.5527971814392396,5.152696836555193
6313,A_PuertoRico_8_1934_PB2_363_1862,6.2265506,6.0308895,3,6.762256569946951,5.452094065362477
6314,A_PuertoRico_8_1934_PB2_367_1912,7.0013266,5.943501,3,6.762256569946951,5.452094065362477
6315,A_PuertoRico_8_1934_PB2_370_1845,4.2810144,5.89603,0,2.5527971814392396,5.152696836555193
6316,A_PuertoRico_8_1934_PB2_370_1947,4.312024,5.9139323,0,2.5527971814392396,5.152696836555193
6317,A_PuertoRico_8_1934_PB2_371_1784,7.2846174,4.579581,-1,,
6318,A_PuertoRico_8_1934_PB2_371_2195,6.6600857,4.7589145,3,6.762256569946951,5.452094065362477
6319,A_PuertoRico_8_1934_PB2_373_1733,7.8117757,4.8910036,-1,,
6320,A_PuertoRico_8_1934_PB2_379_2109,4.560423,5.788192,0,2.5527971814392396,5.152696836555193
6321,A_PuertoRico_8_1934_PB2_380_1620,7.072615,4.7674093,3,6.762256569946951,5.452094065362477
6322,A_PuertoRico_8_1934_PB2_381_1909,2.8536854,4.7139583,0,2.5527971814392396,5.152696836555193
6323,A_PuertoRico_8_1934_PB2_382_1882,2.824254,6.164903,0,2.5527971814392396,5.152696836555193
6324,A_PuertoRico_8_1934_PB2_384_1804,2.2296147,4.6433654,0,2.5527971814392396,5.152696836555193
6325,A_PuertoRico_8_1934_PB2_390_2127,6.2369666,5.1576815,3,6.762256569946951,5.452094065362477
6326,A_PuertoRico_8_1934_PB2_390_2195,6.5106807,4.7190595,3,6.762256569946951,5.452094065362477
6327,A_PuertoRico_8_1934_PB2_393_437,7.3367863,5.7830896,3,6.762256569946951,5.452094065362477
6328,A_PuertoRico_8_1934_PB2_399_1742,3.9262002,5.557446,0,2.5527971814392396,5.152696836555193
6329,A_PuertoRico_8_1934_PB2_399_1936,4.293492,5.7216573,0,2.5527971814392396,5.152696836555193
6330,A_PuertoRico_8_1934_PB2_399_2100,4.425481,5.8914123,0,2.5527971814392396,5.152696836555193
6331,A_PuertoRico_8_1934_PB2_401_1858,4.432839,5.6097736,0,2.5527971814392396,5.152696836555193
6332,A_PuertoRico_8_1934_PB2_402_1777,7.6762605,5.147551,3,6.762256569946951,5.452094065362477
6333,A_PuertoRico_8_1934_PB2_402_1793,7.7474794,5.0249786,3,6.762256569946951,5.452094065362477
6334,A_PuertoRico_8_1934_PB2_403_1879,7.3984804,7.1876793,-1,,
6335,A_PuertoRico_8_1934_PB2_403_2172,7.4013085,7.1176076,-1,,
6336,A_PuertoRico_8_1934_PB2_403_2196,6.955002,7.028695,3,6.762256569946951,5.452094065362477
6337,A_PuertoRico_8_1934_PB2_405_1754,1.2202307,5.359114,0,2.5527971814392396,5.152696836555193
6338,A_PuertoRico_8_1934_PB2_407_1876,8.2865505,5.010981,-1,,
6339,A_PuertoRico_8_1934_PB2_407_2157,4.936332,5.5666347,0,2.5527971814392396,5.152696836555193
6340,A_PuertoRico_8_1934_PB2_409_1859,0.139589,4.9181905,0,2.5527971814392396,5.152696836555193
6341,A_PuertoRico_8_1934_PB2_410_1827,3.5957077,2.584676,0,2.5527971814392396,5.152696836555193
6342,A_PuertoRico_8_1934_PB2_417_1783,7.47436,4.5616584,-1,,
6343,A_PuertoRico_8_1934_PB2_419_1809,1.2666352,5.697939,0,2.5527971814392396,5.152696836555193
6344,A_PuertoRico_8_1934_PB2_419_1861,2.8889246,3.844243,0,2.5527971814392396,5.152696836555193
6345,A_PuertoRico_8_1934_PB2_424_1760,0.03307037,5.1349664,0,2.5527971814392396,5.152696836555193
6346,A_PuertoRico_8_1934_PB2_424_1846,-0.03921405,5.40668,0,2.5527971814392396,5.152696836555193
6347,A_PuertoRico_8_1934_PB2_424_2141,0.005264412,5.407025,0,2.5527971814392396,5.152696836555193
6348,A_PuertoRico_8_1934_PB2_425_1789,3.4611568,5.6580133,0,2.5527971814392396,5.152696836555193
6349,A_PuertoRico_8_1934_PB2_426_2099,4.37493,5.211464,0,2.5527971814392396,5.152696836555193
6350,A_PuertoRico_8_1934_PB2_426_2158,1.9257352,4.7575717,0,2.5527971814392396,5.152696836555193
6351,A_PuertoRico_8_1934_PB2_429_2140,4.632858,5.6809626,0,2.5527971814392396,5.152696836555193
6352,A_PuertoRico_8_1934_PB2_432_1766,3.5872192,4.862868,0,2.5527971814392396,5.152696836555193
6353,A_PuertoRico_8_1934_PB2_434_1778,-0.17008358,4.755175,0,2.5527971814392396,5.152696836555193
6354,A_PuertoRico_8_1934_PB2_435_1795,7.6168866,5.692675,-1,,
6355,A_PuertoRico_8_1934_PB2_435_2088,7.337004,5.4982724,3,6.762256569946951,5.452094065362477
6356,A_PuertoRico_8_1934_PB2_436_1890,6.0777392,3.9509254,-1,,
6357,A_PuertoRico_8_1934_PB2_437_2152,6.159108,4.455647,3,6.762256569946951,5.452094065362477
6358,A_PuertoRico_8_1934_PB2_440_1483,9.329885,1.574344,1,8.550401544412672,2.2072208778165874
6359,A_PuertoRico_8_1934_PB2_445_1793,7.711217,5.049594,3,6.762256569946951,5.452094065362477
6360,A_PuertoRico_8_1934_PB2_448_1793,7.7692747,4.9527154,3,6.762256569946951,5.452094065362477
6361,A_PuertoRico_8_1934_PB2_448_2159,7.334739,4.360446,-1,,
6362,A_PuertoRico_8_1934_PB2_449_1813,4.581555,2.8813567,0,2.5527971814392396,5.152696836555193
6363,A_PuertoRico_8_1934_PB2_450_1748,7.9916573,4.9683213,-1,,
6364,A_PuertoRico_8_1934_PB2_450_1793,7.8295636,4.9771566,-1,,
6365,A_PuertoRico_8_1934_PB2_450_1833,8.055509,4.9649696,-1,,
6366,A_PuertoRico_8_1934_PB2_451_1781,4.323909,4.1862793,0,2.5527971814392396,5.152696836555193
6367,A_PuertoRico_8_1934_PB2_451_1821,4.3347297,4.444049,0,2.5527971814392396,5.152696836555193
6368,A_PuertoRico_8_1934_PB2_454_1832,2.9331565,4.609056,0,2.5527971814392396,5.152696836555193
6369,A_PuertoRico_8_1934_PB2_464_1838,8.888004,4.0624194,1,8.550401544412672,2.2072208778165874
6370,A_PuertoRico_8_1934_PB2_466_1748,8.141882,4.9888377,-1,,
6371,A_PuertoRico_8_1934_PB2_467_1851,2.8627212,7.0367813,0,2.5527971814392396,5.152696836555193
6372,A_PuertoRico_8_1934_PB2_468_1793,7.780223,4.9815116,3,6.762256569946951,5.452094065362477
6373,A_PuertoRico_8_1934_PB2_468_2164,6.360555,5.886326,3,6.762256569946951,5.452094065362477
6374,A_PuertoRico_8_1934_PB2_469_1785,6.1046457,5.8530617,3,6.762256569946951,5.452094065362477
6375,A_PuertoRico_8_1934_PB2_469_2104,5.0776625,6.361466,0,2.5527971814392396,5.152696836555193
6376,A_PuertoRico_8_1934_PB2_471_1816,8.609225,4.5407104,1,8.550401544412672,2.2072208778165874
6377,A_PuertoRico_8_1934_PB2_476_1851,1.0971453,6.0108757,0,2.5527971814392396,5.152696836555193
6378,A_PuertoRico_8_1934_PB2_477_1742,3.0898964,4.9939775,0,2.5527971814392396,5.152696836555193
6379,A_PuertoRico_8_1934_PB2_478_1737,3.8282378,2.7155094,0,2.5527971814392396,5.152696836555193
6380,A_PuertoRico_8_1934_PB2_478_1828,3.8929253,2.7818613,0,2.5527971814392396,5.152696836555193
6381,A_PuertoRico_8_1934_PB2_478_2117,4.559137,5.1486106,0,2.5527971814392396,5.152696836555193
6382,A_PuertoRico_8_1934_PB2_479_1748,8.126165,5.039662,-1,,
6383,A_PuertoRico_8_1934_PB2_479_1803,7.9905586,5.067142,-1,,
6384,A_PuertoRico_8_1934_PB2_480_1341,2.9275188,5.00327,0,2.5527971814392396,5.152696836555193
6385,A_PuertoRico_8_1934_PB2_480_513,3.067144,5.2502384,0,2.5527971814392396,5.152696836555193
6386,A_PuertoRico_8_1934_PB2_481_1567,0.18093444,5.1348166,0,2.5527971814392396,5.152696836555193
6387,A_PuertoRico_8_1934_PB2_481_1760,0.12619685,5.0647297,0,2.5527971814392396,5.152696836555193
6388,A_PuertoRico_8_1934_PB2_481_1808,0.18321335,5.218127,0,2.5527971814392396,5.152696836555193
6389,A_PuertoRico_8_1934_PB2_481_1844,0.17394732,5.138904,0,2.5527971814392396,5.152696836555193
6390,A_PuertoRico_8_1934_PB2_486_1482,5.2502995,5.337557,-1,,
6391,A_PuertoRico_8_1934_PB2_490_1735,8.478472,4.579431,1,8.550401544412672,2.2072208778165874
6392,A_PuertoRico_8_1934_PB2_490_1748,8.3490505,4.746821,-1,,
6393,A_PuertoRico_8_1934_PB2_490_2001,8.481961,4.656425,1,8.550401544412672,2.2072208778165874
6394,A_PuertoRico_8_1934_PB2_491_1794,3.261138,5.572525,0,2.5527971814392396,5.152696836555193
6395,A_PuertoRico_8_1934_PB2_491_1839,3.4309537,5.5013185,0,2.5527971814392396,5.152696836555193
6396,A_PuertoRico_8_1934_PB2_492_1779,2.588119,4.552602,0,2.5527971814392396,5.152696836555193
6397,A_PuertoRico_8_1934_PB2_494_1837,0.6209348,6.055017,0,2.5527971814392396,5.152696836555193
6398,A_PuertoRico_8_1934_PB2_497_1747,2.9846847,4.635256,0,2.5527971814392396,5.152696836555193
6399,A_PuertoRico_8_1934_PB2_497_1792,2.9161134,4.7405953,0,2.5527971814392396,5.152696836555193
6400,A_PuertoRico_8_1934_PB2_498_1760,0.14532952,4.895168,0,2.5527971814392396,5.152696836555193
6401,A_PuertoRico_8_1934_PB2_499_1836,4.5456896,6.0028667,0,2.5527971814392396,5.152696836555193
6402,A_PuertoRico_8_1934_PB2_501_2089,3.6103816,5.4117246,0,2.5527971814392396,5.152696836555193
6403,A_PuertoRico_8_1934_PB2_504_1876,8.435736,5.07308,-1,,
6404,A_PuertoRico_8_1934_PB2_513_1598,6.5574756,5.758044,3,6.762256569946951,5.452094065362477
6405,A_PuertoRico_8_1934_PB2_513_1780,6.5249653,4.7977715,3,6.762256569946951,5.452094065362477
6406,A_PuertoRico_8_1934_PB2_513_1793,7.7780976,5.0157557,3,6.762256569946951,5.452094065362477
6407,A_PuertoRico_8_1934_PB2_517_1748,8.189834,5.0360494,-1,,
6408,A_PuertoRico_8_1934_PB2_521_1793,7.7326493,5.058066,3,6.762256569946951,5.452094065362477
6409,A_PuertoRico_8_1934_PB2_525_1764,1.8481717,3.999449,0,2.5527971814392396,5.152696836555193
6410,A_PuertoRico_8_1934_PB2_529_1827,3.5445004,2.5646667,0,2.5527971814392396,5.152696836555193
6411,A_PuertoRico_8_1934_PB2_534_1658,4.4183326,5.527455,0,2.5527971814392396,5.152696836555193
6412,A_PuertoRico_8_1934_PB2_535_1793,7.7175255,5.023132,3,6.762256569946951,5.452094065362477
6413,A_PuertoRico_8_1934_PB2_552_1595,3.5687928,3.1991382,0,2.5527971814392396,5.152696836555193
6414,A_PuertoRico_8_1934_PB2_554_1768,4.263504,5.650781,0,2.5527971814392396,5.152696836555193
6415,A_PuertoRico_8_1934_PB2_555_1793,7.770385,5.021052,3,6.762256569946951,5.452094065362477
6416,A_PuertoRico_8_1934_PB2_555_1816,8.693605,4.495153,1,8.550401544412672,2.2072208778165874
6417,A_PuertoRico_8_1934_PB2_557_1608,4.2128987,6.585944,0,2.5527971814392396,5.152696836555193
6418,A_PuertoRico_8_1934_PB2_558_1647,6.2272787,6.326893,3,6.762256569946951,5.452094065362477
6419,A_PuertoRico_8_1934_PB2_558_2139,6.010046,6.292475,-1,,
6420,A_PuertoRico_8_1934_PB2_559_2153,6.386218,6.6834126,3,6.762256569946951,5.452094065362477
6421,A_PuertoRico_8_1934_PB2_560_1697,4.3395677,6.499871,0,2.5527971814392396,5.152696836555193
6422,A_PuertoRico_8_1934_PB2_561_2195,6.523228,4.6815243,3,6.762256569946951,5.452094065362477
6423,A_PuertoRico_8_1934_PB2_563_1690,2.2873683,4.954597,0,2.5527971814392396,5.152696836555193
6424,A_PuertoRico_8_1934_PB2_575_2056,4.4483447,6.2832294,0,2.5527971814392396,5.152696836555193
6425,A_PuertoRico_8_1934_PB2_575_2206,4.457463,6.355497,0,2.5527971814392396,5.152696836555193
6426,A_PuertoRico_8_1934_PB2_576_1691,7.2344737,5.710728,3,6.762256569946951,5.452094065362477
6427,A_PuertoRico_8_1934_PB2_576_1867,6.7985244,5.639441,3,6.762256569946951,5.452094065362477
6428,A_PuertoRico_8_1934_PB2_582_1593,6.671904,5.272611,3,6.762256569946951,5.452094065362477
6429,A_PuertoRico_8_1934_PB2_582_612,7.0951614,5.4004035,3,6.762256569946951,5.452094065362477
6430,A_PuertoRico_8_1934_PB2_598_1651,3.8511724,5.6913996,0,2.5527971814392396,5.152696836555193
6431,A_PuertoRico_8_1934_PB2_603_1702,6.0550866,5.1150103,3,6.762256569946951,5.452094065362477
6432,A_PuertoRico_8_1934_PB2_609_656,1.4328016,5.345509,0,2.5527971814392396,5.152696836555193
6433,A_PuertoRico_8_1934_PB2_612_1708,3.466183,5.2154326,0,2.5527971814392396,5.152696836555193
6434,A_PuertoRico_8_1934_PB2_614_1706,0.27136523,5.242437,0,2.5527971814392396,5.152696836555193
6435,A_PuertoRico_8_1934_PB2_623_1652,5.797823,4.964136,-1,,
6436,A_PuertoRico_8_1934_PB2_627_1931,3.7683094,5.0365815,0,2.5527971814392396,5.152696836555193
6437,A_PuertoRico_8_1934_PB2_629_1560,2.794393,4.7074814,0,2.5527971814392396,5.152696836555193
6438,A_PuertoRico_8_1934_PB2_629_654,2.7819204,4.742666,0,2.5527971814392396,5.152696836555193
6439,A_PuertoRico_8_1934_PB2_637_1638,0.28677684,5.902224,0,2.5527971814392396,5.152696836555193
6440,A_PuertoRico_8_1934_PB2_640_1648,4.3055935,5.5337086,0,2.5527971814392396,5.152696836555193
6441,A_PuertoRico_8_1934_PB2_642_1565,4.5685716,4.4975715,0,2.5527971814392396,5.152696836555193
6442,A_PuertoRico_8_1934_PB2_645_1666,0.1772975,5.6643767,0,2.5527971814392396,5.152696836555193
6443,A_PuertoRico_8_1934_PB2_646_1146,5.256803,5.81062,0,2.5527971814392396,5.152696836555193
6444,A_PuertoRico_8_1934_PB2_646_1603,5.4277267,5.794102,-1,,
6445,A_PuertoRico_8_1934_PB2_648_1559,0.1705204,4.97198,0,2.5527971814392396,5.152696836555193
6446,A_PuertoRico_8_1934_PB2_65_2152,6.1230063,4.461701,-1,,
6447,A_PuertoRico_8_1934_PB2_664_1723,5.1803484,3.8685682,-1,,
6448,A_PuertoRico_8_1934_PB2_668_1671,6.908636,6.6271534,3,6.762256569946951,5.452094065362477
6449,A_PuertoRico_8_1934_PB2_689_1690,2.3120406,4.951784,0,2.5527971814392396,5.152696836555193
6450,A_PuertoRico_8_1934_PB2_712_1561,7.7980165,1.2832961,1,8.550401544412672,2.2072208778165874
6451,A_PuertoRico_8_1934_PB2_739_1740,3.353936,4.850097,0,2.5527971814392396,5.152696836555193
6452,A_PuertoRico_8_1934_PB2_741_1620,7.037799,4.637654,3,6.762256569946951,5.452094065362477
6453,A_PuertoRico_8_1934_PB2_748_1581,4.1062903,5.9450006,0,2.5527971814392396,5.152696836555193
6454,A_PuertoRico_8_1934_PB2_757_1461,4.0338564,6.4499745,0,2.5527971814392396,5.152696836555193
6455,A_PuertoRico_8_1934_PB2_759_1440,3.046292,6.230111,0,2.5527971814392396,5.152696836555193
6456,A_PuertoRico_8_1934_PB2_760_1615,7.7197533,2.3421311,1,8.550401544412672,2.2072208778165874
6457,A_PuertoRico_8_1934_PB2_786_1536,3.305556,5.066911,0,2.5527971814392396,5.152696836555193
6458,A_PuertoRico_8_1934_PB2_811_2141,0.037050486,5.488576,0,2.5527971814392396,5.152696836555193
6459,A_PuertoRico_8_1934_PB2_816_1443,5.661315,5.1311827,-1,,
6460,A_PuertoRico_8_1934_PB2_828_2141,0.022390082,5.4828677,0,2.5527971814392396,5.152696836555193
6461,A_PuertoRico_8_1934_PB2_82_144,7.40859,4.8071513,3,6.762256569946951,5.452094065362477
6462,A_PuertoRico_8_1934_PB2_82_2095,5.482592,5.832054,-1,,
6463,A_PuertoRico_8_1934_PB2_841_1484,1.7052081,5.3524914,0,2.5527971814392396,5.152696836555193
6464,A_PuertoRico_8_1934_PB2_84_2006,6.750738,4.9225454,3,6.762256569946951,5.452094065362477
6465,A_PuertoRico_8_1934_PB2_84_2026,6.1809464,5.4352937,3,6.762256569946951,5.452094065362477
6466,A_PuertoRico_8_1934_PB2_84_2053,6.373013,4.938297,3,6.762256569946951,5.452094065362477
6467,A_PuertoRico_8_1934_PB2_85_2062,4.6236978,4.651341,0,2.5527971814392396,5.152696836555193
6468,A_PuertoRico_8_1934_PB2_86_2067,6.4921346,5.8172956,3,6.762256569946951,5.452094065362477
6469,A_PuertoRico_8_1934_PB2_86_2104,5.090572,6.33711,0,2.5527971814392396,5.152696836555193
6470,A_PuertoRico_8_1934_PB2_87_2044,4.9053135,6.116139,0,2.5527971814392396,5.152696836555193
6471,A_PuertoRico_8_1934_PB2_883_1591,8.960404,2.17477,1,8.550401544412672,2.2072208778165874
6472,A_PuertoRico_8_1934_PB2_88_118,7.707993,4.321446,-1,,
6473,A_PuertoRico_8_1934_PB2_88_139,7.5735874,4.228121,-1,,
6474,A_PuertoRico_8_1934_PB2_88_192,7.5264373,4.4643736,-1,,
6475,A_PuertoRico_8_1934_PB2_88_2044,7.5982904,4.4172215,-1,,
6476,A_PuertoRico_8_1934_PB2_90_129,7.718655,4.860562,3,6.762256569946951,5.452094065362477
6477,A_PuertoRico_8_1934_PB2_90_131,7.5806527,4.767027,3,6.762256569946951,5.452094065362477
6478,A_PuertoRico_8_1934_PB2_90_133,7.662872,4.8200736,3,6.762256569946951,5.452094065362477
6479,A_PuertoRico_8_1934_PB2_90_136,7.6469803,4.807086,3,6.762256569946951,5.452094065362477
6480,A_PuertoRico_8_1934_PB2_90_144,7.5491776,4.8289223,3,6.762256569946951,5.452094065362477
6481,A_PuertoRico_8_1934_PB2_90_164,7.635606,4.895042,3,6.762256569946951,5.452094065362477
6482,A_PuertoRico_8_1934_PB2_90_1793,7.7404647,4.995969,3,6.762256569946951,5.452094065362477
6483,A_PuertoRico_8_1934_PB2_90_192,7.5714417,4.64192,3,6.762256569946951,5.452094065362477
6484,A_PuertoRico_8_1934_PB2_90_2026,6.182502,5.413131,3,6.762256569946951,5.452094065362477
6485,A_PuertoRico_8_1934_PB2_91_119,7.0074525,6.3803787,3,6.762256569946951,5.452094065362477
6486,A_PuertoRico_8_1934_PB2_91_123,6.996338,6.4327474,3,6.762256569946951,5.452094065362477
6487,A_PuertoRico_8_1934_PB2_91_2004,6.9556255,6.554045,3,6.762256569946951,5.452094065362477
6488,A_PuertoRico_8_1934_PB2_91_2157,4.688554,5.4578266,0,2.5527971814392396,5.152696836555193
6489,A_PuertoRico_8_1934_PB2_91_218,7.0616183,6.388806,3,6.762256569946951,5.452094065362477
6490,A_PuertoRico_8_1934_PB2_922_2211,6.99558,5.1986713,3,6.762256569946951,5.452094065362477
6491,A_PuertoRico_8_1934_PB2_92_116,10.614469,5.5549526,2,9.754804976206675,6.521976917349043
6492,A_PuertoRico_8_1934_PB2_94_122,7.4566402,4.7541924,3,6.762256569946951,5.452094065362477
6493,A_PuertoRico_8_1934_PB2_94_2123,6.7271285,4.9356284,3,6.762256569946951,5.452094065362477
6494,A_PuertoRico_8_1934_PB2_961_2065,5.921132,5.1165295,3,6.762256569946951,5.452094065362477
6495,A_PuertoRico_8_1934_PB2_97_122,7.3164034,4.814718,3,6.762256569946951,5.452094065362477
6496,A_PuertoRico_8_1934_PB2_97_164,7.3326187,4.9564056,3,6.762256569946951,5.452094065362477
6497,A_PuertoRico_8_1934_PB2_97_1975,6.749956,5.0511637,3,6.762256569946951,5.452094065362477
6498,A_PuertoRico_8_1934_PB2_97_1993,6.878583,5.0157447,3,6.762256569946951,5.452094065362477
6499,A_PuertoRico_8_1934_PB2_97_2139,6.058551,6.1407743,3,6.762256569946951,5.452094065362477
6500,A_PuertoRico_8_1934_PB2_97_2152,6.293698,4.526631,3,6.762256569946951,5.452094065362477
6501,A_PuertoRico_8_1934_PB2_98_130,3.670788,4.503608,0,2.5527971814392396,5.152696836555193
6502,A_PuertoRico_8_1934_PB2_98_2005,3.4441729,4.769484,0,2.5527971814392396,5.152696836555193
6503,A_PuertoRico_8_1934_PB2_98_2013,3.740021,4.560324,0,2.5527971814392396,5.152696836555193
