Segment,Start,End,NGS_read_count,ACC_num,Cells,Context,Compartment,Resolution
M,125,1013,2,SRR10013092,human,in vivo,extracellular,bulk
NA,1372,1454,2,SRR10013092,human,in vivo,extracellular,bulk
NA,262,368,1,SRR10013092,human,in vivo,extracellular,bulk
NA,344,477,5,SRR10013092,human,in vivo,extracellular,bulk
NA,344,956,1,SRR10013092,human,in vivo,extracellular,bulk
NA,472,650,7,SRR10013092,human,in vivo,extracellular,bulk
NA,560,1310,1,SRR10013092,human,in vivo,extracellular,bulk
NA,572,1299,1,SRR10013092,human,in vivo,extracellular,bulk
NA,622,881,1,SRR10013092,human,in vivo,extracellular,bulk
NA,973,1277,1,SRR10013092,human,in vivo,extracellular,bulk
NP,499,1208,1,SRR10013092,human,in vivo,extracellular,bulk
NP,832,1571,3,SRR10013092,human,in vivo,extracellular,bulk
NP,854,1462,2,SRR10013092,human,in vivo,extracellular,bulk
NP,90,1257,2,SRR10013092,human,in vivo,extracellular,bulk
NS,431,873,1,SRR10013092,human,in vivo,extracellular,bulk
PA,1118,1157,2,SRR10013092,human,in vivo,extracellular,bulk
PA,1201,1246,1,SRR10013092,human,in vivo,extracellular,bulk
PA,1396,1889,1,SRR10013092,human,in vivo,extracellular,bulk
PA,183,745,1,SRR10013092,human,in vivo,extracellular,bulk
PA,200,1911,1,SRR10013092,human,in vivo,extracellular,bulk
PA,203,444,1,SRR10013092,human,in vivo,extracellular,bulk
PA,529,915,1,SRR10013092,human,in vivo,extracellular,bulk
PA,556,1634,5,SRR10013092,human,in vivo,extracellular,bulk
PA,609,2149,1,SRR10013092,human,in vivo,extracellular,bulk
PB1,1103,2088,1,SRR10013092,human,in vivo,extracellular,bulk
PB1,1167,1831,3,SRR10013092,human,in vivo,extracellular,bulk
PB1,1253,1673,1,SRR10013092,human,in vivo,extracellular,bulk
PB1,290,2175,5,SRR10013092,human,in vivo,extracellular,bulk
PB1,326,2162,27,SRR10013092,human,in vivo,extracellular,bulk
PB1,403,1785,3,SRR10013092,human,in vivo,extracellular,bulk
PB1,460,1423,1,SRR10013092,human,in vivo,extracellular,bulk
PB1,557,1871,1,SRR10013092,human,in vivo,extracellular,bulk
PB2,225,554,1,SRR10013092,human,in vivo,extracellular,bulk
PB2,516,960,1,SRR10013092,human,in vivo,extracellular,bulk
PB2,592,845,1,SRR10013092,human,in vivo,extracellular,bulk
PB2,726,2046,1,SRR10013092,human,in vivo,extracellular,bulk
PB2,867,1931,1,SRR10013092,human,in vivo,extracellular,bulk
HA,1108,1290,1,SRR10013237,human,in vivo,extracellular,bulk
HA,202,1130,1,SRR10013237,human,in vivo,extracellular,bulk
HA,817,1120,1,SRR10013237,human,in vivo,extracellular,bulk
HA,993,1058,1,SRR10013237,human,in vivo,extracellular,bulk
M,138,448,1,SRR10013237,human,in vivo,extracellular,bulk
M,183,904,2,SRR10013237,human,in vivo,extracellular,bulk
M,254,797,1,SRR10013237,human,in vivo,extracellular,bulk
M,301,611,1,SRR10013237,human,in vivo,extracellular,bulk
M,301,949,1,SRR10013237,human,in vivo,extracellular,bulk
M,314,591,1,SRR10013237,human,in vivo,extracellular,bulk
M,315,591,1,SRR10013237,human,in vivo,extracellular,bulk
M,326,378,1,SRR10013237,human,in vivo,extracellular,bulk
M,327,641,1,SRR10013237,human,in vivo,extracellular,bulk
M,329,823,1,SRR10013237,human,in vivo,extracellular,bulk
M,369,587,1,SRR10013237,human,in vivo,extracellular,bulk
M,36,522,1,SRR10013237,human,in vivo,extracellular,bulk
M,414,540,1,SRR10013237,human,in vivo,extracellular,bulk
M,470,540,1,SRR10013237,human,in vivo,extracellular,bulk
M,516,733,1,SRR10013237,human,in vivo,extracellular,bulk
M,61,547,1,SRR10013237,human,in vivo,extracellular,bulk
M,678,828,1,SRR10013237,human,in vivo,extracellular,bulk
M,856,899,1,SRR10013237,human,in vivo,extracellular,bulk
NA,102,1269,1,SRR10013237,human,in vivo,extracellular,bulk
NA,105,1304,3,SRR10013237,human,in vivo,extracellular,bulk
NA,1184,1319,1,SRR10013237,human,in vivo,extracellular,bulk
NA,233,282,1,SRR10013237,human,in vivo,extracellular,bulk
NA,235,1361,2,SRR10013237,human,in vivo,extracellular,bulk
NA,245,577,1,SRR10013237,human,in vivo,extracellular,bulk
NA,246,268,1,SRR10013237,human,in vivo,extracellular,bulk
NA,273,1108,1,SRR10013237,human,in vivo,extracellular,bulk
NA,327,1221,1,SRR10013237,human,in vivo,extracellular,bulk
NA,344,1188,3,SRR10013237,human,in vivo,extracellular,bulk
NA,404,1017,1,SRR10013237,human,in vivo,extracellular,bulk
NA,455,1312,2,SRR10013237,human,in vivo,extracellular,bulk
NA,465,1186,1,SRR10013237,human,in vivo,extracellular,bulk
NA,465,596,1,SRR10013237,human,in vivo,extracellular,bulk
NA,496,1075,1,SRR10013237,human,in vivo,extracellular,bulk
NA,511,546,1,SRR10013237,human,in vivo,extracellular,bulk
NA,622,645,1,SRR10013237,human,in vivo,extracellular,bulk
NA,725,883,1,SRR10013237,human,in vivo,extracellular,bulk
NA,743,775,1,SRR10013237,human,in vivo,extracellular,bulk
NA,76,1303,1,SRR10013237,human,in vivo,extracellular,bulk
NP,1030,1142,1,SRR10013237,human,in vivo,extracellular,bulk
NP,123,1446,1,SRR10013237,human,in vivo,extracellular,bulk
NP,134,1386,2,SRR10013237,human,in vivo,extracellular,bulk
NP,137,1384,3,SRR10013237,human,in vivo,extracellular,bulk
NP,161,1426,1,SRR10013237,human,in vivo,extracellular,bulk
NP,250,1661,1,SRR10013237,human,in vivo,extracellular,bulk
NP,392,1461,1,SRR10013237,human,in vivo,extracellular,bulk
NP,462,1537,1,SRR10013237,human,in vivo,extracellular,bulk
NP,578,1041,1,SRR10013237,human,in vivo,extracellular,bulk
NP,833,1261,1,SRR10013237,human,in vivo,extracellular,bulk
NS,319,642,1,SRR10013237,human,in vivo,extracellular,bulk
NS,613,800,1,SRR10013237,human,in vivo,extracellular,bulk
NS,696,721,1,SRR10013237,human,in vivo,extracellular,bulk
NS,699,995,1,SRR10013237,human,in vivo,extracellular,bulk
NS,778,945,1,SRR10013237,human,in vivo,extracellular,bulk
PA,1016,1193,1,SRR10013237,human,in vivo,extracellular,bulk
PA,101,2145,2,SRR10013237,human,in vivo,extracellular,bulk
PA,1150,1311,1,SRR10013237,human,in vivo,extracellular,bulk
PA,1234,1403,1,SRR10013237,human,in vivo,extracellular,bulk
PA,1248,1313,1,SRR10013237,human,in vivo,extracellular,bulk
PA,1261,1706,1,SRR10013237,human,in vivo,extracellular,bulk
PA,151,1514,1,SRR10013237,human,in vivo,extracellular,bulk
PA,152,1845,3,SRR10013237,human,in vivo,extracellular,bulk
PA,159,190,1,SRR10013237,human,in vivo,extracellular,bulk
PA,182,1167,1,SRR10013237,human,in vivo,extracellular,bulk
PA,1875,1971,2,SRR10013237,human,in vivo,extracellular,bulk
PA,197,2042,3,SRR10013237,human,in vivo,extracellular,bulk
PA,207,1971,5,SRR10013237,human,in vivo,extracellular,bulk
PA,219,1993,3,SRR10013237,human,in vivo,extracellular,bulk
PA,245,640,1,SRR10013237,human,in vivo,extracellular,bulk
PA,251,1388,1,SRR10013237,human,in vivo,extracellular,bulk
PA,263,2061,1,SRR10013237,human,in vivo,extracellular,bulk
PA,275,851,1,SRR10013237,human,in vivo,extracellular,bulk
PA,299,2063,2,SRR10013237,human,in vivo,extracellular,bulk
PA,311,1845,1,SRR10013237,human,in vivo,extracellular,bulk
PA,315,447,2,SRR10013237,human,in vivo,extracellular,bulk
PA,316,1652,2,SRR10013237,human,in vivo,extracellular,bulk
PA,319,1160,1,SRR10013237,human,in vivo,extracellular,bulk
PA,322,1910,1,SRR10013237,human,in vivo,extracellular,bulk
PA,329,1830,1,SRR10013237,human,in vivo,extracellular,bulk
PA,330,1987,2,SRR10013237,human,in vivo,extracellular,bulk
PA,353,1937,1,SRR10013237,human,in vivo,extracellular,bulk
PA,353,1959,1,SRR10013237,human,in vivo,extracellular,bulk
PA,354,1372,2,SRR10013237,human,in vivo,extracellular,bulk
PA,357,1864,1,SRR10013237,human,in vivo,extracellular,bulk
PA,375,1904,2,SRR10013237,human,in vivo,extracellular,bulk
PA,379,1898,2,SRR10013237,human,in vivo,extracellular,bulk
PA,40,627,1,SRR10013237,human,in vivo,extracellular,bulk
PA,419,1006,1,SRR10013237,human,in vivo,extracellular,bulk
PA,419,1822,1,SRR10013237,human,in vivo,extracellular,bulk
PA,421,1878,1,SRR10013237,human,in vivo,extracellular,bulk
PA,423,1822,1,SRR10013237,human,in vivo,extracellular,bulk
PA,426,1870,5,SRR10013237,human,in vivo,extracellular,bulk
PA,467,1966,1,SRR10013237,human,in vivo,extracellular,bulk
PA,475,1358,1,SRR10013237,human,in vivo,extracellular,bulk
PA,48,75,2,SRR10013237,human,in vivo,extracellular,bulk
PA,511,2048,1,SRR10013237,human,in vivo,extracellular,bulk
PA,527,1839,1,SRR10013237,human,in vivo,extracellular,bulk
PA,52,1172,1,SRR10013237,human,in vivo,extracellular,bulk
PA,551,1827,1,SRR10013237,human,in vivo,extracellular,bulk
PA,554,1906,2,SRR10013237,human,in vivo,extracellular,bulk
PA,562,1734,1,SRR10013237,human,in vivo,extracellular,bulk
PA,563,1847,1,SRR10013237,human,in vivo,extracellular,bulk
PA,61,1647,1,SRR10013237,human,in vivo,extracellular,bulk
PA,700,1519,1,SRR10013237,human,in vivo,extracellular,bulk
PA,733,1160,1,SRR10013237,human,in vivo,extracellular,bulk
PA,777,1647,1,SRR10013237,human,in vivo,extracellular,bulk
PA,998,1752,1,SRR10013237,human,in vivo,extracellular,bulk
PB1,100,2144,1,SRR10013237,human,in vivo,extracellular,bulk
PB1,1021,1775,2,SRR10013237,human,in vivo,extracellular,bulk
PB1,102,2042,1,SRR10013237,human,in vivo,extracellular,bulk
PB1,102,904,1,SRR10013237,human,in vivo,extracellular,bulk
PB1,1335,2056,1,SRR10013237,human,in vivo,extracellular,bulk
PB1,1407,2045,1,SRR10013237,human,in vivo,extracellular,bulk
PB1,149,1228,1,SRR10013237,human,in vivo,extracellular,bulk
PB1,1591,1730,1,SRR10013237,human,in vivo,extracellular,bulk
PB1,1591,1863,1,SRR10013237,human,in vivo,extracellular,bulk
PB1,209,2053,2,SRR10013237,human,in vivo,extracellular,bulk
PB1,219,1778,2,SRR10013237,human,in vivo,extracellular,bulk
PB1,220,2151,1,SRR10013237,human,in vivo,extracellular,bulk
PB1,221,2066,3,SRR10013237,human,in vivo,extracellular,bulk
PB1,224,2144,2,SRR10013237,human,in vivo,extracellular,bulk
PB1,225,2151,1,SRR10013237,human,in vivo,extracellular,bulk
PB1,268,2045,1,SRR10013237,human,in vivo,extracellular,bulk
PB1,269,1896,2,SRR10013237,human,in vivo,extracellular,bulk
PB1,272,1895,3,SRR10013237,human,in vivo,extracellular,bulk
PB1,276,1897,2,SRR10013237,human,in vivo,extracellular,bulk
PB1,276,2045,6,SRR10013237,human,in vivo,extracellular,bulk
PB1,276,2069,2,SRR10013237,human,in vivo,extracellular,bulk
PB1,278,1896,2,SRR10013237,human,in vivo,extracellular,bulk
PB1,279,2059,2,SRR10013237,human,in vivo,extracellular,bulk
PB1,326,2151,1,SRR10013237,human,in vivo,extracellular,bulk
PB1,339,2091,2,SRR10013237,human,in vivo,extracellular,bulk
PB1,365,1016,1,SRR10013237,human,in vivo,extracellular,bulk
PB1,365,1680,1,SRR10013237,human,in vivo,extracellular,bulk
PB1,367,2084,1,SRR10013237,human,in vivo,extracellular,bulk
PB1,36,1783,1,SRR10013237,human,in vivo,extracellular,bulk
PB1,381,1882,1,SRR10013237,human,in vivo,extracellular,bulk
PB1,382,1865,4,SRR10013237,human,in vivo,extracellular,bulk
PB1,382,1976,1,SRR10013237,human,in vivo,extracellular,bulk
PB1,383,1866,1,SRR10013237,human,in vivo,extracellular,bulk
PB1,387,1397,1,SRR10013237,human,in vivo,extracellular,bulk
PB1,396,1850,1,SRR10013237,human,in vivo,extracellular,bulk
PB1,400,1789,2,SRR10013237,human,in vivo,extracellular,bulk
PB1,402,1864,3,SRR10013237,human,in vivo,extracellular,bulk
PB1,422,1772,1,SRR10013237,human,in vivo,extracellular,bulk
PB1,465,1788,1,SRR10013237,human,in vivo,extracellular,bulk
PB1,474,1851,1,SRR10013237,human,in vivo,extracellular,bulk
PB1,559,1781,1,SRR10013237,human,in vivo,extracellular,bulk
PB1,562,1655,1,SRR10013237,human,in vivo,extracellular,bulk
PB1,565,1784,1,SRR10013237,human,in vivo,extracellular,bulk
PB1,574,1779,2,SRR10013237,human,in vivo,extracellular,bulk
PB1,578,1740,2,SRR10013237,human,in vivo,extracellular,bulk
PB1,594,1426,1,SRR10013237,human,in vivo,extracellular,bulk
PB1,603,1738,2,SRR10013237,human,in vivo,extracellular,bulk
PB1,604,1736,1,SRR10013237,human,in vivo,extracellular,bulk
PB1,783,2071,1,SRR10013237,human,in vivo,extracellular,bulk
PB1,799,1566,1,SRR10013237,human,in vivo,extracellular,bulk
PB1,803,1182,1,SRR10013237,human,in vivo,extracellular,bulk
PB1,85,114,1,SRR10013237,human,in vivo,extracellular,bulk
PB1,867,1549,2,SRR10013237,human,in vivo,extracellular,bulk
PB1,873,1795,1,SRR10013237,human,in vivo,extracellular,bulk
PB1,886,1475,1,SRR10013237,human,in vivo,extracellular,bulk
PB1,906,2030,1,SRR10013237,human,in vivo,extracellular,bulk
PB2,1037,2058,3,SRR10013237,human,in vivo,extracellular,bulk
PB2,1044,2035,3,SRR10013237,human,in vivo,extracellular,bulk
PB2,1243,1724,1,SRR10013237,human,in vivo,extracellular,bulk
PB2,1245,1726,2,SRR10013237,human,in vivo,extracellular,bulk
PB2,1534,1987,1,SRR10013237,human,in vivo,extracellular,bulk
PB2,2080,2109,1,SRR10013237,human,in vivo,extracellular,bulk
PB2,216,2121,1,SRR10013237,human,in vivo,extracellular,bulk
PB2,222,2110,1,SRR10013237,human,in vivo,extracellular,bulk
PB2,222,2122,1,SRR10013237,human,in vivo,extracellular,bulk
PB2,222,2136,2,SRR10013237,human,in vivo,extracellular,bulk
PB2,274,1286,1,SRR10013237,human,in vivo,extracellular,bulk
PB2,312,1991,1,SRR10013237,human,in vivo,extracellular,bulk
PB2,428,1712,1,SRR10013237,human,in vivo,extracellular,bulk
PB2,47,936,1,SRR10013237,human,in vivo,extracellular,bulk
PB2,527,1619,1,SRR10013237,human,in vivo,extracellular,bulk
PB2,559,1619,1,SRR10013237,human,in vivo,extracellular,bulk
PB2,717,2263,1,SRR10013237,human,in vivo,extracellular,bulk
PB2,726,2046,2,SRR10013237,human,in vivo,extracellular,bulk
PB2,729,1717,1,SRR10013237,human,in vivo,extracellular,bulk
PB2,730,2050,2,SRR10013237,human,in vivo,extracellular,bulk
PB2,735,1478,3,SRR10013237,human,in vivo,extracellular,bulk
PB2,744,1373,1,SRR10013237,human,in vivo,extracellular,bulk
PB2,744,1702,1,SRR10013237,human,in vivo,extracellular,bulk
HA,1316,1809,1,SRR10013181,human,in vivo,extracellular,bulk
HA,66,1109,1,SRR10013181,human,in vivo,extracellular,bulk
HA,79,1098,1,SRR10013181,human,in vivo,extracellular,bulk
HA,988,1673,1,SRR10013181,human,in vivo,extracellular,bulk
M,147,206,1,SRR10013181,human,in vivo,extracellular,bulk
M,160,191,1,SRR10013181,human,in vivo,extracellular,bulk
M,180,942,1,SRR10013181,human,in vivo,extracellular,bulk
M,220,895,1,SRR10013181,human,in vivo,extracellular,bulk
M,252,503,1,SRR10013181,human,in vivo,extracellular,bulk
M,294,953,3,SRR10013181,human,in vivo,extracellular,bulk
M,313,960,1,SRR10013181,human,in vivo,extracellular,bulk
M,318,966,1,SRR10013181,human,in vivo,extracellular,bulk
M,327,377,1,SRR10013181,human,in vivo,extracellular,bulk
M,327,974,1,SRR10013181,human,in vivo,extracellular,bulk
M,332,375,1,SRR10013181,human,in vivo,extracellular,bulk
M,332,376,1,SRR10013181,human,in vivo,extracellular,bulk
M,340,370,1,SRR10013181,human,in vivo,extracellular,bulk
M,362,407,2,SRR10013181,human,in vivo,extracellular,bulk
M,396,580,1,SRR10013181,human,in vivo,extracellular,bulk
M,468,549,1,SRR10013181,human,in vivo,extracellular,bulk
M,488,754,1,SRR10013181,human,in vivo,extracellular,bulk
M,498,567,1,SRR10013181,human,in vivo,extracellular,bulk
M,620,682,1,SRR10013181,human,in vivo,extracellular,bulk
NA,1014,1057,1,SRR10013181,human,in vivo,extracellular,bulk
NA,213,428,1,SRR10013181,human,in vivo,extracellular,bulk
NA,224,290,1,SRR10013181,human,in vivo,extracellular,bulk
NA,261,361,1,SRR10013181,human,in vivo,extracellular,bulk
NA,302,1151,1,SRR10013181,human,in vivo,extracellular,bulk
NA,344,1188,3,SRR10013181,human,in vivo,extracellular,bulk
NA,572,710,7,SRR10013181,human,in vivo,extracellular,bulk
NA,698,728,1,SRR10013181,human,in vivo,extracellular,bulk
NA,771,1183,1,SRR10013181,human,in vivo,extracellular,bulk
NA,989,1023,1,SRR10013181,human,in vivo,extracellular,bulk
NP,134,1386,1,SRR10013181,human,in vivo,extracellular,bulk
NP,1665,1697,1,SRR10013181,human,in vivo,extracellular,bulk
NP,173,921,1,SRR10013181,human,in vivo,extracellular,bulk
NP,197,1675,1,SRR10013181,human,in vivo,extracellular,bulk
NP,343,1709,1,SRR10013181,human,in vivo,extracellular,bulk
NP,361,1541,1,SRR10013181,human,in vivo,extracellular,bulk
NP,639,777,1,SRR10013181,human,in vivo,extracellular,bulk
NP,670,1787,1,SRR10013181,human,in vivo,extracellular,bulk
NP,788,1410,3,SRR10013181,human,in vivo,extracellular,bulk
NP,95,175,1,SRR10013181,human,in vivo,extracellular,bulk
PA,1042,1549,1,SRR10013181,human,in vivo,extracellular,bulk
PA,1183,1708,1,SRR10013181,human,in vivo,extracellular,bulk
PA,1246,1331,2,SRR10013181,human,in vivo,extracellular,bulk
PA,138,856,1,SRR10013181,human,in vivo,extracellular,bulk
PA,1581,1842,1,SRR10013181,human,in vivo,extracellular,bulk
PA,1635,1850,1,SRR10013181,human,in vivo,extracellular,bulk
PA,165,237,1,SRR10013181,human,in vivo,extracellular,bulk
PA,1661,1690,1,SRR10013181,human,in vivo,extracellular,bulk
PA,1828,2005,1,SRR10013181,human,in vivo,extracellular,bulk
PA,1843,1892,1,SRR10013181,human,in vivo,extracellular,bulk
PA,1906,1958,1,SRR10013181,human,in vivo,extracellular,bulk
PA,194,1423,1,SRR10013181,human,in vivo,extracellular,bulk
PA,1952,2125,1,SRR10013181,human,in vivo,extracellular,bulk
PA,206,2019,1,SRR10013181,human,in vivo,extracellular,bulk
PA,214,2026,1,SRR10013181,human,in vivo,extracellular,bulk
PA,221,1439,1,SRR10013181,human,in vivo,extracellular,bulk
PA,229,916,2,SRR10013181,human,in vivo,extracellular,bulk
PA,256,1419,1,SRR10013181,human,in vivo,extracellular,bulk
PA,266,1429,3,SRR10013181,human,in vivo,extracellular,bulk
PA,271,544,1,SRR10013181,human,in vivo,extracellular,bulk
PA,281,1435,1,SRR10013181,human,in vivo,extracellular,bulk
PA,282,315,1,SRR10013181,human,in vivo,extracellular,bulk
PA,282,446,1,SRR10013181,human,in vivo,extracellular,bulk
PA,285,1121,1,SRR10013181,human,in vivo,extracellular,bulk
PA,319,2075,1,SRR10013181,human,in vivo,extracellular,bulk
PA,324,537,1,SRR10013181,human,in vivo,extracellular,bulk
PA,470,972,1,SRR10013181,human,in vivo,extracellular,bulk
PA,471,1235,2,SRR10013181,human,in vivo,extracellular,bulk
PA,53,245,1,SRR10013181,human,in vivo,extracellular,bulk
PA,608,1147,1,SRR10013181,human,in vivo,extracellular,bulk
PA,631,1085,1,SRR10013181,human,in vivo,extracellular,bulk
PA,751,1448,5,SRR10013181,human,in vivo,extracellular,bulk
PA,778,802,2,SRR10013181,human,in vivo,extracellular,bulk
PA,876,1552,1,SRR10013181,human,in vivo,extracellular,bulk
PA,878,1238,5,SRR10013181,human,in vivo,extracellular,bulk
PA,91,164,1,SRR10013181,human,in vivo,extracellular,bulk
PA,952,1261,1,SRR10013181,human,in vivo,extracellular,bulk
PB1,1167,1831,1,SRR10013181,human,in vivo,extracellular,bulk
PB1,1254,1490,1,SRR10013181,human,in vivo,extracellular,bulk
PB1,290,2175,8,SRR10013181,human,in vivo,extracellular,bulk
PB1,291,1366,6,SRR10013181,human,in vivo,extracellular,bulk
PB1,326,2162,52,SRR10013181,human,in vivo,extracellular,bulk
PB1,367,1900,2,SRR10013181,human,in vivo,extracellular,bulk
PB1,381,1900,1,SRR10013181,human,in vivo,extracellular,bulk
PB1,409,1084,1,SRR10013181,human,in vivo,extracellular,bulk
PB1,427,1851,1,SRR10013181,human,in vivo,extracellular,bulk
PB1,480,1861,1,SRR10013181,human,in vivo,extracellular,bulk
PB1,590,1459,1,SRR10013181,human,in vivo,extracellular,bulk
PB1,70,1820,1,SRR10013181,human,in vivo,extracellular,bulk
PB1,71,456,1,SRR10013181,human,in vivo,extracellular,bulk
PB1,874,994,2,SRR10013181,human,in vivo,extracellular,bulk
PB1,894,1007,1,SRR10013181,human,in vivo,extracellular,bulk
PB1,909,2057,1,SRR10013181,human,in vivo,extracellular,bulk
PB1,916,1459,1,SRR10013181,human,in vivo,extracellular,bulk
PB2,100,2122,43,SRR10013181,human,in vivo,extracellular,bulk
PB2,1065,2022,2,SRR10013181,human,in vivo,extracellular,bulk
PB2,1071,1626,1,SRR10013181,human,in vivo,extracellular,bulk
PB2,1080,1193,1,SRR10013181,human,in vivo,extracellular,bulk
PB2,108,1947,1,SRR10013181,human,in vivo,extracellular,bulk
PB2,1231,1684,1,SRR10013181,human,in vivo,extracellular,bulk
PB2,1241,1476,2,SRR10013181,human,in vivo,extracellular,bulk
PB2,1243,1724,1,SRR10013181,human,in vivo,extracellular,bulk
PB2,1376,1635,1,SRR10013181,human,in vivo,extracellular,bulk
PB2,1578,1792,1,SRR10013181,human,in vivo,extracellular,bulk
PB2,1973,2311,1,SRR10013181,human,in vivo,extracellular,bulk
PB2,225,554,2,SRR10013181,human,in vivo,extracellular,bulk
PB2,261,557,1,SRR10013181,human,in vivo,extracellular,bulk
PB2,297,2124,1,SRR10013181,human,in vivo,extracellular,bulk
PB2,371,393,2,SRR10013181,human,in vivo,extracellular,bulk
PB2,574,1490,1,SRR10013181,human,in vivo,extracellular,bulk
PB2,588,2048,1,SRR10013181,human,in vivo,extracellular,bulk
PB2,699,856,1,SRR10013181,human,in vivo,extracellular,bulk
PB2,726,2046,2,SRR10013181,human,in vivo,extracellular,bulk
PB2,744,1373,2,SRR10013181,human,in vivo,extracellular,bulk
PB2,753,1051,1,SRR10013181,human,in vivo,extracellular,bulk
PB2,868,1724,1,SRR10013181,human,in vivo,extracellular,bulk
HA,1157,1690,1,SRR10013242,human,in vivo,extracellular,bulk
HA,200,1118,1,SRR10013242,human,in vivo,extracellular,bulk
HA,202,1000,1,SRR10013242,human,in vivo,extracellular,bulk
HA,202,1130,1,SRR10013242,human,in vivo,extracellular,bulk
HA,202,1514,1,SRR10013242,human,in vivo,extracellular,bulk
HA,815,1742,1,SRR10013242,human,in vivo,extracellular,bulk
HA,939,962,1,SRR10013242,human,in vivo,extracellular,bulk
HA,949,1075,1,SRR10013242,human,in vivo,extracellular,bulk
HA,99,618,1,SRR10013242,human,in vivo,extracellular,bulk
M,132,1052,1,SRR10013242,human,in vivo,extracellular,bulk
M,136,1012,2,SRR10013242,human,in vivo,extracellular,bulk
M,143,586,2,SRR10013242,human,in vivo,extracellular,bulk
M,170,299,1,SRR10013242,human,in vivo,extracellular,bulk
M,189,355,1,SRR10013242,human,in vivo,extracellular,bulk
M,195,522,1,SRR10013242,human,in vivo,extracellular,bulk
M,240,493,1,SRR10013242,human,in vivo,extracellular,bulk
M,248,479,1,SRR10013242,human,in vivo,extracellular,bulk
M,248,562,1,SRR10013242,human,in vivo,extracellular,bulk
M,252,503,1,SRR10013242,human,in vivo,extracellular,bulk
M,276,523,1,SRR10013242,human,in vivo,extracellular,bulk
M,279,568,2,SRR10013242,human,in vivo,extracellular,bulk
M,289,671,1,SRR10013242,human,in vivo,extracellular,bulk
M,290,945,1,SRR10013242,human,in vivo,extracellular,bulk
M,301,611,1,SRR10013242,human,in vivo,extracellular,bulk
M,313,538,1,SRR10013242,human,in vivo,extracellular,bulk
M,333,644,1,SRR10013242,human,in vivo,extracellular,bulk
M,341,868,2,SRR10013242,human,in vivo,extracellular,bulk
M,348,812,1,SRR10013242,human,in vivo,extracellular,bulk
M,35,649,1,SRR10013242,human,in vivo,extracellular,bulk
M,488,824,1,SRR10013242,human,in vivo,extracellular,bulk
M,498,567,1,SRR10013242,human,in vivo,extracellular,bulk
M,540,804,1,SRR10013242,human,in vivo,extracellular,bulk
M,57,609,1,SRR10013242,human,in vivo,extracellular,bulk
M,582,702,1,SRR10013242,human,in vivo,extracellular,bulk
M,588,858,1,SRR10013242,human,in vivo,extracellular,bulk
M,606,889,1,SRR10013242,human,in vivo,extracellular,bulk
M,61,547,2,SRR10013242,human,in vivo,extracellular,bulk
M,620,706,1,SRR10013242,human,in vivo,extracellular,bulk
M,643,707,1,SRR10013242,human,in vivo,extracellular,bulk
M,66,703,1,SRR10013242,human,in vivo,extracellular,bulk
M,71,569,1,SRR10013242,human,in vivo,extracellular,bulk
M,74,567,1,SRR10013242,human,in vivo,extracellular,bulk
M,83,567,2,SRR10013242,human,in vivo,extracellular,bulk
M,900,964,3,SRR10013242,human,in vivo,extracellular,bulk
M,957,1036,1,SRR10013242,human,in vivo,extracellular,bulk
NA,1047,1152,1,SRR10013242,human,in vivo,extracellular,bulk
NA,111,769,1,SRR10013242,human,in vivo,extracellular,bulk
NA,1133,1291,1,SRR10013242,human,in vivo,extracellular,bulk
NA,1162,1319,1,SRR10013242,human,in vivo,extracellular,bulk
NA,1164,1310,1,SRR10013242,human,in vivo,extracellular,bulk
NA,1373,1475,1,SRR10013242,human,in vivo,extracellular,bulk
NA,181,814,1,SRR10013242,human,in vivo,extracellular,bulk
NA,184,700,1,SRR10013242,human,in vivo,extracellular,bulk
NA,211,1298,1,SRR10013242,human,in vivo,extracellular,bulk
NA,212,505,1,SRR10013242,human,in vivo,extracellular,bulk
NA,235,1361,1,SRR10013242,human,in vivo,extracellular,bulk
NA,247,669,1,SRR10013242,human,in vivo,extracellular,bulk
NA,252,793,1,SRR10013242,human,in vivo,extracellular,bulk
NA,260,1012,1,SRR10013242,human,in vivo,extracellular,bulk
NA,260,1073,1,SRR10013242,human,in vivo,extracellular,bulk
NA,273,1004,1,SRR10013242,human,in vivo,extracellular,bulk
NA,274,1324,1,SRR10013242,human,in vivo,extracellular,bulk
NA,293,808,1,SRR10013242,human,in vivo,extracellular,bulk
NA,298,1167,1,SRR10013242,human,in vivo,extracellular,bulk
NA,299,1427,3,SRR10013242,human,in vivo,extracellular,bulk
NA,300,763,1,SRR10013242,human,in vivo,extracellular,bulk
NA,343,1226,1,SRR10013242,human,in vivo,extracellular,bulk
NA,344,1188,2,SRR10013242,human,in vivo,extracellular,bulk
NA,362,1353,1,SRR10013242,human,in vivo,extracellular,bulk
NA,375,449,1,SRR10013242,human,in vivo,extracellular,bulk
NA,380,1064,3,SRR10013242,human,in vivo,extracellular,bulk
NA,380,1069,1,SRR10013242,human,in vivo,extracellular,bulk
NA,380,1310,2,SRR10013242,human,in vivo,extracellular,bulk
NA,387,937,1,SRR10013242,human,in vivo,extracellular,bulk
NA,393,636,2,SRR10013242,human,in vivo,extracellular,bulk
NA,399,1225,1,SRR10013242,human,in vivo,extracellular,bulk
NA,404,1017,2,SRR10013242,human,in vivo,extracellular,bulk
NA,404,777,1,SRR10013242,human,in vivo,extracellular,bulk
NA,421,1265,1,SRR10013242,human,in vivo,extracellular,bulk
NA,432,750,1,SRR10013242,human,in vivo,extracellular,bulk
NA,455,1312,1,SRR10013242,human,in vivo,extracellular,bulk
NA,464,487,1,SRR10013242,human,in vivo,extracellular,bulk
NA,465,1186,1,SRR10013242,human,in vivo,extracellular,bulk
NA,465,652,1,SRR10013242,human,in vivo,extracellular,bulk
NA,472,1184,7,SRR10013242,human,in vivo,extracellular,bulk
NA,496,1075,2,SRR10013242,human,in vivo,extracellular,bulk
NA,535,710,1,SRR10013242,human,in vivo,extracellular,bulk
NA,563,955,1,SRR10013242,human,in vivo,extracellular,bulk
NA,584,1185,1,SRR10013242,human,in vivo,extracellular,bulk
NA,608,782,1,SRR10013242,human,in vivo,extracellular,bulk
NA,680,807,1,SRR10013242,human,in vivo,extracellular,bulk
NA,719,973,1,SRR10013242,human,in vivo,extracellular,bulk
NA,726,1075,1,SRR10013242,human,in vivo,extracellular,bulk
NA,731,1274,1,SRR10013242,human,in vivo,extracellular,bulk
NA,732,1081,1,SRR10013242,human,in vivo,extracellular,bulk
NA,761,1427,1,SRR10013242,human,in vivo,extracellular,bulk
NA,766,1217,1,SRR10013242,human,in vivo,extracellular,bulk
NA,767,1270,2,SRR10013242,human,in vivo,extracellular,bulk
NA,797,1180,1,SRR10013242,human,in vivo,extracellular,bulk
NA,81,454,1,SRR10013242,human,in vivo,extracellular,bulk
NA,81,733,1,SRR10013242,human,in vivo,extracellular,bulk
NA,842,1056,1,SRR10013242,human,in vivo,extracellular,bulk
NP,1027,1052,1,SRR10013242,human,in vivo,extracellular,bulk
NP,1180,1536,1,SRR10013242,human,in vivo,extracellular,bulk
NP,1220,1361,1,SRR10013242,human,in vivo,extracellular,bulk
NP,124,1456,1,SRR10013242,human,in vivo,extracellular,bulk
NP,126,1588,1,SRR10013242,human,in vivo,extracellular,bulk
NP,134,1386,2,SRR10013242,human,in vivo,extracellular,bulk
NP,151,1440,2,SRR10013242,human,in vivo,extracellular,bulk
NP,1522,1697,1,SRR10013242,human,in vivo,extracellular,bulk
NP,1665,1697,1,SRR10013242,human,in vivo,extracellular,bulk
NP,172,1482,1,SRR10013242,human,in vivo,extracellular,bulk
NP,176,1635,1,SRR10013242,human,in vivo,extracellular,bulk
NP,177,1632,1,SRR10013242,human,in vivo,extracellular,bulk
NP,196,1454,2,SRR10013242,human,in vivo,extracellular,bulk
NP,197,1675,5,SRR10013242,human,in vivo,extracellular,bulk
NP,208,830,1,SRR10013242,human,in vivo,extracellular,bulk
NP,250,1435,1,SRR10013242,human,in vivo,extracellular,bulk
NP,250,1661,2,SRR10013242,human,in vivo,extracellular,bulk
NP,282,1422,1,SRR10013242,human,in vivo,extracellular,bulk
NP,324,1381,1,SRR10013242,human,in vivo,extracellular,bulk
NP,326,1557,1,SRR10013242,human,in vivo,extracellular,bulk
NP,336,1436,1,SRR10013242,human,in vivo,extracellular,bulk
NP,343,1550,3,SRR10013242,human,in vivo,extracellular,bulk
NP,343,1552,1,SRR10013242,human,in vivo,extracellular,bulk
NP,343,1567,3,SRR10013242,human,in vivo,extracellular,bulk
NP,361,1541,2,SRR10013242,human,in vivo,extracellular,bulk
NP,392,1461,1,SRR10013242,human,in vivo,extracellular,bulk
NP,401,1468,2,SRR10013242,human,in vivo,extracellular,bulk
NP,416,1382,1,SRR10013242,human,in vivo,extracellular,bulk
NP,453,1704,1,SRR10013242,human,in vivo,extracellular,bulk
NP,460,1504,1,SRR10013242,human,in vivo,extracellular,bulk
NP,462,1182,1,SRR10013242,human,in vivo,extracellular,bulk
NP,462,1537,1,SRR10013242,human,in vivo,extracellular,bulk
NP,469,1397,1,SRR10013242,human,in vivo,extracellular,bulk
NP,492,1738,1,SRR10013242,human,in vivo,extracellular,bulk
NP,507,565,1,SRR10013242,human,in vivo,extracellular,bulk
NP,527,1556,2,SRR10013242,human,in vivo,extracellular,bulk
NP,612,1177,1,SRR10013242,human,in vivo,extracellular,bulk
NP,653,1258,1,SRR10013242,human,in vivo,extracellular,bulk
NP,675,1618,2,SRR10013242,human,in vivo,extracellular,bulk
NP,686,980,1,SRR10013242,human,in vivo,extracellular,bulk
NP,70,717,1,SRR10013242,human,in vivo,extracellular,bulk
NP,721,1282,2,SRR10013242,human,in vivo,extracellular,bulk
NP,733,826,1,SRR10013242,human,in vivo,extracellular,bulk
NP,788,1410,1,SRR10013242,human,in vivo,extracellular,bulk
NP,825,1098,1,SRR10013242,human,in vivo,extracellular,bulk
NP,837,976,1,SRR10013242,human,in vivo,extracellular,bulk
NP,840,1628,1,SRR10013242,human,in vivo,extracellular,bulk
NS,181,293,1,SRR10013242,human,in vivo,extracellular,bulk
NS,215,534,1,SRR10013242,human,in vivo,extracellular,bulk
NS,602,731,1,SRR10013242,human,in vivo,extracellular,bulk
NS,629,751,1,SRR10013242,human,in vivo,extracellular,bulk
NS,673,763,1,SRR10013242,human,in vivo,extracellular,bulk
NS,778,945,1,SRR10013242,human,in vivo,extracellular,bulk
PA,1011,1146,1,SRR10013242,human,in vivo,extracellular,bulk
PA,1014,1168,1,SRR10013242,human,in vivo,extracellular,bulk
PA,1049,1352,1,SRR10013242,human,in vivo,extracellular,bulk
PA,1102,1702,1,SRR10013242,human,in vivo,extracellular,bulk
PA,1103,1180,1,SRR10013242,human,in vivo,extracellular,bulk
PA,1121,1730,1,SRR10013242,human,in vivo,extracellular,bulk
PA,1136,1285,1,SRR10013242,human,in vivo,extracellular,bulk
PA,1137,1643,1,SRR10013242,human,in vivo,extracellular,bulk
PA,1189,1706,1,SRR10013242,human,in vivo,extracellular,bulk
PA,1242,1524,1,SRR10013242,human,in vivo,extracellular,bulk
PA,1248,1313,1,SRR10013242,human,in vivo,extracellular,bulk
PA,153,2138,1,SRR10013242,human,in vivo,extracellular,bulk
PA,155,2001,1,SRR10013242,human,in vivo,extracellular,bulk
PA,176,2047,5,SRR10013242,human,in vivo,extracellular,bulk
PA,188,1496,1,SRR10013242,human,in vivo,extracellular,bulk
PA,194,1911,1,SRR10013242,human,in vivo,extracellular,bulk
PA,197,1924,2,SRR10013242,human,in vivo,extracellular,bulk
PA,2042,2103,1,SRR10013242,human,in vivo,extracellular,bulk
PA,204,1433,1,SRR10013242,human,in vivo,extracellular,bulk
PA,206,2019,4,SRR10013242,human,in vivo,extracellular,bulk
PA,211,347,1,SRR10013242,human,in vivo,extracellular,bulk
PA,214,2026,1,SRR10013242,human,in vivo,extracellular,bulk
PA,215,1527,1,SRR10013242,human,in vivo,extracellular,bulk
PA,219,1239,1,SRR10013242,human,in vivo,extracellular,bulk
PA,219,1833,1,SRR10013242,human,in vivo,extracellular,bulk
PA,220,2059,1,SRR10013242,human,in vivo,extracellular,bulk
PA,222,909,1,SRR10013242,human,in vivo,extracellular,bulk
PA,245,640,1,SRR10013242,human,in vivo,extracellular,bulk
PA,247,898,1,SRR10013242,human,in vivo,extracellular,bulk
PA,250,1993,1,SRR10013242,human,in vivo,extracellular,bulk
PA,250,845,1,SRR10013242,human,in vivo,extracellular,bulk
PA,259,1540,5,SRR10013242,human,in vivo,extracellular,bulk
PA,261,907,3,SRR10013242,human,in vivo,extracellular,bulk
PA,263,1728,1,SRR10013242,human,in vivo,extracellular,bulk
PA,263,2061,16,SRR10013242,human,in vivo,extracellular,bulk
PA,265,858,4,SRR10013242,human,in vivo,extracellular,bulk
PA,266,1429,3,SRR10013242,human,in vivo,extracellular,bulk
PA,270,1182,4,SRR10013242,human,in vivo,extracellular,bulk
PA,289,1281,1,SRR10013242,human,in vivo,extracellular,bulk
PA,311,1880,6,SRR10013242,human,in vivo,extracellular,bulk
PA,315,447,3,SRR10013242,human,in vivo,extracellular,bulk
PA,321,736,1,SRR10013242,human,in vivo,extracellular,bulk
PA,342,2010,1,SRR10013242,human,in vivo,extracellular,bulk
PA,348,1494,1,SRR10013242,human,in vivo,extracellular,bulk
PA,349,1257,1,SRR10013242,human,in vivo,extracellular,bulk
PA,361,1136,1,SRR10013242,human,in vivo,extracellular,bulk
PA,379,2167,1,SRR10013242,human,in vivo,extracellular,bulk
PA,411,1834,2,SRR10013242,human,in vivo,extracellular,bulk
PA,416,908,1,SRR10013242,human,in vivo,extracellular,bulk
PA,456,1758,1,SRR10013242,human,in vivo,extracellular,bulk
PA,470,1756,1,SRR10013242,human,in vivo,extracellular,bulk
PA,517,1707,1,SRR10013242,human,in vivo,extracellular,bulk
PA,522,737,1,SRR10013242,human,in vivo,extracellular,bulk
PA,609,2149,1,SRR10013242,human,in vivo,extracellular,bulk
PA,611,1485,1,SRR10013242,human,in vivo,extracellular,bulk
PA,628,1697,1,SRR10013242,human,in vivo,extracellular,bulk
PA,633,1619,1,SRR10013242,human,in vivo,extracellular,bulk
PA,633,1703,1,SRR10013242,human,in vivo,extracellular,bulk
PA,652,1423,1,SRR10013242,human,in vivo,extracellular,bulk
PA,690,1882,1,SRR10013242,human,in vivo,extracellular,bulk
PA,697,1434,1,SRR10013242,human,in vivo,extracellular,bulk
PA,69,1620,1,SRR10013242,human,in vivo,extracellular,bulk
PA,716,1638,1,SRR10013242,human,in vivo,extracellular,bulk
PA,729,1704,1,SRR10013242,human,in vivo,extracellular,bulk
PA,744,1545,1,SRR10013242,human,in vivo,extracellular,bulk
PA,768,903,1,SRR10013242,human,in vivo,extracellular,bulk
PA,76,2114,1,SRR10013242,human,in vivo,extracellular,bulk
PA,86,1991,1,SRR10013242,human,in vivo,extracellular,bulk
PA,894,1797,1,SRR10013242,human,in vivo,extracellular,bulk
PA,916,1908,1,SRR10013242,human,in vivo,extracellular,bulk
PB1,102,904,1,SRR10013242,human,in vivo,extracellular,bulk
PB1,1036,1773,1,SRR10013242,human,in vivo,extracellular,bulk
PB1,1118,1496,1,SRR10013242,human,in vivo,extracellular,bulk
PB1,1118,2034,1,SRR10013242,human,in vivo,extracellular,bulk
PB1,1201,1898,1,SRR10013242,human,in vivo,extracellular,bulk
PB1,1203,2058,1,SRR10013242,human,in vivo,extracellular,bulk
PB1,1221,1538,1,SRR10013242,human,in vivo,extracellular,bulk
PB1,1234,1898,1,SRR10013242,human,in vivo,extracellular,bulk
PB1,1263,1781,1,SRR10013242,human,in vivo,extracellular,bulk
PB1,1340,2055,1,SRR10013242,human,in vivo,extracellular,bulk
PB1,1340,2220,2,SRR10013242,human,in vivo,extracellular,bulk
PB1,1359,2209,2,SRR10013242,human,in vivo,extracellular,bulk
PB1,136,2037,7,SRR10013242,human,in vivo,extracellular,bulk
PB1,1428,1735,1,SRR10013242,human,in vivo,extracellular,bulk
PB1,1488,2010,1,SRR10013242,human,in vivo,extracellular,bulk
PB1,1868,1978,1,SRR10013242,human,in vivo,extracellular,bulk
PB1,216,1851,1,SRR10013242,human,in vivo,extracellular,bulk
PB1,281,2188,2,SRR10013242,human,in vivo,extracellular,bulk
PB1,290,2175,3,SRR10013242,human,in vivo,extracellular,bulk
PB1,291,1366,1,SRR10013242,human,in vivo,extracellular,bulk
PB1,31,2028,1,SRR10013242,human,in vivo,extracellular,bulk
PB1,326,2162,5,SRR10013242,human,in vivo,extracellular,bulk
PB1,329,1847,1,SRR10013242,human,in vivo,extracellular,bulk
PB1,330,1375,1,SRR10013242,human,in vivo,extracellular,bulk
PB1,339,2092,1,SRR10013242,human,in vivo,extracellular,bulk
PB1,339,2149,1,SRR10013242,human,in vivo,extracellular,bulk
PB1,35,1779,1,SRR10013242,human,in vivo,extracellular,bulk
PB1,366,1930,3,SRR10013242,human,in vivo,extracellular,bulk
PB1,36,1783,1,SRR10013242,human,in vivo,extracellular,bulk
PB1,375,1005,1,SRR10013242,human,in vivo,extracellular,bulk
PB1,376,2091,1,SRR10013242,human,in vivo,extracellular,bulk
PB1,377,2056,1,SRR10013242,human,in vivo,extracellular,bulk
PB1,387,1800,1,SRR10013242,human,in vivo,extracellular,bulk
PB1,397,1860,1,SRR10013242,human,in vivo,extracellular,bulk
PB1,427,1571,1,SRR10013242,human,in vivo,extracellular,bulk
PB1,427,1851,2,SRR10013242,human,in vivo,extracellular,bulk
PB1,559,759,1,SRR10013242,human,in vivo,extracellular,bulk
PB1,576,1786,1,SRR10013242,human,in vivo,extracellular,bulk
PB1,597,1726,1,SRR10013242,human,in vivo,extracellular,bulk
PB1,609,2147,1,SRR10013242,human,in vivo,extracellular,bulk
PB1,678,2029,1,SRR10013242,human,in vivo,extracellular,bulk
PB1,679,1671,13,SRR10013242,human,in vivo,extracellular,bulk
PB1,683,1431,1,SRR10013242,human,in vivo,extracellular,bulk
PB1,687,1679,1,SRR10013242,human,in vivo,extracellular,bulk
PB1,75,2029,2,SRR10013242,human,in vivo,extracellular,bulk
PB1,768,1469,2,SRR10013242,human,in vivo,extracellular,bulk
PB1,778,1417,1,SRR10013242,human,in vivo,extracellular,bulk
PB1,781,1729,2,SRR10013242,human,in vivo,extracellular,bulk
PB1,903,1789,1,SRR10013242,human,in vivo,extracellular,bulk
PB1,918,1081,1,SRR10013242,human,in vivo,extracellular,bulk
PB2,100,1046,1,SRR10013242,human,in vivo,extracellular,bulk
PB2,1031,1108,1,SRR10013242,human,in vivo,extracellular,bulk
PB2,1037,2058,3,SRR10013242,human,in vivo,extracellular,bulk
PB2,1043,2034,1,SRR10013242,human,in vivo,extracellular,bulk
PB2,1116,1622,1,SRR10013242,human,in vivo,extracellular,bulk
PB2,1128,1696,1,SRR10013242,human,in vivo,extracellular,bulk
PB2,1132,2036,1,SRR10013242,human,in vivo,extracellular,bulk
PB2,1134,1507,1,SRR10013242,human,in vivo,extracellular,bulk
PB2,1224,1874,1,SRR10013242,human,in vivo,extracellular,bulk
PB2,1243,1724,2,SRR10013242,human,in vivo,extracellular,bulk
PB2,1376,1635,2,SRR10013242,human,in vivo,extracellular,bulk
PB2,1617,1722,1,SRR10013242,human,in vivo,extracellular,bulk
PB2,1712,2001,1,SRR10013242,human,in vivo,extracellular,bulk
PB2,1962,2062,1,SRR10013242,human,in vivo,extracellular,bulk
PB2,222,2113,3,SRR10013242,human,in vivo,extracellular,bulk
PB2,225,2035,1,SRR10013242,human,in vivo,extracellular,bulk
PB2,261,2002,1,SRR10013242,human,in vivo,extracellular,bulk
PB2,262,2116,4,SRR10013242,human,in vivo,extracellular,bulk
PB2,263,2021,1,SRR10013242,human,in vivo,extracellular,bulk
PB2,269,1635,1,SRR10013242,human,in vivo,extracellular,bulk
PB2,295,1696,1,SRR10013242,human,in vivo,extracellular,bulk
PB2,321,1725,3,SRR10013242,human,in vivo,extracellular,bulk
PB2,373,1932,2,SRR10013242,human,in vivo,extracellular,bulk
PB2,461,543,1,SRR10013242,human,in vivo,extracellular,bulk
PB2,47,1682,1,SRR10013242,human,in vivo,extracellular,bulk
PB2,512,937,1,SRR10013242,human,in vivo,extracellular,bulk
PB2,556,1949,1,SRR10013242,human,in vivo,extracellular,bulk
PB2,577,1830,1,SRR10013242,human,in vivo,extracellular,bulk
PB2,582,1684,1,SRR10013242,human,in vivo,extracellular,bulk
PB2,594,1057,3,SRR10013242,human,in vivo,extracellular,bulk
PB2,594,1627,4,SRR10013242,human,in vivo,extracellular,bulk
PB2,726,2046,10,SRR10013242,human,in vivo,extracellular,bulk
PB2,728,1038,1,SRR10013242,human,in vivo,extracellular,bulk
PB2,728,1073,1,SRR10013242,human,in vivo,extracellular,bulk
PB2,729,1621,1,SRR10013242,human,in vivo,extracellular,bulk
PB2,730,2050,13,SRR10013242,human,in vivo,extracellular,bulk
PB2,730,2131,1,SRR10013242,human,in vivo,extracellular,bulk
PB2,744,2119,1,SRR10013242,human,in vivo,extracellular,bulk
PB2,863,2184,1,SRR10013242,human,in vivo,extracellular,bulk
PB2,866,1796,3,SRR10013242,human,in vivo,extracellular,bulk
HA,1102,1782,1,SRR10013050,human,in vivo,extracellular,bulk
HA,1156,1781,1,SRR10013050,human,in vivo,extracellular,bulk
HA,1256,1780,1,SRR10013050,human,in vivo,extracellular,bulk
HA,131,1071,1,SRR10013050,human,in vivo,extracellular,bulk
HA,537,1008,2,SRR10013050,human,in vivo,extracellular,bulk
HA,77,1741,1,SRR10013050,human,in vivo,extracellular,bulk
HA,929,1344,2,SRR10013050,human,in vivo,extracellular,bulk
HA,930,1111,3,SRR10013050,human,in vivo,extracellular,bulk
M,100,780,1,SRR10013050,human,in vivo,extracellular,bulk
M,117,686,1,SRR10013050,human,in vivo,extracellular,bulk
M,125,1013,49,SRR10013050,human,in vivo,extracellular,bulk
M,129,1025,3,SRR10013050,human,in vivo,extracellular,bulk
M,135,550,1,SRR10013050,human,in vivo,extracellular,bulk
M,141,877,1,SRR10013050,human,in vivo,extracellular,bulk
M,195,866,18,SRR10013050,human,in vivo,extracellular,bulk
M,267,582,1,SRR10013050,human,in vivo,extracellular,bulk
M,289,671,1,SRR10013050,human,in vivo,extracellular,bulk
M,290,945,1,SRR10013050,human,in vivo,extracellular,bulk
M,294,953,1,SRR10013050,human,in vivo,extracellular,bulk
M,297,848,44,SRR10013050,human,in vivo,extracellular,bulk
M,323,599,1,SRR10013050,human,in vivo,extracellular,bulk
M,339,396,2,SRR10013050,human,in vivo,extracellular,bulk
M,350,841,1,SRR10013050,human,in vivo,extracellular,bulk
M,358,931,1,SRR10013050,human,in vivo,extracellular,bulk
M,359,1011,1,SRR10013050,human,in vivo,extracellular,bulk
M,35,936,1,SRR10013050,human,in vivo,extracellular,bulk
M,424,753,1,SRR10013050,human,in vivo,extracellular,bulk
M,447,505,1,SRR10013050,human,in vivo,extracellular,bulk
M,45,288,1,SRR10013050,human,in vivo,extracellular,bulk
M,487,947,1,SRR10013050,human,in vivo,extracellular,bulk
M,577,967,1,SRR10013050,human,in vivo,extracellular,bulk
M,598,943,1,SRR10013050,human,in vivo,extracellular,bulk
M,679,941,1,SRR10013050,human,in vivo,extracellular,bulk
M,737,829,1,SRR10013050,human,in vivo,extracellular,bulk
M,80,172,1,SRR10013050,human,in vivo,extracellular,bulk
M,855,1060,1,SRR10013050,human,in vivo,extracellular,bulk
NA,1162,1319,1,SRR10013050,human,in vivo,extracellular,bulk
NA,1163,1452,1,SRR10013050,human,in vivo,extracellular,bulk
NA,1186,1437,1,SRR10013050,human,in vivo,extracellular,bulk
NA,1306,1361,1,SRR10013050,human,in vivo,extracellular,bulk
NA,1328,1437,1,SRR10013050,human,in vivo,extracellular,bulk
NA,183,1181,1,SRR10013050,human,in vivo,extracellular,bulk
NA,185,736,1,SRR10013050,human,in vivo,extracellular,bulk
NA,193,819,1,SRR10013050,human,in vivo,extracellular,bulk
NA,211,377,1,SRR10013050,human,in vivo,extracellular,bulk
NA,246,1312,1,SRR10013050,human,in vivo,extracellular,bulk
NA,271,1069,1,SRR10013050,human,in vivo,extracellular,bulk
NA,272,489,1,SRR10013050,human,in vivo,extracellular,bulk
NA,291,724,1,SRR10013050,human,in vivo,extracellular,bulk
NA,300,763,3,SRR10013050,human,in vivo,extracellular,bulk
NA,307,364,1,SRR10013050,human,in vivo,extracellular,bulk
NA,308,1358,1,SRR10013050,human,in vivo,extracellular,bulk
NA,308,576,1,SRR10013050,human,in vivo,extracellular,bulk
NA,321,681,1,SRR10013050,human,in vivo,extracellular,bulk
NA,362,1353,11,SRR10013050,human,in vivo,extracellular,bulk
NA,393,636,2,SRR10013050,human,in vivo,extracellular,bulk
NA,421,724,1,SRR10013050,human,in vivo,extracellular,bulk
NA,42,347,1,SRR10013050,human,in vivo,extracellular,bulk
NA,450,1045,1,SRR10013050,human,in vivo,extracellular,bulk
NA,464,1103,6,SRR10013050,human,in vivo,extracellular,bulk
NA,46,299,1,SRR10013050,human,in vivo,extracellular,bulk
NA,566,675,1,SRR10013050,human,in vivo,extracellular,bulk
NA,572,663,1,SRR10013050,human,in vivo,extracellular,bulk
NA,584,1266,1,SRR10013050,human,in vivo,extracellular,bulk
NA,716,903,1,SRR10013050,human,in vivo,extracellular,bulk
NA,727,965,1,SRR10013050,human,in vivo,extracellular,bulk
NA,757,982,1,SRR10013050,human,in vivo,extracellular,bulk
NA,798,978,1,SRR10013050,human,in vivo,extracellular,bulk
NA,80,1459,1,SRR10013050,human,in vivo,extracellular,bulk
NA,814,1149,1,SRR10013050,human,in vivo,extracellular,bulk
NP,1082,1780,1,SRR10013050,human,in vivo,extracellular,bulk
NP,1144,1670,1,SRR10013050,human,in vivo,extracellular,bulk
NP,126,1588,15,SRR10013050,human,in vivo,extracellular,bulk
NP,126,1627,5,SRR10013050,human,in vivo,extracellular,bulk
NP,1338,1394,1,SRR10013050,human,in vivo,extracellular,bulk
NP,1371,1394,3,SRR10013050,human,in vivo,extracellular,bulk
NP,1534,1712,1,SRR10013050,human,in vivo,extracellular,bulk
NP,1585,1784,1,SRR10013050,human,in vivo,extracellular,bulk
NP,1665,1697,1,SRR10013050,human,in vivo,extracellular,bulk
NP,196,1454,3,SRR10013050,human,in vivo,extracellular,bulk
NP,215,1484,1,SRR10013050,human,in vivo,extracellular,bulk
NP,216,1009,1,SRR10013050,human,in vivo,extracellular,bulk
NP,216,1519,1,SRR10013050,human,in vivo,extracellular,bulk
NP,333,463,1,SRR10013050,human,in vivo,extracellular,bulk
NP,359,854,1,SRR10013050,human,in vivo,extracellular,bulk
NP,370,1304,2,SRR10013050,human,in vivo,extracellular,bulk
NP,379,1663,1,SRR10013050,human,in vivo,extracellular,bulk
NP,424,1580,1,SRR10013050,human,in vivo,extracellular,bulk
NP,453,1312,4,SRR10013050,human,in vivo,extracellular,bulk
NP,459,495,2,SRR10013050,human,in vivo,extracellular,bulk
NP,46,1137,1,SRR10013050,human,in vivo,extracellular,bulk
NP,539,630,2,SRR10013050,human,in vivo,extracellular,bulk
NP,642,1759,1,SRR10013050,human,in vivo,extracellular,bulk
NP,680,756,1,SRR10013050,human,in vivo,extracellular,bulk
NP,704,1034,1,SRR10013050,human,in vivo,extracellular,bulk
NP,825,1098,2,SRR10013050,human,in vivo,extracellular,bulk
NP,888,1626,1,SRR10013050,human,in vivo,extracellular,bulk
NS,157,195,1,SRR10013050,human,in vivo,extracellular,bulk
NS,159,478,1,SRR10013050,human,in vivo,extracellular,bulk
NS,245,358,2,SRR10013050,human,in vivo,extracellular,bulk
NS,316,345,1,SRR10013050,human,in vivo,extracellular,bulk
NS,412,677,1,SRR10013050,human,in vivo,extracellular,bulk
NS,412,680,1,SRR10013050,human,in vivo,extracellular,bulk
NS,446,518,1,SRR10013050,human,in vivo,extracellular,bulk
NS,477,886,1,SRR10013050,human,in vivo,extracellular,bulk
NS,487,698,1,SRR10013050,human,in vivo,extracellular,bulk
NS,50,111,1,SRR10013050,human,in vivo,extracellular,bulk
NS,52,113,1,SRR10013050,human,in vivo,extracellular,bulk
NS,615,916,1,SRR10013050,human,in vivo,extracellular,bulk
NS,74,882,1,SRR10013050,human,in vivo,extracellular,bulk
PA,1079,1371,1,SRR10013050,human,in vivo,extracellular,bulk
PA,1116,1375,1,SRR10013050,human,in vivo,extracellular,bulk
PA,1134,1163,2,SRR10013050,human,in vivo,extracellular,bulk
PA,1139,1287,1,SRR10013050,human,in vivo,extracellular,bulk
PA,1194,1711,1,SRR10013050,human,in vivo,extracellular,bulk
PA,1232,1879,1,SRR10013050,human,in vivo,extracellular,bulk
PA,1289,1413,2,SRR10013050,human,in vivo,extracellular,bulk
PA,1330,2077,1,SRR10013050,human,in vivo,extracellular,bulk
PA,1365,1417,1,SRR10013050,human,in vivo,extracellular,bulk
PA,1422,2016,1,SRR10013050,human,in vivo,extracellular,bulk
PA,189,1321,6,SRR10013050,human,in vivo,extracellular,bulk
PA,221,437,1,SRR10013050,human,in vivo,extracellular,bulk
PA,222,909,10,SRR10013050,human,in vivo,extracellular,bulk
PA,263,888,1,SRR10013050,human,in vivo,extracellular,bulk
PA,278,1302,5,SRR10013050,human,in vivo,extracellular,bulk
PA,282,1274,1,SRR10013050,human,in vivo,extracellular,bulk
PA,289,1281,5,SRR10013050,human,in vivo,extracellular,bulk
PA,291,1726,1,SRR10013050,human,in vivo,extracellular,bulk
PA,299,1891,1,SRR10013050,human,in vivo,extracellular,bulk
PA,315,447,1,SRR10013050,human,in vivo,extracellular,bulk
PA,323,2050,1,SRR10013050,human,in vivo,extracellular,bulk
PA,325,2052,3,SRR10013050,human,in vivo,extracellular,bulk
PA,32,1085,1,SRR10013050,human,in vivo,extracellular,bulk
PA,344,1812,3,SRR10013050,human,in vivo,extracellular,bulk
PA,352,2052,1,SRR10013050,human,in vivo,extracellular,bulk
PA,375,1879,1,SRR10013050,human,in vivo,extracellular,bulk
PA,416,1867,20,SRR10013050,human,in vivo,extracellular,bulk
PA,421,1811,11,SRR10013050,human,in vivo,extracellular,bulk
PA,428,1820,1,SRR10013050,human,in vivo,extracellular,bulk
PA,445,1839,5,SRR10013050,human,in vivo,extracellular,bulk
PA,465,1837,3,SRR10013050,human,in vivo,extracellular,bulk
PA,518,1862,2,SRR10013050,human,in vivo,extracellular,bulk
PA,521,1835,1,SRR10013050,human,in vivo,extracellular,bulk
PA,523,1841,1,SRR10013050,human,in vivo,extracellular,bulk
PA,527,1846,2,SRR10013050,human,in vivo,extracellular,bulk
PA,537,1620,1,SRR10013050,human,in vivo,extracellular,bulk
PA,566,2006,2,SRR10013050,human,in vivo,extracellular,bulk
PA,567,1558,3,SRR10013050,human,in vivo,extracellular,bulk
PA,637,1172,1,SRR10013050,human,in vivo,extracellular,bulk
PA,638,1546,2,SRR10013050,human,in vivo,extracellular,bulk
PA,643,745,1,SRR10013050,human,in vivo,extracellular,bulk
PA,700,1519,3,SRR10013050,human,in vivo,extracellular,bulk
PA,718,1616,3,SRR10013050,human,in vivo,extracellular,bulk
PA,767,1640,1,SRR10013050,human,in vivo,extracellular,bulk
PA,851,2017,1,SRR10013050,human,in vivo,extracellular,bulk
PA,932,1021,1,SRR10013050,human,in vivo,extracellular,bulk
PA,957,1339,1,SRR10013050,human,in vivo,extracellular,bulk
PA,95,1383,2,SRR10013050,human,in vivo,extracellular,bulk
PB1,1161,2033,1,SRR10013050,human,in vivo,extracellular,bulk
PB1,1340,2220,1,SRR10013050,human,in vivo,extracellular,bulk
PB1,136,2037,1,SRR10013050,human,in vivo,extracellular,bulk
PB1,1508,2019,1,SRR10013050,human,in vivo,extracellular,bulk
PB1,1591,2209,1,SRR10013050,human,in vivo,extracellular,bulk
PB1,228,2162,14,SRR10013050,human,in vivo,extracellular,bulk
PB1,281,2164,1,SRR10013050,human,in vivo,extracellular,bulk
PB1,283,2185,1,SRR10013050,human,in vivo,extracellular,bulk
PB1,290,2175,1,SRR10013050,human,in vivo,extracellular,bulk
PB1,299,2063,1,SRR10013050,human,in vivo,extracellular,bulk
PB1,325,2141,12,SRR10013050,human,in vivo,extracellular,bulk
PB1,326,2162,5,SRR10013050,human,in vivo,extracellular,bulk
PB1,329,2095,4,SRR10013050,human,in vivo,extracellular,bulk
PB1,329,2171,2,SRR10013050,human,in vivo,extracellular,bulk
PB1,367,1900,3,SRR10013050,human,in vivo,extracellular,bulk
PB1,379,1693,2,SRR10013050,human,in vivo,extracellular,bulk
PB1,383,1930,1,SRR10013050,human,in vivo,extracellular,bulk
PB1,409,910,1,SRR10013050,human,in vivo,extracellular,bulk
PB1,425,1895,1,SRR10013050,human,in vivo,extracellular,bulk
PB1,465,1843,11,SRR10013050,human,in vivo,extracellular,bulk
PB1,560,1306,1,SRR10013050,human,in vivo,extracellular,bulk
PB1,562,2015,16,SRR10013050,human,in vivo,extracellular,bulk
PB1,565,1783,9,SRR10013050,human,in vivo,extracellular,bulk
PB1,589,1564,1,SRR10013050,human,in vivo,extracellular,bulk
PB1,594,1690,1,SRR10013050,human,in vivo,extracellular,bulk
PB1,682,1738,6,SRR10013050,human,in vivo,extracellular,bulk
PB1,690,1089,1,SRR10013050,human,in vivo,extracellular,bulk
PB1,73,911,1,SRR10013050,human,in vivo,extracellular,bulk
PB1,748,1495,1,SRR10013050,human,in vivo,extracellular,bulk
PB1,775,1926,5,SRR10013050,human,in vivo,extracellular,bulk
PB1,778,1496,1,SRR10013050,human,in vivo,extracellular,bulk
PB1,786,1416,6,SRR10013050,human,in vivo,extracellular,bulk
PB1,915,1333,1,SRR10013050,human,in vivo,extracellular,bulk
PB1,931,1511,3,SRR10013050,human,in vivo,extracellular,bulk
PB1,932,1616,1,SRR10013050,human,in vivo,extracellular,bulk
PB1,94,2014,1,SRR10013050,human,in vivo,extracellular,bulk
PB1,975,1877,1,SRR10013050,human,in vivo,extracellular,bulk
PB1,97,2016,15,SRR10013050,human,in vivo,extracellular,bulk
PB2,1037,2058,3,SRR10013050,human,in vivo,extracellular,bulk
PB2,1077,2014,1,SRR10013050,human,in vivo,extracellular,bulk
PB2,1126,2015,1,SRR10013050,human,in vivo,extracellular,bulk
PB2,1242,2295,1,SRR10013050,human,in vivo,extracellular,bulk
PB2,1300,1726,6,SRR10013050,human,in vivo,extracellular,bulk
PB2,1527,1985,1,SRR10013050,human,in vivo,extracellular,bulk
PB2,1702,2031,1,SRR10013050,human,in vivo,extracellular,bulk
PB2,185,2156,2,SRR10013050,human,in vivo,extracellular,bulk
PB2,1962,2062,1,SRR10013050,human,in vivo,extracellular,bulk
PB2,2060,2129,3,SRR10013050,human,in vivo,extracellular,bulk
PB2,219,549,1,SRR10013050,human,in vivo,extracellular,bulk
PB2,222,1934,1,SRR10013050,human,in vivo,extracellular,bulk
PB2,225,1284,4,SRR10013050,human,in vivo,extracellular,bulk
PB2,250,2115,37,SRR10013050,human,in vivo,extracellular,bulk
PB2,285,2013,9,SRR10013050,human,in vivo,extracellular,bulk
PB2,293,2020,2,SRR10013050,human,in vivo,extracellular,bulk
PB2,389,2001,1,SRR10013050,human,in vivo,extracellular,bulk
PB2,394,1834,8,SRR10013050,human,in vivo,extracellular,bulk
PB2,464,1940,1,SRR10013050,human,in vivo,extracellular,bulk
PB2,469,1941,3,SRR10013050,human,in vivo,extracellular,bulk
PB2,515,2012,4,SRR10013050,human,in vivo,extracellular,bulk
PB2,584,805,1,SRR10013050,human,in vivo,extracellular,bulk
PB2,596,1850,4,SRR10013050,human,in vivo,extracellular,bulk
PB2,606,1722,1,SRR10013050,human,in vivo,extracellular,bulk
PB2,978,1508,5,SRR10013050,human,in vivo,extracellular,bulk
HA,1020,1052,1,SRR10013272,human,in vivo,extracellular,bulk
HA,1020,1059,1,SRR10013272,human,in vivo,extracellular,bulk
HA,1023,1054,1,SRR10013272,human,in vivo,extracellular,bulk
HA,1077,1688,1,SRR10013272,human,in vivo,extracellular,bulk
HA,1079,1413,1,SRR10013272,human,in vivo,extracellular,bulk
HA,1100,1638,1,SRR10013272,human,in vivo,extracellular,bulk
HA,1140,1356,4,SRR10013272,human,in vivo,extracellular,bulk
HA,1145,1779,2,SRR10013272,human,in vivo,extracellular,bulk
HA,1150,1506,1,SRR10013272,human,in vivo,extracellular,bulk
HA,1158,1579,4,SRR10013272,human,in vivo,extracellular,bulk
HA,1266,1580,1,SRR10013272,human,in vivo,extracellular,bulk
HA,1364,1685,1,SRR10013272,human,in vivo,extracellular,bulk
HA,139,1014,1,SRR10013272,human,in vivo,extracellular,bulk
HA,202,1130,12,SRR10013272,human,in vivo,extracellular,bulk
HA,636,791,1,SRR10013272,human,in vivo,extracellular,bulk
HA,965,1355,1,SRR10013272,human,in vivo,extracellular,bulk
HA,986,1692,1,SRR10013272,human,in vivo,extracellular,bulk
HA,98,172,1,SRR10013272,human,in vivo,extracellular,bulk
HA,99,173,2,SRR10013272,human,in vivo,extracellular,bulk
M,101,418,2,SRR10013272,human,in vivo,extracellular,bulk
M,113,590,2,SRR10013272,human,in vivo,extracellular,bulk
M,118,577,1,SRR10013272,human,in vivo,extracellular,bulk
M,125,1013,97,SRR10013272,human,in vivo,extracellular,bulk
M,129,1025,54,SRR10013272,human,in vivo,extracellular,bulk
M,134,1031,1,SRR10013272,human,in vivo,extracellular,bulk
M,135,522,8,SRR10013272,human,in vivo,extracellular,bulk
M,143,586,6,SRR10013272,human,in vivo,extracellular,bulk
M,148,205,1,SRR10013272,human,in vivo,extracellular,bulk
M,155,893,1,SRR10013272,human,in vivo,extracellular,bulk
M,156,201,1,SRR10013272,human,in vivo,extracellular,bulk
M,163,190,1,SRR10013272,human,in vivo,extracellular,bulk
M,180,942,1,SRR10013272,human,in vivo,extracellular,bulk
M,195,522,1,SRR10013272,human,in vivo,extracellular,bulk
M,223,423,1,SRR10013272,human,in vivo,extracellular,bulk
M,232,960,1,SRR10013272,human,in vivo,extracellular,bulk
M,235,525,1,SRR10013272,human,in vivo,extracellular,bulk
M,237,944,3,SRR10013272,human,in vivo,extracellular,bulk
M,238,882,1,SRR10013272,human,in vivo,extracellular,bulk
M,238,968,1,SRR10013272,human,in vivo,extracellular,bulk
M,249,488,1,SRR10013272,human,in vivo,extracellular,bulk
M,270,589,6,SRR10013272,human,in vivo,extracellular,bulk
M,270,727,1,SRR10013272,human,in vivo,extracellular,bulk
M,279,568,1,SRR10013272,human,in vivo,extracellular,bulk
M,290,945,4,SRR10013272,human,in vivo,extracellular,bulk
M,293,463,1,SRR10013272,human,in vivo,extracellular,bulk
M,296,585,2,SRR10013272,human,in vivo,extracellular,bulk
M,301,611,4,SRR10013272,human,in vivo,extracellular,bulk
M,313,960,3,SRR10013272,human,in vivo,extracellular,bulk
M,315,591,4,SRR10013272,human,in vivo,extracellular,bulk
M,318,966,2,SRR10013272,human,in vivo,extracellular,bulk
M,329,562,1,SRR10013272,human,in vivo,extracellular,bulk
M,333,611,5,SRR10013272,human,in vivo,extracellular,bulk
M,337,360,1,SRR10013272,human,in vivo,extracellular,bulk
M,339,370,1,SRR10013272,human,in vivo,extracellular,bulk
M,350,841,2,SRR10013272,human,in vivo,extracellular,bulk
M,352,946,1,SRR10013272,human,in vivo,extracellular,bulk
M,356,687,1,SRR10013272,human,in vivo,extracellular,bulk
M,358,501,1,SRR10013272,human,in vivo,extracellular,bulk
M,361,691,1,SRR10013272,human,in vivo,extracellular,bulk
M,371,449,2,SRR10013272,human,in vivo,extracellular,bulk
M,375,704,1,SRR10013272,human,in vivo,extracellular,bulk
M,377,546,1,SRR10013272,human,in vivo,extracellular,bulk
M,420,730,1,SRR10013272,human,in vivo,extracellular,bulk
M,426,488,1,SRR10013272,human,in vivo,extracellular,bulk
M,429,496,1,SRR10013272,human,in vivo,extracellular,bulk
M,429,900,1,SRR10013272,human,in vivo,extracellular,bulk
M,440,477,1,SRR10013272,human,in vivo,extracellular,bulk
M,446,739,1,SRR10013272,human,in vivo,extracellular,bulk
M,454,804,1,SRR10013272,human,in vivo,extracellular,bulk
M,455,644,1,SRR10013272,human,in vivo,extracellular,bulk
M,457,755,1,SRR10013272,human,in vivo,extracellular,bulk
M,474,536,1,SRR10013272,human,in vivo,extracellular,bulk
M,485,594,1,SRR10013272,human,in vivo,extracellular,bulk
M,492,522,1,SRR10013272,human,in vivo,extracellular,bulk
M,499,547,1,SRR10013272,human,in vivo,extracellular,bulk
M,502,717,1,SRR10013272,human,in vivo,extracellular,bulk
M,50,685,1,SRR10013272,human,in vivo,extracellular,bulk
M,546,724,1,SRR10013272,human,in vivo,extracellular,bulk
M,564,865,1,SRR10013272,human,in vivo,extracellular,bulk
M,56,313,1,SRR10013272,human,in vivo,extracellular,bulk
M,577,967,4,SRR10013272,human,in vivo,extracellular,bulk
M,582,702,1,SRR10013272,human,in vivo,extracellular,bulk
M,582,971,2,SRR10013272,human,in vivo,extracellular,bulk
M,586,807,1,SRR10013272,human,in vivo,extracellular,bulk
M,606,889,2,SRR10013272,human,in vivo,extracellular,bulk
M,61,547,1,SRR10013272,human,in vivo,extracellular,bulk
M,620,682,1,SRR10013272,human,in vivo,extracellular,bulk
M,66,703,1,SRR10013272,human,in vivo,extracellular,bulk
M,672,866,1,SRR10013272,human,in vivo,extracellular,bulk
M,674,869,1,SRR10013272,human,in vivo,extracellular,bulk
M,703,805,1,SRR10013272,human,in vivo,extracellular,bulk
M,715,786,1,SRR10013272,human,in vivo,extracellular,bulk
M,718,799,1,SRR10013272,human,in vivo,extracellular,bulk
M,730,787,1,SRR10013272,human,in vivo,extracellular,bulk
M,732,950,2,SRR10013272,human,in vivo,extracellular,bulk
M,739,951,1,SRR10013272,human,in vivo,extracellular,bulk
M,73,531,2,SRR10013272,human,in vivo,extracellular,bulk
M,771,816,1,SRR10013272,human,in vivo,extracellular,bulk
M,78,561,1,SRR10013272,human,in vivo,extracellular,bulk
M,81,442,1,SRR10013272,human,in vivo,extracellular,bulk
M,829,902,5,SRR10013272,human,in vivo,extracellular,bulk
M,83,567,2,SRR10013272,human,in vivo,extracellular,bulk
M,844,870,1,SRR10013272,human,in vivo,extracellular,bulk
M,900,964,3,SRR10013272,human,in vivo,extracellular,bulk
M,943,971,1,SRR10013272,human,in vivo,extracellular,bulk
M,97,1017,28,SRR10013272,human,in vivo,extracellular,bulk
NA,1007,1064,1,SRR10013272,human,in vivo,extracellular,bulk
NA,1008,1061,2,SRR10013272,human,in vivo,extracellular,bulk
NA,1010,1062,1,SRR10013272,human,in vivo,extracellular,bulk
NA,1010,1065,2,SRR10013272,human,in vivo,extracellular,bulk
NA,1011,1062,1,SRR10013272,human,in vivo,extracellular,bulk
NA,1011,1063,1,SRR10013272,human,in vivo,extracellular,bulk
NA,1011,1064,2,SRR10013272,human,in vivo,extracellular,bulk
NA,1014,1059,1,SRR10013272,human,in vivo,extracellular,bulk
NA,1019,1058,1,SRR10013272,human,in vivo,extracellular,bulk
NA,1023,1186,3,SRR10013272,human,in vivo,extracellular,bulk
NA,1032,1188,1,SRR10013272,human,in vivo,extracellular,bulk
NA,1055,1165,4,SRR10013272,human,in vivo,extracellular,bulk
NA,1102,1306,1,SRR10013272,human,in vivo,extracellular,bulk
NA,1108,1338,1,SRR10013272,human,in vivo,extracellular,bulk
NA,110,807,1,SRR10013272,human,in vivo,extracellular,bulk
NA,1115,1223,1,SRR10013272,human,in vivo,extracellular,bulk
NA,1115,1308,1,SRR10013272,human,in vivo,extracellular,bulk
NA,1125,1322,1,SRR10013272,human,in vivo,extracellular,bulk
NA,1133,1291,3,SRR10013272,human,in vivo,extracellular,bulk
NA,1160,1187,1,SRR10013272,human,in vivo,extracellular,bulk
NA,1162,1319,2,SRR10013272,human,in vivo,extracellular,bulk
NA,1195,1273,1,SRR10013272,human,in vivo,extracellular,bulk
NA,1201,1421,1,SRR10013272,human,in vivo,extracellular,bulk
NA,1284,1437,1,SRR10013272,human,in vivo,extracellular,bulk
NA,181,394,1,SRR10013272,human,in vivo,extracellular,bulk
NA,187,887,1,SRR10013272,human,in vivo,extracellular,bulk
NA,191,1270,1,SRR10013272,human,in vivo,extracellular,bulk
NA,191,728,1,SRR10013272,human,in vivo,extracellular,bulk
NA,195,660,3,SRR10013272,human,in vivo,extracellular,bulk
NA,243,1067,1,SRR10013272,human,in vivo,extracellular,bulk
NA,243,280,1,SRR10013272,human,in vivo,extracellular,bulk
NA,245,272,1,SRR10013272,human,in vivo,extracellular,bulk
NA,246,787,1,SRR10013272,human,in vivo,extracellular,bulk
NA,271,1069,2,SRR10013272,human,in vivo,extracellular,bulk
NA,272,1269,1,SRR10013272,human,in vivo,extracellular,bulk
NA,272,1465,1,SRR10013272,human,in vivo,extracellular,bulk
NA,307,738,1,SRR10013272,human,in vivo,extracellular,bulk
NA,313,1244,1,SRR10013272,human,in vivo,extracellular,bulk
NA,318,573,1,SRR10013272,human,in vivo,extracellular,bulk
NA,337,569,1,SRR10013272,human,in vivo,extracellular,bulk
NA,34,412,1,SRR10013272,human,in vivo,extracellular,bulk
NA,356,387,1,SRR10013272,human,in vivo,extracellular,bulk
NA,361,573,1,SRR10013272,human,in vivo,extracellular,bulk
NA,361,824,1,SRR10013272,human,in vivo,extracellular,bulk
NA,380,1064,2,SRR10013272,human,in vivo,extracellular,bulk
NA,380,1118,6,SRR10013272,human,in vivo,extracellular,bulk
NA,383,1269,1,SRR10013272,human,in vivo,extracellular,bulk
NA,390,998,1,SRR10013272,human,in vivo,extracellular,bulk
NA,393,636,7,SRR10013272,human,in vivo,extracellular,bulk
NA,404,777,16,SRR10013272,human,in vivo,extracellular,bulk
NA,416,689,1,SRR10013272,human,in vivo,extracellular,bulk
NA,426,1429,2,SRR10013272,human,in vivo,extracellular,bulk
NA,430,1361,1,SRR10013272,human,in vivo,extracellular,bulk
NA,439,786,1,SRR10013272,human,in vivo,extracellular,bulk
NA,442,809,1,SRR10013272,human,in vivo,extracellular,bulk
NA,451,1224,1,SRR10013272,human,in vivo,extracellular,bulk
NA,452,1136,1,SRR10013272,human,in vivo,extracellular,bulk
NA,455,1312,3,SRR10013272,human,in vivo,extracellular,bulk
NA,457,1230,4,SRR10013272,human,in vivo,extracellular,bulk
NA,458,1096,2,SRR10013272,human,in vivo,extracellular,bulk
NA,460,505,1,SRR10013272,human,in vivo,extracellular,bulk
NA,464,1007,1,SRR10013272,human,in vivo,extracellular,bulk
NA,465,596,3,SRR10013272,human,in vivo,extracellular,bulk
NA,466,1025,3,SRR10013272,human,in vivo,extracellular,bulk
NA,467,1468,1,SRR10013272,human,in vivo,extracellular,bulk
NA,47,789,1,SRR10013272,human,in vivo,extracellular,bulk
NA,484,1296,1,SRR10013272,human,in vivo,extracellular,bulk
NA,489,576,1,SRR10013272,human,in vivo,extracellular,bulk
NA,492,1066,1,SRR10013272,human,in vivo,extracellular,bulk
NA,492,1452,1,SRR10013272,human,in vivo,extracellular,bulk
NA,496,1075,1,SRR10013272,human,in vivo,extracellular,bulk
NA,496,1107,6,SRR10013272,human,in vivo,extracellular,bulk
NA,496,1336,1,SRR10013272,human,in vivo,extracellular,bulk
NA,49,1361,1,SRR10013272,human,in vivo,extracellular,bulk
NA,501,1296,1,SRR10013272,human,in vivo,extracellular,bulk
NA,505,672,1,SRR10013272,human,in vivo,extracellular,bulk
NA,515,1117,1,SRR10013272,human,in vivo,extracellular,bulk
NA,515,1222,1,SRR10013272,human,in vivo,extracellular,bulk
NA,515,567,1,SRR10013272,human,in vivo,extracellular,bulk
NA,531,1071,1,SRR10013272,human,in vivo,extracellular,bulk
NA,531,1292,1,SRR10013272,human,in vivo,extracellular,bulk
NA,537,1006,1,SRR10013272,human,in vivo,extracellular,bulk
NA,542,978,1,SRR10013272,human,in vivo,extracellular,bulk
NA,554,1425,1,SRR10013272,human,in vivo,extracellular,bulk
NA,555,1073,1,SRR10013272,human,in vivo,extracellular,bulk
NA,561,1301,1,SRR10013272,human,in vivo,extracellular,bulk
NA,563,1437,2,SRR10013272,human,in vivo,extracellular,bulk
NA,564,918,1,SRR10013272,human,in vivo,extracellular,bulk
NA,570,1468,1,SRR10013272,human,in vivo,extracellular,bulk
NA,584,1004,1,SRR10013272,human,in vivo,extracellular,bulk
NA,587,1436,3,SRR10013272,human,in vivo,extracellular,bulk
NA,596,1166,1,SRR10013272,human,in vivo,extracellular,bulk
NA,602,1445,1,SRR10013272,human,in vivo,extracellular,bulk
NA,604,1298,1,SRR10013272,human,in vivo,extracellular,bulk
NA,609,1322,1,SRR10013272,human,in vivo,extracellular,bulk
NA,611,1318,1,SRR10013272,human,in vivo,extracellular,bulk
NA,61,322,1,SRR10013272,human,in vivo,extracellular,bulk
NA,670,957,1,SRR10013272,human,in vivo,extracellular,bulk
NA,683,756,1,SRR10013272,human,in vivo,extracellular,bulk
NA,683,760,1,SRR10013272,human,in vivo,extracellular,bulk
NA,689,750,1,SRR10013272,human,in vivo,extracellular,bulk
NA,689,751,1,SRR10013272,human,in vivo,extracellular,bulk
NA,693,730,1,SRR10013272,human,in vivo,extracellular,bulk
NA,697,1143,1,SRR10013272,human,in vivo,extracellular,bulk
NA,716,903,2,SRR10013272,human,in vivo,extracellular,bulk
NA,718,905,8,SRR10013272,human,in vivo,extracellular,bulk
NA,719,906,1,SRR10013272,human,in vivo,extracellular,bulk
NA,731,1445,2,SRR10013272,human,in vivo,extracellular,bulk
NA,756,961,12,SRR10013272,human,in vivo,extracellular,bulk
NA,805,1443,1,SRR10013272,human,in vivo,extracellular,bulk
NA,835,1355,1,SRR10013272,human,in vivo,extracellular,bulk
NA,854,1066,1,SRR10013272,human,in vivo,extracellular,bulk
NA,906,960,1,SRR10013272,human,in vivo,extracellular,bulk
NA,918,1437,2,SRR10013272,human,in vivo,extracellular,bulk
NA,924,967,5,SRR10013272,human,in vivo,extracellular,bulk
NA,938,1467,1,SRR10013272,human,in vivo,extracellular,bulk
NA,945,1189,1,SRR10013272,human,in vivo,extracellular,bulk
NA,981,1335,2,SRR10013272,human,in vivo,extracellular,bulk
NP,1001,1072,1,SRR10013272,human,in vivo,extracellular,bulk
NP,1007,1061,1,SRR10013272,human,in vivo,extracellular,bulk
NP,1023,1052,1,SRR10013272,human,in vivo,extracellular,bulk
NP,1136,1658,1,SRR10013272,human,in vivo,extracellular,bulk
NP,1170,1339,1,SRR10013272,human,in vivo,extracellular,bulk
NP,1237,1570,1,SRR10013272,human,in vivo,extracellular,bulk
NP,1244,1370,1,SRR10013272,human,in vivo,extracellular,bulk
NP,126,1588,5,SRR10013272,human,in vivo,extracellular,bulk
NP,126,607,1,SRR10013272,human,in vivo,extracellular,bulk
NP,1320,1398,3,SRR10013272,human,in vivo,extracellular,bulk
NP,1336,1395,1,SRR10013272,human,in vivo,extracellular,bulk
NP,134,1386,7,SRR10013272,human,in vivo,extracellular,bulk
NP,1365,1445,3,SRR10013272,human,in vivo,extracellular,bulk
NP,137,1384,23,SRR10013272,human,in vivo,extracellular,bulk
NP,1564,1666,1,SRR10013272,human,in vivo,extracellular,bulk
NP,156,1442,3,SRR10013272,human,in vivo,extracellular,bulk
NP,1601,1687,1,SRR10013272,human,in vivo,extracellular,bulk
NP,1603,1635,1,SRR10013272,human,in vivo,extracellular,bulk
NP,1608,1631,1,SRR10013272,human,in vivo,extracellular,bulk
NP,170,1484,1,SRR10013272,human,in vivo,extracellular,bulk
NP,176,1737,1,SRR10013272,human,in vivo,extracellular,bulk
NP,196,1454,2,SRR10013272,human,in vivo,extracellular,bulk
NP,200,751,1,SRR10013272,human,in vivo,extracellular,bulk
NP,215,1484,2,SRR10013272,human,in vivo,extracellular,bulk
NP,216,1519,1,SRR10013272,human,in vivo,extracellular,bulk
NP,259,533,1,SRR10013272,human,in vivo,extracellular,bulk
NP,268,456,1,SRR10013272,human,in vivo,extracellular,bulk
NP,286,1103,1,SRR10013272,human,in vivo,extracellular,bulk
NP,286,1136,1,SRR10013272,human,in vivo,extracellular,bulk
NP,382,1451,1,SRR10013272,human,in vivo,extracellular,bulk
NP,392,1461,2,SRR10013272,human,in vivo,extracellular,bulk
NP,416,1233,1,SRR10013272,human,in vivo,extracellular,bulk
NP,456,1506,1,SRR10013272,human,in vivo,extracellular,bulk
NP,462,1537,2,SRR10013272,human,in vivo,extracellular,bulk
NP,472,1461,1,SRR10013272,human,in vivo,extracellular,bulk
NP,499,785,2,SRR10013272,human,in vivo,extracellular,bulk
NP,508,567,1,SRR10013272,human,in vivo,extracellular,bulk
NP,51,1354,2,SRR10013272,human,in vivo,extracellular,bulk
NP,522,1414,7,SRR10013272,human,in vivo,extracellular,bulk
NP,540,1227,1,SRR10013272,human,in vivo,extracellular,bulk
NP,61,1065,2,SRR10013272,human,in vivo,extracellular,bulk
NP,623,1457,1,SRR10013272,human,in vivo,extracellular,bulk
NP,661,1562,1,SRR10013272,human,in vivo,extracellular,bulk
NP,665,1177,1,SRR10013272,human,in vivo,extracellular,bulk
NP,680,1623,1,SRR10013272,human,in vivo,extracellular,bulk
NP,680,756,4,SRR10013272,human,in vivo,extracellular,bulk
NP,709,1308,1,SRR10013272,human,in vivo,extracellular,bulk
NP,724,1116,4,SRR10013272,human,in vivo,extracellular,bulk
NP,727,794,6,SRR10013272,human,in vivo,extracellular,bulk
NP,740,1263,4,SRR10013272,human,in vivo,extracellular,bulk
NP,804,1096,4,SRR10013272,human,in vivo,extracellular,bulk
NP,832,1571,10,SRR10013272,human,in vivo,extracellular,bulk
NP,844,930,5,SRR10013272,human,in vivo,extracellular,bulk
NP,878,1230,1,SRR10013272,human,in vivo,extracellular,bulk
NP,931,1130,1,SRR10013272,human,in vivo,extracellular,bulk
NP,937,1094,2,SRR10013272,human,in vivo,extracellular,bulk
NS,161,842,1,SRR10013272,human,in vivo,extracellular,bulk
NS,202,715,1,SRR10013272,human,in vivo,extracellular,bulk
NS,258,395,1,SRR10013272,human,in vivo,extracellular,bulk
NS,313,346,1,SRR10013272,human,in vivo,extracellular,bulk
NS,317,344,1,SRR10013272,human,in vivo,extracellular,bulk
NS,323,607,1,SRR10013272,human,in vivo,extracellular,bulk
NS,368,651,1,SRR10013272,human,in vivo,extracellular,bulk
NS,451,756,1,SRR10013272,human,in vivo,extracellular,bulk
NS,477,886,3,SRR10013272,human,in vivo,extracellular,bulk
NS,487,698,1,SRR10013272,human,in vivo,extracellular,bulk
NS,488,531,1,SRR10013272,human,in vivo,extracellular,bulk
NS,527,567,2,SRR10013272,human,in vivo,extracellular,bulk
NS,581,758,1,SRR10013272,human,in vivo,extracellular,bulk
NS,619,641,1,SRR10013272,human,in vivo,extracellular,bulk
NS,631,653,1,SRR10013272,human,in vivo,extracellular,bulk
NS,681,709,1,SRR10013272,human,in vivo,extracellular,bulk
NS,702,800,1,SRR10013272,human,in vivo,extracellular,bulk
NS,708,893,2,SRR10013272,human,in vivo,extracellular,bulk
NS,717,861,1,SRR10013272,human,in vivo,extracellular,bulk
PA,1005,1483,1,SRR10013272,human,in vivo,extracellular,bulk
PA,1019,1494,2,SRR10013272,human,in vivo,extracellular,bulk
PA,1030,1734,2,SRR10013272,human,in vivo,extracellular,bulk
PA,1049,1709,1,SRR10013272,human,in vivo,extracellular,bulk
PA,1050,1846,1,SRR10013272,human,in vivo,extracellular,bulk
PA,1053,1445,2,SRR10013272,human,in vivo,extracellular,bulk
PA,1065,1539,5,SRR10013272,human,in vivo,extracellular,bulk
PA,1079,1371,9,SRR10013272,human,in vivo,extracellular,bulk
PA,1102,1718,1,SRR10013272,human,in vivo,extracellular,bulk
PA,1121,1207,4,SRR10013272,human,in vivo,extracellular,bulk
PA,1149,1331,2,SRR10013272,human,in vivo,extracellular,bulk
PA,1223,1862,1,SRR10013272,human,in vivo,extracellular,bulk
PA,1226,2126,1,SRR10013272,human,in vivo,extracellular,bulk
PA,1245,1595,1,SRR10013272,human,in vivo,extracellular,bulk
PA,124,637,1,SRR10013272,human,in vivo,extracellular,bulk
PA,1280,1335,1,SRR10013272,human,in vivo,extracellular,bulk
PA,1282,1337,2,SRR10013272,human,in vivo,extracellular,bulk
PA,1293,1430,8,SRR10013272,human,in vivo,extracellular,bulk
PA,1332,1391,1,SRR10013272,human,in vivo,extracellular,bulk
PA,1334,1883,1,SRR10013272,human,in vivo,extracellular,bulk
PA,139,2030,11,SRR10013272,human,in vivo,extracellular,bulk
PA,1455,1713,1,SRR10013272,human,in vivo,extracellular,bulk
PA,153,1143,1,SRR10013272,human,in vivo,extracellular,bulk
PA,1588,1708,1,SRR10013272,human,in vivo,extracellular,bulk
PA,169,1330,1,SRR10013272,human,in vivo,extracellular,bulk
PA,188,1485,1,SRR10013272,human,in vivo,extracellular,bulk
PA,189,1321,7,SRR10013272,human,in vivo,extracellular,bulk
PA,190,1335,1,SRR10013272,human,in vivo,extracellular,bulk
PA,191,1884,1,SRR10013272,human,in vivo,extracellular,bulk
PA,193,999,1,SRR10013272,human,in vivo,extracellular,bulk
PA,194,1911,1,SRR10013272,human,in vivo,extracellular,bulk
PA,2028,2071,1,SRR10013272,human,in vivo,extracellular,bulk
PA,2041,2102,2,SRR10013272,human,in vivo,extracellular,bulk
PA,206,2019,5,SRR10013272,human,in vivo,extracellular,bulk
PA,211,512,1,SRR10013272,human,in vivo,extracellular,bulk
PA,215,1527,1,SRR10013272,human,in vivo,extracellular,bulk
PA,220,1408,1,SRR10013272,human,in vivo,extracellular,bulk
PA,220,613,2,SRR10013272,human,in vivo,extracellular,bulk
PA,221,1439,2,SRR10013272,human,in vivo,extracellular,bulk
PA,222,517,1,SRR10013272,human,in vivo,extracellular,bulk
PA,222,909,2,SRR10013272,human,in vivo,extracellular,bulk
PA,227,1527,1,SRR10013272,human,in vivo,extracellular,bulk
PA,229,916,1,SRR10013272,human,in vivo,extracellular,bulk
PA,245,640,1,SRR10013272,human,in vivo,extracellular,bulk
PA,246,2099,7,SRR10013272,human,in vivo,extracellular,bulk
PA,261,907,3,SRR10013272,human,in vivo,extracellular,bulk
PA,263,1728,2,SRR10013272,human,in vivo,extracellular,bulk
PA,263,2061,7,SRR10013272,human,in vivo,extracellular,bulk
PA,270,1182,3,SRR10013272,human,in vivo,extracellular,bulk
PA,278,747,1,SRR10013272,human,in vivo,extracellular,bulk
PA,27,49,8,SRR10013272,human,in vivo,extracellular,bulk
PA,280,1315,5,SRR10013272,human,in vivo,extracellular,bulk
PA,282,328,1,SRR10013272,human,in vivo,extracellular,bulk
PA,289,1230,1,SRR10013272,human,in vivo,extracellular,bulk
PA,290,680,1,SRR10013272,human,in vivo,extracellular,bulk
PA,313,1435,1,SRR10013272,human,in vivo,extracellular,bulk
PA,313,1833,1,SRR10013272,human,in vivo,extracellular,bulk
PA,315,447,1,SRR10013272,human,in vivo,extracellular,bulk
PA,319,2075,1,SRR10013272,human,in vivo,extracellular,bulk
PA,337,1367,2,SRR10013272,human,in vivo,extracellular,bulk
PA,338,1999,1,SRR10013272,human,in vivo,extracellular,bulk
PA,342,887,1,SRR10013272,human,in vivo,extracellular,bulk
PA,357,1708,1,SRR10013272,human,in vivo,extracellular,bulk
PA,372,1888,1,SRR10013272,human,in vivo,extracellular,bulk
PA,406,1894,1,SRR10013272,human,in vivo,extracellular,bulk
PA,416,1867,139,SRR10013272,human,in vivo,extracellular,bulk
PA,419,1006,1,SRR10013272,human,in vivo,extracellular,bulk
PA,421,1811,24,SRR10013272,human,in vivo,extracellular,bulk
PA,423,1953,12,SRR10013272,human,in vivo,extracellular,bulk
PA,425,1878,1,SRR10013272,human,in vivo,extracellular,bulk
PA,425,900,1,SRR10013272,human,in vivo,extracellular,bulk
PA,444,1435,1,SRR10013272,human,in vivo,extracellular,bulk
PA,44,1430,2,SRR10013272,human,in vivo,extracellular,bulk
PA,463,1833,4,SRR10013272,human,in vivo,extracellular,bulk
PA,464,1615,1,SRR10013272,human,in vivo,extracellular,bulk
PA,516,909,1,SRR10013272,human,in vivo,extracellular,bulk
PA,521,1835,2,SRR10013272,human,in vivo,extracellular,bulk
PA,523,1845,15,SRR10013272,human,in vivo,extracellular,bulk
PA,531,1682,2,SRR10013272,human,in vivo,extracellular,bulk
PA,539,1564,1,SRR10013272,human,in vivo,extracellular,bulk
PA,542,1907,10,SRR10013272,human,in vivo,extracellular,bulk
PA,557,1624,12,SRR10013272,human,in vivo,extracellular,bulk
PA,561,911,1,SRR10013272,human,in vivo,extracellular,bulk
PA,56,159,1,SRR10013272,human,in vivo,extracellular,bulk
PA,570,920,2,SRR10013272,human,in vivo,extracellular,bulk
PA,600,1382,1,SRR10013272,human,in vivo,extracellular,bulk
PA,602,1744,3,SRR10013272,human,in vivo,extracellular,bulk
PA,608,951,1,SRR10013272,human,in vivo,extracellular,bulk
PA,614,1635,13,SRR10013272,human,in vivo,extracellular,bulk
PA,615,1639,4,SRR10013272,human,in vivo,extracellular,bulk
PA,62,909,2,SRR10013272,human,in vivo,extracellular,bulk
PA,632,1624,5,SRR10013272,human,in vivo,extracellular,bulk
PA,63,1164,1,SRR10013272,human,in vivo,extracellular,bulk
PA,643,674,3,SRR10013272,human,in vivo,extracellular,bulk
PA,661,1607,1,SRR10013272,human,in vivo,extracellular,bulk
PA,682,1650,1,SRR10013272,human,in vivo,extracellular,bulk
PA,69,1620,3,SRR10013272,human,in vivo,extracellular,bulk
PA,701,838,1,SRR10013272,human,in vivo,extracellular,bulk
PA,710,1528,7,SRR10013272,human,in vivo,extracellular,bulk
PA,714,1847,1,SRR10013272,human,in vivo,extracellular,bulk
PA,729,853,1,SRR10013272,human,in vivo,extracellular,bulk
PA,730,1489,14,SRR10013272,human,in vivo,extracellular,bulk
PA,733,1160,4,SRR10013272,human,in vivo,extracellular,bulk
PA,737,1040,1,SRR10013272,human,in vivo,extracellular,bulk
PA,745,1601,1,SRR10013272,human,in vivo,extracellular,bulk
PA,750,908,1,SRR10013272,human,in vivo,extracellular,bulk
PA,784,1008,1,SRR10013272,human,in vivo,extracellular,bulk
PA,812,1553,1,SRR10013272,human,in vivo,extracellular,bulk
PA,814,1110,1,SRR10013272,human,in vivo,extracellular,bulk
PA,866,2001,1,SRR10013272,human,in vivo,extracellular,bulk
PA,871,921,1,SRR10013272,human,in vivo,extracellular,bulk
PA,872,944,1,SRR10013272,human,in vivo,extracellular,bulk
PA,914,1714,1,SRR10013272,human,in vivo,extracellular,bulk
PA,922,1167,1,SRR10013272,human,in vivo,extracellular,bulk
PA,945,1888,1,SRR10013272,human,in vivo,extracellular,bulk
PA,957,2213,1,SRR10013272,human,in vivo,extracellular,bulk
PA,959,1201,1,SRR10013272,human,in vivo,extracellular,bulk
PA,95,1383,6,SRR10013272,human,in vivo,extracellular,bulk
PA,973,1229,1,SRR10013272,human,in vivo,extracellular,bulk
PB1,101,1614,1,SRR10013272,human,in vivo,extracellular,bulk
PB1,102,2042,1,SRR10013272,human,in vivo,extracellular,bulk
PB1,108,300,1,SRR10013272,human,in vivo,extracellular,bulk
PB1,110,2014,1,SRR10013272,human,in vivo,extracellular,bulk
PB1,1118,2034,1,SRR10013272,human,in vivo,extracellular,bulk
PB1,1156,1373,2,SRR10013272,human,in vivo,extracellular,bulk
PB1,130,1259,1,SRR10013272,human,in vivo,extracellular,bulk
PB1,1340,2220,1,SRR10013272,human,in vivo,extracellular,bulk
PB1,1359,2209,1,SRR10013272,human,in vivo,extracellular,bulk
PB1,136,2037,18,SRR10013272,human,in vivo,extracellular,bulk
PB1,1398,1428,1,SRR10013272,human,in vivo,extracellular,bulk
PB1,144,2046,5,SRR10013272,human,in vivo,extracellular,bulk
PB1,149,951,1,SRR10013272,human,in vivo,extracellular,bulk
PB1,150,1152,2,SRR10013272,human,in vivo,extracellular,bulk
PB1,1575,2210,1,SRR10013272,human,in vivo,extracellular,bulk
PB1,2045,2191,1,SRR10013272,human,in vivo,extracellular,bulk
PB1,2063,2087,4,SRR10013272,human,in vivo,extracellular,bulk
PB1,213,2154,1,SRR10013272,human,in vivo,extracellular,bulk
PB1,228,2169,14,SRR10013272,human,in vivo,extracellular,bulk
PB1,265,2148,3,SRR10013272,human,in vivo,extracellular,bulk
PB1,267,2150,3,SRR10013272,human,in vivo,extracellular,bulk
PB1,276,1881,2,SRR10013272,human,in vivo,extracellular,bulk
PB1,286,2204,1,SRR10013272,human,in vivo,extracellular,bulk
PB1,289,2182,10,SRR10013272,human,in vivo,extracellular,bulk
PB1,290,2175,15,SRR10013272,human,in vivo,extracellular,bulk
PB1,291,1227,17,SRR10013272,human,in vivo,extracellular,bulk
PB1,297,2035,1,SRR10013272,human,in vivo,extracellular,bulk
PB1,324,2151,1,SRR10013272,human,in vivo,extracellular,bulk
PB1,325,2141,42,SRR10013272,human,in vivo,extracellular,bulk
PB1,326,2162,47,SRR10013272,human,in vivo,extracellular,bulk
PB1,329,2095,22,SRR10013272,human,in vivo,extracellular,bulk
PB1,329,2171,2,SRR10013272,human,in vivo,extracellular,bulk
PB1,32,2137,1,SRR10013272,human,in vivo,extracellular,bulk
PB1,330,1375,1,SRR10013272,human,in vivo,extracellular,bulk
PB1,330,2149,1,SRR10013272,human,in vivo,extracellular,bulk
PB1,339,1785,1,SRR10013272,human,in vivo,extracellular,bulk
PB1,35,1779,2,SRR10013272,human,in vivo,extracellular,bulk
PB1,364,1309,8,SRR10013272,human,in vivo,extracellular,bulk
PB1,365,1680,1,SRR10013272,human,in vivo,extracellular,bulk
PB1,379,1693,4,SRR10013272,human,in vivo,extracellular,bulk
PB1,381,918,1,SRR10013272,human,in vivo,extracellular,bulk
PB1,383,2084,3,SRR10013272,human,in vivo,extracellular,bulk
PB1,388,545,1,SRR10013272,human,in vivo,extracellular,bulk
PB1,460,651,1,SRR10013272,human,in vivo,extracellular,bulk
PB1,462,970,1,SRR10013272,human,in vivo,extracellular,bulk
PB1,465,1009,1,SRR10013272,human,in vivo,extracellular,bulk
PB1,465,1843,31,SRR10013272,human,in vivo,extracellular,bulk
PB1,557,1029,1,SRR10013272,human,in vivo,extracellular,bulk
PB1,559,646,2,SRR10013272,human,in vivo,extracellular,bulk
PB1,565,1730,1,SRR10013272,human,in vivo,extracellular,bulk
PB1,565,1784,19,SRR10013272,human,in vivo,extracellular,bulk
PB1,604,1898,18,SRR10013272,human,in vivo,extracellular,bulk
PB1,609,2225,1,SRR10013272,human,in vivo,extracellular,bulk
PB1,621,1151,2,SRR10013272,human,in vivo,extracellular,bulk
PB1,65,2135,1,SRR10013272,human,in vivo,extracellular,bulk
PB1,685,756,1,SRR10013272,human,in vivo,extracellular,bulk
PB1,689,1842,13,SRR10013272,human,in vivo,extracellular,bulk
PB1,724,1654,3,SRR10013272,human,in vivo,extracellular,bulk
PB1,725,2159,1,SRR10013272,human,in vivo,extracellular,bulk
PB1,736,1547,1,SRR10013272,human,in vivo,extracellular,bulk
PB1,747,1496,1,SRR10013272,human,in vivo,extracellular,bulk
PB1,75,2029,2,SRR10013272,human,in vivo,extracellular,bulk
PB1,764,1773,1,SRR10013272,human,in vivo,extracellular,bulk
PB1,778,1568,9,SRR10013272,human,in vivo,extracellular,bulk
PB1,798,1460,1,SRR10013272,human,in vivo,extracellular,bulk
PB1,798,1982,1,SRR10013272,human,in vivo,extracellular,bulk
PB1,84,120,1,SRR10013272,human,in vivo,extracellular,bulk
PB1,882,1541,1,SRR10013272,human,in vivo,extracellular,bulk
PB1,901,1383,1,SRR10013272,human,in vivo,extracellular,bulk
PB1,905,2092,1,SRR10013272,human,in vivo,extracellular,bulk
PB1,90,1334,1,SRR10013272,human,in vivo,extracellular,bulk
PB1,936,1466,1,SRR10013272,human,in vivo,extracellular,bulk
PB1,97,2016,37,SRR10013272,human,in vivo,extracellular,bulk
PB2,1031,1107,1,SRR10013272,human,in vivo,extracellular,bulk
PB2,1037,2058,35,SRR10013272,human,in vivo,extracellular,bulk
PB2,1073,1154,1,SRR10013272,human,in vivo,extracellular,bulk
PB2,1080,1625,2,SRR10013272,human,in vivo,extracellular,bulk
PB2,1114,1385,1,SRR10013272,human,in vivo,extracellular,bulk
PB2,111,861,1,SRR10013272,human,in vivo,extracellular,bulk
PB2,1124,1943,1,SRR10013272,human,in vivo,extracellular,bulk
PB2,1242,2295,1,SRR10013272,human,in vivo,extracellular,bulk
PB2,1243,1945,1,SRR10013272,human,in vivo,extracellular,bulk
PB2,1300,1726,27,SRR10013272,human,in vivo,extracellular,bulk
PB2,1376,1635,1,SRR10013272,human,in vivo,extracellular,bulk
PB2,1529,1724,1,SRR10013272,human,in vivo,extracellular,bulk
PB2,1615,1786,15,SRR10013272,human,in vivo,extracellular,bulk
PB2,1639,1839,1,SRR10013272,human,in vivo,extracellular,bulk
PB2,185,2156,1,SRR10013272,human,in vivo,extracellular,bulk
PB2,1900,1992,1,SRR10013272,human,in vivo,extracellular,bulk
PB2,2062,2266,1,SRR10013272,human,in vivo,extracellular,bulk
PB2,225,1284,14,SRR10013272,human,in vivo,extracellular,bulk
PB2,225,2260,1,SRR10013272,human,in vivo,extracellular,bulk
PB2,225,554,1,SRR10013272,human,in vivo,extracellular,bulk
PB2,246,573,1,SRR10013272,human,in vivo,extracellular,bulk
PB2,250,2115,75,SRR10013272,human,in vivo,extracellular,bulk
PB2,262,2122,1,SRR10013272,human,in vivo,extracellular,bulk
PB2,264,1052,1,SRR10013272,human,in vivo,extracellular,bulk
PB2,274,1286,1,SRR10013272,human,in vivo,extracellular,bulk
PB2,336,2128,15,SRR10013272,human,in vivo,extracellular,bulk
PB2,393,1992,1,SRR10013272,human,in vivo,extracellular,bulk
PB2,397,2128,1,SRR10013272,human,in vivo,extracellular,bulk
PB2,466,1637,1,SRR10013272,human,in vivo,extracellular,bulk
PB2,470,702,1,SRR10013272,human,in vivo,extracellular,bulk
PB2,477,2021,1,SRR10013272,human,in vivo,extracellular,bulk
PB2,527,1619,2,SRR10013272,human,in vivo,extracellular,bulk
PB2,576,2037,2,SRR10013272,human,in vivo,extracellular,bulk
PB2,583,1836,1,SRR10013272,human,in vivo,extracellular,bulk
PB2,587,1840,10,SRR10013272,human,in vivo,extracellular,bulk
PB2,588,2048,3,SRR10013272,human,in vivo,extracellular,bulk
PB2,599,1874,13,SRR10013272,human,in vivo,extracellular,bulk
PB2,603,1594,5,SRR10013272,human,in vivo,extracellular,bulk
PB2,709,1792,2,SRR10013272,human,in vivo,extracellular,bulk
PB2,712,1796,18,SRR10013272,human,in vivo,extracellular,bulk
PB2,726,2046,3,SRR10013272,human,in vivo,extracellular,bulk
PB2,728,1153,1,SRR10013272,human,in vivo,extracellular,bulk
PB2,730,2050,1,SRR10013272,human,in vivo,extracellular,bulk
PB2,737,1712,3,SRR10013272,human,in vivo,extracellular,bulk
PB2,981,1247,1,SRR10013272,human,in vivo,extracellular,bulk
HA,147,344,1,SRR10013047,human,in vivo,extracellular,bulk
HA,837,1574,1,SRR10013047,human,in vivo,extracellular,bulk
HA,83,1244,1,SRR10013047,human,in vivo,extracellular,bulk
HA,966,1802,1,SRR10013047,human,in vivo,extracellular,bulk
M,103,188,1,SRR10013047,human,in vivo,extracellular,bulk
M,138,624,1,SRR10013047,human,in vivo,extracellular,bulk
M,191,813,1,SRR10013047,human,in vivo,extracellular,bulk
M,199,1012,1,SRR10013047,human,in vivo,extracellular,bulk
M,199,871,1,SRR10013047,human,in vivo,extracellular,bulk
M,279,568,2,SRR10013047,human,in vivo,extracellular,bulk
M,290,945,1,SRR10013047,human,in vivo,extracellular,bulk
M,296,585,1,SRR10013047,human,in vivo,extracellular,bulk
M,297,1013,2,SRR10013047,human,in vivo,extracellular,bulk
M,301,611,1,SRR10013047,human,in vivo,extracellular,bulk
M,325,546,1,SRR10013047,human,in vivo,extracellular,bulk
M,339,547,1,SRR10013047,human,in vivo,extracellular,bulk
M,339,723,1,SRR10013047,human,in vivo,extracellular,bulk
M,347,951,1,SRR10013047,human,in vivo,extracellular,bulk
M,366,402,2,SRR10013047,human,in vivo,extracellular,bulk
M,66,759,1,SRR10013047,human,in vivo,extracellular,bulk
M,678,945,1,SRR10013047,human,in vivo,extracellular,bulk
M,92,941,35,SRR10013047,human,in vivo,extracellular,bulk
M,97,595,1,SRR10013047,human,in vivo,extracellular,bulk
NA,1306,1468,1,SRR10013047,human,in vivo,extracellular,bulk
NA,187,571,1,SRR10013047,human,in vivo,extracellular,bulk
NA,212,1092,4,SRR10013047,human,in vivo,extracellular,bulk
NA,344,1188,2,SRR10013047,human,in vivo,extracellular,bulk
NA,424,637,2,SRR10013047,human,in vivo,extracellular,bulk
NA,437,1265,2,SRR10013047,human,in vivo,extracellular,bulk
NA,716,903,1,SRR10013047,human,in vivo,extracellular,bulk
NA,757,982,1,SRR10013047,human,in vivo,extracellular,bulk
NA,786,969,1,SRR10013047,human,in vivo,extracellular,bulk
NA,916,1305,1,SRR10013047,human,in vivo,extracellular,bulk
NP,105,441,1,SRR10013047,human,in vivo,extracellular,bulk
NP,1665,1697,1,SRR10013047,human,in vivo,extracellular,bulk
NP,176,1737,2,SRR10013047,human,in vivo,extracellular,bulk
NP,192,977,1,SRR10013047,human,in vivo,extracellular,bulk
NP,257,1234,1,SRR10013047,human,in vivo,extracellular,bulk
NP,462,1537,1,SRR10013047,human,in vivo,extracellular,bulk
NP,636,1162,1,SRR10013047,human,in vivo,extracellular,bulk
NP,667,1249,2,SRR10013047,human,in vivo,extracellular,bulk
NP,684,710,1,SRR10013047,human,in vivo,extracellular,bulk
NP,949,1282,2,SRR10013047,human,in vivo,extracellular,bulk
NS,185,355,1,SRR10013047,human,in vivo,extracellular,bulk
NS,319,702,1,SRR10013047,human,in vivo,extracellular,bulk
PA,1156,1831,1,SRR10013047,human,in vivo,extracellular,bulk
PA,1222,1373,1,SRR10013047,human,in vivo,extracellular,bulk
PA,1475,1621,1,SRR10013047,human,in vivo,extracellular,bulk
PA,196,1927,1,SRR10013047,human,in vivo,extracellular,bulk
PA,227,2093,1,SRR10013047,human,in vivo,extracellular,bulk
PA,247,898,1,SRR10013047,human,in vivo,extracellular,bulk
PA,251,1388,1,SRR10013047,human,in vivo,extracellular,bulk
PA,281,1435,1,SRR10013047,human,in vivo,extracellular,bulk
PA,289,1281,2,SRR10013047,human,in vivo,extracellular,bulk
PA,292,2022,14,SRR10013047,human,in vivo,extracellular,bulk
PA,30,1647,1,SRR10013047,human,in vivo,extracellular,bulk
PA,318,2003,1,SRR10013047,human,in vivo,extracellular,bulk
PA,373,1981,1,SRR10013047,human,in vivo,extracellular,bulk
PA,407,1256,1,SRR10013047,human,in vivo,extracellular,bulk
PA,438,1842,1,SRR10013047,human,in vivo,extracellular,bulk
PA,468,1822,1,SRR10013047,human,in vivo,extracellular,bulk
PA,510,1355,1,SRR10013047,human,in vivo,extracellular,bulk
PA,548,1546,1,SRR10013047,human,in vivo,extracellular,bulk
PA,599,1688,1,SRR10013047,human,in vivo,extracellular,bulk
PA,616,1636,1,SRR10013047,human,in vivo,extracellular,bulk
PA,652,2058,1,SRR10013047,human,in vivo,extracellular,bulk
PA,699,1521,2,SRR10013047,human,in vivo,extracellular,bulk
PA,70,917,1,SRR10013047,human,in vivo,extracellular,bulk
PA,71,1640,15,SRR10013047,human,in vivo,extracellular,bulk
PA,72,1641,1,SRR10013047,human,in vivo,extracellular,bulk
PA,787,1385,2,SRR10013047,human,in vivo,extracellular,bulk
PA,876,2052,1,SRR10013047,human,in vivo,extracellular,bulk
PA,95,1260,2,SRR10013047,human,in vivo,extracellular,bulk
PA,966,1347,1,SRR10013047,human,in vivo,extracellular,bulk
PB1,101,1614,1,SRR10013047,human,in vivo,extracellular,bulk
PB1,1298,2013,1,SRR10013047,human,in vivo,extracellular,bulk
PB1,136,2037,1,SRR10013047,human,in vivo,extracellular,bulk
PB1,2037,2200,1,SRR10013047,human,in vivo,extracellular,bulk
PB1,209,2087,2,SRR10013047,human,in vivo,extracellular,bulk
PB1,225,2146,14,SRR10013047,human,in vivo,extracellular,bulk
PB1,290,2175,1,SRR10013047,human,in vivo,extracellular,bulk
PB1,326,2162,11,SRR10013047,human,in vivo,extracellular,bulk
PB1,357,2073,2,SRR10013047,human,in vivo,extracellular,bulk
PB1,36,1783,1,SRR10013047,human,in vivo,extracellular,bulk
PB1,370,641,2,SRR10013047,human,in vivo,extracellular,bulk
PB1,466,1895,3,SRR10013047,human,in vivo,extracellular,bulk
PB1,590,1842,1,SRR10013047,human,in vivo,extracellular,bulk
PB1,594,1739,1,SRR10013047,human,in vivo,extracellular,bulk
PB1,603,1781,2,SRR10013047,human,in vivo,extracellular,bulk
PB1,621,1495,1,SRR10013047,human,in vivo,extracellular,bulk
PB1,74,1478,12,SRR10013047,human,in vivo,extracellular,bulk
PB1,775,2085,1,SRR10013047,human,in vivo,extracellular,bulk
PB1,779,1476,1,SRR10013047,human,in vivo,extracellular,bulk
PB1,786,1567,1,SRR10013047,human,in vivo,extracellular,bulk
PB1,813,1558,2,SRR10013047,human,in vivo,extracellular,bulk
PB2,1075,2064,1,SRR10013047,human,in vivo,extracellular,bulk
PB2,1080,1833,1,SRR10013047,human,in vivo,extracellular,bulk
PB2,1273,2045,2,SRR10013047,human,in vivo,extracellular,bulk
PB2,1615,2001,1,SRR10013047,human,in vivo,extracellular,bulk
PB2,1725,2278,1,SRR10013047,human,in vivo,extracellular,bulk
PB2,225,2057,1,SRR10013047,human,in vivo,extracellular,bulk
PB2,232,2122,2,SRR10013047,human,in vivo,extracellular,bulk
PB2,278,2244,1,SRR10013047,human,in vivo,extracellular,bulk
PB2,310,1995,4,SRR10013047,human,in vivo,extracellular,bulk
PB2,407,1887,1,SRR10013047,human,in vivo,extracellular,bulk
PB2,416,542,1,SRR10013047,human,in vivo,extracellular,bulk
PB2,470,702,1,SRR10013047,human,in vivo,extracellular,bulk
PB2,588,2048,1,SRR10013047,human,in vivo,extracellular,bulk
PB2,599,1714,1,SRR10013047,human,in vivo,extracellular,bulk
PB2,606,1781,2,SRR10013047,human,in vivo,extracellular,bulk
PB2,702,1725,5,SRR10013047,human,in vivo,extracellular,bulk
PB2,724,1553,1,SRR10013047,human,in vivo,extracellular,bulk
PB2,726,2046,1,SRR10013047,human,in vivo,extracellular,bulk
PB2,730,2050,1,SRR10013047,human,in vivo,extracellular,bulk
PB2,856,1519,1,SRR10013047,human,in vivo,extracellular,bulk
PB2,860,1945,1,SRR10013047,human,in vivo,extracellular,bulk
PB2,864,1633,1,SRR10013047,human,in vivo,extracellular,bulk
PB2,880,1485,1,SRR10013047,human,in vivo,extracellular,bulk
PB2,919,1836,1,SRR10013047,human,in vivo,extracellular,bulk
HA,1021,1056,1,SRR10013239,human,in vivo,extracellular,bulk
HA,1098,1350,1,SRR10013239,human,in vivo,extracellular,bulk
HA,1137,1505,1,SRR10013239,human,in vivo,extracellular,bulk
HA,38,1742,1,SRR10013239,human,in vivo,extracellular,bulk
HA,834,1656,1,SRR10013239,human,in vivo,extracellular,bulk
HA,85,1230,1,SRR10013239,human,in vivo,extracellular,bulk
HA,91,1654,2,SRR10013239,human,in vivo,extracellular,bulk
HA,961,1356,1,SRR10013239,human,in vivo,extracellular,bulk
HA,989,1139,2,SRR10013239,human,in vivo,extracellular,bulk
M,118,1016,2,SRR10013239,human,in vivo,extracellular,bulk
M,149,591,1,SRR10013239,human,in vivo,extracellular,bulk
M,173,1013,1,SRR10013239,human,in vivo,extracellular,bulk
M,192,525,1,SRR10013239,human,in vivo,extracellular,bulk
M,237,944,1,SRR10013239,human,in vivo,extracellular,bulk
M,270,589,2,SRR10013239,human,in vivo,extracellular,bulk
M,285,941,1,SRR10013239,human,in vivo,extracellular,bulk
M,289,671,1,SRR10013239,human,in vivo,extracellular,bulk
M,290,945,3,SRR10013239,human,in vivo,extracellular,bulk
M,294,953,1,SRR10013239,human,in vivo,extracellular,bulk
M,295,844,3,SRR10013239,human,in vivo,extracellular,bulk
M,301,611,3,SRR10013239,human,in vivo,extracellular,bulk
M,313,960,2,SRR10013239,human,in vivo,extracellular,bulk
M,315,591,2,SRR10013239,human,in vivo,extracellular,bulk
M,318,966,2,SRR10013239,human,in vivo,extracellular,bulk
M,323,599,2,SRR10013239,human,in vivo,extracellular,bulk
M,325,546,1,SRR10013239,human,in vivo,extracellular,bulk
M,327,922,1,SRR10013239,human,in vivo,extracellular,bulk
M,339,396,1,SRR10013239,human,in vivo,extracellular,bulk
M,350,841,2,SRR10013239,human,in vivo,extracellular,bulk
M,362,551,1,SRR10013239,human,in vivo,extracellular,bulk
M,375,788,1,SRR10013239,human,in vivo,extracellular,bulk
M,376,801,1,SRR10013239,human,in vivo,extracellular,bulk
M,40,426,1,SRR10013239,human,in vivo,extracellular,bulk
M,40,492,1,SRR10013239,human,in vivo,extracellular,bulk
M,430,578,1,SRR10013239,human,in vivo,extracellular,bulk
M,498,567,2,SRR10013239,human,in vivo,extracellular,bulk
M,577,967,1,SRR10013239,human,in vivo,extracellular,bulk
M,598,745,1,SRR10013239,human,in vivo,extracellular,bulk
M,620,682,1,SRR10013239,human,in vivo,extracellular,bulk
M,655,915,1,SRR10013239,human,in vivo,extracellular,bulk
M,69,477,1,SRR10013239,human,in vivo,extracellular,bulk
M,736,808,1,SRR10013239,human,in vivo,extracellular,bulk
M,83,567,1,SRR10013239,human,in vivo,extracellular,bulk
M,900,964,1,SRR10013239,human,in vivo,extracellular,bulk
M,90,939,1,SRR10013239,human,in vivo,extracellular,bulk
M,92,941,40,SRR10013239,human,in vivo,extracellular,bulk
NA,1066,1228,1,SRR10013239,human,in vivo,extracellular,bulk
NA,1284,1360,1,SRR10013239,human,in vivo,extracellular,bulk
NA,141,758,1,SRR10013239,human,in vivo,extracellular,bulk
NA,198,416,1,SRR10013239,human,in vivo,extracellular,bulk
NA,205,1085,1,SRR10013239,human,in vivo,extracellular,bulk
NA,212,1092,5,SRR10013239,human,in vivo,extracellular,bulk
NA,221,1045,2,SRR10013239,human,in vivo,extracellular,bulk
NA,223,1362,1,SRR10013239,human,in vivo,extracellular,bulk
NA,231,986,1,SRR10013239,human,in vivo,extracellular,bulk
NA,271,794,1,SRR10013239,human,in vivo,extracellular,bulk
NA,290,1336,1,SRR10013239,human,in vivo,extracellular,bulk
NA,293,1038,6,SRR10013239,human,in vivo,extracellular,bulk
NA,316,634,1,SRR10013239,human,in vivo,extracellular,bulk
NA,327,641,1,SRR10013239,human,in vivo,extracellular,bulk
NA,330,1039,1,SRR10013239,human,in vivo,extracellular,bulk
NA,339,994,1,SRR10013239,human,in vivo,extracellular,bulk
NA,344,1188,3,SRR10013239,human,in vivo,extracellular,bulk
NA,349,890,1,SRR10013239,human,in vivo,extracellular,bulk
NA,358,958,5,SRR10013239,human,in vivo,extracellular,bulk
NA,359,1070,3,SRR10013239,human,in vivo,extracellular,bulk
NA,363,766,1,SRR10013239,human,in vivo,extracellular,bulk
NA,394,745,1,SRR10013239,human,in vivo,extracellular,bulk
NA,396,904,2,SRR10013239,human,in vivo,extracellular,bulk
NA,402,450,1,SRR10013239,human,in vivo,extracellular,bulk
NA,404,777,1,SRR10013239,human,in vivo,extracellular,bulk
NA,421,1265,2,SRR10013239,human,in vivo,extracellular,bulk
NA,426,1186,6,SRR10013239,human,in vivo,extracellular,bulk
NA,452,777,1,SRR10013239,human,in vivo,extracellular,bulk
NA,455,1312,2,SRR10013239,human,in vivo,extracellular,bulk
NA,467,717,1,SRR10013239,human,in vivo,extracellular,bulk
NA,472,1184,1,SRR10013239,human,in vivo,extracellular,bulk
NA,472,561,1,SRR10013239,human,in vivo,extracellular,bulk
NA,492,1436,1,SRR10013239,human,in vivo,extracellular,bulk
NA,514,1309,1,SRR10013239,human,in vivo,extracellular,bulk
NA,515,957,1,SRR10013239,human,in vivo,extracellular,bulk
NA,520,803,1,SRR10013239,human,in vivo,extracellular,bulk
NA,527,829,1,SRR10013239,human,in vivo,extracellular,bulk
NA,61,673,1,SRR10013239,human,in vivo,extracellular,bulk
NA,716,903,1,SRR10013239,human,in vivo,extracellular,bulk
NA,724,986,2,SRR10013239,human,in vivo,extracellular,bulk
NA,732,1081,1,SRR10013239,human,in vivo,extracellular,bulk
NA,740,900,1,SRR10013239,human,in vivo,extracellular,bulk
NA,741,914,1,SRR10013239,human,in vivo,extracellular,bulk
NA,742,1046,1,SRR10013239,human,in vivo,extracellular,bulk
NA,770,1222,4,SRR10013239,human,in vivo,extracellular,bulk
NA,821,1281,1,SRR10013239,human,in vivo,extracellular,bulk
NA,832,1284,1,SRR10013239,human,in vivo,extracellular,bulk
NA,83,455,1,SRR10013239,human,in vivo,extracellular,bulk
NA,930,976,1,SRR10013239,human,in vivo,extracellular,bulk
NP,1019,1054,1,SRR10013239,human,in vivo,extracellular,bulk
NP,1021,1426,1,SRR10013239,human,in vivo,extracellular,bulk
NP,1023,1051,1,SRR10013239,human,in vivo,extracellular,bulk
NP,1051,1598,1,SRR10013239,human,in vivo,extracellular,bulk
NP,1082,1661,1,SRR10013239,human,in vivo,extracellular,bulk
NP,1208,1248,1,SRR10013239,human,in vivo,extracellular,bulk
NP,123,1446,5,SRR10013239,human,in vivo,extracellular,bulk
NP,1250,1493,1,SRR10013239,human,in vivo,extracellular,bulk
NP,126,1338,1,SRR10013239,human,in vivo,extracellular,bulk
NP,126,1588,15,SRR10013239,human,in vivo,extracellular,bulk
NP,1320,1398,1,SRR10013239,human,in vivo,extracellular,bulk
NP,1336,1395,1,SRR10013239,human,in vivo,extracellular,bulk
NP,1360,1435,1,SRR10013239,human,in vivo,extracellular,bulk
NP,1365,1445,1,SRR10013239,human,in vivo,extracellular,bulk
NP,152,1438,2,SRR10013239,human,in vivo,extracellular,bulk
NP,1530,1733,1,SRR10013239,human,in vivo,extracellular,bulk
NP,156,1442,3,SRR10013239,human,in vivo,extracellular,bulk
NP,164,1354,1,SRR10013239,human,in vivo,extracellular,bulk
NP,1665,1697,1,SRR10013239,human,in vivo,extracellular,bulk
NP,170,1360,5,SRR10013239,human,in vivo,extracellular,bulk
NP,176,1635,1,SRR10013239,human,in vivo,extracellular,bulk
NP,176,1737,2,SRR10013239,human,in vivo,extracellular,bulk
NP,189,1638,1,SRR10013239,human,in vivo,extracellular,bulk
NP,192,1646,1,SRR10013239,human,in vivo,extracellular,bulk
NP,196,1454,1,SRR10013239,human,in vivo,extracellular,bulk
NP,196,1536,1,SRR10013239,human,in vivo,extracellular,bulk
NP,196,548,1,SRR10013239,human,in vivo,extracellular,bulk
NP,197,1675,2,SRR10013239,human,in vivo,extracellular,bulk
NP,210,1384,4,SRR10013239,human,in vivo,extracellular,bulk
NP,215,1484,2,SRR10013239,human,in vivo,extracellular,bulk
NP,216,1519,3,SRR10013239,human,in vivo,extracellular,bulk
NP,216,1701,1,SRR10013239,human,in vivo,extracellular,bulk
NP,256,975,9,SRR10013239,human,in vivo,extracellular,bulk
NP,276,1494,1,SRR10013239,human,in vivo,extracellular,bulk
NP,277,1098,5,SRR10013239,human,in vivo,extracellular,bulk
NP,286,1136,1,SRR10013239,human,in vivo,extracellular,bulk
NP,326,1177,1,SRR10013239,human,in vivo,extracellular,bulk
NP,326,1557,1,SRR10013239,human,in vivo,extracellular,bulk
NP,333,1537,1,SRR10013239,human,in vivo,extracellular,bulk
NP,333,463,1,SRR10013239,human,in vivo,extracellular,bulk
NP,334,863,1,SRR10013239,human,in vivo,extracellular,bulk
NP,343,1226,1,SRR10013239,human,in vivo,extracellular,bulk
NP,343,1567,3,SRR10013239,human,in vivo,extracellular,bulk
NP,382,1451,1,SRR10013239,human,in vivo,extracellular,bulk
NP,407,1224,1,SRR10013239,human,in vivo,extracellular,bulk
NP,456,1174,1,SRR10013239,human,in vivo,extracellular,bulk
NP,474,1402,1,SRR10013239,human,in vivo,extracellular,bulk
NP,503,1461,1,SRR10013239,human,in vivo,extracellular,bulk
NP,555,1577,1,SRR10013239,human,in vivo,extracellular,bulk
NP,607,1171,1,SRR10013239,human,in vivo,extracellular,bulk
NP,671,966,1,SRR10013239,human,in vivo,extracellular,bulk
NP,679,1463,1,SRR10013239,human,in vivo,extracellular,bulk
NP,699,1222,1,SRR10013239,human,in vivo,extracellular,bulk
NP,730,1469,1,SRR10013239,human,in vivo,extracellular,bulk
NP,740,1263,1,SRR10013239,human,in vivo,extracellular,bulk
NP,760,1045,1,SRR10013239,human,in vivo,extracellular,bulk
NP,790,1398,2,SRR10013239,human,in vivo,extracellular,bulk
NP,837,976,5,SRR10013239,human,in vivo,extracellular,bulk
NP,843,928,1,SRR10013239,human,in vivo,extracellular,bulk
NP,84,1628,1,SRR10013239,human,in vivo,extracellular,bulk
NP,859,1358,1,SRR10013239,human,in vivo,extracellular,bulk
NP,866,1218,1,SRR10013239,human,in vivo,extracellular,bulk
NP,878,1230,4,SRR10013239,human,in vivo,extracellular,bulk
NP,913,1250,1,SRR10013239,human,in vivo,extracellular,bulk
NP,94,1637,1,SRR10013239,human,in vivo,extracellular,bulk
NP,94,596,1,SRR10013239,human,in vivo,extracellular,bulk
NS,136,857,1,SRR10013239,human,in vivo,extracellular,bulk
NS,194,515,1,SRR10013239,human,in vivo,extracellular,bulk
NS,317,343,1,SRR10013239,human,in vivo,extracellular,bulk
NS,402,672,2,SRR10013239,human,in vivo,extracellular,bulk
NS,425,643,1,SRR10013239,human,in vivo,extracellular,bulk
NS,510,536,1,SRR10013239,human,in vivo,extracellular,bulk
NS,510,840,1,SRR10013239,human,in vivo,extracellular,bulk
NS,721,746,1,SRR10013239,human,in vivo,extracellular,bulk
PA,1011,1636,1,SRR10013239,human,in vivo,extracellular,bulk
PA,1014,1168,1,SRR10013239,human,in vivo,extracellular,bulk
PA,1030,1734,1,SRR10013239,human,in vivo,extracellular,bulk
PA,1121,1730,1,SRR10013239,human,in vivo,extracellular,bulk
PA,113,1680,1,SRR10013239,human,in vivo,extracellular,bulk
PA,1204,1731,1,SRR10013239,human,in vivo,extracellular,bulk
PA,1282,2122,1,SRR10013239,human,in vivo,extracellular,bulk
PA,1372,2005,1,SRR10013239,human,in vivo,extracellular,bulk
PA,141,1034,1,SRR10013239,human,in vivo,extracellular,bulk
PA,1522,1756,1,SRR10013239,human,in vivo,extracellular,bulk
PA,1525,2026,1,SRR10013239,human,in vivo,extracellular,bulk
PA,154,1640,2,SRR10013239,human,in vivo,extracellular,bulk
PA,183,1516,1,SRR10013239,human,in vivo,extracellular,bulk
PA,185,1415,1,SRR10013239,human,in vivo,extracellular,bulk
PA,191,1884,1,SRR10013239,human,in vivo,extracellular,bulk
PA,194,1423,1,SRR10013239,human,in vivo,extracellular,bulk
PA,196,1927,12,SRR10013239,human,in vivo,extracellular,bulk
PA,206,2019,3,SRR10013239,human,in vivo,extracellular,bulk
PA,214,2026,1,SRR10013239,human,in vivo,extracellular,bulk
PA,216,2017,1,SRR10013239,human,in vivo,extracellular,bulk
PA,218,1833,1,SRR10013239,human,in vivo,extracellular,bulk
PA,222,909,2,SRR10013239,human,in vivo,extracellular,bulk
PA,229,624,1,SRR10013239,human,in vivo,extracellular,bulk
PA,229,916,1,SRR10013239,human,in vivo,extracellular,bulk
PA,239,591,1,SRR10013239,human,in vivo,extracellular,bulk
PA,243,888,1,SRR10013239,human,in vivo,extracellular,bulk
PA,247,898,1,SRR10013239,human,in vivo,extracellular,bulk
PA,253,1062,1,SRR10013239,human,in vivo,extracellular,bulk
PA,253,489,1,SRR10013239,human,in vivo,extracellular,bulk
PA,260,2008,9,SRR10013239,human,in vivo,extracellular,bulk
PA,261,907,2,SRR10013239,human,in vivo,extracellular,bulk
PA,263,1728,3,SRR10013239,human,in vivo,extracellular,bulk
PA,263,2061,1,SRR10013239,human,in vivo,extracellular,bulk
PA,267,914,1,SRR10013239,human,in vivo,extracellular,bulk
PA,276,319,10,SRR10013239,human,in vivo,extracellular,bulk
PA,280,1315,4,SRR10013239,human,in vivo,extracellular,bulk
PA,283,1756,1,SRR10013239,human,in vivo,extracellular,bulk
PA,285,1121,2,SRR10013239,human,in vivo,extracellular,bulk
PA,292,2022,61,SRR10013239,human,in vivo,extracellular,bulk
PA,305,958,1,SRR10013239,human,in vivo,extracellular,bulk
PA,322,543,1,SRR10013239,human,in vivo,extracellular,bulk
PA,379,1992,6,SRR10013239,human,in vivo,extracellular,bulk
PA,379,2000,9,SRR10013239,human,in vivo,extracellular,bulk
PA,418,1845,1,SRR10013239,human,in vivo,extracellular,bulk
PA,419,1179,1,SRR10013239,human,in vivo,extracellular,bulk
PA,424,1846,3,SRR10013239,human,in vivo,extracellular,bulk
PA,439,1757,1,SRR10013239,human,in vivo,extracellular,bulk
PA,440,1848,2,SRR10013239,human,in vivo,extracellular,bulk
PA,445,1803,2,SRR10013239,human,in vivo,extracellular,bulk
PA,466,1995,1,SRR10013239,human,in vivo,extracellular,bulk
PA,470,1756,1,SRR10013239,human,in vivo,extracellular,bulk
PA,470,958,1,SRR10013239,human,in vivo,extracellular,bulk
PA,47,1875,2,SRR10013239,human,in vivo,extracellular,bulk
PA,50,73,2,SRR10013239,human,in vivo,extracellular,bulk
PA,516,1147,1,SRR10013239,human,in vivo,extracellular,bulk
PA,517,1276,1,SRR10013239,human,in vivo,extracellular,bulk
PA,522,1179,1,SRR10013239,human,in vivo,extracellular,bulk
PA,527,673,1,SRR10013239,human,in vivo,extracellular,bulk
PA,52,77,2,SRR10013239,human,in vivo,extracellular,bulk
PA,541,1234,1,SRR10013239,human,in vivo,extracellular,bulk
PA,549,2121,3,SRR10013239,human,in vivo,extracellular,bulk
PA,557,1813,1,SRR10013239,human,in vivo,extracellular,bulk
PA,558,1843,1,SRR10013239,human,in vivo,extracellular,bulk
PA,602,1744,1,SRR10013239,human,in vivo,extracellular,bulk
PA,610,923,1,SRR10013239,human,in vivo,extracellular,bulk
PA,615,1515,3,SRR10013239,human,in vivo,extracellular,bulk
PA,615,1561,4,SRR10013239,human,in vivo,extracellular,bulk
PA,628,2030,1,SRR10013239,human,in vivo,extracellular,bulk
PA,633,1622,3,SRR10013239,human,in vivo,extracellular,bulk
PA,643,1266,4,SRR10013239,human,in vivo,extracellular,bulk
PA,647,1601,6,SRR10013239,human,in vivo,extracellular,bulk
PA,653,1563,2,SRR10013239,human,in vivo,extracellular,bulk
PA,661,1607,5,SRR10013239,human,in vivo,extracellular,bulk
PA,683,1600,2,SRR10013239,human,in vivo,extracellular,bulk
PA,684,1561,2,SRR10013239,human,in vivo,extracellular,bulk
PA,697,1887,1,SRR10013239,human,in vivo,extracellular,bulk
PA,69,1620,2,SRR10013239,human,in vivo,extracellular,bulk
PA,708,1837,1,SRR10013239,human,in vivo,extracellular,bulk
PA,70,917,1,SRR10013239,human,in vivo,extracellular,bulk
PA,718,1851,1,SRR10013239,human,in vivo,extracellular,bulk
PA,71,1640,24,SRR10013239,human,in vivo,extracellular,bulk
PA,729,1327,1,SRR10013239,human,in vivo,extracellular,bulk
PA,733,1160,1,SRR10013239,human,in vivo,extracellular,bulk
PA,864,1497,1,SRR10013239,human,in vivo,extracellular,bulk
PA,916,1402,1,SRR10013239,human,in vivo,extracellular,bulk
PA,995,1146,1,SRR10013239,human,in vivo,extracellular,bulk
PB1,101,1614,2,SRR10013239,human,in vivo,extracellular,bulk
PB1,104,306,1,SRR10013239,human,in vivo,extracellular,bulk
PB1,110,2014,3,SRR10013239,human,in vivo,extracellular,bulk
PB1,130,1259,2,SRR10013239,human,in vivo,extracellular,bulk
PB1,1322,2196,1,SRR10013239,human,in vivo,extracellular,bulk
PB1,1340,2220,1,SRR10013239,human,in vivo,extracellular,bulk
PB1,135,2205,4,SRR10013239,human,in vivo,extracellular,bulk
PB1,136,2037,5,SRR10013239,human,in vivo,extracellular,bulk
PB1,1509,1735,1,SRR10013239,human,in vivo,extracellular,bulk
PB1,1571,2208,2,SRR10013239,human,in vivo,extracellular,bulk
PB1,209,2087,15,SRR10013239,human,in vivo,extracellular,bulk
PB1,2117,2162,1,SRR10013239,human,in vivo,extracellular,bulk
PB1,225,2146,22,SRR10013239,human,in vivo,extracellular,bulk
PB1,290,2175,1,SRR10013239,human,in vivo,extracellular,bulk
PB1,291,2046,2,SRR10013239,human,in vivo,extracellular,bulk
PB1,324,2151,1,SRR10013239,human,in vivo,extracellular,bulk
PB1,326,2162,22,SRR10013239,human,in vivo,extracellular,bulk
PB1,357,2073,3,SRR10013239,human,in vivo,extracellular,bulk
PB1,35,1779,1,SRR10013239,human,in vivo,extracellular,bulk
PB1,365,1680,1,SRR10013239,human,in vivo,extracellular,bulk
PB1,36,1783,2,SRR10013239,human,in vivo,extracellular,bulk
PB1,370,641,2,SRR10013239,human,in vivo,extracellular,bulk
PB1,378,2089,4,SRR10013239,human,in vivo,extracellular,bulk
PB1,379,1693,3,SRR10013239,human,in vivo,extracellular,bulk
PB1,384,531,1,SRR10013239,human,in vivo,extracellular,bulk
PB1,426,2075,9,SRR10013239,human,in vivo,extracellular,bulk
PB1,427,1550,4,SRR10013239,human,in vivo,extracellular,bulk
PB1,576,728,1,SRR10013239,human,in vivo,extracellular,bulk
PB1,58,1928,1,SRR10013239,human,in vivo,extracellular,bulk
PB1,594,1739,3,SRR10013239,human,in vivo,extracellular,bulk
PB1,667,1782,1,SRR10013239,human,in vivo,extracellular,bulk
PB1,682,1914,1,SRR10013239,human,in vivo,extracellular,bulk
PB1,722,1709,3,SRR10013239,human,in vivo,extracellular,bulk
PB1,725,1983,1,SRR10013239,human,in vivo,extracellular,bulk
PB1,74,1478,7,SRR10013239,human,in vivo,extracellular,bulk
PB1,754,1676,5,SRR10013239,human,in vivo,extracellular,bulk
PB1,781,1552,2,SRR10013239,human,in vivo,extracellular,bulk
PB1,786,1544,2,SRR10013239,human,in vivo,extracellular,bulk
PB1,799,1550,3,SRR10013239,human,in vivo,extracellular,bulk
PB1,936,2136,1,SRR10013239,human,in vivo,extracellular,bulk
PB1,97,121,4,SRR10013239,human,in vivo,extracellular,bulk
PB2,1042,1264,1,SRR10013239,human,in vivo,extracellular,bulk
PB2,1066,2001,1,SRR10013239,human,in vivo,extracellular,bulk
PB2,1067,2056,1,SRR10013239,human,in vivo,extracellular,bulk
PB2,1068,1107,1,SRR10013239,human,in vivo,extracellular,bulk
PB2,1080,1625,1,SRR10013239,human,in vivo,extracellular,bulk
PB2,1116,1622,1,SRR10013239,human,in vivo,extracellular,bulk
PB2,1135,2037,1,SRR10013239,human,in vivo,extracellular,bulk
PB2,116,312,1,SRR10013239,human,in vivo,extracellular,bulk
PB2,1641,1777,1,SRR10013239,human,in vivo,extracellular,bulk
PB2,1905,2275,1,SRR10013239,human,in vivo,extracellular,bulk
PB2,2131,2246,1,SRR10013239,human,in vivo,extracellular,bulk
PB2,223,2117,7,SRR10013239,human,in vivo,extracellular,bulk
PB2,225,2057,6,SRR10013239,human,in vivo,extracellular,bulk
PB2,225,2137,1,SRR10013239,human,in vivo,extracellular,bulk
PB2,232,2122,1,SRR10013239,human,in vivo,extracellular,bulk
PB2,244,2144,1,SRR10013239,human,in vivo,extracellular,bulk
PB2,253,2122,2,SRR10013239,human,in vivo,extracellular,bulk
PB2,258,948,3,SRR10013239,human,in vivo,extracellular,bulk
PB2,261,557,1,SRR10013239,human,in vivo,extracellular,bulk
PB2,266,2113,3,SRR10013239,human,in vivo,extracellular,bulk
PB2,269,1635,1,SRR10013239,human,in vivo,extracellular,bulk
PB2,276,1957,3,SRR10013239,human,in vivo,extracellular,bulk
PB2,278,2244,5,SRR10013239,human,in vivo,extracellular,bulk
PB2,297,1673,1,SRR10013239,human,in vivo,extracellular,bulk
PB2,307,2012,6,SRR10013239,human,in vivo,extracellular,bulk
PB2,319,2120,1,SRR10013239,human,in vivo,extracellular,bulk
PB2,321,1725,1,SRR10013239,human,in vivo,extracellular,bulk
PB2,399,494,1,SRR10013239,human,in vivo,extracellular,bulk
PB2,400,2018,1,SRR10013239,human,in vivo,extracellular,bulk
PB2,404,449,3,SRR10013239,human,in vivo,extracellular,bulk
PB2,407,1887,10,SRR10013239,human,in vivo,extracellular,bulk
PB2,445,1251,3,SRR10013239,human,in vivo,extracellular,bulk
PB2,475,2010,2,SRR10013239,human,in vivo,extracellular,bulk
PB2,480,1016,1,SRR10013239,human,in vivo,extracellular,bulk
PB2,534,556,1,SRR10013239,human,in vivo,extracellular,bulk
PB2,572,1260,1,SRR10013239,human,in vivo,extracellular,bulk
PB2,573,1703,4,SRR10013239,human,in vivo,extracellular,bulk
PB2,587,1590,8,SRR10013239,human,in vivo,extracellular,bulk
PB2,588,1683,1,SRR10013239,human,in vivo,extracellular,bulk
PB2,588,2048,1,SRR10013239,human,in vivo,extracellular,bulk
PB2,593,2062,1,SRR10013239,human,in vivo,extracellular,bulk
PB2,595,1053,1,SRR10013239,human,in vivo,extracellular,bulk
PB2,597,1715,7,SRR10013239,human,in vivo,extracellular,bulk
PB2,604,1702,1,SRR10013239,human,in vivo,extracellular,bulk
PB2,606,1722,1,SRR10013239,human,in vivo,extracellular,bulk
PB2,702,1725,4,SRR10013239,human,in vivo,extracellular,bulk
PB2,706,1605,1,SRR10013239,human,in vivo,extracellular,bulk
PB2,706,1713,4,SRR10013239,human,in vivo,extracellular,bulk
PB2,712,1551,1,SRR10013239,human,in vivo,extracellular,bulk
PB2,712,2033,2,SRR10013239,human,in vivo,extracellular,bulk
PB2,719,1731,1,SRR10013239,human,in vivo,extracellular,bulk
PB2,723,1836,1,SRR10013239,human,in vivo,extracellular,bulk
PB2,726,2046,5,SRR10013239,human,in vivo,extracellular,bulk
PB2,736,1703,5,SRR10013239,human,in vivo,extracellular,bulk
PB2,872,1486,2,SRR10013239,human,in vivo,extracellular,bulk
M,144,941,1,SRR10013071,human,in vivo,extracellular,bulk
M,252,503,1,SRR10013071,human,in vivo,extracellular,bulk
M,257,830,1,SRR10013071,human,in vivo,extracellular,bulk
M,274,446,1,SRR10013071,human,in vivo,extracellular,bulk
M,294,953,1,SRR10013071,human,in vivo,extracellular,bulk
M,301,414,5,SRR10013071,human,in vivo,extracellular,bulk
M,315,961,1,SRR10013071,human,in vivo,extracellular,bulk
M,365,1042,1,SRR10013071,human,in vivo,extracellular,bulk
M,376,554,7,SRR10013071,human,in vivo,extracellular,bulk
M,830,903,1,SRR10013071,human,in vivo,extracellular,bulk
M,879,946,1,SRR10013071,human,in vivo,extracellular,bulk
NA,1047,1152,3,SRR10013071,human,in vivo,extracellular,bulk
NA,1180,1220,2,SRR10013071,human,in vivo,extracellular,bulk
NA,1289,1408,1,SRR10013071,human,in vivo,extracellular,bulk
NA,1377,1406,1,SRR10013071,human,in vivo,extracellular,bulk
NA,141,573,1,SRR10013071,human,in vivo,extracellular,bulk
NA,188,523,1,SRR10013071,human,in vivo,extracellular,bulk
NA,194,280,1,SRR10013071,human,in vivo,extracellular,bulk
NA,230,1348,1,SRR10013071,human,in vivo,extracellular,bulk
NA,247,273,1,SRR10013071,human,in vivo,extracellular,bulk
NA,306,1264,2,SRR10013071,human,in vivo,extracellular,bulk
NA,318,1350,10,SRR10013071,human,in vivo,extracellular,bulk
NA,331,965,1,SRR10013071,human,in vivo,extracellular,bulk
NA,343,1226,7,SRR10013071,human,in vivo,extracellular,bulk
NA,349,417,1,SRR10013071,human,in vivo,extracellular,bulk
NA,353,1062,1,SRR10013071,human,in vivo,extracellular,bulk
NA,362,1353,2,SRR10013071,human,in vivo,extracellular,bulk
NA,404,1017,4,SRR10013071,human,in vivo,extracellular,bulk
NA,455,1312,1,SRR10013071,human,in vivo,extracellular,bulk
NA,464,694,1,SRR10013071,human,in vivo,extracellular,bulk
NA,468,1240,1,SRR10013071,human,in vivo,extracellular,bulk
NA,472,952,3,SRR10013071,human,in vivo,extracellular,bulk
NA,563,653,1,SRR10013071,human,in vivo,extracellular,bulk
NA,563,975,1,SRR10013071,human,in vivo,extracellular,bulk
NA,615,957,1,SRR10013071,human,in vivo,extracellular,bulk
NA,78,477,1,SRR10013071,human,in vivo,extracellular,bulk
NA,806,1487,1,SRR10013071,human,in vivo,extracellular,bulk
NA,81,695,1,SRR10013071,human,in vivo,extracellular,bulk
NP,1008,1141,1,SRR10013071,human,in vivo,extracellular,bulk
NP,1030,1476,2,SRR10013071,human,in vivo,extracellular,bulk
NP,1269,1527,1,SRR10013071,human,in vivo,extracellular,bulk
NP,1360,1485,1,SRR10013071,human,in vivo,extracellular,bulk
NP,176,1737,1,SRR10013071,human,in vivo,extracellular,bulk
NP,285,625,1,SRR10013071,human,in vivo,extracellular,bulk
NP,322,1387,3,SRR10013071,human,in vivo,extracellular,bulk
NP,326,349,1,SRR10013071,human,in vivo,extracellular,bulk
NP,343,1226,1,SRR10013071,human,in vivo,extracellular,bulk
NP,359,1461,1,SRR10013071,human,in vivo,extracellular,bulk
NP,416,1382,1,SRR10013071,human,in vivo,extracellular,bulk
NP,564,921,2,SRR10013071,human,in vivo,extracellular,bulk
NP,754,985,1,SRR10013071,human,in vivo,extracellular,bulk
NP,828,1482,3,SRR10013071,human,in vivo,extracellular,bulk
NP,854,1462,3,SRR10013071,human,in vivo,extracellular,bulk
NP,995,1047,1,SRR10013071,human,in vivo,extracellular,bulk
NS,391,462,1,SRR10013071,human,in vivo,extracellular,bulk
NS,99,531,1,SRR10013071,human,in vivo,extracellular,bulk
PA,1148,1952,1,SRR10013071,human,in vivo,extracellular,bulk
PA,1225,2076,1,SRR10013071,human,in vivo,extracellular,bulk
PA,1274,1893,1,SRR10013071,human,in vivo,extracellular,bulk
PA,1293,1430,3,SRR10013071,human,in vivo,extracellular,bulk
PA,1382,1622,1,SRR10013071,human,in vivo,extracellular,bulk
PA,150,1748,1,SRR10013071,human,in vivo,extracellular,bulk
PA,165,1085,1,SRR10013071,human,in vivo,extracellular,bulk
PA,185,1751,1,SRR10013071,human,in vivo,extracellular,bulk
PA,201,487,1,SRR10013071,human,in vivo,extracellular,bulk
PA,2032,2060,1,SRR10013071,human,in vivo,extracellular,bulk
PA,215,1527,1,SRR10013071,human,in vivo,extracellular,bulk
PA,216,1322,1,SRR10013071,human,in vivo,extracellular,bulk
PA,220,613,1,SRR10013071,human,in vivo,extracellular,bulk
PA,224,1330,1,SRR10013071,human,in vivo,extracellular,bulk
PA,244,2127,1,SRR10013071,human,in vivo,extracellular,bulk
PA,245,985,1,SRR10013071,human,in vivo,extracellular,bulk
PA,252,1364,8,SRR10013071,human,in vivo,extracellular,bulk
PA,257,1247,1,SRR10013071,human,in vivo,extracellular,bulk
PA,259,1540,11,SRR10013071,human,in vivo,extracellular,bulk
PA,261,907,2,SRR10013071,human,in vivo,extracellular,bulk
PA,263,1728,2,SRR10013071,human,in vivo,extracellular,bulk
PA,266,1429,6,SRR10013071,human,in vivo,extracellular,bulk
PA,267,914,1,SRR10013071,human,in vivo,extracellular,bulk
PA,289,1281,1,SRR10013071,human,in vivo,extracellular,bulk
PA,290,1601,3,SRR10013071,human,in vivo,extracellular,bulk
PA,300,1879,3,SRR10013071,human,in vivo,extracellular,bulk
PA,415,1870,1,SRR10013071,human,in vivo,extracellular,bulk
PA,418,1194,1,SRR10013071,human,in vivo,extracellular,bulk
PA,536,1811,1,SRR10013071,human,in vivo,extracellular,bulk
PA,540,1829,1,SRR10013071,human,in vivo,extracellular,bulk
PA,541,1829,7,SRR10013071,human,in vivo,extracellular,bulk
PA,557,1381,1,SRR10013071,human,in vivo,extracellular,bulk
PA,603,1555,1,SRR10013071,human,in vivo,extracellular,bulk
PA,609,2149,1,SRR10013071,human,in vivo,extracellular,bulk
PA,610,1640,8,SRR10013071,human,in vivo,extracellular,bulk
PA,615,1728,1,SRR10013071,human,in vivo,extracellular,bulk
PA,629,1622,1,SRR10013071,human,in vivo,extracellular,bulk
PA,646,1603,6,SRR10013071,human,in vivo,extracellular,bulk
PA,64,1321,1,SRR10013071,human,in vivo,extracellular,bulk
PA,705,1493,1,SRR10013071,human,in vivo,extracellular,bulk
PA,707,1507,1,SRR10013071,human,in vivo,extracellular,bulk
PA,758,1132,1,SRR10013071,human,in vivo,extracellular,bulk
PA,763,1822,26,SRR10013071,human,in vivo,extracellular,bulk
PA,782,1425,2,SRR10013071,human,in vivo,extracellular,bulk
PA,857,1428,1,SRR10013071,human,in vivo,extracellular,bulk
PA,90,581,1,SRR10013071,human,in vivo,extracellular,bulk
PB1,1156,1373,1,SRR10013071,human,in vivo,extracellular,bulk
PB1,1674,1885,1,SRR10013071,human,in vivo,extracellular,bulk
PB1,1836,2056,1,SRR10013071,human,in vivo,extracellular,bulk
PB1,290,2175,2,SRR10013071,human,in vivo,extracellular,bulk
PB1,291,2198,2,SRR10013071,human,in vivo,extracellular,bulk
PB1,326,2162,7,SRR10013071,human,in vivo,extracellular,bulk
PB1,361,1879,1,SRR10013071,human,in vivo,extracellular,bulk
PB1,379,1883,7,SRR10013071,human,in vivo,extracellular,bulk
PB1,397,1791,2,SRR10013071,human,in vivo,extracellular,bulk
PB1,427,1851,1,SRR10013071,human,in vivo,extracellular,bulk
PB1,465,2069,5,SRR10013071,human,in vivo,extracellular,bulk
PB1,555,1780,1,SRR10013071,human,in vivo,extracellular,bulk
PB1,574,1783,8,SRR10013071,human,in vivo,extracellular,bulk
PB1,685,2183,3,SRR10013071,human,in vivo,extracellular,bulk
PB1,757,1669,1,SRR10013071,human,in vivo,extracellular,bulk
PB1,767,1541,4,SRR10013071,human,in vivo,extracellular,bulk
PB1,779,1505,1,SRR10013071,human,in vivo,extracellular,bulk
PB1,780,1458,1,SRR10013071,human,in vivo,extracellular,bulk
PB1,786,1563,1,SRR10013071,human,in vivo,extracellular,bulk
PB1,846,1490,1,SRR10013071,human,in vivo,extracellular,bulk
PB1,864,1559,1,SRR10013071,human,in vivo,extracellular,bulk
PB1,874,1553,2,SRR10013071,human,in vivo,extracellular,bulk
PB1,875,1564,1,SRR10013071,human,in vivo,extracellular,bulk
PB2,1031,2027,4,SRR10013071,human,in vivo,extracellular,bulk
PB2,1097,1988,1,SRR10013071,human,in vivo,extracellular,bulk
PB2,1548,2124,1,SRR10013071,human,in vivo,extracellular,bulk
PB2,1741,1782,1,SRR10013071,human,in vivo,extracellular,bulk
PB2,1745,2100,2,SRR10013071,human,in vivo,extracellular,bulk
PB2,2039,2245,1,SRR10013071,human,in vivo,extracellular,bulk
PB2,225,2035,1,SRR10013071,human,in vivo,extracellular,bulk
PB2,576,2037,2,SRR10013071,human,in vivo,extracellular,bulk
PB2,578,1704,1,SRR10013071,human,in vivo,extracellular,bulk
PB2,588,2048,3,SRR10013071,human,in vivo,extracellular,bulk
PB2,590,1491,1,SRR10013071,human,in vivo,extracellular,bulk
PB2,696,1812,1,SRR10013071,human,in vivo,extracellular,bulk
PB2,716,2049,1,SRR10013071,human,in vivo,extracellular,bulk
PB2,717,1685,1,SRR10013071,human,in vivo,extracellular,bulk
PB2,857,1873,1,SRR10013071,human,in vivo,extracellular,bulk
PB2,868,1483,2,SRR10013071,human,in vivo,extracellular,bulk
PB2,869,1797,3,SRR10013071,human,in vivo,extracellular,bulk
PB2,877,1478,5,SRR10013071,human,in vivo,extracellular,bulk
PB2,900,1387,1,SRR10013071,human,in vivo,extracellular,bulk
PB2,901,2016,1,SRR10013071,human,in vivo,extracellular,bulk
PB2,967,2122,1,SRR10013071,human,in vivo,extracellular,bulk
PB2,982,1219,1,SRR10013071,human,in vivo,extracellular,bulk
PB2,982,2134,8,SRR10013071,human,in vivo,extracellular,bulk
HA,1034,1345,1,SRR10013201,human,in vivo,extracellular,bulk
HA,1142,1233,1,SRR10013201,human,in vivo,extracellular,bulk
HA,1512,1667,1,SRR10013201,human,in vivo,extracellular,bulk
HA,198,876,1,SRR10013201,human,in vivo,extracellular,bulk
HA,272,1471,1,SRR10013201,human,in vivo,extracellular,bulk
HA,815,1656,1,SRR10013201,human,in vivo,extracellular,bulk
M,225,951,1,SRR10013201,human,in vivo,extracellular,bulk
M,237,944,1,SRR10013201,human,in vivo,extracellular,bulk
M,248,479,1,SRR10013201,human,in vivo,extracellular,bulk
M,294,953,1,SRR10013201,human,in vivo,extracellular,bulk
M,313,960,3,SRR10013201,human,in vivo,extracellular,bulk
M,332,371,1,SRR10013201,human,in vivo,extracellular,bulk
M,347,708,1,SRR10013201,human,in vivo,extracellular,bulk
M,350,841,3,SRR10013201,human,in vivo,extracellular,bulk
M,358,586,1,SRR10013201,human,in vivo,extracellular,bulk
M,373,468,1,SRR10013201,human,in vivo,extracellular,bulk
M,455,481,1,SRR10013201,human,in vivo,extracellular,bulk
M,476,533,1,SRR10013201,human,in vivo,extracellular,bulk
M,479,529,1,SRR10013201,human,in vivo,extracellular,bulk
M,499,951,1,SRR10013201,human,in vivo,extracellular,bulk
M,577,967,1,SRR10013201,human,in vivo,extracellular,bulk
M,578,859,1,SRR10013201,human,in vivo,extracellular,bulk
M,589,728,1,SRR10013201,human,in vivo,extracellular,bulk
M,590,870,1,SRR10013201,human,in vivo,extracellular,bulk
M,620,682,1,SRR10013201,human,in vivo,extracellular,bulk
M,771,816,1,SRR10013201,human,in vivo,extracellular,bulk
NA,1086,1274,1,SRR10013201,human,in vivo,extracellular,bulk
NA,1133,1291,3,SRR10013201,human,in vivo,extracellular,bulk
NA,1162,1319,1,SRR10013201,human,in vivo,extracellular,bulk
NA,1373,1475,2,SRR10013201,human,in vivo,extracellular,bulk
NA,144,1165,1,SRR10013201,human,in vivo,extracellular,bulk
NA,187,1308,1,SRR10013201,human,in vivo,extracellular,bulk
NA,231,280,1,SRR10013201,human,in vivo,extracellular,bulk
NA,234,1057,1,SRR10013201,human,in vivo,extracellular,bulk
NA,243,1184,1,SRR10013201,human,in vivo,extracellular,bulk
NA,268,1227,1,SRR10013201,human,in vivo,extracellular,bulk
NA,271,1225,1,SRR10013201,human,in vivo,extracellular,bulk
NA,313,981,1,SRR10013201,human,in vivo,extracellular,bulk
NA,318,1350,14,SRR10013201,human,in vivo,extracellular,bulk
NA,332,430,1,SRR10013201,human,in vivo,extracellular,bulk
NA,341,1306,2,SRR10013201,human,in vivo,extracellular,bulk
NA,344,1188,7,SRR10013201,human,in vivo,extracellular,bulk
NA,345,655,5,SRR10013201,human,in vivo,extracellular,bulk
NA,387,937,1,SRR10013201,human,in vivo,extracellular,bulk
NA,404,1017,8,SRR10013201,human,in vivo,extracellular,bulk
NA,404,777,3,SRR10013201,human,in vivo,extracellular,bulk
NA,440,1353,2,SRR10013201,human,in vivo,extracellular,bulk
NA,464,1232,1,SRR10013201,human,in vivo,extracellular,bulk
NA,472,1067,1,SRR10013201,human,in vivo,extracellular,bulk
NA,496,1075,1,SRR10013201,human,in vivo,extracellular,bulk
NA,527,1361,1,SRR10013201,human,in vivo,extracellular,bulk
NA,533,1064,1,SRR10013201,human,in vivo,extracellular,bulk
NA,563,1070,1,SRR10013201,human,in vivo,extracellular,bulk
NA,563,1111,1,SRR10013201,human,in vivo,extracellular,bulk
NA,568,1320,1,SRR10013201,human,in vivo,extracellular,bulk
NA,603,661,1,SRR10013201,human,in vivo,extracellular,bulk
NA,614,1254,1,SRR10013201,human,in vivo,extracellular,bulk
NA,672,784,1,SRR10013201,human,in vivo,extracellular,bulk
NA,674,703,1,SRR10013201,human,in vivo,extracellular,bulk
NA,81,454,1,SRR10013201,human,in vivo,extracellular,bulk
NA,839,1119,1,SRR10013201,human,in vivo,extracellular,bulk
NA,959,1185,1,SRR10013201,human,in vivo,extracellular,bulk
NP,1119,1777,1,SRR10013201,human,in vivo,extracellular,bulk
NP,121,1385,1,SRR10013201,human,in vivo,extracellular,bulk
NP,121,496,1,SRR10013201,human,in vivo,extracellular,bulk
NP,123,1446,2,SRR10013201,human,in vivo,extracellular,bulk
NP,1311,1474,1,SRR10013201,human,in vivo,extracellular,bulk
NP,133,1439,1,SRR10013201,human,in vivo,extracellular,bulk
NP,134,1386,15,SRR10013201,human,in vivo,extracellular,bulk
NP,1360,1485,1,SRR10013201,human,in vivo,extracellular,bulk
NP,1528,1703,1,SRR10013201,human,in vivo,extracellular,bulk
NP,156,1442,4,SRR10013201,human,in vivo,extracellular,bulk
NP,161,1426,4,SRR10013201,human,in vivo,extracellular,bulk
NP,1665,1697,1,SRR10013201,human,in vivo,extracellular,bulk
NP,216,1429,1,SRR10013201,human,in vivo,extracellular,bulk
NP,216,1701,1,SRR10013201,human,in vivo,extracellular,bulk
NP,303,1424,1,SRR10013201,human,in vivo,extracellular,bulk
NP,382,1591,1,SRR10013201,human,in vivo,extracellular,bulk
NP,465,752,1,SRR10013201,human,in vivo,extracellular,bulk
NP,499,785,2,SRR10013201,human,in vivo,extracellular,bulk
NP,501,856,1,SRR10013201,human,in vivo,extracellular,bulk
NP,575,826,1,SRR10013201,human,in vivo,extracellular,bulk
NP,579,1756,1,SRR10013201,human,in vivo,extracellular,bulk
NP,645,1373,1,SRR10013201,human,in vivo,extracellular,bulk
NP,649,1074,2,SRR10013201,human,in vivo,extracellular,bulk
NP,685,1113,1,SRR10013201,human,in vivo,extracellular,bulk
NP,727,794,2,SRR10013201,human,in vivo,extracellular,bulk
NP,824,983,1,SRR10013201,human,in vivo,extracellular,bulk
NP,825,1098,1,SRR10013201,human,in vivo,extracellular,bulk
NP,828,1482,3,SRR10013201,human,in vivo,extracellular,bulk
NP,831,1389,1,SRR10013201,human,in vivo,extracellular,bulk
NP,833,1261,1,SRR10013201,human,in vivo,extracellular,bulk
NP,836,1667,2,SRR10013201,human,in vivo,extracellular,bulk
NP,931,1130,2,SRR10013201,human,in vivo,extracellular,bulk
NP,989,1136,1,SRR10013201,human,in vivo,extracellular,bulk
NS,207,781,1,SRR10013201,human,in vivo,extracellular,bulk
NS,340,589,1,SRR10013201,human,in vivo,extracellular,bulk
NS,341,980,1,SRR10013201,human,in vivo,extracellular,bulk
NS,378,410,1,SRR10013201,human,in vivo,extracellular,bulk
NS,390,718,1,SRR10013201,human,in vivo,extracellular,bulk
NS,394,701,1,SRR10013201,human,in vivo,extracellular,bulk
NS,556,611,1,SRR10013201,human,in vivo,extracellular,bulk
PA,1102,1431,1,SRR10013201,human,in vivo,extracellular,bulk
PA,1102,1713,1,SRR10013201,human,in vivo,extracellular,bulk
PA,1102,1718,1,SRR10013201,human,in vivo,extracellular,bulk
PA,1119,1236,1,SRR10013201,human,in vivo,extracellular,bulk
PA,1132,1201,1,SRR10013201,human,in vivo,extracellular,bulk
PA,1136,1285,1,SRR10013201,human,in vivo,extracellular,bulk
PA,1146,1421,2,SRR10013201,human,in vivo,extracellular,bulk
PA,1246,2058,1,SRR10013201,human,in vivo,extracellular,bulk
PA,1334,1883,1,SRR10013201,human,in vivo,extracellular,bulk
PA,152,729,1,SRR10013201,human,in vivo,extracellular,bulk
PA,1542,2156,1,SRR10013201,human,in vivo,extracellular,bulk
PA,162,520,1,SRR10013201,human,in vivo,extracellular,bulk
PA,182,1995,2,SRR10013201,human,in vivo,extracellular,bulk
PA,185,1415,1,SRR10013201,human,in vivo,extracellular,bulk
PA,190,1420,16,SRR10013201,human,in vivo,extracellular,bulk
PA,190,1944,1,SRR10013201,human,in vivo,extracellular,bulk
PA,192,1538,2,SRR10013201,human,in vivo,extracellular,bulk
PA,1943,2013,1,SRR10013201,human,in vivo,extracellular,bulk
PA,195,2148,1,SRR10013201,human,in vivo,extracellular,bulk
PA,204,1433,1,SRR10013201,human,in vivo,extracellular,bulk
PA,210,2077,1,SRR10013201,human,in vivo,extracellular,bulk
PA,210,598,1,SRR10013201,human,in vivo,extracellular,bulk
PA,214,2026,1,SRR10013201,human,in vivo,extracellular,bulk
PA,225,544,1,SRR10013201,human,in vivo,extracellular,bulk
PA,229,916,1,SRR10013201,human,in vivo,extracellular,bulk
PA,247,898,5,SRR10013201,human,in vivo,extracellular,bulk
PA,248,1718,1,SRR10013201,human,in vivo,extracellular,bulk
PA,258,815,1,SRR10013201,human,in vivo,extracellular,bulk
PA,259,1540,16,SRR10013201,human,in vivo,extracellular,bulk
PA,261,1542,2,SRR10013201,human,in vivo,extracellular,bulk
PA,261,1712,1,SRR10013201,human,in vivo,extracellular,bulk
PA,263,1728,6,SRR10013201,human,in vivo,extracellular,bulk
PA,263,2061,18,SRR10013201,human,in vivo,extracellular,bulk
PA,270,739,1,SRR10013201,human,in vivo,extracellular,bulk
PA,289,1281,9,SRR10013201,human,in vivo,extracellular,bulk
PA,335,1823,6,SRR10013201,human,in vivo,extracellular,bulk
PA,339,1216,1,SRR10013201,human,in vivo,extracellular,bulk
PA,412,1573,1,SRR10013201,human,in vivo,extracellular,bulk
PA,417,1912,2,SRR10013201,human,in vivo,extracellular,bulk
PA,470,1756,1,SRR10013201,human,in vivo,extracellular,bulk
PA,516,1611,16,SRR10013201,human,in vivo,extracellular,bulk
PA,519,1608,1,SRR10013201,human,in vivo,extracellular,bulk
PA,52,1695,1,SRR10013201,human,in vivo,extracellular,bulk
PA,536,1811,1,SRR10013201,human,in vivo,extracellular,bulk
PA,541,1691,1,SRR10013201,human,in vivo,extracellular,bulk
PA,557,1381,5,SRR10013201,human,in vivo,extracellular,bulk
PA,55,1142,1,SRR10013201,human,in vivo,extracellular,bulk
PA,568,1706,2,SRR10013201,human,in vivo,extracellular,bulk
PA,600,1161,1,SRR10013201,human,in vivo,extracellular,bulk
PA,603,1113,1,SRR10013201,human,in vivo,extracellular,bulk
PA,615,890,1,SRR10013201,human,in vivo,extracellular,bulk
PA,616,1905,1,SRR10013201,human,in vivo,extracellular,bulk
PA,628,1867,1,SRR10013201,human,in vivo,extracellular,bulk
PA,629,1608,4,SRR10013201,human,in vivo,extracellular,bulk
PA,632,1364,3,SRR10013201,human,in vivo,extracellular,bulk
PA,657,1455,1,SRR10013201,human,in vivo,extracellular,bulk
PA,677,758,2,SRR10013201,human,in vivo,extracellular,bulk
PA,686,1575,1,SRR10013201,human,in vivo,extracellular,bulk
PA,696,1519,3,SRR10013201,human,in vivo,extracellular,bulk
PA,710,1512,1,SRR10013201,human,in vivo,extracellular,bulk
PA,729,1228,1,SRR10013201,human,in vivo,extracellular,bulk
PA,751,1804,1,SRR10013201,human,in vivo,extracellular,bulk
PA,753,1271,1,SRR10013201,human,in vivo,extracellular,bulk
PA,763,1822,28,SRR10013201,human,in vivo,extracellular,bulk
PA,770,1808,1,SRR10013201,human,in vivo,extracellular,bulk
PA,781,1525,6,SRR10013201,human,in vivo,extracellular,bulk
PA,80,1699,9,SRR10013201,human,in vivo,extracellular,bulk
PA,873,1512,1,SRR10013201,human,in vivo,extracellular,bulk
PA,875,1191,1,SRR10013201,human,in vivo,extracellular,bulk
PA,880,1989,5,SRR10013201,human,in vivo,extracellular,bulk
PA,880,929,1,SRR10013201,human,in vivo,extracellular,bulk
PA,995,1146,2,SRR10013201,human,in vivo,extracellular,bulk
PB1,1091,1131,1,SRR10013201,human,in vivo,extracellular,bulk
PB1,1401,1784,2,SRR10013201,human,in vivo,extracellular,bulk
PB1,1488,1560,1,SRR10013201,human,in vivo,extracellular,bulk
PB1,1500,1861,1,SRR10013201,human,in vivo,extracellular,bulk
PB1,150,1614,1,SRR10013201,human,in vivo,extracellular,bulk
PB1,1806,2225,1,SRR10013201,human,in vivo,extracellular,bulk
PB1,292,1413,1,SRR10013201,human,in vivo,extracellular,bulk
PB1,326,2162,4,SRR10013201,human,in vivo,extracellular,bulk
PB1,330,2149,1,SRR10013201,human,in vivo,extracellular,bulk
PB1,339,2092,1,SRR10013201,human,in vivo,extracellular,bulk
PB1,378,2044,2,SRR10013201,human,in vivo,extracellular,bulk
PB1,379,1883,4,SRR10013201,human,in vivo,extracellular,bulk
PB1,380,1083,1,SRR10013201,human,in vivo,extracellular,bulk
PB1,384,436,1,SRR10013201,human,in vivo,extracellular,bulk
PB1,387,2218,1,SRR10013201,human,in vivo,extracellular,bulk
PB1,397,1791,2,SRR10013201,human,in vivo,extracellular,bulk
PB1,593,1786,1,SRR10013201,human,in vivo,extracellular,bulk
PB1,764,1773,1,SRR10013201,human,in vivo,extracellular,bulk
PB1,865,1495,4,SRR10013201,human,in vivo,extracellular,bulk
PB1,868,1545,6,SRR10013201,human,in vivo,extracellular,bulk
PB1,887,1884,2,SRR10013201,human,in vivo,extracellular,bulk
PB1,889,1410,3,SRR10013201,human,in vivo,extracellular,bulk
PB1,894,1413,1,SRR10013201,human,in vivo,extracellular,bulk
PB1,914,1382,1,SRR10013201,human,in vivo,extracellular,bulk
PB1,921,1859,1,SRR10013201,human,in vivo,extracellular,bulk
PB1,96,1820,2,SRR10013201,human,in vivo,extracellular,bulk
PB2,1031,1108,1,SRR10013201,human,in vivo,extracellular,bulk
PB2,1037,2058,1,SRR10013201,human,in vivo,extracellular,bulk
PB2,1067,2056,1,SRR10013201,human,in vivo,extracellular,bulk
PB2,1079,1348,1,SRR10013201,human,in vivo,extracellular,bulk
PB2,110,2030,1,SRR10013201,human,in vivo,extracellular,bulk
PB2,111,2181,3,SRR10013201,human,in vivo,extracellular,bulk
PB2,1137,1518,2,SRR10013201,human,in vivo,extracellular,bulk
PB2,1373,2048,1,SRR10013201,human,in vivo,extracellular,bulk
PB2,1530,1996,1,SRR10013201,human,in vivo,extracellular,bulk
PB2,1661,1728,1,SRR10013201,human,in vivo,extracellular,bulk
PB2,167,1368,1,SRR10013201,human,in vivo,extracellular,bulk
PB2,1742,2009,1,SRR10013201,human,in vivo,extracellular,bulk
PB2,1821,1931,1,SRR10013201,human,in vivo,extracellular,bulk
PB2,1822,1943,1,SRR10013201,human,in vivo,extracellular,bulk
PB2,1960,2028,1,SRR10013201,human,in vivo,extracellular,bulk
PB2,1967,2232,1,SRR10013201,human,in vivo,extracellular,bulk
PB2,2062,2266,2,SRR10013201,human,in vivo,extracellular,bulk
PB2,225,2035,1,SRR10013201,human,in vivo,extracellular,bulk
PB2,429,1254,1,SRR10013201,human,in vivo,extracellular,bulk
PB2,514,1790,1,SRR10013201,human,in vivo,extracellular,bulk
PB2,560,1052,3,SRR10013201,human,in vivo,extracellular,bulk
PB2,563,1780,6,SRR10013201,human,in vivo,extracellular,bulk
PB2,576,2037,2,SRR10013201,human,in vivo,extracellular,bulk
PB2,588,2048,3,SRR10013201,human,in vivo,extracellular,bulk
PB2,694,1518,2,SRR10013201,human,in vivo,extracellular,bulk
PB2,719,1731,4,SRR10013201,human,in vivo,extracellular,bulk
PB2,728,1073,1,SRR10013201,human,in vivo,extracellular,bulk
PB2,730,2050,1,SRR10013201,human,in vivo,extracellular,bulk
PB2,874,1486,3,SRR10013201,human,in vivo,extracellular,bulk
HA,1144,1348,1,SRR10013072,human,in vivo,extracellular,bulk
HA,202,1000,3,SRR10013072,human,in vivo,extracellular,bulk
HA,266,760,1,SRR10013072,human,in vivo,extracellular,bulk
HA,939,962,1,SRR10013072,human,in vivo,extracellular,bulk
M,182,859,1,SRR10013072,human,in vivo,extracellular,bulk
M,252,503,2,SRR10013072,human,in vivo,extracellular,bulk
M,268,934,1,SRR10013072,human,in vivo,extracellular,bulk
M,297,341,1,SRR10013072,human,in vivo,extracellular,bulk
M,337,687,1,SRR10013072,human,in vivo,extracellular,bulk
M,674,1051,1,SRR10013072,human,in vivo,extracellular,bulk
NA,1009,1297,1,SRR10013072,human,in vivo,extracellular,bulk
NA,1047,1158,2,SRR10013072,human,in vivo,extracellular,bulk
NA,186,634,1,SRR10013072,human,in vivo,extracellular,bulk
NA,234,283,1,SRR10013072,human,in vivo,extracellular,bulk
NA,265,493,1,SRR10013072,human,in vivo,extracellular,bulk
NA,275,710,1,SRR10013072,human,in vivo,extracellular,bulk
NA,300,692,1,SRR10013072,human,in vivo,extracellular,bulk
NA,312,963,1,SRR10013072,human,in vivo,extracellular,bulk
NA,344,1188,3,SRR10013072,human,in vivo,extracellular,bulk
NA,344,428,1,SRR10013072,human,in vivo,extracellular,bulk
NA,362,1353,2,SRR10013072,human,in vivo,extracellular,bulk
NA,380,1064,1,SRR10013072,human,in vivo,extracellular,bulk
NA,404,1017,3,SRR10013072,human,in vivo,extracellular,bulk
NA,439,1000,1,SRR10013072,human,in vivo,extracellular,bulk
NA,453,477,1,SRR10013072,human,in vivo,extracellular,bulk
NA,460,488,1,SRR10013072,human,in vivo,extracellular,bulk
NA,472,1184,3,SRR10013072,human,in vivo,extracellular,bulk
NA,489,682,1,SRR10013072,human,in vivo,extracellular,bulk
NA,491,695,1,SRR10013072,human,in vivo,extracellular,bulk
NA,528,812,1,SRR10013072,human,in vivo,extracellular,bulk
NA,563,1226,1,SRR10013072,human,in vivo,extracellular,bulk
NA,563,653,1,SRR10013072,human,in vivo,extracellular,bulk
NA,61,431,1,SRR10013072,human,in vivo,extracellular,bulk
NA,666,1355,1,SRR10013072,human,in vivo,extracellular,bulk
NA,705,1268,2,SRR10013072,human,in vivo,extracellular,bulk
NP,1027,1617,1,SRR10013072,human,in vivo,extracellular,bulk
NP,1178,1527,2,SRR10013072,human,in vivo,extracellular,bulk
NP,137,1669,2,SRR10013072,human,in vivo,extracellular,bulk
NP,1411,1459,1,SRR10013072,human,in vivo,extracellular,bulk
NP,1665,1697,1,SRR10013072,human,in vivo,extracellular,bulk
NP,172,1482,2,SRR10013072,human,in vivo,extracellular,bulk
NP,176,1737,1,SRR10013072,human,in vivo,extracellular,bulk
NP,176,492,1,SRR10013072,human,in vivo,extracellular,bulk
NP,216,1519,1,SRR10013072,human,in vivo,extracellular,bulk
NP,805,954,1,SRR10013072,human,in vivo,extracellular,bulk
NP,828,1482,1,SRR10013072,human,in vivo,extracellular,bulk
NP,854,1462,4,SRR10013072,human,in vivo,extracellular,bulk
NP,932,1304,1,SRR10013072,human,in vivo,extracellular,bulk
NP,932,1473,1,SRR10013072,human,in vivo,extracellular,bulk
NP,952,1662,4,SRR10013072,human,in vivo,extracellular,bulk
NP,97,973,1,SRR10013072,human,in vivo,extracellular,bulk
NS,418,996,1,SRR10013072,human,in vivo,extracellular,bulk
NS,73,683,1,SRR10013072,human,in vivo,extracellular,bulk
PA,1184,1726,1,SRR10013072,human,in vivo,extracellular,bulk
PA,1204,1246,1,SRR10013072,human,in vivo,extracellular,bulk
PA,1371,1631,2,SRR10013072,human,in vivo,extracellular,bulk
PA,1416,2055,1,SRR10013072,human,in vivo,extracellular,bulk
PA,151,199,2,SRR10013072,human,in vivo,extracellular,bulk
PA,1535,2016,1,SRR10013072,human,in vivo,extracellular,bulk
PA,1560,2039,1,SRR10013072,human,in vivo,extracellular,bulk
PA,193,1453,1,SRR10013072,human,in vivo,extracellular,bulk
PA,194,1423,1,SRR10013072,human,in vivo,extracellular,bulk
PA,206,2019,1,SRR10013072,human,in vivo,extracellular,bulk
PA,221,741,1,SRR10013072,human,in vivo,extracellular,bulk
PA,258,839,1,SRR10013072,human,in vivo,extracellular,bulk
PA,263,2061,1,SRR10013072,human,in vivo,extracellular,bulk
PA,270,1182,1,SRR10013072,human,in vivo,extracellular,bulk
PA,289,1281,6,SRR10013072,human,in vivo,extracellular,bulk
PA,468,1366,1,SRR10013072,human,in vivo,extracellular,bulk
PA,606,1846,1,SRR10013072,human,in vivo,extracellular,bulk
PA,646,900,1,SRR10013072,human,in vivo,extracellular,bulk
PA,733,1160,1,SRR10013072,human,in vivo,extracellular,bulk
PA,751,1841,1,SRR10013072,human,in vivo,extracellular,bulk
PA,780,1264,1,SRR10013072,human,in vivo,extracellular,bulk
PA,81,1194,1,SRR10013072,human,in vivo,extracellular,bulk
PA,82,1322,1,SRR10013072,human,in vivo,extracellular,bulk
PA,844,1323,1,SRR10013072,human,in vivo,extracellular,bulk
PA,868,1523,1,SRR10013072,human,in vivo,extracellular,bulk
PA,872,944,1,SRR10013072,human,in vivo,extracellular,bulk
PA,97,1709,1,SRR10013072,human,in vivo,extracellular,bulk
PB1,1121,2092,1,SRR10013072,human,in vivo,extracellular,bulk
PB1,1340,2220,1,SRR10013072,human,in vivo,extracellular,bulk
PB1,1419,1495,1,SRR10013072,human,in vivo,extracellular,bulk
PB1,1421,2057,1,SRR10013072,human,in vivo,extracellular,bulk
PB1,149,2140,1,SRR10013072,human,in vivo,extracellular,bulk
PB1,1823,2057,1,SRR10013072,human,in vivo,extracellular,bulk
PB1,290,2175,2,SRR10013072,human,in vivo,extracellular,bulk
PB1,324,1845,4,SRR10013072,human,in vivo,extracellular,bulk
PB1,326,2162,4,SRR10013072,human,in vivo,extracellular,bulk
PB1,409,1084,1,SRR10013072,human,in vivo,extracellular,bulk
PB1,775,1811,1,SRR10013072,human,in vivo,extracellular,bulk
PB1,786,1191,2,SRR10013072,human,in vivo,extracellular,bulk
PB2,1040,1625,1,SRR10013072,human,in vivo,extracellular,bulk
PB2,1243,1724,2,SRR10013072,human,in vivo,extracellular,bulk
PB2,1304,1989,1,SRR10013072,human,in vivo,extracellular,bulk
PB2,1743,1985,1,SRR10013072,human,in vivo,extracellular,bulk
PB2,222,2113,5,SRR10013072,human,in vivo,extracellular,bulk
PB2,556,1829,1,SRR10013072,human,in vivo,extracellular,bulk
PB2,575,724,1,SRR10013072,human,in vivo,extracellular,bulk
PB2,588,2048,2,SRR10013072,human,in vivo,extracellular,bulk
PB2,592,1934,1,SRR10013072,human,in vivo,extracellular,bulk
PB2,717,2038,1,SRR10013072,human,in vivo,extracellular,bulk
PB2,962,1054,1,SRR10013072,human,in vivo,extracellular,bulk
HA,1113,1785,1,SRR10013200,human,in vivo,extracellular,bulk
HA,136,1518,1,SRR10013200,human,in vivo,extracellular,bulk
HA,202,764,3,SRR10013200,human,in vivo,extracellular,bulk
HA,39,1084,1,SRR10013200,human,in vivo,extracellular,bulk
HA,71,1516,1,SRR10013200,human,in vivo,extracellular,bulk
M,224,565,1,SRR10013200,human,in vivo,extracellular,bulk
M,251,909,1,SRR10013200,human,in vivo,extracellular,bulk
M,252,503,3,SRR10013200,human,in vivo,extracellular,bulk
M,265,859,1,SRR10013200,human,in vivo,extracellular,bulk
M,290,945,2,SRR10013200,human,in vivo,extracellular,bulk
M,294,953,3,SRR10013200,human,in vivo,extracellular,bulk
M,301,949,1,SRR10013200,human,in vivo,extracellular,bulk
M,313,960,2,SRR10013200,human,in vivo,extracellular,bulk
M,327,974,1,SRR10013200,human,in vivo,extracellular,bulk
M,333,611,1,SRR10013200,human,in vivo,extracellular,bulk
M,491,557,1,SRR10013200,human,in vivo,extracellular,bulk
M,531,898,1,SRR10013200,human,in vivo,extracellular,bulk
M,549,724,1,SRR10013200,human,in vivo,extracellular,bulk
M,577,967,1,SRR10013200,human,in vivo,extracellular,bulk
M,590,940,2,SRR10013200,human,in vivo,extracellular,bulk
M,606,889,1,SRR10013200,human,in vivo,extracellular,bulk
M,60,540,1,SRR10013200,human,in vivo,extracellular,bulk
M,618,812,1,SRR10013200,human,in vivo,extracellular,bulk
M,620,682,1,SRR10013200,human,in vivo,extracellular,bulk
M,654,739,7,SRR10013200,human,in vivo,extracellular,bulk
M,67,396,1,SRR10013200,human,in vivo,extracellular,bulk
M,706,976,1,SRR10013200,human,in vivo,extracellular,bulk
M,707,800,1,SRR10013200,human,in vivo,extracellular,bulk
M,900,964,1,SRR10013200,human,in vivo,extracellular,bulk
NA,1006,1243,1,SRR10013200,human,in vivo,extracellular,bulk
NA,1007,1064,2,SRR10013200,human,in vivo,extracellular,bulk
NA,1008,1300,1,SRR10013200,human,in vivo,extracellular,bulk
NA,1013,1296,1,SRR10013200,human,in vivo,extracellular,bulk
NA,1047,1152,3,SRR10013200,human,in vivo,extracellular,bulk
NA,194,879,1,SRR10013200,human,in vivo,extracellular,bulk
NA,198,688,1,SRR10013200,human,in vivo,extracellular,bulk
NA,208,428,1,SRR10013200,human,in vivo,extracellular,bulk
NA,212,505,1,SRR10013200,human,in vivo,extracellular,bulk
NA,212,974,1,SRR10013200,human,in vivo,extracellular,bulk
NA,231,284,1,SRR10013200,human,in vivo,extracellular,bulk
NA,232,286,1,SRR10013200,human,in vivo,extracellular,bulk
NA,252,1446,1,SRR10013200,human,in vivo,extracellular,bulk
NA,271,1225,4,SRR10013200,human,in vivo,extracellular,bulk
NA,304,550,1,SRR10013200,human,in vivo,extracellular,bulk
NA,318,1350,4,SRR10013200,human,in vivo,extracellular,bulk
NA,334,1276,1,SRR10013200,human,in vivo,extracellular,bulk
NA,344,1188,3,SRR10013200,human,in vivo,extracellular,bulk
NA,399,652,2,SRR10013200,human,in vivo,extracellular,bulk
NA,404,1017,5,SRR10013200,human,in vivo,extracellular,bulk
NA,423,1268,3,SRR10013200,human,in vivo,extracellular,bulk
NA,452,1354,1,SRR10013200,human,in vivo,extracellular,bulk
NA,455,1312,2,SRR10013200,human,in vivo,extracellular,bulk
NA,465,652,1,SRR10013200,human,in vivo,extracellular,bulk
NA,466,1025,1,SRR10013200,human,in vivo,extracellular,bulk
NA,472,650,1,SRR10013200,human,in vivo,extracellular,bulk
NA,523,815,1,SRR10013200,human,in vivo,extracellular,bulk
NA,553,1351,1,SRR10013200,human,in vivo,extracellular,bulk
NA,563,653,5,SRR10013200,human,in vivo,extracellular,bulk
NA,586,1321,1,SRR10013200,human,in vivo,extracellular,bulk
NA,599,804,1,SRR10013200,human,in vivo,extracellular,bulk
NA,604,641,1,SRR10013200,human,in vivo,extracellular,bulk
NA,66,880,1,SRR10013200,human,in vivo,extracellular,bulk
NA,675,784,1,SRR10013200,human,in vivo,extracellular,bulk
NA,766,1217,1,SRR10013200,human,in vivo,extracellular,bulk
NA,81,1160,2,SRR10013200,human,in vivo,extracellular,bulk
NA,81,454,2,SRR10013200,human,in vivo,extracellular,bulk
NA,81,733,1,SRR10013200,human,in vivo,extracellular,bulk
NA,94,155,1,SRR10013200,human,in vivo,extracellular,bulk
NP,1022,1052,1,SRR10013200,human,in vivo,extracellular,bulk
NP,124,1586,1,SRR10013200,human,in vivo,extracellular,bulk
NP,142,1658,1,SRR10013200,human,in vivo,extracellular,bulk
NP,1605,1636,1,SRR10013200,human,in vivo,extracellular,bulk
NP,1665,1697,1,SRR10013200,human,in vivo,extracellular,bulk
NP,176,1635,1,SRR10013200,human,in vivo,extracellular,bulk
NP,192,1646,1,SRR10013200,human,in vivo,extracellular,bulk
NP,214,513,1,SRR10013200,human,in vivo,extracellular,bulk
NP,216,1452,4,SRR10013200,human,in vivo,extracellular,bulk
NP,216,1519,1,SRR10013200,human,in vivo,extracellular,bulk
NP,308,1540,2,SRR10013200,human,in vivo,extracellular,bulk
NP,359,1461,1,SRR10013200,human,in vivo,extracellular,bulk
NP,424,1580,1,SRR10013200,human,in vivo,extracellular,bulk
NP,493,1637,1,SRR10013200,human,in vivo,extracellular,bulk
NP,499,1218,1,SRR10013200,human,in vivo,extracellular,bulk
NP,521,1232,6,SRR10013200,human,in vivo,extracellular,bulk
NP,612,1525,2,SRR10013200,human,in vivo,extracellular,bulk
NP,614,1305,1,SRR10013200,human,in vivo,extracellular,bulk
NP,649,1305,1,SRR10013200,human,in vivo,extracellular,bulk
NP,833,1143,1,SRR10013200,human,in vivo,extracellular,bulk
NP,842,1752,1,SRR10013200,human,in vivo,extracellular,bulk
NP,854,1462,4,SRR10013200,human,in vivo,extracellular,bulk
NP,858,1212,1,SRR10013200,human,in vivo,extracellular,bulk
NS,215,498,1,SRR10013200,human,in vivo,extracellular,bulk
NS,269,689,1,SRR10013200,human,in vivo,extracellular,bulk
NS,310,422,1,SRR10013200,human,in vivo,extracellular,bulk
NS,315,350,1,SRR10013200,human,in vivo,extracellular,bulk
NS,400,858,1,SRR10013200,human,in vivo,extracellular,bulk
NS,451,756,1,SRR10013200,human,in vivo,extracellular,bulk
NS,556,611,1,SRR10013200,human,in vivo,extracellular,bulk
PA,1000,1072,1,SRR10013200,human,in vivo,extracellular,bulk
PA,1014,1168,1,SRR10013200,human,in vivo,extracellular,bulk
PA,1030,1734,1,SRR10013200,human,in vivo,extracellular,bulk
PA,1057,2065,1,SRR10013200,human,in vivo,extracellular,bulk
PA,1063,1144,2,SRR10013200,human,in vivo,extracellular,bulk
PA,1102,1713,1,SRR10013200,human,in vivo,extracellular,bulk
PA,1174,1223,1,SRR10013200,human,in vivo,extracellular,bulk
PA,1181,1216,1,SRR10013200,human,in vivo,extracellular,bulk
PA,123,2223,2,SRR10013200,human,in vivo,extracellular,bulk
PA,1430,2044,1,SRR10013200,human,in vivo,extracellular,bulk
PA,1521,2234,1,SRR10013200,human,in vivo,extracellular,bulk
PA,1538,1899,1,SRR10013200,human,in vivo,extracellular,bulk
PA,1727,2061,1,SRR10013200,human,in vivo,extracellular,bulk
PA,1731,2077,1,SRR10013200,human,in vivo,extracellular,bulk
PA,191,1884,1,SRR10013200,human,in vivo,extracellular,bulk
PA,203,1423,1,SRR10013200,human,in vivo,extracellular,bulk
PA,204,1433,1,SRR10013200,human,in vivo,extracellular,bulk
PA,204,1535,1,SRR10013200,human,in vivo,extracellular,bulk
PA,2055,2128,1,SRR10013200,human,in vivo,extracellular,bulk
PA,206,2019,2,SRR10013200,human,in vivo,extracellular,bulk
PA,214,2026,1,SRR10013200,human,in vivo,extracellular,bulk
PA,216,1259,2,SRR10013200,human,in vivo,extracellular,bulk
PA,222,909,1,SRR10013200,human,in vivo,extracellular,bulk
PA,229,916,1,SRR10013200,human,in vivo,extracellular,bulk
PA,245,640,1,SRR10013200,human,in vivo,extracellular,bulk
PA,247,898,2,SRR10013200,human,in vivo,extracellular,bulk
PA,256,1445,1,SRR10013200,human,in vivo,extracellular,bulk
PA,261,907,1,SRR10013200,human,in vivo,extracellular,bulk
PA,263,2061,1,SRR10013200,human,in vivo,extracellular,bulk
PA,263,941,1,SRR10013200,human,in vivo,extracellular,bulk
PA,270,1182,1,SRR10013200,human,in vivo,extracellular,bulk
PA,289,1281,17,SRR10013200,human,in vivo,extracellular,bulk
PA,302,944,1,SRR10013200,human,in vivo,extracellular,bulk
PA,315,447,1,SRR10013200,human,in vivo,extracellular,bulk
PA,324,956,1,SRR10013200,human,in vivo,extracellular,bulk
PA,337,1514,1,SRR10013200,human,in vivo,extracellular,bulk
PA,388,1203,1,SRR10013200,human,in vivo,extracellular,bulk
PA,408,793,1,SRR10013200,human,in vivo,extracellular,bulk
PA,513,1745,4,SRR10013200,human,in vivo,extracellular,bulk
PA,516,1328,1,SRR10013200,human,in vivo,extracellular,bulk
PA,603,1555,1,SRR10013200,human,in vivo,extracellular,bulk
PA,678,1041,1,SRR10013200,human,in vivo,extracellular,bulk
PA,718,1851,1,SRR10013200,human,in vivo,extracellular,bulk
PA,764,833,2,SRR10013200,human,in vivo,extracellular,bulk
PA,77,1426,1,SRR10013200,human,in vivo,extracellular,bulk
PA,780,856,1,SRR10013200,human,in vivo,extracellular,bulk
PA,782,1425,1,SRR10013200,human,in vivo,extracellular,bulk
PA,866,2001,1,SRR10013200,human,in vivo,extracellular,bulk
PA,876,1941,1,SRR10013200,human,in vivo,extracellular,bulk
PB1,102,904,1,SRR10013200,human,in vivo,extracellular,bulk
PB1,1095,1856,1,SRR10013200,human,in vivo,extracellular,bulk
PB1,1144,1567,2,SRR10013200,human,in vivo,extracellular,bulk
PB1,1156,2028,1,SRR10013200,human,in vivo,extracellular,bulk
PB1,1253,1277,1,SRR10013200,human,in vivo,extracellular,bulk
PB1,1421,2057,1,SRR10013200,human,in vivo,extracellular,bulk
PB1,1431,2037,1,SRR10013200,human,in vivo,extracellular,bulk
PB1,1593,2010,1,SRR10013200,human,in vivo,extracellular,bulk
PB1,2053,2222,1,SRR10013200,human,in vivo,extracellular,bulk
PB1,278,2090,1,SRR10013200,human,in vivo,extracellular,bulk
PB1,326,2162,4,SRR10013200,human,in vivo,extracellular,bulk
PB1,327,1844,4,SRR10013200,human,in vivo,extracellular,bulk
PB1,339,2149,1,SRR10013200,human,in vivo,extracellular,bulk
PB1,339,862,1,SRR10013200,human,in vivo,extracellular,bulk
PB1,374,1387,1,SRR10013200,human,in vivo,extracellular,bulk
PB1,397,535,1,SRR10013200,human,in vivo,extracellular,bulk
PB1,427,1851,4,SRR10013200,human,in vivo,extracellular,bulk
PB1,573,1494,1,SRR10013200,human,in vivo,extracellular,bulk
PB1,764,1773,1,SRR10013200,human,in vivo,extracellular,bulk
PB1,776,1457,3,SRR10013200,human,in vivo,extracellular,bulk
PB1,787,1558,2,SRR10013200,human,in vivo,extracellular,bulk
PB1,891,1423,1,SRR10013200,human,in vivo,extracellular,bulk
PB1,892,1240,1,SRR10013200,human,in vivo,extracellular,bulk
PB1,894,2174,1,SRR10013200,human,in vivo,extracellular,bulk
PB1,920,1566,1,SRR10013200,human,in vivo,extracellular,bulk
PB1,99,545,1,SRR10013200,human,in vivo,extracellular,bulk
PB2,1030,2268,1,SRR10013200,human,in vivo,extracellular,bulk
PB2,1037,2058,2,SRR10013200,human,in vivo,extracellular,bulk
PB2,1058,1629,1,SRR10013200,human,in vivo,extracellular,bulk
PB2,1071,1872,1,SRR10013200,human,in vivo,extracellular,bulk
PB2,1124,1626,1,SRR10013200,human,in vivo,extracellular,bulk
PB2,115,1063,1,SRR10013200,human,in vivo,extracellular,bulk
PB2,1243,1724,8,SRR10013200,human,in vivo,extracellular,bulk
PB2,1376,1635,2,SRR10013200,human,in vivo,extracellular,bulk
PB2,1525,2010,1,SRR10013200,human,in vivo,extracellular,bulk
PB2,1966,2318,1,SRR10013200,human,in vivo,extracellular,bulk
PB2,225,554,2,SRR10013200,human,in vivo,extracellular,bulk
PB2,269,1635,1,SRR10013200,human,in vivo,extracellular,bulk
PB2,271,2179,1,SRR10013200,human,in vivo,extracellular,bulk
PB2,382,1475,1,SRR10013200,human,in vivo,extracellular,bulk
PB2,514,2120,2,SRR10013200,human,in vivo,extracellular,bulk
PB2,516,1996,1,SRR10013200,human,in vivo,extracellular,bulk
PB2,528,2301,1,SRR10013200,human,in vivo,extracellular,bulk
PB2,560,1052,3,SRR10013200,human,in vivo,extracellular,bulk
PB2,594,1585,1,SRR10013200,human,in vivo,extracellular,bulk
PB2,707,1359,1,SRR10013200,human,in vivo,extracellular,bulk
PB2,710,1003,1,SRR10013200,human,in vivo,extracellular,bulk
PB2,710,1498,1,SRR10013200,human,in vivo,extracellular,bulk
PB2,726,2046,1,SRR10013200,human,in vivo,extracellular,bulk
PB2,744,1373,1,SRR10013200,human,in vivo,extracellular,bulk
PB2,835,2120,1,SRR10013200,human,in vivo,extracellular,bulk
PB2,862,2133,1,SRR10013200,human,in vivo,extracellular,bulk
PB2,863,2184,15,SRR10013200,human,in vivo,extracellular,bulk
PB2,875,1059,1,SRR10013200,human,in vivo,extracellular,bulk
PB2,921,951,2,SRR10013200,human,in vivo,extracellular,bulk
NA,244,273,1,SRR10013108,human,in vivo,extracellular,bulk
NA,246,270,1,SRR10013108,human,in vivo,extracellular,bulk
NP,1665,1697,9,SRR10013108,human,in vivo,extracellular,bulk
NP,197,1675,1,SRR10013108,human,in vivo,extracellular,bulk
NS,182,483,1,SRR10013108,human,in vivo,extracellular,bulk
NS,245,358,1,SRR10013108,human,in vivo,extracellular,bulk
NS,313,433,1,SRR10013108,human,in vivo,extracellular,bulk
NS,378,832,1,SRR10013108,human,in vivo,extracellular,bulk
NS,400,858,2,SRR10013108,human,in vivo,extracellular,bulk
NS,417,700,1,SRR10013108,human,in vivo,extracellular,bulk
NS,418,704,5,SRR10013108,human,in vivo,extracellular,bulk
NS,537,922,2,SRR10013108,human,in vivo,extracellular,bulk
NS,784,817,2,SRR10013108,human,in vivo,extracellular,bulk
PA,520,1757,13,SRR10013108,human,in vivo,extracellular,bulk
PA,602,1744,1,SRR10013108,human,in vivo,extracellular,bulk
PA,608,951,1,SRR10013108,human,in vivo,extracellular,bulk
PA,737,1808,6,SRR10013108,human,in vivo,extracellular,bulk
PB1,659,1712,1,SRR10013108,human,in vivo,extracellular,bulk
PB1,84,114,1,SRR10013108,human,in vivo,extracellular,bulk
PB2,1245,2298,1,SRR10013108,human,in vivo,extracellular,bulk
PB2,2074,2300,2,SRR10013108,human,in vivo,extracellular,bulk
PB2,225,554,1,SRR10013108,human,in vivo,extracellular,bulk
PB2,527,1619,1,SRR10013108,human,in vivo,extracellular,bulk
M,428,965,1,SRR10013256,human,in vivo,extracellular,bulk
NA,106,674,1,SRR10013256,human,in vivo,extracellular,bulk
NA,1186,1226,35,SRR10013256,human,in vivo,extracellular,bulk
NA,681,750,1,SRR10013256,human,in vivo,extracellular,bulk
NA,724,1021,1,SRR10013256,human,in vivo,extracellular,bulk
NP,129,399,1,SRR10013256,human,in vivo,extracellular,bulk
NS,310,528,1,SRR10013256,human,in vivo,extracellular,bulk
NS,597,621,1,SRR10013256,human,in vivo,extracellular,bulk
PA,206,2019,1,SRR10013256,human,in vivo,extracellular,bulk
PB2,142,2189,1,SRR10013256,human,in vivo,extracellular,bulk
PB2,540,1989,2,SRR10013256,human,in vivo,extracellular,bulk
PB2,63,1695,1,SRR10013256,human,in vivo,extracellular,bulk
HA,202,1000,1,SRR10013037,human,in vivo,extracellular,bulk
HA,898,1114,1,SRR10013037,human,in vivo,extracellular,bulk
M,276,931,1,SRR10013037,human,in vivo,extracellular,bulk
NA,1034,1296,1,SRR10013037,human,in vivo,extracellular,bulk
NA,1133,1291,2,SRR10013037,human,in vivo,extracellular,bulk
NA,1162,1319,1,SRR10013037,human,in vivo,extracellular,bulk
NA,198,688,1,SRR10013037,human,in vivo,extracellular,bulk
NA,205,278,1,SRR10013037,human,in vivo,extracellular,bulk
NA,234,469,1,SRR10013037,human,in vivo,extracellular,bulk
NA,313,711,1,SRR10013037,human,in vivo,extracellular,bulk
NA,344,1188,24,SRR10013037,human,in vivo,extracellular,bulk
NA,358,458,1,SRR10013037,human,in vivo,extracellular,bulk
NA,38,674,1,SRR10013037,human,in vivo,extracellular,bulk
NA,404,1017,2,SRR10013037,human,in vivo,extracellular,bulk
NA,656,783,1,SRR10013037,human,in vivo,extracellular,bulk
NA,704,922,1,SRR10013037,human,in vivo,extracellular,bulk
NA,798,978,1,SRR10013037,human,in vivo,extracellular,bulk
NA,976,1308,1,SRR10013037,human,in vivo,extracellular,bulk
NP,1665,1697,1,SRR10013037,human,in vivo,extracellular,bulk
NP,197,1675,1,SRR10013037,human,in vivo,extracellular,bulk
NP,343,1709,1,SRR10013037,human,in vivo,extracellular,bulk
NP,462,1537,1,SRR10013037,human,in vivo,extracellular,bulk
NP,92,870,1,SRR10013037,human,in vivo,extracellular,bulk
NS,157,474,1,SRR10013037,human,in vivo,extracellular,bulk
NS,208,987,1,SRR10013037,human,in vivo,extracellular,bulk
NS,220,553,1,SRR10013037,human,in vivo,extracellular,bulk
NS,353,382,1,SRR10013037,human,in vivo,extracellular,bulk
NS,397,948,1,SRR10013037,human,in vivo,extracellular,bulk
NS,451,756,1,SRR10013037,human,in vivo,extracellular,bulk
NS,499,833,1,SRR10013037,human,in vivo,extracellular,bulk
NS,874,922,14,SRR10013037,human,in vivo,extracellular,bulk
NS,888,969,1,SRR10013037,human,in vivo,extracellular,bulk
PA,1125,2185,1,SRR10013037,human,in vivo,extracellular,bulk
PA,1238,2131,1,SRR10013037,human,in vivo,extracellular,bulk
PA,224,1330,1,SRR10013037,human,in vivo,extracellular,bulk
PA,388,1203,1,SRR10013037,human,in vivo,extracellular,bulk
PA,647,1596,2,SRR10013037,human,in vivo,extracellular,bulk
PB1,1125,1550,1,SRR10013037,human,in vivo,extracellular,bulk
PB1,1427,2028,1,SRR10013037,human,in vivo,extracellular,bulk
PB1,237,2044,43,SRR10013037,human,in vivo,extracellular,bulk
PB1,426,862,1,SRR10013037,human,in vivo,extracellular,bulk
PB1,465,969,1,SRR10013037,human,in vivo,extracellular,bulk
PB2,104,1005,1,SRR10013037,human,in vivo,extracellular,bulk
PB2,1116,1622,1,SRR10013037,human,in vivo,extracellular,bulk
PB2,1243,1724,1,SRR10013037,human,in vivo,extracellular,bulk
PB2,1395,1730,1,SRR10013037,human,in vivo,extracellular,bulk
PB2,1617,2264,2,SRR10013037,human,in vivo,extracellular,bulk
PB2,1898,2300,1,SRR10013037,human,in vivo,extracellular,bulk
PB2,2037,2178,1,SRR10013037,human,in vivo,extracellular,bulk
PB2,516,1001,1,SRR10013037,human,in vivo,extracellular,bulk
PB2,559,855,1,SRR10013037,human,in vivo,extracellular,bulk
PB2,586,727,1,SRR10013037,human,in vivo,extracellular,bulk
PB2,588,1739,1,SRR10013037,human,in vivo,extracellular,bulk
PB2,726,2046,1,SRR10013037,human,in vivo,extracellular,bulk
M,237,944,1,SRR10013254,human,in vivo,extracellular,bulk
NA,203,727,1,SRR10013254,human,in vivo,extracellular,bulk
NA,303,447,1,SRR10013254,human,in vivo,extracellular,bulk
NA,309,1268,1,SRR10013254,human,in vivo,extracellular,bulk
NA,496,1075,1,SRR10013254,human,in vivo,extracellular,bulk
NA,821,1281,2,SRR10013254,human,in vivo,extracellular,bulk
NP,1221,1252,1,SRR10013254,human,in vivo,extracellular,bulk
NP,124,403,1,SRR10013254,human,in vivo,extracellular,bulk
NP,313,1545,1,SRR10013254,human,in vivo,extracellular,bulk
NP,597,1639,1,SRR10013254,human,in vivo,extracellular,bulk
NP,654,1265,1,SRR10013254,human,in vivo,extracellular,bulk
NP,680,1623,1,SRR10013254,human,in vivo,extracellular,bulk
NS,181,494,1,SRR10013254,human,in vivo,extracellular,bulk
NS,183,478,1,SRR10013254,human,in vivo,extracellular,bulk
NS,219,996,1,SRR10013254,human,in vivo,extracellular,bulk
NS,257,579,1,SRR10013254,human,in vivo,extracellular,bulk
NS,316,349,1,SRR10013254,human,in vivo,extracellular,bulk
NS,331,588,1,SRR10013254,human,in vivo,extracellular,bulk
NS,35,201,1,SRR10013254,human,in vivo,extracellular,bulk
NS,378,832,3,SRR10013254,human,in vivo,extracellular,bulk
NS,395,642,1,SRR10013254,human,in vivo,extracellular,bulk
NS,400,858,2,SRR10013254,human,in vivo,extracellular,bulk
NS,417,700,1,SRR10013254,human,in vivo,extracellular,bulk
NS,426,712,2,SRR10013254,human,in vivo,extracellular,bulk
NS,45,654,1,SRR10013254,human,in vivo,extracellular,bulk
NS,490,514,1,SRR10013254,human,in vivo,extracellular,bulk
NS,666,975,2,SRR10013254,human,in vivo,extracellular,bulk
NS,67,938,1,SRR10013254,human,in vivo,extracellular,bulk
PA,1068,1883,1,SRR10013254,human,in vivo,extracellular,bulk
PA,1167,1351,1,SRR10013254,human,in vivo,extracellular,bulk
PA,1358,1428,1,SRR10013254,human,in vivo,extracellular,bulk
PA,191,1884,1,SRR10013254,human,in vivo,extracellular,bulk
PA,221,1089,1,SRR10013254,human,in vivo,extracellular,bulk
PA,260,308,2,SRR10013254,human,in vivo,extracellular,bulk
PA,315,447,1,SRR10013254,human,in vivo,extracellular,bulk
PA,842,1136,1,SRR10013254,human,in vivo,extracellular,bulk
PA,949,1138,1,SRR10013254,human,in vivo,extracellular,bulk
PA,995,1146,1,SRR10013254,human,in vivo,extracellular,bulk
PB1,102,2130,2,SRR10013254,human,in vivo,extracellular,bulk
PB1,102,904,1,SRR10013254,human,in vivo,extracellular,bulk
PB1,1163,1811,1,SRR10013254,human,in vivo,extracellular,bulk
PB1,228,2140,1,SRR10013254,human,in vivo,extracellular,bulk
PB1,267,2034,1,SRR10013254,human,in vivo,extracellular,bulk
PB1,279,2089,229,SRR10013254,human,in vivo,extracellular,bulk
PB1,290,2175,2,SRR10013254,human,in vivo,extracellular,bulk
PB1,339,1785,2,SRR10013254,human,in vivo,extracellular,bulk
PB1,339,2092,1,SRR10013254,human,in vivo,extracellular,bulk
PB1,376,1896,1,SRR10013254,human,in vivo,extracellular,bulk
PB1,396,1850,2,SRR10013254,human,in vivo,extracellular,bulk
PB1,400,1860,183,SRR10013254,human,in vivo,extracellular,bulk
PB1,427,1851,1,SRR10013254,human,in vivo,extracellular,bulk
PB1,797,1724,1,SRR10013254,human,in vivo,extracellular,bulk
PB1,804,2043,1,SRR10013254,human,in vivo,extracellular,bulk
PB1,95,361,1,SRR10013254,human,in vivo,extracellular,bulk
PB2,1037,2058,5,SRR10013254,human,in vivo,extracellular,bulk
PB2,1058,1629,1,SRR10013254,human,in vivo,extracellular,bulk
PB2,1083,1356,1,SRR10013254,human,in vivo,extracellular,bulk
PB2,108,2045,1,SRR10013254,human,in vivo,extracellular,bulk
PB2,1093,1257,1,SRR10013254,human,in vivo,extracellular,bulk
PB2,1107,2052,1,SRR10013254,human,in vivo,extracellular,bulk
PB2,1135,2037,1,SRR10013254,human,in vivo,extracellular,bulk
PB2,1242,1620,1,SRR10013254,human,in vivo,extracellular,bulk
PB2,1243,1724,6,SRR10013254,human,in vivo,extracellular,bulk
PB2,1245,1356,1,SRR10013254,human,in vivo,extracellular,bulk
PB2,1376,1635,2,SRR10013254,human,in vivo,extracellular,bulk
PB2,1661,1728,1,SRR10013254,human,in vivo,extracellular,bulk
PB2,1746,1794,32,SRR10013254,human,in vivo,extracellular,bulk
PB2,2074,2300,1,SRR10013254,human,in vivo,extracellular,bulk
PB2,255,1036,1,SRR10013254,human,in vivo,extracellular,bulk
PB2,269,1635,1,SRR10013254,human,in vivo,extracellular,bulk
PB2,279,2039,269,SRR10013254,human,in vivo,extracellular,bulk
PB2,279,580,1,SRR10013254,human,in vivo,extracellular,bulk
PB2,295,1696,1,SRR10013254,human,in vivo,extracellular,bulk
PB2,470,1864,1,SRR10013254,human,in vivo,extracellular,bulk
PB2,574,1027,1,SRR10013254,human,in vivo,extracellular,bulk
PB2,588,2048,3,SRR10013254,human,in vivo,extracellular,bulk
PB2,63,1695,1,SRR10013254,human,in vivo,extracellular,bulk
PB2,712,1551,66,SRR10013254,human,in vivo,extracellular,bulk
PB2,717,2263,1,SRR10013254,human,in vivo,extracellular,bulk
PB2,726,2046,2,SRR10013254,human,in vivo,extracellular,bulk
PB2,757,1264,1,SRR10013254,human,in vivo,extracellular,bulk
HA,1087,1485,1,SRR10013279,human,in vivo,extracellular,bulk
HA,1089,1118,1,SRR10013279,human,in vivo,extracellular,bulk
HA,1090,1122,1,SRR10013279,human,in vivo,extracellular,bulk
HA,201,1063,1,SRR10013279,human,in vivo,extracellular,bulk
HA,898,1802,1,SRR10013279,human,in vivo,extracellular,bulk
HA,92,1069,1,SRR10013279,human,in vivo,extracellular,bulk
M,121,788,1,SRR10013279,human,in vivo,extracellular,bulk
M,154,963,1,SRR10013279,human,in vivo,extracellular,bulk
M,251,909,1,SRR10013279,human,in vivo,extracellular,bulk
M,279,568,1,SRR10013279,human,in vivo,extracellular,bulk
M,288,468,1,SRR10013279,human,in vivo,extracellular,bulk
M,293,635,1,SRR10013279,human,in vivo,extracellular,bulk
M,297,860,1,SRR10013279,human,in vivo,extracellular,bulk
M,337,838,1,SRR10013279,human,in vivo,extracellular,bulk
M,350,841,1,SRR10013279,human,in vivo,extracellular,bulk
M,428,534,1,SRR10013279,human,in vivo,extracellular,bulk
M,581,921,1,SRR10013279,human,in vivo,extracellular,bulk
M,582,743,1,SRR10013279,human,in vivo,extracellular,bulk
M,674,705,1,SRR10013279,human,in vivo,extracellular,bulk
M,772,808,1,SRR10013279,human,in vivo,extracellular,bulk
M,857,964,1,SRR10013279,human,in vivo,extracellular,bulk
NA,1047,1152,1,SRR10013279,human,in vivo,extracellular,bulk
NA,203,497,1,SRR10013279,human,in vivo,extracellular,bulk
NA,271,1225,1,SRR10013279,human,in vivo,extracellular,bulk
NA,278,431,1,SRR10013279,human,in vivo,extracellular,bulk
NA,322,698,1,SRR10013279,human,in vivo,extracellular,bulk
NA,340,801,1,SRR10013279,human,in vivo,extracellular,bulk
NA,343,1226,1,SRR10013279,human,in vivo,extracellular,bulk
NA,344,1188,5,SRR10013279,human,in vivo,extracellular,bulk
NA,344,477,1,SRR10013279,human,in vivo,extracellular,bulk
NA,345,655,2,SRR10013279,human,in vivo,extracellular,bulk
NA,351,1017,1,SRR10013279,human,in vivo,extracellular,bulk
NA,353,1062,2,SRR10013279,human,in vivo,extracellular,bulk
NA,379,559,1,SRR10013279,human,in vivo,extracellular,bulk
NA,380,1064,2,SRR10013279,human,in vivo,extracellular,bulk
NA,384,672,1,SRR10013279,human,in vivo,extracellular,bulk
NA,404,1017,3,SRR10013279,human,in vivo,extracellular,bulk
NA,404,777,2,SRR10013279,human,in vivo,extracellular,bulk
NA,421,1265,1,SRR10013279,human,in vivo,extracellular,bulk
NA,466,1025,3,SRR10013279,human,in vivo,extracellular,bulk
NA,472,952,1,SRR10013279,human,in vivo,extracellular,bulk
NA,78,302,1,SRR10013279,human,in vivo,extracellular,bulk
NA,79,732,1,SRR10013279,human,in vivo,extracellular,bulk
NA,961,1360,1,SRR10013279,human,in vivo,extracellular,bulk
NP,1084,1300,1,SRR10013279,human,in vivo,extracellular,bulk
NP,121,1385,1,SRR10013279,human,in vivo,extracellular,bulk
NP,124,1586,1,SRR10013279,human,in vivo,extracellular,bulk
NP,1324,1403,1,SRR10013279,human,in vivo,extracellular,bulk
NP,1375,1521,1,SRR10013279,human,in vivo,extracellular,bulk
NP,169,1600,1,SRR10013279,human,in vivo,extracellular,bulk
NP,207,1482,1,SRR10013279,human,in vivo,extracellular,bulk
NP,521,1232,7,SRR10013279,human,in vivo,extracellular,bulk
NP,726,1074,1,SRR10013279,human,in vivo,extracellular,bulk
NP,740,1263,1,SRR10013279,human,in vivo,extracellular,bulk
NP,825,1098,2,SRR10013279,human,in vivo,extracellular,bulk
NP,828,1482,3,SRR10013279,human,in vivo,extracellular,bulk
NP,833,1143,3,SRR10013279,human,in vivo,extracellular,bulk
NP,833,1261,1,SRR10013279,human,in vivo,extracellular,bulk
NP,836,1233,1,SRR10013279,human,in vivo,extracellular,bulk
NP,931,1130,1,SRR10013279,human,in vivo,extracellular,bulk
NS,250,494,1,SRR10013279,human,in vivo,extracellular,bulk
PA,101,308,1,SRR10013279,human,in vivo,extracellular,bulk
PA,1039,1262,1,SRR10013279,human,in vivo,extracellular,bulk
PA,1141,1607,1,SRR10013279,human,in vivo,extracellular,bulk
PA,1149,1879,1,SRR10013279,human,in vivo,extracellular,bulk
PA,1154,2059,1,SRR10013279,human,in vivo,extracellular,bulk
PA,1271,2229,1,SRR10013279,human,in vivo,extracellular,bulk
PA,1434,1746,1,SRR10013279,human,in vivo,extracellular,bulk
PA,147,1073,1,SRR10013279,human,in vivo,extracellular,bulk
PA,153,1033,1,SRR10013279,human,in vivo,extracellular,bulk
PA,172,1578,1,SRR10013279,human,in vivo,extracellular,bulk
PA,1758,1961,1,SRR10013279,human,in vivo,extracellular,bulk
PA,176,1124,1,SRR10013279,human,in vivo,extracellular,bulk
PA,1843,1904,1,SRR10013279,human,in vivo,extracellular,bulk
PA,1927,1991,1,SRR10013279,human,in vivo,extracellular,bulk
PA,206,2066,1,SRR10013279,human,in vivo,extracellular,bulk
PA,220,2059,3,SRR10013279,human,in vivo,extracellular,bulk
PA,222,1250,2,SRR10013279,human,in vivo,extracellular,bulk
PA,253,2186,2,SRR10013279,human,in vivo,extracellular,bulk
PA,259,1540,4,SRR10013279,human,in vivo,extracellular,bulk
PA,260,1542,1,SRR10013279,human,in vivo,extracellular,bulk
PA,260,485,2,SRR10013279,human,in vivo,extracellular,bulk
PA,265,858,1,SRR10013279,human,in vivo,extracellular,bulk
PA,281,1435,3,SRR10013279,human,in vivo,extracellular,bulk
PA,289,1281,12,SRR10013279,human,in vivo,extracellular,bulk
PA,336,1880,1,SRR10013279,human,in vivo,extracellular,bulk
PA,464,1359,1,SRR10013279,human,in vivo,extracellular,bulk
PA,520,1840,1,SRR10013279,human,in vivo,extracellular,bulk
PA,549,1225,1,SRR10013279,human,in vivo,extracellular,bulk
PA,608,951,1,SRR10013279,human,in vivo,extracellular,bulk
PA,609,1621,1,SRR10013279,human,in vivo,extracellular,bulk
PA,613,1727,1,SRR10013279,human,in vivo,extracellular,bulk
PA,651,951,1,SRR10013279,human,in vivo,extracellular,bulk
PA,665,849,1,SRR10013279,human,in vivo,extracellular,bulk
PA,714,843,1,SRR10013279,human,in vivo,extracellular,bulk
PA,718,1851,1,SRR10013279,human,in vivo,extracellular,bulk
PA,737,1040,1,SRR10013279,human,in vivo,extracellular,bulk
PA,855,1143,1,SRR10013279,human,in vivo,extracellular,bulk
PA,93,1470,1,SRR10013279,human,in vivo,extracellular,bulk
PA,93,1849,1,SRR10013279,human,in vivo,extracellular,bulk
PA,956,1028,1,SRR10013279,human,in vivo,extracellular,bulk
PA,965,1844,1,SRR10013279,human,in vivo,extracellular,bulk
PB1,1018,1839,1,SRR10013279,human,in vivo,extracellular,bulk
PB1,1021,1775,1,SRR10013279,human,in vivo,extracellular,bulk
PB1,1088,2031,1,SRR10013279,human,in vivo,extracellular,bulk
PB1,1117,1334,1,SRR10013279,human,in vivo,extracellular,bulk
PB1,1213,1312,1,SRR10013279,human,in vivo,extracellular,bulk
PB1,1446,1552,1,SRR10013279,human,in vivo,extracellular,bulk
PB1,1510,2091,1,SRR10013279,human,in vivo,extracellular,bulk
PB1,1637,2014,2,SRR10013279,human,in vivo,extracellular,bulk
PB1,1831,2091,1,SRR10013279,human,in vivo,extracellular,bulk
PB1,1911,2053,1,SRR10013279,human,in vivo,extracellular,bulk
PB1,228,1667,1,SRR10013279,human,in vivo,extracellular,bulk
PB1,264,1361,1,SRR10013279,human,in vivo,extracellular,bulk
PB1,30,1817,1,SRR10013279,human,in vivo,extracellular,bulk
PB1,326,2162,8,SRR10013279,human,in vivo,extracellular,bulk
PB1,328,434,1,SRR10013279,human,in vivo,extracellular,bulk
PB1,330,2149,1,SRR10013279,human,in vivo,extracellular,bulk
PB1,339,2092,3,SRR10013279,human,in vivo,extracellular,bulk
PB1,339,2149,3,SRR10013279,human,in vivo,extracellular,bulk
PB1,757,1898,3,SRR10013279,human,in vivo,extracellular,bulk
PB1,796,1229,1,SRR10013279,human,in vivo,extracellular,bulk
PB1,911,1137,1,SRR10013279,human,in vivo,extracellular,bulk
PB2,1037,2058,3,SRR10013279,human,in vivo,extracellular,bulk
PB2,1044,2035,1,SRR10013279,human,in vivo,extracellular,bulk
PB2,1063,1357,1,SRR10013279,human,in vivo,extracellular,bulk
PB2,1071,1783,1,SRR10013279,human,in vivo,extracellular,bulk
PB2,1075,2064,1,SRR10013279,human,in vivo,extracellular,bulk
PB2,1122,2117,1,SRR10013279,human,in vivo,extracellular,bulk
PB2,1124,2042,1,SRR10013279,human,in vivo,extracellular,bulk
PB2,1135,2266,1,SRR10013279,human,in vivo,extracellular,bulk
PB2,1243,1724,6,SRR10013279,human,in vivo,extracellular,bulk
PB2,1245,1726,1,SRR10013279,human,in vivo,extracellular,bulk
PB2,1378,1790,1,SRR10013279,human,in vivo,extracellular,bulk
PB2,1661,1728,1,SRR10013279,human,in vivo,extracellular,bulk
PB2,225,554,1,SRR10013279,human,in vivo,extracellular,bulk
PB2,325,841,1,SRR10013279,human,in vivo,extracellular,bulk
PB2,414,2058,1,SRR10013279,human,in vivo,extracellular,bulk
PB2,525,1997,1,SRR10013279,human,in vivo,extracellular,bulk
PB2,576,2037,1,SRR10013279,human,in vivo,extracellular,bulk
PB2,588,2048,1,SRR10013279,human,in vivo,extracellular,bulk
PB2,590,2049,1,SRR10013279,human,in vivo,extracellular,bulk
PB2,591,2300,1,SRR10013279,human,in vivo,extracellular,bulk
PB2,603,1995,1,SRR10013279,human,in vivo,extracellular,bulk
PB2,703,1366,1,SRR10013279,human,in vivo,extracellular,bulk
PB2,705,2113,1,SRR10013279,human,in vivo,extracellular,bulk
PB2,730,1258,1,SRR10013279,human,in vivo,extracellular,bulk
PB2,744,1373,2,SRR10013279,human,in vivo,extracellular,bulk
PB2,858,1477,1,SRR10013279,human,in vivo,extracellular,bulk
HA,100,1653,2,SRR10013219,human,in vivo,extracellular,bulk
HA,900,1240,1,SRR10013219,human,in vivo,extracellular,bulk
M,144,582,1,SRR10013219,human,in vivo,extracellular,bulk
M,150,893,2,SRR10013219,human,in vivo,extracellular,bulk
M,179,286,1,SRR10013219,human,in vivo,extracellular,bulk
M,248,479,2,SRR10013219,human,in vivo,extracellular,bulk
M,252,503,5,SRR10013219,human,in vivo,extracellular,bulk
M,273,694,1,SRR10013219,human,in vivo,extracellular,bulk
M,361,588,1,SRR10013219,human,in vivo,extracellular,bulk
M,421,848,1,SRR10013219,human,in vivo,extracellular,bulk
M,450,978,1,SRR10013219,human,in vivo,extracellular,bulk
M,490,834,2,SRR10013219,human,in vivo,extracellular,bulk
M,507,935,1,SRR10013219,human,in vivo,extracellular,bulk
M,533,840,1,SRR10013219,human,in vivo,extracellular,bulk
M,577,967,2,SRR10013219,human,in vivo,extracellular,bulk
M,589,728,1,SRR10013219,human,in vivo,extracellular,bulk
M,809,952,1,SRR10013219,human,in vivo,extracellular,bulk
NA,1047,1152,1,SRR10013219,human,in vivo,extracellular,bulk
NA,145,364,1,SRR10013219,human,in vivo,extracellular,bulk
NA,318,1350,1,SRR10013219,human,in vivo,extracellular,bulk
NA,320,1301,1,SRR10013219,human,in vivo,extracellular,bulk
NA,336,1296,1,SRR10013219,human,in vivo,extracellular,bulk
NA,343,1226,1,SRR10013219,human,in vivo,extracellular,bulk
NA,344,1188,2,SRR10013219,human,in vivo,extracellular,bulk
NA,362,1353,1,SRR10013219,human,in vivo,extracellular,bulk
NA,380,1064,1,SRR10013219,human,in vivo,extracellular,bulk
NA,399,1186,1,SRR10013219,human,in vivo,extracellular,bulk
NA,404,777,1,SRR10013219,human,in vivo,extracellular,bulk
NA,464,1232,2,SRR10013219,human,in vivo,extracellular,bulk
NA,508,1062,3,SRR10013219,human,in vivo,extracellular,bulk
NA,543,978,1,SRR10013219,human,in vivo,extracellular,bulk
NA,622,881,1,SRR10013219,human,in vivo,extracellular,bulk
NA,670,1478,1,SRR10013219,human,in vivo,extracellular,bulk
NA,734,785,1,SRR10013219,human,in vivo,extracellular,bulk
NA,807,877,1,SRR10013219,human,in vivo,extracellular,bulk
NA,832,1059,1,SRR10013219,human,in vivo,extracellular,bulk
NP,1170,1339,2,SRR10013219,human,in vivo,extracellular,bulk
NP,1305,1634,1,SRR10013219,human,in vivo,extracellular,bulk
NP,1316,1403,1,SRR10013219,human,in vivo,extracellular,bulk
NP,133,1583,1,SRR10013219,human,in vivo,extracellular,bulk
NP,154,1484,4,SRR10013219,human,in vivo,extracellular,bulk
NP,213,1676,1,SRR10013219,human,in vivo,extracellular,bulk
NP,508,1254,1,SRR10013219,human,in vivo,extracellular,bulk
NP,605,1518,1,SRR10013219,human,in vivo,extracellular,bulk
NP,612,1525,1,SRR10013219,human,in vivo,extracellular,bulk
NP,679,1148,1,SRR10013219,human,in vivo,extracellular,bulk
NP,693,1201,1,SRR10013219,human,in vivo,extracellular,bulk
NP,832,1571,4,SRR10013219,human,in vivo,extracellular,bulk
NP,837,976,1,SRR10013219,human,in vivo,extracellular,bulk
NS,139,815,1,SRR10013219,human,in vivo,extracellular,bulk
NS,415,449,1,SRR10013219,human,in vivo,extracellular,bulk
NS,586,725,1,SRR10013219,human,in vivo,extracellular,bulk
NS,839,972,1,SRR10013219,human,in vivo,extracellular,bulk
PA,1036,1643,1,SRR10013219,human,in vivo,extracellular,bulk
PA,1214,2185,1,SRR10013219,human,in vivo,extracellular,bulk
PA,140,197,2,SRR10013219,human,in vivo,extracellular,bulk
PA,144,514,1,SRR10013219,human,in vivo,extracellular,bulk
PA,150,1748,1,SRR10013219,human,in vivo,extracellular,bulk
PA,151,1634,1,SRR10013219,human,in vivo,extracellular,bulk
PA,168,1654,1,SRR10013219,human,in vivo,extracellular,bulk
PA,176,206,1,SRR10013219,human,in vivo,extracellular,bulk
PA,1887,1991,4,SRR10013219,human,in vivo,extracellular,bulk
PA,192,1894,2,SRR10013219,human,in vivo,extracellular,bulk
PA,197,1924,1,SRR10013219,human,in vivo,extracellular,bulk
PA,197,1951,1,SRR10013219,human,in vivo,extracellular,bulk
PA,198,1952,8,SRR10013219,human,in vivo,extracellular,bulk
PA,198,2011,1,SRR10013219,human,in vivo,extracellular,bulk
PA,215,1527,1,SRR10013219,human,in vivo,extracellular,bulk
PA,218,2040,2,SRR10013219,human,in vivo,extracellular,bulk
PA,219,1833,1,SRR10013219,human,in vivo,extracellular,bulk
PA,222,909,11,SRR10013219,human,in vivo,extracellular,bulk
PA,223,1266,1,SRR10013219,human,in vivo,extracellular,bulk
PA,242,2074,1,SRR10013219,human,in vivo,extracellular,bulk
PA,250,845,3,SRR10013219,human,in vivo,extracellular,bulk
PA,255,1925,1,SRR10013219,human,in vivo,extracellular,bulk
PA,259,1540,4,SRR10013219,human,in vivo,extracellular,bulk
PA,261,1542,2,SRR10013219,human,in vivo,extracellular,bulk
PA,285,756,1,SRR10013219,human,in vivo,extracellular,bulk
PA,289,1281,4,SRR10013219,human,in vivo,extracellular,bulk
PA,299,1890,2,SRR10013219,human,in vivo,extracellular,bulk
PA,320,1744,2,SRR10013219,human,in vivo,extracellular,bulk
PA,340,1846,1,SRR10013219,human,in vivo,extracellular,bulk
PA,405,1879,1,SRR10013219,human,in vivo,extracellular,bulk
PA,420,1855,1,SRR10013219,human,in vivo,extracellular,bulk
PA,427,1884,1,SRR10013219,human,in vivo,extracellular,bulk
PA,473,1809,1,SRR10013219,human,in vivo,extracellular,bulk
PA,476,1806,1,SRR10013219,human,in vivo,extracellular,bulk
PA,508,697,1,SRR10013219,human,in vivo,extracellular,bulk
PA,528,1756,1,SRR10013219,human,in vivo,extracellular,bulk
PA,52,77,4,SRR10013219,human,in vivo,extracellular,bulk
PA,559,1830,2,SRR10013219,human,in vivo,extracellular,bulk
PA,616,1633,2,SRR10013219,human,in vivo,extracellular,bulk
PA,646,1512,2,SRR10013219,human,in vivo,extracellular,bulk
PA,685,1407,1,SRR10013219,human,in vivo,extracellular,bulk
PA,718,1851,1,SRR10013219,human,in vivo,extracellular,bulk
PA,733,1160,1,SRR10013219,human,in vivo,extracellular,bulk
PA,759,1646,1,SRR10013219,human,in vivo,extracellular,bulk
PA,80,1699,1,SRR10013219,human,in vivo,extracellular,bulk
PB1,1092,1859,2,SRR10013219,human,in vivo,extracellular,bulk
PB1,1156,1373,1,SRR10013219,human,in vivo,extracellular,bulk
PB1,1159,1327,1,SRR10013219,human,in vivo,extracellular,bulk
PB1,1162,1867,2,SRR10013219,human,in vivo,extracellular,bulk
PB1,1435,1658,1,SRR10013219,human,in vivo,extracellular,bulk
PB1,147,2084,4,SRR10013219,human,in vivo,extracellular,bulk
PB1,150,1881,1,SRR10013219,human,in vivo,extracellular,bulk
PB1,1522,1614,1,SRR10013219,human,in vivo,extracellular,bulk
PB1,220,2000,1,SRR10013219,human,in vivo,extracellular,bulk
PB1,221,1790,1,SRR10013219,human,in vivo,extracellular,bulk
PB1,227,2051,2,SRR10013219,human,in vivo,extracellular,bulk
PB1,228,2043,1,SRR10013219,human,in vivo,extracellular,bulk
PB1,237,2038,12,SRR10013219,human,in vivo,extracellular,bulk
PB1,280,1781,4,SRR10013219,human,in vivo,extracellular,bulk
PB1,281,2065,3,SRR10013219,human,in vivo,extracellular,bulk
PB1,326,1858,2,SRR10013219,human,in vivo,extracellular,bulk
PB1,326,2162,6,SRR10013219,human,in vivo,extracellular,bulk
PB1,330,2149,1,SRR10013219,human,in vivo,extracellular,bulk
PB1,339,2092,3,SRR10013219,human,in vivo,extracellular,bulk
PB1,339,2149,4,SRR10013219,human,in vivo,extracellular,bulk
PB1,363,1783,1,SRR10013219,human,in vivo,extracellular,bulk
PB1,367,1871,1,SRR10013219,human,in vivo,extracellular,bulk
PB1,367,2065,1,SRR10013219,human,in vivo,extracellular,bulk
PB1,379,1882,1,SRR10013219,human,in vivo,extracellular,bulk
PB1,381,441,1,SRR10013219,human,in vivo,extracellular,bulk
PB1,398,1779,1,SRR10013219,human,in vivo,extracellular,bulk
PB1,422,1772,1,SRR10013219,human,in vivo,extracellular,bulk
PB1,427,1851,1,SRR10013219,human,in vivo,extracellular,bulk
PB1,441,1760,1,SRR10013219,human,in vivo,extracellular,bulk
PB1,461,2077,7,SRR10013219,human,in vivo,extracellular,bulk
PB1,565,1656,1,SRR10013219,human,in vivo,extracellular,bulk
PB1,608,1898,1,SRR10013219,human,in vivo,extracellular,bulk
PB1,675,1391,1,SRR10013219,human,in vivo,extracellular,bulk
PB1,71,203,1,SRR10013219,human,in vivo,extracellular,bulk
PB1,759,1877,1,SRR10013219,human,in vivo,extracellular,bulk
PB1,781,1426,1,SRR10013219,human,in vivo,extracellular,bulk
PB1,786,1423,1,SRR10013219,human,in vivo,extracellular,bulk
PB1,801,1566,1,SRR10013219,human,in vivo,extracellular,bulk
PB1,883,1388,2,SRR10013219,human,in vivo,extracellular,bulk
PB1,916,1459,1,SRR10013219,human,in vivo,extracellular,bulk
PB1,936,1466,1,SRR10013219,human,in vivo,extracellular,bulk
PB1,98,1850,2,SRR10013219,human,in vivo,extracellular,bulk
PB2,1037,2058,3,SRR10013219,human,in vivo,extracellular,bulk
PB2,1072,1532,2,SRR10013219,human,in vivo,extracellular,bulk
PB2,111,2103,3,SRR10013219,human,in vivo,extracellular,bulk
PB2,122,2057,1,SRR10013219,human,in vivo,extracellular,bulk
PB2,1243,1724,3,SRR10013219,human,in vivo,extracellular,bulk
PB2,1300,1726,1,SRR10013219,human,in vivo,extracellular,bulk
PB2,1376,1635,1,SRR10013219,human,in vivo,extracellular,bulk
PB2,1503,2113,1,SRR10013219,human,in vivo,extracellular,bulk
PB2,1617,1722,1,SRR10013219,human,in vivo,extracellular,bulk
PB2,167,2103,123,SRR10013219,human,in vivo,extracellular,bulk
PB2,1707,2256,1,SRR10013219,human,in vivo,extracellular,bulk
PB2,222,2120,7,SRR10013219,human,in vivo,extracellular,bulk
PB2,255,1036,1,SRR10013219,human,in vivo,extracellular,bulk
PB2,269,1635,1,SRR10013219,human,in vivo,extracellular,bulk
PB2,271,1698,2,SRR10013219,human,in vivo,extracellular,bulk
PB2,276,1957,1,SRR10013219,human,in vivo,extracellular,bulk
PB2,307,1997,43,SRR10013219,human,in vivo,extracellular,bulk
PB2,308,1986,2,SRR10013219,human,in vivo,extracellular,bulk
PB2,320,2246,1,SRR10013219,human,in vivo,extracellular,bulk
PB2,325,2271,1,SRR10013219,human,in vivo,extracellular,bulk
PB2,426,1866,2,SRR10013219,human,in vivo,extracellular,bulk
PB2,427,1985,14,SRR10013219,human,in vivo,extracellular,bulk
PB2,438,1944,1,SRR10013219,human,in vivo,extracellular,bulk
PB2,47,1682,1,SRR10013219,human,in vivo,extracellular,bulk
PB2,50,1726,1,SRR10013219,human,in vivo,extracellular,bulk
PB2,587,1729,2,SRR10013219,human,in vivo,extracellular,bulk
PB2,588,2048,2,SRR10013219,human,in vivo,extracellular,bulk
PB2,589,1987,3,SRR10013219,human,in vivo,extracellular,bulk
PB2,594,1627,1,SRR10013219,human,in vivo,extracellular,bulk
PB2,708,1622,1,SRR10013219,human,in vivo,extracellular,bulk
PB2,729,1717,2,SRR10013219,human,in vivo,extracellular,bulk
PB2,730,2050,1,SRR10013219,human,in vivo,extracellular,bulk
PB2,731,1717,1,SRR10013219,human,in vivo,extracellular,bulk
PB2,96,2256,1,SRR10013219,human,in vivo,extracellular,bulk
PB2,975,1219,1,SRR10013219,human,in vivo,extracellular,bulk
M,115,1014,2,SRR10013221,human,in vivo,extracellular,bulk
M,219,882,1,SRR10013221,human,in vivo,extracellular,bulk
M,295,942,4,SRR10013221,human,in vivo,extracellular,bulk
M,296,585,1,SRR10013221,human,in vivo,extracellular,bulk
M,296,796,11,SRR10013221,human,in vivo,extracellular,bulk
M,314,591,1,SRR10013221,human,in vivo,extracellular,bulk
M,322,1019,1,SRR10013221,human,in vivo,extracellular,bulk
M,512,651,1,SRR10013221,human,in vivo,extracellular,bulk
M,559,1051,1,SRR10013221,human,in vivo,extracellular,bulk
M,651,806,1,SRR10013221,human,in vivo,extracellular,bulk
M,698,825,1,SRR10013221,human,in vivo,extracellular,bulk
M,701,959,1,SRR10013221,human,in vivo,extracellular,bulk
M,747,842,1,SRR10013221,human,in vivo,extracellular,bulk
M,799,862,1,SRR10013221,human,in vivo,extracellular,bulk
M,808,979,1,SRR10013221,human,in vivo,extracellular,bulk
NA,1047,1152,8,SRR10013221,human,in vivo,extracellular,bulk
NA,111,769,4,SRR10013221,human,in vivo,extracellular,bulk
NA,1133,1291,1,SRR10013221,human,in vivo,extracellular,bulk
NA,198,688,1,SRR10013221,human,in vivo,extracellular,bulk
NA,205,1077,4,SRR10013221,human,in vivo,extracellular,bulk
NA,230,255,1,SRR10013221,human,in vivo,extracellular,bulk
NA,265,792,2,SRR10013221,human,in vivo,extracellular,bulk
NA,271,1225,2,SRR10013221,human,in vivo,extracellular,bulk
NA,275,1058,4,SRR10013221,human,in vivo,extracellular,bulk
NA,275,1304,4,SRR10013221,human,in vivo,extracellular,bulk
NA,300,763,1,SRR10013221,human,in vivo,extracellular,bulk
NA,304,1150,16,SRR10013221,human,in vivo,extracellular,bulk
NA,318,1350,12,SRR10013221,human,in vivo,extracellular,bulk
NA,321,681,1,SRR10013221,human,in vivo,extracellular,bulk
NA,338,1114,2,SRR10013221,human,in vivo,extracellular,bulk
NA,344,1188,4,SRR10013221,human,in vivo,extracellular,bulk
NA,344,804,1,SRR10013221,human,in vivo,extracellular,bulk
NA,344,956,6,SRR10013221,human,in vivo,extracellular,bulk
NA,362,1353,5,SRR10013221,human,in vivo,extracellular,bulk
NA,380,1064,2,SRR10013221,human,in vivo,extracellular,bulk
NA,404,1017,4,SRR10013221,human,in vivo,extracellular,bulk
NA,404,777,1,SRR10013221,human,in vivo,extracellular,bulk
NA,421,1265,3,SRR10013221,human,in vivo,extracellular,bulk
NA,441,1455,1,SRR10013221,human,in vivo,extracellular,bulk
NA,453,1081,1,SRR10013221,human,in vivo,extracellular,bulk
NA,454,1161,1,SRR10013221,human,in vivo,extracellular,bulk
NA,464,554,2,SRR10013221,human,in vivo,extracellular,bulk
NA,465,652,5,SRR10013221,human,in vivo,extracellular,bulk
NA,466,1025,4,SRR10013221,human,in vivo,extracellular,bulk
NA,472,1184,1,SRR10013221,human,in vivo,extracellular,bulk
NA,472,650,1,SRR10013221,human,in vivo,extracellular,bulk
NA,472,952,1,SRR10013221,human,in vivo,extracellular,bulk
NA,496,1075,1,SRR10013221,human,in vivo,extracellular,bulk
NA,512,945,4,SRR10013221,human,in vivo,extracellular,bulk
NA,563,653,2,SRR10013221,human,in vivo,extracellular,bulk
NA,65,252,1,SRR10013221,human,in vivo,extracellular,bulk
NA,705,926,1,SRR10013221,human,in vivo,extracellular,bulk
NA,767,1270,2,SRR10013221,human,in vivo,extracellular,bulk
NA,76,1303,5,SRR10013221,human,in vivo,extracellular,bulk
NA,778,1223,7,SRR10013221,human,in vivo,extracellular,bulk
NA,841,923,1,SRR10013221,human,in vivo,extracellular,bulk
NA,93,1470,1,SRR10013221,human,in vivo,extracellular,bulk
NA,98,965,1,SRR10013221,human,in vivo,extracellular,bulk
NP,1009,1109,1,SRR10013221,human,in vivo,extracellular,bulk
NP,1017,1064,1,SRR10013221,human,in vivo,extracellular,bulk
NP,1208,1248,1,SRR10013221,human,in vivo,extracellular,bulk
NP,124,1549,1,SRR10013221,human,in vivo,extracellular,bulk
NP,1411,1459,2,SRR10013221,human,in vivo,extracellular,bulk
NP,151,1440,1,SRR10013221,human,in vivo,extracellular,bulk
NP,156,1442,3,SRR10013221,human,in vivo,extracellular,bulk
NP,172,1482,10,SRR10013221,human,in vivo,extracellular,bulk
NP,176,492,1,SRR10013221,human,in vivo,extracellular,bulk
NP,205,1440,1,SRR10013221,human,in vivo,extracellular,bulk
NP,207,1482,1,SRR10013221,human,in vivo,extracellular,bulk
NP,216,1452,3,SRR10013221,human,in vivo,extracellular,bulk
NP,359,1461,1,SRR10013221,human,in vivo,extracellular,bulk
NP,371,866,1,SRR10013221,human,in vivo,extracellular,bulk
NP,462,1537,1,SRR10013221,human,in vivo,extracellular,bulk
NP,527,1556,1,SRR10013221,human,in vivo,extracellular,bulk
NP,673,748,1,SRR10013221,human,in vivo,extracellular,bulk
NP,696,982,1,SRR10013221,human,in vivo,extracellular,bulk
NP,788,1410,1,SRR10013221,human,in vivo,extracellular,bulk
NP,804,1428,1,SRR10013221,human,in vivo,extracellular,bulk
NP,806,1441,2,SRR10013221,human,in vivo,extracellular,bulk
NP,825,1098,4,SRR10013221,human,in vivo,extracellular,bulk
NP,832,1571,1,SRR10013221,human,in vivo,extracellular,bulk
NP,854,1462,2,SRR10013221,human,in vivo,extracellular,bulk
NP,931,1130,2,SRR10013221,human,in vivo,extracellular,bulk
NP,952,1261,1,SRR10013221,human,in vivo,extracellular,bulk
NP,952,1699,1,SRR10013221,human,in vivo,extracellular,bulk
NP,995,1047,1,SRR10013221,human,in vivo,extracellular,bulk
NS,176,815,1,SRR10013221,human,in vivo,extracellular,bulk
NS,311,351,1,SRR10013221,human,in vivo,extracellular,bulk
NS,319,577,1,SRR10013221,human,in vivo,extracellular,bulk
NS,378,833,1,SRR10013221,human,in vivo,extracellular,bulk
PA,1067,1731,1,SRR10013221,human,in vivo,extracellular,bulk
PA,1146,1421,4,SRR10013221,human,in vivo,extracellular,bulk
PA,1371,1537,1,SRR10013221,human,in vivo,extracellular,bulk
PA,143,1734,2,SRR10013221,human,in vivo,extracellular,bulk
PA,157,2227,2,SRR10013221,human,in vivo,extracellular,bulk
PA,1666,1884,1,SRR10013221,human,in vivo,extracellular,bulk
PA,167,1330,1,SRR10013221,human,in vivo,extracellular,bulk
PA,179,1989,3,SRR10013221,human,in vivo,extracellular,bulk
PA,181,207,6,SRR10013221,human,in vivo,extracellular,bulk
PA,188,963,1,SRR10013221,human,in vivo,extracellular,bulk
PA,195,1720,1,SRR10013221,human,in vivo,extracellular,bulk
PA,244,1442,1,SRR10013221,human,in vivo,extracellular,bulk
PA,253,489,1,SRR10013221,human,in vivo,extracellular,bulk
PA,255,1867,1,SRR10013221,human,in vivo,extracellular,bulk
PA,259,1540,4,SRR10013221,human,in vivo,extracellular,bulk
PA,261,907,1,SRR10013221,human,in vivo,extracellular,bulk
PA,263,2136,9,SRR10013221,human,in vivo,extracellular,bulk
PA,275,1828,7,SRR10013221,human,in vivo,extracellular,bulk
PA,282,315,1,SRR10013221,human,in vivo,extracellular,bulk
PA,289,1281,5,SRR10013221,human,in vivo,extracellular,bulk
PA,317,1870,2,SRR10013221,human,in vivo,extracellular,bulk
PA,318,1238,1,SRR10013221,human,in vivo,extracellular,bulk
PA,320,1538,2,SRR10013221,human,in vivo,extracellular,bulk
PA,341,402,1,SRR10013221,human,in vivo,extracellular,bulk
PA,344,1954,2,SRR10013221,human,in vivo,extracellular,bulk
PA,344,734,1,SRR10013221,human,in vivo,extracellular,bulk
PA,35,73,1,SRR10013221,human,in vivo,extracellular,bulk
PA,427,1854,4,SRR10013221,human,in vivo,extracellular,bulk
PA,508,1695,1,SRR10013221,human,in vivo,extracellular,bulk
PA,513,2208,3,SRR10013221,human,in vivo,extracellular,bulk
PA,521,1544,1,SRR10013221,human,in vivo,extracellular,bulk
PA,615,1953,1,SRR10013221,human,in vivo,extracellular,bulk
PA,628,1614,1,SRR10013221,human,in vivo,extracellular,bulk
PA,631,2026,1,SRR10013221,human,in vivo,extracellular,bulk
PA,646,1626,4,SRR10013221,human,in vivo,extracellular,bulk
PA,64,492,1,SRR10013221,human,in vivo,extracellular,bulk
PA,700,1735,1,SRR10013221,human,in vivo,extracellular,bulk
PA,701,838,1,SRR10013221,human,in vivo,extracellular,bulk
PA,739,2068,2,SRR10013221,human,in vivo,extracellular,bulk
PA,743,1242,1,SRR10013221,human,in vivo,extracellular,bulk
PA,747,1156,1,SRR10013221,human,in vivo,extracellular,bulk
PA,768,1830,1,SRR10013221,human,in vivo,extracellular,bulk
PA,769,2125,1,SRR10013221,human,in vivo,extracellular,bulk
PB1,102,904,1,SRR10013221,human,in vivo,extracellular,bulk
PB1,1045,1669,1,SRR10013221,human,in vivo,extracellular,bulk
PB1,1156,1373,1,SRR10013221,human,in vivo,extracellular,bulk
PB1,1167,1831,1,SRR10013221,human,in vivo,extracellular,bulk
PB1,1254,1490,2,SRR10013221,human,in vivo,extracellular,bulk
PB1,1408,1485,1,SRR10013221,human,in vivo,extracellular,bulk
PB1,224,2144,2,SRR10013221,human,in vivo,extracellular,bulk
PB1,267,2034,39,SRR10013221,human,in vivo,extracellular,bulk
PB1,267,2045,5,SRR10013221,human,in vivo,extracellular,bulk
PB1,268,1897,8,SRR10013221,human,in vivo,extracellular,bulk
PB1,277,2045,42,SRR10013221,human,in vivo,extracellular,bulk
PB1,278,2044,4,SRR10013221,human,in vivo,extracellular,bulk
PB1,278,2046,1,SRR10013221,human,in vivo,extracellular,bulk
PB1,281,1884,9,SRR10013221,human,in vivo,extracellular,bulk
PB1,281,2059,27,SRR10013221,human,in vivo,extracellular,bulk
PB1,281,2065,5,SRR10013221,human,in vivo,extracellular,bulk
PB1,282,2048,58,SRR10013221,human,in vivo,extracellular,bulk
PB1,289,2182,1,SRR10013221,human,in vivo,extracellular,bulk
PB1,28,1399,1,SRR10013221,human,in vivo,extracellular,bulk
PB1,290,2175,1,SRR10013221,human,in vivo,extracellular,bulk
PB1,326,2162,7,SRR10013221,human,in vivo,extracellular,bulk
PB1,339,2149,6,SRR10013221,human,in vivo,extracellular,bulk
PB1,357,1865,18,SRR10013221,human,in vivo,extracellular,bulk
PB1,375,1182,1,SRR10013221,human,in vivo,extracellular,bulk
PB1,382,1877,1,SRR10013221,human,in vivo,extracellular,bulk
PB1,383,1493,1,SRR10013221,human,in vivo,extracellular,bulk
PB1,525,1741,4,SRR10013221,human,in vivo,extracellular,bulk
PB1,565,1730,1,SRR10013221,human,in vivo,extracellular,bulk
PB1,568,2011,1,SRR10013221,human,in vivo,extracellular,bulk
PB1,689,1979,2,SRR10013221,human,in vivo,extracellular,bulk
PB1,699,1554,2,SRR10013221,human,in vivo,extracellular,bulk
PB1,70,2140,1,SRR10013221,human,in vivo,extracellular,bulk
PB1,74,2037,13,SRR10013221,human,in vivo,extracellular,bulk
PB1,75,1777,1,SRR10013221,human,in vivo,extracellular,bulk
PB1,768,2089,1,SRR10013221,human,in vivo,extracellular,bulk
PB1,798,1617,3,SRR10013221,human,in vivo,extracellular,bulk
PB1,893,1421,2,SRR10013221,human,in vivo,extracellular,bulk
PB1,894,1007,1,SRR10013221,human,in vivo,extracellular,bulk
PB1,921,1859,1,SRR10013221,human,in vivo,extracellular,bulk
PB1,936,1466,6,SRR10013221,human,in vivo,extracellular,bulk
PB2,100,2113,1,SRR10013221,human,in vivo,extracellular,bulk
PB2,1037,2058,2,SRR10013221,human,in vivo,extracellular,bulk
PB2,103,944,3,SRR10013221,human,in vivo,extracellular,bulk
PB2,1067,2056,1,SRR10013221,human,in vivo,extracellular,bulk
PB2,106,574,1,SRR10013221,human,in vivo,extracellular,bulk
PB2,1075,2064,1,SRR10013221,human,in vivo,extracellular,bulk
PB2,1080,1729,2,SRR10013221,human,in vivo,extracellular,bulk
PB2,1116,2024,1,SRR10013221,human,in vivo,extracellular,bulk
PB2,1133,2036,1,SRR10013221,human,in vivo,extracellular,bulk
PB2,1245,1726,1,SRR10013221,human,in vivo,extracellular,bulk
PB2,167,2116,128,SRR10013221,human,in vivo,extracellular,bulk
PB2,1970,2053,1,SRR10013221,human,in vivo,extracellular,bulk
PB2,2062,2266,1,SRR10013221,human,in vivo,extracellular,bulk
PB2,222,2142,3,SRR10013221,human,in vivo,extracellular,bulk
PB2,223,2117,87,SRR10013221,human,in vivo,extracellular,bulk
PB2,225,554,1,SRR10013221,human,in vivo,extracellular,bulk
PB2,402,2114,3,SRR10013221,human,in vivo,extracellular,bulk
PB2,415,2052,1,SRR10013221,human,in vivo,extracellular,bulk
PB2,516,1001,1,SRR10013221,human,in vivo,extracellular,bulk
PB2,569,1100,1,SRR10013221,human,in vivo,extracellular,bulk
PB2,576,2037,1,SRR10013221,human,in vivo,extracellular,bulk
PB2,588,2048,2,SRR10013221,human,in vivo,extracellular,bulk
PB2,591,2038,1,SRR10013221,human,in vivo,extracellular,bulk
PB2,698,1002,1,SRR10013221,human,in vivo,extracellular,bulk
PB2,753,1088,1,SRR10013221,human,in vivo,extracellular,bulk
PB2,835,1682,1,SRR10013221,human,in vivo,extracellular,bulk
PB2,860,1794,2,SRR10013221,human,in vivo,extracellular,bulk
PB2,871,1785,1,SRR10013221,human,in vivo,extracellular,bulk
PB2,901,1277,1,SRR10013221,human,in vivo,extracellular,bulk
PB2,901,2016,2,SRR10013221,human,in vivo,extracellular,bulk
PB2,902,1360,2,SRR10013221,human,in vivo,extracellular,bulk
