Segment,Start,End,NGS_read_count,ACC_num,Cells,Time,Replicate,Context,Compartment,Resolution
PB2,1014,1589,1,ERR4566024,A549,48hpi,1,in vitro,intracellular,singlecell
PB2,102,2025,1,ERR4566024,A549,48hpi,1,in vitro,intracellular,singlecell
PB2,1040,1277,1,ERR4566024,A549,48hpi,1,in vitro,intracellular,singlecell
PB2,1056,1424,1,ERR4566024,A549,48hpi,1,in vitro,intracellular,singlecell
PB2,1078,1155,1,ERR4566024,A549,48hpi,1,in vitro,intracellular,singlecell
PB2,1114,1143,1,ERR4566024,A549,48hpi,1,in vitro,intracellular,singlecell
PB2,1203,1234,1,ERR4566024,A549,48hpi,1,in vitro,intracellular,singlecell
PB2,131,2146,1,ERR4566024,A549,48hpi,1,in vitro,intracellular,singlecell
PB2,145,2142,1,ERR4566024,A549,48hpi,1,in vitro,intracellular,singlecell
PB2,1486,1636,1,ERR4566024,A549,48hpi,1,in vitro,intracellular,singlecell
PB2,148,2107,1,ERR4566024,A549,48hpi,1,in vitro,intracellular,singlecell
PB2,150,2121,1,ERR4566024,A549,48hpi,1,in vitro,intracellular,singlecell
PB2,150,261,2,ERR4566024,A549,48hpi,1,in vitro,intracellular,singlecell
PB2,157,2045,1,ERR4566024,A549,48hpi,1,in vitro,intracellular,singlecell
PB2,162,2125,10,ERR4566024,A549,48hpi,1,in vitro,intracellular,singlecell
PB2,163,2126,2,ERR4566024,A549,48hpi,1,in vitro,intracellular,singlecell
PB2,169,192,1,ERR4566024,A549,48hpi,1,in vitro,intracellular,singlecell
PB2,1705,2179,1,ERR4566024,A549,48hpi,1,in vitro,intracellular,singlecell
PB2,1706,1776,1,ERR4566024,A549,48hpi,1,in vitro,intracellular,singlecell
PB2,1716,2147,7,ERR4566024,A549,48hpi,1,in vitro,intracellular,singlecell
PB2,174,2142,1,ERR4566024,A549,48hpi,1,in vitro,intracellular,singlecell
PB2,176,2052,6,ERR4566024,A549,48hpi,1,in vitro,intracellular,singlecell
PB2,177,2141,2,ERR4566024,A549,48hpi,1,in vitro,intracellular,singlecell
PB2,180,2027,1,ERR4566024,A549,48hpi,1,in vitro,intracellular,singlecell
PB2,180,2162,1,ERR4566024,A549,48hpi,1,in vitro,intracellular,singlecell
PB2,181,2106,1,ERR4566024,A549,48hpi,1,in vitro,intracellular,singlecell
PB2,1884,1936,1,ERR4566024,A549,48hpi,1,in vitro,intracellular,singlecell
PB2,190,1990,1,ERR4566024,A549,48hpi,1,in vitro,intracellular,singlecell
PB2,190,2085,1,ERR4566024,A549,48hpi,1,in vitro,intracellular,singlecell
PB2,1936,2025,2,ERR4566024,A549,48hpi,1,in vitro,intracellular,singlecell
PB2,1978,2002,1,ERR4566024,A549,48hpi,1,in vitro,intracellular,singlecell
PB2,199,2171,1,ERR4566024,A549,48hpi,1,in vitro,intracellular,singlecell
PB2,2002,2037,1,ERR4566024,A549,48hpi,1,in vitro,intracellular,singlecell
PB2,2002,2054,1,ERR4566024,A549,48hpi,1,in vitro,intracellular,singlecell
PB2,2023,2083,1,ERR4566024,A549,48hpi,1,in vitro,intracellular,singlecell
PB2,203,2043,2,ERR4566024,A549,48hpi,1,in vitro,intracellular,singlecell
PB2,2115,2262,1,ERR4566024,A549,48hpi,1,in vitro,intracellular,singlecell
PB2,217,2099,1,ERR4566024,A549,48hpi,1,in vitro,intracellular,singlecell
PB2,225,1950,1,ERR4566024,A549,48hpi,1,in vitro,intracellular,singlecell
PB2,225,2072,1,ERR4566024,A549,48hpi,1,in vitro,intracellular,singlecell
PB2,225,2200,1,ERR4566024,A549,48hpi,1,in vitro,intracellular,singlecell
PB2,226,2020,1,ERR4566024,A549,48hpi,1,in vitro,intracellular,singlecell
PB2,242,2234,1,ERR4566024,A549,48hpi,1,in vitro,intracellular,singlecell
PB2,257,1947,1,ERR4566024,A549,48hpi,1,in vitro,intracellular,singlecell
PB2,272,2054,6,ERR4566024,A549,48hpi,1,in vitro,intracellular,singlecell
PB2,274,1973,2,ERR4566024,A549,48hpi,1,in vitro,intracellular,singlecell
PB2,274,2045,1,ERR4566024,A549,48hpi,1,in vitro,intracellular,singlecell
PB2,275,2004,5,ERR4566024,A549,48hpi,1,in vitro,intracellular,singlecell
PB2,277,1403,5,ERR4566024,A549,48hpi,1,in vitro,intracellular,singlecell
PB2,278,2178,1,ERR4566024,A549,48hpi,1,in vitro,intracellular,singlecell
PB2,290,2040,1,ERR4566024,A549,48hpi,1,in vitro,intracellular,singlecell
PB2,317,1970,1,ERR4566024,A549,48hpi,1,in vitro,intracellular,singlecell
PB2,319,1775,1,ERR4566024,A549,48hpi,1,in vitro,intracellular,singlecell
PB2,320,1948,1,ERR4566024,A549,48hpi,1,in vitro,intracellular,singlecell
PB2,322,2020,1,ERR4566024,A549,48hpi,1,in vitro,intracellular,singlecell
PB2,334,2069,10,ERR4566024,A549,48hpi,1,in vitro,intracellular,singlecell
PB2,352,2029,1,ERR4566024,A549,48hpi,1,in vitro,intracellular,singlecell
PB2,378,436,1,ERR4566024,A549,48hpi,1,in vitro,intracellular,singlecell
PB2,379,424,1,ERR4566024,A549,48hpi,1,in vitro,intracellular,singlecell
PB2,382,426,1,ERR4566024,A549,48hpi,1,in vitro,intracellular,singlecell
PB2,388,2107,1,ERR4566024,A549,48hpi,1,in vitro,intracellular,singlecell
PB2,419,461,1,ERR4566024,A549,48hpi,1,in vitro,intracellular,singlecell
PB2,432,1759,1,ERR4566024,A549,48hpi,1,in vitro,intracellular,singlecell
PB2,449,472,1,ERR4566024,A549,48hpi,1,in vitro,intracellular,singlecell
PB2,450,1677,1,ERR4566024,A549,48hpi,1,in vitro,intracellular,singlecell
PB2,450,1761,1,ERR4566024,A549,48hpi,1,in vitro,intracellular,singlecell
PB2,451,1744,1,ERR4566024,A549,48hpi,1,in vitro,intracellular,singlecell
PB2,468,1780,1,ERR4566024,A549,48hpi,1,in vitro,intracellular,singlecell
PB2,469,1820,1,ERR4566024,A549,48hpi,1,in vitro,intracellular,singlecell
PB2,469,523,1,ERR4566024,A549,48hpi,1,in vitro,intracellular,singlecell
PB2,470,1749,1,ERR4566024,A549,48hpi,1,in vitro,intracellular,singlecell
PB2,481,1794,1,ERR4566024,A549,48hpi,1,in vitro,intracellular,singlecell
PB2,481,1839,1,ERR4566024,A549,48hpi,1,in vitro,intracellular,singlecell
PB2,486,521,1,ERR4566024,A549,48hpi,1,in vitro,intracellular,singlecell
PB2,496,2182,1,ERR4566024,A549,48hpi,1,in vitro,intracellular,singlecell
PB2,498,1742,1,ERR4566024,A549,48hpi,1,in vitro,intracellular,singlecell
PB2,498,1792,1,ERR4566024,A549,48hpi,1,in vitro,intracellular,singlecell
PB2,500,1761,1,ERR4566024,A549,48hpi,1,in vitro,intracellular,singlecell
PB2,502,1765,1,ERR4566024,A549,48hpi,1,in vitro,intracellular,singlecell
PB2,533,1820,1,ERR4566024,A549,48hpi,1,in vitro,intracellular,singlecell
PB2,554,613,1,ERR4566024,A549,48hpi,1,in vitro,intracellular,singlecell
PB2,577,1755,2,ERR4566024,A549,48hpi,1,in vitro,intracellular,singlecell
PB2,592,1838,1,ERR4566024,A549,48hpi,1,in vitro,intracellular,singlecell
PB2,631,1524,1,ERR4566024,A549,48hpi,1,in vitro,intracellular,singlecell
PB2,640,1478,1,ERR4566024,A549,48hpi,1,in vitro,intracellular,singlecell
PB2,666,1515,1,ERR4566024,A549,48hpi,1,in vitro,intracellular,singlecell
PB2,668,1565,1,ERR4566024,A549,48hpi,1,in vitro,intracellular,singlecell
PB2,676,2002,1,ERR4566024,A549,48hpi,1,in vitro,intracellular,singlecell
PB2,730,1599,1,ERR4566024,A549,48hpi,1,in vitro,intracellular,singlecell
PB2,749,1591,1,ERR4566024,A549,48hpi,1,in vitro,intracellular,singlecell
PB2,779,827,1,ERR4566024,A549,48hpi,1,in vitro,intracellular,singlecell
PB2,795,1707,1,ERR4566024,A549,48hpi,1,in vitro,intracellular,singlecell
PB2,802,1450,1,ERR4566024,A549,48hpi,1,in vitro,intracellular,singlecell
PB2,806,1539,1,ERR4566024,A549,48hpi,1,in vitro,intracellular,singlecell
PB2,817,1620,1,ERR4566024,A549,48hpi,1,in vitro,intracellular,singlecell
PB2,867,1803,1,ERR4566024,A549,48hpi,1,in vitro,intracellular,singlecell
PB2,894,2151,1,ERR4566024,A549,48hpi,1,in vitro,intracellular,singlecell
PB2,912,935,1,ERR4566024,A549,48hpi,1,in vitro,intracellular,singlecell
PB2,92,119,1,ERR4566024,A549,48hpi,1,in vitro,intracellular,singlecell
PB1,100,2040,1,ERR4566024,A549,48hpi,1,in vitro,intracellular,singlecell
PB1,1039,1226,1,ERR4566024,A549,48hpi,1,in vitro,intracellular,singlecell
PB1,1050,1109,1,ERR4566024,A549,48hpi,1,in vitro,intracellular,singlecell
PB1,1050,1216,1,ERR4566024,A549,48hpi,1,in vitro,intracellular,singlecell
PB1,1052,1157,1,ERR4566024,A549,48hpi,1,in vitro,intracellular,singlecell
PB1,112,2166,1,ERR4566024,A549,48hpi,1,in vitro,intracellular,singlecell
PB1,114,150,3,ERR4566024,A549,48hpi,1,in vitro,intracellular,singlecell
PB1,115,163,1,ERR4566024,A549,48hpi,1,in vitro,intracellular,singlecell
PB1,115,2138,1,ERR4566024,A549,48hpi,1,in vitro,intracellular,singlecell
PB1,1169,2204,1,ERR4566024,A549,48hpi,1,in vitro,intracellular,singlecell
PB1,116,2167,1,ERR4566024,A549,48hpi,1,in vitro,intracellular,singlecell
PB1,116,2168,4,ERR4566024,A549,48hpi,1,in vitro,intracellular,singlecell
PB1,116,2179,1,ERR4566024,A549,48hpi,1,in vitro,intracellular,singlecell
PB1,1190,1684,1,ERR4566024,A549,48hpi,1,in vitro,intracellular,singlecell
PB1,120,2059,1,ERR4566024,A549,48hpi,1,in vitro,intracellular,singlecell
PB1,121,148,1,ERR4566024,A549,48hpi,1,in vitro,intracellular,singlecell
PB1,121,2078,1,ERR4566024,A549,48hpi,1,in vitro,intracellular,singlecell
PB1,121,2155,1,ERR4566024,A549,48hpi,1,in vitro,intracellular,singlecell
PB1,123,2168,4,ERR4566024,A549,48hpi,1,in vitro,intracellular,singlecell
PB1,125,2203,1,ERR4566024,A549,48hpi,1,in vitro,intracellular,singlecell
PB1,126,2165,1,ERR4566024,A549,48hpi,1,in vitro,intracellular,singlecell
PB1,129,2166,1,ERR4566024,A549,48hpi,1,in vitro,intracellular,singlecell
PB1,132,2093,1,ERR4566024,A549,48hpi,1,in vitro,intracellular,singlecell
PB1,133,1964,1,ERR4566024,A549,48hpi,1,in vitro,intracellular,singlecell
PB1,134,2103,2,ERR4566024,A549,48hpi,1,in vitro,intracellular,singlecell
PB1,137,2065,8,ERR4566024,A549,48hpi,1,in vitro,intracellular,singlecell
PB1,137,2110,24,ERR4566024,A549,48hpi,1,in vitro,intracellular,singlecell
PB1,137,2158,1,ERR4566024,A549,48hpi,1,in vitro,intracellular,singlecell
PB1,137,2165,1,ERR4566024,A549,48hpi,1,in vitro,intracellular,singlecell
PB1,139,2141,4,ERR4566024,A549,48hpi,1,in vitro,intracellular,singlecell
PB1,1434,1876,1,ERR4566024,A549,48hpi,1,in vitro,intracellular,singlecell
PB1,144,2058,2,ERR4566024,A549,48hpi,1,in vitro,intracellular,singlecell
PB1,144,2081,1,ERR4566024,A549,48hpi,1,in vitro,intracellular,singlecell
PB1,144,2103,7,ERR4566024,A549,48hpi,1,in vitro,intracellular,singlecell
PB1,144,2114,2,ERR4566024,A549,48hpi,1,in vitro,intracellular,singlecell
PB1,145,2100,2,ERR4566024,A549,48hpi,1,in vitro,intracellular,singlecell
PB1,145,2103,28,ERR4566024,A549,48hpi,1,in vitro,intracellular,singlecell
PB1,145,2168,1,ERR4566024,A549,48hpi,1,in vitro,intracellular,singlecell
PB1,146,194,1,ERR4566024,A549,48hpi,1,in vitro,intracellular,singlecell
PB1,146,2082,1,ERR4566024,A549,48hpi,1,in vitro,intracellular,singlecell
PB1,146,2104,1,ERR4566024,A549,48hpi,1,in vitro,intracellular,singlecell
PB1,146,2115,4,ERR4566024,A549,48hpi,1,in vitro,intracellular,singlecell
PB1,148,2158,1,ERR4566024,A549,48hpi,1,in vitro,intracellular,singlecell
PB1,151,2109,1,ERR4566024,A549,48hpi,1,in vitro,intracellular,singlecell
PB1,1531,2249,1,ERR4566024,A549,48hpi,1,in vitro,intracellular,singlecell
PB1,1567,1601,1,ERR4566024,A549,48hpi,1,in vitro,intracellular,singlecell
PB1,164,1878,1,ERR4566024,A549,48hpi,1,in vitro,intracellular,singlecell
PB1,166,2047,1,ERR4566024,A549,48hpi,1,in vitro,intracellular,singlecell
PB1,1688,2110,1,ERR4566024,A549,48hpi,1,in vitro,intracellular,singlecell
PB1,1711,1746,1,ERR4566024,A549,48hpi,1,in vitro,intracellular,singlecell
PB1,1711,1753,1,ERR4566024,A549,48hpi,1,in vitro,intracellular,singlecell
PB1,179,2110,6,ERR4566024,A549,48hpi,1,in vitro,intracellular,singlecell
PB1,1838,1919,1,ERR4566024,A549,48hpi,1,in vitro,intracellular,singlecell
PB1,184,1933,1,ERR4566024,A549,48hpi,1,in vitro,intracellular,singlecell
PB1,184,2052,16,ERR4566024,A549,48hpi,1,in vitro,intracellular,singlecell
PB1,1862,1899,1,ERR4566024,A549,48hpi,1,in vitro,intracellular,singlecell
PB1,188,2128,1,ERR4566024,A549,48hpi,1,in vitro,intracellular,singlecell
PB1,1899,2101,1,ERR4566024,A549,48hpi,1,in vitro,intracellular,singlecell
PB1,189,2103,3,ERR4566024,A549,48hpi,1,in vitro,intracellular,singlecell
PB1,1984,2049,1,ERR4566024,A549,48hpi,1,in vitro,intracellular,singlecell
PB1,1999,2044,1,ERR4566024,A549,48hpi,1,in vitro,intracellular,singlecell
PB1,2002,2100,2,ERR4566024,A549,48hpi,1,in vitro,intracellular,singlecell
PB1,2004,2164,1,ERR4566024,A549,48hpi,1,in vitro,intracellular,singlecell
PB1,2063,2100,1,ERR4566024,A549,48hpi,1,in vitro,intracellular,singlecell
PB1,209,2168,1,ERR4566024,A549,48hpi,1,in vitro,intracellular,singlecell
PB1,210,2054,1,ERR4566024,A549,48hpi,1,in vitro,intracellular,singlecell
PB1,2110,2166,1,ERR4566024,A549,48hpi,1,in vitro,intracellular,singlecell
PB1,2137,2162,1,ERR4566024,A549,48hpi,1,in vitro,intracellular,singlecell
PB1,2137,2239,1,ERR4566024,A549,48hpi,1,in vitro,intracellular,singlecell
PB1,2152,2227,1,ERR4566024,A549,48hpi,1,in vitro,intracellular,singlecell
PB1,218,2042,1,ERR4566024,A549,48hpi,1,in vitro,intracellular,singlecell
PB1,234,2042,1,ERR4566024,A549,48hpi,1,in vitro,intracellular,singlecell
PB1,256,440,1,ERR4566024,A549,48hpi,1,in vitro,intracellular,singlecell
PB1,258,2116,1,ERR4566024,A549,48hpi,1,in vitro,intracellular,singlecell
PB1,286,1899,4,ERR4566024,A549,48hpi,1,in vitro,intracellular,singlecell
PB1,293,1875,1,ERR4566024,A549,48hpi,1,in vitro,intracellular,singlecell
PB1,324,2109,1,ERR4566024,A549,48hpi,1,in vitro,intracellular,singlecell
PB1,327,2088,2,ERR4566024,A549,48hpi,1,in vitro,intracellular,singlecell
PB1,334,1899,1,ERR4566024,A549,48hpi,1,in vitro,intracellular,singlecell
PB1,334,2006,1,ERR4566024,A549,48hpi,1,in vitro,intracellular,singlecell
PB1,335,1098,1,ERR4566024,A549,48hpi,1,in vitro,intracellular,singlecell
PB1,342,1899,1,ERR4566024,A549,48hpi,1,in vitro,intracellular,singlecell
PB1,348,1900,1,ERR4566024,A549,48hpi,1,in vitro,intracellular,singlecell
PB1,349,1899,2,ERR4566024,A549,48hpi,1,in vitro,intracellular,singlecell
PB1,350,1954,1,ERR4566024,A549,48hpi,1,in vitro,intracellular,singlecell
PB1,351,1876,1,ERR4566024,A549,48hpi,1,in vitro,intracellular,singlecell
PB1,351,1947,3,ERR4566024,A549,48hpi,1,in vitro,intracellular,singlecell
PB1,357,1899,6,ERR4566024,A549,48hpi,1,in vitro,intracellular,singlecell
PB1,358,1974,1,ERR4566024,A549,48hpi,1,in vitro,intracellular,singlecell
PB1,359,1836,4,ERR4566024,A549,48hpi,1,in vitro,intracellular,singlecell
PB1,361,1899,1,ERR4566024,A549,48hpi,1,in vitro,intracellular,singlecell
PB1,361,385,1,ERR4566024,A549,48hpi,1,in vitro,intracellular,singlecell
PB1,364,1847,6,ERR4566024,A549,48hpi,1,in vitro,intracellular,singlecell
PB1,367,1898,1,ERR4566024,A549,48hpi,1,in vitro,intracellular,singlecell
PB1,375,1887,1,ERR4566024,A549,48hpi,1,in vitro,intracellular,singlecell
PB1,375,1908,3,ERR4566024,A549,48hpi,1,in vitro,intracellular,singlecell
PB1,376,1895,1,ERR4566024,A549,48hpi,1,in vitro,intracellular,singlecell
PB1,377,1715,1,ERR4566024,A549,48hpi,1,in vitro,intracellular,singlecell
PB1,378,1938,1,ERR4566024,A549,48hpi,1,in vitro,intracellular,singlecell
PB1,380,1898,1,ERR4566024,A549,48hpi,1,in vitro,intracellular,singlecell
PB1,381,1858,1,ERR4566024,A549,48hpi,1,in vitro,intracellular,singlecell
PB1,381,1871,1,ERR4566024,A549,48hpi,1,in vitro,intracellular,singlecell
PB1,381,1897,1,ERR4566024,A549,48hpi,1,in vitro,intracellular,singlecell
PB1,383,1875,3,ERR4566024,A549,48hpi,1,in vitro,intracellular,singlecell
PB1,383,1946,1,ERR4566024,A549,48hpi,1,in vitro,intracellular,singlecell
PB1,384,1871,1,ERR4566024,A549,48hpi,1,in vitro,intracellular,singlecell
PB1,385,1875,1,ERR4566024,A549,48hpi,1,in vitro,intracellular,singlecell
PB1,386,1995,1,ERR4566024,A549,48hpi,1,in vitro,intracellular,singlecell
PB1,387,2066,1,ERR4566024,A549,48hpi,1,in vitro,intracellular,singlecell
PB1,397,1931,1,ERR4566024,A549,48hpi,1,in vitro,intracellular,singlecell
PB1,399,1900,1,ERR4566024,A549,48hpi,1,in vitro,intracellular,singlecell
PB1,414,1720,1,ERR4566024,A549,48hpi,1,in vitro,intracellular,singlecell
PB1,423,1824,1,ERR4566024,A549,48hpi,1,in vitro,intracellular,singlecell
PB1,430,469,1,ERR4566024,A549,48hpi,1,in vitro,intracellular,singlecell
PB1,436,1812,3,ERR4566024,A549,48hpi,1,in vitro,intracellular,singlecell
PB1,447,1841,1,ERR4566024,A549,48hpi,1,in vitro,intracellular,singlecell
PB1,448,1863,1,ERR4566024,A549,48hpi,1,in vitro,intracellular,singlecell
PB1,44,2099,1,ERR4566024,A549,48hpi,1,in vitro,intracellular,singlecell
PB1,44,2102,1,ERR4566024,A549,48hpi,1,in vitro,intracellular,singlecell
PB1,450,1857,1,ERR4566024,A549,48hpi,1,in vitro,intracellular,singlecell
PB1,45,2032,2,ERR4566024,A549,48hpi,1,in vitro,intracellular,singlecell
PB1,471,1899,1,ERR4566024,A549,48hpi,1,in vitro,intracellular,singlecell
PB1,477,1483,1,ERR4566024,A549,48hpi,1,in vitro,intracellular,singlecell
PB1,479,1815,1,ERR4566024,A549,48hpi,1,in vitro,intracellular,singlecell
PB1,548,1861,3,ERR4566024,A549,48hpi,1,in vitro,intracellular,singlecell
PB1,54,2110,1,ERR4566024,A549,48hpi,1,in vitro,intracellular,singlecell
PB1,58,128,2,ERR4566024,A549,48hpi,1,in vitro,intracellular,singlecell
PB1,590,1672,1,ERR4566024,A549,48hpi,1,in vitro,intracellular,singlecell
PB1,591,1714,1,ERR4566024,A549,48hpi,1,in vitro,intracellular,singlecell
PB1,594,1644,1,ERR4566024,A549,48hpi,1,in vitro,intracellular,singlecell
PB1,599,1596,1,ERR4566024,A549,48hpi,1,in vitro,intracellular,singlecell
PB1,59,2090,1,ERR4566024,A549,48hpi,1,in vitro,intracellular,singlecell
PB1,623,1639,1,ERR4566024,A549,48hpi,1,in vitro,intracellular,singlecell
PB1,627,1625,1,ERR4566024,A549,48hpi,1,in vitro,intracellular,singlecell
PB1,632,1632,1,ERR4566024,A549,48hpi,1,in vitro,intracellular,singlecell
PB1,638,1523,1,ERR4566024,A549,48hpi,1,in vitro,intracellular,singlecell
PB1,671,1586,1,ERR4566024,A549,48hpi,1,in vitro,intracellular,singlecell
PB1,678,1515,1,ERR4566024,A549,48hpi,1,in vitro,intracellular,singlecell
PB1,67,99,1,ERR4566024,A549,48hpi,1,in vitro,intracellular,singlecell
PB1,683,1715,1,ERR4566024,A549,48hpi,1,in vitro,intracellular,singlecell
PB1,68,94,1,ERR4566024,A549,48hpi,1,in vitro,intracellular,singlecell
PB1,70,98,1,ERR4566024,A549,48hpi,1,in vitro,intracellular,singlecell
PB1,715,1442,1,ERR4566024,A549,48hpi,1,in vitro,intracellular,singlecell
PB1,71,114,1,ERR4566024,A549,48hpi,1,in vitro,intracellular,singlecell
PB1,722,1582,1,ERR4566024,A549,48hpi,1,in vitro,intracellular,singlecell
PB1,76,149,1,ERR4566024,A549,48hpi,1,in vitro,intracellular,singlecell
PB1,76,2230,2,ERR4566024,A549,48hpi,1,in vitro,intracellular,singlecell
PB1,76,98,1,ERR4566024,A549,48hpi,1,in vitro,intracellular,singlecell
PB1,823,1528,1,ERR4566024,A549,48hpi,1,in vitro,intracellular,singlecell
PB1,829,1354,1,ERR4566024,A549,48hpi,1,in vitro,intracellular,singlecell
PB1,879,1300,1,ERR4566024,A549,48hpi,1,in vitro,intracellular,singlecell
PB1,881,1421,1,ERR4566024,A549,48hpi,1,in vitro,intracellular,singlecell
PB1,887,1324,1,ERR4566024,A549,48hpi,1,in vitro,intracellular,singlecell
PB1,88,2060,1,ERR4566024,A549,48hpi,1,in vitro,intracellular,singlecell
PB1,997,1306,1,ERR4566024,A549,48hpi,1,in vitro,intracellular,singlecell
PA,102,166,1,ERR4566024,A549,48hpi,1,in vitro,intracellular,singlecell
PA,1060,1104,1,ERR4566024,A549,48hpi,1,in vitro,intracellular,singlecell
PA,124,168,1,ERR4566024,A549,48hpi,1,in vitro,intracellular,singlecell
PA,126,192,1,ERR4566024,A549,48hpi,1,in vitro,intracellular,singlecell
PA,130,2062,1,ERR4566024,A549,48hpi,1,in vitro,intracellular,singlecell
PA,130,2075,1,ERR4566024,A549,48hpi,1,in vitro,intracellular,singlecell
PA,130,2076,1,ERR4566024,A549,48hpi,1,in vitro,intracellular,singlecell
PA,130,2077,1,ERR4566024,A549,48hpi,1,in vitro,intracellular,singlecell
PA,131,217,1,ERR4566024,A549,48hpi,1,in vitro,intracellular,singlecell
PA,132,163,1,ERR4566024,A549,48hpi,1,in vitro,intracellular,singlecell
PA,134,1971,4,ERR4566024,A549,48hpi,1,in vitro,intracellular,singlecell
PA,135,2070,2,ERR4566024,A549,48hpi,1,in vitro,intracellular,singlecell
PA,137,165,1,ERR4566024,A549,48hpi,1,in vitro,intracellular,singlecell
PA,137,2113,1,ERR4566024,A549,48hpi,1,in vitro,intracellular,singlecell
PA,138,1953,2,ERR4566024,A549,48hpi,1,in vitro,intracellular,singlecell
PA,138,1990,1,ERR4566024,A549,48hpi,1,in vitro,intracellular,singlecell
PA,138,2063,1,ERR4566024,A549,48hpi,1,in vitro,intracellular,singlecell
PA,138,214,1,ERR4566024,A549,48hpi,1,in vitro,intracellular,singlecell
PA,140,1714,1,ERR4566024,A549,48hpi,1,in vitro,intracellular,singlecell
PA,140,1972,9,ERR4566024,A549,48hpi,1,in vitro,intracellular,singlecell
PA,140,2075,1,ERR4566024,A549,48hpi,1,in vitro,intracellular,singlecell
PA,141,1941,1,ERR4566024,A549,48hpi,1,in vitro,intracellular,singlecell
PA,147,179,1,ERR4566024,A549,48hpi,1,in vitro,intracellular,singlecell
PA,150,198,2,ERR4566024,A549,48hpi,1,in vitro,intracellular,singlecell
PA,155,1924,1,ERR4566024,A549,48hpi,1,in vitro,intracellular,singlecell
PA,155,2086,1,ERR4566024,A549,48hpi,1,in vitro,intracellular,singlecell
PA,156,2082,1,ERR4566024,A549,48hpi,1,in vitro,intracellular,singlecell
PA,156,2132,1,ERR4566024,A549,48hpi,1,in vitro,intracellular,singlecell
PA,157,1961,1,ERR4566024,A549,48hpi,1,in vitro,intracellular,singlecell
PA,158,1954,2,ERR4566024,A549,48hpi,1,in vitro,intracellular,singlecell
PA,158,1958,5,ERR4566024,A549,48hpi,1,in vitro,intracellular,singlecell
PA,158,2054,1,ERR4566024,A549,48hpi,1,in vitro,intracellular,singlecell
PA,158,2062,1,ERR4566024,A549,48hpi,1,in vitro,intracellular,singlecell
PA,159,1977,1,ERR4566024,A549,48hpi,1,in vitro,intracellular,singlecell
PA,159,1979,1,ERR4566024,A549,48hpi,1,in vitro,intracellular,singlecell
PA,160,1967,1,ERR4566024,A549,48hpi,1,in vitro,intracellular,singlecell
PA,1643,1745,1,ERR4566024,A549,48hpi,1,in vitro,intracellular,singlecell
PA,164,2071,1,ERR4566024,A549,48hpi,1,in vitro,intracellular,singlecell
PA,1668,1718,1,ERR4566024,A549,48hpi,1,in vitro,intracellular,singlecell
PA,166,1908,2,ERR4566024,A549,48hpi,1,in vitro,intracellular,singlecell
PA,167,2111,1,ERR4566024,A549,48hpi,1,in vitro,intracellular,singlecell
PA,1699,1798,1,ERR4566024,A549,48hpi,1,in vitro,intracellular,singlecell
PA,170,2086,1,ERR4566024,A549,48hpi,1,in vitro,intracellular,singlecell
PA,171,462,1,ERR4566024,A549,48hpi,1,in vitro,intracellular,singlecell
PA,172,1817,1,ERR4566024,A549,48hpi,1,in vitro,intracellular,singlecell
PA,175,2041,1,ERR4566024,A549,48hpi,1,in vitro,intracellular,singlecell
PA,177,2068,9,ERR4566024,A549,48hpi,1,in vitro,intracellular,singlecell
PA,179,1860,5,ERR4566024,A549,48hpi,1,in vitro,intracellular,singlecell
PA,181,2074,1,ERR4566024,A549,48hpi,1,in vitro,intracellular,singlecell
PA,183,1953,1,ERR4566024,A549,48hpi,1,in vitro,intracellular,singlecell
PA,185,2053,2,ERR4566024,A549,48hpi,1,in vitro,intracellular,singlecell
PA,187,1906,1,ERR4566024,A549,48hpi,1,in vitro,intracellular,singlecell
PA,1906,1935,1,ERR4566024,A549,48hpi,1,in vitro,intracellular,singlecell
PA,190,1949,26,ERR4566024,A549,48hpi,1,in vitro,intracellular,singlecell
PA,190,232,1,ERR4566024,A549,48hpi,1,in vitro,intracellular,singlecell
PA,191,1952,1,ERR4566024,A549,48hpi,1,in vitro,intracellular,singlecell
PA,191,2055,1,ERR4566024,A549,48hpi,1,in vitro,intracellular,singlecell
PA,192,1954,1,ERR4566024,A549,48hpi,1,in vitro,intracellular,singlecell
PA,192,2075,3,ERR4566024,A549,48hpi,1,in vitro,intracellular,singlecell
PA,193,1880,1,ERR4566024,A549,48hpi,1,in vitro,intracellular,singlecell
PA,195,1952,1,ERR4566024,A549,48hpi,1,in vitro,intracellular,singlecell
PA,196,1917,2,ERR4566024,A549,48hpi,1,in vitro,intracellular,singlecell
PA,197,1909,1,ERR4566024,A549,48hpi,1,in vitro,intracellular,singlecell
PA,199,1935,1,ERR4566024,A549,48hpi,1,in vitro,intracellular,singlecell
PA,200,242,1,ERR4566024,A549,48hpi,1,in vitro,intracellular,singlecell
PA,2027,2068,1,ERR4566024,A549,48hpi,1,in vitro,intracellular,singlecell
PA,2031,2175,1,ERR4566024,A549,48hpi,1,in vitro,intracellular,singlecell
PA,2042,2096,1,ERR4566024,A549,48hpi,1,in vitro,intracellular,singlecell
PA,2059,2087,1,ERR4566024,A549,48hpi,1,in vitro,intracellular,singlecell
PA,206,1938,1,ERR4566024,A549,48hpi,1,in vitro,intracellular,singlecell
PA,206,2134,1,ERR4566024,A549,48hpi,1,in vitro,intracellular,singlecell
PA,206,232,1,ERR4566024,A549,48hpi,1,in vitro,intracellular,singlecell
PA,206,243,1,ERR4566024,A549,48hpi,1,in vitro,intracellular,singlecell
PA,211,263,1,ERR4566024,A549,48hpi,1,in vitro,intracellular,singlecell
PA,213,259,1,ERR4566024,A549,48hpi,1,in vitro,intracellular,singlecell
PA,214,1917,1,ERR4566024,A549,48hpi,1,in vitro,intracellular,singlecell
PA,216,2008,7,ERR4566024,A549,48hpi,1,in vitro,intracellular,singlecell
PA,220,1846,1,ERR4566024,A549,48hpi,1,in vitro,intracellular,singlecell
PA,220,1907,1,ERR4566024,A549,48hpi,1,in vitro,intracellular,singlecell
PA,220,1954,4,ERR4566024,A549,48hpi,1,in vitro,intracellular,singlecell
PA,220,1958,1,ERR4566024,A549,48hpi,1,in vitro,intracellular,singlecell
PA,221,1890,1,ERR4566024,A549,48hpi,1,in vitro,intracellular,singlecell
PA,221,1926,1,ERR4566024,A549,48hpi,1,in vitro,intracellular,singlecell
PA,221,1995,5,ERR4566024,A549,48hpi,1,in vitro,intracellular,singlecell
PA,221,249,1,ERR4566024,A549,48hpi,1,in vitro,intracellular,singlecell
PA,232,1862,1,ERR4566024,A549,48hpi,1,in vitro,intracellular,singlecell
PA,232,1939,8,ERR4566024,A549,48hpi,1,in vitro,intracellular,singlecell
PA,232,2075,1,ERR4566024,A549,48hpi,1,in vitro,intracellular,singlecell
PA,233,1969,1,ERR4566024,A549,48hpi,1,in vitro,intracellular,singlecell
PA,234,1937,1,ERR4566024,A549,48hpi,1,in vitro,intracellular,singlecell
PA,235,2064,1,ERR4566024,A549,48hpi,1,in vitro,intracellular,singlecell
PA,237,1971,1,ERR4566024,A549,48hpi,1,in vitro,intracellular,singlecell
PA,238,2013,4,ERR4566024,A549,48hpi,1,in vitro,intracellular,singlecell
PA,240,1925,8,ERR4566024,A549,48hpi,1,in vitro,intracellular,singlecell
PA,241,1906,1,ERR4566024,A549,48hpi,1,in vitro,intracellular,singlecell
PA,241,2070,2,ERR4566024,A549,48hpi,1,in vitro,intracellular,singlecell
PA,253,309,1,ERR4566024,A549,48hpi,1,in vitro,intracellular,singlecell
PA,254,1863,3,ERR4566024,A549,48hpi,1,in vitro,intracellular,singlecell
PA,257,1926,1,ERR4566024,A549,48hpi,1,in vitro,intracellular,singlecell
PA,257,2061,1,ERR4566024,A549,48hpi,1,in vitro,intracellular,singlecell
PA,258,317,1,ERR4566024,A549,48hpi,1,in vitro,intracellular,singlecell
PA,259,1817,1,ERR4566024,A549,48hpi,1,in vitro,intracellular,singlecell
PA,259,1929,1,ERR4566024,A549,48hpi,1,in vitro,intracellular,singlecell
PA,259,299,1,ERR4566024,A549,48hpi,1,in vitro,intracellular,singlecell
PA,266,1926,1,ERR4566024,A549,48hpi,1,in vitro,intracellular,singlecell
PA,290,1854,1,ERR4566024,A549,48hpi,1,in vitro,intracellular,singlecell
PA,290,2064,1,ERR4566024,A549,48hpi,1,in vitro,intracellular,singlecell
PA,293,1845,1,ERR4566024,A549,48hpi,1,in vitro,intracellular,singlecell
PA,293,2086,1,ERR4566024,A549,48hpi,1,in vitro,intracellular,singlecell
PA,294,317,1,ERR4566024,A549,48hpi,1,in vitro,intracellular,singlecell
PA,299,1915,3,ERR4566024,A549,48hpi,1,in vitro,intracellular,singlecell
PA,301,1939,1,ERR4566024,A549,48hpi,1,in vitro,intracellular,singlecell
PA,308,1909,1,ERR4566024,A549,48hpi,1,in vitro,intracellular,singlecell
PA,309,1824,1,ERR4566024,A549,48hpi,1,in vitro,intracellular,singlecell
PA,309,1908,1,ERR4566024,A549,48hpi,1,in vitro,intracellular,singlecell
PA,313,1916,1,ERR4566024,A549,48hpi,1,in vitro,intracellular,singlecell
PA,316,2132,1,ERR4566024,A549,48hpi,1,in vitro,intracellular,singlecell
PA,317,415,1,ERR4566024,A549,48hpi,1,in vitro,intracellular,singlecell
PA,348,1874,2,ERR4566024,A549,48hpi,1,in vitro,intracellular,singlecell
PA,350,1868,1,ERR4566024,A549,48hpi,1,in vitro,intracellular,singlecell
PA,351,1814,1,ERR4566024,A549,48hpi,1,in vitro,intracellular,singlecell
PA,351,1820,2,ERR4566024,A549,48hpi,1,in vitro,intracellular,singlecell
PA,351,1939,5,ERR4566024,A549,48hpi,1,in vitro,intracellular,singlecell
PA,351,428,1,ERR4566024,A549,48hpi,1,in vitro,intracellular,singlecell
PA,361,1858,1,ERR4566024,A549,48hpi,1,in vitro,intracellular,singlecell
PA,385,1814,1,ERR4566024,A549,48hpi,1,in vitro,intracellular,singlecell
PA,404,1823,1,ERR4566024,A549,48hpi,1,in vitro,intracellular,singlecell
PA,410,1957,1,ERR4566024,A549,48hpi,1,in vitro,intracellular,singlecell
PA,411,1675,2,ERR4566024,A549,48hpi,1,in vitro,intracellular,singlecell
PA,413,440,1,ERR4566024,A549,48hpi,1,in vitro,intracellular,singlecell
PA,41,1781,1,ERR4566024,A549,48hpi,1,in vitro,intracellular,singlecell
PA,454,1706,1,ERR4566024,A549,48hpi,1,in vitro,intracellular,singlecell
PA,470,553,1,ERR4566024,A549,48hpi,1,in vitro,intracellular,singlecell
PA,478,1649,1,ERR4566024,A549,48hpi,1,in vitro,intracellular,singlecell
PA,506,1558,1,ERR4566024,A549,48hpi,1,in vitro,intracellular,singlecell
PA,506,1836,1,ERR4566024,A549,48hpi,1,in vitro,intracellular,singlecell
PA,512,1534,1,ERR4566024,A549,48hpi,1,in vitro,intracellular,singlecell
PA,523,1435,1,ERR4566024,A549,48hpi,1,in vitro,intracellular,singlecell
PA,575,1571,1,ERR4566024,A549,48hpi,1,in vitro,intracellular,singlecell
PA,576,1570,1,ERR4566024,A549,48hpi,1,in vitro,intracellular,singlecell
PA,577,1630,1,ERR4566024,A549,48hpi,1,in vitro,intracellular,singlecell
PA,641,1792,1,ERR4566024,A549,48hpi,1,in vitro,intracellular,singlecell
PA,772,1205,1,ERR4566024,A549,48hpi,1,in vitro,intracellular,singlecell
PA,80,1943,1,ERR4566024,A549,48hpi,1,in vitro,intracellular,singlecell
PA,81,133,1,ERR4566024,A549,48hpi,1,in vitro,intracellular,singlecell
PA,82,1953,1,ERR4566024,A549,48hpi,1,in vitro,intracellular,singlecell
PA,96,169,2,ERR4566024,A549,48hpi,1,in vitro,intracellular,singlecell
PA,97,1976,1,ERR4566024,A549,48hpi,1,in vitro,intracellular,singlecell
HA,102,1696,1,ERR4566024,A549,48hpi,1,in vitro,intracellular,singlecell
HA,102,681,1,ERR4566024,A549,48hpi,1,in vitro,intracellular,singlecell
HA,103,1447,2,ERR4566024,A549,48hpi,1,in vitro,intracellular,singlecell
HA,103,151,1,ERR4566024,A549,48hpi,1,in vitro,intracellular,singlecell
HA,103,296,1,ERR4566024,A549,48hpi,1,in vitro,intracellular,singlecell
HA,1052,1092,1,ERR4566024,A549,48hpi,1,in vitro,intracellular,singlecell
HA,106,1487,1,ERR4566024,A549,48hpi,1,in vitro,intracellular,singlecell
HA,106,1501,1,ERR4566024,A549,48hpi,1,in vitro,intracellular,singlecell
HA,1159,1196,1,ERR4566024,A549,48hpi,1,in vitro,intracellular,singlecell
HA,118,1476,1,ERR4566024,A549,48hpi,1,in vitro,intracellular,singlecell
HA,1196,1226,1,ERR4566024,A549,48hpi,1,in vitro,intracellular,singlecell
HA,1260,1294,1,ERR4566024,A549,48hpi,1,in vitro,intracellular,singlecell
HA,126,1418,1,ERR4566024,A549,48hpi,1,in vitro,intracellular,singlecell
HA,126,1570,1,ERR4566024,A549,48hpi,1,in vitro,intracellular,singlecell
HA,1280,1306,3,ERR4566024,A549,48hpi,1,in vitro,intracellular,singlecell
HA,1301,1343,1,ERR4566024,A549,48hpi,1,in vitro,intracellular,singlecell
HA,1305,1365,1,ERR4566024,A549,48hpi,1,in vitro,intracellular,singlecell
HA,1306,1346,3,ERR4566024,A549,48hpi,1,in vitro,intracellular,singlecell
HA,1309,1432,1,ERR4566024,A549,48hpi,1,in vitro,intracellular,singlecell
HA,1323,1381,1,ERR4566024,A549,48hpi,1,in vitro,intracellular,singlecell
HA,1323,1471,3,ERR4566024,A549,48hpi,1,in vitro,intracellular,singlecell
HA,1326,1351,1,ERR4566024,A549,48hpi,1,in vitro,intracellular,singlecell
HA,1326,1392,1,ERR4566024,A549,48hpi,1,in vitro,intracellular,singlecell
HA,1335,1370,1,ERR4566024,A549,48hpi,1,in vitro,intracellular,singlecell
HA,1346,1417,1,ERR4566024,A549,48hpi,1,in vitro,intracellular,singlecell
HA,1362,1404,1,ERR4566024,A549,48hpi,1,in vitro,intracellular,singlecell
HA,1365,1485,2,ERR4566024,A549,48hpi,1,in vitro,intracellular,singlecell
HA,1365,1666,1,ERR4566024,A549,48hpi,1,in vitro,intracellular,singlecell
HA,1394,1426,1,ERR4566024,A549,48hpi,1,in vitro,intracellular,singlecell
HA,1398,1427,1,ERR4566024,A549,48hpi,1,in vitro,intracellular,singlecell
HA,139,261,1,ERR4566024,A549,48hpi,1,in vitro,intracellular,singlecell
HA,1402,1428,1,ERR4566024,A549,48hpi,1,in vitro,intracellular,singlecell
HA,1403,1427,1,ERR4566024,A549,48hpi,1,in vitro,intracellular,singlecell
HA,140,1440,1,ERR4566024,A549,48hpi,1,in vitro,intracellular,singlecell
HA,140,1447,1,ERR4566024,A549,48hpi,1,in vitro,intracellular,singlecell
HA,140,1518,1,ERR4566024,A549,48hpi,1,in vitro,intracellular,singlecell
HA,140,1532,1,ERR4566024,A549,48hpi,1,in vitro,intracellular,singlecell
HA,140,175,1,ERR4566024,A549,48hpi,1,in vitro,intracellular,singlecell
HA,1418,1473,1,ERR4566024,A549,48hpi,1,in vitro,intracellular,singlecell
HA,1418,1483,1,ERR4566024,A549,48hpi,1,in vitro,intracellular,singlecell
HA,141,1485,1,ERR4566024,A549,48hpi,1,in vitro,intracellular,singlecell
HA,1439,1466,1,ERR4566024,A549,48hpi,1,in vitro,intracellular,singlecell
HA,1439,1484,1,ERR4566024,A549,48hpi,1,in vitro,intracellular,singlecell
HA,1446,1484,1,ERR4566024,A549,48hpi,1,in vitro,intracellular,singlecell
HA,144,1536,1,ERR4566024,A549,48hpi,1,in vitro,intracellular,singlecell
HA,1466,1698,1,ERR4566024,A549,48hpi,1,in vitro,intracellular,singlecell
HA,1479,1589,1,ERR4566024,A549,48hpi,1,in vitro,intracellular,singlecell
HA,148,1512,1,ERR4566024,A549,48hpi,1,in vitro,intracellular,singlecell
HA,148,1659,1,ERR4566024,A549,48hpi,1,in vitro,intracellular,singlecell
HA,152,1362,1,ERR4566024,A549,48hpi,1,in vitro,intracellular,singlecell
HA,153,1450,1,ERR4566024,A549,48hpi,1,in vitro,intracellular,singlecell
HA,154,1357,1,ERR4566024,A549,48hpi,1,in vitro,intracellular,singlecell
HA,155,1656,1,ERR4566024,A549,48hpi,1,in vitro,intracellular,singlecell
HA,1611,1684,1,ERR4566024,A549,48hpi,1,in vitro,intracellular,singlecell
HA,1613,1661,1,ERR4566024,A549,48hpi,1,in vitro,intracellular,singlecell
HA,1613,1683,1,ERR4566024,A549,48hpi,1,in vitro,intracellular,singlecell
HA,1630,1660,1,ERR4566024,A549,48hpi,1,in vitro,intracellular,singlecell
HA,164,1647,1,ERR4566024,A549,48hpi,1,in vitro,intracellular,singlecell
HA,167,1544,1,ERR4566024,A549,48hpi,1,in vitro,intracellular,singlecell
HA,169,1666,1,ERR4566024,A549,48hpi,1,in vitro,intracellular,singlecell
HA,174,1418,1,ERR4566024,A549,48hpi,1,in vitro,intracellular,singlecell
HA,175,1645,1,ERR4566024,A549,48hpi,1,in vitro,intracellular,singlecell
HA,206,1306,1,ERR4566024,A549,48hpi,1,in vitro,intracellular,singlecell
HA,208,530,1,ERR4566024,A549,48hpi,1,in vitro,intracellular,singlecell
HA,210,234,1,ERR4566024,A549,48hpi,1,in vitro,intracellular,singlecell
HA,225,1617,1,ERR4566024,A549,48hpi,1,in vitro,intracellular,singlecell
HA,232,1450,1,ERR4566024,A549,48hpi,1,in vitro,intracellular,singlecell
HA,257,520,1,ERR4566024,A549,48hpi,1,in vitro,intracellular,singlecell
HA,264,290,1,ERR4566024,A549,48hpi,1,in vitro,intracellular,singlecell
HA,265,1395,1,ERR4566024,A549,48hpi,1,in vitro,intracellular,singlecell
HA,271,313,1,ERR4566024,A549,48hpi,1,in vitro,intracellular,singlecell
HA,273,296,1,ERR4566024,A549,48hpi,1,in vitro,intracellular,singlecell
HA,282,1305,1,ERR4566024,A549,48hpi,1,in vitro,intracellular,singlecell
HA,282,1531,1,ERR4566024,A549,48hpi,1,in vitro,intracellular,singlecell
HA,283,1329,1,ERR4566024,A549,48hpi,1,in vitro,intracellular,singlecell
HA,284,1275,1,ERR4566024,A549,48hpi,1,in vitro,intracellular,singlecell
HA,295,1417,1,ERR4566024,A549,48hpi,1,in vitro,intracellular,singlecell
HA,295,343,1,ERR4566024,A549,48hpi,1,in vitro,intracellular,singlecell
HA,296,1336,2,ERR4566024,A549,48hpi,1,in vitro,intracellular,singlecell
HA,296,1369,1,ERR4566024,A549,48hpi,1,in vitro,intracellular,singlecell
HA,300,361,1,ERR4566024,A549,48hpi,1,in vitro,intracellular,singlecell
HA,304,1244,1,ERR4566024,A549,48hpi,1,in vitro,intracellular,singlecell
HA,332,1238,1,ERR4566024,A549,48hpi,1,in vitro,intracellular,singlecell
HA,334,1319,1,ERR4566024,A549,48hpi,1,in vitro,intracellular,singlecell
HA,342,374,1,ERR4566024,A549,48hpi,1,in vitro,intracellular,singlecell
HA,349,1320,1,ERR4566024,A549,48hpi,1,in vitro,intracellular,singlecell
HA,355,1649,1,ERR4566024,A549,48hpi,1,in vitro,intracellular,singlecell
HA,394,1374,1,ERR4566024,A549,48hpi,1,in vitro,intracellular,singlecell
HA,404,449,1,ERR4566024,A549,48hpi,1,in vitro,intracellular,singlecell
HA,404,457,1,ERR4566024,A549,48hpi,1,in vitro,intracellular,singlecell
HA,463,514,1,ERR4566024,A549,48hpi,1,in vitro,intracellular,singlecell
HA,465,995,1,ERR4566024,A549,48hpi,1,in vitro,intracellular,singlecell
HA,476,1163,1,ERR4566024,A549,48hpi,1,in vitro,intracellular,singlecell
HA,476,984,1,ERR4566024,A549,48hpi,1,in vitro,intracellular,singlecell
HA,487,1318,1,ERR4566024,A549,48hpi,1,in vitro,intracellular,singlecell
HA,48,1485,1,ERR4566024,A549,48hpi,1,in vitro,intracellular,singlecell
HA,504,559,1,ERR4566024,A549,48hpi,1,in vitro,intracellular,singlecell
HA,512,1124,1,ERR4566024,A549,48hpi,1,in vitro,intracellular,singlecell
HA,518,1046,1,ERR4566024,A549,48hpi,1,in vitro,intracellular,singlecell
HA,519,1119,1,ERR4566024,A549,48hpi,1,in vitro,intracellular,singlecell
HA,545,707,1,ERR4566024,A549,48hpi,1,in vitro,intracellular,singlecell
HA,546,1132,1,ERR4566024,A549,48hpi,1,in vitro,intracellular,singlecell
HA,558,659,1,ERR4566024,A549,48hpi,1,in vitro,intracellular,singlecell
HA,560,1115,1,ERR4566024,A549,48hpi,1,in vitro,intracellular,singlecell
HA,560,739,1,ERR4566024,A549,48hpi,1,in vitro,intracellular,singlecell
HA,574,606,1,ERR4566024,A549,48hpi,1,in vitro,intracellular,singlecell
HA,584,1163,1,ERR4566024,A549,48hpi,1,in vitro,intracellular,singlecell
HA,59,108,1,ERR4566024,A549,48hpi,1,in vitro,intracellular,singlecell
HA,59,139,1,ERR4566024,A549,48hpi,1,in vitro,intracellular,singlecell
HA,59,91,1,ERR4566024,A549,48hpi,1,in vitro,intracellular,singlecell
HA,59,95,1,ERR4566024,A549,48hpi,1,in vitro,intracellular,singlecell
HA,623,1649,1,ERR4566024,A549,48hpi,1,in vitro,intracellular,singlecell
HA,628,884,1,ERR4566024,A549,48hpi,1,in vitro,intracellular,singlecell
HA,629,1008,1,ERR4566024,A549,48hpi,1,in vitro,intracellular,singlecell
HA,630,1096,1,ERR4566024,A549,48hpi,1,in vitro,intracellular,singlecell
HA,630,656,1,ERR4566024,A549,48hpi,1,in vitro,intracellular,singlecell
HA,631,835,1,ERR4566024,A549,48hpi,1,in vitro,intracellular,singlecell
HA,646,1100,1,ERR4566024,A549,48hpi,1,in vitro,intracellular,singlecell
HA,677,1184,1,ERR4566024,A549,48hpi,1,in vitro,intracellular,singlecell
HA,691,1161,1,ERR4566024,A549,48hpi,1,in vitro,intracellular,singlecell
HA,697,885,1,ERR4566024,A549,48hpi,1,in vitro,intracellular,singlecell
HA,698,1416,1,ERR4566024,A549,48hpi,1,in vitro,intracellular,singlecell
HA,707,922,1,ERR4566024,A549,48hpi,1,in vitro,intracellular,singlecell
HA,711,1127,1,ERR4566024,A549,48hpi,1,in vitro,intracellular,singlecell
HA,711,828,1,ERR4566024,A549,48hpi,1,in vitro,intracellular,singlecell
HA,716,745,1,ERR4566024,A549,48hpi,1,in vitro,intracellular,singlecell
HA,719,887,1,ERR4566024,A549,48hpi,1,in vitro,intracellular,singlecell
HA,720,980,1,ERR4566024,A549,48hpi,1,in vitro,intracellular,singlecell
HA,722,1188,1,ERR4566024,A549,48hpi,1,in vitro,intracellular,singlecell
HA,723,1646,1,ERR4566024,A549,48hpi,1,in vitro,intracellular,singlecell
HA,737,940,1,ERR4566024,A549,48hpi,1,in vitro,intracellular,singlecell
HA,740,767,1,ERR4566024,A549,48hpi,1,in vitro,intracellular,singlecell
HA,740,998,1,ERR4566024,A549,48hpi,1,in vitro,intracellular,singlecell
HA,747,882,1,ERR4566024,A549,48hpi,1,in vitro,intracellular,singlecell
HA,756,1155,1,ERR4566024,A549,48hpi,1,in vitro,intracellular,singlecell
HA,762,875,1,ERR4566024,A549,48hpi,1,in vitro,intracellular,singlecell
HA,763,1162,1,ERR4566024,A549,48hpi,1,in vitro,intracellular,singlecell
HA,778,850,1,ERR4566024,A549,48hpi,1,in vitro,intracellular,singlecell
HA,780,1001,1,ERR4566024,A549,48hpi,1,in vitro,intracellular,singlecell
HA,782,815,1,ERR4566024,A549,48hpi,1,in vitro,intracellular,singlecell
HA,790,867,1,ERR4566024,A549,48hpi,1,in vitro,intracellular,singlecell
HA,796,1131,1,ERR4566024,A549,48hpi,1,in vitro,intracellular,singlecell
HA,797,943,1,ERR4566024,A549,48hpi,1,in vitro,intracellular,singlecell
HA,799,863,1,ERR4566024,A549,48hpi,1,in vitro,intracellular,singlecell
HA,799,871,1,ERR4566024,A549,48hpi,1,in vitro,intracellular,singlecell
HA,802,891,1,ERR4566024,A549,48hpi,1,in vitro,intracellular,singlecell
HA,812,889,1,ERR4566024,A549,48hpi,1,in vitro,intracellular,singlecell
HA,832,888,1,ERR4566024,A549,48hpi,1,in vitro,intracellular,singlecell
HA,832,902,1,ERR4566024,A549,48hpi,1,in vitro,intracellular,singlecell
HA,834,889,1,ERR4566024,A549,48hpi,1,in vitro,intracellular,singlecell
HA,835,1001,1,ERR4566024,A549,48hpi,1,in vitro,intracellular,singlecell
HA,840,1534,1,ERR4566024,A549,48hpi,1,in vitro,intracellular,singlecell
HA,85,112,1,ERR4566024,A549,48hpi,1,in vitro,intracellular,singlecell
HA,860,893,1,ERR4566024,A549,48hpi,1,in vitro,intracellular,singlecell
HA,864,1093,1,ERR4566024,A549,48hpi,1,in vitro,intracellular,singlecell
HA,865,1024,1,ERR4566024,A549,48hpi,1,in vitro,intracellular,singlecell
HA,882,906,1,ERR4566024,A549,48hpi,1,in vitro,intracellular,singlecell
HA,893,972,1,ERR4566024,A549,48hpi,1,in vitro,intracellular,singlecell
HA,92,1440,1,ERR4566024,A549,48hpi,1,in vitro,intracellular,singlecell
HA,92,1484,1,ERR4566024,A549,48hpi,1,in vitro,intracellular,singlecell
HA,92,1500,1,ERR4566024,A549,48hpi,1,in vitro,intracellular,singlecell
HA,92,1699,1,ERR4566024,A549,48hpi,1,in vitro,intracellular,singlecell
HA,937,1112,1,ERR4566024,A549,48hpi,1,in vitro,intracellular,singlecell
HA,94,1387,1,ERR4566024,A549,48hpi,1,in vitro,intracellular,singlecell
HA,953,978,1,ERR4566024,A549,48hpi,1,in vitro,intracellular,singlecell
HA,964,1238,1,ERR4566024,A549,48hpi,1,in vitro,intracellular,singlecell
HA,965,1133,1,ERR4566024,A549,48hpi,1,in vitro,intracellular,singlecell
HA,97,1496,1,ERR4566024,A549,48hpi,1,in vitro,intracellular,singlecell
HA,98,1447,1,ERR4566024,A549,48hpi,1,in vitro,intracellular,singlecell
NP,1028,1068,1,ERR4566024,A549,48hpi,1,in vitro,intracellular,singlecell
NP,1041,1105,1,ERR4566024,A549,48hpi,1,in vitro,intracellular,singlecell
NP,1067,1105,1,ERR4566024,A549,48hpi,1,in vitro,intracellular,singlecell
NP,1075,1135,1,ERR4566024,A549,48hpi,1,in vitro,intracellular,singlecell
NP,1079,1212,1,ERR4566024,A549,48hpi,1,in vitro,intracellular,singlecell
NP,1086,1146,1,ERR4566024,A549,48hpi,1,in vitro,intracellular,singlecell
NP,1117,1213,1,ERR4566024,A549,48hpi,1,in vitro,intracellular,singlecell
NP,1118,1148,1,ERR4566024,A549,48hpi,1,in vitro,intracellular,singlecell
NP,1126,1270,1,ERR4566024,A549,48hpi,1,in vitro,intracellular,singlecell
NP,1132,1162,1,ERR4566024,A549,48hpi,1,in vitro,intracellular,singlecell
NP,115,1488,1,ERR4566024,A549,48hpi,1,in vitro,intracellular,singlecell
NP,115,158,1,ERR4566024,A549,48hpi,1,in vitro,intracellular,singlecell
NP,1165,1210,1,ERR4566024,A549,48hpi,1,in vitro,intracellular,singlecell
NP,1167,1189,3,ERR4566024,A549,48hpi,1,in vitro,intracellular,singlecell
NP,116,163,1,ERR4566024,A549,48hpi,1,in vitro,intracellular,singlecell
NP,1176,1202,1,ERR4566024,A549,48hpi,1,in vitro,intracellular,singlecell
NP,1192,1295,1,ERR4566024,A549,48hpi,1,in vitro,intracellular,singlecell
NP,1213,1385,1,ERR4566024,A549,48hpi,1,in vitro,intracellular,singlecell
NP,1219,1313,1,ERR4566024,A549,48hpi,1,in vitro,intracellular,singlecell
NP,1226,1279,1,ERR4566024,A549,48hpi,1,in vitro,intracellular,singlecell
NP,1238,1372,1,ERR4566024,A549,48hpi,1,in vitro,intracellular,singlecell
NP,1252,1318,1,ERR4566024,A549,48hpi,1,in vitro,intracellular,singlecell
NP,1264,1379,1,ERR4566024,A549,48hpi,1,in vitro,intracellular,singlecell
NP,1268,1320,1,ERR4566024,A549,48hpi,1,in vitro,intracellular,singlecell
NP,1268,1396,1,ERR4566024,A549,48hpi,1,in vitro,intracellular,singlecell
NP,1271,1345,1,ERR4566024,A549,48hpi,1,in vitro,intracellular,singlecell
NP,1276,1322,1,ERR4566024,A549,48hpi,1,in vitro,intracellular,singlecell
NP,1277,1344,1,ERR4566024,A549,48hpi,1,in vitro,intracellular,singlecell
NP,1305,1377,1,ERR4566024,A549,48hpi,1,in vitro,intracellular,singlecell
NP,1321,1381,1,ERR4566024,A549,48hpi,1,in vitro,intracellular,singlecell
NP,1338,1383,1,ERR4566024,A549,48hpi,1,in vitro,intracellular,singlecell
NP,1388,1468,1,ERR4566024,A549,48hpi,1,in vitro,intracellular,singlecell
NP,141,1371,1,ERR4566024,A549,48hpi,1,in vitro,intracellular,singlecell
NP,144,1305,1,ERR4566024,A549,48hpi,1,in vitro,intracellular,singlecell
NP,144,228,1,ERR4566024,A549,48hpi,1,in vitro,intracellular,singlecell
NP,147,231,1,ERR4566024,A549,48hpi,1,in vitro,intracellular,singlecell
NP,162,1300,1,ERR4566024,A549,48hpi,1,in vitro,intracellular,singlecell
NP,162,738,1,ERR4566024,A549,48hpi,1,in vitro,intracellular,singlecell
NP,164,241,1,ERR4566024,A549,48hpi,1,in vitro,intracellular,singlecell
NP,172,200,1,ERR4566024,A549,48hpi,1,in vitro,intracellular,singlecell
NP,173,1303,1,ERR4566024,A549,48hpi,1,in vitro,intracellular,singlecell
NP,174,1387,1,ERR4566024,A549,48hpi,1,in vitro,intracellular,singlecell
NP,177,1300,1,ERR4566024,A549,48hpi,1,in vitro,intracellular,singlecell
NP,177,253,1,ERR4566024,A549,48hpi,1,in vitro,intracellular,singlecell
NP,190,1260,1,ERR4566024,A549,48hpi,1,in vitro,intracellular,singlecell
NP,192,1233,1,ERR4566024,A549,48hpi,1,in vitro,intracellular,singlecell
NP,192,227,1,ERR4566024,A549,48hpi,1,in vitro,intracellular,singlecell
NP,197,1277,1,ERR4566024,A549,48hpi,1,in vitro,intracellular,singlecell
NP,208,1231,1,ERR4566024,A549,48hpi,1,in vitro,intracellular,singlecell
NP,223,1270,1,ERR4566024,A549,48hpi,1,in vitro,intracellular,singlecell
NP,225,1234,1,ERR4566024,A549,48hpi,1,in vitro,intracellular,singlecell
NP,228,1308,1,ERR4566024,A549,48hpi,1,in vitro,intracellular,singlecell
NP,239,269,1,ERR4566024,A549,48hpi,1,in vitro,intracellular,singlecell
NP,240,1308,1,ERR4566024,A549,48hpi,1,in vitro,intracellular,singlecell
NP,241,286,1,ERR4566024,A549,48hpi,1,in vitro,intracellular,singlecell
NP,257,282,1,ERR4566024,A549,48hpi,1,in vitro,intracellular,singlecell
NP,273,397,1,ERR4566024,A549,48hpi,1,in vitro,intracellular,singlecell
NP,274,1277,1,ERR4566024,A549,48hpi,1,in vitro,intracellular,singlecell
NP,274,1343,1,ERR4566024,A549,48hpi,1,in vitro,intracellular,singlecell
NP,278,1210,2,ERR4566024,A549,48hpi,1,in vitro,intracellular,singlecell
NP,286,1194,1,ERR4566024,A549,48hpi,1,in vitro,intracellular,singlecell
NP,293,374,1,ERR4566024,A549,48hpi,1,in vitro,intracellular,singlecell
NP,294,1155,1,ERR4566024,A549,48hpi,1,in vitro,intracellular,singlecell
NP,296,531,5,ERR4566024,A549,48hpi,1,in vitro,intracellular,singlecell
NP,327,1132,1,ERR4566024,A549,48hpi,1,in vitro,intracellular,singlecell
NP,328,451,10,ERR4566024,A549,48hpi,1,in vitro,intracellular,singlecell
NP,333,1381,1,ERR4566024,A549,48hpi,1,in vitro,intracellular,singlecell
NP,335,1019,1,ERR4566024,A549,48hpi,1,in vitro,intracellular,singlecell
NP,341,570,7,ERR4566024,A549,48hpi,1,in vitro,intracellular,singlecell
NP,348,1209,1,ERR4566024,A549,48hpi,1,in vitro,intracellular,singlecell
NP,349,1307,1,ERR4566024,A549,48hpi,1,in vitro,intracellular,singlecell
NP,353,1174,1,ERR4566024,A549,48hpi,1,in vitro,intracellular,singlecell
NP,365,430,1,ERR4566024,A549,48hpi,1,in vitro,intracellular,singlecell
NP,369,560,1,ERR4566024,A549,48hpi,1,in vitro,intracellular,singlecell
NP,372,1167,1,ERR4566024,A549,48hpi,1,in vitro,intracellular,singlecell
NP,374,1051,1,ERR4566024,A549,48hpi,1,in vitro,intracellular,singlecell
NP,377,419,1,ERR4566024,A549,48hpi,1,in vitro,intracellular,singlecell
NP,383,1081,1,ERR4566024,A549,48hpi,1,in vitro,intracellular,singlecell
NP,38,73,1,ERR4566024,A549,48hpi,1,in vitro,intracellular,singlecell
NP,399,1085,1,ERR4566024,A549,48hpi,1,in vitro,intracellular,singlecell
NP,400,1200,1,ERR4566024,A549,48hpi,1,in vitro,intracellular,singlecell
NP,403,1165,1,ERR4566024,A549,48hpi,1,in vitro,intracellular,singlecell
NP,403,1276,1,ERR4566024,A549,48hpi,1,in vitro,intracellular,singlecell
NP,404,1142,1,ERR4566024,A549,48hpi,1,in vitro,intracellular,singlecell
NP,40,73,1,ERR4566024,A549,48hpi,1,in vitro,intracellular,singlecell
NP,41,160,1,ERR4566024,A549,48hpi,1,in vitro,intracellular,singlecell
NP,423,1134,1,ERR4566024,A549,48hpi,1,in vitro,intracellular,singlecell
NP,425,617,1,ERR4566024,A549,48hpi,1,in vitro,intracellular,singlecell
NP,426,514,1,ERR4566024,A549,48hpi,1,in vitro,intracellular,singlecell
NP,434,1170,1,ERR4566024,A549,48hpi,1,in vitro,intracellular,singlecell
NP,439,590,1,ERR4566024,A549,48hpi,1,in vitro,intracellular,singlecell
NP,445,1048,1,ERR4566024,A549,48hpi,1,in vitro,intracellular,singlecell
NP,445,1076,1,ERR4566024,A549,48hpi,1,in vitro,intracellular,singlecell
NP,445,1181,1,ERR4566024,A549,48hpi,1,in vitro,intracellular,singlecell
NP,447,483,1,ERR4566024,A549,48hpi,1,in vitro,intracellular,singlecell
NP,449,1085,1,ERR4566024,A549,48hpi,1,in vitro,intracellular,singlecell
NP,449,1153,1,ERR4566024,A549,48hpi,1,in vitro,intracellular,singlecell
NP,454,1019,1,ERR4566024,A549,48hpi,1,in vitro,intracellular,singlecell
NP,454,1055,1,ERR4566024,A549,48hpi,1,in vitro,intracellular,singlecell
NP,455,1182,1,ERR4566024,A549,48hpi,1,in vitro,intracellular,singlecell
NP,455,1237,1,ERR4566024,A549,48hpi,1,in vitro,intracellular,singlecell
NP,457,990,1,ERR4566024,A549,48hpi,1,in vitro,intracellular,singlecell
NP,459,529,1,ERR4566024,A549,48hpi,1,in vitro,intracellular,singlecell
NP,467,898,1,ERR4566024,A549,48hpi,1,in vitro,intracellular,singlecell
NP,468,1141,1,ERR4566024,A549,48hpi,1,in vitro,intracellular,singlecell
NP,471,948,1,ERR4566024,A549,48hpi,1,in vitro,intracellular,singlecell
NP,482,510,1,ERR4566024,A549,48hpi,1,in vitro,intracellular,singlecell
NP,482,998,1,ERR4566024,A549,48hpi,1,in vitro,intracellular,singlecell
NP,483,1094,1,ERR4566024,A549,48hpi,1,in vitro,intracellular,singlecell
NP,488,515,1,ERR4566024,A549,48hpi,1,in vitro,intracellular,singlecell
NP,498,1017,1,ERR4566024,A549,48hpi,1,in vitro,intracellular,singlecell
NP,502,544,1,ERR4566024,A549,48hpi,1,in vitro,intracellular,singlecell
NP,519,1003,1,ERR4566024,A549,48hpi,1,in vitro,intracellular,singlecell
NP,521,548,1,ERR4566024,A549,48hpi,1,in vitro,intracellular,singlecell
NP,528,594,1,ERR4566024,A549,48hpi,1,in vitro,intracellular,singlecell
NP,532,834,1,ERR4566024,A549,48hpi,1,in vitro,intracellular,singlecell
NP,534,800,1,ERR4566024,A549,48hpi,1,in vitro,intracellular,singlecell
NP,538,726,1,ERR4566024,A549,48hpi,1,in vitro,intracellular,singlecell
NP,539,754,1,ERR4566024,A549,48hpi,1,in vitro,intracellular,singlecell
NP,543,1119,1,ERR4566024,A549,48hpi,1,in vitro,intracellular,singlecell
NP,546,784,1,ERR4566024,A549,48hpi,1,in vitro,intracellular,singlecell
NP,547,711,1,ERR4566024,A549,48hpi,1,in vitro,intracellular,singlecell
NP,550,1163,1,ERR4566024,A549,48hpi,1,in vitro,intracellular,singlecell
NP,553,905,1,ERR4566024,A549,48hpi,1,in vitro,intracellular,singlecell
NP,559,1019,1,ERR4566024,A549,48hpi,1,in vitro,intracellular,singlecell
NP,560,939,1,ERR4566024,A549,48hpi,1,in vitro,intracellular,singlecell
NP,563,587,1,ERR4566024,A549,48hpi,1,in vitro,intracellular,singlecell
NP,564,1029,1,ERR4566024,A549,48hpi,1,in vitro,intracellular,singlecell
NP,565,933,1,ERR4566024,A549,48hpi,1,in vitro,intracellular,singlecell
NP,573,600,1,ERR4566024,A549,48hpi,1,in vitro,intracellular,singlecell
NP,575,898,1,ERR4566024,A549,48hpi,1,in vitro,intracellular,singlecell
NP,576,839,1,ERR4566024,A549,48hpi,1,in vitro,intracellular,singlecell
NP,577,602,1,ERR4566024,A549,48hpi,1,in vitro,intracellular,singlecell
NP,581,908,1,ERR4566024,A549,48hpi,1,in vitro,intracellular,singlecell
NP,585,932,1,ERR4566024,A549,48hpi,1,in vitro,intracellular,singlecell
NP,595,748,1,ERR4566024,A549,48hpi,1,in vitro,intracellular,singlecell
NP,595,898,1,ERR4566024,A549,48hpi,1,in vitro,intracellular,singlecell
NP,604,896,1,ERR4566024,A549,48hpi,1,in vitro,intracellular,singlecell
NP,612,899,1,ERR4566024,A549,48hpi,1,in vitro,intracellular,singlecell
NP,622,752,1,ERR4566024,A549,48hpi,1,in vitro,intracellular,singlecell
NP,624,654,1,ERR4566024,A549,48hpi,1,in vitro,intracellular,singlecell
NP,627,671,1,ERR4566024,A549,48hpi,1,in vitro,intracellular,singlecell
NP,633,680,1,ERR4566024,A549,48hpi,1,in vitro,intracellular,singlecell
NP,651,1142,1,ERR4566024,A549,48hpi,1,in vitro,intracellular,singlecell
NP,664,820,1,ERR4566024,A549,48hpi,1,in vitro,intracellular,singlecell
NP,679,793,1,ERR4566024,A549,48hpi,1,in vitro,intracellular,singlecell
NP,688,750,1,ERR4566024,A549,48hpi,1,in vitro,intracellular,singlecell
NP,690,841,1,ERR4566024,A549,48hpi,1,in vitro,intracellular,singlecell
NP,691,1018,1,ERR4566024,A549,48hpi,1,in vitro,intracellular,singlecell
NP,698,724,1,ERR4566024,A549,48hpi,1,in vitro,intracellular,singlecell
NP,704,1190,1,ERR4566024,A549,48hpi,1,in vitro,intracellular,singlecell
NP,704,775,1,ERR4566024,A549,48hpi,1,in vitro,intracellular,singlecell
NP,709,1153,1,ERR4566024,A549,48hpi,1,in vitro,intracellular,singlecell
NP,711,852,1,ERR4566024,A549,48hpi,1,in vitro,intracellular,singlecell
NP,716,742,1,ERR4566024,A549,48hpi,1,in vitro,intracellular,singlecell
NP,716,767,1,ERR4566024,A549,48hpi,1,in vitro,intracellular,singlecell
NP,720,796,1,ERR4566024,A549,48hpi,1,in vitro,intracellular,singlecell
NP,722,793,1,ERR4566024,A549,48hpi,1,in vitro,intracellular,singlecell
NP,73,679,1,ERR4566024,A549,48hpi,1,in vitro,intracellular,singlecell
NP,743,825,1,ERR4566024,A549,48hpi,1,in vitro,intracellular,singlecell
NP,747,821,1,ERR4566024,A549,48hpi,1,in vitro,intracellular,singlecell
NP,748,843,1,ERR4566024,A549,48hpi,1,in vitro,intracellular,singlecell
NP,754,842,1,ERR4566024,A549,48hpi,1,in vitro,intracellular,singlecell
NP,758,840,1,ERR4566024,A549,48hpi,1,in vitro,intracellular,singlecell
NP,761,922,1,ERR4566024,A549,48hpi,1,in vitro,intracellular,singlecell
NP,762,1304,1,ERR4566024,A549,48hpi,1,in vitro,intracellular,singlecell
NP,762,829,1,ERR4566024,A549,48hpi,1,in vitro,intracellular,singlecell
NP,766,821,1,ERR4566024,A549,48hpi,1,in vitro,intracellular,singlecell
NP,767,835,1,ERR4566024,A549,48hpi,1,in vitro,intracellular,singlecell
NP,76,320,1,ERR4566024,A549,48hpi,1,in vitro,intracellular,singlecell
NP,776,810,1,ERR4566024,A549,48hpi,1,in vitro,intracellular,singlecell
NP,778,810,1,ERR4566024,A549,48hpi,1,in vitro,intracellular,singlecell
NP,780,805,1,ERR4566024,A549,48hpi,1,in vitro,intracellular,singlecell
NP,780,839,1,ERR4566024,A549,48hpi,1,in vitro,intracellular,singlecell
NP,783,894,1,ERR4566024,A549,48hpi,1,in vitro,intracellular,singlecell
NP,792,821,1,ERR4566024,A549,48hpi,1,in vitro,intracellular,singlecell
NP,811,1029,1,ERR4566024,A549,48hpi,1,in vitro,intracellular,singlecell
NP,812,869,1,ERR4566024,A549,48hpi,1,in vitro,intracellular,singlecell
NP,837,859,1,ERR4566024,A549,48hpi,1,in vitro,intracellular,singlecell
NP,840,1390,1,ERR4566024,A549,48hpi,1,in vitro,intracellular,singlecell
NP,840,933,1,ERR4566024,A549,48hpi,1,in vitro,intracellular,singlecell
NP,864,1021,1,ERR4566024,A549,48hpi,1,in vitro,intracellular,singlecell
NP,885,1010,1,ERR4566024,A549,48hpi,1,in vitro,intracellular,singlecell
NP,886,951,1,ERR4566024,A549,48hpi,1,in vitro,intracellular,singlecell
NP,887,1017,1,ERR4566024,A549,48hpi,1,in vitro,intracellular,singlecell
NP,887,933,1,ERR4566024,A549,48hpi,1,in vitro,intracellular,singlecell
NP,888,948,1,ERR4566024,A549,48hpi,1,in vitro,intracellular,singlecell
NP,892,934,1,ERR4566024,A549,48hpi,1,in vitro,intracellular,singlecell
NP,932,991,1,ERR4566024,A549,48hpi,1,in vitro,intracellular,singlecell
NP,954,998,1,ERR4566024,A549,48hpi,1,in vitro,intracellular,singlecell
NP,956,1209,1,ERR4566024,A549,48hpi,1,in vitro,intracellular,singlecell
NA,104,135,1,ERR4566024,A549,48hpi,1,in vitro,intracellular,singlecell
NA,1151,1184,1,ERR4566024,A549,48hpi,1,in vitro,intracellular,singlecell
NA,1251,1274,1,ERR4566024,A549,48hpi,1,in vitro,intracellular,singlecell
NA,132,1183,1,ERR4566024,A549,48hpi,1,in vitro,intracellular,singlecell
NA,182,1248,1,ERR4566024,A549,48hpi,1,in vitro,intracellular,singlecell
NA,183,574,1,ERR4566024,A549,48hpi,1,in vitro,intracellular,singlecell
NA,299,338,1,ERR4566024,A549,48hpi,1,in vitro,intracellular,singlecell
NA,325,1247,1,ERR4566024,A549,48hpi,1,in vitro,intracellular,singlecell
NA,326,393,1,ERR4566024,A549,48hpi,1,in vitro,intracellular,singlecell
NA,335,1248,1,ERR4566024,A549,48hpi,1,in vitro,intracellular,singlecell
NA,359,852,1,ERR4566024,A549,48hpi,1,in vitro,intracellular,singlecell
NA,400,1250,1,ERR4566024,A549,48hpi,1,in vitro,intracellular,singlecell
NA,413,1304,1,ERR4566024,A549,48hpi,1,in vitro,intracellular,singlecell
NA,569,896,1,ERR4566024,A549,48hpi,1,in vitro,intracellular,singlecell
NA,60,116,1,ERR4566024,A549,48hpi,1,in vitro,intracellular,singlecell
NA,624,688,1,ERR4566024,A549,48hpi,1,in vitro,intracellular,singlecell
NA,74,114,1,ERR4566024,A549,48hpi,1,in vitro,intracellular,singlecell
NA,88,117,1,ERR4566024,A549,48hpi,1,in vitro,intracellular,singlecell
NA,91,573,1,ERR4566024,A549,48hpi,1,in vitro,intracellular,singlecell
M,104,158,1,ERR4566024,A549,48hpi,1,in vitro,intracellular,singlecell
M,105,158,1,ERR4566024,A549,48hpi,1,in vitro,intracellular,singlecell
M,131,177,1,ERR4566024,A549,48hpi,1,in vitro,intracellular,singlecell
M,131,796,1,ERR4566024,A549,48hpi,1,in vitro,intracellular,singlecell
M,156,307,1,ERR4566024,A549,48hpi,1,in vitro,intracellular,singlecell
M,157,195,1,ERR4566024,A549,48hpi,1,in vitro,intracellular,singlecell
M,193,960,1,ERR4566024,A549,48hpi,1,in vitro,intracellular,singlecell
M,241,694,1,ERR4566024,A549,48hpi,1,in vitro,intracellular,singlecell
M,276,322,1,ERR4566024,A549,48hpi,1,in vitro,intracellular,singlecell
M,309,766,1,ERR4566024,A549,48hpi,1,in vitro,intracellular,singlecell
M,312,662,1,ERR4566024,A549,48hpi,1,in vitro,intracellular,singlecell
M,316,794,1,ERR4566024,A549,48hpi,1,in vitro,intracellular,singlecell
M,321,381,1,ERR4566024,A549,48hpi,1,in vitro,intracellular,singlecell
M,322,729,1,ERR4566024,A549,48hpi,1,in vitro,intracellular,singlecell
M,332,363,1,ERR4566024,A549,48hpi,1,in vitro,intracellular,singlecell
M,371,598,1,ERR4566024,A549,48hpi,1,in vitro,intracellular,singlecell
M,373,611,1,ERR4566024,A549,48hpi,1,in vitro,intracellular,singlecell
M,374,590,1,ERR4566024,A549,48hpi,1,in vitro,intracellular,singlecell
M,375,640,1,ERR4566024,A549,48hpi,1,in vitro,intracellular,singlecell
M,382,746,1,ERR4566024,A549,48hpi,1,in vitro,intracellular,singlecell
M,418,645,1,ERR4566024,A549,48hpi,1,in vitro,intracellular,singlecell
M,466,513,1,ERR4566024,A549,48hpi,1,in vitro,intracellular,singlecell
M,47,697,1,ERR4566024,A549,48hpi,1,in vitro,intracellular,singlecell
M,480,525,1,ERR4566024,A549,48hpi,1,in vitro,intracellular,singlecell
M,522,567,1,ERR4566024,A549,48hpi,1,in vitro,intracellular,singlecell
M,52,741,4,ERR4566024,A549,48hpi,1,in vitro,intracellular,singlecell
M,535,562,1,ERR4566024,A549,48hpi,1,in vitro,intracellular,singlecell
M,535,575,1,ERR4566024,A549,48hpi,1,in vitro,intracellular,singlecell
M,53,149,1,ERR4566024,A549,48hpi,1,in vitro,intracellular,singlecell
M,541,579,1,ERR4566024,A549,48hpi,1,in vitro,intracellular,singlecell
M,552,575,1,ERR4566024,A549,48hpi,1,in vitro,intracellular,singlecell
M,552,591,1,ERR4566024,A549,48hpi,1,in vitro,intracellular,singlecell
M,581,607,1,ERR4566024,A549,48hpi,1,in vitro,intracellular,singlecell
M,61,92,1,ERR4566024,A549,48hpi,1,in vitro,intracellular,singlecell
M,640,795,1,ERR4566024,A549,48hpi,1,in vitro,intracellular,singlecell
M,649,749,1,ERR4566024,A549,48hpi,1,in vitro,intracellular,singlecell
M,722,778,1,ERR4566024,A549,48hpi,1,in vitro,intracellular,singlecell
M,743,854,1,ERR4566024,A549,48hpi,1,in vitro,intracellular,singlecell
NS,105,193,1,ERR4566024,A549,48hpi,1,in vitro,intracellular,singlecell
NS,107,660,1,ERR4566024,A549,48hpi,1,in vitro,intracellular,singlecell
NS,108,777,1,ERR4566024,A549,48hpi,1,in vitro,intracellular,singlecell
NS,110,678,1,ERR4566024,A549,48hpi,1,in vitro,intracellular,singlecell
NS,113,203,1,ERR4566024,A549,48hpi,1,in vitro,intracellular,singlecell
NS,127,721,1,ERR4566024,A549,48hpi,1,in vitro,intracellular,singlecell
NS,218,598,1,ERR4566024,A549,48hpi,1,in vitro,intracellular,singlecell
NS,218,838,1,ERR4566024,A549,48hpi,1,in vitro,intracellular,singlecell
NS,296,797,1,ERR4566024,A549,48hpi,1,in vitro,intracellular,singlecell
NS,328,430,1,ERR4566024,A549,48hpi,1,in vitro,intracellular,singlecell
NS,57,530,3,ERR4566024,A549,48hpi,1,in vitro,intracellular,singlecell
NS,594,660,1,ERR4566024,A549,48hpi,1,in vitro,intracellular,singlecell
NS,645,693,1,ERR4566024,A549,48hpi,1,in vitro,intracellular,singlecell
NS,64,91,1,ERR4566024,A549,48hpi,1,in vitro,intracellular,singlecell
NS,704,731,1,ERR4566024,A549,48hpi,1,in vitro,intracellular,singlecell
NS,706,777,1,ERR4566024,A549,48hpi,1,in vitro,intracellular,singlecell
NS,87,766,1,ERR4566024,A549,48hpi,1,in vitro,intracellular,singlecell
PB2,1012,1320,1,ERR4566025,A549,48hpi,2,in vitro,intracellular,singlecell
PB2,1063,1090,1,ERR4566025,A549,48hpi,2,in vitro,intracellular,singlecell
PB2,1081,1320,1,ERR4566025,A549,48hpi,2,in vitro,intracellular,singlecell
PB2,1219,1244,1,ERR4566025,A549,48hpi,2,in vitro,intracellular,singlecell
PB2,1222,1263,1,ERR4566025,A549,48hpi,2,in vitro,intracellular,singlecell
PB2,1236,2003,1,ERR4566025,A549,48hpi,2,in vitro,intracellular,singlecell
PB2,1328,1354,1,ERR4566025,A549,48hpi,2,in vitro,intracellular,singlecell
PB2,1485,1516,1,ERR4566025,A549,48hpi,2,in vitro,intracellular,singlecell
PB2,148,2107,1,ERR4566025,A549,48hpi,2,in vitro,intracellular,singlecell
PB2,149,216,1,ERR4566025,A549,48hpi,2,in vitro,intracellular,singlecell
PB2,150,2105,1,ERR4566025,A549,48hpi,2,in vitro,intracellular,singlecell
PB2,150,261,5,ERR4566025,A549,48hpi,2,in vitro,intracellular,singlecell
PB2,1513,1809,1,ERR4566025,A549,48hpi,2,in vitro,intracellular,singlecell
PB2,1522,1683,2,ERR4566025,A549,48hpi,2,in vitro,intracellular,singlecell
PB2,1558,1609,1,ERR4566025,A549,48hpi,2,in vitro,intracellular,singlecell
PB2,160,2091,1,ERR4566025,A549,48hpi,2,in vitro,intracellular,singlecell
PB2,161,191,1,ERR4566025,A549,48hpi,2,in vitro,intracellular,singlecell
PB2,161,2151,1,ERR4566025,A549,48hpi,2,in vitro,intracellular,singlecell
PB2,162,2125,9,ERR4566025,A549,48hpi,2,in vitro,intracellular,singlecell
PB2,163,2126,3,ERR4566025,A549,48hpi,2,in vitro,intracellular,singlecell
PB2,163,2139,2,ERR4566025,A549,48hpi,2,in vitro,intracellular,singlecell
PB2,163,2152,1,ERR4566025,A549,48hpi,2,in vitro,intracellular,singlecell
PB2,165,203,1,ERR4566025,A549,48hpi,2,in vitro,intracellular,singlecell
PB2,167,1349,1,ERR4566025,A549,48hpi,2,in vitro,intracellular,singlecell
PB2,1685,1775,1,ERR4566025,A549,48hpi,2,in vitro,intracellular,singlecell
PB2,168,2089,1,ERR4566025,A549,48hpi,2,in vitro,intracellular,singlecell
PB2,1708,1743,1,ERR4566025,A549,48hpi,2,in vitro,intracellular,singlecell
PB2,1716,2147,4,ERR4566025,A549,48hpi,2,in vitro,intracellular,singlecell
PB2,173,2096,1,ERR4566025,A549,48hpi,2,in vitro,intracellular,singlecell
PB2,173,2101,1,ERR4566025,A549,48hpi,2,in vitro,intracellular,singlecell
PB2,1751,1792,1,ERR4566025,A549,48hpi,2,in vitro,intracellular,singlecell
PB2,176,2052,6,ERR4566025,A549,48hpi,2,in vitro,intracellular,singlecell
PB2,177,2141,1,ERR4566025,A549,48hpi,2,in vitro,intracellular,singlecell
PB2,180,2121,1,ERR4566025,A549,48hpi,2,in vitro,intracellular,singlecell
PB2,181,2106,1,ERR4566025,A549,48hpi,2,in vitro,intracellular,singlecell
PB2,183,212,1,ERR4566025,A549,48hpi,2,in vitro,intracellular,singlecell
PB2,1885,1930,1,ERR4566025,A549,48hpi,2,in vitro,intracellular,singlecell
PB2,1894,2027,1,ERR4566025,A549,48hpi,2,in vitro,intracellular,singlecell
PB2,190,2026,1,ERR4566025,A549,48hpi,2,in vitro,intracellular,singlecell
PB2,190,2059,1,ERR4566025,A549,48hpi,2,in vitro,intracellular,singlecell
PB2,191,2053,2,ERR4566025,A549,48hpi,2,in vitro,intracellular,singlecell
PB2,191,218,1,ERR4566025,A549,48hpi,2,in vitro,intracellular,singlecell
PB2,191,2195,2,ERR4566025,A549,48hpi,2,in vitro,intracellular,singlecell
PB2,191,222,1,ERR4566025,A549,48hpi,2,in vitro,intracellular,singlecell
PB2,191,403,1,ERR4566025,A549,48hpi,2,in vitro,intracellular,singlecell
PB2,192,2068,1,ERR4566025,A549,48hpi,2,in vitro,intracellular,singlecell
PB2,195,2032,1,ERR4566025,A549,48hpi,2,in vitro,intracellular,singlecell
PB2,1968,2001,1,ERR4566025,A549,48hpi,2,in vitro,intracellular,singlecell
PB2,1968,2003,1,ERR4566025,A549,48hpi,2,in vitro,intracellular,singlecell
PB2,1989,2114,1,ERR4566025,A549,48hpi,2,in vitro,intracellular,singlecell
PB2,199,1993,1,ERR4566025,A549,48hpi,2,in vitro,intracellular,singlecell
PB2,2001,2206,1,ERR4566025,A549,48hpi,2,in vitro,intracellular,singlecell
PB2,203,2043,2,ERR4566025,A549,48hpi,2,in vitro,intracellular,singlecell
PB2,2068,2137,1,ERR4566025,A549,48hpi,2,in vitro,intracellular,singlecell
PB2,2078,2113,1,ERR4566025,A549,48hpi,2,in vitro,intracellular,singlecell
PB2,209,253,1,ERR4566025,A549,48hpi,2,in vitro,intracellular,singlecell
PB2,210,2045,1,ERR4566025,A549,48hpi,2,in vitro,intracellular,singlecell
PB2,2115,2262,1,ERR4566025,A549,48hpi,2,in vitro,intracellular,singlecell
PB2,2126,2172,1,ERR4566025,A549,48hpi,2,in vitro,intracellular,singlecell
PB2,215,2100,1,ERR4566025,A549,48hpi,2,in vitro,intracellular,singlecell
PB2,222,2193,1,ERR4566025,A549,48hpi,2,in vitro,intracellular,singlecell
PB2,224,2042,1,ERR4566025,A549,48hpi,2,in vitro,intracellular,singlecell
PB2,225,1950,1,ERR4566025,A549,48hpi,2,in vitro,intracellular,singlecell
PB2,225,2227,1,ERR4566025,A549,48hpi,2,in vitro,intracellular,singlecell
PB2,226,2070,1,ERR4566025,A549,48hpi,2,in vitro,intracellular,singlecell
PB2,239,2000,1,ERR4566025,A549,48hpi,2,in vitro,intracellular,singlecell
PB2,240,2113,1,ERR4566025,A549,48hpi,2,in vitro,intracellular,singlecell
PB2,242,2234,2,ERR4566025,A549,48hpi,2,in vitro,intracellular,singlecell
PB2,257,2115,1,ERR4566025,A549,48hpi,2,in vitro,intracellular,singlecell
PB2,258,288,1,ERR4566025,A549,48hpi,2,in vitro,intracellular,singlecell
PB2,260,2073,1,ERR4566025,A549,48hpi,2,in vitro,intracellular,singlecell
PB2,266,2172,1,ERR4566025,A549,48hpi,2,in vitro,intracellular,singlecell
PB2,272,2054,10,ERR4566025,A549,48hpi,2,in vitro,intracellular,singlecell
PB2,274,1973,5,ERR4566025,A549,48hpi,2,in vitro,intracellular,singlecell
PB2,275,1975,1,ERR4566025,A549,48hpi,2,in vitro,intracellular,singlecell
PB2,275,2004,7,ERR4566025,A549,48hpi,2,in vitro,intracellular,singlecell
PB2,277,1403,5,ERR4566025,A549,48hpi,2,in vitro,intracellular,singlecell
PB2,278,2178,2,ERR4566025,A549,48hpi,2,in vitro,intracellular,singlecell
PB2,294,1973,2,ERR4566025,A549,48hpi,2,in vitro,intracellular,singlecell
PB2,296,2002,1,ERR4566025,A549,48hpi,2,in vitro,intracellular,singlecell
PB2,297,1973,1,ERR4566025,A549,48hpi,2,in vitro,intracellular,singlecell
PB2,298,2143,1,ERR4566025,A549,48hpi,2,in vitro,intracellular,singlecell
PB2,318,2002,1,ERR4566025,A549,48hpi,2,in vitro,intracellular,singlecell
PB2,323,1991,1,ERR4566025,A549,48hpi,2,in vitro,intracellular,singlecell
PB2,333,1984,1,ERR4566025,A549,48hpi,2,in vitro,intracellular,singlecell
PB2,334,2069,10,ERR4566025,A549,48hpi,2,in vitro,intracellular,singlecell
PB2,342,1944,1,ERR4566025,A549,48hpi,2,in vitro,intracellular,singlecell
PB2,343,1976,1,ERR4566025,A549,48hpi,2,in vitro,intracellular,singlecell
PB2,352,1909,2,ERR4566025,A549,48hpi,2,in vitro,intracellular,singlecell
PB2,370,2091,1,ERR4566025,A549,48hpi,2,in vitro,intracellular,singlecell
PB2,371,1945,1,ERR4566025,A549,48hpi,2,in vitro,intracellular,singlecell
PB2,382,1654,1,ERR4566025,A549,48hpi,2,in vitro,intracellular,singlecell
PB2,399,2039,1,ERR4566025,A549,48hpi,2,in vitro,intracellular,singlecell
PB2,417,1713,1,ERR4566025,A549,48hpi,2,in vitro,intracellular,singlecell
PB2,434,472,1,ERR4566025,A549,48hpi,2,in vitro,intracellular,singlecell
PB2,441,1862,3,ERR4566025,A549,48hpi,2,in vitro,intracellular,singlecell
PB2,451,1744,1,ERR4566025,A549,48hpi,2,in vitro,intracellular,singlecell
PB2,456,1839,1,ERR4566025,A549,48hpi,2,in vitro,intracellular,singlecell
PB2,459,514,1,ERR4566025,A549,48hpi,2,in vitro,intracellular,singlecell
PB2,465,1821,1,ERR4566025,A549,48hpi,2,in vitro,intracellular,singlecell
PB2,467,1759,1,ERR4566025,A549,48hpi,2,in vitro,intracellular,singlecell
PB2,468,1746,1,ERR4566025,A549,48hpi,2,in vitro,intracellular,singlecell
PB2,471,1766,1,ERR4566025,A549,48hpi,2,in vitro,intracellular,singlecell
PB2,474,1812,1,ERR4566025,A549,48hpi,2,in vitro,intracellular,singlecell
PB2,480,1792,1,ERR4566025,A549,48hpi,2,in vitro,intracellular,singlecell
PB2,481,1720,1,ERR4566025,A549,48hpi,2,in vitro,intracellular,singlecell
PB2,481,2208,1,ERR4566025,A549,48hpi,2,in vitro,intracellular,singlecell
PB2,502,1771,1,ERR4566025,A549,48hpi,2,in vitro,intracellular,singlecell
PB2,512,1759,1,ERR4566025,A549,48hpi,2,in vitro,intracellular,singlecell
PB2,536,1647,1,ERR4566025,A549,48hpi,2,in vitro,intracellular,singlecell
PB2,558,1733,1,ERR4566025,A549,48hpi,2,in vitro,intracellular,singlecell
PB2,562,1883,1,ERR4566025,A549,48hpi,2,in vitro,intracellular,singlecell
PB2,570,1655,1,ERR4566025,A549,48hpi,2,in vitro,intracellular,singlecell
PB2,577,1755,3,ERR4566025,A549,48hpi,2,in vitro,intracellular,singlecell
PB2,584,1617,1,ERR4566025,A549,48hpi,2,in vitro,intracellular,singlecell
PB2,585,629,1,ERR4566025,A549,48hpi,2,in vitro,intracellular,singlecell
PB2,607,1667,1,ERR4566025,A549,48hpi,2,in vitro,intracellular,singlecell
PB2,636,1588,1,ERR4566025,A549,48hpi,2,in vitro,intracellular,singlecell
PB2,707,2052,1,ERR4566025,A549,48hpi,2,in vitro,intracellular,singlecell
PB2,725,1540,1,ERR4566025,A549,48hpi,2,in vitro,intracellular,singlecell
PB2,725,2211,1,ERR4566025,A549,48hpi,2,in vitro,intracellular,singlecell
PB2,731,1525,1,ERR4566025,A549,48hpi,2,in vitro,intracellular,singlecell
PB2,750,1510,1,ERR4566025,A549,48hpi,2,in vitro,intracellular,singlecell
PB2,759,1107,2,ERR4566025,A549,48hpi,2,in vitro,intracellular,singlecell
PB2,804,871,1,ERR4566025,A549,48hpi,2,in vitro,intracellular,singlecell
PB2,805,1463,1,ERR4566025,A549,48hpi,2,in vitro,intracellular,singlecell
PB2,840,1450,1,ERR4566025,A549,48hpi,2,in vitro,intracellular,singlecell
PB2,872,1237,1,ERR4566025,A549,48hpi,2,in vitro,intracellular,singlecell
PB2,893,1873,1,ERR4566025,A549,48hpi,2,in vitro,intracellular,singlecell
PB2,894,2151,2,ERR4566025,A549,48hpi,2,in vitro,intracellular,singlecell
PB2,920,1393,1,ERR4566025,A549,48hpi,2,in vitro,intracellular,singlecell
PB2,938,1309,1,ERR4566025,A549,48hpi,2,in vitro,intracellular,singlecell
PB2,954,1253,1,ERR4566025,A549,48hpi,2,in vitro,intracellular,singlecell
PB2,955,1555,1,ERR4566025,A549,48hpi,2,in vitro,intracellular,singlecell
PB1,101,2006,1,ERR4566025,A549,48hpi,2,in vitro,intracellular,singlecell
PB1,1028,1177,1,ERR4566025,A549,48hpi,2,in vitro,intracellular,singlecell
PB1,1052,1215,1,ERR4566025,A549,48hpi,2,in vitro,intracellular,singlecell
PB1,106,2179,1,ERR4566025,A549,48hpi,2,in vitro,intracellular,singlecell
PB1,1082,1114,1,ERR4566025,A549,48hpi,2,in vitro,intracellular,singlecell
PB1,1111,1214,1,ERR4566025,A549,48hpi,2,in vitro,intracellular,singlecell
PB1,111,2256,1,ERR4566025,A549,48hpi,2,in vitro,intracellular,singlecell
PB1,112,2166,2,ERR4566025,A549,48hpi,2,in vitro,intracellular,singlecell
PB1,113,2110,1,ERR4566025,A549,48hpi,2,in vitro,intracellular,singlecell
PB1,113,2165,1,ERR4566025,A549,48hpi,2,in vitro,intracellular,singlecell
PB1,113,2177,1,ERR4566025,A549,48hpi,2,in vitro,intracellular,singlecell
PB1,116,2167,1,ERR4566025,A549,48hpi,2,in vitro,intracellular,singlecell
PB1,116,2168,2,ERR4566025,A549,48hpi,2,in vitro,intracellular,singlecell
PB1,117,2104,1,ERR4566025,A549,48hpi,2,in vitro,intracellular,singlecell
PB1,120,178,1,ERR4566025,A549,48hpi,2,in vitro,intracellular,singlecell
PB1,121,2078,1,ERR4566025,A549,48hpi,2,in vitro,intracellular,singlecell
PB1,121,2210,1,ERR4566025,A549,48hpi,2,in vitro,intracellular,singlecell
PB1,122,146,1,ERR4566025,A549,48hpi,2,in vitro,intracellular,singlecell
PB1,123,2006,1,ERR4566025,A549,48hpi,2,in vitro,intracellular,singlecell
PB1,123,2168,3,ERR4566025,A549,48hpi,2,in vitro,intracellular,singlecell
PB1,124,2115,1,ERR4566025,A549,48hpi,2,in vitro,intracellular,singlecell
PB1,1284,1324,1,ERR4566025,A549,48hpi,2,in vitro,intracellular,singlecell
PB1,1320,1837,1,ERR4566025,A549,48hpi,2,in vitro,intracellular,singlecell
PB1,132,2085,1,ERR4566025,A549,48hpi,2,in vitro,intracellular,singlecell
PB1,133,2130,1,ERR4566025,A549,48hpi,2,in vitro,intracellular,singlecell
PB1,133,2142,1,ERR4566025,A549,48hpi,2,in vitro,intracellular,singlecell
PB1,134,2103,3,ERR4566025,A549,48hpi,2,in vitro,intracellular,singlecell
PB1,135,2082,1,ERR4566025,A549,48hpi,2,in vitro,intracellular,singlecell
PB1,135,2115,1,ERR4566025,A549,48hpi,2,in vitro,intracellular,singlecell
PB1,136,2080,2,ERR4566025,A549,48hpi,2,in vitro,intracellular,singlecell
PB1,137,2065,13,ERR4566025,A549,48hpi,2,in vitro,intracellular,singlecell
PB1,137,2085,1,ERR4566025,A549,48hpi,2,in vitro,intracellular,singlecell
PB1,137,2110,33,ERR4566025,A549,48hpi,2,in vitro,intracellular,singlecell
PB1,137,769,1,ERR4566025,A549,48hpi,2,in vitro,intracellular,singlecell
PB1,139,2141,3,ERR4566025,A549,48hpi,2,in vitro,intracellular,singlecell
PB1,141,2088,1,ERR4566025,A549,48hpi,2,in vitro,intracellular,singlecell
PB1,141,2169,1,ERR4566025,A549,48hpi,2,in vitro,intracellular,singlecell
PB1,143,2157,1,ERR4566025,A549,48hpi,2,in vitro,intracellular,singlecell
PB1,144,2050,1,ERR4566025,A549,48hpi,2,in vitro,intracellular,singlecell
PB1,144,2058,1,ERR4566025,A549,48hpi,2,in vitro,intracellular,singlecell
PB1,144,2081,1,ERR4566025,A549,48hpi,2,in vitro,intracellular,singlecell
PB1,144,2100,2,ERR4566025,A549,48hpi,2,in vitro,intracellular,singlecell
PB1,144,2103,10,ERR4566025,A549,48hpi,2,in vitro,intracellular,singlecell
PB1,144,2114,2,ERR4566025,A549,48hpi,2,in vitro,intracellular,singlecell
PB1,145,2100,2,ERR4566025,A549,48hpi,2,in vitro,intracellular,singlecell
PB1,145,2103,27,ERR4566025,A549,48hpi,2,in vitro,intracellular,singlecell
PB1,146,2082,3,ERR4566025,A549,48hpi,2,in vitro,intracellular,singlecell
PB1,147,2063,1,ERR4566025,A549,48hpi,2,in vitro,intracellular,singlecell
PB1,152,2080,1,ERR4566025,A549,48hpi,2,in vitro,intracellular,singlecell
PB1,157,2115,1,ERR4566025,A549,48hpi,2,in vitro,intracellular,singlecell
PB1,157,2164,1,ERR4566025,A549,48hpi,2,in vitro,intracellular,singlecell
PB1,158,2103,1,ERR4566025,A549,48hpi,2,in vitro,intracellular,singlecell
PB1,1590,1640,1,ERR4566025,A549,48hpi,2,in vitro,intracellular,singlecell
PB1,1625,2111,1,ERR4566025,A549,48hpi,2,in vitro,intracellular,singlecell
PB1,162,1941,1,ERR4566025,A549,48hpi,2,in vitro,intracellular,singlecell
PB1,1647,1713,1,ERR4566025,A549,48hpi,2,in vitro,intracellular,singlecell
PB1,169,2209,1,ERR4566025,A549,48hpi,2,in vitro,intracellular,singlecell
PB1,1711,1746,1,ERR4566025,A549,48hpi,2,in vitro,intracellular,singlecell
PB1,173,2059,1,ERR4566025,A549,48hpi,2,in vitro,intracellular,singlecell
PB1,1782,1984,1,ERR4566025,A549,48hpi,2,in vitro,intracellular,singlecell
PB1,179,2110,4,ERR4566025,A549,48hpi,2,in vitro,intracellular,singlecell
PB1,180,2058,1,ERR4566025,A549,48hpi,2,in vitro,intracellular,singlecell
PB1,181,2089,1,ERR4566025,A549,48hpi,2,in vitro,intracellular,singlecell
PB1,1830,1915,1,ERR4566025,A549,48hpi,2,in vitro,intracellular,singlecell
PB1,184,2052,14,ERR4566025,A549,48hpi,2,in vitro,intracellular,singlecell
PB1,185,2111,1,ERR4566025,A549,48hpi,2,in vitro,intracellular,singlecell
PB1,1862,1899,1,ERR4566025,A549,48hpi,2,in vitro,intracellular,singlecell
PB1,188,2100,1,ERR4566025,A549,48hpi,2,in vitro,intracellular,singlecell
PB1,1891,2090,1,ERR4566025,A549,48hpi,2,in vitro,intracellular,singlecell
PB1,1894,2010,1,ERR4566025,A549,48hpi,2,in vitro,intracellular,singlecell
PB1,189,2103,3,ERR4566025,A549,48hpi,2,in vitro,intracellular,singlecell
PB1,190,2115,1,ERR4566025,A549,48hpi,2,in vitro,intracellular,singlecell
PB1,191,2047,1,ERR4566025,A549,48hpi,2,in vitro,intracellular,singlecell
PB1,193,2106,1,ERR4566025,A549,48hpi,2,in vitro,intracellular,singlecell
PB1,194,1951,1,ERR4566025,A549,48hpi,2,in vitro,intracellular,singlecell
PB1,194,1959,1,ERR4566025,A549,48hpi,2,in vitro,intracellular,singlecell
PB1,194,2092,2,ERR4566025,A549,48hpi,2,in vitro,intracellular,singlecell
PB1,195,2129,1,ERR4566025,A549,48hpi,2,in vitro,intracellular,singlecell
PB1,195,2165,1,ERR4566025,A549,48hpi,2,in vitro,intracellular,singlecell
PB1,1986,2021,1,ERR4566025,A549,48hpi,2,in vitro,intracellular,singlecell
PB1,1988,2017,2,ERR4566025,A549,48hpi,2,in vitro,intracellular,singlecell
PB1,199,1941,1,ERR4566025,A549,48hpi,2,in vitro,intracellular,singlecell
PB1,2002,2100,1,ERR4566025,A549,48hpi,2,in vitro,intracellular,singlecell
PB1,2047,2083,1,ERR4566025,A549,48hpi,2,in vitro,intracellular,singlecell
PB1,205,1900,1,ERR4566025,A549,48hpi,2,in vitro,intracellular,singlecell
PB1,205,2106,1,ERR4566025,A549,48hpi,2,in vitro,intracellular,singlecell
PB1,208,2103,1,ERR4566025,A549,48hpi,2,in vitro,intracellular,singlecell
PB1,2110,2159,1,ERR4566025,A549,48hpi,2,in vitro,intracellular,singlecell
PB1,211,2163,1,ERR4566025,A549,48hpi,2,in vitro,intracellular,singlecell
PB1,211,2206,1,ERR4566025,A549,48hpi,2,in vitro,intracellular,singlecell
PB1,2128,2177,2,ERR4566025,A549,48hpi,2,in vitro,intracellular,singlecell
PB1,2138,2258,1,ERR4566025,A549,48hpi,2,in vitro,intracellular,singlecell
PB1,2153,2223,1,ERR4566025,A549,48hpi,2,in vitro,intracellular,singlecell
PB1,2165,2262,1,ERR4566025,A549,48hpi,2,in vitro,intracellular,singlecell
PB1,230,1986,1,ERR4566025,A549,48hpi,2,in vitro,intracellular,singlecell
PB1,231,427,1,ERR4566025,A549,48hpi,2,in vitro,intracellular,singlecell
PB1,234,2042,1,ERR4566025,A549,48hpi,2,in vitro,intracellular,singlecell
PB1,244,2148,1,ERR4566025,A549,48hpi,2,in vitro,intracellular,singlecell
PB1,252,2092,1,ERR4566025,A549,48hpi,2,in vitro,intracellular,singlecell
PB1,269,2014,1,ERR4566025,A549,48hpi,2,in vitro,intracellular,singlecell
PB1,271,1990,1,ERR4566025,A549,48hpi,2,in vitro,intracellular,singlecell
PB1,286,1899,1,ERR4566025,A549,48hpi,2,in vitro,intracellular,singlecell
PB1,293,1875,1,ERR4566025,A549,48hpi,2,in vitro,intracellular,singlecell
PB1,293,1986,1,ERR4566025,A549,48hpi,2,in vitro,intracellular,singlecell
PB1,327,1904,1,ERR4566025,A549,48hpi,2,in vitro,intracellular,singlecell
PB1,328,1858,1,ERR4566025,A549,48hpi,2,in vitro,intracellular,singlecell
PB1,329,1898,1,ERR4566025,A549,48hpi,2,in vitro,intracellular,singlecell
PB1,329,1999,1,ERR4566025,A549,48hpi,2,in vitro,intracellular,singlecell
PB1,334,1863,1,ERR4566025,A549,48hpi,2,in vitro,intracellular,singlecell
PB1,334,1899,1,ERR4566025,A549,48hpi,2,in vitro,intracellular,singlecell
PB1,334,2006,1,ERR4566025,A549,48hpi,2,in vitro,intracellular,singlecell
PB1,336,1947,1,ERR4566025,A549,48hpi,2,in vitro,intracellular,singlecell
PB1,347,1989,3,ERR4566025,A549,48hpi,2,in vitro,intracellular,singlecell
PB1,349,1899,2,ERR4566025,A549,48hpi,2,in vitro,intracellular,singlecell
PB1,350,1897,1,ERR4566025,A549,48hpi,2,in vitro,intracellular,singlecell
PB1,351,1897,1,ERR4566025,A549,48hpi,2,in vitro,intracellular,singlecell
PB1,351,1947,2,ERR4566025,A549,48hpi,2,in vitro,intracellular,singlecell
PB1,354,1876,1,ERR4566025,A549,48hpi,2,in vitro,intracellular,singlecell
PB1,357,1877,1,ERR4566025,A549,48hpi,2,in vitro,intracellular,singlecell
PB1,357,1899,6,ERR4566025,A549,48hpi,2,in vitro,intracellular,singlecell
PB1,359,1836,1,ERR4566025,A549,48hpi,2,in vitro,intracellular,singlecell
PB1,364,1847,4,ERR4566025,A549,48hpi,2,in vitro,intracellular,singlecell
PB1,364,1899,1,ERR4566025,A549,48hpi,2,in vitro,intracellular,singlecell
PB1,368,1883,1,ERR4566025,A549,48hpi,2,in vitro,intracellular,singlecell
PB1,369,1974,1,ERR4566025,A549,48hpi,2,in vitro,intracellular,singlecell
PB1,371,1998,1,ERR4566025,A549,48hpi,2,in vitro,intracellular,singlecell
PB1,374,1885,1,ERR4566025,A549,48hpi,2,in vitro,intracellular,singlecell
PB1,376,1885,1,ERR4566025,A549,48hpi,2,in vitro,intracellular,singlecell
PB1,378,1820,1,ERR4566025,A549,48hpi,2,in vitro,intracellular,singlecell
PB1,378,1860,1,ERR4566025,A549,48hpi,2,in vitro,intracellular,singlecell
PB1,378,1938,4,ERR4566025,A549,48hpi,2,in vitro,intracellular,singlecell
PB1,379,1879,1,ERR4566025,A549,48hpi,2,in vitro,intracellular,singlecell
PB1,381,1858,1,ERR4566025,A549,48hpi,2,in vitro,intracellular,singlecell
PB1,381,1897,2,ERR4566025,A549,48hpi,2,in vitro,intracellular,singlecell
PB1,381,1928,1,ERR4566025,A549,48hpi,2,in vitro,intracellular,singlecell
PB1,382,1873,1,ERR4566025,A549,48hpi,2,in vitro,intracellular,singlecell
PB1,382,1879,1,ERR4566025,A549,48hpi,2,in vitro,intracellular,singlecell
PB1,383,1875,2,ERR4566025,A549,48hpi,2,in vitro,intracellular,singlecell
PB1,384,1871,1,ERR4566025,A549,48hpi,2,in vitro,intracellular,singlecell
PB1,385,2177,1,ERR4566025,A549,48hpi,2,in vitro,intracellular,singlecell
PB1,388,1900,2,ERR4566025,A549,48hpi,2,in vitro,intracellular,singlecell
PB1,388,1968,1,ERR4566025,A549,48hpi,2,in vitro,intracellular,singlecell
PB1,389,1668,1,ERR4566025,A549,48hpi,2,in vitro,intracellular,singlecell
PB1,394,1762,1,ERR4566025,A549,48hpi,2,in vitro,intracellular,singlecell
PB1,394,1833,1,ERR4566025,A549,48hpi,2,in vitro,intracellular,singlecell
PB1,395,2246,1,ERR4566025,A549,48hpi,2,in vitro,intracellular,singlecell
PB1,410,1938,1,ERR4566025,A549,48hpi,2,in vitro,intracellular,singlecell
PB1,412,1774,1,ERR4566025,A549,48hpi,2,in vitro,intracellular,singlecell
PB1,413,1910,1,ERR4566025,A549,48hpi,2,in vitro,intracellular,singlecell
PB1,416,1900,1,ERR4566025,A549,48hpi,2,in vitro,intracellular,singlecell
PB1,426,1876,1,ERR4566025,A549,48hpi,2,in vitro,intracellular,singlecell
PB1,436,1812,2,ERR4566025,A549,48hpi,2,in vitro,intracellular,singlecell
PB1,436,1993,1,ERR4566025,A549,48hpi,2,in vitro,intracellular,singlecell
PB1,44,2080,1,ERR4566025,A549,48hpi,2,in vitro,intracellular,singlecell
PB1,44,2099,1,ERR4566025,A549,48hpi,2,in vitro,intracellular,singlecell
PB1,450,1734,1,ERR4566025,A549,48hpi,2,in vitro,intracellular,singlecell
PB1,451,1857,1,ERR4566025,A549,48hpi,2,in vitro,intracellular,singlecell
PB1,455,1868,1,ERR4566025,A549,48hpi,2,in vitro,intracellular,singlecell
PB1,460,1753,1,ERR4566025,A549,48hpi,2,in vitro,intracellular,singlecell
PB1,462,1721,1,ERR4566025,A549,48hpi,2,in vitro,intracellular,singlecell
PB1,464,1662,1,ERR4566025,A549,48hpi,2,in vitro,intracellular,singlecell
PB1,47,100,2,ERR4566025,A549,48hpi,2,in vitro,intracellular,singlecell
PB1,47,151,1,ERR4566025,A549,48hpi,2,in vitro,intracellular,singlecell
PB1,492,1803,1,ERR4566025,A549,48hpi,2,in vitro,intracellular,singlecell
PB1,528,1681,1,ERR4566025,A549,48hpi,2,in vitro,intracellular,singlecell
PB1,53,121,1,ERR4566025,A549,48hpi,2,in vitro,intracellular,singlecell
PB1,53,2212,1,ERR4566025,A549,48hpi,2,in vitro,intracellular,singlecell
PB1,548,1639,1,ERR4566025,A549,48hpi,2,in vitro,intracellular,singlecell
PB1,548,1861,4,ERR4566025,A549,48hpi,2,in vitro,intracellular,singlecell
PB1,54,2110,1,ERR4566025,A549,48hpi,2,in vitro,intracellular,singlecell
PB1,54,98,1,ERR4566025,A549,48hpi,2,in vitro,intracellular,singlecell
PB1,574,1703,1,ERR4566025,A549,48hpi,2,in vitro,intracellular,singlecell
PB1,574,597,1,ERR4566025,A549,48hpi,2,in vitro,intracellular,singlecell
PB1,588,1345,1,ERR4566025,A549,48hpi,2,in vitro,intracellular,singlecell
PB1,58,128,1,ERR4566025,A549,48hpi,2,in vitro,intracellular,singlecell
PB1,58,2114,1,ERR4566025,A549,48hpi,2,in vitro,intracellular,singlecell
PB1,58,81,2,ERR4566025,A549,48hpi,2,in vitro,intracellular,singlecell
PB1,590,1677,1,ERR4566025,A549,48hpi,2,in vitro,intracellular,singlecell
PB1,594,2130,1,ERR4566025,A549,48hpi,2,in vitro,intracellular,singlecell
PB1,595,1663,1,ERR4566025,A549,48hpi,2,in vitro,intracellular,singlecell
PB1,597,1899,2,ERR4566025,A549,48hpi,2,in vitro,intracellular,singlecell
PB1,601,1795,1,ERR4566025,A549,48hpi,2,in vitro,intracellular,singlecell
PB1,607,1689,1,ERR4566025,A549,48hpi,2,in vitro,intracellular,singlecell
PB1,608,1752,1,ERR4566025,A549,48hpi,2,in vitro,intracellular,singlecell
PB1,624,1684,1,ERR4566025,A549,48hpi,2,in vitro,intracellular,singlecell
PB1,630,1645,1,ERR4566025,A549,48hpi,2,in vitro,intracellular,singlecell
PB1,638,1523,2,ERR4566025,A549,48hpi,2,in vitro,intracellular,singlecell
PB1,639,666,1,ERR4566025,A549,48hpi,2,in vitro,intracellular,singlecell
PB1,678,1625,1,ERR4566025,A549,48hpi,2,in vitro,intracellular,singlecell
PB1,678,701,1,ERR4566025,A549,48hpi,2,in vitro,intracellular,singlecell
PB1,684,1504,1,ERR4566025,A549,48hpi,2,in vitro,intracellular,singlecell
PB1,68,138,1,ERR4566025,A549,48hpi,2,in vitro,intracellular,singlecell
PB1,697,720,1,ERR4566025,A549,48hpi,2,in vitro,intracellular,singlecell
PB1,70,98,1,ERR4566025,A549,48hpi,2,in vitro,intracellular,singlecell
PB1,731,1538,1,ERR4566025,A549,48hpi,2,in vitro,intracellular,singlecell
PB1,731,1604,1,ERR4566025,A549,48hpi,2,in vitro,intracellular,singlecell
PB1,732,1091,1,ERR4566025,A549,48hpi,2,in vitro,intracellular,singlecell
PB1,739,1454,1,ERR4566025,A549,48hpi,2,in vitro,intracellular,singlecell
PB1,744,1362,1,ERR4566025,A549,48hpi,2,in vitro,intracellular,singlecell
PB1,75,100,1,ERR4566025,A549,48hpi,2,in vitro,intracellular,singlecell
PB1,765,1416,1,ERR4566025,A549,48hpi,2,in vitro,intracellular,singlecell
PB1,766,1824,1,ERR4566025,A549,48hpi,2,in vitro,intracellular,singlecell
PB1,76,2054,2,ERR4566025,A549,48hpi,2,in vitro,intracellular,singlecell
PB1,76,2239,2,ERR4566025,A549,48hpi,2,in vitro,intracellular,singlecell
PB1,76,98,1,ERR4566025,A549,48hpi,2,in vitro,intracellular,singlecell
PB1,806,1489,1,ERR4566025,A549,48hpi,2,in vitro,intracellular,singlecell
PB1,807,1515,1,ERR4566025,A549,48hpi,2,in vitro,intracellular,singlecell
PB1,810,1490,1,ERR4566025,A549,48hpi,2,in vitro,intracellular,singlecell
PB1,823,1610,1,ERR4566025,A549,48hpi,2,in vitro,intracellular,singlecell
PB1,894,1367,1,ERR4566025,A549,48hpi,2,in vitro,intracellular,singlecell
PB1,899,1377,1,ERR4566025,A549,48hpi,2,in vitro,intracellular,singlecell
PB1,94,123,1,ERR4566025,A549,48hpi,2,in vitro,intracellular,singlecell
PB1,94,2113,1,ERR4566025,A549,48hpi,2,in vitro,intracellular,singlecell
PB1,95,1216,1,ERR4566025,A549,48hpi,2,in vitro,intracellular,singlecell
PB1,96,2166,1,ERR4566025,A549,48hpi,2,in vitro,intracellular,singlecell
PA,100,2053,1,ERR4566025,A549,48hpi,2,in vitro,intracellular,singlecell
PA,102,166,1,ERR4566025,A549,48hpi,2,in vitro,intracellular,singlecell
PA,102,2071,1,ERR4566025,A549,48hpi,2,in vitro,intracellular,singlecell
PA,118,2082,1,ERR4566025,A549,48hpi,2,in vitro,intracellular,singlecell
PA,1230,1275,1,ERR4566025,A549,48hpi,2,in vitro,intracellular,singlecell
PA,124,2086,1,ERR4566025,A549,48hpi,2,in vitro,intracellular,singlecell
PA,126,192,1,ERR4566025,A549,48hpi,2,in vitro,intracellular,singlecell
PA,128,170,1,ERR4566025,A549,48hpi,2,in vitro,intracellular,singlecell
PA,129,167,1,ERR4566025,A549,48hpi,2,in vitro,intracellular,singlecell
PA,130,2062,1,ERR4566025,A549,48hpi,2,in vitro,intracellular,singlecell
PA,130,2076,2,ERR4566025,A549,48hpi,2,in vitro,intracellular,singlecell
PA,132,163,1,ERR4566025,A549,48hpi,2,in vitro,intracellular,singlecell
PA,134,1830,1,ERR4566025,A549,48hpi,2,in vitro,intracellular,singlecell
PA,135,2070,3,ERR4566025,A549,48hpi,2,in vitro,intracellular,singlecell
PA,136,1953,1,ERR4566025,A549,48hpi,2,in vitro,intracellular,singlecell
PA,138,2063,1,ERR4566025,A549,48hpi,2,in vitro,intracellular,singlecell
PA,138,208,1,ERR4566025,A549,48hpi,2,in vitro,intracellular,singlecell
PA,139,169,1,ERR4566025,A549,48hpi,2,in vitro,intracellular,singlecell
PA,140,1927,1,ERR4566025,A549,48hpi,2,in vitro,intracellular,singlecell
PA,140,1972,10,ERR4566025,A549,48hpi,2,in vitro,intracellular,singlecell
PA,141,2065,1,ERR4566025,A549,48hpi,2,in vitro,intracellular,singlecell
PA,146,168,1,ERR4566025,A549,48hpi,2,in vitro,intracellular,singlecell
PA,150,198,5,ERR4566025,A549,48hpi,2,in vitro,intracellular,singlecell
PA,152,1911,1,ERR4566025,A549,48hpi,2,in vitro,intracellular,singlecell
PA,154,1861,1,ERR4566025,A549,48hpi,2,in vitro,intracellular,singlecell
PA,155,223,1,ERR4566025,A549,48hpi,2,in vitro,intracellular,singlecell
PA,156,2132,1,ERR4566025,A549,48hpi,2,in vitro,intracellular,singlecell
PA,156,214,1,ERR4566025,A549,48hpi,2,in vitro,intracellular,singlecell
PA,157,1885,1,ERR4566025,A549,48hpi,2,in vitro,intracellular,singlecell
PA,158,1954,4,ERR4566025,A549,48hpi,2,in vitro,intracellular,singlecell
PA,158,1958,5,ERR4566025,A549,48hpi,2,in vitro,intracellular,singlecell
PA,158,2075,1,ERR4566025,A549,48hpi,2,in vitro,intracellular,singlecell
PA,159,1977,1,ERR4566025,A549,48hpi,2,in vitro,intracellular,singlecell
PA,159,2064,1,ERR4566025,A549,48hpi,2,in vitro,intracellular,singlecell
PA,161,2068,1,ERR4566025,A549,48hpi,2,in vitro,intracellular,singlecell
PA,164,1951,1,ERR4566025,A549,48hpi,2,in vitro,intracellular,singlecell
PA,164,1973,1,ERR4566025,A549,48hpi,2,in vitro,intracellular,singlecell
PA,167,192,1,ERR4566025,A549,48hpi,2,in vitro,intracellular,singlecell
PA,167,208,1,ERR4566025,A549,48hpi,2,in vitro,intracellular,singlecell
PA,168,2071,1,ERR4566025,A549,48hpi,2,in vitro,intracellular,singlecell
PA,169,1989,1,ERR4566025,A549,48hpi,2,in vitro,intracellular,singlecell
PA,171,1964,3,ERR4566025,A549,48hpi,2,in vitro,intracellular,singlecell
PA,175,2041,1,ERR4566025,A549,48hpi,2,in vitro,intracellular,singlecell
PA,177,2068,11,ERR4566025,A549,48hpi,2,in vitro,intracellular,singlecell
PA,179,1860,4,ERR4566025,A549,48hpi,2,in vitro,intracellular,singlecell
PA,183,223,1,ERR4566025,A549,48hpi,2,in vitro,intracellular,singlecell
PA,186,211,1,ERR4566025,A549,48hpi,2,in vitro,intracellular,singlecell
PA,1873,1906,1,ERR4566025,A549,48hpi,2,in vitro,intracellular,singlecell
PA,1875,1929,1,ERR4566025,A549,48hpi,2,in vitro,intracellular,singlecell
PA,187,1906,4,ERR4566025,A549,48hpi,2,in vitro,intracellular,singlecell
PA,1880,1917,1,ERR4566025,A549,48hpi,2,in vitro,intracellular,singlecell
PA,189,213,1,ERR4566025,A549,48hpi,2,in vitro,intracellular,singlecell
PA,1906,1935,1,ERR4566025,A549,48hpi,2,in vitro,intracellular,singlecell
PA,190,1949,24,ERR4566025,A549,48hpi,2,in vitro,intracellular,singlecell
PA,190,1994,1,ERR4566025,A549,48hpi,2,in vitro,intracellular,singlecell
PA,190,428,1,ERR4566025,A549,48hpi,2,in vitro,intracellular,singlecell
PA,1915,2017,1,ERR4566025,A549,48hpi,2,in vitro,intracellular,singlecell
PA,191,2055,3,ERR4566025,A549,48hpi,2,in vitro,intracellular,singlecell
PA,192,1954,1,ERR4566025,A549,48hpi,2,in vitro,intracellular,singlecell
PA,192,2069,1,ERR4566025,A549,48hpi,2,in vitro,intracellular,singlecell
PA,192,2075,3,ERR4566025,A549,48hpi,2,in vitro,intracellular,singlecell
PA,197,2006,1,ERR4566025,A549,48hpi,2,in vitro,intracellular,singlecell
PA,198,1936,1,ERR4566025,A549,48hpi,2,in vitro,intracellular,singlecell
PA,199,1919,1,ERR4566025,A549,48hpi,2,in vitro,intracellular,singlecell
PA,2019,2054,1,ERR4566025,A549,48hpi,2,in vitro,intracellular,singlecell
PA,2026,2063,1,ERR4566025,A549,48hpi,2,in vitro,intracellular,singlecell
PA,211,263,1,ERR4566025,A549,48hpi,2,in vitro,intracellular,singlecell
PA,212,1948,1,ERR4566025,A549,48hpi,2,in vitro,intracellular,singlecell
PA,212,2078,1,ERR4566025,A549,48hpi,2,in vitro,intracellular,singlecell
PA,213,1960,1,ERR4566025,A549,48hpi,2,in vitro,intracellular,singlecell
PA,216,2008,5,ERR4566025,A549,48hpi,2,in vitro,intracellular,singlecell
PA,220,1862,1,ERR4566025,A549,48hpi,2,in vitro,intracellular,singlecell
PA,220,1954,1,ERR4566025,A549,48hpi,2,in vitro,intracellular,singlecell
PA,220,2006,1,ERR4566025,A549,48hpi,2,in vitro,intracellular,singlecell
PA,220,244,2,ERR4566025,A549,48hpi,2,in vitro,intracellular,singlecell
PA,221,1995,2,ERR4566025,A549,48hpi,2,in vitro,intracellular,singlecell
PA,221,249,1,ERR4566025,A549,48hpi,2,in vitro,intracellular,singlecell
PA,227,1943,1,ERR4566025,A549,48hpi,2,in vitro,intracellular,singlecell
PA,228,1953,1,ERR4566025,A549,48hpi,2,in vitro,intracellular,singlecell
PA,232,1862,1,ERR4566025,A549,48hpi,2,in vitro,intracellular,singlecell
PA,232,1907,2,ERR4566025,A549,48hpi,2,in vitro,intracellular,singlecell
PA,232,1939,12,ERR4566025,A549,48hpi,2,in vitro,intracellular,singlecell
PA,235,1900,1,ERR4566025,A549,48hpi,2,in vitro,intracellular,singlecell
PA,235,2062,1,ERR4566025,A549,48hpi,2,in vitro,intracellular,singlecell
PA,238,1968,2,ERR4566025,A549,48hpi,2,in vitro,intracellular,singlecell
PA,238,2013,5,ERR4566025,A549,48hpi,2,in vitro,intracellular,singlecell
PA,240,1925,7,ERR4566025,A549,48hpi,2,in vitro,intracellular,singlecell
PA,240,1958,1,ERR4566025,A549,48hpi,2,in vitro,intracellular,singlecell
PA,240,1972,1,ERR4566025,A549,48hpi,2,in vitro,intracellular,singlecell
PA,241,2070,2,ERR4566025,A549,48hpi,2,in vitro,intracellular,singlecell
PA,254,1863,7,ERR4566025,A549,48hpi,2,in vitro,intracellular,singlecell
PA,254,1911,1,ERR4566025,A549,48hpi,2,in vitro,intracellular,singlecell
PA,255,2056,1,ERR4566025,A549,48hpi,2,in vitro,intracellular,singlecell
PA,257,1926,1,ERR4566025,A549,48hpi,2,in vitro,intracellular,singlecell
PA,257,2086,1,ERR4566025,A549,48hpi,2,in vitro,intracellular,singlecell
PA,260,2113,1,ERR4566025,A549,48hpi,2,in vitro,intracellular,singlecell
PA,266,1949,1,ERR4566025,A549,48hpi,2,in vitro,intracellular,singlecell
PA,271,1909,1,ERR4566025,A549,48hpi,2,in vitro,intracellular,singlecell
PA,278,1716,3,ERR4566025,A549,48hpi,2,in vitro,intracellular,singlecell
PA,282,2069,1,ERR4566025,A549,48hpi,2,in vitro,intracellular,singlecell
PA,283,1907,1,ERR4566025,A549,48hpi,2,in vitro,intracellular,singlecell
PA,287,1820,1,ERR4566025,A549,48hpi,2,in vitro,intracellular,singlecell
PA,293,1823,1,ERR4566025,A549,48hpi,2,in vitro,intracellular,singlecell
PA,294,317,1,ERR4566025,A549,48hpi,2,in vitro,intracellular,singlecell
PA,299,1604,1,ERR4566025,A549,48hpi,2,in vitro,intracellular,singlecell
PA,299,1915,1,ERR4566025,A549,48hpi,2,in vitro,intracellular,singlecell
PA,307,342,1,ERR4566025,A549,48hpi,2,in vitro,intracellular,singlecell
PA,308,1802,1,ERR4566025,A549,48hpi,2,in vitro,intracellular,singlecell
PA,309,1908,1,ERR4566025,A549,48hpi,2,in vitro,intracellular,singlecell
PA,312,1904,1,ERR4566025,A549,48hpi,2,in vitro,intracellular,singlecell
PA,316,1745,1,ERR4566025,A549,48hpi,2,in vitro,intracellular,singlecell
PA,316,1870,1,ERR4566025,A549,48hpi,2,in vitro,intracellular,singlecell
PA,322,2078,1,ERR4566025,A549,48hpi,2,in vitro,intracellular,singlecell
PA,330,1728,1,ERR4566025,A549,48hpi,2,in vitro,intracellular,singlecell
PA,351,1814,1,ERR4566025,A549,48hpi,2,in vitro,intracellular,singlecell
PA,351,1817,1,ERR4566025,A549,48hpi,2,in vitro,intracellular,singlecell
PA,351,1820,1,ERR4566025,A549,48hpi,2,in vitro,intracellular,singlecell
PA,351,1939,9,ERR4566025,A549,48hpi,2,in vitro,intracellular,singlecell
PA,353,1838,1,ERR4566025,A549,48hpi,2,in vitro,intracellular,singlecell
PA,355,975,1,ERR4566025,A549,48hpi,2,in vitro,intracellular,singlecell
PA,364,1424,1,ERR4566025,A549,48hpi,2,in vitro,intracellular,singlecell
PA,372,1751,1,ERR4566025,A549,48hpi,2,in vitro,intracellular,singlecell
PA,391,1746,1,ERR4566025,A549,48hpi,2,in vitro,intracellular,singlecell
PA,396,1887,1,ERR4566025,A549,48hpi,2,in vitro,intracellular,singlecell
PA,410,1749,1,ERR4566025,A549,48hpi,2,in vitro,intracellular,singlecell
PA,415,1755,1,ERR4566025,A549,48hpi,2,in vitro,intracellular,singlecell
PA,418,1793,1,ERR4566025,A549,48hpi,2,in vitro,intracellular,singlecell
PA,423,1728,1,ERR4566025,A549,48hpi,2,in vitro,intracellular,singlecell
PA,427,1708,1,ERR4566025,A549,48hpi,2,in vitro,intracellular,singlecell
PA,444,1859,2,ERR4566025,A549,48hpi,2,in vitro,intracellular,singlecell
PA,460,1693,1,ERR4566025,A549,48hpi,2,in vitro,intracellular,singlecell
PA,461,533,1,ERR4566025,A549,48hpi,2,in vitro,intracellular,singlecell
PA,509,1628,1,ERR4566025,A549,48hpi,2,in vitro,intracellular,singlecell
PA,512,2040,1,ERR4566025,A549,48hpi,2,in vitro,intracellular,singlecell
PA,522,1425,1,ERR4566025,A549,48hpi,2,in vitro,intracellular,singlecell
PA,557,1816,1,ERR4566025,A549,48hpi,2,in vitro,intracellular,singlecell
PA,580,1822,1,ERR4566025,A549,48hpi,2,in vitro,intracellular,singlecell
PA,614,1530,1,ERR4566025,A549,48hpi,2,in vitro,intracellular,singlecell
PA,64,100,2,ERR4566025,A549,48hpi,2,in vitro,intracellular,singlecell
PA,702,1498,1,ERR4566025,A549,48hpi,2,in vitro,intracellular,singlecell
PA,725,1562,1,ERR4566025,A549,48hpi,2,in vitro,intracellular,singlecell
PA,771,1297,1,ERR4566025,A549,48hpi,2,in vitro,intracellular,singlecell
PA,79,102,1,ERR4566025,A549,48hpi,2,in vitro,intracellular,singlecell
PA,802,1339,1,ERR4566025,A549,48hpi,2,in vitro,intracellular,singlecell
PA,81,2068,1,ERR4566025,A549,48hpi,2,in vitro,intracellular,singlecell
PA,82,1953,1,ERR4566025,A549,48hpi,2,in vitro,intracellular,singlecell
PA,85,126,1,ERR4566025,A549,48hpi,2,in vitro,intracellular,singlecell
PA,863,1497,1,ERR4566025,A549,48hpi,2,in vitro,intracellular,singlecell
PA,87,2060,1,ERR4566025,A549,48hpi,2,in vitro,intracellular,singlecell
PA,96,2084,1,ERR4566025,A549,48hpi,2,in vitro,intracellular,singlecell
HA,1009,1119,1,ERR4566025,A549,48hpi,2,in vitro,intracellular,singlecell
HA,101,944,1,ERR4566025,A549,48hpi,2,in vitro,intracellular,singlecell
HA,1026,1133,1,ERR4566025,A549,48hpi,2,in vitro,intracellular,singlecell
HA,1028,1444,1,ERR4566025,A549,48hpi,2,in vitro,intracellular,singlecell
HA,103,1428,1,ERR4566025,A549,48hpi,2,in vitro,intracellular,singlecell
HA,103,1440,2,ERR4566025,A549,48hpi,2,in vitro,intracellular,singlecell
HA,1041,1119,1,ERR4566025,A549,48hpi,2,in vitro,intracellular,singlecell
HA,1060,1114,1,ERR4566025,A549,48hpi,2,in vitro,intracellular,singlecell
HA,1099,1130,1,ERR4566025,A549,48hpi,2,in vitro,intracellular,singlecell
HA,1105,1201,1,ERR4566025,A549,48hpi,2,in vitro,intracellular,singlecell
HA,1109,1180,1,ERR4566025,A549,48hpi,2,in vitro,intracellular,singlecell
HA,110,1499,1,ERR4566025,A549,48hpi,2,in vitro,intracellular,singlecell
HA,1118,1141,1,ERR4566025,A549,48hpi,2,in vitro,intracellular,singlecell
HA,1132,1206,1,ERR4566025,A549,48hpi,2,in vitro,intracellular,singlecell
HA,1197,1238,1,ERR4566025,A549,48hpi,2,in vitro,intracellular,singlecell
HA,1197,1311,1,ERR4566025,A549,48hpi,2,in vitro,intracellular,singlecell
HA,1240,1503,1,ERR4566025,A549,48hpi,2,in vitro,intracellular,singlecell
HA,1249,1277,1,ERR4566025,A549,48hpi,2,in vitro,intracellular,singlecell
HA,1252,1324,2,ERR4566025,A549,48hpi,2,in vitro,intracellular,singlecell
HA,1261,1495,1,ERR4566025,A549,48hpi,2,in vitro,intracellular,singlecell
HA,1277,1307,1,ERR4566025,A549,48hpi,2,in vitro,intracellular,singlecell
HA,1280,1333,1,ERR4566025,A549,48hpi,2,in vitro,intracellular,singlecell
HA,1299,1322,1,ERR4566025,A549,48hpi,2,in vitro,intracellular,singlecell
HA,1305,1350,1,ERR4566025,A549,48hpi,2,in vitro,intracellular,singlecell
HA,1305,1365,1,ERR4566025,A549,48hpi,2,in vitro,intracellular,singlecell
HA,1306,1346,1,ERR4566025,A549,48hpi,2,in vitro,intracellular,singlecell
HA,1316,1446,1,ERR4566025,A549,48hpi,2,in vitro,intracellular,singlecell
HA,1323,1471,3,ERR4566025,A549,48hpi,2,in vitro,intracellular,singlecell
HA,1330,1388,1,ERR4566025,A549,48hpi,2,in vitro,intracellular,singlecell
HA,1342,1365,1,ERR4566025,A549,48hpi,2,in vitro,intracellular,singlecell
HA,1344,1368,1,ERR4566025,A549,48hpi,2,in vitro,intracellular,singlecell
HA,134,1374,1,ERR4566025,A549,48hpi,2,in vitro,intracellular,singlecell
HA,1365,1485,5,ERR4566025,A549,48hpi,2,in vitro,intracellular,singlecell
HA,1384,1414,1,ERR4566025,A549,48hpi,2,in vitro,intracellular,singlecell
HA,138,1483,1,ERR4566025,A549,48hpi,2,in vitro,intracellular,singlecell
HA,139,1500,1,ERR4566025,A549,48hpi,2,in vitro,intracellular,singlecell
HA,140,1440,2,ERR4566025,A549,48hpi,2,in vitro,intracellular,singlecell
HA,1415,1439,1,ERR4566025,A549,48hpi,2,in vitro,intracellular,singlecell
HA,1417,1440,2,ERR4566025,A549,48hpi,2,in vitro,intracellular,singlecell
HA,1418,1698,1,ERR4566025,A549,48hpi,2,in vitro,intracellular,singlecell
HA,141,1485,2,ERR4566025,A549,48hpi,2,in vitro,intracellular,singlecell
HA,1432,1590,1,ERR4566025,A549,48hpi,2,in vitro,intracellular,singlecell
HA,1439,1468,1,ERR4566025,A549,48hpi,2,in vitro,intracellular,singlecell
HA,1439,1484,2,ERR4566025,A549,48hpi,2,in vitro,intracellular,singlecell
HA,1446,1470,1,ERR4566025,A549,48hpi,2,in vitro,intracellular,singlecell
HA,1446,1484,2,ERR4566025,A549,48hpi,2,in vitro,intracellular,singlecell
HA,145,1663,1,ERR4566025,A549,48hpi,2,in vitro,intracellular,singlecell
HA,1466,1506,1,ERR4566025,A549,48hpi,2,in vitro,intracellular,singlecell
HA,1468,1526,1,ERR4566025,A549,48hpi,2,in vitro,intracellular,singlecell
HA,1482,1504,1,ERR4566025,A549,48hpi,2,in vitro,intracellular,singlecell
HA,1501,1547,1,ERR4566025,A549,48hpi,2,in vitro,intracellular,singlecell
HA,1501,1722,1,ERR4566025,A549,48hpi,2,in vitro,intracellular,singlecell
HA,1516,1723,1,ERR4566025,A549,48hpi,2,in vitro,intracellular,singlecell
HA,152,1362,2,ERR4566025,A549,48hpi,2,in vitro,intracellular,singlecell
HA,152,1644,1,ERR4566025,A549,48hpi,2,in vitro,intracellular,singlecell
HA,1535,1645,1,ERR4566025,A549,48hpi,2,in vitro,intracellular,singlecell
HA,155,1648,1,ERR4566025,A549,48hpi,2,in vitro,intracellular,singlecell
HA,1581,1700,1,ERR4566025,A549,48hpi,2,in vitro,intracellular,singlecell
HA,1599,1635,1,ERR4566025,A549,48hpi,2,in vitro,intracellular,singlecell
HA,1603,1703,1,ERR4566025,A549,48hpi,2,in vitro,intracellular,singlecell
HA,1604,1730,1,ERR4566025,A549,48hpi,2,in vitro,intracellular,singlecell
HA,1610,1648,1,ERR4566025,A549,48hpi,2,in vitro,intracellular,singlecell
HA,1612,1661,1,ERR4566025,A549,48hpi,2,in vitro,intracellular,singlecell
HA,1612,1680,1,ERR4566025,A549,48hpi,2,in vitro,intracellular,singlecell
HA,1613,1660,1,ERR4566025,A549,48hpi,2,in vitro,intracellular,singlecell
HA,1613,1691,1,ERR4566025,A549,48hpi,2,in vitro,intracellular,singlecell
HA,1633,1660,1,ERR4566025,A549,48hpi,2,in vitro,intracellular,singlecell
HA,179,1471,1,ERR4566025,A549,48hpi,2,in vitro,intracellular,singlecell
HA,206,1306,1,ERR4566025,A549,48hpi,2,in vitro,intracellular,singlecell
HA,206,1345,1,ERR4566025,A549,48hpi,2,in vitro,intracellular,singlecell
HA,206,1428,1,ERR4566025,A549,48hpi,2,in vitro,intracellular,singlecell
HA,206,234,1,ERR4566025,A549,48hpi,2,in vitro,intracellular,singlecell
HA,210,1345,1,ERR4566025,A549,48hpi,2,in vitro,intracellular,singlecell
HA,217,681,1,ERR4566025,A549,48hpi,2,in vitro,intracellular,singlecell
HA,220,1374,1,ERR4566025,A549,48hpi,2,in vitro,intracellular,singlecell
HA,233,1440,1,ERR4566025,A549,48hpi,2,in vitro,intracellular,singlecell
HA,251,1347,1,ERR4566025,A549,48hpi,2,in vitro,intracellular,singlecell
HA,264,1288,1,ERR4566025,A549,48hpi,2,in vitro,intracellular,singlecell
HA,266,1404,1,ERR4566025,A549,48hpi,2,in vitro,intracellular,singlecell
HA,270,332,1,ERR4566025,A549,48hpi,2,in vitro,intracellular,singlecell
HA,282,1546,2,ERR4566025,A549,48hpi,2,in vitro,intracellular,singlecell
HA,283,1354,1,ERR4566025,A549,48hpi,2,in vitro,intracellular,singlecell
HA,289,1327,1,ERR4566025,A549,48hpi,2,in vitro,intracellular,singlecell
HA,289,1357,1,ERR4566025,A549,48hpi,2,in vitro,intracellular,singlecell
HA,290,1430,1,ERR4566025,A549,48hpi,2,in vitro,intracellular,singlecell
HA,296,325,1,ERR4566025,A549,48hpi,2,in vitro,intracellular,singlecell
HA,310,741,1,ERR4566025,A549,48hpi,2,in vitro,intracellular,singlecell
HA,349,1325,1,ERR4566025,A549,48hpi,2,in vitro,intracellular,singlecell
HA,350,1484,1,ERR4566025,A549,48hpi,2,in vitro,intracellular,singlecell
HA,370,405,1,ERR4566025,A549,48hpi,2,in vitro,intracellular,singlecell
HA,373,1489,1,ERR4566025,A549,48hpi,2,in vitro,intracellular,singlecell
HA,374,1240,1,ERR4566025,A549,48hpi,2,in vitro,intracellular,singlecell
HA,397,1026,1,ERR4566025,A549,48hpi,2,in vitro,intracellular,singlecell
HA,406,1251,1,ERR4566025,A549,48hpi,2,in vitro,intracellular,singlecell
HA,413,1268,1,ERR4566025,A549,48hpi,2,in vitro,intracellular,singlecell
HA,430,1169,1,ERR4566025,A549,48hpi,2,in vitro,intracellular,singlecell
HA,45,1495,1,ERR4566025,A549,48hpi,2,in vitro,intracellular,singlecell
HA,46,1232,1,ERR4566025,A549,48hpi,2,in vitro,intracellular,singlecell
HA,476,1211,1,ERR4566025,A549,48hpi,2,in vitro,intracellular,singlecell
HA,47,93,1,ERR4566025,A549,48hpi,2,in vitro,intracellular,singlecell
HA,48,1485,1,ERR4566025,A549,48hpi,2,in vitro,intracellular,singlecell
HA,498,1175,1,ERR4566025,A549,48hpi,2,in vitro,intracellular,singlecell
HA,514,1142,1,ERR4566025,A549,48hpi,2,in vitro,intracellular,singlecell
HA,524,1050,1,ERR4566025,A549,48hpi,2,in vitro,intracellular,singlecell
HA,534,1145,1,ERR4566025,A549,48hpi,2,in vitro,intracellular,singlecell
HA,557,1180,1,ERR4566025,A549,48hpi,2,in vitro,intracellular,singlecell
HA,559,1058,1,ERR4566025,A549,48hpi,2,in vitro,intracellular,singlecell
HA,55,1132,1,ERR4566025,A549,48hpi,2,in vitro,intracellular,singlecell
HA,564,1190,1,ERR4566025,A549,48hpi,2,in vitro,intracellular,singlecell
HA,565,854,1,ERR4566025,A549,48hpi,2,in vitro,intracellular,singlecell
HA,567,937,1,ERR4566025,A549,48hpi,2,in vitro,intracellular,singlecell
HA,56,109,1,ERR4566025,A549,48hpi,2,in vitro,intracellular,singlecell
HA,570,1206,1,ERR4566025,A549,48hpi,2,in vitro,intracellular,singlecell
HA,577,599,1,ERR4566025,A549,48hpi,2,in vitro,intracellular,singlecell
HA,58,1404,1,ERR4566025,A549,48hpi,2,in vitro,intracellular,singlecell
HA,58,1479,1,ERR4566025,A549,48hpi,2,in vitro,intracellular,singlecell
HA,59,1482,1,ERR4566025,A549,48hpi,2,in vitro,intracellular,singlecell
HA,602,1134,1,ERR4566025,A549,48hpi,2,in vitro,intracellular,singlecell
HA,603,957,1,ERR4566025,A549,48hpi,2,in vitro,intracellular,singlecell
HA,612,1322,1,ERR4566025,A549,48hpi,2,in vitro,intracellular,singlecell
HA,625,920,1,ERR4566025,A549,48hpi,2,in vitro,intracellular,singlecell
HA,626,1104,1,ERR4566025,A549,48hpi,2,in vitro,intracellular,singlecell
HA,628,1140,1,ERR4566025,A549,48hpi,2,in vitro,intracellular,singlecell
HA,631,693,1,ERR4566025,A549,48hpi,2,in vitro,intracellular,singlecell
HA,633,1185,1,ERR4566025,A549,48hpi,2,in vitro,intracellular,singlecell
HA,641,1018,1,ERR4566025,A549,48hpi,2,in vitro,intracellular,singlecell
HA,669,1239,1,ERR4566025,A549,48hpi,2,in vitro,intracellular,singlecell
HA,672,869,1,ERR4566025,A549,48hpi,2,in vitro,intracellular,singlecell
HA,686,1072,1,ERR4566025,A549,48hpi,2,in vitro,intracellular,singlecell
HA,697,1148,1,ERR4566025,A549,48hpi,2,in vitro,intracellular,singlecell
HA,697,1306,1,ERR4566025,A549,48hpi,2,in vitro,intracellular,singlecell
HA,697,741,2,ERR4566025,A549,48hpi,2,in vitro,intracellular,singlecell
HA,699,1200,1,ERR4566025,A549,48hpi,2,in vitro,intracellular,singlecell
HA,711,1127,1,ERR4566025,A549,48hpi,2,in vitro,intracellular,singlecell
HA,712,830,1,ERR4566025,A549,48hpi,2,in vitro,intracellular,singlecell
HA,715,800,1,ERR4566025,A549,48hpi,2,in vitro,intracellular,singlecell
HA,718,839,1,ERR4566025,A549,48hpi,2,in vitro,intracellular,singlecell
HA,720,883,1,ERR4566025,A549,48hpi,2,in vitro,intracellular,singlecell
HA,726,836,1,ERR4566025,A549,48hpi,2,in vitro,intracellular,singlecell
HA,740,998,1,ERR4566025,A549,48hpi,2,in vitro,intracellular,singlecell
HA,75,564,1,ERR4566025,A549,48hpi,2,in vitro,intracellular,singlecell
HA,767,1250,1,ERR4566025,A549,48hpi,2,in vitro,intracellular,singlecell
HA,774,802,1,ERR4566025,A549,48hpi,2,in vitro,intracellular,singlecell
HA,776,870,1,ERR4566025,A549,48hpi,2,in vitro,intracellular,singlecell
HA,77,1466,1,ERR4566025,A549,48hpi,2,in vitro,intracellular,singlecell
HA,781,954,1,ERR4566025,A549,48hpi,2,in vitro,intracellular,singlecell
HA,814,1189,1,ERR4566025,A549,48hpi,2,in vitro,intracellular,singlecell
HA,815,878,1,ERR4566025,A549,48hpi,2,in vitro,intracellular,singlecell
HA,822,868,1,ERR4566025,A549,48hpi,2,in vitro,intracellular,singlecell
HA,825,878,1,ERR4566025,A549,48hpi,2,in vitro,intracellular,singlecell
HA,855,1147,1,ERR4566025,A549,48hpi,2,in vitro,intracellular,singlecell
HA,887,923,1,ERR4566025,A549,48hpi,2,in vitro,intracellular,singlecell
HA,893,946,1,ERR4566025,A549,48hpi,2,in vitro,intracellular,singlecell
HA,894,941,1,ERR4566025,A549,48hpi,2,in vitro,intracellular,singlecell
HA,924,958,1,ERR4566025,A549,48hpi,2,in vitro,intracellular,singlecell
HA,92,1518,1,ERR4566025,A549,48hpi,2,in vitro,intracellular,singlecell
HA,94,1450,1,ERR4566025,A549,48hpi,2,in vitro,intracellular,singlecell
HA,956,1616,1,ERR4566025,A549,48hpi,2,in vitro,intracellular,singlecell
HA,96,1440,1,ERR4566025,A549,48hpi,2,in vitro,intracellular,singlecell
HA,96,151,1,ERR4566025,A549,48hpi,2,in vitro,intracellular,singlecell
HA,99,1341,1,ERR4566025,A549,48hpi,2,in vitro,intracellular,singlecell
NP,1065,1136,1,ERR4566025,A549,48hpi,2,in vitro,intracellular,singlecell
NP,1074,1108,1,ERR4566025,A549,48hpi,2,in vitro,intracellular,singlecell
NP,1074,1127,1,ERR4566025,A549,48hpi,2,in vitro,intracellular,singlecell
NP,1076,1125,1,ERR4566025,A549,48hpi,2,in vitro,intracellular,singlecell
NP,1085,1187,1,ERR4566025,A549,48hpi,2,in vitro,intracellular,singlecell
NP,1089,1139,1,ERR4566025,A549,48hpi,2,in vitro,intracellular,singlecell
NP,1094,1146,1,ERR4566025,A549,48hpi,2,in vitro,intracellular,singlecell
NP,109,479,1,ERR4566025,A549,48hpi,2,in vitro,intracellular,singlecell
NP,1102,1195,1,ERR4566025,A549,48hpi,2,in vitro,intracellular,singlecell
NP,1117,1237,1,ERR4566025,A549,48hpi,2,in vitro,intracellular,singlecell
NP,1120,1184,1,ERR4566025,A549,48hpi,2,in vitro,intracellular,singlecell
NP,1134,1219,1,ERR4566025,A549,48hpi,2,in vitro,intracellular,singlecell
NP,1155,1263,1,ERR4566025,A549,48hpi,2,in vitro,intracellular,singlecell
NP,1167,1189,5,ERR4566025,A549,48hpi,2,in vitro,intracellular,singlecell
NP,1177,1210,1,ERR4566025,A549,48hpi,2,in vitro,intracellular,singlecell
NP,119,1320,1,ERR4566025,A549,48hpi,2,in vitro,intracellular,singlecell
NP,1210,1261,1,ERR4566025,A549,48hpi,2,in vitro,intracellular,singlecell
NP,1229,1394,1,ERR4566025,A549,48hpi,2,in vitro,intracellular,singlecell
NP,124,495,1,ERR4566025,A549,48hpi,2,in vitro,intracellular,singlecell
NP,1259,1330,1,ERR4566025,A549,48hpi,2,in vitro,intracellular,singlecell
NP,1276,1322,2,ERR4566025,A549,48hpi,2,in vitro,intracellular,singlecell
NP,128,187,1,ERR4566025,A549,48hpi,2,in vitro,intracellular,singlecell
NP,1315,1400,1,ERR4566025,A549,48hpi,2,in vitro,intracellular,singlecell
NP,159,434,1,ERR4566025,A549,48hpi,2,in vitro,intracellular,singlecell
NP,164,1367,1,ERR4566025,A549,48hpi,2,in vitro,intracellular,singlecell
NP,166,1272,1,ERR4566025,A549,48hpi,2,in vitro,intracellular,singlecell
NP,169,216,1,ERR4566025,A549,48hpi,2,in vitro,intracellular,singlecell
NP,170,1164,1,ERR4566025,A549,48hpi,2,in vitro,intracellular,singlecell
NP,172,1269,1,ERR4566025,A549,48hpi,2,in vitro,intracellular,singlecell
NP,172,1274,1,ERR4566025,A549,48hpi,2,in vitro,intracellular,singlecell
NP,172,213,1,ERR4566025,A549,48hpi,2,in vitro,intracellular,singlecell
NP,178,314,1,ERR4566025,A549,48hpi,2,in vitro,intracellular,singlecell
NP,187,224,1,ERR4566025,A549,48hpi,2,in vitro,intracellular,singlecell
NP,198,1306,1,ERR4566025,A549,48hpi,2,in vitro,intracellular,singlecell
NP,215,263,1,ERR4566025,A549,48hpi,2,in vitro,intracellular,singlecell
NP,229,1236,1,ERR4566025,A549,48hpi,2,in vitro,intracellular,singlecell
NP,234,1259,1,ERR4566025,A549,48hpi,2,in vitro,intracellular,singlecell
NP,234,1313,1,ERR4566025,A549,48hpi,2,in vitro,intracellular,singlecell
NP,241,1127,1,ERR4566025,A549,48hpi,2,in vitro,intracellular,singlecell
NP,252,1209,1,ERR4566025,A549,48hpi,2,in vitro,intracellular,singlecell
NP,252,1287,1,ERR4566025,A549,48hpi,2,in vitro,intracellular,singlecell
NP,252,1321,1,ERR4566025,A549,48hpi,2,in vitro,intracellular,singlecell
NP,254,1240,1,ERR4566025,A549,48hpi,2,in vitro,intracellular,singlecell
NP,254,1318,1,ERR4566025,A549,48hpi,2,in vitro,intracellular,singlecell
NP,256,1154,1,ERR4566025,A549,48hpi,2,in vitro,intracellular,singlecell
NP,257,1502,1,ERR4566025,A549,48hpi,2,in vitro,intracellular,singlecell
NP,278,1210,1,ERR4566025,A549,48hpi,2,in vitro,intracellular,singlecell
NP,279,1179,1,ERR4566025,A549,48hpi,2,in vitro,intracellular,singlecell
NP,279,1201,1,ERR4566025,A549,48hpi,2,in vitro,intracellular,singlecell
NP,279,1271,1,ERR4566025,A549,48hpi,2,in vitro,intracellular,singlecell
NP,290,1000,1,ERR4566025,A549,48hpi,2,in vitro,intracellular,singlecell
NP,296,531,8,ERR4566025,A549,48hpi,2,in vitro,intracellular,singlecell
NP,300,423,1,ERR4566025,A549,48hpi,2,in vitro,intracellular,singlecell
NP,328,1164,1,ERR4566025,A549,48hpi,2,in vitro,intracellular,singlecell
NP,328,451,8,ERR4566025,A549,48hpi,2,in vitro,intracellular,singlecell
NP,332,1150,1,ERR4566025,A549,48hpi,2,in vitro,intracellular,singlecell
NP,332,421,1,ERR4566025,A549,48hpi,2,in vitro,intracellular,singlecell
NP,334,1365,1,ERR4566025,A549,48hpi,2,in vitro,intracellular,singlecell
NP,335,1139,1,ERR4566025,A549,48hpi,2,in vitro,intracellular,singlecell
NP,335,1210,1,ERR4566025,A549,48hpi,2,in vitro,intracellular,singlecell
NP,336,1201,1,ERR4566025,A549,48hpi,2,in vitro,intracellular,singlecell
NP,338,1019,1,ERR4566025,A549,48hpi,2,in vitro,intracellular,singlecell
NP,341,570,6,ERR4566025,A549,48hpi,2,in vitro,intracellular,singlecell
NP,342,1147,1,ERR4566025,A549,48hpi,2,in vitro,intracellular,singlecell
NP,356,1494,1,ERR4566025,A549,48hpi,2,in vitro,intracellular,singlecell
NP,361,414,1,ERR4566025,A549,48hpi,2,in vitro,intracellular,singlecell
NP,373,1094,1,ERR4566025,A549,48hpi,2,in vitro,intracellular,singlecell
NP,377,1178,1,ERR4566025,A549,48hpi,2,in vitro,intracellular,singlecell
NP,377,1210,1,ERR4566025,A549,48hpi,2,in vitro,intracellular,singlecell
NP,382,1166,1,ERR4566025,A549,48hpi,2,in vitro,intracellular,singlecell
NP,384,1469,1,ERR4566025,A549,48hpi,2,in vitro,intracellular,singlecell
NP,388,1031,1,ERR4566025,A549,48hpi,2,in vitro,intracellular,singlecell
NP,389,1111,1,ERR4566025,A549,48hpi,2,in vitro,intracellular,singlecell
NP,389,431,1,ERR4566025,A549,48hpi,2,in vitro,intracellular,singlecell
NP,389,490,1,ERR4566025,A549,48hpi,2,in vitro,intracellular,singlecell
NP,393,1178,1,ERR4566025,A549,48hpi,2,in vitro,intracellular,singlecell
NP,394,420,1,ERR4566025,A549,48hpi,2,in vitro,intracellular,singlecell
NP,405,1031,1,ERR4566025,A549,48hpi,2,in vitro,intracellular,singlecell
NP,414,1029,1,ERR4566025,A549,48hpi,2,in vitro,intracellular,singlecell
NP,41,81,1,ERR4566025,A549,48hpi,2,in vitro,intracellular,singlecell
NP,420,1133,1,ERR4566025,A549,48hpi,2,in vitro,intracellular,singlecell
NP,431,918,1,ERR4566025,A549,48hpi,2,in vitro,intracellular,singlecell
NP,432,486,1,ERR4566025,A549,48hpi,2,in vitro,intracellular,singlecell
NP,433,1153,1,ERR4566025,A549,48hpi,2,in vitro,intracellular,singlecell
NP,434,548,1,ERR4566025,A549,48hpi,2,in vitro,intracellular,singlecell
NP,436,1031,1,ERR4566025,A549,48hpi,2,in vitro,intracellular,singlecell
NP,436,1116,1,ERR4566025,A549,48hpi,2,in vitro,intracellular,singlecell
NP,436,1219,1,ERR4566025,A549,48hpi,2,in vitro,intracellular,singlecell
NP,444,587,1,ERR4566025,A549,48hpi,2,in vitro,intracellular,singlecell
NP,445,1033,1,ERR4566025,A549,48hpi,2,in vitro,intracellular,singlecell
NP,446,990,1,ERR4566025,A549,48hpi,2,in vitro,intracellular,singlecell
NP,456,1030,1,ERR4566025,A549,48hpi,2,in vitro,intracellular,singlecell
NP,456,1190,1,ERR4566025,A549,48hpi,2,in vitro,intracellular,singlecell
NP,457,983,1,ERR4566025,A549,48hpi,2,in vitro,intracellular,singlecell
NP,471,1107,1,ERR4566025,A549,48hpi,2,in vitro,intracellular,singlecell
NP,472,721,1,ERR4566025,A549,48hpi,2,in vitro,intracellular,singlecell
NP,474,1142,1,ERR4566025,A549,48hpi,2,in vitro,intracellular,singlecell
NP,474,554,1,ERR4566025,A549,48hpi,2,in vitro,intracellular,singlecell
NP,475,984,1,ERR4566025,A549,48hpi,2,in vitro,intracellular,singlecell
NP,477,1050,1,ERR4566025,A549,48hpi,2,in vitro,intracellular,singlecell
NP,482,526,1,ERR4566025,A549,48hpi,2,in vitro,intracellular,singlecell
NP,487,1047,1,ERR4566025,A549,48hpi,2,in vitro,intracellular,singlecell
NP,488,1178,1,ERR4566025,A549,48hpi,2,in vitro,intracellular,singlecell
NP,489,1336,1,ERR4566025,A549,48hpi,2,in vitro,intracellular,singlecell
NP,490,562,1,ERR4566025,A549,48hpi,2,in vitro,intracellular,singlecell
NP,496,1123,1,ERR4566025,A549,48hpi,2,in vitro,intracellular,singlecell
NP,511,750,1,ERR4566025,A549,48hpi,2,in vitro,intracellular,singlecell
NP,51,555,1,ERR4566025,A549,48hpi,2,in vitro,intracellular,singlecell
NP,51,84,1,ERR4566025,A549,48hpi,2,in vitro,intracellular,singlecell
NP,528,566,1,ERR4566025,A549,48hpi,2,in vitro,intracellular,singlecell
NP,528,583,1,ERR4566025,A549,48hpi,2,in vitro,intracellular,singlecell
NP,528,898,1,ERR4566025,A549,48hpi,2,in vitro,intracellular,singlecell
NP,52,109,1,ERR4566025,A549,48hpi,2,in vitro,intracellular,singlecell
NP,533,1195,1,ERR4566025,A549,48hpi,2,in vitro,intracellular,singlecell
NP,546,849,1,ERR4566025,A549,48hpi,2,in vitro,intracellular,singlecell
NP,547,589,1,ERR4566025,A549,48hpi,2,in vitro,intracellular,singlecell
NP,555,933,1,ERR4566025,A549,48hpi,2,in vitro,intracellular,singlecell
NP,556,583,1,ERR4566025,A549,48hpi,2,in vitro,intracellular,singlecell
NP,55,805,1,ERR4566025,A549,48hpi,2,in vitro,intracellular,singlecell
NP,560,1059,1,ERR4566025,A549,48hpi,2,in vitro,intracellular,singlecell
NP,562,601,1,ERR4566025,A549,48hpi,2,in vitro,intracellular,singlecell
NP,562,999,1,ERR4566025,A549,48hpi,2,in vitro,intracellular,singlecell
NP,563,766,1,ERR4566025,A549,48hpi,2,in vitro,intracellular,singlecell
NP,563,834,1,ERR4566025,A549,48hpi,2,in vitro,intracellular,singlecell
NP,565,899,1,ERR4566025,A549,48hpi,2,in vitro,intracellular,singlecell
NP,566,797,1,ERR4566025,A549,48hpi,2,in vitro,intracellular,singlecell
NP,570,604,1,ERR4566025,A549,48hpi,2,in vitro,intracellular,singlecell
NP,571,615,1,ERR4566025,A549,48hpi,2,in vitro,intracellular,singlecell
NP,574,833,1,ERR4566025,A549,48hpi,2,in vitro,intracellular,singlecell
NP,576,607,1,ERR4566025,A549,48hpi,2,in vitro,intracellular,singlecell
NP,581,898,1,ERR4566025,A549,48hpi,2,in vitro,intracellular,singlecell
NP,591,811,1,ERR4566025,A549,48hpi,2,in vitro,intracellular,singlecell
NP,593,774,1,ERR4566025,A549,48hpi,2,in vitro,intracellular,singlecell
NP,603,723,1,ERR4566025,A549,48hpi,2,in vitro,intracellular,singlecell
NP,604,1107,1,ERR4566025,A549,48hpi,2,in vitro,intracellular,singlecell
NP,606,1054,1,ERR4566025,A549,48hpi,2,in vitro,intracellular,singlecell
NP,610,932,1,ERR4566025,A549,48hpi,2,in vitro,intracellular,singlecell
NP,614,1025,1,ERR4566025,A549,48hpi,2,in vitro,intracellular,singlecell
NP,614,1303,1,ERR4566025,A549,48hpi,2,in vitro,intracellular,singlecell
NP,617,838,2,ERR4566025,A549,48hpi,2,in vitro,intracellular,singlecell
NP,617,859,1,ERR4566025,A549,48hpi,2,in vitro,intracellular,singlecell
NP,633,702,1,ERR4566025,A549,48hpi,2,in vitro,intracellular,singlecell
NP,648,1355,1,ERR4566025,A549,48hpi,2,in vitro,intracellular,singlecell
NP,657,954,1,ERR4566025,A549,48hpi,2,in vitro,intracellular,singlecell
NP,684,841,1,ERR4566025,A549,48hpi,2,in vitro,intracellular,singlecell
NP,689,766,1,ERR4566025,A549,48hpi,2,in vitro,intracellular,singlecell
NP,689,820,1,ERR4566025,A549,48hpi,2,in vitro,intracellular,singlecell
NP,689,837,1,ERR4566025,A549,48hpi,2,in vitro,intracellular,singlecell
NP,697,741,1,ERR4566025,A549,48hpi,2,in vitro,intracellular,singlecell
NP,697,814,1,ERR4566025,A549,48hpi,2,in vitro,intracellular,singlecell
NP,713,1063,1,ERR4566025,A549,48hpi,2,in vitro,intracellular,singlecell
NP,718,814,1,ERR4566025,A549,48hpi,2,in vitro,intracellular,singlecell
NP,719,952,1,ERR4566025,A549,48hpi,2,in vitro,intracellular,singlecell
NP,742,818,1,ERR4566025,A549,48hpi,2,in vitro,intracellular,singlecell
NP,75,280,1,ERR4566025,A549,48hpi,2,in vitro,intracellular,singlecell
NP,76,1279,1,ERR4566025,A549,48hpi,2,in vitro,intracellular,singlecell
NP,775,802,1,ERR4566025,A549,48hpi,2,in vitro,intracellular,singlecell
NP,777,802,1,ERR4566025,A549,48hpi,2,in vitro,intracellular,singlecell
NP,780,821,1,ERR4566025,A549,48hpi,2,in vitro,intracellular,singlecell
NP,782,838,1,ERR4566025,A549,48hpi,2,in vitro,intracellular,singlecell
NP,793,820,1,ERR4566025,A549,48hpi,2,in vitro,intracellular,singlecell
NP,795,840,1,ERR4566025,A549,48hpi,2,in vitro,intracellular,singlecell
NP,795,887,1,ERR4566025,A549,48hpi,2,in vitro,intracellular,singlecell
NP,797,834,1,ERR4566025,A549,48hpi,2,in vitro,intracellular,singlecell
NP,798,822,1,ERR4566025,A549,48hpi,2,in vitro,intracellular,singlecell
NP,80,1505,1,ERR4566025,A549,48hpi,2,in vitro,intracellular,singlecell
NP,812,844,1,ERR4566025,A549,48hpi,2,in vitro,intracellular,singlecell
NP,814,839,1,ERR4566025,A549,48hpi,2,in vitro,intracellular,singlecell
NP,833,898,1,ERR4566025,A549,48hpi,2,in vitro,intracellular,singlecell
NP,861,898,1,ERR4566025,A549,48hpi,2,in vitro,intracellular,singlecell
NP,889,950,1,ERR4566025,A549,48hpi,2,in vitro,intracellular,singlecell
NP,891,1161,1,ERR4566025,A549,48hpi,2,in vitro,intracellular,singlecell
NP,906,932,1,ERR4566025,A549,48hpi,2,in vitro,intracellular,singlecell
NP,918,948,1,ERR4566025,A549,48hpi,2,in vitro,intracellular,singlecell
NP,928,1194,1,ERR4566025,A549,48hpi,2,in vitro,intracellular,singlecell
NP,987,1329,1,ERR4566025,A549,48hpi,2,in vitro,intracellular,singlecell
NP,989,1024,1,ERR4566025,A549,48hpi,2,in vitro,intracellular,singlecell
NP,991,1211,1,ERR4566025,A549,48hpi,2,in vitro,intracellular,singlecell
NA,105,130,1,ERR4566025,A549,48hpi,2,in vitro,intracellular,singlecell
NA,108,191,1,ERR4566025,A549,48hpi,2,in vitro,intracellular,singlecell
NA,1158,1245,1,ERR4566025,A549,48hpi,2,in vitro,intracellular,singlecell
NA,1202,1251,1,ERR4566025,A549,48hpi,2,in vitro,intracellular,singlecell
NA,156,1030,1,ERR4566025,A549,48hpi,2,in vitro,intracellular,singlecell
NA,156,207,1,ERR4566025,A549,48hpi,2,in vitro,intracellular,singlecell
NA,190,1109,1,ERR4566025,A549,48hpi,2,in vitro,intracellular,singlecell
NA,293,318,1,ERR4566025,A549,48hpi,2,in vitro,intracellular,singlecell
NA,299,1250,1,ERR4566025,A549,48hpi,2,in vitro,intracellular,singlecell
NA,329,451,1,ERR4566025,A549,48hpi,2,in vitro,intracellular,singlecell
NA,333,1254,1,ERR4566025,A549,48hpi,2,in vitro,intracellular,singlecell
NA,492,970,1,ERR4566025,A549,48hpi,2,in vitro,intracellular,singlecell
NA,51,86,1,ERR4566025,A549,48hpi,2,in vitro,intracellular,singlecell
NA,596,628,1,ERR4566025,A549,48hpi,2,in vitro,intracellular,singlecell
NA,734,830,1,ERR4566025,A549,48hpi,2,in vitro,intracellular,singlecell
NA,77,1183,1,ERR4566025,A549,48hpi,2,in vitro,intracellular,singlecell
NA,79,576,1,ERR4566025,A549,48hpi,2,in vitro,intracellular,singlecell
NA,86,1144,1,ERR4566025,A549,48hpi,2,in vitro,intracellular,singlecell
M,157,869,1,ERR4566025,A549,48hpi,2,in vitro,intracellular,singlecell
M,163,808,1,ERR4566025,A549,48hpi,2,in vitro,intracellular,singlecell
M,193,704,1,ERR4566025,A549,48hpi,2,in vitro,intracellular,singlecell
M,254,831,1,ERR4566025,A549,48hpi,2,in vitro,intracellular,singlecell
M,255,617,1,ERR4566025,A549,48hpi,2,in vitro,intracellular,singlecell
M,278,808,1,ERR4566025,A549,48hpi,2,in vitro,intracellular,singlecell
M,279,301,1,ERR4566025,A549,48hpi,2,in vitro,intracellular,singlecell
M,316,661,1,ERR4566025,A549,48hpi,2,in vitro,intracellular,singlecell
M,321,711,1,ERR4566025,A549,48hpi,2,in vitro,intracellular,singlecell
M,321,744,1,ERR4566025,A549,48hpi,2,in vitro,intracellular,singlecell
M,321,857,1,ERR4566025,A549,48hpi,2,in vitro,intracellular,singlecell
M,329,429,1,ERR4566025,A549,48hpi,2,in vitro,intracellular,singlecell
M,366,626,1,ERR4566025,A549,48hpi,2,in vitro,intracellular,singlecell
M,369,601,1,ERR4566025,A549,48hpi,2,in vitro,intracellular,singlecell
M,381,645,1,ERR4566025,A549,48hpi,2,in vitro,intracellular,singlecell
M,410,657,1,ERR4566025,A549,48hpi,2,in vitro,intracellular,singlecell
M,417,504,1,ERR4566025,A549,48hpi,2,in vitro,intracellular,singlecell
M,467,584,1,ERR4566025,A549,48hpi,2,in vitro,intracellular,singlecell
M,47,502,1,ERR4566025,A549,48hpi,2,in vitro,intracellular,singlecell
M,515,610,1,ERR4566025,A549,48hpi,2,in vitro,intracellular,singlecell
M,527,659,1,ERR4566025,A549,48hpi,2,in vitro,intracellular,singlecell
M,52,741,4,ERR4566025,A549,48hpi,2,in vitro,intracellular,singlecell
M,54,195,1,ERR4566025,A549,48hpi,2,in vitro,intracellular,singlecell
M,552,575,1,ERR4566025,A549,48hpi,2,in vitro,intracellular,singlecell
M,581,703,1,ERR4566025,A549,48hpi,2,in vitro,intracellular,singlecell
M,63,94,1,ERR4566025,A549,48hpi,2,in vitro,intracellular,singlecell
M,69,114,1,ERR4566025,A549,48hpi,2,in vitro,intracellular,singlecell
M,801,878,1,ERR4566025,A549,48hpi,2,in vitro,intracellular,singlecell
M,808,832,1,ERR4566025,A549,48hpi,2,in vitro,intracellular,singlecell
NS,106,672,1,ERR4566025,A549,48hpi,2,in vitro,intracellular,singlecell
NS,107,646,1,ERR4566025,A549,48hpi,2,in vitro,intracellular,singlecell
NS,108,777,1,ERR4566025,A549,48hpi,2,in vitro,intracellular,singlecell
NS,115,642,1,ERR4566025,A549,48hpi,2,in vitro,intracellular,singlecell
NS,194,261,1,ERR4566025,A549,48hpi,2,in vitro,intracellular,singlecell
NS,195,624,1,ERR4566025,A549,48hpi,2,in vitro,intracellular,singlecell
NS,232,268,1,ERR4566025,A549,48hpi,2,in vitro,intracellular,singlecell
NS,355,590,1,ERR4566025,A549,48hpi,2,in vitro,intracellular,singlecell
NS,412,537,1,ERR4566025,A549,48hpi,2,in vitro,intracellular,singlecell
NS,57,530,5,ERR4566025,A549,48hpi,2,in vitro,intracellular,singlecell
NS,594,647,1,ERR4566025,A549,48hpi,2,in vitro,intracellular,singlecell
NS,621,685,1,ERR4566025,A549,48hpi,2,in vitro,intracellular,singlecell
NS,62,201,1,ERR4566025,A549,48hpi,2,in vitro,intracellular,singlecell
NS,63,133,1,ERR4566025,A549,48hpi,2,in vitro,intracellular,singlecell
NS,640,681,1,ERR4566025,A549,48hpi,2,in vitro,intracellular,singlecell
NS,659,776,1,ERR4566025,A549,48hpi,2,in vitro,intracellular,singlecell
NS,723,745,1,ERR4566025,A549,48hpi,2,in vitro,intracellular,singlecell
NS,86,157,1,ERR4566025,A549,48hpi,2,in vitro,intracellular,singlecell
NS,86,793,1,ERR4566025,A549,48hpi,2,in vitro,intracellular,singlecell
NS,99,586,1,ERR4566025,A549,48hpi,2,in vitro,intracellular,singlecell
PB2,127,2208,1,ERR4566028,HEK293FT,48hpi,1,in vitro,intracellular,singlecell
PB2,1400,1802,1,ERR4566028,HEK293FT,48hpi,1,in vitro,intracellular,singlecell
PB2,148,2107,1,ERR4566028,HEK293FT,48hpi,1,in vitro,intracellular,singlecell
PB2,162,2125,1,ERR4566028,HEK293FT,48hpi,1,in vitro,intracellular,singlecell
PB2,163,2126,1,ERR4566028,HEK293FT,48hpi,1,in vitro,intracellular,singlecell
PB2,173,2073,1,ERR4566028,HEK293FT,48hpi,1,in vitro,intracellular,singlecell
PB2,191,1709,1,ERR4566028,HEK293FT,48hpi,1,in vitro,intracellular,singlecell
PB2,191,2003,1,ERR4566028,HEK293FT,48hpi,1,in vitro,intracellular,singlecell
PB2,1968,2001,1,ERR4566028,HEK293FT,48hpi,1,in vitro,intracellular,singlecell
PB2,201,2070,1,ERR4566028,HEK293FT,48hpi,1,in vitro,intracellular,singlecell
PB2,203,2043,1,ERR4566028,HEK293FT,48hpi,1,in vitro,intracellular,singlecell
PB2,222,2193,1,ERR4566028,HEK293FT,48hpi,1,in vitro,intracellular,singlecell
PB2,227,1522,1,ERR4566028,HEK293FT,48hpi,1,in vitro,intracellular,singlecell
PB2,237,2088,1,ERR4566028,HEK293FT,48hpi,1,in vitro,intracellular,singlecell
PB2,334,2069,2,ERR4566028,HEK293FT,48hpi,1,in vitro,intracellular,singlecell
PB2,380,1858,1,ERR4566028,HEK293FT,48hpi,1,in vitro,intracellular,singlecell
PB2,424,1744,1,ERR4566028,HEK293FT,48hpi,1,in vitro,intracellular,singlecell
PB2,437,1997,1,ERR4566028,HEK293FT,48hpi,1,in vitro,intracellular,singlecell
PB2,468,1746,1,ERR4566028,HEK293FT,48hpi,1,in vitro,intracellular,singlecell
PB2,468,1793,1,ERR4566028,HEK293FT,48hpi,1,in vitro,intracellular,singlecell
PB2,595,1838,1,ERR4566028,HEK293FT,48hpi,1,in vitro,intracellular,singlecell
PB1,1038,1191,1,ERR4566028,HEK293FT,48hpi,1,in vitro,intracellular,singlecell
PB1,1094,1212,1,ERR4566028,HEK293FT,48hpi,1,in vitro,intracellular,singlecell
PB1,110,2056,1,ERR4566028,HEK293FT,48hpi,1,in vitro,intracellular,singlecell
PB1,112,2166,1,ERR4566028,HEK293FT,48hpi,1,in vitro,intracellular,singlecell
PB1,118,2172,1,ERR4566028,HEK293FT,48hpi,1,in vitro,intracellular,singlecell
PB1,123,2124,1,ERR4566028,HEK293FT,48hpi,1,in vitro,intracellular,singlecell
PB1,124,2115,1,ERR4566028,HEK293FT,48hpi,1,in vitro,intracellular,singlecell
PB1,135,2082,1,ERR4566028,HEK293FT,48hpi,1,in vitro,intracellular,singlecell
PB1,136,2080,1,ERR4566028,HEK293FT,48hpi,1,in vitro,intracellular,singlecell
PB1,137,2065,3,ERR4566028,HEK293FT,48hpi,1,in vitro,intracellular,singlecell
PB1,137,2110,4,ERR4566028,HEK293FT,48hpi,1,in vitro,intracellular,singlecell
PB1,137,2180,1,ERR4566028,HEK293FT,48hpi,1,in vitro,intracellular,singlecell
PB1,138,2092,1,ERR4566028,HEK293FT,48hpi,1,in vitro,intracellular,singlecell
PB1,138,215,1,ERR4566028,HEK293FT,48hpi,1,in vitro,intracellular,singlecell
PB1,139,2141,1,ERR4566028,HEK293FT,48hpi,1,in vitro,intracellular,singlecell
PB1,144,2058,1,ERR4566028,HEK293FT,48hpi,1,in vitro,intracellular,singlecell
PB1,144,2103,2,ERR4566028,HEK293FT,48hpi,1,in vitro,intracellular,singlecell
PB1,145,2103,6,ERR4566028,HEK293FT,48hpi,1,in vitro,intracellular,singlecell
PB1,158,2171,1,ERR4566028,HEK293FT,48hpi,1,in vitro,intracellular,singlecell
PB1,1691,2133,1,ERR4566028,HEK293FT,48hpi,1,in vitro,intracellular,singlecell
PB1,178,2005,1,ERR4566028,HEK293FT,48hpi,1,in vitro,intracellular,singlecell
PB1,179,2110,1,ERR4566028,HEK293FT,48hpi,1,in vitro,intracellular,singlecell
PB1,184,2052,5,ERR4566028,HEK293FT,48hpi,1,in vitro,intracellular,singlecell
PB1,1953,2008,2,ERR4566028,HEK293FT,48hpi,1,in vitro,intracellular,singlecell
PB1,1982,2165,1,ERR4566028,HEK293FT,48hpi,1,in vitro,intracellular,singlecell
PB1,1986,2021,1,ERR4566028,HEK293FT,48hpi,1,in vitro,intracellular,singlecell
PB1,200,2063,1,ERR4566028,HEK293FT,48hpi,1,in vitro,intracellular,singlecell
PB1,206,2013,1,ERR4566028,HEK293FT,48hpi,1,in vitro,intracellular,singlecell
PB1,209,2168,1,ERR4566028,HEK293FT,48hpi,1,in vitro,intracellular,singlecell
PB1,211,2163,1,ERR4566028,HEK293FT,48hpi,1,in vitro,intracellular,singlecell
PB1,2134,2157,1,ERR4566028,HEK293FT,48hpi,1,in vitro,intracellular,singlecell
PB1,256,1936,1,ERR4566028,HEK293FT,48hpi,1,in vitro,intracellular,singlecell
PB1,271,1991,1,ERR4566028,HEK293FT,48hpi,1,in vitro,intracellular,singlecell
PB1,286,1899,2,ERR4566028,HEK293FT,48hpi,1,in vitro,intracellular,singlecell
PB1,347,1989,1,ERR4566028,HEK293FT,48hpi,1,in vitro,intracellular,singlecell
PB1,348,1900,1,ERR4566028,HEK293FT,48hpi,1,in vitro,intracellular,singlecell
PB1,350,1998,1,ERR4566028,HEK293FT,48hpi,1,in vitro,intracellular,singlecell
PB1,351,1947,2,ERR4566028,HEK293FT,48hpi,1,in vitro,intracellular,singlecell
PB1,357,1847,1,ERR4566028,HEK293FT,48hpi,1,in vitro,intracellular,singlecell
PB1,357,1877,1,ERR4566028,HEK293FT,48hpi,1,in vitro,intracellular,singlecell
PB1,357,1899,1,ERR4566028,HEK293FT,48hpi,1,in vitro,intracellular,singlecell
PB1,359,1836,2,ERR4566028,HEK293FT,48hpi,1,in vitro,intracellular,singlecell
PB1,364,1847,1,ERR4566028,HEK293FT,48hpi,1,in vitro,intracellular,singlecell
PB1,368,1897,1,ERR4566028,HEK293FT,48hpi,1,in vitro,intracellular,singlecell
PB1,368,2030,1,ERR4566028,HEK293FT,48hpi,1,in vitro,intracellular,singlecell
PB1,371,1998,1,ERR4566028,HEK293FT,48hpi,1,in vitro,intracellular,singlecell
PB1,378,1860,1,ERR4566028,HEK293FT,48hpi,1,in vitro,intracellular,singlecell
PB1,381,1901,1,ERR4566028,HEK293FT,48hpi,1,in vitro,intracellular,singlecell
PB1,383,1871,1,ERR4566028,HEK293FT,48hpi,1,in vitro,intracellular,singlecell
PB1,383,1875,1,ERR4566028,HEK293FT,48hpi,1,in vitro,intracellular,singlecell
PB1,383,1915,1,ERR4566028,HEK293FT,48hpi,1,in vitro,intracellular,singlecell
PB1,386,1860,1,ERR4566028,HEK293FT,48hpi,1,in vitro,intracellular,singlecell
PB1,397,1931,1,ERR4566028,HEK293FT,48hpi,1,in vitro,intracellular,singlecell
PB1,399,1900,1,ERR4566028,HEK293FT,48hpi,1,in vitro,intracellular,singlecell
PB1,423,1884,1,ERR4566028,HEK293FT,48hpi,1,in vitro,intracellular,singlecell
PB1,427,1897,1,ERR4566028,HEK293FT,48hpi,1,in vitro,intracellular,singlecell
PB1,435,1610,1,ERR4566028,HEK293FT,48hpi,1,in vitro,intracellular,singlecell
PB1,435,1867,1,ERR4566028,HEK293FT,48hpi,1,in vitro,intracellular,singlecell
PB1,465,1875,1,ERR4566028,HEK293FT,48hpi,1,in vitro,intracellular,singlecell
PB1,471,554,1,ERR4566028,HEK293FT,48hpi,1,in vitro,intracellular,singlecell
PB1,533,1768,1,ERR4566028,HEK293FT,48hpi,1,in vitro,intracellular,singlecell
PB1,548,1861,4,ERR4566028,HEK293FT,48hpi,1,in vitro,intracellular,singlecell
PB1,574,1513,1,ERR4566028,HEK293FT,48hpi,1,in vitro,intracellular,singlecell
PB1,584,1649,1,ERR4566028,HEK293FT,48hpi,1,in vitro,intracellular,singlecell
PB1,597,1567,1,ERR4566028,HEK293FT,48hpi,1,in vitro,intracellular,singlecell
PB1,597,1899,1,ERR4566028,HEK293FT,48hpi,1,in vitro,intracellular,singlecell
PB1,598,1899,1,ERR4566028,HEK293FT,48hpi,1,in vitro,intracellular,singlecell
PB1,682,1754,1,ERR4566028,HEK293FT,48hpi,1,in vitro,intracellular,singlecell
PB1,695,1713,1,ERR4566028,HEK293FT,48hpi,1,in vitro,intracellular,singlecell
PB1,725,1518,1,ERR4566028,HEK293FT,48hpi,1,in vitro,intracellular,singlecell
PB1,759,1614,1,ERR4566028,HEK293FT,48hpi,1,in vitro,intracellular,singlecell
PB1,808,1477,1,ERR4566028,HEK293FT,48hpi,1,in vitro,intracellular,singlecell
PB1,850,1329,1,ERR4566028,HEK293FT,48hpi,1,in vitro,intracellular,singlecell
PA,108,2075,1,ERR4566028,HEK293FT,48hpi,1,in vitro,intracellular,singlecell
PA,118,2072,1,ERR4566028,HEK293FT,48hpi,1,in vitro,intracellular,singlecell
PA,119,1981,1,ERR4566028,HEK293FT,48hpi,1,in vitro,intracellular,singlecell
PA,126,192,1,ERR4566028,HEK293FT,48hpi,1,in vitro,intracellular,singlecell
PA,130,2076,1,ERR4566028,HEK293FT,48hpi,1,in vitro,intracellular,singlecell
PA,134,1971,2,ERR4566028,HEK293FT,48hpi,1,in vitro,intracellular,singlecell
PA,138,2132,1,ERR4566028,HEK293FT,48hpi,1,in vitro,intracellular,singlecell
PA,139,169,1,ERR4566028,HEK293FT,48hpi,1,in vitro,intracellular,singlecell
PA,139,179,1,ERR4566028,HEK293FT,48hpi,1,in vitro,intracellular,singlecell
PA,140,1954,1,ERR4566028,HEK293FT,48hpi,1,in vitro,intracellular,singlecell
PA,140,1972,10,ERR4566028,HEK293FT,48hpi,1,in vitro,intracellular,singlecell
PA,141,168,1,ERR4566028,HEK293FT,48hpi,1,in vitro,intracellular,singlecell
PA,150,198,1,ERR4566028,HEK293FT,48hpi,1,in vitro,intracellular,singlecell
PA,157,2084,1,ERR4566028,HEK293FT,48hpi,1,in vitro,intracellular,singlecell
PA,158,1958,5,ERR4566028,HEK293FT,48hpi,1,in vitro,intracellular,singlecell
PA,160,2005,1,ERR4566028,HEK293FT,48hpi,1,in vitro,intracellular,singlecell
PA,165,1949,1,ERR4566028,HEK293FT,48hpi,1,in vitro,intracellular,singlecell
PA,167,2111,1,ERR4566028,HEK293FT,48hpi,1,in vitro,intracellular,singlecell
PA,175,2041,1,ERR4566028,HEK293FT,48hpi,1,in vitro,intracellular,singlecell
PA,177,2068,6,ERR4566028,HEK293FT,48hpi,1,in vitro,intracellular,singlecell
PA,189,1985,1,ERR4566028,HEK293FT,48hpi,1,in vitro,intracellular,singlecell
PA,190,1925,1,ERR4566028,HEK293FT,48hpi,1,in vitro,intracellular,singlecell
PA,190,1949,20,ERR4566028,HEK293FT,48hpi,1,in vitro,intracellular,singlecell
PA,190,221,1,ERR4566028,HEK293FT,48hpi,1,in vitro,intracellular,singlecell
PA,1915,2017,1,ERR4566028,HEK293FT,48hpi,1,in vitro,intracellular,singlecell
PA,192,1954,1,ERR4566028,HEK293FT,48hpi,1,in vitro,intracellular,singlecell
PA,199,2060,1,ERR4566028,HEK293FT,48hpi,1,in vitro,intracellular,singlecell
PA,2025,2086,1,ERR4566028,HEK293FT,48hpi,1,in vitro,intracellular,singlecell
PA,216,1978,1,ERR4566028,HEK293FT,48hpi,1,in vitro,intracellular,singlecell
PA,220,1868,1,ERR4566028,HEK293FT,48hpi,1,in vitro,intracellular,singlecell
PA,220,1954,1,ERR4566028,HEK293FT,48hpi,1,in vitro,intracellular,singlecell
PA,221,1995,6,ERR4566028,HEK293FT,48hpi,1,in vitro,intracellular,singlecell
PA,226,1816,1,ERR4566028,HEK293FT,48hpi,1,in vitro,intracellular,singlecell
PA,232,1822,1,ERR4566028,HEK293FT,48hpi,1,in vitro,intracellular,singlecell
PA,232,1939,8,ERR4566028,HEK293FT,48hpi,1,in vitro,intracellular,singlecell
PA,232,2078,1,ERR4566028,HEK293FT,48hpi,1,in vitro,intracellular,singlecell
PA,234,1743,1,ERR4566028,HEK293FT,48hpi,1,in vitro,intracellular,singlecell
PA,240,1925,3,ERR4566028,HEK293FT,48hpi,1,in vitro,intracellular,singlecell
PA,241,2070,2,ERR4566028,HEK293FT,48hpi,1,in vitro,intracellular,singlecell
PA,253,1917,1,ERR4566028,HEK293FT,48hpi,1,in vitro,intracellular,singlecell
PA,254,1863,2,ERR4566028,HEK293FT,48hpi,1,in vitro,intracellular,singlecell
PA,259,1929,1,ERR4566028,HEK293FT,48hpi,1,in vitro,intracellular,singlecell
PA,266,1836,1,ERR4566028,HEK293FT,48hpi,1,in vitro,intracellular,singlecell
PA,299,1915,1,ERR4566028,HEK293FT,48hpi,1,in vitro,intracellular,singlecell
PA,304,1854,1,ERR4566028,HEK293FT,48hpi,1,in vitro,intracellular,singlecell
PA,305,2084,1,ERR4566028,HEK293FT,48hpi,1,in vitro,intracellular,singlecell
PA,316,1836,1,ERR4566028,HEK293FT,48hpi,1,in vitro,intracellular,singlecell
PA,319,1862,2,ERR4566028,HEK293FT,48hpi,1,in vitro,intracellular,singlecell
PA,348,1874,1,ERR4566028,HEK293FT,48hpi,1,in vitro,intracellular,singlecell
PA,351,1820,1,ERR4566028,HEK293FT,48hpi,1,in vitro,intracellular,singlecell
PA,351,1939,2,ERR4566028,HEK293FT,48hpi,1,in vitro,intracellular,singlecell
PA,358,1761,1,ERR4566028,HEK293FT,48hpi,1,in vitro,intracellular,singlecell
PA,396,1887,1,ERR4566028,HEK293FT,48hpi,1,in vitro,intracellular,singlecell
PA,421,2086,1,ERR4566028,HEK293FT,48hpi,1,in vitro,intracellular,singlecell
PA,435,1125,1,ERR4566028,HEK293FT,48hpi,1,in vitro,intracellular,singlecell
PA,444,1859,1,ERR4566028,HEK293FT,48hpi,1,in vitro,intracellular,singlecell
PA,520,1706,1,ERR4566028,HEK293FT,48hpi,1,in vitro,intracellular,singlecell
PA,557,1816,1,ERR4566028,HEK293FT,48hpi,1,in vitro,intracellular,singlecell
PA,558,1641,1,ERR4566028,HEK293FT,48hpi,1,in vitro,intracellular,singlecell
PA,671,1459,1,ERR4566028,HEK293FT,48hpi,1,in vitro,intracellular,singlecell
PA,726,1313,1,ERR4566028,HEK293FT,48hpi,1,in vitro,intracellular,singlecell
PA,765,1421,1,ERR4566028,HEK293FT,48hpi,1,in vitro,intracellular,singlecell
PA,76,2076,1,ERR4566028,HEK293FT,48hpi,1,in vitro,intracellular,singlecell
PA,82,1953,1,ERR4566028,HEK293FT,48hpi,1,in vitro,intracellular,singlecell
PA,82,2048,1,ERR4566028,HEK293FT,48hpi,1,in vitro,intracellular,singlecell
PA,87,203,1,ERR4566028,HEK293FT,48hpi,1,in vitro,intracellular,singlecell
PA,92,2133,1,ERR4566028,HEK293FT,48hpi,1,in vitro,intracellular,singlecell
HA,1110,1178,1,ERR4566028,HEK293FT,48hpi,1,in vitro,intracellular,singlecell
HA,1114,1151,1,ERR4566028,HEK293FT,48hpi,1,in vitro,intracellular,singlecell
HA,1292,1327,1,ERR4566028,HEK293FT,48hpi,1,in vitro,intracellular,singlecell
HA,1306,1346,2,ERR4566028,HEK293FT,48hpi,1,in vitro,intracellular,singlecell
HA,131,1463,1,ERR4566028,HEK293FT,48hpi,1,in vitro,intracellular,singlecell
HA,1342,1447,1,ERR4566028,HEK293FT,48hpi,1,in vitro,intracellular,singlecell
HA,1419,1461,1,ERR4566028,HEK293FT,48hpi,1,in vitro,intracellular,singlecell
HA,1472,1502,1,ERR4566028,HEK293FT,48hpi,1,in vitro,intracellular,singlecell
HA,153,1433,1,ERR4566028,HEK293FT,48hpi,1,in vitro,intracellular,singlecell
HA,195,1353,1,ERR4566028,HEK293FT,48hpi,1,in vitro,intracellular,singlecell
HA,407,1230,1,ERR4566028,HEK293FT,48hpi,1,in vitro,intracellular,singlecell
HA,476,1214,1,ERR4566028,HEK293FT,48hpi,1,in vitro,intracellular,singlecell
HA,630,1123,1,ERR4566028,HEK293FT,48hpi,1,in vitro,intracellular,singlecell
HA,631,835,1,ERR4566028,HEK293FT,48hpi,1,in vitro,intracellular,singlecell
HA,71,93,1,ERR4566028,HEK293FT,48hpi,1,in vitro,intracellular,singlecell
HA,770,898,1,ERR4566028,HEK293FT,48hpi,1,in vitro,intracellular,singlecell
HA,87,348,1,ERR4566028,HEK293FT,48hpi,1,in vitro,intracellular,singlecell
HA,95,1500,1,ERR4566028,HEK293FT,48hpi,1,in vitro,intracellular,singlecell
HA,96,1510,1,ERR4566028,HEK293FT,48hpi,1,in vitro,intracellular,singlecell
HA,98,1195,1,ERR4566028,HEK293FT,48hpi,1,in vitro,intracellular,singlecell
NP,1065,1202,1,ERR4566028,HEK293FT,48hpi,1,in vitro,intracellular,singlecell
NP,158,254,1,ERR4566028,HEK293FT,48hpi,1,in vitro,intracellular,singlecell
NP,170,754,1,ERR4566028,HEK293FT,48hpi,1,in vitro,intracellular,singlecell
NP,253,364,1,ERR4566028,HEK293FT,48hpi,1,in vitro,intracellular,singlecell
NP,296,531,2,ERR4566028,HEK293FT,48hpi,1,in vitro,intracellular,singlecell
NP,328,451,5,ERR4566028,HEK293FT,48hpi,1,in vitro,intracellular,singlecell
NP,450,533,1,ERR4566028,HEK293FT,48hpi,1,in vitro,intracellular,singlecell
NP,644,693,1,ERR4566028,HEK293FT,48hpi,1,in vitro,intracellular,singlecell
NP,703,855,1,ERR4566028,HEK293FT,48hpi,1,in vitro,intracellular,singlecell
NP,721,789,1,ERR4566028,HEK293FT,48hpi,1,in vitro,intracellular,singlecell
NP,755,808,1,ERR4566028,HEK293FT,48hpi,1,in vitro,intracellular,singlecell
NP,853,942,1,ERR4566028,HEK293FT,48hpi,1,in vitro,intracellular,singlecell
NP,961,998,1,ERR4566028,HEK293FT,48hpi,1,in vitro,intracellular,singlecell
NA,234,272,1,ERR4566028,HEK293FT,48hpi,1,in vitro,intracellular,singlecell
NA,292,1346,1,ERR4566028,HEK293FT,48hpi,1,in vitro,intracellular,singlecell
NA,319,1283,1,ERR4566028,HEK293FT,48hpi,1,in vitro,intracellular,singlecell
NA,553,1045,1,ERR4566028,HEK293FT,48hpi,1,in vitro,intracellular,singlecell
NA,88,1041,1,ERR4566028,HEK293FT,48hpi,1,in vitro,intracellular,singlecell
M,405,635,1,ERR4566028,HEK293FT,48hpi,1,in vitro,intracellular,singlecell
M,52,741,5,ERR4566028,HEK293FT,48hpi,1,in vitro,intracellular,singlecell
M,54,87,1,ERR4566028,HEK293FT,48hpi,1,in vitro,intracellular,singlecell
M,60,84,1,ERR4566028,HEK293FT,48hpi,1,in vitro,intracellular,singlecell
M,67,943,1,ERR4566028,HEK293FT,48hpi,1,in vitro,intracellular,singlecell
M,796,830,1,ERR4566028,HEK293FT,48hpi,1,in vitro,intracellular,singlecell
NS,120,721,1,ERR4566028,HEK293FT,48hpi,1,in vitro,intracellular,singlecell
NS,131,681,1,ERR4566028,HEK293FT,48hpi,1,in vitro,intracellular,singlecell
NS,151,699,1,ERR4566028,HEK293FT,48hpi,1,in vitro,intracellular,singlecell
NS,210,237,1,ERR4566028,HEK293FT,48hpi,1,in vitro,intracellular,singlecell
NS,258,535,1,ERR4566028,HEK293FT,48hpi,1,in vitro,intracellular,singlecell
NS,296,711,1,ERR4566028,HEK293FT,48hpi,1,in vitro,intracellular,singlecell
NS,473,520,1,ERR4566028,HEK293FT,48hpi,1,in vitro,intracellular,singlecell
NS,487,520,1,ERR4566028,HEK293FT,48hpi,1,in vitro,intracellular,singlecell
NS,57,530,14,ERR4566028,HEK293FT,48hpi,1,in vitro,intracellular,singlecell
PB2,128,2203,1,ERR4566029,HEK293FT,48hpi,2,in vitro,intracellular,singlecell
PB2,137,2105,1,ERR4566029,HEK293FT,48hpi,2,in vitro,intracellular,singlecell
PB2,148,1561,1,ERR4566029,HEK293FT,48hpi,2,in vitro,intracellular,singlecell
PB2,162,2086,1,ERR4566029,HEK293FT,48hpi,2,in vitro,intracellular,singlecell
PB2,162,2125,2,ERR4566029,HEK293FT,48hpi,2,in vitro,intracellular,singlecell
PB2,163,2126,3,ERR4566029,HEK293FT,48hpi,2,in vitro,intracellular,singlecell
PB2,165,2121,1,ERR4566029,HEK293FT,48hpi,2,in vitro,intracellular,singlecell
PB2,1716,2147,1,ERR4566029,HEK293FT,48hpi,2,in vitro,intracellular,singlecell
PB2,176,2052,5,ERR4566029,HEK293FT,48hpi,2,in vitro,intracellular,singlecell
PB2,177,2141,1,ERR4566029,HEK293FT,48hpi,2,in vitro,intracellular,singlecell
PB2,179,1563,1,ERR4566029,HEK293FT,48hpi,2,in vitro,intracellular,singlecell
PB2,179,228,1,ERR4566029,HEK293FT,48hpi,2,in vitro,intracellular,singlecell
PB2,180,2046,1,ERR4566029,HEK293FT,48hpi,2,in vitro,intracellular,singlecell
PB2,180,2121,1,ERR4566029,HEK293FT,48hpi,2,in vitro,intracellular,singlecell
PB2,191,2195,1,ERR4566029,HEK293FT,48hpi,2,in vitro,intracellular,singlecell
PB2,1936,2025,2,ERR4566029,HEK293FT,48hpi,2,in vitro,intracellular,singlecell
PB2,203,2043,2,ERR4566029,HEK293FT,48hpi,2,in vitro,intracellular,singlecell
PB2,203,2141,1,ERR4566029,HEK293FT,48hpi,2,in vitro,intracellular,singlecell
PB2,211,1688,1,ERR4566029,HEK293FT,48hpi,2,in vitro,intracellular,singlecell
PB2,225,2072,1,ERR4566029,HEK293FT,48hpi,2,in vitro,intracellular,singlecell
PB2,225,2200,1,ERR4566029,HEK293FT,48hpi,2,in vitro,intracellular,singlecell
PB2,226,2058,1,ERR4566029,HEK293FT,48hpi,2,in vitro,intracellular,singlecell
PB2,226,2070,1,ERR4566029,HEK293FT,48hpi,2,in vitro,intracellular,singlecell
PB2,227,1955,1,ERR4566029,HEK293FT,48hpi,2,in vitro,intracellular,singlecell
PB2,227,2151,1,ERR4566029,HEK293FT,48hpi,2,in vitro,intracellular,singlecell
PB2,238,2029,1,ERR4566029,HEK293FT,48hpi,2,in vitro,intracellular,singlecell
PB2,242,2234,1,ERR4566029,HEK293FT,48hpi,2,in vitro,intracellular,singlecell
PB2,246,1448,1,ERR4566029,HEK293FT,48hpi,2,in vitro,intracellular,singlecell
PB2,253,2011,1,ERR4566029,HEK293FT,48hpi,2,in vitro,intracellular,singlecell
PB2,263,309,1,ERR4566029,HEK293FT,48hpi,2,in vitro,intracellular,singlecell
PB2,270,2177,1,ERR4566029,HEK293FT,48hpi,2,in vitro,intracellular,singlecell
PB2,272,2054,3,ERR4566029,HEK293FT,48hpi,2,in vitro,intracellular,singlecell
PB2,274,1973,1,ERR4566029,HEK293FT,48hpi,2,in vitro,intracellular,singlecell
PB2,275,2004,6,ERR4566029,HEK293FT,48hpi,2,in vitro,intracellular,singlecell
PB2,277,1403,2,ERR4566029,HEK293FT,48hpi,2,in vitro,intracellular,singlecell
PB2,278,2178,1,ERR4566029,HEK293FT,48hpi,2,in vitro,intracellular,singlecell
PB2,292,2036,1,ERR4566029,HEK293FT,48hpi,2,in vitro,intracellular,singlecell
PB2,308,1959,1,ERR4566029,HEK293FT,48hpi,2,in vitro,intracellular,singlecell
PB2,319,1888,1,ERR4566029,HEK293FT,48hpi,2,in vitro,intracellular,singlecell
PB2,324,1890,1,ERR4566029,HEK293FT,48hpi,2,in vitro,intracellular,singlecell
PB2,334,2069,5,ERR4566029,HEK293FT,48hpi,2,in vitro,intracellular,singlecell
PB2,342,1944,1,ERR4566029,HEK293FT,48hpi,2,in vitro,intracellular,singlecell
PB2,349,1761,1,ERR4566029,HEK293FT,48hpi,2,in vitro,intracellular,singlecell
PB2,352,1909,1,ERR4566029,HEK293FT,48hpi,2,in vitro,intracellular,singlecell
PB2,417,1792,1,ERR4566029,HEK293FT,48hpi,2,in vitro,intracellular,singlecell
PB2,441,1862,1,ERR4566029,HEK293FT,48hpi,2,in vitro,intracellular,singlecell
PB2,468,1746,1,ERR4566029,HEK293FT,48hpi,2,in vitro,intracellular,singlecell
PB2,470,1760,1,ERR4566029,HEK293FT,48hpi,2,in vitro,intracellular,singlecell
PB2,499,2200,1,ERR4566029,HEK293FT,48hpi,2,in vitro,intracellular,singlecell
PB2,500,1816,1,ERR4566029,HEK293FT,48hpi,2,in vitro,intracellular,singlecell
PB2,505,1826,1,ERR4566029,HEK293FT,48hpi,2,in vitro,intracellular,singlecell
PB2,514,1817,1,ERR4566029,HEK293FT,48hpi,2,in vitro,intracellular,singlecell
PB2,519,1738,1,ERR4566029,HEK293FT,48hpi,2,in vitro,intracellular,singlecell
PB2,521,1620,1,ERR4566029,HEK293FT,48hpi,2,in vitro,intracellular,singlecell
PB2,570,1699,1,ERR4566029,HEK293FT,48hpi,2,in vitro,intracellular,singlecell
PB2,632,1644,1,ERR4566029,HEK293FT,48hpi,2,in vitro,intracellular,singlecell
PB2,642,664,1,ERR4566029,HEK293FT,48hpi,2,in vitro,intracellular,singlecell
PB1,102,147,1,ERR4566029,HEK293FT,48hpi,2,in vitro,intracellular,singlecell
PB1,1038,1116,1,ERR4566029,HEK293FT,48hpi,2,in vitro,intracellular,singlecell
PB1,106,2194,1,ERR4566029,HEK293FT,48hpi,2,in vitro,intracellular,singlecell
PB1,108,2176,1,ERR4566029,HEK293FT,48hpi,2,in vitro,intracellular,singlecell
PB1,1113,1144,1,ERR4566029,HEK293FT,48hpi,2,in vitro,intracellular,singlecell
PB1,113,2165,1,ERR4566029,HEK293FT,48hpi,2,in vitro,intracellular,singlecell
PB1,113,2177,1,ERR4566029,HEK293FT,48hpi,2,in vitro,intracellular,singlecell
PB1,114,150,1,ERR4566029,HEK293FT,48hpi,2,in vitro,intracellular,singlecell
PB1,115,140,1,ERR4566029,HEK293FT,48hpi,2,in vitro,intracellular,singlecell
PB1,115,2056,1,ERR4566029,HEK293FT,48hpi,2,in vitro,intracellular,singlecell
PB1,116,2093,1,ERR4566029,HEK293FT,48hpi,2,in vitro,intracellular,singlecell
PB1,119,2162,1,ERR4566029,HEK293FT,48hpi,2,in vitro,intracellular,singlecell
PB1,120,2159,1,ERR4566029,HEK293FT,48hpi,2,in vitro,intracellular,singlecell
PB1,121,2078,1,ERR4566029,HEK293FT,48hpi,2,in vitro,intracellular,singlecell
PB1,122,160,1,ERR4566029,HEK293FT,48hpi,2,in vitro,intracellular,singlecell
PB1,123,2006,1,ERR4566029,HEK293FT,48hpi,2,in vitro,intracellular,singlecell
PB1,123,2168,1,ERR4566029,HEK293FT,48hpi,2,in vitro,intracellular,singlecell
PB1,126,2177,1,ERR4566029,HEK293FT,48hpi,2,in vitro,intracellular,singlecell
PB1,1280,2197,1,ERR4566029,HEK293FT,48hpi,2,in vitro,intracellular,singlecell
PB1,1307,1666,1,ERR4566029,HEK293FT,48hpi,2,in vitro,intracellular,singlecell
PB1,132,2085,1,ERR4566029,HEK293FT,48hpi,2,in vitro,intracellular,singlecell
PB1,133,2130,1,ERR4566029,HEK293FT,48hpi,2,in vitro,intracellular,singlecell
PB1,134,2103,1,ERR4566029,HEK293FT,48hpi,2,in vitro,intracellular,singlecell
PB1,134,2173,1,ERR4566029,HEK293FT,48hpi,2,in vitro,intracellular,singlecell
PB1,135,2115,1,ERR4566029,HEK293FT,48hpi,2,in vitro,intracellular,singlecell
PB1,137,2065,11,ERR4566029,HEK293FT,48hpi,2,in vitro,intracellular,singlecell
PB1,137,2110,5,ERR4566029,HEK293FT,48hpi,2,in vitro,intracellular,singlecell
PB1,139,2056,1,ERR4566029,HEK293FT,48hpi,2,in vitro,intracellular,singlecell
PB1,139,2141,4,ERR4566029,HEK293FT,48hpi,2,in vitro,intracellular,singlecell
PB1,1420,1453,1,ERR4566029,HEK293FT,48hpi,2,in vitro,intracellular,singlecell
PB1,1424,2230,1,ERR4566029,HEK293FT,48hpi,2,in vitro,intracellular,singlecell
PB1,1436,1913,1,ERR4566029,HEK293FT,48hpi,2,in vitro,intracellular,singlecell
PB1,144,2058,1,ERR4566029,HEK293FT,48hpi,2,in vitro,intracellular,singlecell
PB1,144,2100,2,ERR4566029,HEK293FT,48hpi,2,in vitro,intracellular,singlecell
PB1,144,2103,1,ERR4566029,HEK293FT,48hpi,2,in vitro,intracellular,singlecell
PB1,144,2114,1,ERR4566029,HEK293FT,48hpi,2,in vitro,intracellular,singlecell
PB1,145,2100,1,ERR4566029,HEK293FT,48hpi,2,in vitro,intracellular,singlecell
PB1,145,2103,16,ERR4566029,HEK293FT,48hpi,2,in vitro,intracellular,singlecell
PB1,146,2082,1,ERR4566029,HEK293FT,48hpi,2,in vitro,intracellular,singlecell
PB1,146,2115,1,ERR4566029,HEK293FT,48hpi,2,in vitro,intracellular,singlecell
PB1,148,2031,1,ERR4566029,HEK293FT,48hpi,2,in vitro,intracellular,singlecell
PB1,1693,2113,1,ERR4566029,HEK293FT,48hpi,2,in vitro,intracellular,singlecell
PB1,179,2110,4,ERR4566029,HEK293FT,48hpi,2,in vitro,intracellular,singlecell
PB1,180,2030,1,ERR4566029,HEK293FT,48hpi,2,in vitro,intracellular,singlecell
PB1,182,2177,1,ERR4566029,HEK293FT,48hpi,2,in vitro,intracellular,singlecell
PB1,184,2052,22,ERR4566029,HEK293FT,48hpi,2,in vitro,intracellular,singlecell
PB1,1862,1899,1,ERR4566029,HEK293FT,48hpi,2,in vitro,intracellular,singlecell
PB1,1868,2086,1,ERR4566029,HEK293FT,48hpi,2,in vitro,intracellular,singlecell
PB1,1873,1923,1,ERR4566029,HEK293FT,48hpi,2,in vitro,intracellular,singlecell
PB1,189,2103,1,ERR4566029,HEK293FT,48hpi,2,in vitro,intracellular,singlecell
PB1,190,2238,1,ERR4566029,HEK293FT,48hpi,2,in vitro,intracellular,singlecell
PB1,191,2027,1,ERR4566029,HEK293FT,48hpi,2,in vitro,intracellular,singlecell
PB1,192,2037,1,ERR4566029,HEK293FT,48hpi,2,in vitro,intracellular,singlecell
PB1,192,2091,1,ERR4566029,HEK293FT,48hpi,2,in vitro,intracellular,singlecell
PB1,194,2005,1,ERR4566029,HEK293FT,48hpi,2,in vitro,intracellular,singlecell
PB1,195,1940,1,ERR4566029,HEK293FT,48hpi,2,in vitro,intracellular,singlecell
PB1,195,2037,1,ERR4566029,HEK293FT,48hpi,2,in vitro,intracellular,singlecell
PB1,195,2100,1,ERR4566029,HEK293FT,48hpi,2,in vitro,intracellular,singlecell
PB1,1961,2053,1,ERR4566029,HEK293FT,48hpi,2,in vitro,intracellular,singlecell
PB1,197,2044,1,ERR4566029,HEK293FT,48hpi,2,in vitro,intracellular,singlecell
PB1,2002,2100,4,ERR4566029,HEK293FT,48hpi,2,in vitro,intracellular,singlecell
PB1,205,230,2,ERR4566029,HEK293FT,48hpi,2,in vitro,intracellular,singlecell
PB1,206,2029,1,ERR4566029,HEK293FT,48hpi,2,in vitro,intracellular,singlecell
PB1,209,1864,1,ERR4566029,HEK293FT,48hpi,2,in vitro,intracellular,singlecell
PB1,2100,2184,1,ERR4566029,HEK293FT,48hpi,2,in vitro,intracellular,singlecell
PB1,213,1958,1,ERR4566029,HEK293FT,48hpi,2,in vitro,intracellular,singlecell
PB1,220,1980,1,ERR4566029,HEK293FT,48hpi,2,in vitro,intracellular,singlecell
PB1,229,2030,1,ERR4566029,HEK293FT,48hpi,2,in vitro,intracellular,singlecell
PB1,233,258,1,ERR4566029,HEK293FT,48hpi,2,in vitro,intracellular,singlecell
PB1,240,2036,1,ERR4566029,HEK293FT,48hpi,2,in vitro,intracellular,singlecell
PB1,255,1858,1,ERR4566029,HEK293FT,48hpi,2,in vitro,intracellular,singlecell
PB1,255,2093,2,ERR4566029,HEK293FT,48hpi,2,in vitro,intracellular,singlecell
PB1,269,1695,1,ERR4566029,HEK293FT,48hpi,2,in vitro,intracellular,singlecell
PB1,271,1960,1,ERR4566029,HEK293FT,48hpi,2,in vitro,intracellular,singlecell
PB1,271,1973,1,ERR4566029,HEK293FT,48hpi,2,in vitro,intracellular,singlecell
PB1,286,1899,6,ERR4566029,HEK293FT,48hpi,2,in vitro,intracellular,singlecell
PB1,289,1980,1,ERR4566029,HEK293FT,48hpi,2,in vitro,intracellular,singlecell
PB1,290,2044,1,ERR4566029,HEK293FT,48hpi,2,in vitro,intracellular,singlecell
PB1,295,2058,1,ERR4566029,HEK293FT,48hpi,2,in vitro,intracellular,singlecell
PB1,324,1857,1,ERR4566029,HEK293FT,48hpi,2,in vitro,intracellular,singlecell
PB1,331,1853,1,ERR4566029,HEK293FT,48hpi,2,in vitro,intracellular,singlecell
PB1,334,1899,1,ERR4566029,HEK293FT,48hpi,2,in vitro,intracellular,singlecell
PB1,334,1955,1,ERR4566029,HEK293FT,48hpi,2,in vitro,intracellular,singlecell
PB1,334,1993,1,ERR4566029,HEK293FT,48hpi,2,in vitro,intracellular,singlecell
PB1,334,2006,1,ERR4566029,HEK293FT,48hpi,2,in vitro,intracellular,singlecell
PB1,334,358,1,ERR4566029,HEK293FT,48hpi,2,in vitro,intracellular,singlecell
PB1,339,1766,1,ERR4566029,HEK293FT,48hpi,2,in vitro,intracellular,singlecell
PB1,342,1899,1,ERR4566029,HEK293FT,48hpi,2,in vitro,intracellular,singlecell
PB1,347,1898,1,ERR4566029,HEK293FT,48hpi,2,in vitro,intracellular,singlecell
PB1,347,1989,1,ERR4566029,HEK293FT,48hpi,2,in vitro,intracellular,singlecell
PB1,349,1854,1,ERR4566029,HEK293FT,48hpi,2,in vitro,intracellular,singlecell
PB1,349,1899,4,ERR4566029,HEK293FT,48hpi,2,in vitro,intracellular,singlecell
PB1,351,1833,1,ERR4566029,HEK293FT,48hpi,2,in vitro,intracellular,singlecell
PB1,351,1867,1,ERR4566029,HEK293FT,48hpi,2,in vitro,intracellular,singlecell
PB1,351,1902,1,ERR4566029,HEK293FT,48hpi,2,in vitro,intracellular,singlecell
PB1,351,1947,3,ERR4566029,HEK293FT,48hpi,2,in vitro,intracellular,singlecell
PB1,351,414,1,ERR4566029,HEK293FT,48hpi,2,in vitro,intracellular,singlecell
PB1,356,1929,1,ERR4566029,HEK293FT,48hpi,2,in vitro,intracellular,singlecell
PB1,357,1877,3,ERR4566029,HEK293FT,48hpi,2,in vitro,intracellular,singlecell
PB1,357,1899,6,ERR4566029,HEK293FT,48hpi,2,in vitro,intracellular,singlecell
PB1,357,1909,1,ERR4566029,HEK293FT,48hpi,2,in vitro,intracellular,singlecell
PB1,357,1948,1,ERR4566029,HEK293FT,48hpi,2,in vitro,intracellular,singlecell
PB1,358,1899,2,ERR4566029,HEK293FT,48hpi,2,in vitro,intracellular,singlecell
PB1,359,1836,2,ERR4566029,HEK293FT,48hpi,2,in vitro,intracellular,singlecell
PB1,360,2003,1,ERR4566029,HEK293FT,48hpi,2,in vitro,intracellular,singlecell
PB1,361,1899,1,ERR4566029,HEK293FT,48hpi,2,in vitro,intracellular,singlecell
PB1,361,2022,1,ERR4566029,HEK293FT,48hpi,2,in vitro,intracellular,singlecell
PB1,363,1883,1,ERR4566029,HEK293FT,48hpi,2,in vitro,intracellular,singlecell
PB1,364,1847,6,ERR4566029,HEK293FT,48hpi,2,in vitro,intracellular,singlecell
PB1,365,1823,1,ERR4566029,HEK293FT,48hpi,2,in vitro,intracellular,singlecell
PB1,368,1814,1,ERR4566029,HEK293FT,48hpi,2,in vitro,intracellular,singlecell
PB1,368,2045,1,ERR4566029,HEK293FT,48hpi,2,in vitro,intracellular,singlecell
PB1,371,1998,3,ERR4566029,HEK293FT,48hpi,2,in vitro,intracellular,singlecell
PB1,372,1934,1,ERR4566029,HEK293FT,48hpi,2,in vitro,intracellular,singlecell
PB1,373,1901,1,ERR4566029,HEK293FT,48hpi,2,in vitro,intracellular,singlecell
PB1,374,1990,1,ERR4566029,HEK293FT,48hpi,2,in vitro,intracellular,singlecell
PB1,375,2177,1,ERR4566029,HEK293FT,48hpi,2,in vitro,intracellular,singlecell
PB1,378,1938,3,ERR4566029,HEK293FT,48hpi,2,in vitro,intracellular,singlecell
PB1,378,403,1,ERR4566029,HEK293FT,48hpi,2,in vitro,intracellular,singlecell
PB1,379,1873,1,ERR4566029,HEK293FT,48hpi,2,in vitro,intracellular,singlecell
PB1,382,1879,1,ERR4566029,HEK293FT,48hpi,2,in vitro,intracellular,singlecell
PB1,383,1753,1,ERR4566029,HEK293FT,48hpi,2,in vitro,intracellular,singlecell
PB1,383,1875,3,ERR4566029,HEK293FT,48hpi,2,in vitro,intracellular,singlecell
PB1,384,1871,1,ERR4566029,HEK293FT,48hpi,2,in vitro,intracellular,singlecell
PB1,384,1872,1,ERR4566029,HEK293FT,48hpi,2,in vitro,intracellular,singlecell
PB1,386,1744,1,ERR4566029,HEK293FT,48hpi,2,in vitro,intracellular,singlecell
PB1,386,1814,1,ERR4566029,HEK293FT,48hpi,2,in vitro,intracellular,singlecell
PB1,388,1944,1,ERR4566029,HEK293FT,48hpi,2,in vitro,intracellular,singlecell
PB1,390,2022,1,ERR4566029,HEK293FT,48hpi,2,in vitro,intracellular,singlecell
PB1,391,1814,1,ERR4566029,HEK293FT,48hpi,2,in vitro,intracellular,singlecell
PB1,394,1746,1,ERR4566029,HEK293FT,48hpi,2,in vitro,intracellular,singlecell
PB1,396,1969,1,ERR4566029,HEK293FT,48hpi,2,in vitro,intracellular,singlecell
PB1,397,1931,1,ERR4566029,HEK293FT,48hpi,2,in vitro,intracellular,singlecell
PB1,410,1811,1,ERR4566029,HEK293FT,48hpi,2,in vitro,intracellular,singlecell
PB1,410,1858,1,ERR4566029,HEK293FT,48hpi,2,in vitro,intracellular,singlecell
PB1,412,1899,2,ERR4566029,HEK293FT,48hpi,2,in vitro,intracellular,singlecell
PB1,416,1899,1,ERR4566029,HEK293FT,48hpi,2,in vitro,intracellular,singlecell
PB1,416,2100,1,ERR4566029,HEK293FT,48hpi,2,in vitro,intracellular,singlecell
PB1,417,1768,1,ERR4566029,HEK293FT,48hpi,2,in vitro,intracellular,singlecell
PB1,419,1730,1,ERR4566029,HEK293FT,48hpi,2,in vitro,intracellular,singlecell
PB1,423,1897,1,ERR4566029,HEK293FT,48hpi,2,in vitro,intracellular,singlecell
PB1,436,1812,2,ERR4566029,HEK293FT,48hpi,2,in vitro,intracellular,singlecell
PB1,438,1536,1,ERR4566029,HEK293FT,48hpi,2,in vitro,intracellular,singlecell
PB1,444,2156,1,ERR4566029,HEK293FT,48hpi,2,in vitro,intracellular,singlecell
PB1,45,2032,1,ERR4566029,HEK293FT,48hpi,2,in vitro,intracellular,singlecell
PB1,46,1822,1,ERR4566029,HEK293FT,48hpi,2,in vitro,intracellular,singlecell
PB1,47,151,1,ERR4566029,HEK293FT,48hpi,2,in vitro,intracellular,singlecell
PB1,490,1714,1,ERR4566029,HEK293FT,48hpi,2,in vitro,intracellular,singlecell
PB1,525,1746,1,ERR4566029,HEK293FT,48hpi,2,in vitro,intracellular,singlecell
PB1,538,1864,1,ERR4566029,HEK293FT,48hpi,2,in vitro,intracellular,singlecell
PB1,539,1695,1,ERR4566029,HEK293FT,48hpi,2,in vitro,intracellular,singlecell
PB1,544,1822,1,ERR4566029,HEK293FT,48hpi,2,in vitro,intracellular,singlecell
PB1,548,1861,6,ERR4566029,HEK293FT,48hpi,2,in vitro,intracellular,singlecell
PB1,548,1875,1,ERR4566029,HEK293FT,48hpi,2,in vitro,intracellular,singlecell
PB1,54,1425,1,ERR4566029,HEK293FT,48hpi,2,in vitro,intracellular,singlecell
PB1,54,1969,1,ERR4566029,HEK293FT,48hpi,2,in vitro,intracellular,singlecell
PB1,54,96,1,ERR4566029,HEK293FT,48hpi,2,in vitro,intracellular,singlecell
PB1,571,1829,1,ERR4566029,HEK293FT,48hpi,2,in vitro,intracellular,singlecell
PB1,575,1754,1,ERR4566029,HEK293FT,48hpi,2,in vitro,intracellular,singlecell
PB1,57,96,1,ERR4566029,HEK293FT,48hpi,2,in vitro,intracellular,singlecell
PB1,58,1880,1,ERR4566029,HEK293FT,48hpi,2,in vitro,intracellular,singlecell
PB1,597,1899,1,ERR4566029,HEK293FT,48hpi,2,in vitro,intracellular,singlecell
PB1,639,1759,1,ERR4566029,HEK293FT,48hpi,2,in vitro,intracellular,singlecell
PB1,64,159,2,ERR4566029,HEK293FT,48hpi,2,in vitro,intracellular,singlecell
PB1,667,1598,1,ERR4566029,HEK293FT,48hpi,2,in vitro,intracellular,singlecell
PB1,67,99,1,ERR4566029,HEK293FT,48hpi,2,in vitro,intracellular,singlecell
PB1,687,1617,1,ERR4566029,HEK293FT,48hpi,2,in vitro,intracellular,singlecell
PB1,700,828,1,ERR4566029,HEK293FT,48hpi,2,in vitro,intracellular,singlecell
PB1,747,1681,1,ERR4566029,HEK293FT,48hpi,2,in vitro,intracellular,singlecell
PB1,768,1356,1,ERR4566029,HEK293FT,48hpi,2,in vitro,intracellular,singlecell
PB1,786,1489,1,ERR4566029,HEK293FT,48hpi,2,in vitro,intracellular,singlecell
PB1,787,810,1,ERR4566029,HEK293FT,48hpi,2,in vitro,intracellular,singlecell
PB1,79,2231,1,ERR4566029,HEK293FT,48hpi,2,in vitro,intracellular,singlecell
PB1,80,104,1,ERR4566029,HEK293FT,48hpi,2,in vitro,intracellular,singlecell
PB1,80,1873,1,ERR4566029,HEK293FT,48hpi,2,in vitro,intracellular,singlecell
PB1,810,2230,1,ERR4566029,HEK293FT,48hpi,2,in vitro,intracellular,singlecell
PB1,813,1493,1,ERR4566029,HEK293FT,48hpi,2,in vitro,intracellular,singlecell
PB1,814,1502,1,ERR4566029,HEK293FT,48hpi,2,in vitro,intracellular,singlecell
PB1,821,1226,1,ERR4566029,HEK293FT,48hpi,2,in vitro,intracellular,singlecell
PB1,89,2067,1,ERR4566029,HEK293FT,48hpi,2,in vitro,intracellular,singlecell
PB1,901,1573,1,ERR4566029,HEK293FT,48hpi,2,in vitro,intracellular,singlecell
PB1,94,2256,1,ERR4566029,HEK293FT,48hpi,2,in vitro,intracellular,singlecell
PB1,95,138,1,ERR4566029,HEK293FT,48hpi,2,in vitro,intracellular,singlecell
PB1,974,2212,1,ERR4566029,HEK293FT,48hpi,2,in vitro,intracellular,singlecell
PA,101,127,1,ERR4566029,HEK293FT,48hpi,2,in vitro,intracellular,singlecell
PA,102,166,3,ERR4566029,HEK293FT,48hpi,2,in vitro,intracellular,singlecell
PA,102,1976,1,ERR4566029,HEK293FT,48hpi,2,in vitro,intracellular,singlecell
PA,1094,1117,1,ERR4566029,HEK293FT,48hpi,2,in vitro,intracellular,singlecell
PA,121,2067,1,ERR4566029,HEK293FT,48hpi,2,in vitro,intracellular,singlecell
PA,123,2104,1,ERR4566029,HEK293FT,48hpi,2,in vitro,intracellular,singlecell
PA,126,192,4,ERR4566029,HEK293FT,48hpi,2,in vitro,intracellular,singlecell
PA,129,167,1,ERR4566029,HEK293FT,48hpi,2,in vitro,intracellular,singlecell
PA,130,1972,1,ERR4566029,HEK293FT,48hpi,2,in vitro,intracellular,singlecell
PA,133,1943,1,ERR4566029,HEK293FT,48hpi,2,in vitro,intracellular,singlecell
PA,134,1971,4,ERR4566029,HEK293FT,48hpi,2,in vitro,intracellular,singlecell
PA,135,1920,1,ERR4566029,HEK293FT,48hpi,2,in vitro,intracellular,singlecell
PA,135,2070,1,ERR4566029,HEK293FT,48hpi,2,in vitro,intracellular,singlecell
PA,136,1953,1,ERR4566029,HEK293FT,48hpi,2,in vitro,intracellular,singlecell
PA,137,165,1,ERR4566029,HEK293FT,48hpi,2,in vitro,intracellular,singlecell
PA,137,1990,1,ERR4566029,HEK293FT,48hpi,2,in vitro,intracellular,singlecell
PA,137,2053,1,ERR4566029,HEK293FT,48hpi,2,in vitro,intracellular,singlecell
PA,140,1927,1,ERR4566029,HEK293FT,48hpi,2,in vitro,intracellular,singlecell
PA,140,1954,1,ERR4566029,HEK293FT,48hpi,2,in vitro,intracellular,singlecell
PA,140,1972,15,ERR4566029,HEK293FT,48hpi,2,in vitro,intracellular,singlecell
PA,140,2087,1,ERR4566029,HEK293FT,48hpi,2,in vitro,intracellular,singlecell
PA,148,2082,1,ERR4566029,HEK293FT,48hpi,2,in vitro,intracellular,singlecell
PA,149,2085,1,ERR4566029,HEK293FT,48hpi,2,in vitro,intracellular,singlecell
PA,150,198,4,ERR4566029,HEK293FT,48hpi,2,in vitro,intracellular,singlecell
PA,155,2127,1,ERR4566029,HEK293FT,48hpi,2,in vitro,intracellular,singlecell
PA,155,232,1,ERR4566029,HEK293FT,48hpi,2,in vitro,intracellular,singlecell
PA,156,1906,1,ERR4566029,HEK293FT,48hpi,2,in vitro,intracellular,singlecell
PA,156,1990,1,ERR4566029,HEK293FT,48hpi,2,in vitro,intracellular,singlecell
PA,156,208,1,ERR4566029,HEK293FT,48hpi,2,in vitro,intracellular,singlecell
PA,156,2092,1,ERR4566029,HEK293FT,48hpi,2,in vitro,intracellular,singlecell
PA,157,1959,1,ERR4566029,HEK293FT,48hpi,2,in vitro,intracellular,singlecell
PA,157,2084,1,ERR4566029,HEK293FT,48hpi,2,in vitro,intracellular,singlecell
PA,158,1954,7,ERR4566029,HEK293FT,48hpi,2,in vitro,intracellular,singlecell
PA,158,1958,11,ERR4566029,HEK293FT,48hpi,2,in vitro,intracellular,singlecell
PA,158,1972,1,ERR4566029,HEK293FT,48hpi,2,in vitro,intracellular,singlecell
PA,158,200,1,ERR4566029,HEK293FT,48hpi,2,in vitro,intracellular,singlecell
PA,158,2087,1,ERR4566029,HEK293FT,48hpi,2,in vitro,intracellular,singlecell
PA,164,2084,1,ERR4566029,HEK293FT,48hpi,2,in vitro,intracellular,singlecell
PA,166,2074,1,ERR4566029,HEK293FT,48hpi,2,in vitro,intracellular,singlecell
PA,166,2086,1,ERR4566029,HEK293FT,48hpi,2,in vitro,intracellular,singlecell
PA,167,1987,1,ERR4566029,HEK293FT,48hpi,2,in vitro,intracellular,singlecell
PA,168,1975,1,ERR4566029,HEK293FT,48hpi,2,in vitro,intracellular,singlecell
PA,168,2086,1,ERR4566029,HEK293FT,48hpi,2,in vitro,intracellular,singlecell
PA,1719,1817,1,ERR4566029,HEK293FT,48hpi,2,in vitro,intracellular,singlecell
PA,171,1964,1,ERR4566029,HEK293FT,48hpi,2,in vitro,intracellular,singlecell
PA,174,1959,3,ERR4566029,HEK293FT,48hpi,2,in vitro,intracellular,singlecell
PA,175,2041,3,ERR4566029,HEK293FT,48hpi,2,in vitro,intracellular,singlecell
PA,175,2074,1,ERR4566029,HEK293FT,48hpi,2,in vitro,intracellular,singlecell
PA,177,2068,7,ERR4566029,HEK293FT,48hpi,2,in vitro,intracellular,singlecell
PA,179,1860,4,ERR4566029,HEK293FT,48hpi,2,in vitro,intracellular,singlecell
PA,179,1888,1,ERR4566029,HEK293FT,48hpi,2,in vitro,intracellular,singlecell
PA,1801,1907,1,ERR4566029,HEK293FT,48hpi,2,in vitro,intracellular,singlecell
PA,180,2095,1,ERR4566029,HEK293FT,48hpi,2,in vitro,intracellular,singlecell
PA,182,1914,1,ERR4566029,HEK293FT,48hpi,2,in vitro,intracellular,singlecell
PA,185,2061,1,ERR4566029,HEK293FT,48hpi,2,in vitro,intracellular,singlecell
PA,1861,1925,1,ERR4566029,HEK293FT,48hpi,2,in vitro,intracellular,singlecell
PA,187,1906,4,ERR4566029,HEK293FT,48hpi,2,in vitro,intracellular,singlecell
PA,1881,1926,1,ERR4566029,HEK293FT,48hpi,2,in vitro,intracellular,singlecell
PA,190,1925,1,ERR4566029,HEK293FT,48hpi,2,in vitro,intracellular,singlecell
PA,190,1949,26,ERR4566029,HEK293FT,48hpi,2,in vitro,intracellular,singlecell
PA,190,2075,1,ERR4566029,HEK293FT,48hpi,2,in vitro,intracellular,singlecell
PA,191,1952,1,ERR4566029,HEK293FT,48hpi,2,in vitro,intracellular,singlecell
PA,191,2088,1,ERR4566029,HEK293FT,48hpi,2,in vitro,intracellular,singlecell
PA,192,1930,1,ERR4566029,HEK293FT,48hpi,2,in vitro,intracellular,singlecell
PA,192,1939,1,ERR4566029,HEK293FT,48hpi,2,in vitro,intracellular,singlecell
PA,192,1954,1,ERR4566029,HEK293FT,48hpi,2,in vitro,intracellular,singlecell
PA,192,2075,6,ERR4566029,HEK293FT,48hpi,2,in vitro,intracellular,singlecell
PA,193,2072,1,ERR4566029,HEK293FT,48hpi,2,in vitro,intracellular,singlecell
PA,193,2076,1,ERR4566029,HEK293FT,48hpi,2,in vitro,intracellular,singlecell
PA,1943,1971,1,ERR4566029,HEK293FT,48hpi,2,in vitro,intracellular,singlecell
PA,195,2022,1,ERR4566029,HEK293FT,48hpi,2,in vitro,intracellular,singlecell
PA,197,1835,1,ERR4566029,HEK293FT,48hpi,2,in vitro,intracellular,singlecell
PA,197,1907,1,ERR4566029,HEK293FT,48hpi,2,in vitro,intracellular,singlecell
PA,197,1954,1,ERR4566029,HEK293FT,48hpi,2,in vitro,intracellular,singlecell
PA,197,1972,1,ERR4566029,HEK293FT,48hpi,2,in vitro,intracellular,singlecell
PA,197,2076,1,ERR4566029,HEK293FT,48hpi,2,in vitro,intracellular,singlecell
PA,199,1949,1,ERR4566029,HEK293FT,48hpi,2,in vitro,intracellular,singlecell
PA,200,2087,1,ERR4566029,HEK293FT,48hpi,2,in vitro,intracellular,singlecell
PA,2019,2075,1,ERR4566029,HEK293FT,48hpi,2,in vitro,intracellular,singlecell
PA,2026,2063,2,ERR4566029,HEK293FT,48hpi,2,in vitro,intracellular,singlecell
PA,203,1957,1,ERR4566029,HEK293FT,48hpi,2,in vitro,intracellular,singlecell
PA,204,1953,1,ERR4566029,HEK293FT,48hpi,2,in vitro,intracellular,singlecell
PA,2053,2075,4,ERR4566029,HEK293FT,48hpi,2,in vitro,intracellular,singlecell
PA,207,2085,1,ERR4566029,HEK293FT,48hpi,2,in vitro,intracellular,singlecell
PA,212,1621,1,ERR4566029,HEK293FT,48hpi,2,in vitro,intracellular,singlecell
PA,212,1940,1,ERR4566029,HEK293FT,48hpi,2,in vitro,intracellular,singlecell
PA,212,1946,1,ERR4566029,HEK293FT,48hpi,2,in vitro,intracellular,singlecell
PA,212,1948,1,ERR4566029,HEK293FT,48hpi,2,in vitro,intracellular,singlecell
PA,215,2068,1,ERR4566029,HEK293FT,48hpi,2,in vitro,intracellular,singlecell
PA,216,2008,6,ERR4566029,HEK293FT,48hpi,2,in vitro,intracellular,singlecell
PA,220,1907,1,ERR4566029,HEK293FT,48hpi,2,in vitro,intracellular,singlecell
PA,220,1954,2,ERR4566029,HEK293FT,48hpi,2,in vitro,intracellular,singlecell
PA,220,1968,1,ERR4566029,HEK293FT,48hpi,2,in vitro,intracellular,singlecell
PA,221,1890,1,ERR4566029,HEK293FT,48hpi,2,in vitro,intracellular,singlecell
PA,221,1995,7,ERR4566029,HEK293FT,48hpi,2,in vitro,intracellular,singlecell
PA,225,2075,1,ERR4566029,HEK293FT,48hpi,2,in vitro,intracellular,singlecell
PA,231,263,1,ERR4566029,HEK293FT,48hpi,2,in vitro,intracellular,singlecell
PA,232,1758,1,ERR4566029,HEK293FT,48hpi,2,in vitro,intracellular,singlecell
PA,232,1814,1,ERR4566029,HEK293FT,48hpi,2,in vitro,intracellular,singlecell
PA,232,1862,1,ERR4566029,HEK293FT,48hpi,2,in vitro,intracellular,singlecell
PA,232,1925,1,ERR4566029,HEK293FT,48hpi,2,in vitro,intracellular,singlecell
PA,232,1939,14,ERR4566029,HEK293FT,48hpi,2,in vitro,intracellular,singlecell
PA,232,288,1,ERR4566029,HEK293FT,48hpi,2,in vitro,intracellular,singlecell
PA,233,1969,1,ERR4566029,HEK293FT,48hpi,2,in vitro,intracellular,singlecell
PA,238,2013,3,ERR4566029,HEK293FT,48hpi,2,in vitro,intracellular,singlecell
PA,239,1666,1,ERR4566029,HEK293FT,48hpi,2,in vitro,intracellular,singlecell
PA,240,1707,1,ERR4566029,HEK293FT,48hpi,2,in vitro,intracellular,singlecell
PA,240,1907,1,ERR4566029,HEK293FT,48hpi,2,in vitro,intracellular,singlecell
PA,240,1912,1,ERR4566029,HEK293FT,48hpi,2,in vitro,intracellular,singlecell
PA,240,1925,8,ERR4566029,HEK293FT,48hpi,2,in vitro,intracellular,singlecell
PA,240,1935,3,ERR4566029,HEK293FT,48hpi,2,in vitro,intracellular,singlecell
PA,241,2070,1,ERR4566029,HEK293FT,48hpi,2,in vitro,intracellular,singlecell
PA,243,1784,1,ERR4566029,HEK293FT,48hpi,2,in vitro,intracellular,singlecell
PA,245,2092,1,ERR4566029,HEK293FT,48hpi,2,in vitro,intracellular,singlecell
PA,250,1962,1,ERR4566029,HEK293FT,48hpi,2,in vitro,intracellular,singlecell
PA,252,294,1,ERR4566029,HEK293FT,48hpi,2,in vitro,intracellular,singlecell
PA,254,1863,8,ERR4566029,HEK293FT,48hpi,2,in vitro,intracellular,singlecell
PA,256,2063,1,ERR4566029,HEK293FT,48hpi,2,in vitro,intracellular,singlecell
PA,257,1926,1,ERR4566029,HEK293FT,48hpi,2,in vitro,intracellular,singlecell
PA,257,2095,1,ERR4566029,HEK293FT,48hpi,2,in vitro,intracellular,singlecell
PA,258,2085,1,ERR4566029,HEK293FT,48hpi,2,in vitro,intracellular,singlecell
PA,259,1929,2,ERR4566029,HEK293FT,48hpi,2,in vitro,intracellular,singlecell
PA,259,2077,1,ERR4566029,HEK293FT,48hpi,2,in vitro,intracellular,singlecell
PA,266,1926,1,ERR4566029,HEK293FT,48hpi,2,in vitro,intracellular,singlecell
PA,267,1821,1,ERR4566029,HEK293FT,48hpi,2,in vitro,intracellular,singlecell
PA,278,1716,1,ERR4566029,HEK293FT,48hpi,2,in vitro,intracellular,singlecell
PA,281,316,1,ERR4566029,HEK293FT,48hpi,2,in vitro,intracellular,singlecell
PA,282,1910,1,ERR4566029,HEK293FT,48hpi,2,in vitro,intracellular,singlecell
PA,283,1907,1,ERR4566029,HEK293FT,48hpi,2,in vitro,intracellular,singlecell
PA,284,1862,1,ERR4566029,HEK293FT,48hpi,2,in vitro,intracellular,singlecell
PA,285,1810,1,ERR4566029,HEK293FT,48hpi,2,in vitro,intracellular,singlecell
PA,287,1820,1,ERR4566029,HEK293FT,48hpi,2,in vitro,intracellular,singlecell
PA,293,1860,1,ERR4566029,HEK293FT,48hpi,2,in vitro,intracellular,singlecell
PA,294,1827,1,ERR4566029,HEK293FT,48hpi,2,in vitro,intracellular,singlecell
PA,294,1844,1,ERR4566029,HEK293FT,48hpi,2,in vitro,intracellular,singlecell
PA,294,1886,1,ERR4566029,HEK293FT,48hpi,2,in vitro,intracellular,singlecell
PA,294,317,1,ERR4566029,HEK293FT,48hpi,2,in vitro,intracellular,singlecell
PA,297,1854,1,ERR4566029,HEK293FT,48hpi,2,in vitro,intracellular,singlecell
PA,299,1915,2,ERR4566029,HEK293FT,48hpi,2,in vitro,intracellular,singlecell
PA,301,1790,1,ERR4566029,HEK293FT,48hpi,2,in vitro,intracellular,singlecell
PA,308,1909,4,ERR4566029,HEK293FT,48hpi,2,in vitro,intracellular,singlecell
PA,315,1801,1,ERR4566029,HEK293FT,48hpi,2,in vitro,intracellular,singlecell
PA,316,1808,1,ERR4566029,HEK293FT,48hpi,2,in vitro,intracellular,singlecell
PA,316,1922,1,ERR4566029,HEK293FT,48hpi,2,in vitro,intracellular,singlecell
PA,323,2087,1,ERR4566029,HEK293FT,48hpi,2,in vitro,intracellular,singlecell
PA,337,1895,1,ERR4566029,HEK293FT,48hpi,2,in vitro,intracellular,singlecell
PA,342,1872,1,ERR4566029,HEK293FT,48hpi,2,in vitro,intracellular,singlecell
PA,348,1874,1,ERR4566029,HEK293FT,48hpi,2,in vitro,intracellular,singlecell
PA,351,1820,1,ERR4566029,HEK293FT,48hpi,2,in vitro,intracellular,singlecell
PA,351,1939,8,ERR4566029,HEK293FT,48hpi,2,in vitro,intracellular,singlecell
PA,353,1847,1,ERR4566029,HEK293FT,48hpi,2,in vitro,intracellular,singlecell
PA,359,1821,1,ERR4566029,HEK293FT,48hpi,2,in vitro,intracellular,singlecell
PA,359,1928,1,ERR4566029,HEK293FT,48hpi,2,in vitro,intracellular,singlecell
PA,359,2083,1,ERR4566029,HEK293FT,48hpi,2,in vitro,intracellular,singlecell
PA,363,1846,1,ERR4566029,HEK293FT,48hpi,2,in vitro,intracellular,singlecell
PA,364,1694,1,ERR4566029,HEK293FT,48hpi,2,in vitro,intracellular,singlecell
PA,365,1759,1,ERR4566029,HEK293FT,48hpi,2,in vitro,intracellular,singlecell
PA,383,1765,1,ERR4566029,HEK293FT,48hpi,2,in vitro,intracellular,singlecell
PA,390,1568,1,ERR4566029,HEK293FT,48hpi,2,in vitro,intracellular,singlecell
PA,390,2072,1,ERR4566029,HEK293FT,48hpi,2,in vitro,intracellular,singlecell
PA,400,1809,2,ERR4566029,HEK293FT,48hpi,2,in vitro,intracellular,singlecell
PA,406,1695,1,ERR4566029,HEK293FT,48hpi,2,in vitro,intracellular,singlecell
PA,406,1792,1,ERR4566029,HEK293FT,48hpi,2,in vitro,intracellular,singlecell
PA,413,1675,1,ERR4566029,HEK293FT,48hpi,2,in vitro,intracellular,singlecell
PA,420,1759,1,ERR4566029,HEK293FT,48hpi,2,in vitro,intracellular,singlecell
PA,441,1747,1,ERR4566029,HEK293FT,48hpi,2,in vitro,intracellular,singlecell
PA,44,302,1,ERR4566029,HEK293FT,48hpi,2,in vitro,intracellular,singlecell
PA,472,1452,1,ERR4566029,HEK293FT,48hpi,2,in vitro,intracellular,singlecell
PA,477,1709,1,ERR4566029,HEK293FT,48hpi,2,in vitro,intracellular,singlecell
PA,518,1692,1,ERR4566029,HEK293FT,48hpi,2,in vitro,intracellular,singlecell
PA,519,1798,1,ERR4566029,HEK293FT,48hpi,2,in vitro,intracellular,singlecell
PA,578,1409,1,ERR4566029,HEK293FT,48hpi,2,in vitro,intracellular,singlecell
PA,646,1365,1,ERR4566029,HEK293FT,48hpi,2,in vitro,intracellular,singlecell
PA,64,100,1,ERR4566029,HEK293FT,48hpi,2,in vitro,intracellular,singlecell
PA,680,1732,1,ERR4566029,HEK293FT,48hpi,2,in vitro,intracellular,singlecell
PA,682,1570,1,ERR4566029,HEK293FT,48hpi,2,in vitro,intracellular,singlecell
PA,692,1463,1,ERR4566029,HEK293FT,48hpi,2,in vitro,intracellular,singlecell
PA,769,1376,1,ERR4566029,HEK293FT,48hpi,2,in vitro,intracellular,singlecell
PA,783,1294,1,ERR4566029,HEK293FT,48hpi,2,in vitro,intracellular,singlecell
PA,82,1953,1,ERR4566029,HEK293FT,48hpi,2,in vitro,intracellular,singlecell
PA,82,342,1,ERR4566029,HEK293FT,48hpi,2,in vitro,intracellular,singlecell
PA,87,2060,1,ERR4566029,HEK293FT,48hpi,2,in vitro,intracellular,singlecell
PA,96,2040,1,ERR4566029,HEK293FT,48hpi,2,in vitro,intracellular,singlecell
PA,96,2084,1,ERR4566029,HEK293FT,48hpi,2,in vitro,intracellular,singlecell
HA,108,1420,1,ERR4566029,HEK293FT,48hpi,2,in vitro,intracellular,singlecell
HA,1106,1131,1,ERR4566029,HEK293FT,48hpi,2,in vitro,intracellular,singlecell
HA,121,1356,1,ERR4566029,HEK293FT,48hpi,2,in vitro,intracellular,singlecell
HA,124,1637,1,ERR4566029,HEK293FT,48hpi,2,in vitro,intracellular,singlecell
HA,1305,1343,1,ERR4566029,HEK293FT,48hpi,2,in vitro,intracellular,singlecell
HA,1305,1484,1,ERR4566029,HEK293FT,48hpi,2,in vitro,intracellular,singlecell
HA,1323,1471,1,ERR4566029,HEK293FT,48hpi,2,in vitro,intracellular,singlecell
HA,1338,1464,1,ERR4566029,HEK293FT,48hpi,2,in vitro,intracellular,singlecell
HA,1342,1365,2,ERR4566029,HEK293FT,48hpi,2,in vitro,intracellular,singlecell
HA,1342,1447,1,ERR4566029,HEK293FT,48hpi,2,in vitro,intracellular,singlecell
HA,135,1470,1,ERR4566029,HEK293FT,48hpi,2,in vitro,intracellular,singlecell
HA,1361,1387,1,ERR4566029,HEK293FT,48hpi,2,in vitro,intracellular,singlecell
HA,1392,1629,1,ERR4566029,HEK293FT,48hpi,2,in vitro,intracellular,singlecell
HA,139,1471,1,ERR4566029,HEK293FT,48hpi,2,in vitro,intracellular,singlecell
HA,1482,1693,1,ERR4566029,HEK293FT,48hpi,2,in vitro,intracellular,singlecell
HA,152,1362,1,ERR4566029,HEK293FT,48hpi,2,in vitro,intracellular,singlecell
HA,162,1535,1,ERR4566029,HEK293FT,48hpi,2,in vitro,intracellular,singlecell
HA,193,1418,1,ERR4566029,HEK293FT,48hpi,2,in vitro,intracellular,singlecell
HA,213,1372,1,ERR4566029,HEK293FT,48hpi,2,in vitro,intracellular,singlecell
HA,267,1415,1,ERR4566029,HEK293FT,48hpi,2,in vitro,intracellular,singlecell
HA,283,1337,1,ERR4566029,HEK293FT,48hpi,2,in vitro,intracellular,singlecell
HA,297,321,1,ERR4566029,HEK293FT,48hpi,2,in vitro,intracellular,singlecell
HA,306,1297,1,ERR4566029,HEK293FT,48hpi,2,in vitro,intracellular,singlecell
HA,316,1306,1,ERR4566029,HEK293FT,48hpi,2,in vitro,intracellular,singlecell
HA,323,741,1,ERR4566029,HEK293FT,48hpi,2,in vitro,intracellular,singlecell
HA,355,1295,1,ERR4566029,HEK293FT,48hpi,2,in vitro,intracellular,singlecell
HA,466,1111,1,ERR4566029,HEK293FT,48hpi,2,in vitro,intracellular,singlecell
HA,46,1368,1,ERR4566029,HEK293FT,48hpi,2,in vitro,intracellular,singlecell
HA,502,981,1,ERR4566029,HEK293FT,48hpi,2,in vitro,intracellular,singlecell
HA,53,111,1,ERR4566029,HEK293FT,48hpi,2,in vitro,intracellular,singlecell
HA,561,630,1,ERR4566029,HEK293FT,48hpi,2,in vitro,intracellular,singlecell
HA,574,998,1,ERR4566029,HEK293FT,48hpi,2,in vitro,intracellular,singlecell
HA,58,1320,1,ERR4566029,HEK293FT,48hpi,2,in vitro,intracellular,singlecell
HA,59,261,1,ERR4566029,HEK293FT,48hpi,2,in vitro,intracellular,singlecell
HA,601,1240,1,ERR4566029,HEK293FT,48hpi,2,in vitro,intracellular,singlecell
HA,608,1170,1,ERR4566029,HEK293FT,48hpi,2,in vitro,intracellular,singlecell
HA,707,1110,1,ERR4566029,HEK293FT,48hpi,2,in vitro,intracellular,singlecell
HA,718,744,1,ERR4566029,HEK293FT,48hpi,2,in vitro,intracellular,singlecell
HA,772,1052,1,ERR4566029,HEK293FT,48hpi,2,in vitro,intracellular,singlecell
HA,776,992,1,ERR4566029,HEK293FT,48hpi,2,in vitro,intracellular,singlecell
HA,777,803,1,ERR4566029,HEK293FT,48hpi,2,in vitro,intracellular,singlecell
HA,77,1522,1,ERR4566029,HEK293FT,48hpi,2,in vitro,intracellular,singlecell
HA,849,902,1,ERR4566029,HEK293FT,48hpi,2,in vitro,intracellular,singlecell
HA,91,1449,1,ERR4566029,HEK293FT,48hpi,2,in vitro,intracellular,singlecell
HA,93,120,1,ERR4566029,HEK293FT,48hpi,2,in vitro,intracellular,singlecell
HA,93,131,1,ERR4566029,HEK293FT,48hpi,2,in vitro,intracellular,singlecell
HA,94,1534,1,ERR4566029,HEK293FT,48hpi,2,in vitro,intracellular,singlecell
NP,1167,1189,1,ERR4566029,HEK293FT,48hpi,2,in vitro,intracellular,singlecell
NP,1207,1285,1,ERR4566029,HEK293FT,48hpi,2,in vitro,intracellular,singlecell
NP,1226,1253,1,ERR4566029,HEK293FT,48hpi,2,in vitro,intracellular,singlecell
NP,134,680,1,ERR4566029,HEK293FT,48hpi,2,in vitro,intracellular,singlecell
NP,140,172,1,ERR4566029,HEK293FT,48hpi,2,in vitro,intracellular,singlecell
NP,165,280,1,ERR4566029,HEK293FT,48hpi,2,in vitro,intracellular,singlecell
NP,179,223,1,ERR4566029,HEK293FT,48hpi,2,in vitro,intracellular,singlecell
NP,207,1210,1,ERR4566029,HEK293FT,48hpi,2,in vitro,intracellular,singlecell
NP,296,531,3,ERR4566029,HEK293FT,48hpi,2,in vitro,intracellular,singlecell
NP,328,451,5,ERR4566029,HEK293FT,48hpi,2,in vitro,intracellular,singlecell
NP,335,1065,1,ERR4566029,HEK293FT,48hpi,2,in vitro,intracellular,singlecell
NP,341,570,2,ERR4566029,HEK293FT,48hpi,2,in vitro,intracellular,singlecell
NP,373,1323,1,ERR4566029,HEK293FT,48hpi,2,in vitro,intracellular,singlecell
NP,374,1277,1,ERR4566029,HEK293FT,48hpi,2,in vitro,intracellular,singlecell
NP,405,1031,1,ERR4566029,HEK293FT,48hpi,2,in vitro,intracellular,singlecell
NP,444,590,1,ERR4566029,HEK293FT,48hpi,2,in vitro,intracellular,singlecell
NP,449,471,1,ERR4566029,HEK293FT,48hpi,2,in vitro,intracellular,singlecell
NP,486,971,1,ERR4566029,HEK293FT,48hpi,2,in vitro,intracellular,singlecell
NP,540,818,1,ERR4566029,HEK293FT,48hpi,2,in vitro,intracellular,singlecell
NP,571,938,1,ERR4566029,HEK293FT,48hpi,2,in vitro,intracellular,singlecell
NP,595,1037,1,ERR4566029,HEK293FT,48hpi,2,in vitro,intracellular,singlecell
NP,650,769,1,ERR4566029,HEK293FT,48hpi,2,in vitro,intracellular,singlecell
NP,677,732,1,ERR4566029,HEK293FT,48hpi,2,in vitro,intracellular,singlecell
NP,773,804,1,ERR4566029,HEK293FT,48hpi,2,in vitro,intracellular,singlecell
NP,775,848,1,ERR4566029,HEK293FT,48hpi,2,in vitro,intracellular,singlecell
NP,813,842,1,ERR4566029,HEK293FT,48hpi,2,in vitro,intracellular,singlecell
NP,821,898,1,ERR4566029,HEK293FT,48hpi,2,in vitro,intracellular,singlecell
NP,854,898,1,ERR4566029,HEK293FT,48hpi,2,in vitro,intracellular,singlecell
NP,952,977,1,ERR4566029,HEK293FT,48hpi,2,in vitro,intracellular,singlecell
NA,126,1083,1,ERR4566029,HEK293FT,48hpi,2,in vitro,intracellular,singlecell
NA,156,294,1,ERR4566029,HEK293FT,48hpi,2,in vitro,intracellular,singlecell
NA,157,200,1,ERR4566029,HEK293FT,48hpi,2,in vitro,intracellular,singlecell
NA,187,1144,1,ERR4566029,HEK293FT,48hpi,2,in vitro,intracellular,singlecell
NA,329,1274,1,ERR4566029,HEK293FT,48hpi,2,in vitro,intracellular,singlecell
NA,399,787,1,ERR4566029,HEK293FT,48hpi,2,in vitro,intracellular,singlecell
NA,40,72,1,ERR4566029,HEK293FT,48hpi,2,in vitro,intracellular,singlecell
NA,44,992,1,ERR4566029,HEK293FT,48hpi,2,in vitro,intracellular,singlecell
NA,669,847,1,ERR4566029,HEK293FT,48hpi,2,in vitro,intracellular,singlecell
NA,98,393,1,ERR4566029,HEK293FT,48hpi,2,in vitro,intracellular,singlecell
M,120,744,1,ERR4566029,HEK293FT,48hpi,2,in vitro,intracellular,singlecell
M,137,160,1,ERR4566029,HEK293FT,48hpi,2,in vitro,intracellular,singlecell
M,211,791,1,ERR4566029,HEK293FT,48hpi,2,in vitro,intracellular,singlecell
M,278,796,1,ERR4566029,HEK293FT,48hpi,2,in vitro,intracellular,singlecell
M,292,804,1,ERR4566029,HEK293FT,48hpi,2,in vitro,intracellular,singlecell
M,321,448,1,ERR4566029,HEK293FT,48hpi,2,in vitro,intracellular,singlecell
M,324,374,1,ERR4566029,HEK293FT,48hpi,2,in vitro,intracellular,singlecell
M,353,582,1,ERR4566029,HEK293FT,48hpi,2,in vitro,intracellular,singlecell
M,366,960,1,ERR4566029,HEK293FT,48hpi,2,in vitro,intracellular,singlecell
M,373,417,1,ERR4566029,HEK293FT,48hpi,2,in vitro,intracellular,singlecell
M,377,579,1,ERR4566029,HEK293FT,48hpi,2,in vitro,intracellular,singlecell
M,388,591,1,ERR4566029,HEK293FT,48hpi,2,in vitro,intracellular,singlecell
M,403,466,1,ERR4566029,HEK293FT,48hpi,2,in vitro,intracellular,singlecell
M,415,586,1,ERR4566029,HEK293FT,48hpi,2,in vitro,intracellular,singlecell
M,504,589,1,ERR4566029,HEK293FT,48hpi,2,in vitro,intracellular,singlecell
M,52,741,6,ERR4566029,HEK293FT,48hpi,2,in vitro,intracellular,singlecell
M,535,564,1,ERR4566029,HEK293FT,48hpi,2,in vitro,intracellular,singlecell
M,547,595,1,ERR4566029,HEK293FT,48hpi,2,in vitro,intracellular,singlecell
M,552,575,1,ERR4566029,HEK293FT,48hpi,2,in vitro,intracellular,singlecell
M,639,774,1,ERR4566029,HEK293FT,48hpi,2,in vitro,intracellular,singlecell
M,916,940,1,ERR4566029,HEK293FT,48hpi,2,in vitro,intracellular,singlecell
NS,110,709,1,ERR4566029,HEK293FT,48hpi,2,in vitro,intracellular,singlecell
NS,198,790,1,ERR4566029,HEK293FT,48hpi,2,in vitro,intracellular,singlecell
NS,218,279,1,ERR4566029,HEK293FT,48hpi,2,in vitro,intracellular,singlecell
NS,57,530,6,ERR4566029,HEK293FT,48hpi,2,in vitro,intracellular,singlecell
NS,750,797,1,ERR4566029,HEK293FT,48hpi,2,in vitro,intracellular,singlecell
PB2,1003,1277,1,ERR4566032,MRC5,48hpi,1,in vitro,intracellular,singlecell
PB2,1088,1257,1,ERR4566032,MRC5,48hpi,1,in vitro,intracellular,singlecell
PB2,1239,1356,1,ERR4566032,MRC5,48hpi,1,in vitro,intracellular,singlecell
PB2,128,2053,1,ERR4566032,MRC5,48hpi,1,in vitro,intracellular,singlecell
PB2,1400,1440,1,ERR4566032,MRC5,48hpi,1,in vitro,intracellular,singlecell
PB2,142,2114,1,ERR4566032,MRC5,48hpi,1,in vitro,intracellular,singlecell
PB2,148,2107,1,ERR4566032,MRC5,48hpi,1,in vitro,intracellular,singlecell
PB2,150,261,1,ERR4566032,MRC5,48hpi,1,in vitro,intracellular,singlecell
PB2,1522,1699,1,ERR4566032,MRC5,48hpi,1,in vitro,intracellular,singlecell
PB2,1540,1731,1,ERR4566032,MRC5,48hpi,1,in vitro,intracellular,singlecell
PB2,162,2125,10,ERR4566032,MRC5,48hpi,1,in vitro,intracellular,singlecell
PB2,163,200,1,ERR4566032,MRC5,48hpi,1,in vitro,intracellular,singlecell
PB2,163,2126,2,ERR4566032,MRC5,48hpi,1,in vitro,intracellular,singlecell
PB2,165,203,1,ERR4566032,MRC5,48hpi,1,in vitro,intracellular,singlecell
PB2,173,2069,1,ERR4566032,MRC5,48hpi,1,in vitro,intracellular,singlecell
PB2,176,2052,5,ERR4566032,MRC5,48hpi,1,in vitro,intracellular,singlecell
PB2,177,2141,2,ERR4566032,MRC5,48hpi,1,in vitro,intracellular,singlecell
PB2,182,2144,1,ERR4566032,MRC5,48hpi,1,in vitro,intracellular,singlecell
PB2,190,2059,1,ERR4566032,MRC5,48hpi,1,in vitro,intracellular,singlecell
PB2,190,2068,1,ERR4566032,MRC5,48hpi,1,in vitro,intracellular,singlecell
PB2,191,2053,1,ERR4566032,MRC5,48hpi,1,in vitro,intracellular,singlecell
PB2,1936,2025,1,ERR4566032,MRC5,48hpi,1,in vitro,intracellular,singlecell
PB2,197,1962,1,ERR4566032,MRC5,48hpi,1,in vitro,intracellular,singlecell
PB2,203,2043,2,ERR4566032,MRC5,48hpi,1,in vitro,intracellular,singlecell
PB2,2115,2262,3,ERR4566032,MRC5,48hpi,1,in vitro,intracellular,singlecell
PB2,215,2041,1,ERR4566032,MRC5,48hpi,1,in vitro,intracellular,singlecell
PB2,2163,2196,1,ERR4566032,MRC5,48hpi,1,in vitro,intracellular,singlecell
PB2,223,2048,1,ERR4566032,MRC5,48hpi,1,in vitro,intracellular,singlecell
PB2,224,2030,1,ERR4566032,MRC5,48hpi,1,in vitro,intracellular,singlecell
PB2,230,2061,1,ERR4566032,MRC5,48hpi,1,in vitro,intracellular,singlecell
PB2,236,2165,1,ERR4566032,MRC5,48hpi,1,in vitro,intracellular,singlecell
PB2,242,2234,2,ERR4566032,MRC5,48hpi,1,in vitro,intracellular,singlecell
PB2,246,2054,1,ERR4566032,MRC5,48hpi,1,in vitro,intracellular,singlecell
PB2,247,2089,1,ERR4566032,MRC5,48hpi,1,in vitro,intracellular,singlecell
PB2,258,2024,1,ERR4566032,MRC5,48hpi,1,in vitro,intracellular,singlecell
PB2,267,1935,1,ERR4566032,MRC5,48hpi,1,in vitro,intracellular,singlecell
PB2,272,2054,5,ERR4566032,MRC5,48hpi,1,in vitro,intracellular,singlecell
PB2,274,1973,2,ERR4566032,MRC5,48hpi,1,in vitro,intracellular,singlecell
PB2,275,2004,1,ERR4566032,MRC5,48hpi,1,in vitro,intracellular,singlecell
PB2,277,1403,8,ERR4566032,MRC5,48hpi,1,in vitro,intracellular,singlecell
PB2,278,2178,1,ERR4566032,MRC5,48hpi,1,in vitro,intracellular,singlecell
PB2,295,2011,1,ERR4566032,MRC5,48hpi,1,in vitro,intracellular,singlecell
PB2,299,1972,1,ERR4566032,MRC5,48hpi,1,in vitro,intracellular,singlecell
PB2,306,331,1,ERR4566032,MRC5,48hpi,1,in vitro,intracellular,singlecell
PB2,324,2086,1,ERR4566032,MRC5,48hpi,1,in vitro,intracellular,singlecell
PB2,328,1969,1,ERR4566032,MRC5,48hpi,1,in vitro,intracellular,singlecell
PB2,334,2069,2,ERR4566032,MRC5,48hpi,1,in vitro,intracellular,singlecell
PB2,342,1944,2,ERR4566032,MRC5,48hpi,1,in vitro,intracellular,singlecell
PB2,385,1991,1,ERR4566032,MRC5,48hpi,1,in vitro,intracellular,singlecell
PB2,432,1811,2,ERR4566032,MRC5,48hpi,1,in vitro,intracellular,singlecell
PB2,435,1790,1,ERR4566032,MRC5,48hpi,1,in vitro,intracellular,singlecell
PB2,441,1862,2,ERR4566032,MRC5,48hpi,1,in vitro,intracellular,singlecell
PB2,449,1759,2,ERR4566032,MRC5,48hpi,1,in vitro,intracellular,singlecell
PB2,450,1761,1,ERR4566032,MRC5,48hpi,1,in vitro,intracellular,singlecell
PB2,467,1822,1,ERR4566032,MRC5,48hpi,1,in vitro,intracellular,singlecell
PB2,468,1746,1,ERR4566032,MRC5,48hpi,1,in vitro,intracellular,singlecell
PB2,468,1793,2,ERR4566032,MRC5,48hpi,1,in vitro,intracellular,singlecell
PB2,470,1793,1,ERR4566032,MRC5,48hpi,1,in vitro,intracellular,singlecell
PB2,478,1762,1,ERR4566032,MRC5,48hpi,1,in vitro,intracellular,singlecell
PB2,500,1761,1,ERR4566032,MRC5,48hpi,1,in vitro,intracellular,singlecell
PB2,548,1575,1,ERR4566032,MRC5,48hpi,1,in vitro,intracellular,singlecell
PB2,558,1733,1,ERR4566032,MRC5,48hpi,1,in vitro,intracellular,singlecell
PB2,569,1623,1,ERR4566032,MRC5,48hpi,1,in vitro,intracellular,singlecell
PB2,576,1671,1,ERR4566032,MRC5,48hpi,1,in vitro,intracellular,singlecell
PB2,577,1755,1,ERR4566032,MRC5,48hpi,1,in vitro,intracellular,singlecell
PB2,582,1888,1,ERR4566032,MRC5,48hpi,1,in vitro,intracellular,singlecell
PB2,586,1476,1,ERR4566032,MRC5,48hpi,1,in vitro,intracellular,singlecell
PB2,588,1656,1,ERR4566032,MRC5,48hpi,1,in vitro,intracellular,singlecell
PB2,612,1872,1,ERR4566032,MRC5,48hpi,1,in vitro,intracellular,singlecell
PB2,61,112,1,ERR4566032,MRC5,48hpi,1,in vitro,intracellular,singlecell
PB2,630,1567,1,ERR4566032,MRC5,48hpi,1,in vitro,intracellular,singlecell
PB2,687,1360,1,ERR4566032,MRC5,48hpi,1,in vitro,intracellular,singlecell
PB2,750,1552,1,ERR4566032,MRC5,48hpi,1,in vitro,intracellular,singlecell
PB2,795,1566,1,ERR4566032,MRC5,48hpi,1,in vitro,intracellular,singlecell
PB2,802,1233,2,ERR4566032,MRC5,48hpi,1,in vitro,intracellular,singlecell
PB2,806,1539,1,ERR4566032,MRC5,48hpi,1,in vitro,intracellular,singlecell
PB2,808,1615,1,ERR4566032,MRC5,48hpi,1,in vitro,intracellular,singlecell
PB2,824,895,1,ERR4566032,MRC5,48hpi,1,in vitro,intracellular,singlecell
PB2,84,224,1,ERR4566032,MRC5,48hpi,1,in vitro,intracellular,singlecell
PB2,894,2151,1,ERR4566032,MRC5,48hpi,1,in vitro,intracellular,singlecell
PB1,112,2166,1,ERR4566032,MRC5,48hpi,1,in vitro,intracellular,singlecell
PB1,113,2110,2,ERR4566032,MRC5,48hpi,1,in vitro,intracellular,singlecell
PB1,114,150,1,ERR4566032,MRC5,48hpi,1,in vitro,intracellular,singlecell
PB1,116,2167,1,ERR4566032,MRC5,48hpi,1,in vitro,intracellular,singlecell
PB1,121,2058,4,ERR4566032,MRC5,48hpi,1,in vitro,intracellular,singlecell
PB1,122,2059,1,ERR4566032,MRC5,48hpi,1,in vitro,intracellular,singlecell
PB1,123,2006,1,ERR4566032,MRC5,48hpi,1,in vitro,intracellular,singlecell
PB1,123,2168,2,ERR4566032,MRC5,48hpi,1,in vitro,intracellular,singlecell
PB1,1265,1899,1,ERR4566032,MRC5,48hpi,1,in vitro,intracellular,singlecell
PB1,1279,1307,1,ERR4566032,MRC5,48hpi,1,in vitro,intracellular,singlecell
PB1,132,2085,1,ERR4566032,MRC5,48hpi,1,in vitro,intracellular,singlecell
PB1,135,1986,1,ERR4566032,MRC5,48hpi,1,in vitro,intracellular,singlecell
PB1,136,2080,1,ERR4566032,MRC5,48hpi,1,in vitro,intracellular,singlecell
PB1,136,2113,1,ERR4566032,MRC5,48hpi,1,in vitro,intracellular,singlecell
PB1,137,2065,6,ERR4566032,MRC5,48hpi,1,in vitro,intracellular,singlecell
PB1,137,2110,10,ERR4566032,MRC5,48hpi,1,in vitro,intracellular,singlecell
PB1,138,2147,1,ERR4566032,MRC5,48hpi,1,in vitro,intracellular,singlecell
PB1,139,2056,1,ERR4566032,MRC5,48hpi,1,in vitro,intracellular,singlecell
PB1,139,2110,1,ERR4566032,MRC5,48hpi,1,in vitro,intracellular,singlecell
PB1,139,2141,1,ERR4566032,MRC5,48hpi,1,in vitro,intracellular,singlecell
PB1,144,2103,4,ERR4566032,MRC5,48hpi,1,in vitro,intracellular,singlecell
PB1,144,2114,1,ERR4566032,MRC5,48hpi,1,in vitro,intracellular,singlecell
PB1,145,2097,1,ERR4566032,MRC5,48hpi,1,in vitro,intracellular,singlecell
PB1,145,2100,2,ERR4566032,MRC5,48hpi,1,in vitro,intracellular,singlecell
PB1,145,2103,25,ERR4566032,MRC5,48hpi,1,in vitro,intracellular,singlecell
PB1,145,2154,1,ERR4566032,MRC5,48hpi,1,in vitro,intracellular,singlecell
PB1,145,2168,1,ERR4566032,MRC5,48hpi,1,in vitro,intracellular,singlecell
PB1,146,2082,1,ERR4566032,MRC5,48hpi,1,in vitro,intracellular,singlecell
PB1,1533,1568,1,ERR4566032,MRC5,48hpi,1,in vitro,intracellular,singlecell
PB1,159,1326,1,ERR4566032,MRC5,48hpi,1,in vitro,intracellular,singlecell
PB1,1707,2131,1,ERR4566032,MRC5,48hpi,1,in vitro,intracellular,singlecell
PB1,179,2110,1,ERR4566032,MRC5,48hpi,1,in vitro,intracellular,singlecell
PB1,1811,1913,1,ERR4566032,MRC5,48hpi,1,in vitro,intracellular,singlecell
PB1,184,2052,12,ERR4566032,MRC5,48hpi,1,in vitro,intracellular,singlecell
PB1,1876,1899,1,ERR4566032,MRC5,48hpi,1,in vitro,intracellular,singlecell
PB1,189,2103,1,ERR4566032,MRC5,48hpi,1,in vitro,intracellular,singlecell
PB1,193,2110,1,ERR4566032,MRC5,48hpi,1,in vitro,intracellular,singlecell
PB1,195,1988,1,ERR4566032,MRC5,48hpi,1,in vitro,intracellular,singlecell
PB1,197,1936,1,ERR4566032,MRC5,48hpi,1,in vitro,intracellular,singlecell
PB1,2002,2100,2,ERR4566032,MRC5,48hpi,1,in vitro,intracellular,singlecell
PB1,2020,2249,1,ERR4566032,MRC5,48hpi,1,in vitro,intracellular,singlecell
PB1,203,2096,1,ERR4566032,MRC5,48hpi,1,in vitro,intracellular,singlecell
PB1,206,2085,1,ERR4566032,MRC5,48hpi,1,in vitro,intracellular,singlecell
PB1,207,1552,2,ERR4566032,MRC5,48hpi,1,in vitro,intracellular,singlecell
PB1,208,2103,1,ERR4566032,MRC5,48hpi,1,in vitro,intracellular,singlecell
PB1,2152,2227,1,ERR4566032,MRC5,48hpi,1,in vitro,intracellular,singlecell
PB1,229,2091,1,ERR4566032,MRC5,48hpi,1,in vitro,intracellular,singlecell
PB1,233,2115,1,ERR4566032,MRC5,48hpi,1,in vitro,intracellular,singlecell
PB1,255,2093,1,ERR4566032,MRC5,48hpi,1,in vitro,intracellular,singlecell
PB1,255,2109,1,ERR4566032,MRC5,48hpi,1,in vitro,intracellular,singlecell
PB1,256,2103,1,ERR4566032,MRC5,48hpi,1,in vitro,intracellular,singlecell
PB1,268,1876,1,ERR4566032,MRC5,48hpi,1,in vitro,intracellular,singlecell
PB1,284,2006,1,ERR4566032,MRC5,48hpi,1,in vitro,intracellular,singlecell
PB1,286,1899,6,ERR4566032,MRC5,48hpi,1,in vitro,intracellular,singlecell
PB1,289,1980,1,ERR4566032,MRC5,48hpi,1,in vitro,intracellular,singlecell
PB1,291,355,1,ERR4566032,MRC5,48hpi,1,in vitro,intracellular,singlecell
PB1,293,1992,1,ERR4566032,MRC5,48hpi,1,in vitro,intracellular,singlecell
PB1,325,1963,1,ERR4566032,MRC5,48hpi,1,in vitro,intracellular,singlecell
PB1,328,1821,1,ERR4566032,MRC5,48hpi,1,in vitro,intracellular,singlecell
PB1,328,2054,1,ERR4566032,MRC5,48hpi,1,in vitro,intracellular,singlecell
PB1,328,360,1,ERR4566032,MRC5,48hpi,1,in vitro,intracellular,singlecell
PB1,331,1911,1,ERR4566032,MRC5,48hpi,1,in vitro,intracellular,singlecell
PB1,333,1896,1,ERR4566032,MRC5,48hpi,1,in vitro,intracellular,singlecell
PB1,349,1873,1,ERR4566032,MRC5,48hpi,1,in vitro,intracellular,singlecell
PB1,349,1899,3,ERR4566032,MRC5,48hpi,1,in vitro,intracellular,singlecell
PB1,350,1897,1,ERR4566032,MRC5,48hpi,1,in vitro,intracellular,singlecell
PB1,351,1897,1,ERR4566032,MRC5,48hpi,1,in vitro,intracellular,singlecell
PB1,351,1947,2,ERR4566032,MRC5,48hpi,1,in vitro,intracellular,singlecell
PB1,352,1930,1,ERR4566032,MRC5,48hpi,1,in vitro,intracellular,singlecell
PB1,355,1929,1,ERR4566032,MRC5,48hpi,1,in vitro,intracellular,singlecell
PB1,357,1847,1,ERR4566032,MRC5,48hpi,1,in vitro,intracellular,singlecell
PB1,357,1899,5,ERR4566032,MRC5,48hpi,1,in vitro,intracellular,singlecell
PB1,357,2081,1,ERR4566032,MRC5,48hpi,1,in vitro,intracellular,singlecell
PB1,359,1836,1,ERR4566032,MRC5,48hpi,1,in vitro,intracellular,singlecell
PB1,359,2014,1,ERR4566032,MRC5,48hpi,1,in vitro,intracellular,singlecell
PB1,361,388,1,ERR4566032,MRC5,48hpi,1,in vitro,intracellular,singlecell
PB1,364,1847,4,ERR4566032,MRC5,48hpi,1,in vitro,intracellular,singlecell
PB1,364,1899,1,ERR4566032,MRC5,48hpi,1,in vitro,intracellular,singlecell
PB1,365,1953,1,ERR4566032,MRC5,48hpi,1,in vitro,intracellular,singlecell
PB1,368,1916,1,ERR4566032,MRC5,48hpi,1,in vitro,intracellular,singlecell
PB1,371,1998,1,ERR4566032,MRC5,48hpi,1,in vitro,intracellular,singlecell
PB1,373,1829,1,ERR4566032,MRC5,48hpi,1,in vitro,intracellular,singlecell
PB1,373,1901,1,ERR4566032,MRC5,48hpi,1,in vitro,intracellular,singlecell
PB1,375,1714,1,ERR4566032,MRC5,48hpi,1,in vitro,intracellular,singlecell
PB1,375,1881,1,ERR4566032,MRC5,48hpi,1,in vitro,intracellular,singlecell
PB1,375,1908,1,ERR4566032,MRC5,48hpi,1,in vitro,intracellular,singlecell
PB1,376,1903,1,ERR4566032,MRC5,48hpi,1,in vitro,intracellular,singlecell
PB1,377,1899,1,ERR4566032,MRC5,48hpi,1,in vitro,intracellular,singlecell
PB1,378,1938,3,ERR4566032,MRC5,48hpi,1,in vitro,intracellular,singlecell
PB1,383,1897,1,ERR4566032,MRC5,48hpi,1,in vitro,intracellular,singlecell
PB1,383,1932,1,ERR4566032,MRC5,48hpi,1,in vitro,intracellular,singlecell
PB1,388,1900,1,ERR4566032,MRC5,48hpi,1,in vitro,intracellular,singlecell
PB1,390,1873,1,ERR4566032,MRC5,48hpi,1,in vitro,intracellular,singlecell
PB1,391,1897,2,ERR4566032,MRC5,48hpi,1,in vitro,intracellular,singlecell
PB1,399,1900,1,ERR4566032,MRC5,48hpi,1,in vitro,intracellular,singlecell
PB1,407,1720,2,ERR4566032,MRC5,48hpi,1,in vitro,intracellular,singlecell
PB1,410,1821,1,ERR4566032,MRC5,48hpi,1,in vitro,intracellular,singlecell
PB1,410,1898,1,ERR4566032,MRC5,48hpi,1,in vitro,intracellular,singlecell
PB1,410,517,1,ERR4566032,MRC5,48hpi,1,in vitro,intracellular,singlecell
PB1,412,1899,1,ERR4566032,MRC5,48hpi,1,in vitro,intracellular,singlecell
PB1,416,2006,1,ERR4566032,MRC5,48hpi,1,in vitro,intracellular,singlecell
PB1,422,1876,1,ERR4566032,MRC5,48hpi,1,in vitro,intracellular,singlecell
PB1,426,1936,1,ERR4566032,MRC5,48hpi,1,in vitro,intracellular,singlecell
PB1,428,1784,2,ERR4566032,MRC5,48hpi,1,in vitro,intracellular,singlecell
PB1,433,1824,1,ERR4566032,MRC5,48hpi,1,in vitro,intracellular,singlecell
PB1,458,1814,1,ERR4566032,MRC5,48hpi,1,in vitro,intracellular,singlecell
PB1,45,2032,1,ERR4566032,MRC5,48hpi,1,in vitro,intracellular,singlecell
PB1,462,1815,1,ERR4566032,MRC5,48hpi,1,in vitro,intracellular,singlecell
PB1,464,1834,1,ERR4566032,MRC5,48hpi,1,in vitro,intracellular,singlecell
PB1,464,2005,1,ERR4566032,MRC5,48hpi,1,in vitro,intracellular,singlecell
PB1,465,1729,1,ERR4566032,MRC5,48hpi,1,in vitro,intracellular,singlecell
PB1,466,1899,1,ERR4566032,MRC5,48hpi,1,in vitro,intracellular,singlecell
PB1,46,115,1,ERR4566032,MRC5,48hpi,1,in vitro,intracellular,singlecell
PB1,46,1822,1,ERR4566032,MRC5,48hpi,1,in vitro,intracellular,singlecell
PB1,46,2055,5,ERR4566032,MRC5,48hpi,1,in vitro,intracellular,singlecell
PB1,471,1877,1,ERR4566032,MRC5,48hpi,1,in vitro,intracellular,singlecell
PB1,472,1747,1,ERR4566032,MRC5,48hpi,1,in vitro,intracellular,singlecell
PB1,48,91,1,ERR4566032,MRC5,48hpi,1,in vitro,intracellular,singlecell
PB1,508,1686,1,ERR4566032,MRC5,48hpi,1,in vitro,intracellular,singlecell
PB1,524,1787,1,ERR4566032,MRC5,48hpi,1,in vitro,intracellular,singlecell
PB1,53,121,2,ERR4566032,MRC5,48hpi,1,in vitro,intracellular,singlecell
PB1,544,1898,1,ERR4566032,MRC5,48hpi,1,in vitro,intracellular,singlecell
PB1,548,1826,1,ERR4566032,MRC5,48hpi,1,in vitro,intracellular,singlecell
PB1,548,1861,8,ERR4566032,MRC5,48hpi,1,in vitro,intracellular,singlecell
PB1,54,2054,1,ERR4566032,MRC5,48hpi,1,in vitro,intracellular,singlecell
PB1,562,1675,1,ERR4566032,MRC5,48hpi,1,in vitro,intracellular,singlecell
PB1,574,1533,1,ERR4566032,MRC5,48hpi,1,in vitro,intracellular,singlecell
PB1,574,1593,1,ERR4566032,MRC5,48hpi,1,in vitro,intracellular,singlecell
PB1,574,712,1,ERR4566032,MRC5,48hpi,1,in vitro,intracellular,singlecell
PB1,580,1495,1,ERR4566032,MRC5,48hpi,1,in vitro,intracellular,singlecell
PB1,585,1719,1,ERR4566032,MRC5,48hpi,1,in vitro,intracellular,singlecell
PB1,58,128,1,ERR4566032,MRC5,48hpi,1,in vitro,intracellular,singlecell
PB1,594,1542,1,ERR4566032,MRC5,48hpi,1,in vitro,intracellular,singlecell
PB1,601,1522,1,ERR4566032,MRC5,48hpi,1,in vitro,intracellular,singlecell
PB1,601,1646,1,ERR4566032,MRC5,48hpi,1,in vitro,intracellular,singlecell
PB1,605,1695,1,ERR4566032,MRC5,48hpi,1,in vitro,intracellular,singlecell
PB1,607,1578,1,ERR4566032,MRC5,48hpi,1,in vitro,intracellular,singlecell
PB1,617,1833,1,ERR4566032,MRC5,48hpi,1,in vitro,intracellular,singlecell
PB1,61,1900,1,ERR4566032,MRC5,48hpi,1,in vitro,intracellular,singlecell
PB1,620,1681,1,ERR4566032,MRC5,48hpi,1,in vitro,intracellular,singlecell
PB1,624,1666,1,ERR4566032,MRC5,48hpi,1,in vitro,intracellular,singlecell
PB1,624,1821,2,ERR4566032,MRC5,48hpi,1,in vitro,intracellular,singlecell
PB1,638,1523,1,ERR4566032,MRC5,48hpi,1,in vitro,intracellular,singlecell
PB1,650,1577,1,ERR4566032,MRC5,48hpi,1,in vitro,intracellular,singlecell
PB1,661,1454,1,ERR4566032,MRC5,48hpi,1,in vitro,intracellular,singlecell
PB1,667,1525,1,ERR4566032,MRC5,48hpi,1,in vitro,intracellular,singlecell
PB1,678,1490,1,ERR4566032,MRC5,48hpi,1,in vitro,intracellular,singlecell
PB1,678,1521,1,ERR4566032,MRC5,48hpi,1,in vitro,intracellular,singlecell
PB1,699,1518,1,ERR4566032,MRC5,48hpi,1,in vitro,intracellular,singlecell
PB1,705,1523,1,ERR4566032,MRC5,48hpi,1,in vitro,intracellular,singlecell
PB1,706,1457,1,ERR4566032,MRC5,48hpi,1,in vitro,intracellular,singlecell
PB1,73,365,1,ERR4566032,MRC5,48hpi,1,in vitro,intracellular,singlecell
PB1,786,923,1,ERR4566032,MRC5,48hpi,1,in vitro,intracellular,singlecell
PB1,78,138,1,ERR4566032,MRC5,48hpi,1,in vitro,intracellular,singlecell
PB1,78,2054,1,ERR4566032,MRC5,48hpi,1,in vitro,intracellular,singlecell
PB1,830,1811,1,ERR4566032,MRC5,48hpi,1,in vitro,intracellular,singlecell
PB1,855,1381,1,ERR4566032,MRC5,48hpi,1,in vitro,intracellular,singlecell
PB1,877,1482,1,ERR4566032,MRC5,48hpi,1,in vitro,intracellular,singlecell
PB1,88,2059,1,ERR4566032,MRC5,48hpi,1,in vitro,intracellular,singlecell
PB1,915,1309,1,ERR4566032,MRC5,48hpi,1,in vitro,intracellular,singlecell
PA,100,1954,1,ERR4566032,MRC5,48hpi,1,in vitro,intracellular,singlecell
PA,102,166,1,ERR4566032,MRC5,48hpi,1,in vitro,intracellular,singlecell
PA,109,151,1,ERR4566032,MRC5,48hpi,1,in vitro,intracellular,singlecell
PA,126,192,2,ERR4566032,MRC5,48hpi,1,in vitro,intracellular,singlecell
PA,130,1954,1,ERR4566032,MRC5,48hpi,1,in vitro,intracellular,singlecell
PA,134,1971,2,ERR4566032,MRC5,48hpi,1,in vitro,intracellular,singlecell
PA,137,165,7,ERR4566032,MRC5,48hpi,1,in vitro,intracellular,singlecell
PA,138,214,1,ERR4566032,MRC5,48hpi,1,in vitro,intracellular,singlecell
PA,139,169,2,ERR4566032,MRC5,48hpi,1,in vitro,intracellular,singlecell
PA,139,181,1,ERR4566032,MRC5,48hpi,1,in vitro,intracellular,singlecell
PA,140,1972,6,ERR4566032,MRC5,48hpi,1,in vitro,intracellular,singlecell
PA,150,198,4,ERR4566032,MRC5,48hpi,1,in vitro,intracellular,singlecell
PA,150,200,1,ERR4566032,MRC5,48hpi,1,in vitro,intracellular,singlecell
PA,156,214,1,ERR4566032,MRC5,48hpi,1,in vitro,intracellular,singlecell
PA,158,1954,4,ERR4566032,MRC5,48hpi,1,in vitro,intracellular,singlecell
PA,158,1958,3,ERR4566032,MRC5,48hpi,1,in vitro,intracellular,singlecell
PA,159,1936,1,ERR4566032,MRC5,48hpi,1,in vitro,intracellular,singlecell
PA,1630,1716,1,ERR4566032,MRC5,48hpi,1,in vitro,intracellular,singlecell
PA,168,210,1,ERR4566032,MRC5,48hpi,1,in vitro,intracellular,singlecell
PA,1690,1713,1,ERR4566032,MRC5,48hpi,1,in vitro,intracellular,singlecell
PA,174,1959,3,ERR4566032,MRC5,48hpi,1,in vitro,intracellular,singlecell
PA,175,2041,2,ERR4566032,MRC5,48hpi,1,in vitro,intracellular,singlecell
PA,179,1860,4,ERR4566032,MRC5,48hpi,1,in vitro,intracellular,singlecell
PA,180,1983,1,ERR4566032,MRC5,48hpi,1,in vitro,intracellular,singlecell
PA,183,223,1,ERR4566032,MRC5,48hpi,1,in vitro,intracellular,singlecell
PA,190,1925,1,ERR4566032,MRC5,48hpi,1,in vitro,intracellular,singlecell
PA,190,1949,12,ERR4566032,MRC5,48hpi,1,in vitro,intracellular,singlecell
PA,1924,1976,1,ERR4566032,MRC5,48hpi,1,in vitro,intracellular,singlecell
PA,192,1954,1,ERR4566032,MRC5,48hpi,1,in vitro,intracellular,singlecell
PA,197,1939,1,ERR4566032,MRC5,48hpi,1,in vitro,intracellular,singlecell
PA,197,1954,1,ERR4566032,MRC5,48hpi,1,in vitro,intracellular,singlecell
PA,198,2004,1,ERR4566032,MRC5,48hpi,1,in vitro,intracellular,singlecell
PA,206,1971,1,ERR4566032,MRC5,48hpi,1,in vitro,intracellular,singlecell
PA,208,1984,1,ERR4566032,MRC5,48hpi,1,in vitro,intracellular,singlecell
PA,213,1960,1,ERR4566032,MRC5,48hpi,1,in vitro,intracellular,singlecell
PA,216,2008,5,ERR4566032,MRC5,48hpi,1,in vitro,intracellular,singlecell
PA,217,261,1,ERR4566032,MRC5,48hpi,1,in vitro,intracellular,singlecell
PA,219,1794,1,ERR4566032,MRC5,48hpi,1,in vitro,intracellular,singlecell
PA,219,1944,1,ERR4566032,MRC5,48hpi,1,in vitro,intracellular,singlecell
PA,220,1954,2,ERR4566032,MRC5,48hpi,1,in vitro,intracellular,singlecell
PA,221,1995,6,ERR4566032,MRC5,48hpi,1,in vitro,intracellular,singlecell
PA,221,249,1,ERR4566032,MRC5,48hpi,1,in vitro,intracellular,singlecell
PA,223,1976,1,ERR4566032,MRC5,48hpi,1,in vitro,intracellular,singlecell
PA,231,263,1,ERR4566032,MRC5,48hpi,1,in vitro,intracellular,singlecell
PA,232,1939,11,ERR4566032,MRC5,48hpi,1,in vitro,intracellular,singlecell
PA,233,1883,1,ERR4566032,MRC5,48hpi,1,in vitro,intracellular,singlecell
PA,233,1941,1,ERR4566032,MRC5,48hpi,1,in vitro,intracellular,singlecell
PA,238,2013,5,ERR4566032,MRC5,48hpi,1,in vitro,intracellular,singlecell
PA,239,333,1,ERR4566032,MRC5,48hpi,1,in vitro,intracellular,singlecell
PA,240,1840,1,ERR4566032,MRC5,48hpi,1,in vitro,intracellular,singlecell
PA,240,1925,7,ERR4566032,MRC5,48hpi,1,in vitro,intracellular,singlecell
PA,241,1852,1,ERR4566032,MRC5,48hpi,1,in vitro,intracellular,singlecell
PA,249,2007,1,ERR4566032,MRC5,48hpi,1,in vitro,intracellular,singlecell
PA,254,1863,1,ERR4566032,MRC5,48hpi,1,in vitro,intracellular,singlecell
PA,257,1926,1,ERR4566032,MRC5,48hpi,1,in vitro,intracellular,singlecell
PA,257,2086,1,ERR4566032,MRC5,48hpi,1,in vitro,intracellular,singlecell
PA,258,1877,2,ERR4566032,MRC5,48hpi,1,in vitro,intracellular,singlecell
PA,259,1929,1,ERR4566032,MRC5,48hpi,1,in vitro,intracellular,singlecell
PA,275,1862,3,ERR4566032,MRC5,48hpi,1,in vitro,intracellular,singlecell
PA,278,1716,4,ERR4566032,MRC5,48hpi,1,in vitro,intracellular,singlecell
PA,281,1807,1,ERR4566032,MRC5,48hpi,1,in vitro,intracellular,singlecell
PA,282,1910,1,ERR4566032,MRC5,48hpi,1,in vitro,intracellular,singlecell
PA,293,1813,1,ERR4566032,MRC5,48hpi,1,in vitro,intracellular,singlecell
PA,293,1971,1,ERR4566032,MRC5,48hpi,1,in vitro,intracellular,singlecell
PA,294,1886,1,ERR4566032,MRC5,48hpi,1,in vitro,intracellular,singlecell
PA,294,317,1,ERR4566032,MRC5,48hpi,1,in vitro,intracellular,singlecell
PA,294,343,1,ERR4566032,MRC5,48hpi,1,in vitro,intracellular,singlecell
PA,295,1926,1,ERR4566032,MRC5,48hpi,1,in vitro,intracellular,singlecell
PA,296,1906,1,ERR4566032,MRC5,48hpi,1,in vitro,intracellular,singlecell
PA,297,1811,1,ERR4566032,MRC5,48hpi,1,in vitro,intracellular,singlecell
PA,299,1915,4,ERR4566032,MRC5,48hpi,1,in vitro,intracellular,singlecell
PA,302,2086,1,ERR4566032,MRC5,48hpi,1,in vitro,intracellular,singlecell
PA,303,1955,1,ERR4566032,MRC5,48hpi,1,in vitro,intracellular,singlecell
PA,303,355,1,ERR4566032,MRC5,48hpi,1,in vitro,intracellular,singlecell
PA,304,1854,1,ERR4566032,MRC5,48hpi,1,in vitro,intracellular,singlecell
PA,308,1909,2,ERR4566032,MRC5,48hpi,1,in vitro,intracellular,singlecell
PA,309,1777,1,ERR4566032,MRC5,48hpi,1,in vitro,intracellular,singlecell
PA,341,1805,1,ERR4566032,MRC5,48hpi,1,in vitro,intracellular,singlecell
PA,348,1874,1,ERR4566032,MRC5,48hpi,1,in vitro,intracellular,singlecell
PA,351,1755,1,ERR4566032,MRC5,48hpi,1,in vitro,intracellular,singlecell
PA,351,1820,1,ERR4566032,MRC5,48hpi,1,in vitro,intracellular,singlecell
PA,351,1862,2,ERR4566032,MRC5,48hpi,1,in vitro,intracellular,singlecell
PA,351,1939,4,ERR4566032,MRC5,48hpi,1,in vitro,intracellular,singlecell
PA,355,386,1,ERR4566032,MRC5,48hpi,1,in vitro,intracellular,singlecell
PA,357,1717,1,ERR4566032,MRC5,48hpi,1,in vitro,intracellular,singlecell
PA,358,1845,1,ERR4566032,MRC5,48hpi,1,in vitro,intracellular,singlecell
PA,365,1759,1,ERR4566032,MRC5,48hpi,1,in vitro,intracellular,singlecell
PA,365,1842,1,ERR4566032,MRC5,48hpi,1,in vitro,intracellular,singlecell
PA,391,1948,1,ERR4566032,MRC5,48hpi,1,in vitro,intracellular,singlecell
PA,393,1754,1,ERR4566032,MRC5,48hpi,1,in vitro,intracellular,singlecell
PA,406,1792,1,ERR4566032,MRC5,48hpi,1,in vitro,intracellular,singlecell
PA,411,436,1,ERR4566032,MRC5,48hpi,1,in vitro,intracellular,singlecell
PA,412,1717,1,ERR4566032,MRC5,48hpi,1,in vitro,intracellular,singlecell
PA,416,1847,1,ERR4566032,MRC5,48hpi,1,in vitro,intracellular,singlecell
PA,432,1774,1,ERR4566032,MRC5,48hpi,1,in vitro,intracellular,singlecell
PA,434,1870,1,ERR4566032,MRC5,48hpi,1,in vitro,intracellular,singlecell
PA,444,1859,1,ERR4566032,MRC5,48hpi,1,in vitro,intracellular,singlecell
PA,473,1942,1,ERR4566032,MRC5,48hpi,1,in vitro,intracellular,singlecell
PA,474,1824,1,ERR4566032,MRC5,48hpi,1,in vitro,intracellular,singlecell
PA,506,1708,1,ERR4566032,MRC5,48hpi,1,in vitro,intracellular,singlecell
PA,515,1581,1,ERR4566032,MRC5,48hpi,1,in vitro,intracellular,singlecell
PA,530,717,1,ERR4566032,MRC5,48hpi,1,in vitro,intracellular,singlecell
PA,549,1579,1,ERR4566032,MRC5,48hpi,1,in vitro,intracellular,singlecell
PA,559,1580,1,ERR4566032,MRC5,48hpi,1,in vitro,intracellular,singlecell
PA,568,1580,1,ERR4566032,MRC5,48hpi,1,in vitro,intracellular,singlecell
PA,647,1636,1,ERR4566032,MRC5,48hpi,1,in vitro,intracellular,singlecell
PA,64,100,1,ERR4566032,MRC5,48hpi,1,in vitro,intracellular,singlecell
PA,66,316,1,ERR4566032,MRC5,48hpi,1,in vitro,intracellular,singlecell
PA,687,1159,1,ERR4566032,MRC5,48hpi,1,in vitro,intracellular,singlecell
PA,690,1591,1,ERR4566032,MRC5,48hpi,1,in vitro,intracellular,singlecell
PA,699,890,1,ERR4566032,MRC5,48hpi,1,in vitro,intracellular,singlecell
PA,788,1263,1,ERR4566032,MRC5,48hpi,1,in vitro,intracellular,singlecell
PA,79,102,1,ERR4566032,MRC5,48hpi,1,in vitro,intracellular,singlecell
PA,804,1032,1,ERR4566032,MRC5,48hpi,1,in vitro,intracellular,singlecell
PA,82,1953,2,ERR4566032,MRC5,48hpi,1,in vitro,intracellular,singlecell
PA,888,1424,1,ERR4566032,MRC5,48hpi,1,in vitro,intracellular,singlecell
PA,89,1808,3,ERR4566032,MRC5,48hpi,1,in vitro,intracellular,singlecell
HA,103,1447,1,ERR4566032,MRC5,48hpi,1,in vitro,intracellular,singlecell
HA,1140,1183,1,ERR4566032,MRC5,48hpi,1,in vitro,intracellular,singlecell
HA,115,1504,1,ERR4566032,MRC5,48hpi,1,in vitro,intracellular,singlecell
HA,1163,1279,2,ERR4566032,MRC5,48hpi,1,in vitro,intracellular,singlecell
HA,1237,1354,1,ERR4566032,MRC5,48hpi,1,in vitro,intracellular,singlecell
HA,1287,1310,1,ERR4566032,MRC5,48hpi,1,in vitro,intracellular,singlecell
HA,1291,1324,1,ERR4566032,MRC5,48hpi,1,in vitro,intracellular,singlecell
HA,1292,1322,1,ERR4566032,MRC5,48hpi,1,in vitro,intracellular,singlecell
HA,1305,1343,1,ERR4566032,MRC5,48hpi,1,in vitro,intracellular,singlecell
HA,1306,1346,2,ERR4566032,MRC5,48hpi,1,in vitro,intracellular,singlecell
HA,1306,1353,1,ERR4566032,MRC5,48hpi,1,in vitro,intracellular,singlecell
HA,1323,1471,2,ERR4566032,MRC5,48hpi,1,in vitro,intracellular,singlecell
HA,1325,1347,1,ERR4566032,MRC5,48hpi,1,in vitro,intracellular,singlecell
HA,1329,1379,1,ERR4566032,MRC5,48hpi,1,in vitro,intracellular,singlecell
HA,139,1384,1,ERR4566032,MRC5,48hpi,1,in vitro,intracellular,singlecell
HA,139,1525,1,ERR4566032,MRC5,48hpi,1,in vitro,intracellular,singlecell
HA,140,1440,1,ERR4566032,MRC5,48hpi,1,in vitro,intracellular,singlecell
HA,1499,1529,1,ERR4566032,MRC5,48hpi,1,in vitro,intracellular,singlecell
HA,1622,1656,1,ERR4566032,MRC5,48hpi,1,in vitro,intracellular,singlecell
HA,1630,1699,1,ERR4566032,MRC5,48hpi,1,in vitro,intracellular,singlecell
HA,171,401,1,ERR4566032,MRC5,48hpi,1,in vitro,intracellular,singlecell
HA,174,981,1,ERR4566032,MRC5,48hpi,1,in vitro,intracellular,singlecell
HA,195,1509,1,ERR4566032,MRC5,48hpi,1,in vitro,intracellular,singlecell
HA,207,1536,1,ERR4566032,MRC5,48hpi,1,in vitro,intracellular,singlecell
HA,210,234,1,ERR4566032,MRC5,48hpi,1,in vitro,intracellular,singlecell
HA,220,1374,1,ERR4566032,MRC5,48hpi,1,in vitro,intracellular,singlecell
HA,235,265,1,ERR4566032,MRC5,48hpi,1,in vitro,intracellular,singlecell
HA,400,1164,1,ERR4566032,MRC5,48hpi,1,in vitro,intracellular,singlecell
HA,404,440,1,ERR4566032,MRC5,48hpi,1,in vitro,intracellular,singlecell
HA,406,1324,1,ERR4566032,MRC5,48hpi,1,in vitro,intracellular,singlecell
HA,406,1530,1,ERR4566032,MRC5,48hpi,1,in vitro,intracellular,singlecell
HA,424,1113,1,ERR4566032,MRC5,48hpi,1,in vitro,intracellular,singlecell
HA,430,1204,1,ERR4566032,MRC5,48hpi,1,in vitro,intracellular,singlecell
HA,432,1164,1,ERR4566032,MRC5,48hpi,1,in vitro,intracellular,singlecell
HA,462,1120,1,ERR4566032,MRC5,48hpi,1,in vitro,intracellular,singlecell
HA,463,1235,1,ERR4566032,MRC5,48hpi,1,in vitro,intracellular,singlecell
HA,465,1216,1,ERR4566032,MRC5,48hpi,1,in vitro,intracellular,singlecell
HA,466,954,1,ERR4566032,MRC5,48hpi,1,in vitro,intracellular,singlecell
HA,468,1199,1,ERR4566032,MRC5,48hpi,1,in vitro,intracellular,singlecell
HA,470,1225,1,ERR4566032,MRC5,48hpi,1,in vitro,intracellular,singlecell
HA,476,1381,1,ERR4566032,MRC5,48hpi,1,in vitro,intracellular,singlecell
HA,524,1238,1,ERR4566032,MRC5,48hpi,1,in vitro,intracellular,singlecell
HA,541,1079,1,ERR4566032,MRC5,48hpi,1,in vitro,intracellular,singlecell
HA,559,1157,1,ERR4566032,MRC5,48hpi,1,in vitro,intracellular,singlecell
HA,561,1175,1,ERR4566032,MRC5,48hpi,1,in vitro,intracellular,singlecell
HA,561,986,1,ERR4566032,MRC5,48hpi,1,in vitro,intracellular,singlecell
HA,587,1079,1,ERR4566032,MRC5,48hpi,1,in vitro,intracellular,singlecell
HA,598,1290,1,ERR4566032,MRC5,48hpi,1,in vitro,intracellular,singlecell
HA,630,899,1,ERR4566032,MRC5,48hpi,1,in vitro,intracellular,singlecell
HA,630,910,1,ERR4566032,MRC5,48hpi,1,in vitro,intracellular,singlecell
HA,694,770,1,ERR4566032,MRC5,48hpi,1,in vitro,intracellular,singlecell
HA,695,1177,1,ERR4566032,MRC5,48hpi,1,in vitro,intracellular,singlecell
HA,696,1181,1,ERR4566032,MRC5,48hpi,1,in vitro,intracellular,singlecell
HA,698,1128,1,ERR4566032,MRC5,48hpi,1,in vitro,intracellular,singlecell
HA,724,1086,1,ERR4566032,MRC5,48hpi,1,in vitro,intracellular,singlecell
HA,739,768,1,ERR4566032,MRC5,48hpi,1,in vitro,intracellular,singlecell
HA,73,1500,1,ERR4566032,MRC5,48hpi,1,in vitro,intracellular,singlecell
HA,741,850,1,ERR4566032,MRC5,48hpi,1,in vitro,intracellular,singlecell
HA,767,1164,1,ERR4566032,MRC5,48hpi,1,in vitro,intracellular,singlecell
HA,785,1240,1,ERR4566032,MRC5,48hpi,1,in vitro,intracellular,singlecell
HA,862,884,1,ERR4566032,MRC5,48hpi,1,in vitro,intracellular,singlecell
HA,95,1185,1,ERR4566032,MRC5,48hpi,1,in vitro,intracellular,singlecell
HA,96,1597,1,ERR4566032,MRC5,48hpi,1,in vitro,intracellular,singlecell
HA,97,1383,1,ERR4566032,MRC5,48hpi,1,in vitro,intracellular,singlecell
NP,1028,1050,1,ERR4566032,MRC5,48hpi,1,in vitro,intracellular,singlecell
NP,1044,1067,1,ERR4566032,MRC5,48hpi,1,in vitro,intracellular,singlecell
NP,1058,1130,1,ERR4566032,MRC5,48hpi,1,in vitro,intracellular,singlecell
NP,1079,1149,1,ERR4566032,MRC5,48hpi,1,in vitro,intracellular,singlecell
NP,1105,1136,1,ERR4566032,MRC5,48hpi,1,in vitro,intracellular,singlecell
NP,1167,1189,5,ERR4566032,MRC5,48hpi,1,in vitro,intracellular,singlecell
NP,1178,1201,1,ERR4566032,MRC5,48hpi,1,in vitro,intracellular,singlecell
NP,1271,1310,1,ERR4566032,MRC5,48hpi,1,in vitro,intracellular,singlecell
NP,1366,1402,1,ERR4566032,MRC5,48hpi,1,in vitro,intracellular,singlecell
NP,164,1310,1,ERR4566032,MRC5,48hpi,1,in vitro,intracellular,singlecell
NP,171,1220,1,ERR4566032,MRC5,48hpi,1,in vitro,intracellular,singlecell
NP,196,1301,1,ERR4566032,MRC5,48hpi,1,in vitro,intracellular,singlecell
NP,196,766,1,ERR4566032,MRC5,48hpi,1,in vitro,intracellular,singlecell
NP,234,1270,1,ERR4566032,MRC5,48hpi,1,in vitro,intracellular,singlecell
NP,274,1178,1,ERR4566032,MRC5,48hpi,1,in vitro,intracellular,singlecell
NP,274,1288,1,ERR4566032,MRC5,48hpi,1,in vitro,intracellular,singlecell
NP,278,1210,1,ERR4566032,MRC5,48hpi,1,in vitro,intracellular,singlecell
NP,278,319,1,ERR4566032,MRC5,48hpi,1,in vitro,intracellular,singlecell
NP,278,969,1,ERR4566032,MRC5,48hpi,1,in vitro,intracellular,singlecell
NP,285,353,1,ERR4566032,MRC5,48hpi,1,in vitro,intracellular,singlecell
NP,285,387,1,ERR4566032,MRC5,48hpi,1,in vitro,intracellular,singlecell
NP,296,531,4,ERR4566032,MRC5,48hpi,1,in vitro,intracellular,singlecell
NP,303,348,1,ERR4566032,MRC5,48hpi,1,in vitro,intracellular,singlecell
NP,306,1147,1,ERR4566032,MRC5,48hpi,1,in vitro,intracellular,singlecell
NP,328,1095,1,ERR4566032,MRC5,48hpi,1,in vitro,intracellular,singlecell
NP,328,451,4,ERR4566032,MRC5,48hpi,1,in vitro,intracellular,singlecell
NP,337,1232,1,ERR4566032,MRC5,48hpi,1,in vitro,intracellular,singlecell
NP,339,405,1,ERR4566032,MRC5,48hpi,1,in vitro,intracellular,singlecell
NP,341,1073,1,ERR4566032,MRC5,48hpi,1,in vitro,intracellular,singlecell
NP,341,570,3,ERR4566032,MRC5,48hpi,1,in vitro,intracellular,singlecell
NP,351,1094,1,ERR4566032,MRC5,48hpi,1,in vitro,intracellular,singlecell
NP,354,386,1,ERR4566032,MRC5,48hpi,1,in vitro,intracellular,singlecell
NP,359,483,1,ERR4566032,MRC5,48hpi,1,in vitro,intracellular,singlecell
NP,362,551,1,ERR4566032,MRC5,48hpi,1,in vitro,intracellular,singlecell
NP,374,1311,1,ERR4566032,MRC5,48hpi,1,in vitro,intracellular,singlecell
NP,382,1345,1,ERR4566032,MRC5,48hpi,1,in vitro,intracellular,singlecell
NP,388,941,1,ERR4566032,MRC5,48hpi,1,in vitro,intracellular,singlecell
NP,424,1070,1,ERR4566032,MRC5,48hpi,1,in vitro,intracellular,singlecell
NP,425,628,1,ERR4566032,MRC5,48hpi,1,in vitro,intracellular,singlecell
NP,444,587,1,ERR4566032,MRC5,48hpi,1,in vitro,intracellular,singlecell
NP,452,1232,1,ERR4566032,MRC5,48hpi,1,in vitro,intracellular,singlecell
NP,456,944,1,ERR4566032,MRC5,48hpi,1,in vitro,intracellular,singlecell
NP,477,946,1,ERR4566032,MRC5,48hpi,1,in vitro,intracellular,singlecell
NP,485,1197,1,ERR4566032,MRC5,48hpi,1,in vitro,intracellular,singlecell
NP,486,1014,1,ERR4566032,MRC5,48hpi,1,in vitro,intracellular,singlecell
NP,500,865,1,ERR4566032,MRC5,48hpi,1,in vitro,intracellular,singlecell
NP,508,929,1,ERR4566032,MRC5,48hpi,1,in vitro,intracellular,singlecell
NP,516,1033,1,ERR4566032,MRC5,48hpi,1,in vitro,intracellular,singlecell
NP,518,980,1,ERR4566032,MRC5,48hpi,1,in vitro,intracellular,singlecell
NP,526,958,1,ERR4566032,MRC5,48hpi,1,in vitro,intracellular,singlecell
NP,527,580,1,ERR4566032,MRC5,48hpi,1,in vitro,intracellular,singlecell
NP,537,964,1,ERR4566032,MRC5,48hpi,1,in vitro,intracellular,singlecell
NP,539,1046,1,ERR4566032,MRC5,48hpi,1,in vitro,intracellular,singlecell
NP,542,958,1,ERR4566032,MRC5,48hpi,1,in vitro,intracellular,singlecell
NP,550,1110,1,ERR4566032,MRC5,48hpi,1,in vitro,intracellular,singlecell
NP,550,1234,1,ERR4566032,MRC5,48hpi,1,in vitro,intracellular,singlecell
NP,559,809,1,ERR4566032,MRC5,48hpi,1,in vitro,intracellular,singlecell
NP,561,898,1,ERR4566032,MRC5,48hpi,1,in vitro,intracellular,singlecell
NP,562,1026,1,ERR4566032,MRC5,48hpi,1,in vitro,intracellular,singlecell
NP,563,589,1,ERR4566032,MRC5,48hpi,1,in vitro,intracellular,singlecell
NP,565,900,1,ERR4566032,MRC5,48hpi,1,in vitro,intracellular,singlecell
NP,565,933,1,ERR4566032,MRC5,48hpi,1,in vitro,intracellular,singlecell
NP,571,770,1,ERR4566032,MRC5,48hpi,1,in vitro,intracellular,singlecell
NP,579,610,1,ERR4566032,MRC5,48hpi,1,in vitro,intracellular,singlecell
NP,581,966,1,ERR4566032,MRC5,48hpi,1,in vitro,intracellular,singlecell
NP,582,958,1,ERR4566032,MRC5,48hpi,1,in vitro,intracellular,singlecell
NP,594,813,1,ERR4566032,MRC5,48hpi,1,in vitro,intracellular,singlecell
NP,607,946,1,ERR4566032,MRC5,48hpi,1,in vitro,intracellular,singlecell
NP,620,682,1,ERR4566032,MRC5,48hpi,1,in vitro,intracellular,singlecell
NP,704,979,1,ERR4566032,MRC5,48hpi,1,in vitro,intracellular,singlecell
NP,712,1482,1,ERR4566032,MRC5,48hpi,1,in vitro,intracellular,singlecell
NP,731,813,1,ERR4566032,MRC5,48hpi,1,in vitro,intracellular,singlecell
NP,741,840,1,ERR4566032,MRC5,48hpi,1,in vitro,intracellular,singlecell
NP,766,873,2,ERR4566032,MRC5,48hpi,1,in vitro,intracellular,singlecell
NP,770,840,1,ERR4566032,MRC5,48hpi,1,in vitro,intracellular,singlecell
NP,956,983,1,ERR4566032,MRC5,48hpi,1,in vitro,intracellular,singlecell
NP,968,1470,1,ERR4566032,MRC5,48hpi,1,in vitro,intracellular,singlecell
NA,238,1063,1,ERR4566032,MRC5,48hpi,1,in vitro,intracellular,singlecell
NA,247,1107,1,ERR4566032,MRC5,48hpi,1,in vitro,intracellular,singlecell
NA,332,521,1,ERR4566032,MRC5,48hpi,1,in vitro,intracellular,singlecell
NA,380,1036,1,ERR4566032,MRC5,48hpi,1,in vitro,intracellular,singlecell
NA,589,903,1,ERR4566032,MRC5,48hpi,1,in vitro,intracellular,singlecell
NA,65,125,2,ERR4566032,MRC5,48hpi,1,in vitro,intracellular,singlecell
NA,79,1041,1,ERR4566032,MRC5,48hpi,1,in vitro,intracellular,singlecell
NA,86,117,1,ERR4566032,MRC5,48hpi,1,in vitro,intracellular,singlecell
NA,91,730,1,ERR4566032,MRC5,48hpi,1,in vitro,intracellular,singlecell
M,146,741,1,ERR4566032,MRC5,48hpi,1,in vitro,intracellular,singlecell
M,242,711,1,ERR4566032,MRC5,48hpi,1,in vitro,intracellular,singlecell
M,257,284,1,ERR4566032,MRC5,48hpi,1,in vitro,intracellular,singlecell
M,258,719,1,ERR4566032,MRC5,48hpi,1,in vitro,intracellular,singlecell
M,258,720,1,ERR4566032,MRC5,48hpi,1,in vitro,intracellular,singlecell
M,298,728,1,ERR4566032,MRC5,48hpi,1,in vitro,intracellular,singlecell
M,312,379,1,ERR4566032,MRC5,48hpi,1,in vitro,intracellular,singlecell
M,351,677,1,ERR4566032,MRC5,48hpi,1,in vitro,intracellular,singlecell
M,357,580,1,ERR4566032,MRC5,48hpi,1,in vitro,intracellular,singlecell
M,378,559,1,ERR4566032,MRC5,48hpi,1,in vitro,intracellular,singlecell
M,386,703,1,ERR4566032,MRC5,48hpi,1,in vitro,intracellular,singlecell
M,52,741,11,ERR4566032,MRC5,48hpi,1,in vitro,intracellular,singlecell
M,534,598,1,ERR4566032,MRC5,48hpi,1,in vitro,intracellular,singlecell
M,55,136,1,ERR4566032,MRC5,48hpi,1,in vitro,intracellular,singlecell
M,59,103,1,ERR4566032,MRC5,48hpi,1,in vitro,intracellular,singlecell
NS,162,211,1,ERR4566032,MRC5,48hpi,1,in vitro,intracellular,singlecell
NS,175,647,1,ERR4566032,MRC5,48hpi,1,in vitro,intracellular,singlecell
NS,198,627,1,ERR4566032,MRC5,48hpi,1,in vitro,intracellular,singlecell
NS,207,660,1,ERR4566032,MRC5,48hpi,1,in vitro,intracellular,singlecell
NS,215,661,1,ERR4566032,MRC5,48hpi,1,in vitro,intracellular,singlecell
NS,218,727,1,ERR4566032,MRC5,48hpi,1,in vitro,intracellular,singlecell
NS,235,658,1,ERR4566032,MRC5,48hpi,1,in vitro,intracellular,singlecell
NS,316,347,1,ERR4566032,MRC5,48hpi,1,in vitro,intracellular,singlecell
NS,57,530,17,ERR4566032,MRC5,48hpi,1,in vitro,intracellular,singlecell
NS,659,790,1,ERR4566032,MRC5,48hpi,1,in vitro,intracellular,singlecell
NS,67,112,1,ERR4566032,MRC5,48hpi,1,in vitro,intracellular,singlecell
NS,704,739,1,ERR4566032,MRC5,48hpi,1,in vitro,intracellular,singlecell
NS,705,727,1,ERR4566032,MRC5,48hpi,1,in vitro,intracellular,singlecell
NS,705,790,1,ERR4566032,MRC5,48hpi,1,in vitro,intracellular,singlecell
NS,729,841,1,ERR4566032,MRC5,48hpi,1,in vitro,intracellular,singlecell
NS,90,693,1,ERR4566032,MRC5,48hpi,1,in vitro,intracellular,singlecell
PB2,1013,1342,1,ERR4566033,MRC5,48hpi,2,in vitro,intracellular,singlecell
PB2,1153,1347,1,ERR4566033,MRC5,48hpi,2,in vitro,intracellular,singlecell
PB2,1455,1490,1,ERR4566033,MRC5,48hpi,2,in vitro,intracellular,singlecell
PB2,1600,1628,1,ERR4566033,MRC5,48hpi,2,in vitro,intracellular,singlecell
PB2,162,2086,1,ERR4566033,MRC5,48hpi,2,in vitro,intracellular,singlecell
PB2,162,2125,5,ERR4566033,MRC5,48hpi,2,in vitro,intracellular,singlecell
PB2,163,200,1,ERR4566033,MRC5,48hpi,2,in vitro,intracellular,singlecell
PB2,163,2053,1,ERR4566033,MRC5,48hpi,2,in vitro,intracellular,singlecell
PB2,163,2126,5,ERR4566033,MRC5,48hpi,2,in vitro,intracellular,singlecell
PB2,1647,1681,1,ERR4566033,MRC5,48hpi,2,in vitro,intracellular,singlecell
PB2,168,2093,1,ERR4566033,MRC5,48hpi,2,in vitro,intracellular,singlecell
PB2,1703,1748,1,ERR4566033,MRC5,48hpi,2,in vitro,intracellular,singlecell
PB2,1716,2147,1,ERR4566033,MRC5,48hpi,2,in vitro,intracellular,singlecell
PB2,176,2052,3,ERR4566033,MRC5,48hpi,2,in vitro,intracellular,singlecell
PB2,181,2106,1,ERR4566033,MRC5,48hpi,2,in vitro,intracellular,singlecell
PB2,190,2026,1,ERR4566033,MRC5,48hpi,2,in vitro,intracellular,singlecell
PB2,191,1510,1,ERR4566033,MRC5,48hpi,2,in vitro,intracellular,singlecell
PB2,1936,2025,1,ERR4566033,MRC5,48hpi,2,in vitro,intracellular,singlecell
PB2,203,2043,1,ERR4566033,MRC5,48hpi,2,in vitro,intracellular,singlecell
PB2,2046,2201,1,ERR4566033,MRC5,48hpi,2,in vitro,intracellular,singlecell
PB2,2115,2262,2,ERR4566033,MRC5,48hpi,2,in vitro,intracellular,singlecell
PB2,2138,2195,1,ERR4566033,MRC5,48hpi,2,in vitro,intracellular,singlecell
PB2,222,2010,2,ERR4566033,MRC5,48hpi,2,in vitro,intracellular,singlecell
PB2,226,1949,1,ERR4566033,MRC5,48hpi,2,in vitro,intracellular,singlecell
PB2,227,2151,1,ERR4566033,MRC5,48hpi,2,in vitro,intracellular,singlecell
PB2,253,1983,1,ERR4566033,MRC5,48hpi,2,in vitro,intracellular,singlecell
PB2,272,2054,2,ERR4566033,MRC5,48hpi,2,in vitro,intracellular,singlecell
PB2,275,2004,2,ERR4566033,MRC5,48hpi,2,in vitro,intracellular,singlecell
PB2,277,1403,4,ERR4566033,MRC5,48hpi,2,in vitro,intracellular,singlecell
PB2,293,2002,1,ERR4566033,MRC5,48hpi,2,in vitro,intracellular,singlecell
PB2,311,2170,1,ERR4566033,MRC5,48hpi,2,in vitro,intracellular,singlecell
PB2,334,2069,3,ERR4566033,MRC5,48hpi,2,in vitro,intracellular,singlecell
PB2,342,1944,1,ERR4566033,MRC5,48hpi,2,in vitro,intracellular,singlecell
PB2,352,1909,2,ERR4566033,MRC5,48hpi,2,in vitro,intracellular,singlecell
PB2,357,1827,1,ERR4566033,MRC5,48hpi,2,in vitro,intracellular,singlecell
PB2,359,1975,1,ERR4566033,MRC5,48hpi,2,in vitro,intracellular,singlecell
PB2,366,1762,1,ERR4566033,MRC5,48hpi,2,in vitro,intracellular,singlecell
PB2,382,419,1,ERR4566033,MRC5,48hpi,2,in vitro,intracellular,singlecell
PB2,430,1988,1,ERR4566033,MRC5,48hpi,2,in vitro,intracellular,singlecell
PB2,449,1759,1,ERR4566033,MRC5,48hpi,2,in vitro,intracellular,singlecell
PB2,44,642,1,ERR4566033,MRC5,48hpi,2,in vitro,intracellular,singlecell
PB2,450,1761,1,ERR4566033,MRC5,48hpi,2,in vitro,intracellular,singlecell
PB2,458,1796,1,ERR4566033,MRC5,48hpi,2,in vitro,intracellular,singlecell
PB2,461,618,1,ERR4566033,MRC5,48hpi,2,in vitro,intracellular,singlecell
PB2,469,2054,1,ERR4566033,MRC5,48hpi,2,in vitro,intracellular,singlecell
PB2,473,1769,1,ERR4566033,MRC5,48hpi,2,in vitro,intracellular,singlecell
PB2,538,1719,1,ERR4566033,MRC5,48hpi,2,in vitro,intracellular,singlecell
PB2,543,1678,1,ERR4566033,MRC5,48hpi,2,in vitro,intracellular,singlecell
PB2,576,1681,1,ERR4566033,MRC5,48hpi,2,in vitro,intracellular,singlecell
PB2,577,1755,1,ERR4566033,MRC5,48hpi,2,in vitro,intracellular,singlecell
PB2,688,1952,1,ERR4566033,MRC5,48hpi,2,in vitro,intracellular,singlecell
PB2,776,1802,1,ERR4566033,MRC5,48hpi,2,in vitro,intracellular,singlecell
PB2,792,1444,1,ERR4566033,MRC5,48hpi,2,in vitro,intracellular,singlecell
PB2,807,1436,1,ERR4566033,MRC5,48hpi,2,in vitro,intracellular,singlecell
PB1,100,2040,1,ERR4566033,MRC5,48hpi,2,in vitro,intracellular,singlecell
PB1,1010,1130,1,ERR4566033,MRC5,48hpi,2,in vitro,intracellular,singlecell
PB1,102,130,1,ERR4566033,MRC5,48hpi,2,in vitro,intracellular,singlecell
PB1,1060,1276,1,ERR4566033,MRC5,48hpi,2,in vitro,intracellular,singlecell
PB1,1081,1104,1,ERR4566033,MRC5,48hpi,2,in vitro,intracellular,singlecell
PB1,1084,1107,1,ERR4566033,MRC5,48hpi,2,in vitro,intracellular,singlecell
PB1,108,2176,1,ERR4566033,MRC5,48hpi,2,in vitro,intracellular,singlecell
PB1,110,2166,1,ERR4566033,MRC5,48hpi,2,in vitro,intracellular,singlecell
PB1,112,2166,1,ERR4566033,MRC5,48hpi,2,in vitro,intracellular,singlecell
PB1,113,2055,2,ERR4566033,MRC5,48hpi,2,in vitro,intracellular,singlecell
PB1,1154,1178,1,ERR4566033,MRC5,48hpi,2,in vitro,intracellular,singlecell
PB1,116,2163,1,ERR4566033,MRC5,48hpi,2,in vitro,intracellular,singlecell
PB1,116,2167,1,ERR4566033,MRC5,48hpi,2,in vitro,intracellular,singlecell
PB1,116,2168,3,ERR4566033,MRC5,48hpi,2,in vitro,intracellular,singlecell
PB1,118,2059,2,ERR4566033,MRC5,48hpi,2,in vitro,intracellular,singlecell
PB1,121,2078,1,ERR4566033,MRC5,48hpi,2,in vitro,intracellular,singlecell
PB1,1229,2209,1,ERR4566033,MRC5,48hpi,2,in vitro,intracellular,singlecell
PB1,122,152,1,ERR4566033,MRC5,48hpi,2,in vitro,intracellular,singlecell
PB1,123,2168,2,ERR4566033,MRC5,48hpi,2,in vitro,intracellular,singlecell
PB1,128,2181,1,ERR4566033,MRC5,48hpi,2,in vitro,intracellular,singlecell
PB1,130,2089,1,ERR4566033,MRC5,48hpi,2,in vitro,intracellular,singlecell
PB1,132,2085,1,ERR4566033,MRC5,48hpi,2,in vitro,intracellular,singlecell
PB1,135,2090,2,ERR4566033,MRC5,48hpi,2,in vitro,intracellular,singlecell
PB1,136,2080,1,ERR4566033,MRC5,48hpi,2,in vitro,intracellular,singlecell
PB1,137,2065,4,ERR4566033,MRC5,48hpi,2,in vitro,intracellular,singlecell
PB1,137,2110,12,ERR4566033,MRC5,48hpi,2,in vitro,intracellular,singlecell
PB1,137,2165,2,ERR4566033,MRC5,48hpi,2,in vitro,intracellular,singlecell
PB1,138,2092,1,ERR4566033,MRC5,48hpi,2,in vitro,intracellular,singlecell
PB1,139,1988,1,ERR4566033,MRC5,48hpi,2,in vitro,intracellular,singlecell
PB1,139,2141,2,ERR4566033,MRC5,48hpi,2,in vitro,intracellular,singlecell
PB1,144,2100,1,ERR4566033,MRC5,48hpi,2,in vitro,intracellular,singlecell
PB1,144,2103,3,ERR4566033,MRC5,48hpi,2,in vitro,intracellular,singlecell
PB1,144,2114,1,ERR4566033,MRC5,48hpi,2,in vitro,intracellular,singlecell
PB1,145,1733,1,ERR4566033,MRC5,48hpi,2,in vitro,intracellular,singlecell
PB1,145,2100,2,ERR4566033,MRC5,48hpi,2,in vitro,intracellular,singlecell
PB1,145,2103,22,ERR4566033,MRC5,48hpi,2,in vitro,intracellular,singlecell
PB1,146,2082,2,ERR4566033,MRC5,48hpi,2,in vitro,intracellular,singlecell
PB1,148,2110,1,ERR4566033,MRC5,48hpi,2,in vitro,intracellular,singlecell
PB1,1508,1539,1,ERR4566033,MRC5,48hpi,2,in vitro,intracellular,singlecell
PB1,1711,1821,1,ERR4566033,MRC5,48hpi,2,in vitro,intracellular,singlecell
PB1,177,2028,1,ERR4566033,MRC5,48hpi,2,in vitro,intracellular,singlecell
PB1,179,2110,4,ERR4566033,MRC5,48hpi,2,in vitro,intracellular,singlecell
PB1,180,2034,1,ERR4566033,MRC5,48hpi,2,in vitro,intracellular,singlecell
PB1,1811,1841,1,ERR4566033,MRC5,48hpi,2,in vitro,intracellular,singlecell
PB1,184,2052,14,ERR4566033,MRC5,48hpi,2,in vitro,intracellular,singlecell
PB1,1873,1899,1,ERR4566033,MRC5,48hpi,2,in vitro,intracellular,singlecell
PB1,188,2050,2,ERR4566033,MRC5,48hpi,2,in vitro,intracellular,singlecell
PB1,189,2103,1,ERR4566033,MRC5,48hpi,2,in vitro,intracellular,singlecell
PB1,190,2115,1,ERR4566033,MRC5,48hpi,2,in vitro,intracellular,singlecell
PB1,193,2033,1,ERR4566033,MRC5,48hpi,2,in vitro,intracellular,singlecell
PB1,1983,2012,1,ERR4566033,MRC5,48hpi,2,in vitro,intracellular,singlecell
PB1,2002,2100,5,ERR4566033,MRC5,48hpi,2,in vitro,intracellular,singlecell
PB1,2054,2092,1,ERR4566033,MRC5,48hpi,2,in vitro,intracellular,singlecell
PB1,2063,2242,1,ERR4566033,MRC5,48hpi,2,in vitro,intracellular,singlecell
PB1,206,2029,1,ERR4566033,MRC5,48hpi,2,in vitro,intracellular,singlecell
PB1,208,2114,1,ERR4566033,MRC5,48hpi,2,in vitro,intracellular,singlecell
PB1,2108,2209,1,ERR4566033,MRC5,48hpi,2,in vitro,intracellular,singlecell
PB1,2145,2211,1,ERR4566033,MRC5,48hpi,2,in vitro,intracellular,singlecell
PB1,2152,2227,1,ERR4566033,MRC5,48hpi,2,in vitro,intracellular,singlecell
PB1,231,2111,1,ERR4566033,MRC5,48hpi,2,in vitro,intracellular,singlecell
PB1,233,2115,1,ERR4566033,MRC5,48hpi,2,in vitro,intracellular,singlecell
PB1,236,1874,1,ERR4566033,MRC5,48hpi,2,in vitro,intracellular,singlecell
PB1,239,1999,1,ERR4566033,MRC5,48hpi,2,in vitro,intracellular,singlecell
PB1,255,2093,3,ERR4566033,MRC5,48hpi,2,in vitro,intracellular,singlecell
PB1,260,1869,1,ERR4566033,MRC5,48hpi,2,in vitro,intracellular,singlecell
PB1,263,2066,1,ERR4566033,MRC5,48hpi,2,in vitro,intracellular,singlecell
PB1,273,1958,1,ERR4566033,MRC5,48hpi,2,in vitro,intracellular,singlecell
PB1,273,1965,1,ERR4566033,MRC5,48hpi,2,in vitro,intracellular,singlecell
PB1,284,1899,1,ERR4566033,MRC5,48hpi,2,in vitro,intracellular,singlecell
PB1,286,1899,5,ERR4566033,MRC5,48hpi,2,in vitro,intracellular,singlecell
PB1,335,1887,1,ERR4566033,MRC5,48hpi,2,in vitro,intracellular,singlecell
PB1,345,1853,1,ERR4566033,MRC5,48hpi,2,in vitro,intracellular,singlecell
PB1,348,1883,1,ERR4566033,MRC5,48hpi,2,in vitro,intracellular,singlecell
PB1,349,1899,2,ERR4566033,MRC5,48hpi,2,in vitro,intracellular,singlecell
PB1,351,1884,1,ERR4566033,MRC5,48hpi,2,in vitro,intracellular,singlecell
PB1,351,1902,1,ERR4566033,MRC5,48hpi,2,in vitro,intracellular,singlecell
PB1,351,1947,2,ERR4566033,MRC5,48hpi,2,in vitro,intracellular,singlecell
PB1,357,1847,1,ERR4566033,MRC5,48hpi,2,in vitro,intracellular,singlecell
PB1,357,1877,1,ERR4566033,MRC5,48hpi,2,in vitro,intracellular,singlecell
PB1,357,1899,9,ERR4566033,MRC5,48hpi,2,in vitro,intracellular,singlecell
PB1,357,1919,1,ERR4566033,MRC5,48hpi,2,in vitro,intracellular,singlecell
PB1,359,1836,1,ERR4566033,MRC5,48hpi,2,in vitro,intracellular,singlecell
PB1,364,1847,6,ERR4566033,MRC5,48hpi,2,in vitro,intracellular,singlecell
PB1,364,1899,2,ERR4566033,MRC5,48hpi,2,in vitro,intracellular,singlecell
PB1,369,426,1,ERR4566033,MRC5,48hpi,2,in vitro,intracellular,singlecell
PB1,371,1954,1,ERR4566033,MRC5,48hpi,2,in vitro,intracellular,singlecell
PB1,371,1998,2,ERR4566033,MRC5,48hpi,2,in vitro,intracellular,singlecell
PB1,372,1876,1,ERR4566033,MRC5,48hpi,2,in vitro,intracellular,singlecell
PB1,372,1898,1,ERR4566033,MRC5,48hpi,2,in vitro,intracellular,singlecell
PB1,373,1928,1,ERR4566033,MRC5,48hpi,2,in vitro,intracellular,singlecell
PB1,378,1938,4,ERR4566033,MRC5,48hpi,2,in vitro,intracellular,singlecell
PB1,380,1898,1,ERR4566033,MRC5,48hpi,2,in vitro,intracellular,singlecell
PB1,381,1897,1,ERR4566033,MRC5,48hpi,2,in vitro,intracellular,singlecell
PB1,383,1875,3,ERR4566033,MRC5,48hpi,2,in vitro,intracellular,singlecell
PB1,386,1814,1,ERR4566033,MRC5,48hpi,2,in vitro,intracellular,singlecell
PB1,406,1814,1,ERR4566033,MRC5,48hpi,2,in vitro,intracellular,singlecell
PB1,423,1689,1,ERR4566033,MRC5,48hpi,2,in vitro,intracellular,singlecell
PB1,438,1857,1,ERR4566033,MRC5,48hpi,2,in vitro,intracellular,singlecell
PB1,441,1896,1,ERR4566033,MRC5,48hpi,2,in vitro,intracellular,singlecell
PB1,442,1815,1,ERR4566033,MRC5,48hpi,2,in vitro,intracellular,singlecell
PB1,44,2099,1,ERR4566033,MRC5,48hpi,2,in vitro,intracellular,singlecell
PB1,45,2032,1,ERR4566033,MRC5,48hpi,2,in vitro,intracellular,singlecell
PB1,45,79,1,ERR4566033,MRC5,48hpi,2,in vitro,intracellular,singlecell
PB1,45,96,1,ERR4566033,MRC5,48hpi,2,in vitro,intracellular,singlecell
PB1,461,1898,1,ERR4566033,MRC5,48hpi,2,in vitro,intracellular,singlecell
PB1,465,1689,1,ERR4566033,MRC5,48hpi,2,in vitro,intracellular,singlecell
PB1,465,1753,1,ERR4566033,MRC5,48hpi,2,in vitro,intracellular,singlecell
PB1,466,1715,1,ERR4566033,MRC5,48hpi,2,in vitro,intracellular,singlecell
PB1,466,1899,1,ERR4566033,MRC5,48hpi,2,in vitro,intracellular,singlecell
PB1,46,1822,1,ERR4566033,MRC5,48hpi,2,in vitro,intracellular,singlecell
PB1,533,1611,1,ERR4566033,MRC5,48hpi,2,in vitro,intracellular,singlecell
PB1,540,1899,1,ERR4566033,MRC5,48hpi,2,in vitro,intracellular,singlecell
PB1,545,1657,1,ERR4566033,MRC5,48hpi,2,in vitro,intracellular,singlecell
PB1,545,1665,1,ERR4566033,MRC5,48hpi,2,in vitro,intracellular,singlecell
PB1,548,1861,6,ERR4566033,MRC5,48hpi,2,in vitro,intracellular,singlecell
PB1,54,114,1,ERR4566033,MRC5,48hpi,2,in vitro,intracellular,singlecell
PB1,54,98,1,ERR4566033,MRC5,48hpi,2,in vitro,intracellular,singlecell
PB1,558,1884,1,ERR4566033,MRC5,48hpi,2,in vitro,intracellular,singlecell
PB1,574,1604,1,ERR4566033,MRC5,48hpi,2,in vitro,intracellular,singlecell
PB1,576,1989,1,ERR4566033,MRC5,48hpi,2,in vitro,intracellular,singlecell
PB1,597,1899,2,ERR4566033,MRC5,48hpi,2,in vitro,intracellular,singlecell
PB1,605,1714,1,ERR4566033,MRC5,48hpi,2,in vitro,intracellular,singlecell
PB1,625,1373,1,ERR4566033,MRC5,48hpi,2,in vitro,intracellular,singlecell
PB1,638,705,1,ERR4566033,MRC5,48hpi,2,in vitro,intracellular,singlecell
PB1,65,2122,1,ERR4566033,MRC5,48hpi,2,in vitro,intracellular,singlecell
PB1,669,1427,1,ERR4566033,MRC5,48hpi,2,in vitro,intracellular,singlecell
PB1,678,1638,1,ERR4566033,MRC5,48hpi,2,in vitro,intracellular,singlecell
PB1,67,99,1,ERR4566033,MRC5,48hpi,2,in vitro,intracellular,singlecell
PB1,682,1521,1,ERR4566033,MRC5,48hpi,2,in vitro,intracellular,singlecell
PB1,698,1558,1,ERR4566033,MRC5,48hpi,2,in vitro,intracellular,singlecell
PB1,69,2158,1,ERR4566033,MRC5,48hpi,2,in vitro,intracellular,singlecell
PB1,715,1597,1,ERR4566033,MRC5,48hpi,2,in vitro,intracellular,singlecell
PB1,747,1645,1,ERR4566033,MRC5,48hpi,2,in vitro,intracellular,singlecell
PB1,752,1361,1,ERR4566033,MRC5,48hpi,2,in vitro,intracellular,singlecell
PB1,777,1443,1,ERR4566033,MRC5,48hpi,2,in vitro,intracellular,singlecell
PB1,77,121,1,ERR4566033,MRC5,48hpi,2,in vitro,intracellular,singlecell
PB1,78,149,1,ERR4566033,MRC5,48hpi,2,in vitro,intracellular,singlecell
PB1,802,1613,1,ERR4566033,MRC5,48hpi,2,in vitro,intracellular,singlecell
PB1,811,1426,1,ERR4566033,MRC5,48hpi,2,in vitro,intracellular,singlecell
PB1,813,1094,1,ERR4566033,MRC5,48hpi,2,in vitro,intracellular,singlecell
PB1,818,844,1,ERR4566033,MRC5,48hpi,2,in vitro,intracellular,singlecell
PB1,820,1478,1,ERR4566033,MRC5,48hpi,2,in vitro,intracellular,singlecell
PB1,823,1365,1,ERR4566033,MRC5,48hpi,2,in vitro,intracellular,singlecell
PB1,844,1376,1,ERR4566033,MRC5,48hpi,2,in vitro,intracellular,singlecell
PB1,870,2257,1,ERR4566033,MRC5,48hpi,2,in vitro,intracellular,singlecell
PB1,871,1523,1,ERR4566033,MRC5,48hpi,2,in vitro,intracellular,singlecell
PB1,886,1289,1,ERR4566033,MRC5,48hpi,2,in vitro,intracellular,singlecell
PB1,893,1423,1,ERR4566033,MRC5,48hpi,2,in vitro,intracellular,singlecell
PB1,90,1988,1,ERR4566033,MRC5,48hpi,2,in vitro,intracellular,singlecell
PB1,91,137,1,ERR4566033,MRC5,48hpi,2,in vitro,intracellular,singlecell
PB1,942,976,1,ERR4566033,MRC5,48hpi,2,in vitro,intracellular,singlecell
PB1,95,2118,1,ERR4566033,MRC5,48hpi,2,in vitro,intracellular,singlecell
PA,1190,1215,1,ERR4566033,MRC5,48hpi,2,in vitro,intracellular,singlecell
PA,126,192,3,ERR4566033,MRC5,48hpi,2,in vitro,intracellular,singlecell
PA,129,167,1,ERR4566033,MRC5,48hpi,2,in vitro,intracellular,singlecell
PA,130,1954,1,ERR4566033,MRC5,48hpi,2,in vitro,intracellular,singlecell
PA,130,2062,2,ERR4566033,MRC5,48hpi,2,in vitro,intracellular,singlecell
PA,132,1978,1,ERR4566033,MRC5,48hpi,2,in vitro,intracellular,singlecell
PA,133,155,3,ERR4566033,MRC5,48hpi,2,in vitro,intracellular,singlecell
PA,134,1971,1,ERR4566033,MRC5,48hpi,2,in vitro,intracellular,singlecell
PA,137,165,1,ERR4566033,MRC5,48hpi,2,in vitro,intracellular,singlecell
PA,138,1990,1,ERR4566033,MRC5,48hpi,2,in vitro,intracellular,singlecell
PA,139,1946,1,ERR4566033,MRC5,48hpi,2,in vitro,intracellular,singlecell
PA,139,2063,1,ERR4566033,MRC5,48hpi,2,in vitro,intracellular,singlecell
PA,139,2066,1,ERR4566033,MRC5,48hpi,2,in vitro,intracellular,singlecell
PA,139,2071,1,ERR4566033,MRC5,48hpi,2,in vitro,intracellular,singlecell
PA,139,2084,1,ERR4566033,MRC5,48hpi,2,in vitro,intracellular,singlecell
PA,140,1972,5,ERR4566033,MRC5,48hpi,2,in vitro,intracellular,singlecell
PA,1470,2085,1,ERR4566033,MRC5,48hpi,2,in vitro,intracellular,singlecell
PA,150,1949,2,ERR4566033,MRC5,48hpi,2,in vitro,intracellular,singlecell
PA,150,198,6,ERR4566033,MRC5,48hpi,2,in vitro,intracellular,singlecell
PA,151,1925,1,ERR4566033,MRC5,48hpi,2,in vitro,intracellular,singlecell
PA,151,2076,1,ERR4566033,MRC5,48hpi,2,in vitro,intracellular,singlecell
PA,157,1928,1,ERR4566033,MRC5,48hpi,2,in vitro,intracellular,singlecell
PA,157,1951,1,ERR4566033,MRC5,48hpi,2,in vitro,intracellular,singlecell
PA,157,1961,1,ERR4566033,MRC5,48hpi,2,in vitro,intracellular,singlecell
PA,158,1958,5,ERR4566033,MRC5,48hpi,2,in vitro,intracellular,singlecell
PA,158,221,1,ERR4566033,MRC5,48hpi,2,in vitro,intracellular,singlecell
PA,162,1984,1,ERR4566033,MRC5,48hpi,2,in vitro,intracellular,singlecell
PA,165,1925,1,ERR4566033,MRC5,48hpi,2,in vitro,intracellular,singlecell
PA,166,1908,1,ERR4566033,MRC5,48hpi,2,in vitro,intracellular,singlecell
PA,166,203,1,ERR4566033,MRC5,48hpi,2,in vitro,intracellular,singlecell
PA,167,2132,1,ERR4566033,MRC5,48hpi,2,in vitro,intracellular,singlecell
PA,171,1964,2,ERR4566033,MRC5,48hpi,2,in vitro,intracellular,singlecell
PA,172,1817,1,ERR4566033,MRC5,48hpi,2,in vitro,intracellular,singlecell
PA,175,2041,2,ERR4566033,MRC5,48hpi,2,in vitro,intracellular,singlecell
PA,177,2068,3,ERR4566033,MRC5,48hpi,2,in vitro,intracellular,singlecell
PA,179,1860,4,ERR4566033,MRC5,48hpi,2,in vitro,intracellular,singlecell
PA,1812,1835,1,ERR4566033,MRC5,48hpi,2,in vitro,intracellular,singlecell
PA,1851,1960,1,ERR4566033,MRC5,48hpi,2,in vitro,intracellular,singlecell
PA,185,2073,1,ERR4566033,MRC5,48hpi,2,in vitro,intracellular,singlecell
PA,185,2074,1,ERR4566033,MRC5,48hpi,2,in vitro,intracellular,singlecell
PA,1875,1929,1,ERR4566033,MRC5,48hpi,2,in vitro,intracellular,singlecell
PA,187,1906,5,ERR4566033,MRC5,48hpi,2,in vitro,intracellular,singlecell
PA,1906,1935,1,ERR4566033,MRC5,48hpi,2,in vitro,intracellular,singlecell
PA,190,1949,18,ERR4566033,MRC5,48hpi,2,in vitro,intracellular,singlecell
PA,191,1866,1,ERR4566033,MRC5,48hpi,2,in vitro,intracellular,singlecell
PA,191,2088,1,ERR4566033,MRC5,48hpi,2,in vitro,intracellular,singlecell
PA,192,1954,1,ERR4566033,MRC5,48hpi,2,in vitro,intracellular,singlecell
PA,192,2075,3,ERR4566033,MRC5,48hpi,2,in vitro,intracellular,singlecell
PA,198,1936,1,ERR4566033,MRC5,48hpi,2,in vitro,intracellular,singlecell
PA,199,1924,1,ERR4566033,MRC5,48hpi,2,in vitro,intracellular,singlecell
PA,2019,2075,1,ERR4566033,MRC5,48hpi,2,in vitro,intracellular,singlecell
PA,2026,2063,1,ERR4566033,MRC5,48hpi,2,in vitro,intracellular,singlecell
PA,2028,2072,1,ERR4566033,MRC5,48hpi,2,in vitro,intracellular,singlecell
PA,202,1966,1,ERR4566033,MRC5,48hpi,2,in vitro,intracellular,singlecell
PA,204,1969,1,ERR4566033,MRC5,48hpi,2,in vitro,intracellular,singlecell
PA,2053,2075,1,ERR4566033,MRC5,48hpi,2,in vitro,intracellular,singlecell
PA,206,1953,2,ERR4566033,MRC5,48hpi,2,in vitro,intracellular,singlecell
PA,207,2061,1,ERR4566033,MRC5,48hpi,2,in vitro,intracellular,singlecell
PA,207,2085,1,ERR4566033,MRC5,48hpi,2,in vitro,intracellular,singlecell
PA,207,260,3,ERR4566033,MRC5,48hpi,2,in vitro,intracellular,singlecell
PA,216,2008,2,ERR4566033,MRC5,48hpi,2,in vitro,intracellular,singlecell
PA,219,1794,1,ERR4566033,MRC5,48hpi,2,in vitro,intracellular,singlecell
PA,219,2073,2,ERR4566033,MRC5,48hpi,2,in vitro,intracellular,singlecell
PA,220,1954,2,ERR4566033,MRC5,48hpi,2,in vitro,intracellular,singlecell
PA,220,2087,1,ERR4566033,MRC5,48hpi,2,in vitro,intracellular,singlecell
PA,220,244,2,ERR4566033,MRC5,48hpi,2,in vitro,intracellular,singlecell
PA,221,1890,1,ERR4566033,MRC5,48hpi,2,in vitro,intracellular,singlecell
PA,221,1995,6,ERR4566033,MRC5,48hpi,2,in vitro,intracellular,singlecell
PA,221,2077,2,ERR4566033,MRC5,48hpi,2,in vitro,intracellular,singlecell
PA,223,1755,2,ERR4566033,MRC5,48hpi,2,in vitro,intracellular,singlecell
PA,225,1738,1,ERR4566033,MRC5,48hpi,2,in vitro,intracellular,singlecell
PA,231,263,1,ERR4566033,MRC5,48hpi,2,in vitro,intracellular,singlecell
PA,232,1909,1,ERR4566033,MRC5,48hpi,2,in vitro,intracellular,singlecell
PA,232,1926,1,ERR4566033,MRC5,48hpi,2,in vitro,intracellular,singlecell
PA,232,1939,9,ERR4566033,MRC5,48hpi,2,in vitro,intracellular,singlecell
PA,238,2013,1,ERR4566033,MRC5,48hpi,2,in vitro,intracellular,singlecell
PA,239,1780,1,ERR4566033,MRC5,48hpi,2,in vitro,intracellular,singlecell
PA,240,1907,1,ERR4566033,MRC5,48hpi,2,in vitro,intracellular,singlecell
PA,240,1925,1,ERR4566033,MRC5,48hpi,2,in vitro,intracellular,singlecell
PA,244,1934,1,ERR4566033,MRC5,48hpi,2,in vitro,intracellular,singlecell
PA,253,309,1,ERR4566033,MRC5,48hpi,2,in vitro,intracellular,singlecell
PA,254,1863,5,ERR4566033,MRC5,48hpi,2,in vitro,intracellular,singlecell
PA,257,1926,1,ERR4566033,MRC5,48hpi,2,in vitro,intracellular,singlecell
PA,257,2086,1,ERR4566033,MRC5,48hpi,2,in vitro,intracellular,singlecell
PA,258,1877,1,ERR4566033,MRC5,48hpi,2,in vitro,intracellular,singlecell
PA,259,1676,1,ERR4566033,MRC5,48hpi,2,in vitro,intracellular,singlecell
PA,261,294,1,ERR4566033,MRC5,48hpi,2,in vitro,intracellular,singlecell
PA,278,1716,1,ERR4566033,MRC5,48hpi,2,in vitro,intracellular,singlecell
PA,282,1910,1,ERR4566033,MRC5,48hpi,2,in vitro,intracellular,singlecell
PA,293,1780,1,ERR4566033,MRC5,48hpi,2,in vitro,intracellular,singlecell
PA,293,1861,1,ERR4566033,MRC5,48hpi,2,in vitro,intracellular,singlecell
PA,294,1886,1,ERR4566033,MRC5,48hpi,2,in vitro,intracellular,singlecell
PA,294,317,1,ERR4566033,MRC5,48hpi,2,in vitro,intracellular,singlecell
PA,303,1801,1,ERR4566033,MRC5,48hpi,2,in vitro,intracellular,singlecell
PA,304,1854,1,ERR4566033,MRC5,48hpi,2,in vitro,intracellular,singlecell
PA,309,1857,1,ERR4566033,MRC5,48hpi,2,in vitro,intracellular,singlecell
PA,309,1906,1,ERR4566033,MRC5,48hpi,2,in vitro,intracellular,singlecell
PA,311,1807,1,ERR4566033,MRC5,48hpi,2,in vitro,intracellular,singlecell
PA,316,1833,1,ERR4566033,MRC5,48hpi,2,in vitro,intracellular,singlecell
PA,316,1836,1,ERR4566033,MRC5,48hpi,2,in vitro,intracellular,singlecell
PA,348,1676,1,ERR4566033,MRC5,48hpi,2,in vitro,intracellular,singlecell
PA,348,1874,1,ERR4566033,MRC5,48hpi,2,in vitro,intracellular,singlecell
PA,351,1939,3,ERR4566033,MRC5,48hpi,2,in vitro,intracellular,singlecell
PA,363,1853,1,ERR4566033,MRC5,48hpi,2,in vitro,intracellular,singlecell
PA,389,1754,1,ERR4566033,MRC5,48hpi,2,in vitro,intracellular,singlecell
PA,391,1632,1,ERR4566033,MRC5,48hpi,2,in vitro,intracellular,singlecell
PA,392,507,1,ERR4566033,MRC5,48hpi,2,in vitro,intracellular,singlecell
PA,410,1717,1,ERR4566033,MRC5,48hpi,2,in vitro,intracellular,singlecell
PA,417,1650,1,ERR4566033,MRC5,48hpi,2,in vitro,intracellular,singlecell
PA,442,1761,1,ERR4566033,MRC5,48hpi,2,in vitro,intracellular,singlecell
PA,444,1859,2,ERR4566033,MRC5,48hpi,2,in vitro,intracellular,singlecell
PA,497,1675,1,ERR4566033,MRC5,48hpi,2,in vitro,intracellular,singlecell
PA,513,1796,1,ERR4566033,MRC5,48hpi,2,in vitro,intracellular,singlecell
PA,517,1649,1,ERR4566033,MRC5,48hpi,2,in vitro,intracellular,singlecell
PA,521,753,1,ERR4566033,MRC5,48hpi,2,in vitro,intracellular,singlecell
PA,558,1592,1,ERR4566033,MRC5,48hpi,2,in vitro,intracellular,singlecell
PA,585,1758,1,ERR4566033,MRC5,48hpi,2,in vitro,intracellular,singlecell
PA,612,1495,1,ERR4566033,MRC5,48hpi,2,in vitro,intracellular,singlecell
PA,655,1477,1,ERR4566033,MRC5,48hpi,2,in vitro,intracellular,singlecell
PA,702,1642,1,ERR4566033,MRC5,48hpi,2,in vitro,intracellular,singlecell
PA,72,359,1,ERR4566033,MRC5,48hpi,2,in vitro,intracellular,singlecell
PA,741,1274,1,ERR4566033,MRC5,48hpi,2,in vitro,intracellular,singlecell
PA,767,830,1,ERR4566033,MRC5,48hpi,2,in vitro,intracellular,singlecell
PA,78,1854,1,ERR4566033,MRC5,48hpi,2,in vitro,intracellular,singlecell
PA,82,185,1,ERR4566033,MRC5,48hpi,2,in vitro,intracellular,singlecell
PA,82,1953,1,ERR4566033,MRC5,48hpi,2,in vitro,intracellular,singlecell
HA,1035,1086,1,ERR4566033,MRC5,48hpi,2,in vitro,intracellular,singlecell
HA,103,175,2,ERR4566033,MRC5,48hpi,2,in vitro,intracellular,singlecell
HA,107,1483,1,ERR4566033,MRC5,48hpi,2,in vitro,intracellular,singlecell
HA,1112,1153,1,ERR4566033,MRC5,48hpi,2,in vitro,intracellular,singlecell
HA,1135,1164,1,ERR4566033,MRC5,48hpi,2,in vitro,intracellular,singlecell
HA,1141,1199,1,ERR4566033,MRC5,48hpi,2,in vitro,intracellular,singlecell
HA,114,1545,1,ERR4566033,MRC5,48hpi,2,in vitro,intracellular,singlecell
HA,1196,1257,1,ERR4566033,MRC5,48hpi,2,in vitro,intracellular,singlecell
HA,1250,1292,1,ERR4566033,MRC5,48hpi,2,in vitro,intracellular,singlecell
HA,1277,1306,1,ERR4566033,MRC5,48hpi,2,in vitro,intracellular,singlecell
HA,1306,1346,1,ERR4566033,MRC5,48hpi,2,in vitro,intracellular,singlecell
HA,1323,1471,1,ERR4566033,MRC5,48hpi,2,in vitro,intracellular,singlecell
HA,132,1472,2,ERR4566033,MRC5,48hpi,2,in vitro,intracellular,singlecell
HA,1362,1408,1,ERR4566033,MRC5,48hpi,2,in vitro,intracellular,singlecell
HA,1365,1485,1,ERR4566033,MRC5,48hpi,2,in vitro,intracellular,singlecell
HA,1375,1397,1,ERR4566033,MRC5,48hpi,2,in vitro,intracellular,singlecell
HA,139,1500,1,ERR4566033,MRC5,48hpi,2,in vitro,intracellular,singlecell
HA,140,1440,1,ERR4566033,MRC5,48hpi,2,in vitro,intracellular,singlecell
HA,1413,1481,1,ERR4566033,MRC5,48hpi,2,in vitro,intracellular,singlecell
HA,1415,1549,1,ERR4566033,MRC5,48hpi,2,in vitro,intracellular,singlecell
HA,1422,1496,1,ERR4566033,MRC5,48hpi,2,in vitro,intracellular,singlecell
HA,1427,1484,1,ERR4566033,MRC5,48hpi,2,in vitro,intracellular,singlecell
HA,1433,1529,1,ERR4566033,MRC5,48hpi,2,in vitro,intracellular,singlecell
HA,1438,1470,1,ERR4566033,MRC5,48hpi,2,in vitro,intracellular,singlecell
HA,1439,1484,1,ERR4566033,MRC5,48hpi,2,in vitro,intracellular,singlecell
HA,143,193,1,ERR4566033,MRC5,48hpi,2,in vitro,intracellular,singlecell
HA,151,1487,1,ERR4566033,MRC5,48hpi,2,in vitro,intracellular,singlecell
HA,1536,1707,2,ERR4566033,MRC5,48hpi,2,in vitro,intracellular,singlecell
HA,1538,1569,1,ERR4566033,MRC5,48hpi,2,in vitro,intracellular,singlecell
HA,1643,1683,1,ERR4566033,MRC5,48hpi,2,in vitro,intracellular,singlecell
HA,168,1645,1,ERR4566033,MRC5,48hpi,2,in vitro,intracellular,singlecell
HA,215,1484,1,ERR4566033,MRC5,48hpi,2,in vitro,intracellular,singlecell
HA,215,1514,1,ERR4566033,MRC5,48hpi,2,in vitro,intracellular,singlecell
HA,234,1485,1,ERR4566033,MRC5,48hpi,2,in vitro,intracellular,singlecell
HA,265,1531,1,ERR4566033,MRC5,48hpi,2,in vitro,intracellular,singlecell
HA,271,1224,1,ERR4566033,MRC5,48hpi,2,in vitro,intracellular,singlecell
HA,304,1647,1,ERR4566033,MRC5,48hpi,2,in vitro,intracellular,singlecell
HA,364,405,1,ERR4566033,MRC5,48hpi,2,in vitro,intracellular,singlecell
HA,370,919,1,ERR4566033,MRC5,48hpi,2,in vitro,intracellular,singlecell
HA,476,1163,1,ERR4566033,MRC5,48hpi,2,in vitro,intracellular,singlecell
HA,476,515,1,ERR4566033,MRC5,48hpi,2,in vitro,intracellular,singlecell
HA,484,1156,1,ERR4566033,MRC5,48hpi,2,in vitro,intracellular,singlecell
HA,48,1485,1,ERR4566033,MRC5,48hpi,2,in vitro,intracellular,singlecell
HA,497,595,1,ERR4566033,MRC5,48hpi,2,in vitro,intracellular,singlecell
HA,524,1231,1,ERR4566033,MRC5,48hpi,2,in vitro,intracellular,singlecell
HA,534,1127,1,ERR4566033,MRC5,48hpi,2,in vitro,intracellular,singlecell
HA,534,1133,1,ERR4566033,MRC5,48hpi,2,in vitro,intracellular,singlecell
HA,558,925,1,ERR4566033,MRC5,48hpi,2,in vitro,intracellular,singlecell
HA,629,1170,1,ERR4566033,MRC5,48hpi,2,in vitro,intracellular,singlecell
HA,630,1137,1,ERR4566033,MRC5,48hpi,2,in vitro,intracellular,singlecell
HA,631,1189,1,ERR4566033,MRC5,48hpi,2,in vitro,intracellular,singlecell
HA,662,1188,1,ERR4566033,MRC5,48hpi,2,in vitro,intracellular,singlecell
HA,662,805,1,ERR4566033,MRC5,48hpi,2,in vitro,intracellular,singlecell
HA,696,770,1,ERR4566033,MRC5,48hpi,2,in vitro,intracellular,singlecell
HA,697,1241,1,ERR4566033,MRC5,48hpi,2,in vitro,intracellular,singlecell
HA,698,1057,1,ERR4566033,MRC5,48hpi,2,in vitro,intracellular,singlecell
HA,698,1091,1,ERR4566033,MRC5,48hpi,2,in vitro,intracellular,singlecell
HA,720,908,1,ERR4566033,MRC5,48hpi,2,in vitro,intracellular,singlecell
HA,799,1406,1,ERR4566033,MRC5,48hpi,2,in vitro,intracellular,singlecell
HA,803,825,1,ERR4566033,MRC5,48hpi,2,in vitro,intracellular,singlecell
HA,803,907,1,ERR4566033,MRC5,48hpi,2,in vitro,intracellular,singlecell
HA,821,900,1,ERR4566033,MRC5,48hpi,2,in vitro,intracellular,singlecell
HA,853,875,1,ERR4566033,MRC5,48hpi,2,in vitro,intracellular,singlecell
HA,861,993,1,ERR4566033,MRC5,48hpi,2,in vitro,intracellular,singlecell
HA,891,1545,1,ERR4566033,MRC5,48hpi,2,in vitro,intracellular,singlecell
HA,95,1445,1,ERR4566033,MRC5,48hpi,2,in vitro,intracellular,singlecell
HA,963,1003,1,ERR4566033,MRC5,48hpi,2,in vitro,intracellular,singlecell
HA,96,1219,1,ERR4566033,MRC5,48hpi,2,in vitro,intracellular,singlecell
HA,98,1502,1,ERR4566033,MRC5,48hpi,2,in vitro,intracellular,singlecell
NP,1020,1059,1,ERR4566033,MRC5,48hpi,2,in vitro,intracellular,singlecell
NP,1068,1178,1,ERR4566033,MRC5,48hpi,2,in vitro,intracellular,singlecell
NP,1070,1099,1,ERR4566033,MRC5,48hpi,2,in vitro,intracellular,singlecell
NP,1073,1135,1,ERR4566033,MRC5,48hpi,2,in vitro,intracellular,singlecell
NP,1076,1101,1,ERR4566033,MRC5,48hpi,2,in vitro,intracellular,singlecell
NP,1108,1149,1,ERR4566033,MRC5,48hpi,2,in vitro,intracellular,singlecell
NP,1167,1189,2,ERR4566033,MRC5,48hpi,2,in vitro,intracellular,singlecell
NP,1174,1227,1,ERR4566033,MRC5,48hpi,2,in vitro,intracellular,singlecell
NP,121,1358,1,ERR4566033,MRC5,48hpi,2,in vitro,intracellular,singlecell
NP,124,170,1,ERR4566033,MRC5,48hpi,2,in vitro,intracellular,singlecell
NP,1259,1319,1,ERR4566033,MRC5,48hpi,2,in vitro,intracellular,singlecell
NP,125,1377,1,ERR4566033,MRC5,48hpi,2,in vitro,intracellular,singlecell
NP,1271,1357,1,ERR4566033,MRC5,48hpi,2,in vitro,intracellular,singlecell
NP,134,1362,1,ERR4566033,MRC5,48hpi,2,in vitro,intracellular,singlecell
NP,141,177,1,ERR4566033,MRC5,48hpi,2,in vitro,intracellular,singlecell
NP,170,1268,1,ERR4566033,MRC5,48hpi,2,in vitro,intracellular,singlecell
NP,175,1380,1,ERR4566033,MRC5,48hpi,2,in vitro,intracellular,singlecell
NP,200,1343,1,ERR4566033,MRC5,48hpi,2,in vitro,intracellular,singlecell
NP,221,1248,1,ERR4566033,MRC5,48hpi,2,in vitro,intracellular,singlecell
NP,221,1289,1,ERR4566033,MRC5,48hpi,2,in vitro,intracellular,singlecell
NP,224,389,1,ERR4566033,MRC5,48hpi,2,in vitro,intracellular,singlecell
NP,232,279,1,ERR4566033,MRC5,48hpi,2,in vitro,intracellular,singlecell
NP,252,1177,1,ERR4566033,MRC5,48hpi,2,in vitro,intracellular,singlecell
NP,252,1380,1,ERR4566033,MRC5,48hpi,2,in vitro,intracellular,singlecell
NP,272,307,1,ERR4566033,MRC5,48hpi,2,in vitro,intracellular,singlecell
NP,272,752,1,ERR4566033,MRC5,48hpi,2,in vitro,intracellular,singlecell
NP,275,1382,1,ERR4566033,MRC5,48hpi,2,in vitro,intracellular,singlecell
NP,275,395,1,ERR4566033,MRC5,48hpi,2,in vitro,intracellular,singlecell
NP,279,1201,1,ERR4566033,MRC5,48hpi,2,in vitro,intracellular,singlecell
NP,279,1271,1,ERR4566033,MRC5,48hpi,2,in vitro,intracellular,singlecell
NP,285,485,1,ERR4566033,MRC5,48hpi,2,in vitro,intracellular,singlecell
NP,288,391,1,ERR4566033,MRC5,48hpi,2,in vitro,intracellular,singlecell
NP,296,531,3,ERR4566033,MRC5,48hpi,2,in vitro,intracellular,singlecell
NP,311,1167,1,ERR4566033,MRC5,48hpi,2,in vitro,intracellular,singlecell
NP,312,1242,1,ERR4566033,MRC5,48hpi,2,in vitro,intracellular,singlecell
NP,318,1200,1,ERR4566033,MRC5,48hpi,2,in vitro,intracellular,singlecell
NP,328,451,4,ERR4566033,MRC5,48hpi,2,in vitro,intracellular,singlecell
NP,331,1258,1,ERR4566033,MRC5,48hpi,2,in vitro,intracellular,singlecell
NP,335,1157,1,ERR4566033,MRC5,48hpi,2,in vitro,intracellular,singlecell
NP,338,1194,1,ERR4566033,MRC5,48hpi,2,in vitro,intracellular,singlecell
NP,338,1304,1,ERR4566033,MRC5,48hpi,2,in vitro,intracellular,singlecell
NP,339,1109,1,ERR4566033,MRC5,48hpi,2,in vitro,intracellular,singlecell
NP,341,570,4,ERR4566033,MRC5,48hpi,2,in vitro,intracellular,singlecell
NP,348,1187,1,ERR4566033,MRC5,48hpi,2,in vitro,intracellular,singlecell
NP,363,1178,1,ERR4566033,MRC5,48hpi,2,in vitro,intracellular,singlecell
NP,375,1102,1,ERR4566033,MRC5,48hpi,2,in vitro,intracellular,singlecell
NP,377,1381,1,ERR4566033,MRC5,48hpi,2,in vitro,intracellular,singlecell
NP,394,1173,1,ERR4566033,MRC5,48hpi,2,in vitro,intracellular,singlecell
NP,405,1204,1,ERR4566033,MRC5,48hpi,2,in vitro,intracellular,singlecell
NP,426,1187,1,ERR4566033,MRC5,48hpi,2,in vitro,intracellular,singlecell
NP,433,1210,1,ERR4566033,MRC5,48hpi,2,in vitro,intracellular,singlecell
NP,434,482,1,ERR4566033,MRC5,48hpi,2,in vitro,intracellular,singlecell
NP,443,465,1,ERR4566033,MRC5,48hpi,2,in vitro,intracellular,singlecell
NP,444,590,1,ERR4566033,MRC5,48hpi,2,in vitro,intracellular,singlecell
NP,445,1090,1,ERR4566033,MRC5,48hpi,2,in vitro,intracellular,singlecell
NP,447,1000,1,ERR4566033,MRC5,48hpi,2,in vitro,intracellular,singlecell
NP,450,1175,1,ERR4566033,MRC5,48hpi,2,in vitro,intracellular,singlecell
NP,451,1000,1,ERR4566033,MRC5,48hpi,2,in vitro,intracellular,singlecell
NP,453,494,1,ERR4566033,MRC5,48hpi,2,in vitro,intracellular,singlecell
NP,474,1091,1,ERR4566033,MRC5,48hpi,2,in vitro,intracellular,singlecell
NP,482,1127,1,ERR4566033,MRC5,48hpi,2,in vitro,intracellular,singlecell
NP,482,505,1,ERR4566033,MRC5,48hpi,2,in vitro,intracellular,singlecell
NP,488,1200,1,ERR4566033,MRC5,48hpi,2,in vitro,intracellular,singlecell
NP,488,933,1,ERR4566033,MRC5,48hpi,2,in vitro,intracellular,singlecell
NP,517,1021,1,ERR4566033,MRC5,48hpi,2,in vitro,intracellular,singlecell
NP,51,76,1,ERR4566033,MRC5,48hpi,2,in vitro,intracellular,singlecell
NP,51,898,1,ERR4566033,MRC5,48hpi,2,in vitro,intracellular,singlecell
NP,522,920,1,ERR4566033,MRC5,48hpi,2,in vitro,intracellular,singlecell
NP,527,752,1,ERR4566033,MRC5,48hpi,2,in vitro,intracellular,singlecell
NP,52,84,1,ERR4566033,MRC5,48hpi,2,in vitro,intracellular,singlecell
NP,537,718,1,ERR4566033,MRC5,48hpi,2,in vitro,intracellular,singlecell
NP,539,1043,2,ERR4566033,MRC5,48hpi,2,in vitro,intracellular,singlecell
NP,541,1106,1,ERR4566033,MRC5,48hpi,2,in vitro,intracellular,singlecell
NP,544,853,1,ERR4566033,MRC5,48hpi,2,in vitro,intracellular,singlecell
NP,546,619,1,ERR4566033,MRC5,48hpi,2,in vitro,intracellular,singlecell
NP,558,612,1,ERR4566033,MRC5,48hpi,2,in vitro,intracellular,singlecell
NP,560,881,1,ERR4566033,MRC5,48hpi,2,in vitro,intracellular,singlecell
NP,564,1051,1,ERR4566033,MRC5,48hpi,2,in vitro,intracellular,singlecell
NP,565,753,1,ERR4566033,MRC5,48hpi,2,in vitro,intracellular,singlecell
NP,582,1018,1,ERR4566033,MRC5,48hpi,2,in vitro,intracellular,singlecell
NP,625,950,1,ERR4566033,MRC5,48hpi,2,in vitro,intracellular,singlecell
NP,68,182,1,ERR4566033,MRC5,48hpi,2,in vitro,intracellular,singlecell
NP,702,840,1,ERR4566033,MRC5,48hpi,2,in vitro,intracellular,singlecell
NP,749,1322,2,ERR4566033,MRC5,48hpi,2,in vitro,intracellular,singlecell
NP,752,839,1,ERR4566033,MRC5,48hpi,2,in vitro,intracellular,singlecell
NP,807,876,1,ERR4566033,MRC5,48hpi,2,in vitro,intracellular,singlecell
NP,818,1419,1,ERR4566033,MRC5,48hpi,2,in vitro,intracellular,singlecell
NP,874,1278,1,ERR4566033,MRC5,48hpi,2,in vitro,intracellular,singlecell
NP,885,908,1,ERR4566033,MRC5,48hpi,2,in vitro,intracellular,singlecell
NP,909,957,1,ERR4566033,MRC5,48hpi,2,in vitro,intracellular,singlecell
NP,90,1269,1,ERR4566033,MRC5,48hpi,2,in vitro,intracellular,singlecell
NP,961,998,1,ERR4566033,MRC5,48hpi,2,in vitro,intracellular,singlecell
NA,228,926,1,ERR4566033,MRC5,48hpi,2,in vitro,intracellular,singlecell
NA,321,946,1,ERR4566033,MRC5,48hpi,2,in vitro,intracellular,singlecell
NA,712,753,1,ERR4566033,MRC5,48hpi,2,in vitro,intracellular,singlecell
NA,826,874,1,ERR4566033,MRC5,48hpi,2,in vitro,intracellular,singlecell
M,163,513,1,ERR4566033,MRC5,48hpi,2,in vitro,intracellular,singlecell
M,303,745,1,ERR4566033,MRC5,48hpi,2,in vitro,intracellular,singlecell
M,326,755,1,ERR4566033,MRC5,48hpi,2,in vitro,intracellular,singlecell
M,329,429,1,ERR4566033,MRC5,48hpi,2,in vitro,intracellular,singlecell
M,383,567,1,ERR4566033,MRC5,48hpi,2,in vitro,intracellular,singlecell
M,422,620,1,ERR4566033,MRC5,48hpi,2,in vitro,intracellular,singlecell
M,464,741,1,ERR4566033,MRC5,48hpi,2,in vitro,intracellular,singlecell
M,52,741,18,ERR4566033,MRC5,48hpi,2,in vitro,intracellular,singlecell
NS,109,530,1,ERR4566033,MRC5,48hpi,2,in vitro,intracellular,singlecell
NS,134,654,1,ERR4566033,MRC5,48hpi,2,in vitro,intracellular,singlecell
NS,147,648,1,ERR4566033,MRC5,48hpi,2,in vitro,intracellular,singlecell
NS,217,320,1,ERR4566033,MRC5,48hpi,2,in vitro,intracellular,singlecell
NS,236,647,2,ERR4566033,MRC5,48hpi,2,in vitro,intracellular,singlecell
NS,240,288,1,ERR4566033,MRC5,48hpi,2,in vitro,intracellular,singlecell
NS,255,668,1,ERR4566033,MRC5,48hpi,2,in vitro,intracellular,singlecell
NS,258,414,1,ERR4566033,MRC5,48hpi,2,in vitro,intracellular,singlecell
NS,262,789,1,ERR4566033,MRC5,48hpi,2,in vitro,intracellular,singlecell
NS,298,731,1,ERR4566033,MRC5,48hpi,2,in vitro,intracellular,singlecell
NS,299,691,1,ERR4566033,MRC5,48hpi,2,in vitro,intracellular,singlecell
NS,371,413,1,ERR4566033,MRC5,48hpi,2,in vitro,intracellular,singlecell
NS,421,518,1,ERR4566033,MRC5,48hpi,2,in vitro,intracellular,singlecell
NS,474,739,1,ERR4566033,MRC5,48hpi,2,in vitro,intracellular,singlecell
NS,57,530,23,ERR4566033,MRC5,48hpi,2,in vitro,intracellular,singlecell
NS,66,151,1,ERR4566033,MRC5,48hpi,2,in vitro,intracellular,singlecell
NS,73,777,1,ERR4566033,MRC5,48hpi,2,in vitro,intracellular,singlecell
NS,762,824,1,ERR4566033,MRC5,48hpi,2,in vitro,intracellular,singlecell
NS,89,727,1,ERR4566033,MRC5,48hpi,2,in vitro,intracellular,singlecell
PB2,1350,1686,1,ERR4566036,WI38,48hpi,1,in vitro,intracellular,singlecell
PB2,1615,1749,1,ERR4566036,WI38,48hpi,1,in vitro,intracellular,singlecell
PB2,162,2086,1,ERR4566036,WI38,48hpi,1,in vitro,intracellular,singlecell
PB2,162,2095,1,ERR4566036,WI38,48hpi,1,in vitro,intracellular,singlecell
PB2,162,2125,2,ERR4566036,WI38,48hpi,1,in vitro,intracellular,singlecell
PB2,163,2126,1,ERR4566036,WI38,48hpi,1,in vitro,intracellular,singlecell
PB2,163,2152,2,ERR4566036,WI38,48hpi,1,in vitro,intracellular,singlecell
PB2,169,2032,1,ERR4566036,WI38,48hpi,1,in vitro,intracellular,singlecell
PB2,1716,2147,1,ERR4566036,WI38,48hpi,1,in vitro,intracellular,singlecell
PB2,176,2052,1,ERR4566036,WI38,48hpi,1,in vitro,intracellular,singlecell
PB2,176,228,1,ERR4566036,WI38,48hpi,1,in vitro,intracellular,singlecell
PB2,181,2034,1,ERR4566036,WI38,48hpi,1,in vitro,intracellular,singlecell
PB2,1951,2096,1,ERR4566036,WI38,48hpi,1,in vitro,intracellular,singlecell
PB2,218,1918,1,ERR4566036,WI38,48hpi,1,in vitro,intracellular,singlecell
PB2,225,2200,1,ERR4566036,WI38,48hpi,1,in vitro,intracellular,singlecell
PB2,272,1733,1,ERR4566036,WI38,48hpi,1,in vitro,intracellular,singlecell
PB2,272,2054,5,ERR4566036,WI38,48hpi,1,in vitro,intracellular,singlecell
PB2,274,1973,2,ERR4566036,WI38,48hpi,1,in vitro,intracellular,singlecell
PB2,275,2004,1,ERR4566036,WI38,48hpi,1,in vitro,intracellular,singlecell
PB2,277,1403,1,ERR4566036,WI38,48hpi,1,in vitro,intracellular,singlecell
PB2,320,1948,1,ERR4566036,WI38,48hpi,1,in vitro,intracellular,singlecell
PB2,334,2069,2,ERR4566036,WI38,48hpi,1,in vitro,intracellular,singlecell
PB2,342,1944,1,ERR4566036,WI38,48hpi,1,in vitro,intracellular,singlecell
PB2,343,1748,1,ERR4566036,WI38,48hpi,1,in vitro,intracellular,singlecell
PB2,451,1744,1,ERR4566036,WI38,48hpi,1,in vitro,intracellular,singlecell
PB2,468,1746,2,ERR4566036,WI38,48hpi,1,in vitro,intracellular,singlecell
PB2,468,1803,1,ERR4566036,WI38,48hpi,1,in vitro,intracellular,singlecell
PB2,498,1742,1,ERR4566036,WI38,48hpi,1,in vitro,intracellular,singlecell
PB2,500,1761,1,ERR4566036,WI38,48hpi,1,in vitro,intracellular,singlecell
PB2,505,1733,1,ERR4566036,WI38,48hpi,1,in vitro,intracellular,singlecell
PB2,535,1743,1,ERR4566036,WI38,48hpi,1,in vitro,intracellular,singlecell
PB2,552,1691,1,ERR4566036,WI38,48hpi,1,in vitro,intracellular,singlecell
PB2,559,1789,1,ERR4566036,WI38,48hpi,1,in vitro,intracellular,singlecell
PB2,566,1743,1,ERR4566036,WI38,48hpi,1,in vitro,intracellular,singlecell
PB2,569,1623,1,ERR4566036,WI38,48hpi,1,in vitro,intracellular,singlecell
PB2,571,627,1,ERR4566036,WI38,48hpi,1,in vitro,intracellular,singlecell
PB2,576,1681,1,ERR4566036,WI38,48hpi,1,in vitro,intracellular,singlecell
PB2,577,1755,3,ERR4566036,WI38,48hpi,1,in vitro,intracellular,singlecell
PB2,655,1532,1,ERR4566036,WI38,48hpi,1,in vitro,intracellular,singlecell
PB2,655,722,1,ERR4566036,WI38,48hpi,1,in vitro,intracellular,singlecell
PB2,670,1528,1,ERR4566036,WI38,48hpi,1,in vitro,intracellular,singlecell
PB2,683,1501,1,ERR4566036,WI38,48hpi,1,in vitro,intracellular,singlecell
PB2,723,792,1,ERR4566036,WI38,48hpi,1,in vitro,intracellular,singlecell
PB2,742,1734,1,ERR4566036,WI38,48hpi,1,in vitro,intracellular,singlecell
PB2,758,1394,1,ERR4566036,WI38,48hpi,1,in vitro,intracellular,singlecell
PB2,788,1733,1,ERR4566036,WI38,48hpi,1,in vitro,intracellular,singlecell
PB2,788,822,1,ERR4566036,WI38,48hpi,1,in vitro,intracellular,singlecell
PB2,826,1424,1,ERR4566036,WI38,48hpi,1,in vitro,intracellular,singlecell
PB2,853,1451,1,ERR4566036,WI38,48hpi,1,in vitro,intracellular,singlecell
PB1,113,2065,1,ERR4566036,WI38,48hpi,1,in vitro,intracellular,singlecell
PB1,116,2168,1,ERR4566036,WI38,48hpi,1,in vitro,intracellular,singlecell
PB1,117,1900,1,ERR4566036,WI38,48hpi,1,in vitro,intracellular,singlecell
PB1,121,2078,1,ERR4566036,WI38,48hpi,1,in vitro,intracellular,singlecell
PB1,121,2163,1,ERR4566036,WI38,48hpi,1,in vitro,intracellular,singlecell
PB1,1231,1489,1,ERR4566036,WI38,48hpi,1,in vitro,intracellular,singlecell
PB1,123,2168,1,ERR4566036,WI38,48hpi,1,in vitro,intracellular,singlecell
PB1,1278,1311,1,ERR4566036,WI38,48hpi,1,in vitro,intracellular,singlecell
PB1,128,1693,1,ERR4566036,WI38,48hpi,1,in vitro,intracellular,singlecell
PB1,129,2196,1,ERR4566036,WI38,48hpi,1,in vitro,intracellular,singlecell
PB1,132,2085,1,ERR4566036,WI38,48hpi,1,in vitro,intracellular,singlecell
PB1,134,181,1,ERR4566036,WI38,48hpi,1,in vitro,intracellular,singlecell
PB1,1367,1474,1,ERR4566036,WI38,48hpi,1,in vitro,intracellular,singlecell
PB1,137,2065,4,ERR4566036,WI38,48hpi,1,in vitro,intracellular,singlecell
PB1,137,2110,5,ERR4566036,WI38,48hpi,1,in vitro,intracellular,singlecell
PB1,144,2168,1,ERR4566036,WI38,48hpi,1,in vitro,intracellular,singlecell
PB1,145,2100,2,ERR4566036,WI38,48hpi,1,in vitro,intracellular,singlecell
PB1,145,2103,5,ERR4566036,WI38,48hpi,1,in vitro,intracellular,singlecell
PB1,146,2115,2,ERR4566036,WI38,48hpi,1,in vitro,intracellular,singlecell
PB1,169,2135,1,ERR4566036,WI38,48hpi,1,in vitro,intracellular,singlecell
PB1,176,2052,1,ERR4566036,WI38,48hpi,1,in vitro,intracellular,singlecell
PB1,179,2110,2,ERR4566036,WI38,48hpi,1,in vitro,intracellular,singlecell
PB1,184,2052,7,ERR4566036,WI38,48hpi,1,in vitro,intracellular,singlecell
PB1,1873,1899,1,ERR4566036,WI38,48hpi,1,in vitro,intracellular,singlecell
PB1,189,2103,1,ERR4566036,WI38,48hpi,1,in vitro,intracellular,singlecell
PB1,190,2115,1,ERR4566036,WI38,48hpi,1,in vitro,intracellular,singlecell
PB1,191,2017,1,ERR4566036,WI38,48hpi,1,in vitro,intracellular,singlecell
PB1,196,2063,1,ERR4566036,WI38,48hpi,1,in vitro,intracellular,singlecell
PB1,1988,2044,1,ERR4566036,WI38,48hpi,1,in vitro,intracellular,singlecell
PB1,198,228,1,ERR4566036,WI38,48hpi,1,in vitro,intracellular,singlecell
PB1,2044,2258,1,ERR4566036,WI38,48hpi,1,in vitro,intracellular,singlecell
PB1,205,1900,1,ERR4566036,WI38,48hpi,1,in vitro,intracellular,singlecell
PB1,2109,2139,1,ERR4566036,WI38,48hpi,1,in vitro,intracellular,singlecell
PB1,2225,2260,1,ERR4566036,WI38,48hpi,1,in vitro,intracellular,singlecell
PB1,222,2018,1,ERR4566036,WI38,48hpi,1,in vitro,intracellular,singlecell
PB1,230,1972,1,ERR4566036,WI38,48hpi,1,in vitro,intracellular,singlecell
PB1,286,1899,4,ERR4566036,WI38,48hpi,1,in vitro,intracellular,singlecell
PB1,321,1916,1,ERR4566036,WI38,48hpi,1,in vitro,intracellular,singlecell
PB1,331,1844,1,ERR4566036,WI38,48hpi,1,in vitro,intracellular,singlecell
PB1,335,2006,1,ERR4566036,WI38,48hpi,1,in vitro,intracellular,singlecell
PB1,336,1969,1,ERR4566036,WI38,48hpi,1,in vitro,intracellular,singlecell
PB1,340,1867,1,ERR4566036,WI38,48hpi,1,in vitro,intracellular,singlecell
PB1,340,1917,1,ERR4566036,WI38,48hpi,1,in vitro,intracellular,singlecell
PB1,351,1947,3,ERR4566036,WI38,48hpi,1,in vitro,intracellular,singlecell
PB1,357,1899,4,ERR4566036,WI38,48hpi,1,in vitro,intracellular,singlecell
PB1,358,1864,1,ERR4566036,WI38,48hpi,1,in vitro,intracellular,singlecell
PB1,359,1836,2,ERR4566036,WI38,48hpi,1,in vitro,intracellular,singlecell
PB1,361,1899,1,ERR4566036,WI38,48hpi,1,in vitro,intracellular,singlecell
PB1,363,1927,1,ERR4566036,WI38,48hpi,1,in vitro,intracellular,singlecell
PB1,364,1847,4,ERR4566036,WI38,48hpi,1,in vitro,intracellular,singlecell
PB1,364,1899,1,ERR4566036,WI38,48hpi,1,in vitro,intracellular,singlecell
PB1,371,1998,3,ERR4566036,WI38,48hpi,1,in vitro,intracellular,singlecell
PB1,371,2024,1,ERR4566036,WI38,48hpi,1,in vitro,intracellular,singlecell
PB1,372,1906,1,ERR4566036,WI38,48hpi,1,in vitro,intracellular,singlecell
PB1,376,1927,1,ERR4566036,WI38,48hpi,1,in vitro,intracellular,singlecell
PB1,378,1938,5,ERR4566036,WI38,48hpi,1,in vitro,intracellular,singlecell
PB1,381,1940,1,ERR4566036,WI38,48hpi,1,in vitro,intracellular,singlecell
PB1,383,1875,1,ERR4566036,WI38,48hpi,1,in vitro,intracellular,singlecell
PB1,388,1906,1,ERR4566036,WI38,48hpi,1,in vitro,intracellular,singlecell
PB1,393,1826,1,ERR4566036,WI38,48hpi,1,in vitro,intracellular,singlecell
PB1,396,1926,1,ERR4566036,WI38,48hpi,1,in vitro,intracellular,singlecell
PB1,397,1931,1,ERR4566036,WI38,48hpi,1,in vitro,intracellular,singlecell
PB1,399,1900,1,ERR4566036,WI38,48hpi,1,in vitro,intracellular,singlecell
PB1,401,1956,1,ERR4566036,WI38,48hpi,1,in vitro,intracellular,singlecell
PB1,410,1876,1,ERR4566036,WI38,48hpi,1,in vitro,intracellular,singlecell
PB1,412,1834,1,ERR4566036,WI38,48hpi,1,in vitro,intracellular,singlecell
PB1,412,2046,1,ERR4566036,WI38,48hpi,1,in vitro,intracellular,singlecell
PB1,45,2032,1,ERR4566036,WI38,48hpi,1,in vitro,intracellular,singlecell
PB1,45,71,1,ERR4566036,WI38,48hpi,1,in vitro,intracellular,singlecell
PB1,471,1792,1,ERR4566036,WI38,48hpi,1,in vitro,intracellular,singlecell
PB1,498,1752,1,ERR4566036,WI38,48hpi,1,in vitro,intracellular,singlecell
PB1,547,1586,1,ERR4566036,WI38,48hpi,1,in vitro,intracellular,singlecell
PB1,548,1861,2,ERR4566036,WI38,48hpi,1,in vitro,intracellular,singlecell
PB1,55,80,1,ERR4566036,WI38,48hpi,1,in vitro,intracellular,singlecell
PB1,58,128,1,ERR4566036,WI38,48hpi,1,in vitro,intracellular,singlecell
PB1,58,81,1,ERR4566036,WI38,48hpi,1,in vitro,intracellular,singlecell
PB1,609,1675,1,ERR4566036,WI38,48hpi,1,in vitro,intracellular,singlecell
PB1,622,650,1,ERR4566036,WI38,48hpi,1,in vitro,intracellular,singlecell
PB1,627,665,1,ERR4566036,WI38,48hpi,1,in vitro,intracellular,singlecell
PB1,638,1676,1,ERR4566036,WI38,48hpi,1,in vitro,intracellular,singlecell
PB1,690,1667,1,ERR4566036,WI38,48hpi,1,in vitro,intracellular,singlecell
PB1,695,1443,1,ERR4566036,WI38,48hpi,1,in vitro,intracellular,singlecell
PB1,725,1438,1,ERR4566036,WI38,48hpi,1,in vitro,intracellular,singlecell
PB1,768,1566,1,ERR4566036,WI38,48hpi,1,in vitro,intracellular,singlecell
PB1,78,1897,1,ERR4566036,WI38,48hpi,1,in vitro,intracellular,singlecell
PB1,78,2054,1,ERR4566036,WI38,48hpi,1,in vitro,intracellular,singlecell
PB1,915,1362,1,ERR4566036,WI38,48hpi,1,in vitro,intracellular,singlecell
PA,126,192,1,ERR4566036,WI38,48hpi,1,in vitro,intracellular,singlecell
PA,126,2075,1,ERR4566036,WI38,48hpi,1,in vitro,intracellular,singlecell
PA,130,2076,1,ERR4566036,WI38,48hpi,1,in vitro,intracellular,singlecell
PA,131,1049,1,ERR4566036,WI38,48hpi,1,in vitro,intracellular,singlecell
PA,136,2060,1,ERR4566036,WI38,48hpi,1,in vitro,intracellular,singlecell
PA,137,1634,1,ERR4566036,WI38,48hpi,1,in vitro,intracellular,singlecell
PA,138,2063,1,ERR4566036,WI38,48hpi,1,in vitro,intracellular,singlecell
PA,140,1954,3,ERR4566036,WI38,48hpi,1,in vitro,intracellular,singlecell
PA,140,1972,3,ERR4566036,WI38,48hpi,1,in vitro,intracellular,singlecell
PA,150,198,1,ERR4566036,WI38,48hpi,1,in vitro,intracellular,singlecell
PA,153,1978,1,ERR4566036,WI38,48hpi,1,in vitro,intracellular,singlecell
PA,154,2062,1,ERR4566036,WI38,48hpi,1,in vitro,intracellular,singlecell
PA,157,258,1,ERR4566036,WI38,48hpi,1,in vitro,intracellular,singlecell
PA,158,1939,1,ERR4566036,WI38,48hpi,1,in vitro,intracellular,singlecell
PA,158,1954,1,ERR4566036,WI38,48hpi,1,in vitro,intracellular,singlecell
PA,158,1958,4,ERR4566036,WI38,48hpi,1,in vitro,intracellular,singlecell
PA,158,200,1,ERR4566036,WI38,48hpi,1,in vitro,intracellular,singlecell
PA,162,1969,1,ERR4566036,WI38,48hpi,1,in vitro,intracellular,singlecell
PA,162,2060,1,ERR4566036,WI38,48hpi,1,in vitro,intracellular,singlecell
PA,1688,1720,1,ERR4566036,WI38,48hpi,1,in vitro,intracellular,singlecell
PA,170,1980,1,ERR4566036,WI38,48hpi,1,in vitro,intracellular,singlecell
PA,171,1964,1,ERR4566036,WI38,48hpi,1,in vitro,intracellular,singlecell
PA,174,1959,1,ERR4566036,WI38,48hpi,1,in vitro,intracellular,singlecell
PA,1801,1907,1,ERR4566036,WI38,48hpi,1,in vitro,intracellular,singlecell
PA,186,2072,1,ERR4566036,WI38,48hpi,1,in vitro,intracellular,singlecell
PA,187,1906,2,ERR4566036,WI38,48hpi,1,in vitro,intracellular,singlecell
PA,189,1952,1,ERR4566036,WI38,48hpi,1,in vitro,intracellular,singlecell
PA,1906,1935,1,ERR4566036,WI38,48hpi,1,in vitro,intracellular,singlecell
PA,190,1925,1,ERR4566036,WI38,48hpi,1,in vitro,intracellular,singlecell
PA,190,1949,16,ERR4566036,WI38,48hpi,1,in vitro,intracellular,singlecell
PA,191,2055,1,ERR4566036,WI38,48hpi,1,in vitro,intracellular,singlecell
PA,192,2075,1,ERR4566036,WI38,48hpi,1,in vitro,intracellular,singlecell
PA,192,215,1,ERR4566036,WI38,48hpi,1,in vitro,intracellular,singlecell
PA,196,233,1,ERR4566036,WI38,48hpi,1,in vitro,intracellular,singlecell
PA,197,2006,1,ERR4566036,WI38,48hpi,1,in vitro,intracellular,singlecell
PA,197,2075,1,ERR4566036,WI38,48hpi,1,in vitro,intracellular,singlecell
PA,197,2076,2,ERR4566036,WI38,48hpi,1,in vitro,intracellular,singlecell
PA,198,2004,1,ERR4566036,WI38,48hpi,1,in vitro,intracellular,singlecell
PA,1997,2132,1,ERR4566036,WI38,48hpi,1,in vitro,intracellular,singlecell
PA,2024,2131,1,ERR4566036,WI38,48hpi,1,in vitro,intracellular,singlecell
PA,2026,2063,2,ERR4566036,WI38,48hpi,1,in vitro,intracellular,singlecell
PA,2050,2074,1,ERR4566036,WI38,48hpi,1,in vitro,intracellular,singlecell
PA,2053,2075,1,ERR4566036,WI38,48hpi,1,in vitro,intracellular,singlecell
PA,206,232,1,ERR4566036,WI38,48hpi,1,in vitro,intracellular,singlecell
PA,220,1907,3,ERR4566036,WI38,48hpi,1,in vitro,intracellular,singlecell
PA,220,1954,1,ERR4566036,WI38,48hpi,1,in vitro,intracellular,singlecell
PA,220,254,1,ERR4566036,WI38,48hpi,1,in vitro,intracellular,singlecell
PA,221,1995,1,ERR4566036,WI38,48hpi,1,in vitro,intracellular,singlecell
PA,232,1846,1,ERR4566036,WI38,48hpi,1,in vitro,intracellular,singlecell
PA,232,1939,7,ERR4566036,WI38,48hpi,1,in vitro,intracellular,singlecell
PA,238,1919,1,ERR4566036,WI38,48hpi,1,in vitro,intracellular,singlecell
PA,240,1925,3,ERR4566036,WI38,48hpi,1,in vitro,intracellular,singlecell
PA,241,2070,1,ERR4566036,WI38,48hpi,1,in vitro,intracellular,singlecell
PA,242,1799,1,ERR4566036,WI38,48hpi,1,in vitro,intracellular,singlecell
PA,245,1916,1,ERR4566036,WI38,48hpi,1,in vitro,intracellular,singlecell
PA,254,1863,2,ERR4566036,WI38,48hpi,1,in vitro,intracellular,singlecell
PA,259,1929,2,ERR4566036,WI38,48hpi,1,in vitro,intracellular,singlecell
PA,263,2070,1,ERR4566036,WI38,48hpi,1,in vitro,intracellular,singlecell
PA,272,1097,1,ERR4566036,WI38,48hpi,1,in vitro,intracellular,singlecell
PA,276,1916,1,ERR4566036,WI38,48hpi,1,in vitro,intracellular,singlecell
PA,278,1716,1,ERR4566036,WI38,48hpi,1,in vitro,intracellular,singlecell
PA,294,1886,1,ERR4566036,WI38,48hpi,1,in vitro,intracellular,singlecell
PA,298,1953,1,ERR4566036,WI38,48hpi,1,in vitro,intracellular,singlecell
PA,299,1915,1,ERR4566036,WI38,48hpi,1,in vitro,intracellular,singlecell
PA,310,1811,1,ERR4566036,WI38,48hpi,1,in vitro,intracellular,singlecell
PA,312,1957,1,ERR4566036,WI38,48hpi,1,in vitro,intracellular,singlecell
PA,348,1756,1,ERR4566036,WI38,48hpi,1,in vitro,intracellular,singlecell
PA,351,1939,2,ERR4566036,WI38,48hpi,1,in vitro,intracellular,singlecell
PA,357,1788,1,ERR4566036,WI38,48hpi,1,in vitro,intracellular,singlecell
PA,387,1760,1,ERR4566036,WI38,48hpi,1,in vitro,intracellular,singlecell
PA,403,1756,1,ERR4566036,WI38,48hpi,1,in vitro,intracellular,singlecell
PA,434,2061,1,ERR4566036,WI38,48hpi,1,in vitro,intracellular,singlecell
PA,439,575,1,ERR4566036,WI38,48hpi,1,in vitro,intracellular,singlecell
PA,444,1859,1,ERR4566036,WI38,48hpi,1,in vitro,intracellular,singlecell
PA,557,1816,1,ERR4566036,WI38,48hpi,1,in vitro,intracellular,singlecell
PA,559,1632,1,ERR4566036,WI38,48hpi,1,in vitro,intracellular,singlecell
PA,574,1535,1,ERR4566036,WI38,48hpi,1,in vitro,intracellular,singlecell
PA,64,100,1,ERR4566036,WI38,48hpi,1,in vitro,intracellular,singlecell
PA,691,1379,1,ERR4566036,WI38,48hpi,1,in vitro,intracellular,singlecell
PA,721,1502,1,ERR4566036,WI38,48hpi,1,in vitro,intracellular,singlecell
PA,829,1952,1,ERR4566036,WI38,48hpi,1,in vitro,intracellular,singlecell
PA,930,1288,1,ERR4566036,WI38,48hpi,1,in vitro,intracellular,singlecell
PA,971,1147,1,ERR4566036,WI38,48hpi,1,in vitro,intracellular,singlecell
HA,1030,1131,1,ERR4566036,WI38,48hpi,1,in vitro,intracellular,singlecell
HA,107,1483,1,ERR4566036,WI38,48hpi,1,in vitro,intracellular,singlecell
HA,1150,1243,1,ERR4566036,WI38,48hpi,1,in vitro,intracellular,singlecell
HA,1255,1296,1,ERR4566036,WI38,48hpi,1,in vitro,intracellular,singlecell
HA,1256,1301,1,ERR4566036,WI38,48hpi,1,in vitro,intracellular,singlecell
HA,1289,1460,1,ERR4566036,WI38,48hpi,1,in vitro,intracellular,singlecell
HA,1318,1365,1,ERR4566036,WI38,48hpi,1,in vitro,intracellular,singlecell
HA,1322,1352,1,ERR4566036,WI38,48hpi,1,in vitro,intracellular,singlecell
HA,1331,1361,1,ERR4566036,WI38,48hpi,1,in vitro,intracellular,singlecell
HA,1342,1368,1,ERR4566036,WI38,48hpi,1,in vitro,intracellular,singlecell
HA,1353,1721,1,ERR4566036,WI38,48hpi,1,in vitro,intracellular,singlecell
HA,135,1418,1,ERR4566036,WI38,48hpi,1,in vitro,intracellular,singlecell
HA,1365,1485,2,ERR4566036,WI38,48hpi,1,in vitro,intracellular,singlecell
HA,1366,1658,1,ERR4566036,WI38,48hpi,1,in vitro,intracellular,singlecell
HA,1399,1482,1,ERR4566036,WI38,48hpi,1,in vitro,intracellular,singlecell
HA,1408,1430,1,ERR4566036,WI38,48hpi,1,in vitro,intracellular,singlecell
HA,140,1522,1,ERR4566036,WI38,48hpi,1,in vitro,intracellular,singlecell
HA,1411,1458,1,ERR4566036,WI38,48hpi,1,in vitro,intracellular,singlecell
HA,1416,1727,1,ERR4566036,WI38,48hpi,1,in vitro,intracellular,singlecell
HA,1421,1479,1,ERR4566036,WI38,48hpi,1,in vitro,intracellular,singlecell
HA,1439,1466,1,ERR4566036,WI38,48hpi,1,in vitro,intracellular,singlecell
HA,1446,1474,1,ERR4566036,WI38,48hpi,1,in vitro,intracellular,singlecell
HA,145,1502,1,ERR4566036,WI38,48hpi,1,in vitro,intracellular,singlecell
HA,147,204,1,ERR4566036,WI38,48hpi,1,in vitro,intracellular,singlecell
HA,1481,1667,1,ERR4566036,WI38,48hpi,1,in vitro,intracellular,singlecell
HA,152,1362,1,ERR4566036,WI38,48hpi,1,in vitro,intracellular,singlecell
HA,1594,1659,1,ERR4566036,WI38,48hpi,1,in vitro,intracellular,singlecell
HA,1633,1659,1,ERR4566036,WI38,48hpi,1,in vitro,intracellular,singlecell
HA,164,1490,1,ERR4566036,WI38,48hpi,1,in vitro,intracellular,singlecell
HA,167,1589,1,ERR4566036,WI38,48hpi,1,in vitro,intracellular,singlecell
HA,1684,1709,1,ERR4566036,WI38,48hpi,1,in vitro,intracellular,singlecell
HA,191,217,1,ERR4566036,WI38,48hpi,1,in vitro,intracellular,singlecell
HA,242,275,1,ERR4566036,WI38,48hpi,1,in vitro,intracellular,singlecell
HA,244,1224,1,ERR4566036,WI38,48hpi,1,in vitro,intracellular,singlecell
HA,250,1346,1,ERR4566036,WI38,48hpi,1,in vitro,intracellular,singlecell
HA,253,1300,1,ERR4566036,WI38,48hpi,1,in vitro,intracellular,singlecell
HA,253,1536,1,ERR4566036,WI38,48hpi,1,in vitro,intracellular,singlecell
HA,255,373,2,ERR4566036,WI38,48hpi,1,in vitro,intracellular,singlecell
HA,265,1395,1,ERR4566036,WI38,48hpi,1,in vitro,intracellular,singlecell
HA,278,319,1,ERR4566036,WI38,48hpi,1,in vitro,intracellular,singlecell
HA,280,372,1,ERR4566036,WI38,48hpi,1,in vitro,intracellular,singlecell
HA,282,431,1,ERR4566036,WI38,48hpi,1,in vitro,intracellular,singlecell
HA,283,1329,1,ERR4566036,WI38,48hpi,1,in vitro,intracellular,singlecell
HA,296,1336,1,ERR4566036,WI38,48hpi,1,in vitro,intracellular,singlecell
HA,307,375,1,ERR4566036,WI38,48hpi,1,in vitro,intracellular,singlecell
HA,329,1364,1,ERR4566036,WI38,48hpi,1,in vitro,intracellular,singlecell
HA,348,1227,1,ERR4566036,WI38,48hpi,1,in vitro,intracellular,singlecell
HA,363,598,1,ERR4566036,WI38,48hpi,1,in vitro,intracellular,singlecell
HA,404,1285,1,ERR4566036,WI38,48hpi,1,in vitro,intracellular,singlecell
HA,457,560,1,ERR4566036,WI38,48hpi,1,in vitro,intracellular,singlecell
HA,459,1191,1,ERR4566036,WI38,48hpi,1,in vitro,intracellular,singlecell
HA,465,1224,1,ERR4566036,WI38,48hpi,1,in vitro,intracellular,singlecell
HA,47,97,1,ERR4566036,WI38,48hpi,1,in vitro,intracellular,singlecell
HA,48,77,1,ERR4566036,WI38,48hpi,1,in vitro,intracellular,singlecell
HA,518,1099,1,ERR4566036,WI38,48hpi,1,in vitro,intracellular,singlecell
HA,551,1027,1,ERR4566036,WI38,48hpi,1,in vitro,intracellular,singlecell
HA,563,1081,1,ERR4566036,WI38,48hpi,1,in vitro,intracellular,singlecell
HA,574,1110,1,ERR4566036,WI38,48hpi,1,in vitro,intracellular,singlecell
HA,59,351,1,ERR4566036,WI38,48hpi,1,in vitro,intracellular,singlecell
HA,627,659,1,ERR4566036,WI38,48hpi,1,in vitro,intracellular,singlecell
HA,629,952,1,ERR4566036,WI38,48hpi,1,in vitro,intracellular,singlecell
HA,640,1133,1,ERR4566036,WI38,48hpi,1,in vitro,intracellular,singlecell
HA,648,870,1,ERR4566036,WI38,48hpi,1,in vitro,intracellular,singlecell
HA,715,1015,1,ERR4566036,WI38,48hpi,1,in vitro,intracellular,singlecell
HA,722,783,1,ERR4566036,WI38,48hpi,1,in vitro,intracellular,singlecell
HA,743,1047,1,ERR4566036,WI38,48hpi,1,in vitro,intracellular,singlecell
HA,749,922,1,ERR4566036,WI38,48hpi,1,in vitro,intracellular,singlecell
HA,778,1068,1,ERR4566036,WI38,48hpi,1,in vitro,intracellular,singlecell
HA,800,881,1,ERR4566036,WI38,48hpi,1,in vitro,intracellular,singlecell
HA,826,872,1,ERR4566036,WI38,48hpi,1,in vitro,intracellular,singlecell
HA,828,857,1,ERR4566036,WI38,48hpi,1,in vitro,intracellular,singlecell
HA,863,1537,1,ERR4566036,WI38,48hpi,1,in vitro,intracellular,singlecell
HA,86,550,1,ERR4566036,WI38,48hpi,1,in vitro,intracellular,singlecell
HA,927,1644,1,ERR4566036,WI38,48hpi,1,in vitro,intracellular,singlecell
HA,94,1117,1,ERR4566036,WI38,48hpi,1,in vitro,intracellular,singlecell
HA,988,1120,1,ERR4566036,WI38,48hpi,1,in vitro,intracellular,singlecell
NP,1065,1149,1,ERR4566036,WI38,48hpi,1,in vitro,intracellular,singlecell
NP,1087,1130,1,ERR4566036,WI38,48hpi,1,in vitro,intracellular,singlecell
NP,1141,1373,1,ERR4566036,WI38,48hpi,1,in vitro,intracellular,singlecell
NP,1167,1189,2,ERR4566036,WI38,48hpi,1,in vitro,intracellular,singlecell
NP,1192,1295,1,ERR4566036,WI38,48hpi,1,in vitro,intracellular,singlecell
NP,1226,1274,1,ERR4566036,WI38,48hpi,1,in vitro,intracellular,singlecell
NP,1262,1284,1,ERR4566036,WI38,48hpi,1,in vitro,intracellular,singlecell
NP,1269,1310,1,ERR4566036,WI38,48hpi,1,in vitro,intracellular,singlecell
NP,1273,1329,1,ERR4566036,WI38,48hpi,1,in vitro,intracellular,singlecell
NP,1308,1349,1,ERR4566036,WI38,48hpi,1,in vitro,intracellular,singlecell
NP,1337,1366,1,ERR4566036,WI38,48hpi,1,in vitro,intracellular,singlecell
NP,158,1255,1,ERR4566036,WI38,48hpi,1,in vitro,intracellular,singlecell
NP,170,1323,1,ERR4566036,WI38,48hpi,1,in vitro,intracellular,singlecell
NP,171,1305,1,ERR4566036,WI38,48hpi,1,in vitro,intracellular,singlecell
NP,225,296,1,ERR4566036,WI38,48hpi,1,in vitro,intracellular,singlecell
NP,267,312,1,ERR4566036,WI38,48hpi,1,in vitro,intracellular,singlecell
NP,274,1200,1,ERR4566036,WI38,48hpi,1,in vitro,intracellular,singlecell
NP,279,1271,1,ERR4566036,WI38,48hpi,1,in vitro,intracellular,singlecell
NP,288,314,1,ERR4566036,WI38,48hpi,1,in vitro,intracellular,singlecell
NP,296,531,5,ERR4566036,WI38,48hpi,1,in vitro,intracellular,singlecell
NP,311,1317,1,ERR4566036,WI38,48hpi,1,in vitro,intracellular,singlecell
NP,324,1163,1,ERR4566036,WI38,48hpi,1,in vitro,intracellular,singlecell
NP,325,578,2,ERR4566036,WI38,48hpi,1,in vitro,intracellular,singlecell
NP,328,451,4,ERR4566036,WI38,48hpi,1,in vitro,intracellular,singlecell
NP,332,1099,1,ERR4566036,WI38,48hpi,1,in vitro,intracellular,singlecell
NP,333,388,1,ERR4566036,WI38,48hpi,1,in vitro,intracellular,singlecell
NP,336,414,1,ERR4566036,WI38,48hpi,1,in vitro,intracellular,singlecell
NP,338,1180,1,ERR4566036,WI38,48hpi,1,in vitro,intracellular,singlecell
NP,341,570,2,ERR4566036,WI38,48hpi,1,in vitro,intracellular,singlecell
NP,347,1108,1,ERR4566036,WI38,48hpi,1,in vitro,intracellular,singlecell
NP,371,1119,1,ERR4566036,WI38,48hpi,1,in vitro,intracellular,singlecell
NP,393,1278,1,ERR4566036,WI38,48hpi,1,in vitro,intracellular,singlecell
NP,420,1107,1,ERR4566036,WI38,48hpi,1,in vitro,intracellular,singlecell
NP,428,1281,1,ERR4566036,WI38,48hpi,1,in vitro,intracellular,singlecell
NP,433,550,1,ERR4566036,WI38,48hpi,1,in vitro,intracellular,singlecell
NP,447,990,1,ERR4566036,WI38,48hpi,1,in vitro,intracellular,singlecell
NP,451,1173,1,ERR4566036,WI38,48hpi,1,in vitro,intracellular,singlecell
NP,451,970,1,ERR4566036,WI38,48hpi,1,in vitro,intracellular,singlecell
NP,453,1103,1,ERR4566036,WI38,48hpi,1,in vitro,intracellular,singlecell
NP,454,1219,1,ERR4566036,WI38,48hpi,1,in vitro,intracellular,singlecell
NP,458,898,1,ERR4566036,WI38,48hpi,1,in vitro,intracellular,singlecell
NP,463,575,1,ERR4566036,WI38,48hpi,1,in vitro,intracellular,singlecell
NP,465,1145,1,ERR4566036,WI38,48hpi,1,in vitro,intracellular,singlecell
NP,473,1148,1,ERR4566036,WI38,48hpi,1,in vitro,intracellular,singlecell
NP,484,512,1,ERR4566036,WI38,48hpi,1,in vitro,intracellular,singlecell
NP,497,539,1,ERR4566036,WI38,48hpi,1,in vitro,intracellular,singlecell
NP,505,1086,1,ERR4566036,WI38,48hpi,1,in vitro,intracellular,singlecell
NP,507,1136,1,ERR4566036,WI38,48hpi,1,in vitro,intracellular,singlecell
NP,521,998,1,ERR4566036,WI38,48hpi,1,in vitro,intracellular,singlecell
NP,523,547,1,ERR4566036,WI38,48hpi,1,in vitro,intracellular,singlecell
NP,525,583,1,ERR4566036,WI38,48hpi,1,in vitro,intracellular,singlecell
NP,538,1003,1,ERR4566036,WI38,48hpi,1,in vitro,intracellular,singlecell
NP,539,589,1,ERR4566036,WI38,48hpi,1,in vitro,intracellular,singlecell
NP,541,1080,1,ERR4566036,WI38,48hpi,1,in vitro,intracellular,singlecell
NP,548,583,1,ERR4566036,WI38,48hpi,1,in vitro,intracellular,singlecell
NP,548,719,1,ERR4566036,WI38,48hpi,1,in vitro,intracellular,singlecell
NP,548,815,1,ERR4566036,WI38,48hpi,1,in vitro,intracellular,singlecell
NP,551,676,1,ERR4566036,WI38,48hpi,1,in vitro,intracellular,singlecell
NP,552,932,1,ERR4566036,WI38,48hpi,1,in vitro,intracellular,singlecell
NP,561,821,1,ERR4566036,WI38,48hpi,1,in vitro,intracellular,singlecell
NP,562,1059,1,ERR4566036,WI38,48hpi,1,in vitro,intracellular,singlecell
NP,563,898,1,ERR4566036,WI38,48hpi,1,in vitro,intracellular,singlecell
NP,565,841,1,ERR4566036,WI38,48hpi,1,in vitro,intracellular,singlecell
NP,577,1033,1,ERR4566036,WI38,48hpi,1,in vitro,intracellular,singlecell
NP,577,1162,1,ERR4566036,WI38,48hpi,1,in vitro,intracellular,singlecell
NP,582,717,1,ERR4566036,WI38,48hpi,1,in vitro,intracellular,singlecell
NP,582,821,1,ERR4566036,WI38,48hpi,1,in vitro,intracellular,singlecell
NP,586,898,1,ERR4566036,WI38,48hpi,1,in vitro,intracellular,singlecell
NP,618,902,1,ERR4566036,WI38,48hpi,1,in vitro,intracellular,singlecell
NP,623,757,1,ERR4566036,WI38,48hpi,1,in vitro,intracellular,singlecell
NP,636,1067,1,ERR4566036,WI38,48hpi,1,in vitro,intracellular,singlecell
NP,661,759,1,ERR4566036,WI38,48hpi,1,in vitro,intracellular,singlecell
NP,670,1311,1,ERR4566036,WI38,48hpi,1,in vitro,intracellular,singlecell
NP,677,786,1,ERR4566036,WI38,48hpi,1,in vitro,intracellular,singlecell
NP,698,834,1,ERR4566036,WI38,48hpi,1,in vitro,intracellular,singlecell
NP,738,833,1,ERR4566036,WI38,48hpi,1,in vitro,intracellular,singlecell
NP,742,846,1,ERR4566036,WI38,48hpi,1,in vitro,intracellular,singlecell
NP,754,776,1,ERR4566036,WI38,48hpi,1,in vitro,intracellular,singlecell
NP,754,821,1,ERR4566036,WI38,48hpi,1,in vitro,intracellular,singlecell
NP,768,841,1,ERR4566036,WI38,48hpi,1,in vitro,intracellular,singlecell
NP,769,800,1,ERR4566036,WI38,48hpi,1,in vitro,intracellular,singlecell
NP,776,807,1,ERR4566036,WI38,48hpi,1,in vitro,intracellular,singlecell
NP,777,829,1,ERR4566036,WI38,48hpi,1,in vitro,intracellular,singlecell
NP,788,831,1,ERR4566036,WI38,48hpi,1,in vitro,intracellular,singlecell
NP,798,859,1,ERR4566036,WI38,48hpi,1,in vitro,intracellular,singlecell
NP,83,736,1,ERR4566036,WI38,48hpi,1,in vitro,intracellular,singlecell
NP,854,907,1,ERR4566036,WI38,48hpi,1,in vitro,intracellular,singlecell
NP,870,1278,1,ERR4566036,WI38,48hpi,1,in vitro,intracellular,singlecell
NP,88,239,1,ERR4566036,WI38,48hpi,1,in vitro,intracellular,singlecell
NP,899,967,1,ERR4566036,WI38,48hpi,1,in vitro,intracellular,singlecell
NP,90,1165,1,ERR4566036,WI38,48hpi,1,in vitro,intracellular,singlecell
NP,912,947,1,ERR4566036,WI38,48hpi,1,in vitro,intracellular,singlecell
NP,948,984,1,ERR4566036,WI38,48hpi,1,in vitro,intracellular,singlecell
NP,985,1180,1,ERR4566036,WI38,48hpi,1,in vitro,intracellular,singlecell
NA,305,340,1,ERR4566036,WI38,48hpi,1,in vitro,intracellular,singlecell
NA,356,929,1,ERR4566036,WI38,48hpi,1,in vitro,intracellular,singlecell
NA,382,1268,1,ERR4566036,WI38,48hpi,1,in vitro,intracellular,singlecell
NA,566,637,1,ERR4566036,WI38,48hpi,1,in vitro,intracellular,singlecell
NA,566,784,1,ERR4566036,WI38,48hpi,1,in vitro,intracellular,singlecell
NA,64,91,1,ERR4566036,WI38,48hpi,1,in vitro,intracellular,singlecell
NA,925,955,1,ERR4566036,WI38,48hpi,1,in vitro,intracellular,singlecell
M,155,835,1,ERR4566036,WI38,48hpi,1,in vitro,intracellular,singlecell
M,158,278,1,ERR4566036,WI38,48hpi,1,in vitro,intracellular,singlecell
M,232,258,1,ERR4566036,WI38,48hpi,1,in vitro,intracellular,singlecell
M,264,610,1,ERR4566036,WI38,48hpi,1,in vitro,intracellular,singlecell
M,304,603,1,ERR4566036,WI38,48hpi,1,in vitro,intracellular,singlecell
M,368,390,1,ERR4566036,WI38,48hpi,1,in vitro,intracellular,singlecell
M,380,551,1,ERR4566036,WI38,48hpi,1,in vitro,intracellular,singlecell
M,414,641,1,ERR4566036,WI38,48hpi,1,in vitro,intracellular,singlecell
M,421,456,1,ERR4566036,WI38,48hpi,1,in vitro,intracellular,singlecell
M,52,741,3,ERR4566036,WI38,48hpi,1,in vitro,intracellular,singlecell
M,57,103,1,ERR4566036,WI38,48hpi,1,in vitro,intracellular,singlecell
NS,143,731,1,ERR4566036,WI38,48hpi,1,in vitro,intracellular,singlecell
NS,57,530,14,ERR4566036,WI38,48hpi,1,in vitro,intracellular,singlecell
NS,585,609,1,ERR4566036,WI38,48hpi,1,in vitro,intracellular,singlecell
NS,729,767,1,ERR4566036,WI38,48hpi,1,in vitro,intracellular,singlecell
NS,749,779,1,ERR4566036,WI38,48hpi,1,in vitro,intracellular,singlecell
NS,88,655,1,ERR4566036,WI38,48hpi,1,in vitro,intracellular,singlecell
PB2,1022,1136,1,ERR4566037,WI38,48hpi,2,in vitro,intracellular,singlecell
PB2,1033,2108,1,ERR4566037,WI38,48hpi,2,in vitro,intracellular,singlecell
PB2,104,139,1,ERR4566037,WI38,48hpi,2,in vitro,intracellular,singlecell
PB2,123,1977,1,ERR4566037,WI38,48hpi,2,in vitro,intracellular,singlecell
PB2,1503,1579,1,ERR4566037,WI38,48hpi,2,in vitro,intracellular,singlecell
PB2,1514,1628,1,ERR4566037,WI38,48hpi,2,in vitro,intracellular,singlecell
PB2,1544,1573,1,ERR4566037,WI38,48hpi,2,in vitro,intracellular,singlecell
PB2,1560,1607,1,ERR4566037,WI38,48hpi,2,in vitro,intracellular,singlecell
PB2,162,2120,1,ERR4566037,WI38,48hpi,2,in vitro,intracellular,singlecell
PB2,162,2125,3,ERR4566037,WI38,48hpi,2,in vitro,intracellular,singlecell
PB2,163,2126,2,ERR4566037,WI38,48hpi,2,in vitro,intracellular,singlecell
PB2,1676,1784,1,ERR4566037,WI38,48hpi,2,in vitro,intracellular,singlecell
PB2,1696,1747,1,ERR4566037,WI38,48hpi,2,in vitro,intracellular,singlecell
PB2,1716,2147,1,ERR4566037,WI38,48hpi,2,in vitro,intracellular,singlecell
PB2,173,2108,1,ERR4566037,WI38,48hpi,2,in vitro,intracellular,singlecell
PB2,176,2039,1,ERR4566037,WI38,48hpi,2,in vitro,intracellular,singlecell
PB2,176,2052,3,ERR4566037,WI38,48hpi,2,in vitro,intracellular,singlecell
PB2,177,2141,2,ERR4566037,WI38,48hpi,2,in vitro,intracellular,singlecell
PB2,184,413,1,ERR4566037,WI38,48hpi,2,in vitro,intracellular,singlecell
PB2,187,2107,1,ERR4566037,WI38,48hpi,2,in vitro,intracellular,singlecell
PB2,190,2116,1,ERR4566037,WI38,48hpi,2,in vitro,intracellular,singlecell
PB2,190,2206,1,ERR4566037,WI38,48hpi,2,in vitro,intracellular,singlecell
PB2,198,2024,1,ERR4566037,WI38,48hpi,2,in vitro,intracellular,singlecell
PB2,203,2043,1,ERR4566037,WI38,48hpi,2,in vitro,intracellular,singlecell
PB2,2115,2262,1,ERR4566037,WI38,48hpi,2,in vitro,intracellular,singlecell
PB2,214,2003,1,ERR4566037,WI38,48hpi,2,in vitro,intracellular,singlecell
PB2,2150,2176,1,ERR4566037,WI38,48hpi,2,in vitro,intracellular,singlecell
PB2,220,2096,1,ERR4566037,WI38,48hpi,2,in vitro,intracellular,singlecell
PB2,222,2193,1,ERR4566037,WI38,48hpi,2,in vitro,intracellular,singlecell
PB2,225,2119,1,ERR4566037,WI38,48hpi,2,in vitro,intracellular,singlecell
PB2,225,2200,1,ERR4566037,WI38,48hpi,2,in vitro,intracellular,singlecell
PB2,226,2020,1,ERR4566037,WI38,48hpi,2,in vitro,intracellular,singlecell
PB2,226,2058,1,ERR4566037,WI38,48hpi,2,in vitro,intracellular,singlecell
PB2,240,2028,1,ERR4566037,WI38,48hpi,2,in vitro,intracellular,singlecell
PB2,247,2129,1,ERR4566037,WI38,48hpi,2,in vitro,intracellular,singlecell
PB2,272,2054,2,ERR4566037,WI38,48hpi,2,in vitro,intracellular,singlecell
PB2,274,1973,2,ERR4566037,WI38,48hpi,2,in vitro,intracellular,singlecell
PB2,275,2004,1,ERR4566037,WI38,48hpi,2,in vitro,intracellular,singlecell
PB2,276,1921,1,ERR4566037,WI38,48hpi,2,in vitro,intracellular,singlecell
PB2,277,1403,6,ERR4566037,WI38,48hpi,2,in vitro,intracellular,singlecell
PB2,278,2178,1,ERR4566037,WI38,48hpi,2,in vitro,intracellular,singlecell
PB2,297,1959,1,ERR4566037,WI38,48hpi,2,in vitro,intracellular,singlecell
PB2,304,1932,1,ERR4566037,WI38,48hpi,2,in vitro,intracellular,singlecell
PB2,320,1948,2,ERR4566037,WI38,48hpi,2,in vitro,intracellular,singlecell
PB2,328,2003,1,ERR4566037,WI38,48hpi,2,in vitro,intracellular,singlecell
PB2,334,1948,1,ERR4566037,WI38,48hpi,2,in vitro,intracellular,singlecell
PB2,334,2069,2,ERR4566037,WI38,48hpi,2,in vitro,intracellular,singlecell
PB2,342,1944,1,ERR4566037,WI38,48hpi,2,in vitro,intracellular,singlecell
PB2,352,1909,1,ERR4566037,WI38,48hpi,2,in vitro,intracellular,singlecell
PB2,421,1764,1,ERR4566037,WI38,48hpi,2,in vitro,intracellular,singlecell
PB2,437,1691,1,ERR4566037,WI38,48hpi,2,in vitro,intracellular,singlecell
PB2,450,1742,1,ERR4566037,WI38,48hpi,2,in vitro,intracellular,singlecell
PB2,453,1789,1,ERR4566037,WI38,48hpi,2,in vitro,intracellular,singlecell
PB2,456,2169,1,ERR4566037,WI38,48hpi,2,in vitro,intracellular,singlecell
PB2,466,535,1,ERR4566037,WI38,48hpi,2,in vitro,intracellular,singlecell
PB2,468,1746,3,ERR4566037,WI38,48hpi,2,in vitro,intracellular,singlecell
PB2,468,1793,2,ERR4566037,WI38,48hpi,2,in vitro,intracellular,singlecell
PB2,473,1701,1,ERR4566037,WI38,48hpi,2,in vitro,intracellular,singlecell
PB2,473,1714,1,ERR4566037,WI38,48hpi,2,in vitro,intracellular,singlecell
PB2,481,1825,1,ERR4566037,WI38,48hpi,2,in vitro,intracellular,singlecell
PB2,485,1443,1,ERR4566037,WI38,48hpi,2,in vitro,intracellular,singlecell
PB2,485,1750,1,ERR4566037,WI38,48hpi,2,in vitro,intracellular,singlecell
PB2,497,1801,1,ERR4566037,WI38,48hpi,2,in vitro,intracellular,singlecell
PB2,498,1742,1,ERR4566037,WI38,48hpi,2,in vitro,intracellular,singlecell
PB2,499,1814,1,ERR4566037,WI38,48hpi,2,in vitro,intracellular,singlecell
PB2,524,1759,1,ERR4566037,WI38,48hpi,2,in vitro,intracellular,singlecell
PB2,533,574,1,ERR4566037,WI38,48hpi,2,in vitro,intracellular,singlecell
PB2,573,1777,1,ERR4566037,WI38,48hpi,2,in vitro,intracellular,singlecell
PB2,577,1710,1,ERR4566037,WI38,48hpi,2,in vitro,intracellular,singlecell
PB2,577,1755,2,ERR4566037,WI38,48hpi,2,in vitro,intracellular,singlecell
PB2,640,680,1,ERR4566037,WI38,48hpi,2,in vitro,intracellular,singlecell
PB2,644,1504,1,ERR4566037,WI38,48hpi,2,in vitro,intracellular,singlecell
PB2,671,1607,1,ERR4566037,WI38,48hpi,2,in vitro,intracellular,singlecell
PB2,698,1432,1,ERR4566037,WI38,48hpi,2,in vitro,intracellular,singlecell
PB2,714,1659,1,ERR4566037,WI38,48hpi,2,in vitro,intracellular,singlecell
PB2,758,1473,1,ERR4566037,WI38,48hpi,2,in vitro,intracellular,singlecell
PB2,759,1407,1,ERR4566037,WI38,48hpi,2,in vitro,intracellular,singlecell
PB2,809,1772,1,ERR4566037,WI38,48hpi,2,in vitro,intracellular,singlecell
PB2,855,890,1,ERR4566037,WI38,48hpi,2,in vitro,intracellular,singlecell
PB2,894,2151,2,ERR4566037,WI38,48hpi,2,in vitro,intracellular,singlecell
PB2,919,1065,1,ERR4566037,WI38,48hpi,2,in vitro,intracellular,singlecell
PB2,923,1329,1,ERR4566037,WI38,48hpi,2,in vitro,intracellular,singlecell
PB2,992,1026,1,ERR4566037,WI38,48hpi,2,in vitro,intracellular,singlecell
PB1,1003,1309,1,ERR4566037,WI38,48hpi,2,in vitro,intracellular,singlecell
PB1,102,148,1,ERR4566037,WI38,48hpi,2,in vitro,intracellular,singlecell
PB1,1080,1106,1,ERR4566037,WI38,48hpi,2,in vitro,intracellular,singlecell
PB1,1109,1247,1,ERR4566037,WI38,48hpi,2,in vitro,intracellular,singlecell
PB1,112,2221,1,ERR4566037,WI38,48hpi,2,in vitro,intracellular,singlecell
PB1,114,2204,1,ERR4566037,WI38,48hpi,2,in vitro,intracellular,singlecell
PB1,115,163,1,ERR4566037,WI38,48hpi,2,in vitro,intracellular,singlecell
PB1,116,2167,4,ERR4566037,WI38,48hpi,2,in vitro,intracellular,singlecell
PB1,116,2168,2,ERR4566037,WI38,48hpi,2,in vitro,intracellular,singlecell
PB1,117,2193,1,ERR4566037,WI38,48hpi,2,in vitro,intracellular,singlecell
PB1,121,2058,1,ERR4566037,WI38,48hpi,2,in vitro,intracellular,singlecell
PB1,121,2100,1,ERR4566037,WI38,48hpi,2,in vitro,intracellular,singlecell
PB1,121,2163,1,ERR4566037,WI38,48hpi,2,in vitro,intracellular,singlecell
PB1,122,2159,1,ERR4566037,WI38,48hpi,2,in vitro,intracellular,singlecell
PB1,123,2168,1,ERR4566037,WI38,48hpi,2,in vitro,intracellular,singlecell
PB1,123,2177,1,ERR4566037,WI38,48hpi,2,in vitro,intracellular,singlecell
PB1,1290,1354,1,ERR4566037,WI38,48hpi,2,in vitro,intracellular,singlecell
PB1,134,2167,1,ERR4566037,WI38,48hpi,2,in vitro,intracellular,singlecell
PB1,137,1617,1,ERR4566037,WI38,48hpi,2,in vitro,intracellular,singlecell
PB1,137,1829,1,ERR4566037,WI38,48hpi,2,in vitro,intracellular,singlecell
PB1,137,2065,6,ERR4566037,WI38,48hpi,2,in vitro,intracellular,singlecell
PB1,137,2110,10,ERR4566037,WI38,48hpi,2,in vitro,intracellular,singlecell
PB1,137,2138,1,ERR4566037,WI38,48hpi,2,in vitro,intracellular,singlecell
PB1,137,2165,1,ERR4566037,WI38,48hpi,2,in vitro,intracellular,singlecell
PB1,137,2180,1,ERR4566037,WI38,48hpi,2,in vitro,intracellular,singlecell
PB1,141,202,1,ERR4566037,WI38,48hpi,2,in vitro,intracellular,singlecell
PB1,1437,1715,1,ERR4566037,WI38,48hpi,2,in vitro,intracellular,singlecell
PB1,144,2103,4,ERR4566037,WI38,48hpi,2,in vitro,intracellular,singlecell
PB1,145,2103,9,ERR4566037,WI38,48hpi,2,in vitro,intracellular,singlecell
PB1,146,2082,3,ERR4566037,WI38,48hpi,2,in vitro,intracellular,singlecell
PB1,1535,1578,1,ERR4566037,WI38,48hpi,2,in vitro,intracellular,singlecell
PB1,158,2168,1,ERR4566037,WI38,48hpi,2,in vitro,intracellular,singlecell
PB1,1694,1726,1,ERR4566037,WI38,48hpi,2,in vitro,intracellular,singlecell
PB1,170,1989,1,ERR4566037,WI38,48hpi,2,in vitro,intracellular,singlecell
PB1,179,2110,1,ERR4566037,WI38,48hpi,2,in vitro,intracellular,singlecell
PB1,1846,1899,1,ERR4566037,WI38,48hpi,2,in vitro,intracellular,singlecell
PB1,184,2052,14,ERR4566037,WI38,48hpi,2,in vitro,intracellular,singlecell
PB1,1862,2052,1,ERR4566037,WI38,48hpi,2,in vitro,intracellular,singlecell
PB1,189,2103,1,ERR4566037,WI38,48hpi,2,in vitro,intracellular,singlecell
PB1,190,2037,1,ERR4566037,WI38,48hpi,2,in vitro,intracellular,singlecell
PB1,1953,2008,1,ERR4566037,WI38,48hpi,2,in vitro,intracellular,singlecell
PB1,1963,2007,1,ERR4566037,WI38,48hpi,2,in vitro,intracellular,singlecell
PB1,1984,2049,1,ERR4566037,WI38,48hpi,2,in vitro,intracellular,singlecell
PB1,1986,2021,2,ERR4566037,WI38,48hpi,2,in vitro,intracellular,singlecell
PB1,2002,2100,3,ERR4566037,WI38,48hpi,2,in vitro,intracellular,singlecell
PB1,208,233,1,ERR4566037,WI38,48hpi,2,in vitro,intracellular,singlecell
PB1,2108,2146,1,ERR4566037,WI38,48hpi,2,in vitro,intracellular,singlecell
PB1,2149,2257,1,ERR4566037,WI38,48hpi,2,in vitro,intracellular,singlecell
PB1,2152,2227,1,ERR4566037,WI38,48hpi,2,in vitro,intracellular,singlecell
PB1,219,2208,1,ERR4566037,WI38,48hpi,2,in vitro,intracellular,singlecell
PB1,2235,2257,1,ERR4566037,WI38,48hpi,2,in vitro,intracellular,singlecell
PB1,227,1766,1,ERR4566037,WI38,48hpi,2,in vitro,intracellular,singlecell
PB1,231,2111,2,ERR4566037,WI38,48hpi,2,in vitro,intracellular,singlecell
PB1,252,1924,1,ERR4566037,WI38,48hpi,2,in vitro,intracellular,singlecell
PB1,254,1941,1,ERR4566037,WI38,48hpi,2,in vitro,intracellular,singlecell
PB1,255,2093,1,ERR4566037,WI38,48hpi,2,in vitro,intracellular,singlecell
PB1,268,1913,1,ERR4566037,WI38,48hpi,2,in vitro,intracellular,singlecell
PB1,270,1899,1,ERR4566037,WI38,48hpi,2,in vitro,intracellular,singlecell
PB1,286,1899,5,ERR4566037,WI38,48hpi,2,in vitro,intracellular,singlecell
PB1,325,1931,1,ERR4566037,WI38,48hpi,2,in vitro,intracellular,singlecell
PB1,334,1899,2,ERR4566037,WI38,48hpi,2,in vitro,intracellular,singlecell
PB1,336,1875,1,ERR4566037,WI38,48hpi,2,in vitro,intracellular,singlecell
PB1,336,1922,1,ERR4566037,WI38,48hpi,2,in vitro,intracellular,singlecell
PB1,344,1899,1,ERR4566037,WI38,48hpi,2,in vitro,intracellular,singlecell
PB1,346,1821,1,ERR4566037,WI38,48hpi,2,in vitro,intracellular,singlecell
PB1,348,1900,2,ERR4566037,WI38,48hpi,2,in vitro,intracellular,singlecell
PB1,349,1899,1,ERR4566037,WI38,48hpi,2,in vitro,intracellular,singlecell
PB1,350,1954,1,ERR4566037,WI38,48hpi,2,in vitro,intracellular,singlecell
PB1,351,1884,2,ERR4566037,WI38,48hpi,2,in vitro,intracellular,singlecell
PB1,351,1947,2,ERR4566037,WI38,48hpi,2,in vitro,intracellular,singlecell
PB1,357,1899,5,ERR4566037,WI38,48hpi,2,in vitro,intracellular,singlecell
PB1,357,1948,1,ERR4566037,WI38,48hpi,2,in vitro,intracellular,singlecell
PB1,359,1836,2,ERR4566037,WI38,48hpi,2,in vitro,intracellular,singlecell
PB1,363,1946,1,ERR4566037,WI38,48hpi,2,in vitro,intracellular,singlecell
PB1,364,1847,3,ERR4566037,WI38,48hpi,2,in vitro,intracellular,singlecell
PB1,364,1874,1,ERR4566037,WI38,48hpi,2,in vitro,intracellular,singlecell
PB1,367,1898,1,ERR4566037,WI38,48hpi,2,in vitro,intracellular,singlecell
PB1,374,2014,1,ERR4566037,WI38,48hpi,2,in vitro,intracellular,singlecell
PB1,375,1826,1,ERR4566037,WI38,48hpi,2,in vitro,intracellular,singlecell
PB1,376,1907,1,ERR4566037,WI38,48hpi,2,in vitro,intracellular,singlecell
PB1,378,1938,4,ERR4566037,WI38,48hpi,2,in vitro,intracellular,singlecell
PB1,381,1821,1,ERR4566037,WI38,48hpi,2,in vitro,intracellular,singlecell
PB1,381,1858,1,ERR4566037,WI38,48hpi,2,in vitro,intracellular,singlecell
PB1,383,1295,1,ERR4566037,WI38,48hpi,2,in vitro,intracellular,singlecell
PB1,383,1875,3,ERR4566037,WI38,48hpi,2,in vitro,intracellular,singlecell
PB1,383,1932,1,ERR4566037,WI38,48hpi,2,in vitro,intracellular,singlecell
PB1,385,1926,1,ERR4566037,WI38,48hpi,2,in vitro,intracellular,singlecell
PB1,388,1944,1,ERR4566037,WI38,48hpi,2,in vitro,intracellular,singlecell
PB1,399,1900,1,ERR4566037,WI38,48hpi,2,in vitro,intracellular,singlecell
PB1,400,1844,1,ERR4566037,WI38,48hpi,2,in vitro,intracellular,singlecell
PB1,410,1812,1,ERR4566037,WI38,48hpi,2,in vitro,intracellular,singlecell
PB1,410,1844,1,ERR4566037,WI38,48hpi,2,in vitro,intracellular,singlecell
PB1,411,1834,1,ERR4566037,WI38,48hpi,2,in vitro,intracellular,singlecell
PB1,412,1759,1,ERR4566037,WI38,48hpi,2,in vitro,intracellular,singlecell
PB1,412,1899,1,ERR4566037,WI38,48hpi,2,in vitro,intracellular,singlecell
PB1,415,1773,1,ERR4566037,WI38,48hpi,2,in vitro,intracellular,singlecell
PB1,418,1827,1,ERR4566037,WI38,48hpi,2,in vitro,intracellular,singlecell
PB1,419,1948,1,ERR4566037,WI38,48hpi,2,in vitro,intracellular,singlecell
PB1,423,464,1,ERR4566037,WI38,48hpi,2,in vitro,intracellular,singlecell
PB1,436,1812,2,ERR4566037,WI38,48hpi,2,in vitro,intracellular,singlecell
PB1,438,1690,1,ERR4566037,WI38,48hpi,2,in vitro,intracellular,singlecell
PB1,443,1793,1,ERR4566037,WI38,48hpi,2,in vitro,intracellular,singlecell
PB1,451,1786,1,ERR4566037,WI38,48hpi,2,in vitro,intracellular,singlecell
PB1,453,1919,1,ERR4566037,WI38,48hpi,2,in vitro,intracellular,singlecell
PB1,45,2032,2,ERR4566037,WI38,48hpi,2,in vitro,intracellular,singlecell
PB1,465,1638,1,ERR4566037,WI38,48hpi,2,in vitro,intracellular,singlecell
PB1,46,1822,1,ERR4566037,WI38,48hpi,2,in vitro,intracellular,singlecell
PB1,547,1684,1,ERR4566037,WI38,48hpi,2,in vitro,intracellular,singlecell
PB1,548,1861,7,ERR4566037,WI38,48hpi,2,in vitro,intracellular,singlecell
PB1,54,96,1,ERR4566037,WI38,48hpi,2,in vitro,intracellular,singlecell
PB1,574,1734,1,ERR4566037,WI38,48hpi,2,in vitro,intracellular,singlecell
PB1,577,1642,1,ERR4566037,WI38,48hpi,2,in vitro,intracellular,singlecell
PB1,58,128,2,ERR4566037,WI38,48hpi,2,in vitro,intracellular,singlecell
PB1,597,1899,1,ERR4566037,WI38,48hpi,2,in vitro,intracellular,singlecell
PB1,603,1567,1,ERR4566037,WI38,48hpi,2,in vitro,intracellular,singlecell
PB1,626,1561,1,ERR4566037,WI38,48hpi,2,in vitro,intracellular,singlecell
PB1,638,1523,2,ERR4566037,WI38,48hpi,2,in vitro,intracellular,singlecell
PB1,683,1663,1,ERR4566037,WI38,48hpi,2,in vitro,intracellular,singlecell
PB1,687,1953,1,ERR4566037,WI38,48hpi,2,in vitro,intracellular,singlecell
PB1,688,1589,1,ERR4566037,WI38,48hpi,2,in vitro,intracellular,singlecell
PB1,68,1971,1,ERR4566037,WI38,48hpi,2,in vitro,intracellular,singlecell
PB1,695,1443,1,ERR4566037,WI38,48hpi,2,in vitro,intracellular,singlecell
PB1,697,1490,1,ERR4566037,WI38,48hpi,2,in vitro,intracellular,singlecell
PB1,701,2188,1,ERR4566037,WI38,48hpi,2,in vitro,intracellular,singlecell
PB1,706,1457,1,ERR4566037,WI38,48hpi,2,in vitro,intracellular,singlecell
PB1,720,1570,1,ERR4566037,WI38,48hpi,2,in vitro,intracellular,singlecell
PB1,738,1541,1,ERR4566037,WI38,48hpi,2,in vitro,intracellular,singlecell
PB1,759,2162,1,ERR4566037,WI38,48hpi,2,in vitro,intracellular,singlecell
PB1,764,1475,1,ERR4566037,WI38,48hpi,2,in vitro,intracellular,singlecell
PB1,766,1490,1,ERR4566037,WI38,48hpi,2,in vitro,intracellular,singlecell
PB1,777,1447,1,ERR4566037,WI38,48hpi,2,in vitro,intracellular,singlecell
PB1,833,1362,1,ERR4566037,WI38,48hpi,2,in vitro,intracellular,singlecell
PB1,866,1362,1,ERR4566037,WI38,48hpi,2,in vitro,intracellular,singlecell
PB1,879,1256,1,ERR4566037,WI38,48hpi,2,in vitro,intracellular,singlecell
PB1,92,2167,1,ERR4566037,WI38,48hpi,2,in vitro,intracellular,singlecell
PB1,93,2186,1,ERR4566037,WI38,48hpi,2,in vitro,intracellular,singlecell
PA,100,2053,1,ERR4566037,WI38,48hpi,2,in vitro,intracellular,singlecell
PA,107,1876,1,ERR4566037,WI38,48hpi,2,in vitro,intracellular,singlecell
PA,107,1997,1,ERR4566037,WI38,48hpi,2,in vitro,intracellular,singlecell
PA,126,1869,1,ERR4566037,WI38,48hpi,2,in vitro,intracellular,singlecell
PA,126,192,2,ERR4566037,WI38,48hpi,2,in vitro,intracellular,singlecell
PA,126,1983,1,ERR4566037,WI38,48hpi,2,in vitro,intracellular,singlecell
PA,130,1972,1,ERR4566037,WI38,48hpi,2,in vitro,intracellular,singlecell
PA,130,2054,1,ERR4566037,WI38,48hpi,2,in vitro,intracellular,singlecell
PA,130,2062,1,ERR4566037,WI38,48hpi,2,in vitro,intracellular,singlecell
PA,133,2075,1,ERR4566037,WI38,48hpi,2,in vitro,intracellular,singlecell
PA,134,1971,2,ERR4566037,WI38,48hpi,2,in vitro,intracellular,singlecell
PA,135,165,1,ERR4566037,WI38,48hpi,2,in vitro,intracellular,singlecell
PA,135,2070,3,ERR4566037,WI38,48hpi,2,in vitro,intracellular,singlecell
PA,136,1987,1,ERR4566037,WI38,48hpi,2,in vitro,intracellular,singlecell
PA,138,1990,2,ERR4566037,WI38,48hpi,2,in vitro,intracellular,singlecell
PA,141,2125,1,ERR4566037,WI38,48hpi,2,in vitro,intracellular,singlecell
PA,150,198,2,ERR4566037,WI38,48hpi,2,in vitro,intracellular,singlecell
PA,155,1978,1,ERR4566037,WI38,48hpi,2,in vitro,intracellular,singlecell
PA,156,1990,1,ERR4566037,WI38,48hpi,2,in vitro,intracellular,singlecell
PA,158,1954,2,ERR4566037,WI38,48hpi,2,in vitro,intracellular,singlecell
PA,158,1958,3,ERR4566037,WI38,48hpi,2,in vitro,intracellular,singlecell
PA,158,2062,1,ERR4566037,WI38,48hpi,2,in vitro,intracellular,singlecell
PA,158,2075,1,ERR4566037,WI38,48hpi,2,in vitro,intracellular,singlecell
PA,159,1977,1,ERR4566037,WI38,48hpi,2,in vitro,intracellular,singlecell
PA,165,1925,1,ERR4566037,WI38,48hpi,2,in vitro,intracellular,singlecell
PA,167,1987,1,ERR4566037,WI38,48hpi,2,in vitro,intracellular,singlecell
PA,167,201,1,ERR4566037,WI38,48hpi,2,in vitro,intracellular,singlecell
PA,174,1959,1,ERR4566037,WI38,48hpi,2,in vitro,intracellular,singlecell
PA,175,2041,1,ERR4566037,WI38,48hpi,2,in vitro,intracellular,singlecell
PA,177,2068,8,ERR4566037,WI38,48hpi,2,in vitro,intracellular,singlecell
PA,179,1860,1,ERR4566037,WI38,48hpi,2,in vitro,intracellular,singlecell
PA,179,1928,1,ERR4566037,WI38,48hpi,2,in vitro,intracellular,singlecell
PA,1801,1907,1,ERR4566037,WI38,48hpi,2,in vitro,intracellular,singlecell
PA,187,1906,3,ERR4566037,WI38,48hpi,2,in vitro,intracellular,singlecell
PA,1906,1935,2,ERR4566037,WI38,48hpi,2,in vitro,intracellular,singlecell
PA,190,1949,18,ERR4566037,WI38,48hpi,2,in vitro,intracellular,singlecell
PA,191,2055,1,ERR4566037,WI38,48hpi,2,in vitro,intracellular,singlecell
PA,192,2075,5,ERR4566037,WI38,48hpi,2,in vitro,intracellular,singlecell
PA,192,2076,1,ERR4566037,WI38,48hpi,2,in vitro,intracellular,singlecell
PA,197,1954,1,ERR4566037,WI38,48hpi,2,in vitro,intracellular,singlecell
PA,197,2054,1,ERR4566037,WI38,48hpi,2,in vitro,intracellular,singlecell
PA,197,254,1,ERR4566037,WI38,48hpi,2,in vitro,intracellular,singlecell
PA,199,2060,1,ERR4566037,WI38,48hpi,2,in vitro,intracellular,singlecell
PA,2019,2075,1,ERR4566037,WI38,48hpi,2,in vitro,intracellular,singlecell
PA,2019,2087,1,ERR4566037,WI38,48hpi,2,in vitro,intracellular,singlecell
PA,2021,2082,1,ERR4566037,WI38,48hpi,2,in vitro,intracellular,singlecell
PA,2026,2063,1,ERR4566037,WI38,48hpi,2,in vitro,intracellular,singlecell
PA,2035,2076,1,ERR4566037,WI38,48hpi,2,in vitro,intracellular,singlecell
PA,2053,2075,1,ERR4566037,WI38,48hpi,2,in vitro,intracellular,singlecell
PA,210,1698,1,ERR4566037,WI38,48hpi,2,in vitro,intracellular,singlecell
PA,212,2068,1,ERR4566037,WI38,48hpi,2,in vitro,intracellular,singlecell
PA,213,259,1,ERR4566037,WI38,48hpi,2,in vitro,intracellular,singlecell
PA,216,2008,1,ERR4566037,WI38,48hpi,2,in vitro,intracellular,singlecell
PA,219,1794,1,ERR4566037,WI38,48hpi,2,in vitro,intracellular,singlecell
PA,220,1917,1,ERR4566037,WI38,48hpi,2,in vitro,intracellular,singlecell
PA,220,1954,2,ERR4566037,WI38,48hpi,2,in vitro,intracellular,singlecell
PA,220,2062,1,ERR4566037,WI38,48hpi,2,in vitro,intracellular,singlecell
PA,220,244,1,ERR4566037,WI38,48hpi,2,in vitro,intracellular,singlecell
PA,220,254,1,ERR4566037,WI38,48hpi,2,in vitro,intracellular,singlecell
PA,221,1927,1,ERR4566037,WI38,48hpi,2,in vitro,intracellular,singlecell
PA,222,258,1,ERR4566037,WI38,48hpi,2,in vitro,intracellular,singlecell
PA,223,1755,1,ERR4566037,WI38,48hpi,2,in vitro,intracellular,singlecell
PA,223,1994,1,ERR4566037,WI38,48hpi,2,in vitro,intracellular,singlecell
PA,224,1848,1,ERR4566037,WI38,48hpi,2,in vitro,intracellular,singlecell
PA,224,1869,1,ERR4566037,WI38,48hpi,2,in vitro,intracellular,singlecell
PA,231,2062,1,ERR4566037,WI38,48hpi,2,in vitro,intracellular,singlecell
PA,232,1846,1,ERR4566037,WI38,48hpi,2,in vitro,intracellular,singlecell
PA,232,1862,1,ERR4566037,WI38,48hpi,2,in vitro,intracellular,singlecell
PA,232,1939,11,ERR4566037,WI38,48hpi,2,in vitro,intracellular,singlecell
PA,234,1886,1,ERR4566037,WI38,48hpi,2,in vitro,intracellular,singlecell
PA,240,1925,8,ERR4566037,WI38,48hpi,2,in vitro,intracellular,singlecell
PA,241,2070,2,ERR4566037,WI38,48hpi,2,in vitro,intracellular,singlecell
PA,242,1838,1,ERR4566037,WI38,48hpi,2,in vitro,intracellular,singlecell
PA,246,2065,1,ERR4566037,WI38,48hpi,2,in vitro,intracellular,singlecell
PA,247,280,1,ERR4566037,WI38,48hpi,2,in vitro,intracellular,singlecell
PA,252,294,1,ERR4566037,WI38,48hpi,2,in vitro,intracellular,singlecell
PA,254,1863,5,ERR4566037,WI38,48hpi,2,in vitro,intracellular,singlecell
PA,254,2063,1,ERR4566037,WI38,48hpi,2,in vitro,intracellular,singlecell
PA,258,1877,1,ERR4566037,WI38,48hpi,2,in vitro,intracellular,singlecell
PA,259,1929,2,ERR4566037,WI38,48hpi,2,in vitro,intracellular,singlecell
PA,269,1801,1,ERR4566037,WI38,48hpi,2,in vitro,intracellular,singlecell
PA,278,1716,1,ERR4566037,WI38,48hpi,2,in vitro,intracellular,singlecell
PA,282,2069,1,ERR4566037,WI38,48hpi,2,in vitro,intracellular,singlecell
PA,283,1907,1,ERR4566037,WI38,48hpi,2,in vitro,intracellular,singlecell
PA,286,316,1,ERR4566037,WI38,48hpi,2,in vitro,intracellular,singlecell
PA,294,317,1,ERR4566037,WI38,48hpi,2,in vitro,intracellular,singlecell
PA,298,1713,1,ERR4566037,WI38,48hpi,2,in vitro,intracellular,singlecell
PA,298,1795,1,ERR4566037,WI38,48hpi,2,in vitro,intracellular,singlecell
PA,298,1799,1,ERR4566037,WI38,48hpi,2,in vitro,intracellular,singlecell
PA,299,1915,1,ERR4566037,WI38,48hpi,2,in vitro,intracellular,singlecell
PA,302,1862,1,ERR4566037,WI38,48hpi,2,in vitro,intracellular,singlecell
PA,333,1863,1,ERR4566037,WI38,48hpi,2,in vitro,intracellular,singlecell
PA,348,1874,1,ERR4566037,WI38,48hpi,2,in vitro,intracellular,singlecell
PA,351,1802,1,ERR4566037,WI38,48hpi,2,in vitro,intracellular,singlecell
PA,351,1814,2,ERR4566037,WI38,48hpi,2,in vitro,intracellular,singlecell
PA,351,1820,1,ERR4566037,WI38,48hpi,2,in vitro,intracellular,singlecell
PA,351,1939,1,ERR4566037,WI38,48hpi,2,in vitro,intracellular,singlecell
PA,356,388,1,ERR4566037,WI38,48hpi,2,in vitro,intracellular,singlecell
PA,363,1853,1,ERR4566037,WI38,48hpi,2,in vitro,intracellular,singlecell
PA,364,1734,1,ERR4566037,WI38,48hpi,2,in vitro,intracellular,singlecell
PA,371,2134,1,ERR4566037,WI38,48hpi,2,in vitro,intracellular,singlecell
PA,420,1917,1,ERR4566037,WI38,48hpi,2,in vitro,intracellular,singlecell
PA,420,463,1,ERR4566037,WI38,48hpi,2,in vitro,intracellular,singlecell
PA,444,1859,1,ERR4566037,WI38,48hpi,2,in vitro,intracellular,singlecell
PA,455,1740,1,ERR4566037,WI38,48hpi,2,in vitro,intracellular,singlecell
PA,479,1662,1,ERR4566037,WI38,48hpi,2,in vitro,intracellular,singlecell
PA,526,1793,1,ERR4566037,WI38,48hpi,2,in vitro,intracellular,singlecell
PA,555,1761,1,ERR4566037,WI38,48hpi,2,in vitro,intracellular,singlecell
PA,557,1648,1,ERR4566037,WI38,48hpi,2,in vitro,intracellular,singlecell
PA,584,1421,1,ERR4566037,WI38,48hpi,2,in vitro,intracellular,singlecell
PA,597,1534,1,ERR4566037,WI38,48hpi,2,in vitro,intracellular,singlecell
PA,620,1513,1,ERR4566037,WI38,48hpi,2,in vitro,intracellular,singlecell
PA,633,1638,2,ERR4566037,WI38,48hpi,2,in vitro,intracellular,singlecell
PA,637,1550,1,ERR4566037,WI38,48hpi,2,in vitro,intracellular,singlecell
PA,64,100,1,ERR4566037,WI38,48hpi,2,in vitro,intracellular,singlecell
PA,654,1527,1,ERR4566037,WI38,48hpi,2,in vitro,intracellular,singlecell
PA,658,1449,1,ERR4566037,WI38,48hpi,2,in vitro,intracellular,singlecell
PA,692,1482,1,ERR4566037,WI38,48hpi,2,in vitro,intracellular,singlecell
PA,701,1363,1,ERR4566037,WI38,48hpi,2,in vitro,intracellular,singlecell
PA,705,1570,1,ERR4566037,WI38,48hpi,2,in vitro,intracellular,singlecell
PA,82,1953,2,ERR4566037,WI38,48hpi,2,in vitro,intracellular,singlecell
HA,1030,1149,1,ERR4566037,WI38,48hpi,2,in vitro,intracellular,singlecell
HA,108,1480,1,ERR4566037,WI38,48hpi,2,in vitro,intracellular,singlecell
HA,108,1529,1,ERR4566037,WI38,48hpi,2,in vitro,intracellular,singlecell
HA,1131,1173,1,ERR4566037,WI38,48hpi,2,in vitro,intracellular,singlecell
HA,113,1347,1,ERR4566037,WI38,48hpi,2,in vitro,intracellular,singlecell
HA,1148,1214,1,ERR4566037,WI38,48hpi,2,in vitro,intracellular,singlecell
HA,1180,1225,1,ERR4566037,WI38,48hpi,2,in vitro,intracellular,singlecell
HA,1248,1281,1,ERR4566037,WI38,48hpi,2,in vitro,intracellular,singlecell
HA,126,1400,1,ERR4566037,WI38,48hpi,2,in vitro,intracellular,singlecell
HA,1284,1347,1,ERR4566037,WI38,48hpi,2,in vitro,intracellular,singlecell
HA,1287,1310,1,ERR4566037,WI38,48hpi,2,in vitro,intracellular,singlecell
HA,1290,1381,1,ERR4566037,WI38,48hpi,2,in vitro,intracellular,singlecell
HA,1290,1404,1,ERR4566037,WI38,48hpi,2,in vitro,intracellular,singlecell
HA,1292,1318,1,ERR4566037,WI38,48hpi,2,in vitro,intracellular,singlecell
HA,1305,1365,1,ERR4566037,WI38,48hpi,2,in vitro,intracellular,singlecell
HA,1306,1346,1,ERR4566037,WI38,48hpi,2,in vitro,intracellular,singlecell
HA,1309,1346,1,ERR4566037,WI38,48hpi,2,in vitro,intracellular,singlecell
HA,1309,1432,1,ERR4566037,WI38,48hpi,2,in vitro,intracellular,singlecell
HA,1323,1471,1,ERR4566037,WI38,48hpi,2,in vitro,intracellular,singlecell
HA,1326,1392,1,ERR4566037,WI38,48hpi,2,in vitro,intracellular,singlecell
HA,1345,1392,1,ERR4566037,WI38,48hpi,2,in vitro,intracellular,singlecell
HA,1355,1396,1,ERR4566037,WI38,48hpi,2,in vitro,intracellular,singlecell
HA,1364,1440,1,ERR4566037,WI38,48hpi,2,in vitro,intracellular,singlecell
HA,1365,1485,3,ERR4566037,WI38,48hpi,2,in vitro,intracellular,singlecell
HA,1366,1439,1,ERR4566037,WI38,48hpi,2,in vitro,intracellular,singlecell
HA,1368,1399,1,ERR4566037,WI38,48hpi,2,in vitro,intracellular,singlecell
HA,1375,1448,1,ERR4566037,WI38,48hpi,2,in vitro,intracellular,singlecell
HA,1385,1416,1,ERR4566037,WI38,48hpi,2,in vitro,intracellular,singlecell
HA,1392,1541,1,ERR4566037,WI38,48hpi,2,in vitro,intracellular,singlecell
HA,139,179,1,ERR4566037,WI38,48hpi,2,in vitro,intracellular,singlecell
HA,1403,1435,1,ERR4566037,WI38,48hpi,2,in vitro,intracellular,singlecell
HA,141,1485,1,ERR4566037,WI38,48hpi,2,in vitro,intracellular,singlecell
HA,1431,1470,1,ERR4566037,WI38,48hpi,2,in vitro,intracellular,singlecell
HA,1467,1501,1,ERR4566037,WI38,48hpi,2,in vitro,intracellular,singlecell
HA,146,1346,1,ERR4566037,WI38,48hpi,2,in vitro,intracellular,singlecell
HA,146,208,1,ERR4566037,WI38,48hpi,2,in vitro,intracellular,singlecell
HA,147,1647,2,ERR4566037,WI38,48hpi,2,in vitro,intracellular,singlecell
HA,1484,1543,1,ERR4566037,WI38,48hpi,2,in vitro,intracellular,singlecell
HA,1499,1529,1,ERR4566037,WI38,48hpi,2,in vitro,intracellular,singlecell
HA,1510,1587,1,ERR4566037,WI38,48hpi,2,in vitro,intracellular,singlecell
HA,154,1530,1,ERR4566037,WI38,48hpi,2,in vitro,intracellular,singlecell
HA,1567,1669,1,ERR4566037,WI38,48hpi,2,in vitro,intracellular,singlecell
HA,1576,1614,1,ERR4566037,WI38,48hpi,2,in vitro,intracellular,singlecell
HA,1612,1681,1,ERR4566037,WI38,48hpi,2,in vitro,intracellular,singlecell
HA,1612,1699,1,ERR4566037,WI38,48hpi,2,in vitro,intracellular,singlecell
HA,1613,1660,1,ERR4566037,WI38,48hpi,2,in vitro,intracellular,singlecell
HA,161,1508,1,ERR4566037,WI38,48hpi,2,in vitro,intracellular,singlecell
HA,166,1288,1,ERR4566037,WI38,48hpi,2,in vitro,intracellular,singlecell
HA,220,1459,1,ERR4566037,WI38,48hpi,2,in vitro,intracellular,singlecell
HA,225,1115,1,ERR4566037,WI38,48hpi,2,in vitro,intracellular,singlecell
HA,250,1310,1,ERR4566037,WI38,48hpi,2,in vitro,intracellular,singlecell
HA,252,300,1,ERR4566037,WI38,48hpi,2,in vitro,intracellular,singlecell
HA,266,314,1,ERR4566037,WI38,48hpi,2,in vitro,intracellular,singlecell
HA,293,1342,1,ERR4566037,WI38,48hpi,2,in vitro,intracellular,singlecell
HA,296,1336,1,ERR4566037,WI38,48hpi,2,in vitro,intracellular,singlecell
HA,303,343,1,ERR4566037,WI38,48hpi,2,in vitro,intracellular,singlecell
HA,312,355,1,ERR4566037,WI38,48hpi,2,in vitro,intracellular,singlecell
HA,370,1224,1,ERR4566037,WI38,48hpi,2,in vitro,intracellular,singlecell
HA,376,1199,2,ERR4566037,WI38,48hpi,2,in vitro,intracellular,singlecell
HA,390,500,2,ERR4566037,WI38,48hpi,2,in vitro,intracellular,singlecell
HA,397,1240,1,ERR4566037,WI38,48hpi,2,in vitro,intracellular,singlecell
HA,404,1138,1,ERR4566037,WI38,48hpi,2,in vitro,intracellular,singlecell
HA,420,458,1,ERR4566037,WI38,48hpi,2,in vitro,intracellular,singlecell
HA,435,471,1,ERR4566037,WI38,48hpi,2,in vitro,intracellular,singlecell
HA,447,1205,1,ERR4566037,WI38,48hpi,2,in vitro,intracellular,singlecell
HA,459,1102,1,ERR4566037,WI38,48hpi,2,in vitro,intracellular,singlecell
HA,459,1160,1,ERR4566037,WI38,48hpi,2,in vitro,intracellular,singlecell
HA,463,1240,1,ERR4566037,WI38,48hpi,2,in vitro,intracellular,singlecell
HA,487,1258,1,ERR4566037,WI38,48hpi,2,in vitro,intracellular,singlecell
HA,516,541,1,ERR4566037,WI38,48hpi,2,in vitro,intracellular,singlecell
HA,558,954,1,ERR4566037,WI38,48hpi,2,in vitro,intracellular,singlecell
HA,567,1119,1,ERR4566037,WI38,48hpi,2,in vitro,intracellular,singlecell
HA,568,736,1,ERR4566037,WI38,48hpi,2,in vitro,intracellular,singlecell
HA,571,848,1,ERR4566037,WI38,48hpi,2,in vitro,intracellular,singlecell
HA,581,1196,1,ERR4566037,WI38,48hpi,2,in vitro,intracellular,singlecell
HA,587,1110,1,ERR4566037,WI38,48hpi,2,in vitro,intracellular,singlecell
HA,59,575,1,ERR4566037,WI38,48hpi,2,in vitro,intracellular,singlecell
HA,611,633,1,ERR4566037,WI38,48hpi,2,in vitro,intracellular,singlecell
HA,637,1045,1,ERR4566037,WI38,48hpi,2,in vitro,intracellular,singlecell
HA,637,1141,1,ERR4566037,WI38,48hpi,2,in vitro,intracellular,singlecell
HA,647,1081,1,ERR4566037,WI38,48hpi,2,in vitro,intracellular,singlecell
HA,663,1165,1,ERR4566037,WI38,48hpi,2,in vitro,intracellular,singlecell
HA,682,996,1,ERR4566037,WI38,48hpi,2,in vitro,intracellular,singlecell
HA,687,967,1,ERR4566037,WI38,48hpi,2,in vitro,intracellular,singlecell
HA,711,1111,1,ERR4566037,WI38,48hpi,2,in vitro,intracellular,singlecell
HA,711,1122,1,ERR4566037,WI38,48hpi,2,in vitro,intracellular,singlecell
HA,715,850,1,ERR4566037,WI38,48hpi,2,in vitro,intracellular,singlecell
HA,719,908,1,ERR4566037,WI38,48hpi,2,in vitro,intracellular,singlecell
HA,722,801,1,ERR4566037,WI38,48hpi,2,in vitro,intracellular,singlecell
HA,750,774,1,ERR4566037,WI38,48hpi,2,in vitro,intracellular,singlecell
HA,755,878,1,ERR4566037,WI38,48hpi,2,in vitro,intracellular,singlecell
HA,778,885,1,ERR4566037,WI38,48hpi,2,in vitro,intracellular,singlecell
HA,781,850,1,ERR4566037,WI38,48hpi,2,in vitro,intracellular,singlecell
HA,798,1109,1,ERR4566037,WI38,48hpi,2,in vitro,intracellular,singlecell
HA,798,940,1,ERR4566037,WI38,48hpi,2,in vitro,intracellular,singlecell
HA,800,998,1,ERR4566037,WI38,48hpi,2,in vitro,intracellular,singlecell
HA,803,943,1,ERR4566037,WI38,48hpi,2,in vitro,intracellular,singlecell
HA,820,1372,1,ERR4566037,WI38,48hpi,2,in vitro,intracellular,singlecell
HA,823,918,1,ERR4566037,WI38,48hpi,2,in vitro,intracellular,singlecell
HA,835,895,1,ERR4566037,WI38,48hpi,2,in vitro,intracellular,singlecell
HA,850,882,1,ERR4566037,WI38,48hpi,2,in vitro,intracellular,singlecell
HA,886,936,1,ERR4566037,WI38,48hpi,2,in vitro,intracellular,singlecell
HA,891,1157,1,ERR4566037,WI38,48hpi,2,in vitro,intracellular,singlecell
HA,893,1003,1,ERR4566037,WI38,48hpi,2,in vitro,intracellular,singlecell
HA,915,969,1,ERR4566037,WI38,48hpi,2,in vitro,intracellular,singlecell
HA,953,1648,1,ERR4566037,WI38,48hpi,2,in vitro,intracellular,singlecell
HA,958,1090,1,ERR4566037,WI38,48hpi,2,in vitro,intracellular,singlecell
HA,95,1547,1,ERR4566037,WI38,48hpi,2,in vitro,intracellular,singlecell
HA,96,1484,1,ERR4566037,WI38,48hpi,2,in vitro,intracellular,singlecell
HA,989,1716,1,ERR4566037,WI38,48hpi,2,in vitro,intracellular,singlecell
NP,1004,1152,1,ERR4566037,WI38,48hpi,2,in vitro,intracellular,singlecell
NP,1017,1055,1,ERR4566037,WI38,48hpi,2,in vitro,intracellular,singlecell
NP,1025,1057,1,ERR4566037,WI38,48hpi,2,in vitro,intracellular,singlecell
NP,1071,1097,1,ERR4566037,WI38,48hpi,2,in vitro,intracellular,singlecell
NP,1089,1136,1,ERR4566037,WI38,48hpi,2,in vitro,intracellular,singlecell
NP,108,153,1,ERR4566037,WI38,48hpi,2,in vitro,intracellular,singlecell
NP,111,1396,1,ERR4566037,WI38,48hpi,2,in vitro,intracellular,singlecell
NP,1120,1174,1,ERR4566037,WI38,48hpi,2,in vitro,intracellular,singlecell
NP,1121,1164,1,ERR4566037,WI38,48hpi,2,in vitro,intracellular,singlecell
NP,112,197,1,ERR4566037,WI38,48hpi,2,in vitro,intracellular,singlecell
NP,113,1485,1,ERR4566037,WI38,48hpi,2,in vitro,intracellular,singlecell
NP,1157,1218,1,ERR4566037,WI38,48hpi,2,in vitro,intracellular,singlecell
NP,115,175,1,ERR4566037,WI38,48hpi,2,in vitro,intracellular,singlecell
NP,1167,1189,1,ERR4566037,WI38,48hpi,2,in vitro,intracellular,singlecell
NP,1192,1235,1,ERR4566037,WI38,48hpi,2,in vitro,intracellular,singlecell
NP,1198,1222,1,ERR4566037,WI38,48hpi,2,in vitro,intracellular,singlecell
NP,1202,1253,1,ERR4566037,WI38,48hpi,2,in vitro,intracellular,singlecell
NP,1203,1259,1,ERR4566037,WI38,48hpi,2,in vitro,intracellular,singlecell
NP,1206,1244,1,ERR4566037,WI38,48hpi,2,in vitro,intracellular,singlecell
NP,1249,1406,1,ERR4566037,WI38,48hpi,2,in vitro,intracellular,singlecell
NP,124,1337,1,ERR4566037,WI38,48hpi,2,in vitro,intracellular,singlecell
NP,1254,1293,1,ERR4566037,WI38,48hpi,2,in vitro,intracellular,singlecell
NP,127,182,1,ERR4566037,WI38,48hpi,2,in vitro,intracellular,singlecell
NP,1296,1495,1,ERR4566037,WI38,48hpi,2,in vitro,intracellular,singlecell
NP,1333,1396,1,ERR4566037,WI38,48hpi,2,in vitro,intracellular,singlecell
NP,1354,1391,1,ERR4566037,WI38,48hpi,2,in vitro,intracellular,singlecell
NP,153,662,1,ERR4566037,WI38,48hpi,2,in vitro,intracellular,singlecell
NP,157,197,1,ERR4566037,WI38,48hpi,2,in vitro,intracellular,singlecell
NP,170,253,1,ERR4566037,WI38,48hpi,2,in vitro,intracellular,singlecell
NP,171,566,1,ERR4566037,WI38,48hpi,2,in vitro,intracellular,singlecell
NP,172,222,1,ERR4566037,WI38,48hpi,2,in vitro,intracellular,singlecell
NP,172,240,1,ERR4566037,WI38,48hpi,2,in vitro,intracellular,singlecell
NP,173,217,1,ERR4566037,WI38,48hpi,2,in vitro,intracellular,singlecell
NP,175,312,1,ERR4566037,WI38,48hpi,2,in vitro,intracellular,singlecell
NP,177,257,1,ERR4566037,WI38,48hpi,2,in vitro,intracellular,singlecell
NP,178,1242,1,ERR4566037,WI38,48hpi,2,in vitro,intracellular,singlecell
NP,178,224,1,ERR4566037,WI38,48hpi,2,in vitro,intracellular,singlecell
NP,178,739,1,ERR4566037,WI38,48hpi,2,in vitro,intracellular,singlecell
NP,197,1079,1,ERR4566037,WI38,48hpi,2,in vitro,intracellular,singlecell
NP,200,1107,1,ERR4566037,WI38,48hpi,2,in vitro,intracellular,singlecell
NP,212,1049,1,ERR4566037,WI38,48hpi,2,in vitro,intracellular,singlecell
NP,221,1321,1,ERR4566037,WI38,48hpi,2,in vitro,intracellular,singlecell
NP,223,1137,1,ERR4566037,WI38,48hpi,2,in vitro,intracellular,singlecell
NP,240,839,1,ERR4566037,WI38,48hpi,2,in vitro,intracellular,singlecell
NP,251,274,1,ERR4566037,WI38,48hpi,2,in vitro,intracellular,singlecell
NP,254,1301,1,ERR4566037,WI38,48hpi,2,in vitro,intracellular,singlecell
NP,279,1278,1,ERR4566037,WI38,48hpi,2,in vitro,intracellular,singlecell
NP,285,309,1,ERR4566037,WI38,48hpi,2,in vitro,intracellular,singlecell
NP,288,318,1,ERR4566037,WI38,48hpi,2,in vitro,intracellular,singlecell
NP,288,391,3,ERR4566037,WI38,48hpi,2,in vitro,intracellular,singlecell
NP,295,319,1,ERR4566037,WI38,48hpi,2,in vitro,intracellular,singlecell
NP,296,531,5,ERR4566037,WI38,48hpi,2,in vitro,intracellular,singlecell
NP,326,350,1,ERR4566037,WI38,48hpi,2,in vitro,intracellular,singlecell
NP,328,451,6,ERR4566037,WI38,48hpi,2,in vitro,intracellular,singlecell
NP,341,570,4,ERR4566037,WI38,48hpi,2,in vitro,intracellular,singlecell
NP,347,1199,1,ERR4566037,WI38,48hpi,2,in vitro,intracellular,singlecell
NP,362,1116,1,ERR4566037,WI38,48hpi,2,in vitro,intracellular,singlecell
NP,370,1096,1,ERR4566037,WI38,48hpi,2,in vitro,intracellular,singlecell
NP,375,1014,1,ERR4566037,WI38,48hpi,2,in vitro,intracellular,singlecell
NP,388,1054,1,ERR4566037,WI38,48hpi,2,in vitro,intracellular,singlecell
NP,39,72,1,ERR4566037,WI38,48hpi,2,in vitro,intracellular,singlecell
NP,405,1030,1,ERR4566037,WI38,48hpi,2,in vitro,intracellular,singlecell
NP,409,1127,1,ERR4566037,WI38,48hpi,2,in vitro,intracellular,singlecell
NP,41,152,1,ERR4566037,WI38,48hpi,2,in vitro,intracellular,singlecell
NP,431,1095,1,ERR4566037,WI38,48hpi,2,in vitro,intracellular,singlecell
NP,434,1057,1,ERR4566037,WI38,48hpi,2,in vitro,intracellular,singlecell
NP,437,943,1,ERR4566037,WI38,48hpi,2,in vitro,intracellular,singlecell
NP,43,139,1,ERR4566037,WI38,48hpi,2,in vitro,intracellular,singlecell
NP,447,1108,1,ERR4566037,WI38,48hpi,2,in vitro,intracellular,singlecell
NP,447,1118,1,ERR4566037,WI38,48hpi,2,in vitro,intracellular,singlecell
NP,447,983,1,ERR4566037,WI38,48hpi,2,in vitro,intracellular,singlecell
NP,449,1103,1,ERR4566037,WI38,48hpi,2,in vitro,intracellular,singlecell
NP,449,484,1,ERR4566037,WI38,48hpi,2,in vitro,intracellular,singlecell
NP,451,490,1,ERR4566037,WI38,48hpi,2,in vitro,intracellular,singlecell
NP,452,1096,1,ERR4566037,WI38,48hpi,2,in vitro,intracellular,singlecell
NP,455,1058,1,ERR4566037,WI38,48hpi,2,in vitro,intracellular,singlecell
NP,455,505,1,ERR4566037,WI38,48hpi,2,in vitro,intracellular,singlecell
NP,456,1112,1,ERR4566037,WI38,48hpi,2,in vitro,intracellular,singlecell
NP,456,1132,1,ERR4566037,WI38,48hpi,2,in vitro,intracellular,singlecell
NP,457,483,2,ERR4566037,WI38,48hpi,2,in vitro,intracellular,singlecell
NP,458,518,1,ERR4566037,WI38,48hpi,2,in vitro,intracellular,singlecell
NP,463,1066,1,ERR4566037,WI38,48hpi,2,in vitro,intracellular,singlecell
NP,464,1000,1,ERR4566037,WI38,48hpi,2,in vitro,intracellular,singlecell
NP,466,1065,1,ERR4566037,WI38,48hpi,2,in vitro,intracellular,singlecell
NP,467,898,1,ERR4566037,WI38,48hpi,2,in vitro,intracellular,singlecell
NP,472,1018,1,ERR4566037,WI38,48hpi,2,in vitro,intracellular,singlecell
NP,473,510,1,ERR4566037,WI38,48hpi,2,in vitro,intracellular,singlecell
NP,478,912,1,ERR4566037,WI38,48hpi,2,in vitro,intracellular,singlecell
NP,482,1331,1,ERR4566037,WI38,48hpi,2,in vitro,intracellular,singlecell
NP,483,1109,1,ERR4566037,WI38,48hpi,2,in vitro,intracellular,singlecell
NP,483,583,2,ERR4566037,WI38,48hpi,2,in vitro,intracellular,singlecell
NP,485,1056,1,ERR4566037,WI38,48hpi,2,in vitro,intracellular,singlecell
NP,504,1487,1,ERR4566037,WI38,48hpi,2,in vitro,intracellular,singlecell
NP,504,956,1,ERR4566037,WI38,48hpi,2,in vitro,intracellular,singlecell
NP,505,527,1,ERR4566037,WI38,48hpi,2,in vitro,intracellular,singlecell
NP,508,1142,1,ERR4566037,WI38,48hpi,2,in vitro,intracellular,singlecell
NP,515,1022,1,ERR4566037,WI38,48hpi,2,in vitro,intracellular,singlecell
NP,516,1019,1,ERR4566037,WI38,48hpi,2,in vitro,intracellular,singlecell
NP,517,1102,1,ERR4566037,WI38,48hpi,2,in vitro,intracellular,singlecell
NP,51,898,1,ERR4566037,WI38,48hpi,2,in vitro,intracellular,singlecell
NP,520,660,1,ERR4566037,WI38,48hpi,2,in vitro,intracellular,singlecell
NP,521,559,1,ERR4566037,WI38,48hpi,2,in vitro,intracellular,singlecell
NP,52,466,1,ERR4566037,WI38,48hpi,2,in vitro,intracellular,singlecell
NP,536,1030,1,ERR4566037,WI38,48hpi,2,in vitro,intracellular,singlecell
NP,548,1055,1,ERR4566037,WI38,48hpi,2,in vitro,intracellular,singlecell
NP,548,1124,1,ERR4566037,WI38,48hpi,2,in vitro,intracellular,singlecell
NP,550,1157,1,ERR4566037,WI38,48hpi,2,in vitro,intracellular,singlecell
NP,554,917,1,ERR4566037,WI38,48hpi,2,in vitro,intracellular,singlecell
NP,558,1107,1,ERR4566037,WI38,48hpi,2,in vitro,intracellular,singlecell
NP,560,846,1,ERR4566037,WI38,48hpi,2,in vitro,intracellular,singlecell
NP,564,612,1,ERR4566037,WI38,48hpi,2,in vitro,intracellular,singlecell
NP,565,819,1,ERR4566037,WI38,48hpi,2,in vitro,intracellular,singlecell
NP,574,743,1,ERR4566037,WI38,48hpi,2,in vitro,intracellular,singlecell
NP,575,1066,1,ERR4566037,WI38,48hpi,2,in vitro,intracellular,singlecell
NP,578,954,1,ERR4566037,WI38,48hpi,2,in vitro,intracellular,singlecell
NP,57,108,1,ERR4566037,WI38,48hpi,2,in vitro,intracellular,singlecell
NP,582,1019,1,ERR4566037,WI38,48hpi,2,in vitro,intracellular,singlecell
NP,582,616,1,ERR4566037,WI38,48hpi,2,in vitro,intracellular,singlecell
NP,582,836,1,ERR4566037,WI38,48hpi,2,in vitro,intracellular,singlecell
NP,582,894,1,ERR4566037,WI38,48hpi,2,in vitro,intracellular,singlecell
NP,584,1018,1,ERR4566037,WI38,48hpi,2,in vitro,intracellular,singlecell
NP,584,658,1,ERR4566037,WI38,48hpi,2,in vitro,intracellular,singlecell
NP,586,616,1,ERR4566037,WI38,48hpi,2,in vitro,intracellular,singlecell
NP,586,909,1,ERR4566037,WI38,48hpi,2,in vitro,intracellular,singlecell
NP,591,1007,1,ERR4566037,WI38,48hpi,2,in vitro,intracellular,singlecell
NP,608,641,1,ERR4566037,WI38,48hpi,2,in vitro,intracellular,singlecell
NP,626,817,1,ERR4566037,WI38,48hpi,2,in vitro,intracellular,singlecell
NP,627,680,1,ERR4566037,WI38,48hpi,2,in vitro,intracellular,singlecell
NP,642,841,1,ERR4566037,WI38,48hpi,2,in vitro,intracellular,singlecell
NP,647,849,1,ERR4566037,WI38,48hpi,2,in vitro,intracellular,singlecell
NP,652,797,1,ERR4566037,WI38,48hpi,2,in vitro,intracellular,singlecell
NP,653,686,1,ERR4566037,WI38,48hpi,2,in vitro,intracellular,singlecell
NP,656,734,1,ERR4566037,WI38,48hpi,2,in vitro,intracellular,singlecell
NP,656,846,1,ERR4566037,WI38,48hpi,2,in vitro,intracellular,singlecell
NP,670,1311,1,ERR4566037,WI38,48hpi,2,in vitro,intracellular,singlecell
NP,682,816,1,ERR4566037,WI38,48hpi,2,in vitro,intracellular,singlecell
NP,702,756,1,ERR4566037,WI38,48hpi,2,in vitro,intracellular,singlecell
NP,706,930,1,ERR4566037,WI38,48hpi,2,in vitro,intracellular,singlecell
NP,717,1317,1,ERR4566037,WI38,48hpi,2,in vitro,intracellular,singlecell
NP,725,762,1,ERR4566037,WI38,48hpi,2,in vitro,intracellular,singlecell
NP,727,764,1,ERR4566037,WI38,48hpi,2,in vitro,intracellular,singlecell
NP,735,764,1,ERR4566037,WI38,48hpi,2,in vitro,intracellular,singlecell
NP,740,838,1,ERR4566037,WI38,48hpi,2,in vitro,intracellular,singlecell
NP,741,833,1,ERR4566037,WI38,48hpi,2,in vitro,intracellular,singlecell
NP,74,118,1,ERR4566037,WI38,48hpi,2,in vitro,intracellular,singlecell
NP,755,821,1,ERR4566037,WI38,48hpi,2,in vitro,intracellular,singlecell
NP,75,114,2,ERR4566037,WI38,48hpi,2,in vitro,intracellular,singlecell
NP,770,822,1,ERR4566037,WI38,48hpi,2,in vitro,intracellular,singlecell
NP,779,809,1,ERR4566037,WI38,48hpi,2,in vitro,intracellular,singlecell
NP,780,840,1,ERR4566037,WI38,48hpi,2,in vitro,intracellular,singlecell
NP,791,1279,1,ERR4566037,WI38,48hpi,2,in vitro,intracellular,singlecell
NP,794,838,1,ERR4566037,WI38,48hpi,2,in vitro,intracellular,singlecell
NP,809,887,1,ERR4566037,WI38,48hpi,2,in vitro,intracellular,singlecell
NP,818,898,1,ERR4566037,WI38,48hpi,2,in vitro,intracellular,singlecell
NP,848,1294,1,ERR4566037,WI38,48hpi,2,in vitro,intracellular,singlecell
NP,869,1030,1,ERR4566037,WI38,48hpi,2,in vitro,intracellular,singlecell
NP,882,970,1,ERR4566037,WI38,48hpi,2,in vitro,intracellular,singlecell
NP,912,952,1,ERR4566037,WI38,48hpi,2,in vitro,intracellular,singlecell
NP,917,943,1,ERR4566037,WI38,48hpi,2,in vitro,intracellular,singlecell
NP,928,1384,1,ERR4566037,WI38,48hpi,2,in vitro,intracellular,singlecell
NP,929,1073,1,ERR4566037,WI38,48hpi,2,in vitro,intracellular,singlecell
NP,92,146,1,ERR4566037,WI38,48hpi,2,in vitro,intracellular,singlecell
NP,956,1306,1,ERR4566037,WI38,48hpi,2,in vitro,intracellular,singlecell
NP,961,998,1,ERR4566037,WI38,48hpi,2,in vitro,intracellular,singlecell
NP,997,1190,1,ERR4566037,WI38,48hpi,2,in vitro,intracellular,singlecell
NP,99,242,1,ERR4566037,WI38,48hpi,2,in vitro,intracellular,singlecell
NA,1046,1107,1,ERR4566037,WI38,48hpi,2,in vitro,intracellular,singlecell
NA,137,1036,1,ERR4566037,WI38,48hpi,2,in vitro,intracellular,singlecell
NA,278,1353,1,ERR4566037,WI38,48hpi,2,in vitro,intracellular,singlecell
NA,321,946,1,ERR4566037,WI38,48hpi,2,in vitro,intracellular,singlecell
NA,351,904,1,ERR4566037,WI38,48hpi,2,in vitro,intracellular,singlecell
NA,476,532,1,ERR4566037,WI38,48hpi,2,in vitro,intracellular,singlecell
NA,49,77,1,ERR4566037,WI38,48hpi,2,in vitro,intracellular,singlecell
NA,791,825,1,ERR4566037,WI38,48hpi,2,in vitro,intracellular,singlecell
M,130,776,1,ERR4566037,WI38,48hpi,2,in vitro,intracellular,singlecell
M,158,809,1,ERR4566037,WI38,48hpi,2,in vitro,intracellular,singlecell
M,293,792,1,ERR4566037,WI38,48hpi,2,in vitro,intracellular,singlecell
M,387,536,1,ERR4566037,WI38,48hpi,2,in vitro,intracellular,singlecell
M,388,503,1,ERR4566037,WI38,48hpi,2,in vitro,intracellular,singlecell
M,418,443,1,ERR4566037,WI38,48hpi,2,in vitro,intracellular,singlecell
M,429,802,1,ERR4566037,WI38,48hpi,2,in vitro,intracellular,singlecell
M,444,556,1,ERR4566037,WI38,48hpi,2,in vitro,intracellular,singlecell
M,493,614,1,ERR4566037,WI38,48hpi,2,in vitro,intracellular,singlecell
M,52,741,4,ERR4566037,WI38,48hpi,2,in vitro,intracellular,singlecell
M,64,109,1,ERR4566037,WI38,48hpi,2,in vitro,intracellular,singlecell
NS,153,679,1,ERR4566037,WI38,48hpi,2,in vitro,intracellular,singlecell
NS,190,580,1,ERR4566037,WI38,48hpi,2,in vitro,intracellular,singlecell
NS,255,420,1,ERR4566037,WI38,48hpi,2,in vitro,intracellular,singlecell
NS,293,316,1,ERR4566037,WI38,48hpi,2,in vitro,intracellular,singlecell
NS,295,531,1,ERR4566037,WI38,48hpi,2,in vitro,intracellular,singlecell
NS,328,370,1,ERR4566037,WI38,48hpi,2,in vitro,intracellular,singlecell
NS,372,402,1,ERR4566037,WI38,48hpi,2,in vitro,intracellular,singlecell
NS,415,522,1,ERR4566037,WI38,48hpi,2,in vitro,intracellular,singlecell
NS,57,530,26,ERR4566037,WI38,48hpi,2,in vitro,intracellular,singlecell
NS,621,661,1,ERR4566037,WI38,48hpi,2,in vitro,intracellular,singlecell
NS,652,690,1,ERR4566037,WI38,48hpi,2,in vitro,intracellular,singlecell
NS,66,234,1,ERR4566037,WI38,48hpi,2,in vitro,intracellular,singlecell
NS,670,771,1,ERR4566037,WI38,48hpi,2,in vitro,intracellular,singlecell
NS,747,784,1,ERR4566037,WI38,48hpi,2,in vitro,intracellular,singlecell
NS,758,789,1,ERR4566037,WI38,48hpi,2,in vitro,intracellular,singlecell
NS,86,776,1,ERR4566037,WI38,48hpi,2,in vitro,intracellular,singlecell
