Segment,Start,End,NGS_read_count,ACC_num,Cells,Context,Compartment,Resolution
PB2,1245,1395,1,180628A_rec_A-P1p_S218,MDCK,in vitro,extracellular,bulk
PB2,1725,1991,1,180628A_rec_A-P1p_S218,MDCK,in vitro,extracellular,bulk
PB2,207,2097,2,180628A_rec_A-P1p_S218,MDCK,in vitro,extracellular,bulk
PB1,1271,1340,1,180628A_rec_A-P1p_S218,MDCK,in vitro,extracellular,bulk
PB1,1709,1770,1,180628A_rec_A-P1p_S218,MDCK,in vitro,extracellular,bulk
PB1,2053,2082,1,180628A_rec_A-P1p_S218,MDCK,in vitro,extracellular,bulk
PB1,425,1450,1,180628A_rec_A-P1p_S218,MDCK,in vitro,extracellular,bulk
PA,570,1976,1,180628A_rec_A-P1p_S218,MDCK,in vitro,extracellular,bulk
HA,1295,1339,1,180628A_rec_A-P1p_S218,MDCK,in vitro,extracellular,bulk
HA,1323,1471,1,180628A_rec_A-P1p_S218,MDCK,in vitro,extracellular,bulk
NP,327,362,1,180628A_rec_A-P1p_S218,MDCK,in vitro,extracellular,bulk
NP,681,892,1,180628A_rec_A-P1p_S218,MDCK,in vitro,extracellular,bulk
NS,392,430,1,180628A_rec_A-P1p_S218,MDCK,in vitro,extracellular,bulk
PB2,1952,1976,1,180628A_rec_B-P1p_S219,MDCK,in vitro,extracellular,bulk
PB1,625,1878,18,180628A_rec_B-P1p_S219,MDCK,in vitro,extracellular,bulk
PB2,1064,1182,1,180628A_rec_C-P1p_S219,MDCK,in vitro,extracellular,bulk
PB2,1099,2141,1,180628A_rec_C-P1p_S219,MDCK,in vitro,extracellular,bulk
PB2,1104,1193,1,180628A_rec_C-P1p_S219,MDCK,in vitro,extracellular,bulk
PB2,1104,1198,1,180628A_rec_C-P1p_S219,MDCK,in vitro,extracellular,bulk
PB2,1131,1195,1,180628A_rec_C-P1p_S219,MDCK,in vitro,extracellular,bulk
PB2,1135,1603,2,180628A_rec_C-P1p_S219,MDCK,in vitro,extracellular,bulk
PB2,1141,1204,1,180628A_rec_C-P1p_S219,MDCK,in vitro,extracellular,bulk
PB2,1143,1206,2,180628A_rec_C-P1p_S219,MDCK,in vitro,extracellular,bulk
PB2,1228,1639,1,180628A_rec_C-P1p_S219,MDCK,in vitro,extracellular,bulk
PB2,1385,1611,1,180628A_rec_C-P1p_S219,MDCK,in vitro,extracellular,bulk
PB2,1420,1477,1,180628A_rec_C-P1p_S219,MDCK,in vitro,extracellular,bulk
PB2,1453,1634,1,180628A_rec_C-P1p_S219,MDCK,in vitro,extracellular,bulk
PB2,1497,2148,3,180628A_rec_C-P1p_S219,MDCK,in vitro,extracellular,bulk
PB2,1510,1594,1,180628A_rec_C-P1p_S219,MDCK,in vitro,extracellular,bulk
PB2,1517,1642,2,180628A_rec_C-P1p_S219,MDCK,in vitro,extracellular,bulk
PB2,1546,1641,1,180628A_rec_C-P1p_S219,MDCK,in vitro,extracellular,bulk
PB2,1560,1923,1,180628A_rec_C-P1p_S219,MDCK,in vitro,extracellular,bulk
PB2,1591,1625,1,180628A_rec_C-P1p_S219,MDCK,in vitro,extracellular,bulk
PB2,1609,1665,1,180628A_rec_C-P1p_S219,MDCK,in vitro,extracellular,bulk
PB2,1614,1673,1,180628A_rec_C-P1p_S219,MDCK,in vitro,extracellular,bulk
PB2,1717,1772,1,180628A_rec_C-P1p_S219,MDCK,in vitro,extracellular,bulk
PB2,1732,1793,1,180628A_rec_C-P1p_S219,MDCK,in vitro,extracellular,bulk
PB2,1760,1803,2,180628A_rec_C-P1p_S219,MDCK,in vitro,extracellular,bulk
PB2,1784,1831,21,180628A_rec_C-P1p_S219,MDCK,in vitro,extracellular,bulk
PB2,1816,1937,1,180628A_rec_C-P1p_S219,MDCK,in vitro,extracellular,bulk
PB2,1819,1967,1,180628A_rec_C-P1p_S219,MDCK,in vitro,extracellular,bulk
PB2,1851,1952,1,180628A_rec_C-P1p_S219,MDCK,in vitro,extracellular,bulk
PB2,1871,1962,1,180628A_rec_C-P1p_S219,MDCK,in vitro,extracellular,bulk
PB2,192,2011,1,180628A_rec_C-P1p_S219,MDCK,in vitro,extracellular,bulk
PB2,195,2012,434,180628A_rec_C-P1p_S219,MDCK,in vitro,extracellular,bulk
PB2,196,2071,1,180628A_rec_C-P1p_S219,MDCK,in vitro,extracellular,bulk
PB2,1982,2124,1,180628A_rec_C-P1p_S219,MDCK,in vitro,extracellular,bulk
PB2,1990,2147,1,180628A_rec_C-P1p_S219,MDCK,in vitro,extracellular,bulk
PB2,1997,2070,20,180628A_rec_C-P1p_S219,MDCK,in vitro,extracellular,bulk
PB2,199,2117,17,180628A_rec_C-P1p_S219,MDCK,in vitro,extracellular,bulk
PB2,2026,2078,1,180628A_rec_C-P1p_S219,MDCK,in vitro,extracellular,bulk
PB2,2030,2100,1,180628A_rec_C-P1p_S219,MDCK,in vitro,extracellular,bulk
PB2,2045,2082,1,180628A_rec_C-P1p_S219,MDCK,in vitro,extracellular,bulk
PB2,2045,2214,1,180628A_rec_C-P1p_S219,MDCK,in vitro,extracellular,bulk
PB2,2061,2131,1,180628A_rec_C-P1p_S219,MDCK,in vitro,extracellular,bulk
PB2,213,2047,1,180628A_rec_C-P1p_S219,MDCK,in vitro,extracellular,bulk
PB2,2186,2217,1,180628A_rec_C-P1p_S219,MDCK,in vitro,extracellular,bulk
PB2,252,2004,1,180628A_rec_C-P1p_S219,MDCK,in vitro,extracellular,bulk
PB2,258,2001,1,180628A_rec_C-P1p_S219,MDCK,in vitro,extracellular,bulk
PB2,293,2014,1,180628A_rec_C-P1p_S219,MDCK,in vitro,extracellular,bulk
PB2,295,1982,190,180628A_rec_C-P1p_S219,MDCK,in vitro,extracellular,bulk
PB2,305,2057,1,180628A_rec_C-P1p_S219,MDCK,in vitro,extracellular,bulk
PB2,351,1773,10,180628A_rec_C-P1p_S219,MDCK,in vitro,extracellular,bulk
PB2,361,1829,190,180628A_rec_C-P1p_S219,MDCK,in vitro,extracellular,bulk
PB2,365,2026,1,180628A_rec_C-P1p_S219,MDCK,in vitro,extracellular,bulk
PB2,396,1064,1,180628A_rec_C-P1p_S219,MDCK,in vitro,extracellular,bulk
PB2,412,523,1,180628A_rec_C-P1p_S219,MDCK,in vitro,extracellular,bulk
PB2,413,1752,1,180628A_rec_C-P1p_S219,MDCK,in vitro,extracellular,bulk
PB2,422,444,4,180628A_rec_C-P1p_S219,MDCK,in vitro,extracellular,bulk
PB2,434,1594,3,180628A_rec_C-P1p_S219,MDCK,in vitro,extracellular,bulk
PB2,440,1772,3,180628A_rec_C-P1p_S219,MDCK,in vitro,extracellular,bulk
PB2,443,1779,1,180628A_rec_C-P1p_S219,MDCK,in vitro,extracellular,bulk
PB2,449,1151,1,180628A_rec_C-P1p_S219,MDCK,in vitro,extracellular,bulk
PB2,454,1828,1,180628A_rec_C-P1p_S219,MDCK,in vitro,extracellular,bulk
PB2,469,515,1,180628A_rec_C-P1p_S219,MDCK,in vitro,extracellular,bulk
PB2,492,583,1,180628A_rec_C-P1p_S219,MDCK,in vitro,extracellular,bulk
PB2,496,1752,45,180628A_rec_C-P1p_S219,MDCK,in vitro,extracellular,bulk
PB2,498,1830,4,180628A_rec_C-P1p_S219,MDCK,in vitro,extracellular,bulk
PB2,500,1745,1,180628A_rec_C-P1p_S219,MDCK,in vitro,extracellular,bulk
PB2,510,555,2,180628A_rec_C-P1p_S219,MDCK,in vitro,extracellular,bulk
PB2,516,1883,13,180628A_rec_C-P1p_S219,MDCK,in vitro,extracellular,bulk
PB2,520,1790,1,180628A_rec_C-P1p_S219,MDCK,in vitro,extracellular,bulk
PB2,535,1691,1,180628A_rec_C-P1p_S219,MDCK,in vitro,extracellular,bulk
PB2,627,736,2,180628A_rec_C-P1p_S219,MDCK,in vitro,extracellular,bulk
PB2,633,1534,18,180628A_rec_C-P1p_S219,MDCK,in vitro,extracellular,bulk
PB2,633,1738,149,180628A_rec_C-P1p_S219,MDCK,in vitro,extracellular,bulk
PB2,655,1051,1,180628A_rec_C-P1p_S219,MDCK,in vitro,extracellular,bulk
PB2,671,1956,4,180628A_rec_C-P1p_S219,MDCK,in vitro,extracellular,bulk
PB2,713,743,1,180628A_rec_C-P1p_S219,MDCK,in vitro,extracellular,bulk
PB2,720,785,1,180628A_rec_C-P1p_S219,MDCK,in vitro,extracellular,bulk
PB2,811,1521,1,180628A_rec_C-P1p_S219,MDCK,in vitro,extracellular,bulk
PB2,877,1448,2,180628A_rec_C-P1p_S219,MDCK,in vitro,extracellular,bulk
PB2,878,2221,1,180628A_rec_C-P1p_S219,MDCK,in vitro,extracellular,bulk
PB2,927,1366,1,180628A_rec_C-P1p_S219,MDCK,in vitro,extracellular,bulk
PB2,945,1139,1,180628A_rec_C-P1p_S219,MDCK,in vitro,extracellular,bulk
PB2,961,1001,1,180628A_rec_C-P1p_S219,MDCK,in vitro,extracellular,bulk
PB1,1002,1115,4,180628A_rec_C-P1p_S219,MDCK,in vitro,extracellular,bulk
PB1,1081,1484,1,180628A_rec_C-P1p_S219,MDCK,in vitro,extracellular,bulk
PB1,1085,1399,14,180628A_rec_C-P1p_S219,MDCK,in vitro,extracellular,bulk
PB1,1087,1401,1,180628A_rec_C-P1p_S219,MDCK,in vitro,extracellular,bulk
PB1,1090,1404,1,180628A_rec_C-P1p_S219,MDCK,in vitro,extracellular,bulk
PB1,1091,1493,2,180628A_rec_C-P1p_S219,MDCK,in vitro,extracellular,bulk
PB1,1097,1298,1,180628A_rec_C-P1p_S219,MDCK,in vitro,extracellular,bulk
PB1,1139,1164,1,180628A_rec_C-P1p_S219,MDCK,in vitro,extracellular,bulk
PB1,1148,1462,1,180628A_rec_C-P1p_S219,MDCK,in vitro,extracellular,bulk
PB1,1161,1481,1,180628A_rec_C-P1p_S219,MDCK,in vitro,extracellular,bulk
PB1,1170,1352,4,180628A_rec_C-P1p_S219,MDCK,in vitro,extracellular,bulk
PB1,1177,1405,1,180628A_rec_C-P1p_S219,MDCK,in vitro,extracellular,bulk
PB1,1185,1572,1,180628A_rec_C-P1p_S219,MDCK,in vitro,extracellular,bulk
PB1,1188,1272,1,180628A_rec_C-P1p_S219,MDCK,in vitro,extracellular,bulk
PB1,1191,1364,3,180628A_rec_C-P1p_S219,MDCK,in vitro,extracellular,bulk
PB1,1192,1376,3,180628A_rec_C-P1p_S219,MDCK,in vitro,extracellular,bulk
PB1,1193,1341,4,180628A_rec_C-P1p_S219,MDCK,in vitro,extracellular,bulk
PB1,1222,1341,1,180628A_rec_C-P1p_S219,MDCK,in vitro,extracellular,bulk
PB1,1272,1303,1,180628A_rec_C-P1p_S219,MDCK,in vitro,extracellular,bulk
PB1,128,1004,14,180628A_rec_C-P1p_S219,MDCK,in vitro,extracellular,bulk
PB1,128,2080,32,180628A_rec_C-P1p_S219,MDCK,in vitro,extracellular,bulk
PB1,1323,1420,1,180628A_rec_C-P1p_S219,MDCK,in vitro,extracellular,bulk
PB1,137,1995,1,180628A_rec_C-P1p_S219,MDCK,in vitro,extracellular,bulk
PB1,1412,1605,1,180628A_rec_C-P1p_S219,MDCK,in vitro,extracellular,bulk
PB1,1475,1508,1,180628A_rec_C-P1p_S219,MDCK,in vitro,extracellular,bulk
PB1,1483,2144,1,180628A_rec_C-P1p_S219,MDCK,in vitro,extracellular,bulk
PB1,1485,1949,1,180628A_rec_C-P1p_S219,MDCK,in vitro,extracellular,bulk
PB1,1497,2116,3,180628A_rec_C-P1p_S219,MDCK,in vitro,extracellular,bulk
PB1,1512,1844,1,180628A_rec_C-P1p_S219,MDCK,in vitro,extracellular,bulk
PB1,1513,1846,1,180628A_rec_C-P1p_S219,MDCK,in vitro,extracellular,bulk
PB1,1537,1869,2,180628A_rec_C-P1p_S219,MDCK,in vitro,extracellular,bulk
PB1,1544,1827,3,180628A_rec_C-P1p_S219,MDCK,in vitro,extracellular,bulk
PB1,1545,1858,2,180628A_rec_C-P1p_S219,MDCK,in vitro,extracellular,bulk
PB1,1547,1831,1,180628A_rec_C-P1p_S219,MDCK,in vitro,extracellular,bulk
PB1,1548,1604,2,180628A_rec_C-P1p_S219,MDCK,in vitro,extracellular,bulk
PB1,1548,1808,1,180628A_rec_C-P1p_S219,MDCK,in vitro,extracellular,bulk
PB1,1555,1813,1,180628A_rec_C-P1p_S219,MDCK,in vitro,extracellular,bulk
PB1,1586,1855,1,180628A_rec_C-P1p_S219,MDCK,in vitro,extracellular,bulk
PB1,1596,1626,2,180628A_rec_C-P1p_S219,MDCK,in vitro,extracellular,bulk
PB1,1614,1640,2,180628A_rec_C-P1p_S219,MDCK,in vitro,extracellular,bulk
PB1,1614,1646,5,180628A_rec_C-P1p_S219,MDCK,in vitro,extracellular,bulk
PB1,1629,1695,1,180628A_rec_C-P1p_S219,MDCK,in vitro,extracellular,bulk
PB1,1634,1860,1,180628A_rec_C-P1p_S219,MDCK,in vitro,extracellular,bulk
PB1,1637,1946,1,180628A_rec_C-P1p_S219,MDCK,in vitro,extracellular,bulk
PB1,172,2073,1,180628A_rec_C-P1p_S219,MDCK,in vitro,extracellular,bulk
PB1,1803,1851,5,180628A_rec_C-P1p_S219,MDCK,in vitro,extracellular,bulk
PB1,1818,1928,30,180628A_rec_C-P1p_S219,MDCK,in vitro,extracellular,bulk
PB1,1849,2078,1,180628A_rec_C-P1p_S219,MDCK,in vitro,extracellular,bulk
PB1,1887,1945,1,180628A_rec_C-P1p_S219,MDCK,in vitro,extracellular,bulk
PB1,1888,1945,1,180628A_rec_C-P1p_S219,MDCK,in vitro,extracellular,bulk
PB1,192,2110,2,180628A_rec_C-P1p_S219,MDCK,in vitro,extracellular,bulk
PB1,1983,2063,1,180628A_rec_C-P1p_S219,MDCK,in vitro,extracellular,bulk
PB1,2079,2128,1,180628A_rec_C-P1p_S219,MDCK,in vitro,extracellular,bulk
PB1,213,1982,5,180628A_rec_C-P1p_S219,MDCK,in vitro,extracellular,bulk
PB1,2259,2281,1,180628A_rec_C-P1p_S219,MDCK,in vitro,extracellular,bulk
PB1,255,1797,18,180628A_rec_C-P1p_S219,MDCK,in vitro,extracellular,bulk
PB1,300,547,1,180628A_rec_C-P1p_S219,MDCK,in vitro,extracellular,bulk
PB1,301,539,15,180628A_rec_C-P1p_S219,MDCK,in vitro,extracellular,bulk
PB1,320,1913,1,180628A_rec_C-P1p_S219,MDCK,in vitro,extracellular,bulk
PB1,322,1852,2,180628A_rec_C-P1p_S219,MDCK,in vitro,extracellular,bulk
PB1,323,1960,1,180628A_rec_C-P1p_S219,MDCK,in vitro,extracellular,bulk
PB1,328,1928,1,180628A_rec_C-P1p_S219,MDCK,in vitro,extracellular,bulk
PB1,328,1969,1,180628A_rec_C-P1p_S219,MDCK,in vitro,extracellular,bulk
PB1,333,1988,2,180628A_rec_C-P1p_S219,MDCK,in vitro,extracellular,bulk
PB1,348,1911,1,180628A_rec_C-P1p_S219,MDCK,in vitro,extracellular,bulk
PB1,348,2084,2,180628A_rec_C-P1p_S219,MDCK,in vitro,extracellular,bulk
PB1,351,1872,1,180628A_rec_C-P1p_S219,MDCK,in vitro,extracellular,bulk
PB1,373,668,1,180628A_rec_C-P1p_S219,MDCK,in vitro,extracellular,bulk
PB1,374,1876,1,180628A_rec_C-P1p_S219,MDCK,in vitro,extracellular,bulk
PB1,387,1929,1,180628A_rec_C-P1p_S219,MDCK,in vitro,extracellular,bulk
PB1,392,2058,1,180628A_rec_C-P1p_S219,MDCK,in vitro,extracellular,bulk
PB1,393,1926,1,180628A_rec_C-P1p_S219,MDCK,in vitro,extracellular,bulk
PB1,394,1885,1,180628A_rec_C-P1p_S219,MDCK,in vitro,extracellular,bulk
PB1,401,1853,1,180628A_rec_C-P1p_S219,MDCK,in vitro,extracellular,bulk
PB1,402,1813,29,180628A_rec_C-P1p_S219,MDCK,in vitro,extracellular,bulk
PB1,406,1831,1,180628A_rec_C-P1p_S219,MDCK,in vitro,extracellular,bulk
PB1,412,437,1,180628A_rec_C-P1p_S219,MDCK,in vitro,extracellular,bulk
PB1,417,1774,2,180628A_rec_C-P1p_S219,MDCK,in vitro,extracellular,bulk
PB1,434,686,1,180628A_rec_C-P1p_S219,MDCK,in vitro,extracellular,bulk
PB1,449,1772,3,180628A_rec_C-P1p_S219,MDCK,in vitro,extracellular,bulk
PB1,461,1908,1,180628A_rec_C-P1p_S219,MDCK,in vitro,extracellular,bulk
PB1,464,1761,1,180628A_rec_C-P1p_S219,MDCK,in vitro,extracellular,bulk
PB1,464,705,7,180628A_rec_C-P1p_S219,MDCK,in vitro,extracellular,bulk
PB1,478,1872,3,180628A_rec_C-P1p_S219,MDCK,in vitro,extracellular,bulk
PB1,499,538,1,180628A_rec_C-P1p_S219,MDCK,in vitro,extracellular,bulk
PB1,509,1624,8,180628A_rec_C-P1p_S219,MDCK,in vitro,extracellular,bulk
PB1,520,1642,1,180628A_rec_C-P1p_S219,MDCK,in vitro,extracellular,bulk
PB1,521,1752,1,180628A_rec_C-P1p_S219,MDCK,in vitro,extracellular,bulk
PB1,522,568,1,180628A_rec_C-P1p_S219,MDCK,in vitro,extracellular,bulk
PB1,526,1821,1,180628A_rec_C-P1p_S219,MDCK,in vitro,extracellular,bulk
PB1,534,1701,1,180628A_rec_C-P1p_S219,MDCK,in vitro,extracellular,bulk
PB1,543,569,1,180628A_rec_C-P1p_S219,MDCK,in vitro,extracellular,bulk
PB1,554,584,1,180628A_rec_C-P1p_S219,MDCK,in vitro,extracellular,bulk
PB1,561,741,16,180628A_rec_C-P1p_S219,MDCK,in vitro,extracellular,bulk
PB1,563,617,2,180628A_rec_C-P1p_S219,MDCK,in vitro,extracellular,bulk
PB1,568,1691,11,180628A_rec_C-P1p_S219,MDCK,in vitro,extracellular,bulk
PB1,575,626,1,180628A_rec_C-P1p_S219,MDCK,in vitro,extracellular,bulk
PB1,576,1834,19,180628A_rec_C-P1p_S219,MDCK,in vitro,extracellular,bulk
PB1,578,1876,204,180628A_rec_C-P1p_S219,MDCK,in vitro,extracellular,bulk
PB1,594,1551,1,180628A_rec_C-P1p_S219,MDCK,in vitro,extracellular,bulk
PB1,599,1614,1,180628A_rec_C-P1p_S219,MDCK,in vitro,extracellular,bulk
PB1,625,662,2,180628A_rec_C-P1p_S219,MDCK,in vitro,extracellular,bulk
PB1,630,1645,32,180628A_rec_C-P1p_S219,MDCK,in vitro,extracellular,bulk
PB1,646,1592,24,180628A_rec_C-P1p_S219,MDCK,in vitro,extracellular,bulk
PB1,704,1229,1,180628A_rec_C-P1p_S219,MDCK,in vitro,extracellular,bulk
PB1,713,1581,145,180628A_rec_C-P1p_S219,MDCK,in vitro,extracellular,bulk
PB1,782,1544,23,180628A_rec_C-P1p_S219,MDCK,in vitro,extracellular,bulk
PB1,789,1426,1,180628A_rec_C-P1p_S219,MDCK,in vitro,extracellular,bulk
PB1,807,1457,57,180628A_rec_C-P1p_S219,MDCK,in vitro,extracellular,bulk
PB1,822,1281,1,180628A_rec_C-P1p_S219,MDCK,in vitro,extracellular,bulk
PB1,84,114,17,180628A_rec_C-P1p_S219,MDCK,in vitro,extracellular,bulk
PB1,856,1545,1,180628A_rec_C-P1p_S219,MDCK,in vitro,extracellular,bulk
PB1,881,1530,1,180628A_rec_C-P1p_S219,MDCK,in vitro,extracellular,bulk
PB1,893,1363,2,180628A_rec_C-P1p_S219,MDCK,in vitro,extracellular,bulk
PB1,895,1362,3,180628A_rec_C-P1p_S219,MDCK,in vitro,extracellular,bulk
PB1,921,1181,34,180628A_rec_C-P1p_S219,MDCK,in vitro,extracellular,bulk
PB1,924,1363,4,180628A_rec_C-P1p_S219,MDCK,in vitro,extracellular,bulk
PB1,939,961,4,180628A_rec_C-P1p_S219,MDCK,in vitro,extracellular,bulk
PB1,962,1415,1,180628A_rec_C-P1p_S219,MDCK,in vitro,extracellular,bulk
PB1,975,2000,1,180628A_rec_C-P1p_S219,MDCK,in vitro,extracellular,bulk
PB1,994,1151,33,180628A_rec_C-P1p_S219,MDCK,in vitro,extracellular,bulk
PB1,998,1375,37,180628A_rec_C-P1p_S219,MDCK,in vitro,extracellular,bulk
PA,1021,1091,1,180628A_rec_C-P1p_S219,MDCK,in vitro,extracellular,bulk
PA,1041,1720,1,180628A_rec_C-P1p_S219,MDCK,in vitro,extracellular,bulk
PA,1044,1201,1,180628A_rec_C-P1p_S219,MDCK,in vitro,extracellular,bulk
PA,1050,1647,1,180628A_rec_C-P1p_S219,MDCK,in vitro,extracellular,bulk
PA,1115,1157,10,180628A_rec_C-P1p_S219,MDCK,in vitro,extracellular,bulk
PA,1154,1208,1,180628A_rec_C-P1p_S219,MDCK,in vitro,extracellular,bulk
PA,1199,1366,1,180628A_rec_C-P1p_S219,MDCK,in vitro,extracellular,bulk
PA,120,319,1,180628A_rec_C-P1p_S219,MDCK,in vitro,extracellular,bulk
PA,1270,1491,1,180628A_rec_C-P1p_S219,MDCK,in vitro,extracellular,bulk
PA,1285,1333,14,180628A_rec_C-P1p_S219,MDCK,in vitro,extracellular,bulk
PA,129,1959,2,180628A_rec_C-P1p_S219,MDCK,in vitro,extracellular,bulk
PA,1331,1442,1,180628A_rec_C-P1p_S219,MDCK,in vitro,extracellular,bulk
PA,1393,1451,1,180628A_rec_C-P1p_S219,MDCK,in vitro,extracellular,bulk
PA,1393,1489,1,180628A_rec_C-P1p_S219,MDCK,in vitro,extracellular,bulk
PA,1410,1489,2,180628A_rec_C-P1p_S219,MDCK,in vitro,extracellular,bulk
PA,1426,1460,1,180628A_rec_C-P1p_S219,MDCK,in vitro,extracellular,bulk
PA,1426,1647,1,180628A_rec_C-P1p_S219,MDCK,in vitro,extracellular,bulk
PA,1431,1460,1,180628A_rec_C-P1p_S219,MDCK,in vitro,extracellular,bulk
PA,1443,2075,1,180628A_rec_C-P1p_S219,MDCK,in vitro,extracellular,bulk
PA,1463,1492,1,180628A_rec_C-P1p_S219,MDCK,in vitro,extracellular,bulk
PA,1482,1517,2,180628A_rec_C-P1p_S219,MDCK,in vitro,extracellular,bulk
PA,1517,1555,8,180628A_rec_C-P1p_S219,MDCK,in vitro,extracellular,bulk
PA,160,1836,2,180628A_rec_C-P1p_S219,MDCK,in vitro,extracellular,bulk
PA,1655,1779,1,180628A_rec_C-P1p_S219,MDCK,in vitro,extracellular,bulk
PA,1656,1708,3,180628A_rec_C-P1p_S219,MDCK,in vitro,extracellular,bulk
PA,1699,1727,1,180628A_rec_C-P1p_S219,MDCK,in vitro,extracellular,bulk
PA,172,1840,1,180628A_rec_C-P1p_S219,MDCK,in vitro,extracellular,bulk
PA,1752,1798,1,180628A_rec_C-P1p_S219,MDCK,in vitro,extracellular,bulk
PA,1775,2096,1,180628A_rec_C-P1p_S219,MDCK,in vitro,extracellular,bulk
PA,1778,2106,2,180628A_rec_C-P1p_S219,MDCK,in vitro,extracellular,bulk
PA,1814,2171,1,180628A_rec_C-P1p_S219,MDCK,in vitro,extracellular,bulk
PA,1823,2010,2,180628A_rec_C-P1p_S219,MDCK,in vitro,extracellular,bulk
PA,1827,1951,4,180628A_rec_C-P1p_S219,MDCK,in vitro,extracellular,bulk
PA,1848,1881,1,180628A_rec_C-P1p_S219,MDCK,in vitro,extracellular,bulk
PA,1874,1960,133,180628A_rec_C-P1p_S219,MDCK,in vitro,extracellular,bulk
PA,1903,2090,1,180628A_rec_C-P1p_S219,MDCK,in vitro,extracellular,bulk
PA,1915,2090,1,180628A_rec_C-P1p_S219,MDCK,in vitro,extracellular,bulk
PA,1969,2005,1,180628A_rec_C-P1p_S219,MDCK,in vitro,extracellular,bulk
PA,2012,2121,1,180628A_rec_C-P1p_S219,MDCK,in vitro,extracellular,bulk
PA,201,1900,1,180628A_rec_C-P1p_S219,MDCK,in vitro,extracellular,bulk
PA,2061,2123,6,180628A_rec_C-P1p_S219,MDCK,in vitro,extracellular,bulk
PA,2097,2172,1,180628A_rec_C-P1p_S219,MDCK,in vitro,extracellular,bulk
PA,225,1192,1,180628A_rec_C-P1p_S219,MDCK,in vitro,extracellular,bulk
PA,239,1936,1,180628A_rec_C-P1p_S219,MDCK,in vitro,extracellular,bulk
PA,278,502,2,180628A_rec_C-P1p_S219,MDCK,in vitro,extracellular,bulk
PA,312,1871,338,180628A_rec_C-P1p_S219,MDCK,in vitro,extracellular,bulk
PA,352,1692,1,180628A_rec_C-P1p_S219,MDCK,in vitro,extracellular,bulk
PA,367,412,1,180628A_rec_C-P1p_S219,MDCK,in vitro,extracellular,bulk
PA,374,1774,1,180628A_rec_C-P1p_S219,MDCK,in vitro,extracellular,bulk
PA,380,1882,1,180628A_rec_C-P1p_S219,MDCK,in vitro,extracellular,bulk
PA,381,1883,205,180628A_rec_C-P1p_S219,MDCK,in vitro,extracellular,bulk
PA,386,1710,144,180628A_rec_C-P1p_S219,MDCK,in vitro,extracellular,bulk
PA,387,1711,1,180628A_rec_C-P1p_S219,MDCK,in vitro,extracellular,bulk
PA,413,1604,79,180628A_rec_C-P1p_S219,MDCK,in vitro,extracellular,bulk
PA,421,480,1,180628A_rec_C-P1p_S219,MDCK,in vitro,extracellular,bulk
PA,424,1461,1,180628A_rec_C-P1p_S219,MDCK,in vitro,extracellular,bulk
PA,427,1709,2,180628A_rec_C-P1p_S219,MDCK,in vitro,extracellular,bulk
PA,432,627,1,180628A_rec_C-P1p_S219,MDCK,in vitro,extracellular,bulk
PA,451,1623,1,180628A_rec_C-P1p_S219,MDCK,in vitro,extracellular,bulk
PA,458,1338,1,180628A_rec_C-P1p_S219,MDCK,in vitro,extracellular,bulk
PA,460,1444,6,180628A_rec_C-P1p_S219,MDCK,in vitro,extracellular,bulk
PA,475,1675,94,180628A_rec_C-P1p_S219,MDCK,in vitro,extracellular,bulk
PA,488,1610,1,180628A_rec_C-P1p_S219,MDCK,in vitro,extracellular,bulk
PA,492,1621,3,180628A_rec_C-P1p_S219,MDCK,in vitro,extracellular,bulk
PA,534,1583,1,180628A_rec_C-P1p_S219,MDCK,in vitro,extracellular,bulk
PA,553,1449,2,180628A_rec_C-P1p_S219,MDCK,in vitro,extracellular,bulk
PA,554,1450,120,180628A_rec_C-P1p_S219,MDCK,in vitro,extracellular,bulk
PA,555,1709,51,180628A_rec_C-P1p_S219,MDCK,in vitro,extracellular,bulk
PA,575,792,1,180628A_rec_C-P1p_S219,MDCK,in vitro,extracellular,bulk
PA,576,761,1,180628A_rec_C-P1p_S219,MDCK,in vitro,extracellular,bulk
PA,579,1056,1,180628A_rec_C-P1p_S219,MDCK,in vitro,extracellular,bulk
PA,581,1373,1,180628A_rec_C-P1p_S219,MDCK,in vitro,extracellular,bulk
PA,581,755,1,180628A_rec_C-P1p_S219,MDCK,in vitro,extracellular,bulk
PA,582,616,1,180628A_rec_C-P1p_S219,MDCK,in vitro,extracellular,bulk
PA,593,733,1,180628A_rec_C-P1p_S219,MDCK,in vitro,extracellular,bulk
PA,595,1408,108,180628A_rec_C-P1p_S219,MDCK,in vitro,extracellular,bulk
PA,599,2063,1,180628A_rec_C-P1p_S219,MDCK,in vitro,extracellular,bulk
PA,610,1395,1,180628A_rec_C-P1p_S219,MDCK,in vitro,extracellular,bulk
PA,655,1460,18,180628A_rec_C-P1p_S219,MDCK,in vitro,extracellular,bulk
PA,657,1480,1,180628A_rec_C-P1p_S219,MDCK,in vitro,extracellular,bulk
PA,674,1607,1,180628A_rec_C-P1p_S219,MDCK,in vitro,extracellular,bulk
PA,707,1159,1,180628A_rec_C-P1p_S219,MDCK,in vitro,extracellular,bulk
PA,735,1006,1,180628A_rec_C-P1p_S219,MDCK,in vitro,extracellular,bulk
PA,750,777,8,180628A_rec_C-P1p_S219,MDCK,in vitro,extracellular,bulk
PA,753,1072,1,180628A_rec_C-P1p_S219,MDCK,in vitro,extracellular,bulk
PA,755,921,1,180628A_rec_C-P1p_S219,MDCK,in vitro,extracellular,bulk
PA,763,1634,13,180628A_rec_C-P1p_S219,MDCK,in vitro,extracellular,bulk
PA,776,1400,2,180628A_rec_C-P1p_S219,MDCK,in vitro,extracellular,bulk
PA,828,1135,1,180628A_rec_C-P1p_S219,MDCK,in vitro,extracellular,bulk
PA,84,2027,27,180628A_rec_C-P1p_S219,MDCK,in vitro,extracellular,bulk
PA,885,1332,1,180628A_rec_C-P1p_S219,MDCK,in vitro,extracellular,bulk
PA,905,1080,1,180628A_rec_C-P1p_S219,MDCK,in vitro,extracellular,bulk
PA,919,1228,1,180628A_rec_C-P1p_S219,MDCK,in vitro,extracellular,bulk
PA,943,1214,1,180628A_rec_C-P1p_S219,MDCK,in vitro,extracellular,bulk
HA,1019,1064,3,180628A_rec_C-P1p_S219,MDCK,in vitro,extracellular,bulk
HA,1019,1096,1,180628A_rec_C-P1p_S219,MDCK,in vitro,extracellular,bulk
HA,1042,1206,18,180628A_rec_C-P1p_S219,MDCK,in vitro,extracellular,bulk
HA,1101,1156,1,180628A_rec_C-P1p_S219,MDCK,in vitro,extracellular,bulk
HA,1104,1295,1,180628A_rec_C-P1p_S219,MDCK,in vitro,extracellular,bulk
HA,1165,1216,1,180628A_rec_C-P1p_S219,MDCK,in vitro,extracellular,bulk
HA,1235,1277,1,180628A_rec_C-P1p_S219,MDCK,in vitro,extracellular,bulk
HA,1284,1354,59,180628A_rec_C-P1p_S219,MDCK,in vitro,extracellular,bulk
HA,135,721,1,180628A_rec_C-P1p_S219,MDCK,in vitro,extracellular,bulk
HA,1376,1503,1,180628A_rec_C-P1p_S219,MDCK,in vitro,extracellular,bulk
HA,1378,1520,1,180628A_rec_C-P1p_S219,MDCK,in vitro,extracellular,bulk
HA,1470,1705,1,180628A_rec_C-P1p_S219,MDCK,in vitro,extracellular,bulk
HA,1608,1675,1,180628A_rec_C-P1p_S219,MDCK,in vitro,extracellular,bulk
HA,1611,1647,2,180628A_rec_C-P1p_S219,MDCK,in vitro,extracellular,bulk
HA,1623,1689,3,180628A_rec_C-P1p_S219,MDCK,in vitro,extracellular,bulk
HA,208,1449,1,180628A_rec_C-P1p_S219,MDCK,in vitro,extracellular,bulk
HA,212,1365,1,180628A_rec_C-P1p_S219,MDCK,in vitro,extracellular,bulk
HA,255,877,1,180628A_rec_C-P1p_S219,MDCK,in vitro,extracellular,bulk
HA,257,882,2,180628A_rec_C-P1p_S219,MDCK,in vitro,extracellular,bulk
HA,274,594,1,180628A_rec_C-P1p_S219,MDCK,in vitro,extracellular,bulk
HA,348,475,1,180628A_rec_C-P1p_S219,MDCK,in vitro,extracellular,bulk
HA,390,499,4,180628A_rec_C-P1p_S219,MDCK,in vitro,extracellular,bulk
HA,421,472,3,180628A_rec_C-P1p_S219,MDCK,in vitro,extracellular,bulk
HA,447,485,1,180628A_rec_C-P1p_S219,MDCK,in vitro,extracellular,bulk
HA,452,512,3,180628A_rec_C-P1p_S219,MDCK,in vitro,extracellular,bulk
HA,457,559,1,180628A_rec_C-P1p_S219,MDCK,in vitro,extracellular,bulk
HA,492,525,1,180628A_rec_C-P1p_S219,MDCK,in vitro,extracellular,bulk
HA,520,649,1,180628A_rec_C-P1p_S219,MDCK,in vitro,extracellular,bulk
HA,521,669,1,180628A_rec_C-P1p_S219,MDCK,in vitro,extracellular,bulk
HA,535,566,1,180628A_rec_C-P1p_S219,MDCK,in vitro,extracellular,bulk
HA,559,1544,1,180628A_rec_C-P1p_S219,MDCK,in vitro,extracellular,bulk
HA,579,1496,1,180628A_rec_C-P1p_S219,MDCK,in vitro,extracellular,bulk
HA,603,1013,3,180628A_rec_C-P1p_S219,MDCK,in vitro,extracellular,bulk
HA,625,971,1,180628A_rec_C-P1p_S219,MDCK,in vitro,extracellular,bulk
HA,688,1138,1,180628A_rec_C-P1p_S219,MDCK,in vitro,extracellular,bulk
HA,695,1116,1,180628A_rec_C-P1p_S219,MDCK,in vitro,extracellular,bulk
HA,698,1119,36,180628A_rec_C-P1p_S219,MDCK,in vitro,extracellular,bulk
HA,701,771,1,180628A_rec_C-P1p_S219,MDCK,in vitro,extracellular,bulk
HA,705,1032,14,180628A_rec_C-P1p_S219,MDCK,in vitro,extracellular,bulk
HA,705,1204,4,180628A_rec_C-P1p_S219,MDCK,in vitro,extracellular,bulk
HA,706,1007,3,180628A_rec_C-P1p_S219,MDCK,in vitro,extracellular,bulk
HA,707,794,1,180628A_rec_C-P1p_S219,MDCK,in vitro,extracellular,bulk
HA,711,1158,1,180628A_rec_C-P1p_S219,MDCK,in vitro,extracellular,bulk
HA,712,1253,1,180628A_rec_C-P1p_S219,MDCK,in vitro,extracellular,bulk
HA,724,830,1,180628A_rec_C-P1p_S219,MDCK,in vitro,extracellular,bulk
HA,726,817,1,180628A_rec_C-P1p_S219,MDCK,in vitro,extracellular,bulk
HA,775,1332,1,180628A_rec_C-P1p_S219,MDCK,in vitro,extracellular,bulk
HA,788,863,48,180628A_rec_C-P1p_S219,MDCK,in vitro,extracellular,bulk
HA,796,953,1,180628A_rec_C-P1p_S219,MDCK,in vitro,extracellular,bulk
HA,802,934,1,180628A_rec_C-P1p_S219,MDCK,in vitro,extracellular,bulk
HA,830,874,1,180628A_rec_C-P1p_S219,MDCK,in vitro,extracellular,bulk
HA,840,1129,1,180628A_rec_C-P1p_S219,MDCK,in vitro,extracellular,bulk
HA,863,1326,2,180628A_rec_C-P1p_S219,MDCK,in vitro,extracellular,bulk
HA,899,983,1,180628A_rec_C-P1p_S219,MDCK,in vitro,extracellular,bulk
HA,945,1071,2,180628A_rec_C-P1p_S219,MDCK,in vitro,extracellular,bulk
HA,947,1091,1,180628A_rec_C-P1p_S219,MDCK,in vitro,extracellular,bulk
NP,1000,1316,1,180628A_rec_C-P1p_S219,MDCK,in vitro,extracellular,bulk
NP,1007,1193,1,180628A_rec_C-P1p_S219,MDCK,in vitro,extracellular,bulk
NP,1013,1317,1,180628A_rec_C-P1p_S219,MDCK,in vitro,extracellular,bulk
NP,1016,1075,1,180628A_rec_C-P1p_S219,MDCK,in vitro,extracellular,bulk
NP,1041,1327,1,180628A_rec_C-P1p_S219,MDCK,in vitro,extracellular,bulk
NP,1063,1194,1,180628A_rec_C-P1p_S219,MDCK,in vitro,extracellular,bulk
NP,1082,1120,1,180628A_rec_C-P1p_S219,MDCK,in vitro,extracellular,bulk
NP,1115,1272,1,180628A_rec_C-P1p_S219,MDCK,in vitro,extracellular,bulk
NP,1193,1221,3,180628A_rec_C-P1p_S219,MDCK,in vitro,extracellular,bulk
NP,1194,1258,1,180628A_rec_C-P1p_S219,MDCK,in vitro,extracellular,bulk
NP,1204,1339,1,180628A_rec_C-P1p_S219,MDCK,in vitro,extracellular,bulk
NP,1243,1485,3,180628A_rec_C-P1p_S219,MDCK,in vitro,extracellular,bulk
NP,1246,1350,1,180628A_rec_C-P1p_S219,MDCK,in vitro,extracellular,bulk
NP,1291,1354,1,180628A_rec_C-P1p_S219,MDCK,in vitro,extracellular,bulk
NP,1293,1359,1,180628A_rec_C-P1p_S219,MDCK,in vitro,extracellular,bulk
NP,1297,1378,1,180628A_rec_C-P1p_S219,MDCK,in vitro,extracellular,bulk
NP,1298,1360,3,180628A_rec_C-P1p_S219,MDCK,in vitro,extracellular,bulk
NP,131,176,2,180628A_rec_C-P1p_S219,MDCK,in vitro,extracellular,bulk
NP,1341,1522,1,180628A_rec_C-P1p_S219,MDCK,in vitro,extracellular,bulk
NP,1371,1407,5,180628A_rec_C-P1p_S219,MDCK,in vitro,extracellular,bulk
NP,144,1287,40,180628A_rec_C-P1p_S219,MDCK,in vitro,extracellular,bulk
NP,213,440,1,180628A_rec_C-P1p_S219,MDCK,in vitro,extracellular,bulk
NP,239,267,1,180628A_rec_C-P1p_S219,MDCK,in vitro,extracellular,bulk
NP,263,1209,2,180628A_rec_C-P1p_S219,MDCK,in vitro,extracellular,bulk
NP,291,1158,1,180628A_rec_C-P1p_S219,MDCK,in vitro,extracellular,bulk
NP,326,670,1,180628A_rec_C-P1p_S219,MDCK,in vitro,extracellular,bulk
NP,366,678,1,180628A_rec_C-P1p_S219,MDCK,in vitro,extracellular,bulk
NP,367,1356,1,180628A_rec_C-P1p_S219,MDCK,in vitro,extracellular,bulk
NP,372,1359,1,180628A_rec_C-P1p_S219,MDCK,in vitro,extracellular,bulk
NP,406,464,3,180628A_rec_C-P1p_S219,MDCK,in vitro,extracellular,bulk
NP,407,1141,1,180628A_rec_C-P1p_S219,MDCK,in vitro,extracellular,bulk
NP,407,1428,1,180628A_rec_C-P1p_S219,MDCK,in vitro,extracellular,bulk
NP,454,1210,4,180628A_rec_C-P1p_S219,MDCK,in vitro,extracellular,bulk
NP,467,838,1,180628A_rec_C-P1p_S219,MDCK,in vitro,extracellular,bulk
NP,473,999,1,180628A_rec_C-P1p_S219,MDCK,in vitro,extracellular,bulk
NP,481,619,1,180628A_rec_C-P1p_S219,MDCK,in vitro,extracellular,bulk
NP,487,510,2,180628A_rec_C-P1p_S219,MDCK,in vitro,extracellular,bulk
NP,487,536,1,180628A_rec_C-P1p_S219,MDCK,in vitro,extracellular,bulk
NP,494,687,2,180628A_rec_C-P1p_S219,MDCK,in vitro,extracellular,bulk
NP,498,823,1,180628A_rec_C-P1p_S219,MDCK,in vitro,extracellular,bulk
NP,526,656,2,180628A_rec_C-P1p_S219,MDCK,in vitro,extracellular,bulk
NP,527,583,7,180628A_rec_C-P1p_S219,MDCK,in vitro,extracellular,bulk
NP,530,708,1,180628A_rec_C-P1p_S219,MDCK,in vitro,extracellular,bulk
NP,536,1414,2,180628A_rec_C-P1p_S219,MDCK,in vitro,extracellular,bulk
NP,543,982,1,180628A_rec_C-P1p_S219,MDCK,in vitro,extracellular,bulk
NP,548,758,1,180628A_rec_C-P1p_S219,MDCK,in vitro,extracellular,bulk
NP,553,628,35,180628A_rec_C-P1p_S219,MDCK,in vitro,extracellular,bulk
NP,581,818,1,180628A_rec_C-P1p_S219,MDCK,in vitro,extracellular,bulk
NP,582,819,62,180628A_rec_C-P1p_S219,MDCK,in vitro,extracellular,bulk
NP,646,677,1,180628A_rec_C-P1p_S219,MDCK,in vitro,extracellular,bulk
NP,659,786,1,180628A_rec_C-P1p_S219,MDCK,in vitro,extracellular,bulk
NP,670,1228,1,180628A_rec_C-P1p_S219,MDCK,in vitro,extracellular,bulk
NP,673,763,1,180628A_rec_C-P1p_S219,MDCK,in vitro,extracellular,bulk
NP,676,775,2,180628A_rec_C-P1p_S219,MDCK,in vitro,extracellular,bulk
NP,680,1325,1,180628A_rec_C-P1p_S219,MDCK,in vitro,extracellular,bulk
NP,690,811,1,180628A_rec_C-P1p_S219,MDCK,in vitro,extracellular,bulk
NP,709,1193,1,180628A_rec_C-P1p_S219,MDCK,in vitro,extracellular,bulk
NP,739,1139,1,180628A_rec_C-P1p_S219,MDCK,in vitro,extracellular,bulk
NP,739,1272,1,180628A_rec_C-P1p_S219,MDCK,in vitro,extracellular,bulk
NP,743,976,1,180628A_rec_C-P1p_S219,MDCK,in vitro,extracellular,bulk
NP,747,1057,1,180628A_rec_C-P1p_S219,MDCK,in vitro,extracellular,bulk
NP,748,836,2,180628A_rec_C-P1p_S219,MDCK,in vitro,extracellular,bulk
NP,765,1038,1,180628A_rec_C-P1p_S219,MDCK,in vitro,extracellular,bulk
NP,765,819,1,180628A_rec_C-P1p_S219,MDCK,in vitro,extracellular,bulk
NP,765,911,2,180628A_rec_C-P1p_S219,MDCK,in vitro,extracellular,bulk
NP,773,851,1,180628A_rec_C-P1p_S219,MDCK,in vitro,extracellular,bulk
NP,779,844,1,180628A_rec_C-P1p_S219,MDCK,in vitro,extracellular,bulk
NP,787,1173,1,180628A_rec_C-P1p_S219,MDCK,in vitro,extracellular,bulk
NP,804,852,1,180628A_rec_C-P1p_S219,MDCK,in vitro,extracellular,bulk
NP,812,840,1,180628A_rec_C-P1p_S219,MDCK,in vitro,extracellular,bulk
NP,833,897,1,180628A_rec_C-P1p_S219,MDCK,in vitro,extracellular,bulk
NP,833,988,1,180628A_rec_C-P1p_S219,MDCK,in vitro,extracellular,bulk
NP,845,989,1,180628A_rec_C-P1p_S219,MDCK,in vitro,extracellular,bulk
NP,846,1192,8,180628A_rec_C-P1p_S219,MDCK,in vitro,extracellular,bulk
NP,847,1191,1,180628A_rec_C-P1p_S219,MDCK,in vitro,extracellular,bulk
NP,86,151,2,180628A_rec_C-P1p_S219,MDCK,in vitro,extracellular,bulk
NP,878,1118,1,180628A_rec_C-P1p_S219,MDCK,in vitro,extracellular,bulk
NP,891,1170,1,180628A_rec_C-P1p_S219,MDCK,in vitro,extracellular,bulk
NP,894,1504,1,180628A_rec_C-P1p_S219,MDCK,in vitro,extracellular,bulk
NP,89,1295,1,180628A_rec_C-P1p_S219,MDCK,in vitro,extracellular,bulk
NP,912,934,1,180628A_rec_C-P1p_S219,MDCK,in vitro,extracellular,bulk
NP,929,1247,1,180628A_rec_C-P1p_S219,MDCK,in vitro,extracellular,bulk
NP,930,1229,1,180628A_rec_C-P1p_S219,MDCK,in vitro,extracellular,bulk
NP,952,999,1,180628A_rec_C-P1p_S219,MDCK,in vitro,extracellular,bulk
NP,955,1183,1,180628A_rec_C-P1p_S219,MDCK,in vitro,extracellular,bulk
NP,956,981,1,180628A_rec_C-P1p_S219,MDCK,in vitro,extracellular,bulk
NP,960,1174,1,180628A_rec_C-P1p_S219,MDCK,in vitro,extracellular,bulk
NP,968,995,1,180628A_rec_C-P1p_S219,MDCK,in vitro,extracellular,bulk
NP,978,1261,1,180628A_rec_C-P1p_S219,MDCK,in vitro,extracellular,bulk
NA,1056,1114,1,180628A_rec_C-P1p_S219,MDCK,in vitro,extracellular,bulk
NA,1068,1116,1,180628A_rec_C-P1p_S219,MDCK,in vitro,extracellular,bulk
NA,121,152,6,180628A_rec_C-P1p_S219,MDCK,in vitro,extracellular,bulk
NA,194,960,48,180628A_rec_C-P1p_S219,MDCK,in vitro,extracellular,bulk
NA,239,314,1,180628A_rec_C-P1p_S219,MDCK,in vitro,extracellular,bulk
NA,269,879,3,180628A_rec_C-P1p_S219,MDCK,in vitro,extracellular,bulk
NA,285,537,1,180628A_rec_C-P1p_S219,MDCK,in vitro,extracellular,bulk
NA,299,1084,1,180628A_rec_C-P1p_S219,MDCK,in vitro,extracellular,bulk
NA,300,682,1,180628A_rec_C-P1p_S219,MDCK,in vitro,extracellular,bulk
NA,302,324,1,180628A_rec_C-P1p_S219,MDCK,in vitro,extracellular,bulk
NA,345,956,117,180628A_rec_C-P1p_S219,MDCK,in vitro,extracellular,bulk
NA,346,951,122,180628A_rec_C-P1p_S219,MDCK,in vitro,extracellular,bulk
NA,357,536,1,180628A_rec_C-P1p_S219,MDCK,in vitro,extracellular,bulk
NA,399,892,2,180628A_rec_C-P1p_S219,MDCK,in vitro,extracellular,bulk
NA,409,491,5,180628A_rec_C-P1p_S219,MDCK,in vitro,extracellular,bulk
NA,419,448,1,180628A_rec_C-P1p_S219,MDCK,in vitro,extracellular,bulk
NA,433,458,2,180628A_rec_C-P1p_S219,MDCK,in vitro,extracellular,bulk
NA,434,984,1,180628A_rec_C-P1p_S219,MDCK,in vitro,extracellular,bulk
NA,444,985,1,180628A_rec_C-P1p_S219,MDCK,in vitro,extracellular,bulk
NA,487,863,1,180628A_rec_C-P1p_S219,MDCK,in vitro,extracellular,bulk
NA,501,1170,1,180628A_rec_C-P1p_S219,MDCK,in vitro,extracellular,bulk
NA,542,724,2,180628A_rec_C-P1p_S219,MDCK,in vitro,extracellular,bulk
NA,562,683,6,180628A_rec_C-P1p_S219,MDCK,in vitro,extracellular,bulk
NA,629,837,3,180628A_rec_C-P1p_S219,MDCK,in vitro,extracellular,bulk
NA,668,788,2,180628A_rec_C-P1p_S219,MDCK,in vitro,extracellular,bulk
NA,682,849,1,180628A_rec_C-P1p_S219,MDCK,in vitro,extracellular,bulk
NA,686,721,3,180628A_rec_C-P1p_S219,MDCK,in vitro,extracellular,bulk
NA,713,753,1,180628A_rec_C-P1p_S219,MDCK,in vitro,extracellular,bulk
NA,717,964,1,180628A_rec_C-P1p_S219,MDCK,in vitro,extracellular,bulk
NA,717,997,1,180628A_rec_C-P1p_S219,MDCK,in vitro,extracellular,bulk
NA,721,993,1,180628A_rec_C-P1p_S219,MDCK,in vitro,extracellular,bulk
NA,722,994,3,180628A_rec_C-P1p_S219,MDCK,in vitro,extracellular,bulk
NA,733,771,15,180628A_rec_C-P1p_S219,MDCK,in vitro,extracellular,bulk
NA,782,1311,1,180628A_rec_C-P1p_S219,MDCK,in vitro,extracellular,bulk
NA,850,875,1,180628A_rec_C-P1p_S219,MDCK,in vitro,extracellular,bulk
NA,870,1327,11,180628A_rec_C-P1p_S219,MDCK,in vitro,extracellular,bulk
NA,916,1052,1,180628A_rec_C-P1p_S219,MDCK,in vitro,extracellular,bulk
NA,931,1292,1,180628A_rec_C-P1p_S219,MDCK,in vitro,extracellular,bulk
NA,954,1102,1,180628A_rec_C-P1p_S219,MDCK,in vitro,extracellular,bulk
M,257,298,1,180628A_rec_C-P1p_S219,MDCK,in vitro,extracellular,bulk
M,323,664,1,180628A_rec_C-P1p_S219,MDCK,in vitro,extracellular,bulk
M,349,757,1,180628A_rec_C-P1p_S219,MDCK,in vitro,extracellular,bulk
M,375,426,1,180628A_rec_C-P1p_S219,MDCK,in vitro,extracellular,bulk
M,389,478,1,180628A_rec_C-P1p_S219,MDCK,in vitro,extracellular,bulk
M,391,710,1,180628A_rec_C-P1p_S219,MDCK,in vitro,extracellular,bulk
M,402,655,1,180628A_rec_C-P1p_S219,MDCK,in vitro,extracellular,bulk
M,414,463,1,180628A_rec_C-P1p_S219,MDCK,in vitro,extracellular,bulk
M,436,541,1,180628A_rec_C-P1p_S219,MDCK,in vitro,extracellular,bulk
M,447,721,1,180628A_rec_C-P1p_S219,MDCK,in vitro,extracellular,bulk
M,462,705,13,180628A_rec_C-P1p_S219,MDCK,in vitro,extracellular,bulk
M,47,99,1,180628A_rec_C-P1p_S219,MDCK,in vitro,extracellular,bulk
M,490,644,1,180628A_rec_C-P1p_S219,MDCK,in vitro,extracellular,bulk
M,492,628,2,180628A_rec_C-P1p_S219,MDCK,in vitro,extracellular,bulk
M,501,578,20,180628A_rec_C-P1p_S219,MDCK,in vitro,extracellular,bulk
M,503,561,1,180628A_rec_C-P1p_S219,MDCK,in vitro,extracellular,bulk
M,526,667,1,180628A_rec_C-P1p_S219,MDCK,in vitro,extracellular,bulk
M,540,582,1,180628A_rec_C-P1p_S219,MDCK,in vitro,extracellular,bulk
M,583,707,1,180628A_rec_C-P1p_S219,MDCK,in vitro,extracellular,bulk
M,637,839,3,180628A_rec_C-P1p_S219,MDCK,in vitro,extracellular,bulk
M,641,834,3,180628A_rec_C-P1p_S219,MDCK,in vitro,extracellular,bulk
M,652,743,1,180628A_rec_C-P1p_S219,MDCK,in vitro,extracellular,bulk
M,721,837,1,180628A_rec_C-P1p_S219,MDCK,in vitro,extracellular,bulk
M,750,776,1,180628A_rec_C-P1p_S219,MDCK,in vitro,extracellular,bulk
M,899,934,1,180628A_rec_C-P1p_S219,MDCK,in vitro,extracellular,bulk
NS,133,668,1,180628A_rec_C-P1p_S219,MDCK,in vitro,extracellular,bulk
NS,210,350,1,180628A_rec_C-P1p_S219,MDCK,in vitro,extracellular,bulk
NS,285,667,2,180628A_rec_C-P1p_S219,MDCK,in vitro,extracellular,bulk
NS,290,754,1,180628A_rec_C-P1p_S219,MDCK,in vitro,extracellular,bulk
NS,336,510,28,180628A_rec_C-P1p_S219,MDCK,in vitro,extracellular,bulk
NS,375,414,1,180628A_rec_C-P1p_S219,MDCK,in vitro,extracellular,bulk
NS,387,533,2,180628A_rec_C-P1p_S219,MDCK,in vitro,extracellular,bulk
NS,392,434,4,180628A_rec_C-P1p_S219,MDCK,in vitro,extracellular,bulk
NS,402,684,2,180628A_rec_C-P1p_S219,MDCK,in vitro,extracellular,bulk
NS,441,496,1,180628A_rec_C-P1p_S219,MDCK,in vitro,extracellular,bulk
NS,456,481,5,180628A_rec_C-P1p_S219,MDCK,in vitro,extracellular,bulk
NS,462,503,1,180628A_rec_C-P1p_S219,MDCK,in vitro,extracellular,bulk
NS,475,534,1,180628A_rec_C-P1p_S219,MDCK,in vitro,extracellular,bulk
NS,666,754,1,180628A_rec_C-P1p_S219,MDCK,in vitro,extracellular,bulk
PB2,1000,1926,1,180628A_rec_D-P1p_S221,MDCK,in vitro,extracellular,bulk
PB2,1059,1277,1,180628A_rec_D-P1p_S221,MDCK,in vitro,extracellular,bulk
PB2,1101,1726,2,180628A_rec_D-P1p_S221,MDCK,in vitro,extracellular,bulk
PB2,1132,1160,3,180628A_rec_D-P1p_S221,MDCK,in vitro,extracellular,bulk
PB2,1134,1508,1,180628A_rec_D-P1p_S221,MDCK,in vitro,extracellular,bulk
PB2,1135,1489,1,180628A_rec_D-P1p_S221,MDCK,in vitro,extracellular,bulk
PB2,1141,1204,1,180628A_rec_D-P1p_S221,MDCK,in vitro,extracellular,bulk
PB2,115,2126,1,180628A_rec_D-P1p_S221,MDCK,in vitro,extracellular,bulk
PB2,1302,1365,1,180628A_rec_D-P1p_S221,MDCK,in vitro,extracellular,bulk
PB2,1369,1432,1,180628A_rec_D-P1p_S221,MDCK,in vitro,extracellular,bulk
PB2,1401,1487,1,180628A_rec_D-P1p_S221,MDCK,in vitro,extracellular,bulk
PB2,1455,1485,1,180628A_rec_D-P1p_S221,MDCK,in vitro,extracellular,bulk
PB2,1551,1646,1,180628A_rec_D-P1p_S221,MDCK,in vitro,extracellular,bulk
PB2,1597,1728,1,180628A_rec_D-P1p_S221,MDCK,in vitro,extracellular,bulk
PB2,1667,2229,1,180628A_rec_D-P1p_S221,MDCK,in vitro,extracellular,bulk
PB2,1717,1772,1,180628A_rec_D-P1p_S221,MDCK,in vitro,extracellular,bulk
PB2,1720,1747,1,180628A_rec_D-P1p_S221,MDCK,in vitro,extracellular,bulk
PB2,1817,1950,1,180628A_rec_D-P1p_S221,MDCK,in vitro,extracellular,bulk
PB2,1836,1946,1,180628A_rec_D-P1p_S221,MDCK,in vitro,extracellular,bulk
PB2,1860,1882,1,180628A_rec_D-P1p_S221,MDCK,in vitro,extracellular,bulk
PB2,1861,1966,1,180628A_rec_D-P1p_S221,MDCK,in vitro,extracellular,bulk
PB2,2026,2066,1,180628A_rec_D-P1p_S221,MDCK,in vitro,extracellular,bulk
PB2,2065,2147,1,180628A_rec_D-P1p_S221,MDCK,in vitro,extracellular,bulk
PB2,212,1047,1,180628A_rec_D-P1p_S221,MDCK,in vitro,extracellular,bulk
PB2,2186,2217,1,180628A_rec_D-P1p_S221,MDCK,in vitro,extracellular,bulk
PB2,407,2015,2,180628A_rec_D-P1p_S221,MDCK,in vitro,extracellular,bulk
PB2,412,523,3,180628A_rec_D-P1p_S221,MDCK,in vitro,extracellular,bulk
PB2,510,555,1,180628A_rec_D-P1p_S221,MDCK,in vitro,extracellular,bulk
PB2,608,1633,2,180628A_rec_D-P1p_S221,MDCK,in vitro,extracellular,bulk
PB2,655,1051,1,180628A_rec_D-P1p_S221,MDCK,in vitro,extracellular,bulk
PB2,841,885,1,180628A_rec_D-P1p_S221,MDCK,in vitro,extracellular,bulk
PB2,852,894,1,180628A_rec_D-P1p_S221,MDCK,in vitro,extracellular,bulk
PB2,85,1863,3,180628A_rec_D-P1p_S221,MDCK,in vitro,extracellular,bulk
PB2,879,1847,1,180628A_rec_D-P1p_S221,MDCK,in vitro,extracellular,bulk
PB1,1080,1223,1,180628A_rec_D-P1p_S221,MDCK,in vitro,extracellular,bulk
PB1,1085,1399,6,180628A_rec_D-P1p_S221,MDCK,in vitro,extracellular,bulk
PB1,1157,1539,1,180628A_rec_D-P1p_S221,MDCK,in vitro,extracellular,bulk
PB1,1177,1405,2,180628A_rec_D-P1p_S221,MDCK,in vitro,extracellular,bulk
PB1,1178,1825,1,180628A_rec_D-P1p_S221,MDCK,in vitro,extracellular,bulk
PB1,1188,1272,1,180628A_rec_D-P1p_S221,MDCK,in vitro,extracellular,bulk
PB1,1226,1793,2,180628A_rec_D-P1p_S221,MDCK,in vitro,extracellular,bulk
PB1,1293,2047,1,180628A_rec_D-P1p_S221,MDCK,in vitro,extracellular,bulk
PB1,136,1989,7,180628A_rec_D-P1p_S221,MDCK,in vitro,extracellular,bulk
PB1,1384,2204,1,180628A_rec_D-P1p_S221,MDCK,in vitro,extracellular,bulk
PB1,1447,1486,1,180628A_rec_D-P1p_S221,MDCK,in vitro,extracellular,bulk
PB1,1497,1750,1,180628A_rec_D-P1p_S221,MDCK,in vitro,extracellular,bulk
PB1,1548,1993,1,180628A_rec_D-P1p_S221,MDCK,in vitro,extracellular,bulk
PB1,1586,1855,1,180628A_rec_D-P1p_S221,MDCK,in vitro,extracellular,bulk
PB1,1613,1642,1,180628A_rec_D-P1p_S221,MDCK,in vitro,extracellular,bulk
PB1,1777,1917,1,180628A_rec_D-P1p_S221,MDCK,in vitro,extracellular,bulk
PB1,1793,1856,1,180628A_rec_D-P1p_S221,MDCK,in vitro,extracellular,bulk
PB1,1802,1971,1,180628A_rec_D-P1p_S221,MDCK,in vitro,extracellular,bulk
PB1,269,2105,1,180628A_rec_D-P1p_S221,MDCK,in vitro,extracellular,bulk
PB1,29,103,1,180628A_rec_D-P1p_S221,MDCK,in vitro,extracellular,bulk
PB1,301,539,4,180628A_rec_D-P1p_S221,MDCK,in vitro,extracellular,bulk
PB1,360,541,1,180628A_rec_D-P1p_S221,MDCK,in vitro,extracellular,bulk
PB1,446,2107,2,180628A_rec_D-P1p_S221,MDCK,in vitro,extracellular,bulk
PB1,464,705,2,180628A_rec_D-P1p_S221,MDCK,in vitro,extracellular,bulk
PB1,524,1769,19,180628A_rec_D-P1p_S221,MDCK,in vitro,extracellular,bulk
PB1,525,1742,2,180628A_rec_D-P1p_S221,MDCK,in vitro,extracellular,bulk
PB1,568,1770,1,180628A_rec_D-P1p_S221,MDCK,in vitro,extracellular,bulk
PB1,571,1505,1,180628A_rec_D-P1p_S221,MDCK,in vitro,extracellular,bulk
PB1,574,1640,1,180628A_rec_D-P1p_S221,MDCK,in vitro,extracellular,bulk
PB1,607,637,1,180628A_rec_D-P1p_S221,MDCK,in vitro,extracellular,bulk
PB1,794,822,26,180628A_rec_D-P1p_S221,MDCK,in vitro,extracellular,bulk
PB1,818,844,1,180628A_rec_D-P1p_S221,MDCK,in vitro,extracellular,bulk
PB1,849,2175,1,180628A_rec_D-P1p_S221,MDCK,in vitro,extracellular,bulk
PB1,893,1363,1,180628A_rec_D-P1p_S221,MDCK,in vitro,extracellular,bulk
PB1,895,1362,2,180628A_rec_D-P1p_S221,MDCK,in vitro,extracellular,bulk
PB1,989,1022,1,180628A_rec_D-P1p_S221,MDCK,in vitro,extracellular,bulk
PA,105,1095,2,180628A_rec_D-P1p_S221,MDCK,in vitro,extracellular,bulk
PA,1398,1425,1,180628A_rec_D-P1p_S221,MDCK,in vitro,extracellular,bulk
PA,1400,1431,1,180628A_rec_D-P1p_S221,MDCK,in vitro,extracellular,bulk
PA,1577,1605,1,180628A_rec_D-P1p_S221,MDCK,in vitro,extracellular,bulk
PA,164,2028,3,180628A_rec_D-P1p_S221,MDCK,in vitro,extracellular,bulk
PA,1723,1836,1,180628A_rec_D-P1p_S221,MDCK,in vitro,extracellular,bulk
PA,1983,2014,1,180628A_rec_D-P1p_S221,MDCK,in vitro,extracellular,bulk
PA,2019,2060,1,180628A_rec_D-P1p_S221,MDCK,in vitro,extracellular,bulk
PA,2061,2123,1,180628A_rec_D-P1p_S221,MDCK,in vitro,extracellular,bulk
PA,218,274,1,180628A_rec_D-P1p_S221,MDCK,in vitro,extracellular,bulk
PA,256,1876,16,180628A_rec_D-P1p_S221,MDCK,in vitro,extracellular,bulk
PA,281,1767,2,180628A_rec_D-P1p_S221,MDCK,in vitro,extracellular,bulk
PA,294,322,1,180628A_rec_D-P1p_S221,MDCK,in vitro,extracellular,bulk
PA,365,1832,18,180628A_rec_D-P1p_S221,MDCK,in vitro,extracellular,bulk
PA,389,459,1,180628A_rec_D-P1p_S221,MDCK,in vitro,extracellular,bulk
PA,416,440,1,180628A_rec_D-P1p_S221,MDCK,in vitro,extracellular,bulk
PA,430,1707,2,180628A_rec_D-P1p_S221,MDCK,in vitro,extracellular,bulk
PA,493,1380,59,180628A_rec_D-P1p_S221,MDCK,in vitro,extracellular,bulk
PA,493,1739,1,180628A_rec_D-P1p_S221,MDCK,in vitro,extracellular,bulk
PA,498,632,1,180628A_rec_D-P1p_S221,MDCK,in vitro,extracellular,bulk
PA,518,1710,348,180628A_rec_D-P1p_S221,MDCK,in vitro,extracellular,bulk
PA,522,619,2,180628A_rec_D-P1p_S221,MDCK,in vitro,extracellular,bulk
PA,559,1542,173,180628A_rec_D-P1p_S221,MDCK,in vitro,extracellular,bulk
PA,560,1543,1,180628A_rec_D-P1p_S221,MDCK,in vitro,extracellular,bulk
PA,563,1633,1,180628A_rec_D-P1p_S221,MDCK,in vitro,extracellular,bulk
PA,598,1671,1,180628A_rec_D-P1p_S221,MDCK,in vitro,extracellular,bulk
PA,616,1530,1,180628A_rec_D-P1p_S221,MDCK,in vitro,extracellular,bulk
PA,647,1760,175,180628A_rec_D-P1p_S221,MDCK,in vitro,extracellular,bulk
PA,651,1366,1,180628A_rec_D-P1p_S221,MDCK,in vitro,extracellular,bulk
PA,772,1578,568,180628A_rec_D-P1p_S221,MDCK,in vitro,extracellular,bulk
PA,779,1854,1,180628A_rec_D-P1p_S221,MDCK,in vitro,extracellular,bulk
PA,842,1295,1,180628A_rec_D-P1p_S221,MDCK,in vitro,extracellular,bulk
HA,1019,1064,2,180628A_rec_D-P1p_S221,MDCK,in vitro,extracellular,bulk
HA,1122,1173,1,180628A_rec_D-P1p_S221,MDCK,in vitro,extracellular,bulk
HA,1320,1405,1,180628A_rec_D-P1p_S221,MDCK,in vitro,extracellular,bulk
HA,1321,1586,1,180628A_rec_D-P1p_S221,MDCK,in vitro,extracellular,bulk
HA,190,704,2,180628A_rec_D-P1p_S221,MDCK,in vitro,extracellular,bulk
HA,296,1280,52,180628A_rec_D-P1p_S221,MDCK,in vitro,extracellular,bulk
HA,348,475,2,180628A_rec_D-P1p_S221,MDCK,in vitro,extracellular,bulk
HA,552,1137,1,180628A_rec_D-P1p_S221,MDCK,in vitro,extracellular,bulk
HA,705,1032,7,180628A_rec_D-P1p_S221,MDCK,in vitro,extracellular,bulk
HA,707,794,2,180628A_rec_D-P1p_S221,MDCK,in vitro,extracellular,bulk
HA,736,1033,10,180628A_rec_D-P1p_S221,MDCK,in vitro,extracellular,bulk
HA,751,1083,1,180628A_rec_D-P1p_S221,MDCK,in vitro,extracellular,bulk
HA,775,1332,1,180628A_rec_D-P1p_S221,MDCK,in vitro,extracellular,bulk
NP,1070,1125,1,180628A_rec_D-P1p_S221,MDCK,in vitro,extracellular,bulk
NP,1093,1115,1,180628A_rec_D-P1p_S221,MDCK,in vitro,extracellular,bulk
NP,1096,1125,1,180628A_rec_D-P1p_S221,MDCK,in vitro,extracellular,bulk
NP,1107,1319,1,180628A_rec_D-P1p_S221,MDCK,in vitro,extracellular,bulk
NP,1239,1379,1,180628A_rec_D-P1p_S221,MDCK,in vitro,extracellular,bulk
NP,1243,1485,2,180628A_rec_D-P1p_S221,MDCK,in vitro,extracellular,bulk
NP,1245,1529,1,180628A_rec_D-P1p_S221,MDCK,in vitro,extracellular,bulk
NP,126,176,2,180628A_rec_D-P1p_S221,MDCK,in vitro,extracellular,bulk
NP,242,1329,2,180628A_rec_D-P1p_S221,MDCK,in vitro,extracellular,bulk
NP,248,618,1,180628A_rec_D-P1p_S221,MDCK,in vitro,extracellular,bulk
NP,288,391,1,180628A_rec_D-P1p_S221,MDCK,in vitro,extracellular,bulk
NP,290,691,1,180628A_rec_D-P1p_S221,MDCK,in vitro,extracellular,bulk
NP,292,1359,1,180628A_rec_D-P1p_S221,MDCK,in vitro,extracellular,bulk
NP,311,1135,2,180628A_rec_D-P1p_S221,MDCK,in vitro,extracellular,bulk
NP,406,464,1,180628A_rec_D-P1p_S221,MDCK,in vitro,extracellular,bulk
NP,408,466,1,180628A_rec_D-P1p_S221,MDCK,in vitro,extracellular,bulk
NP,481,619,1,180628A_rec_D-P1p_S221,MDCK,in vitro,extracellular,bulk
NP,499,691,1,180628A_rec_D-P1p_S221,MDCK,in vitro,extracellular,bulk
NP,512,806,2,180628A_rec_D-P1p_S221,MDCK,in vitro,extracellular,bulk
NP,541,598,1,180628A_rec_D-P1p_S221,MDCK,in vitro,extracellular,bulk
NP,591,1057,1,180628A_rec_D-P1p_S221,MDCK,in vitro,extracellular,bulk
NP,598,753,1,180628A_rec_D-P1p_S221,MDCK,in vitro,extracellular,bulk
NP,637,742,1,180628A_rec_D-P1p_S221,MDCK,in vitro,extracellular,bulk
NP,663,792,1,180628A_rec_D-P1p_S221,MDCK,in vitro,extracellular,bulk
NP,674,741,2,180628A_rec_D-P1p_S221,MDCK,in vitro,extracellular,bulk
NP,695,723,1,180628A_rec_D-P1p_S221,MDCK,in vitro,extracellular,bulk
NP,725,752,1,180628A_rec_D-P1p_S221,MDCK,in vitro,extracellular,bulk
NP,726,1139,2,180628A_rec_D-P1p_S221,MDCK,in vitro,extracellular,bulk
NP,787,1173,1,180628A_rec_D-P1p_S221,MDCK,in vitro,extracellular,bulk
NP,894,1504,1,180628A_rec_D-P1p_S221,MDCK,in vitro,extracellular,bulk
NP,930,1229,1,180628A_rec_D-P1p_S221,MDCK,in vitro,extracellular,bulk
NA,1216,1262,1,180628A_rec_D-P1p_S221,MDCK,in vitro,extracellular,bulk
NA,283,848,4,180628A_rec_D-P1p_S221,MDCK,in vitro,extracellular,bulk
NA,284,318,1,180628A_rec_D-P1p_S221,MDCK,in vitro,extracellular,bulk
NA,350,798,1,180628A_rec_D-P1p_S221,MDCK,in vitro,extracellular,bulk
NA,356,435,1,180628A_rec_D-P1p_S221,MDCK,in vitro,extracellular,bulk
NA,421,468,1,180628A_rec_D-P1p_S221,MDCK,in vitro,extracellular,bulk
NA,433,458,1,180628A_rec_D-P1p_S221,MDCK,in vitro,extracellular,bulk
NA,582,745,4,180628A_rec_D-P1p_S221,MDCK,in vitro,extracellular,bulk
NA,583,791,139,180628A_rec_D-P1p_S221,MDCK,in vitro,extracellular,bulk
NA,668,788,1,180628A_rec_D-P1p_S221,MDCK,in vitro,extracellular,bulk
NA,705,1112,1,180628A_rec_D-P1p_S221,MDCK,in vitro,extracellular,bulk
NA,853,1120,2,180628A_rec_D-P1p_S221,MDCK,in vitro,extracellular,bulk
M,147,219,1,180628A_rec_D-P1p_S221,MDCK,in vitro,extracellular,bulk
M,358,412,1,180628A_rec_D-P1p_S221,MDCK,in vitro,extracellular,bulk
M,365,427,1,180628A_rec_D-P1p_S221,MDCK,in vitro,extracellular,bulk
M,391,647,1,180628A_rec_D-P1p_S221,MDCK,in vitro,extracellular,bulk
M,450,512,1,180628A_rec_D-P1p_S221,MDCK,in vitro,extracellular,bulk
M,459,512,2,180628A_rec_D-P1p_S221,MDCK,in vitro,extracellular,bulk
M,491,645,2,180628A_rec_D-P1p_S221,MDCK,in vitro,extracellular,bulk
M,540,689,1,180628A_rec_D-P1p_S221,MDCK,in vitro,extracellular,bulk
M,643,707,1,180628A_rec_D-P1p_S221,MDCK,in vitro,extracellular,bulk
M,669,742,1,180628A_rec_D-P1p_S221,MDCK,in vitro,extracellular,bulk
M,716,764,1,180628A_rec_D-P1p_S221,MDCK,in vitro,extracellular,bulk
NS,37,552,1,180628A_rec_D-P1p_S221,MDCK,in vitro,extracellular,bulk
NS,392,430,2,180628A_rec_D-P1p_S221,MDCK,in vitro,extracellular,bulk
NS,392,434,2,180628A_rec_D-P1p_S221,MDCK,in vitro,extracellular,bulk
NS,423,446,20,180628A_rec_D-P1p_S221,MDCK,in vitro,extracellular,bulk
NS,453,639,1,180628A_rec_D-P1p_S221,MDCK,in vitro,extracellular,bulk
NS,466,537,1,180628A_rec_D-P1p_S221,MDCK,in vitro,extracellular,bulk
NS,69,186,3,180628A_rec_D-P1p_S221,MDCK,in vitro,extracellular,bulk
PB2,1014,1120,1,180628A_rec_WT1p6-1213_S242,MDCK,in vitro,extracellular,bulk
PB2,1061,1362,1,180628A_rec_WT1p6-1213_S242,MDCK,in vitro,extracellular,bulk
PB2,1084,1488,1,180628A_rec_WT1p6-1213_S242,MDCK,in vitro,extracellular,bulk
PB2,1095,1190,2,180628A_rec_WT1p6-1213_S242,MDCK,in vitro,extracellular,bulk
PB2,1105,1955,1,180628A_rec_WT1p6-1213_S242,MDCK,in vitro,extracellular,bulk
PB2,1120,1246,1,180628A_rec_WT1p6-1213_S242,MDCK,in vitro,extracellular,bulk
PB2,1131,1195,2,180628A_rec_WT1p6-1213_S242,MDCK,in vitro,extracellular,bulk
PB2,1132,1160,4,180628A_rec_WT1p6-1213_S242,MDCK,in vitro,extracellular,bulk
PB2,1141,1204,1,180628A_rec_WT1p6-1213_S242,MDCK,in vitro,extracellular,bulk
PB2,1153,1347,1,180628A_rec_WT1p6-1213_S242,MDCK,in vitro,extracellular,bulk
PB2,1194,1643,1,180628A_rec_WT1p6-1213_S242,MDCK,in vitro,extracellular,bulk
PB2,1264,1504,2,180628A_rec_WT1p6-1213_S242,MDCK,in vitro,extracellular,bulk
PB2,1284,1658,1,180628A_rec_WT1p6-1213_S242,MDCK,in vitro,extracellular,bulk
PB2,1293,1632,1,180628A_rec_WT1p6-1213_S242,MDCK,in vitro,extracellular,bulk
PB2,1404,1641,1,180628A_rec_WT1p6-1213_S242,MDCK,in vitro,extracellular,bulk
PB2,1407,1559,1,180628A_rec_WT1p6-1213_S242,MDCK,in vitro,extracellular,bulk
PB2,1418,1857,1,180628A_rec_WT1p6-1213_S242,MDCK,in vitro,extracellular,bulk
PB2,1453,1634,1,180628A_rec_WT1p6-1213_S242,MDCK,in vitro,extracellular,bulk
PB2,1467,1730,1,180628A_rec_WT1p6-1213_S242,MDCK,in vitro,extracellular,bulk
PB2,1476,1837,1,180628A_rec_WT1p6-1213_S242,MDCK,in vitro,extracellular,bulk
PB2,1496,1726,1,180628A_rec_WT1p6-1213_S242,MDCK,in vitro,extracellular,bulk
PB2,1510,1542,3,180628A_rec_WT1p6-1213_S242,MDCK,in vitro,extracellular,bulk
PB2,1517,1642,3,180628A_rec_WT1p6-1213_S242,MDCK,in vitro,extracellular,bulk
PB2,1521,2151,1,180628A_rec_WT1p6-1213_S242,MDCK,in vitro,extracellular,bulk
PB2,1524,1938,2,180628A_rec_WT1p6-1213_S242,MDCK,in vitro,extracellular,bulk
PB2,1545,1670,1,180628A_rec_WT1p6-1213_S242,MDCK,in vitro,extracellular,bulk
PB2,1547,1610,1,180628A_rec_WT1p6-1213_S242,MDCK,in vitro,extracellular,bulk
PB2,1595,1628,2,180628A_rec_WT1p6-1213_S242,MDCK,in vitro,extracellular,bulk
PB2,1595,1741,1,180628A_rec_WT1p6-1213_S242,MDCK,in vitro,extracellular,bulk
PB2,1597,1647,1,180628A_rec_WT1p6-1213_S242,MDCK,in vitro,extracellular,bulk
PB2,1602,1628,3,180628A_rec_WT1p6-1213_S242,MDCK,in vitro,extracellular,bulk
PB2,1607,1645,1,180628A_rec_WT1p6-1213_S242,MDCK,in vitro,extracellular,bulk
PB2,1707,1740,1,180628A_rec_WT1p6-1213_S242,MDCK,in vitro,extracellular,bulk
PB2,1708,1733,1,180628A_rec_WT1p6-1213_S242,MDCK,in vitro,extracellular,bulk
PB2,1712,1752,1,180628A_rec_WT1p6-1213_S242,MDCK,in vitro,extracellular,bulk
PB2,1717,1772,1,180628A_rec_WT1p6-1213_S242,MDCK,in vitro,extracellular,bulk
PB2,1725,1808,1,180628A_rec_WT1p6-1213_S242,MDCK,in vitro,extracellular,bulk
PB2,1725,1839,1,180628A_rec_WT1p6-1213_S242,MDCK,in vitro,extracellular,bulk
PB2,1817,1950,1,180628A_rec_WT1p6-1213_S242,MDCK,in vitro,extracellular,bulk
PB2,1847,2202,1,180628A_rec_WT1p6-1213_S242,MDCK,in vitro,extracellular,bulk
PB2,1957,2147,1,180628A_rec_WT1p6-1213_S242,MDCK,in vitro,extracellular,bulk
PB2,1982,2212,1,180628A_rec_WT1p6-1213_S242,MDCK,in vitro,extracellular,bulk
PB2,1990,2147,1,180628A_rec_WT1p6-1213_S242,MDCK,in vitro,extracellular,bulk
PB2,2030,2100,1,180628A_rec_WT1p6-1213_S242,MDCK,in vitro,extracellular,bulk
PB2,2039,2185,1,180628A_rec_WT1p6-1213_S242,MDCK,in vitro,extracellular,bulk
PB2,2045,2082,4,180628A_rec_WT1p6-1213_S242,MDCK,in vitro,extracellular,bulk
PB2,2186,2217,1,180628A_rec_WT1p6-1213_S242,MDCK,in vitro,extracellular,bulk
PB2,349,1839,1,180628A_rec_WT1p6-1213_S242,MDCK,in vitro,extracellular,bulk
PB2,397,1766,1,180628A_rec_WT1p6-1213_S242,MDCK,in vitro,extracellular,bulk
PB2,412,523,3,180628A_rec_WT1p6-1213_S242,MDCK,in vitro,extracellular,bulk
PB2,428,1830,15,180628A_rec_WT1p6-1213_S242,MDCK,in vitro,extracellular,bulk
PB2,433,1743,1,180628A_rec_WT1p6-1213_S242,MDCK,in vitro,extracellular,bulk
PB2,463,552,1,180628A_rec_WT1p6-1213_S242,MDCK,in vitro,extracellular,bulk
PB2,467,1827,1,180628A_rec_WT1p6-1213_S242,MDCK,in vitro,extracellular,bulk
PB2,497,1887,1,180628A_rec_WT1p6-1213_S242,MDCK,in vitro,extracellular,bulk
PB2,501,592,1,180628A_rec_WT1p6-1213_S242,MDCK,in vitro,extracellular,bulk
PB2,510,555,1,180628A_rec_WT1p6-1213_S242,MDCK,in vitro,extracellular,bulk
PB2,532,1930,1,180628A_rec_WT1p6-1213_S242,MDCK,in vitro,extracellular,bulk
PB2,535,1803,1,180628A_rec_WT1p6-1213_S242,MDCK,in vitro,extracellular,bulk
PB2,547,1194,2,180628A_rec_WT1p6-1213_S242,MDCK,in vitro,extracellular,bulk
PB2,555,1709,1,180628A_rec_WT1p6-1213_S242,MDCK,in vitro,extracellular,bulk
PB2,564,1627,7,180628A_rec_WT1p6-1213_S242,MDCK,in vitro,extracellular,bulk
PB2,573,669,1,180628A_rec_WT1p6-1213_S242,MDCK,in vitro,extracellular,bulk
PB2,592,1600,1,180628A_rec_WT1p6-1213_S242,MDCK,in vitro,extracellular,bulk
PB2,641,1645,1,180628A_rec_WT1p6-1213_S242,MDCK,in vitro,extracellular,bulk
PB2,655,1051,1,180628A_rec_WT1p6-1213_S242,MDCK,in vitro,extracellular,bulk
PB2,681,2113,1,180628A_rec_WT1p6-1213_S242,MDCK,in vitro,extracellular,bulk
PB2,758,1587,1,180628A_rec_WT1p6-1213_S242,MDCK,in vitro,extracellular,bulk
PB2,767,1403,2,180628A_rec_WT1p6-1213_S242,MDCK,in vitro,extracellular,bulk
PB2,774,874,1,180628A_rec_WT1p6-1213_S242,MDCK,in vitro,extracellular,bulk
PB2,835,1057,2,180628A_rec_WT1p6-1213_S242,MDCK,in vitro,extracellular,bulk
PB2,844,1994,1,180628A_rec_WT1p6-1213_S242,MDCK,in vitro,extracellular,bulk
PB2,852,894,5,180628A_rec_WT1p6-1213_S242,MDCK,in vitro,extracellular,bulk
PB2,854,932,2,180628A_rec_WT1p6-1213_S242,MDCK,in vitro,extracellular,bulk
PB2,861,1494,1,180628A_rec_WT1p6-1213_S242,MDCK,in vitro,extracellular,bulk
PB1,1085,1399,10,180628A_rec_WT1p6-1213_S242,MDCK,in vitro,extracellular,bulk
PB1,1091,1493,1,180628A_rec_WT1p6-1213_S242,MDCK,in vitro,extracellular,bulk
PB1,1151,1545,1,180628A_rec_WT1p6-1213_S242,MDCK,in vitro,extracellular,bulk
PB1,1158,1529,1,180628A_rec_WT1p6-1213_S242,MDCK,in vitro,extracellular,bulk
PB1,1170,1352,1,180628A_rec_WT1p6-1213_S242,MDCK,in vitro,extracellular,bulk
PB1,1177,1405,1,180628A_rec_WT1p6-1213_S242,MDCK,in vitro,extracellular,bulk
PB1,1191,1364,4,180628A_rec_WT1p6-1213_S242,MDCK,in vitro,extracellular,bulk
PB1,1192,1367,1,180628A_rec_WT1p6-1213_S242,MDCK,in vitro,extracellular,bulk
PB1,1192,1376,2,180628A_rec_WT1p6-1213_S242,MDCK,in vitro,extracellular,bulk
PB1,1256,1289,1,180628A_rec_WT1p6-1213_S242,MDCK,in vitro,extracellular,bulk
PB1,1257,1594,1,180628A_rec_WT1p6-1213_S242,MDCK,in vitro,extracellular,bulk
PB1,1291,1839,1,180628A_rec_WT1p6-1213_S242,MDCK,in vitro,extracellular,bulk
PB1,136,2166,1,180628A_rec_WT1p6-1213_S242,MDCK,in vitro,extracellular,bulk
PB1,1383,1954,1,180628A_rec_WT1p6-1213_S242,MDCK,in vitro,extracellular,bulk
PB1,1384,2204,1,180628A_rec_WT1p6-1213_S242,MDCK,in vitro,extracellular,bulk
PB1,139,165,3,180628A_rec_WT1p6-1213_S242,MDCK,in vitro,extracellular,bulk
PB1,1412,1605,2,180628A_rec_WT1p6-1213_S242,MDCK,in vitro,extracellular,bulk
PB1,1455,1523,1,180628A_rec_WT1p6-1213_S242,MDCK,in vitro,extracellular,bulk
PB1,1477,1505,1,180628A_rec_WT1p6-1213_S242,MDCK,in vitro,extracellular,bulk
PB1,1491,1697,1,180628A_rec_WT1p6-1213_S242,MDCK,in vitro,extracellular,bulk
PB1,1496,1556,1,180628A_rec_WT1p6-1213_S242,MDCK,in vitro,extracellular,bulk
PB1,1525,1694,1,180628A_rec_WT1p6-1213_S242,MDCK,in vitro,extracellular,bulk
PB1,1529,1639,1,180628A_rec_WT1p6-1213_S242,MDCK,in vitro,extracellular,bulk
PB1,1544,1827,1,180628A_rec_WT1p6-1213_S242,MDCK,in vitro,extracellular,bulk
PB1,1548,1604,1,180628A_rec_WT1p6-1213_S242,MDCK,in vitro,extracellular,bulk
PB1,1548,1993,1,180628A_rec_WT1p6-1213_S242,MDCK,in vitro,extracellular,bulk
PB1,1549,1994,1,180628A_rec_WT1p6-1213_S242,MDCK,in vitro,extracellular,bulk
PB1,1550,1674,1,180628A_rec_WT1p6-1213_S242,MDCK,in vitro,extracellular,bulk
PB1,1555,1742,1,180628A_rec_WT1p6-1213_S242,MDCK,in vitro,extracellular,bulk
PB1,1557,2131,1,180628A_rec_WT1p6-1213_S242,MDCK,in vitro,extracellular,bulk
PB1,1586,1855,2,180628A_rec_WT1p6-1213_S242,MDCK,in vitro,extracellular,bulk
PB1,1661,1816,1,180628A_rec_WT1p6-1213_S242,MDCK,in vitro,extracellular,bulk
PB1,1679,1728,1,180628A_rec_WT1p6-1213_S242,MDCK,in vitro,extracellular,bulk
PB1,1833,1896,1,180628A_rec_WT1p6-1213_S242,MDCK,in vitro,extracellular,bulk
PB1,1860,1930,2,180628A_rec_WT1p6-1213_S242,MDCK,in vitro,extracellular,bulk
PB1,1870,1902,3,180628A_rec_WT1p6-1213_S242,MDCK,in vitro,extracellular,bulk
PB1,1958,1996,1,180628A_rec_WT1p6-1213_S242,MDCK,in vitro,extracellular,bulk
PB1,1977,2045,1,180628A_rec_WT1p6-1213_S242,MDCK,in vitro,extracellular,bulk
PB1,1982,2025,3,180628A_rec_WT1p6-1213_S242,MDCK,in vitro,extracellular,bulk
PB1,240,270,4,180628A_rec_WT1p6-1213_S242,MDCK,in vitro,extracellular,bulk
PB1,275,2091,1,180628A_rec_WT1p6-1213_S242,MDCK,in vitro,extracellular,bulk
PB1,301,539,7,180628A_rec_WT1p6-1213_S242,MDCK,in vitro,extracellular,bulk
PB1,305,1936,3,180628A_rec_WT1p6-1213_S242,MDCK,in vitro,extracellular,bulk
PB1,318,2044,2,180628A_rec_WT1p6-1213_S242,MDCK,in vitro,extracellular,bulk
PB1,321,1896,2,180628A_rec_WT1p6-1213_S242,MDCK,in vitro,extracellular,bulk
PB1,322,1941,10,180628A_rec_WT1p6-1213_S242,MDCK,in vitro,extracellular,bulk
PB1,324,1994,1,180628A_rec_WT1p6-1213_S242,MDCK,in vitro,extracellular,bulk
PB1,329,1882,3,180628A_rec_WT1p6-1213_S242,MDCK,in vitro,extracellular,bulk
PB1,334,2133,1,180628A_rec_WT1p6-1213_S242,MDCK,in vitro,extracellular,bulk
PB1,345,1927,1,180628A_rec_WT1p6-1213_S242,MDCK,in vitro,extracellular,bulk
PB1,345,2099,6,180628A_rec_WT1p6-1213_S242,MDCK,in vitro,extracellular,bulk
PB1,347,1892,89,180628A_rec_WT1p6-1213_S242,MDCK,in vitro,extracellular,bulk
PB1,356,1840,2,180628A_rec_WT1p6-1213_S242,MDCK,in vitro,extracellular,bulk
PB1,363,1917,2,180628A_rec_WT1p6-1213_S242,MDCK,in vitro,extracellular,bulk
PB1,363,1959,1,180628A_rec_WT1p6-1213_S242,MDCK,in vitro,extracellular,bulk
PB1,425,1755,1,180628A_rec_WT1p6-1213_S242,MDCK,in vitro,extracellular,bulk
PB1,430,1729,24,180628A_rec_WT1p6-1213_S242,MDCK,in vitro,extracellular,bulk
PB1,461,1836,1,180628A_rec_WT1p6-1213_S242,MDCK,in vitro,extracellular,bulk
PB1,464,705,2,180628A_rec_WT1p6-1213_S242,MDCK,in vitro,extracellular,bulk
PB1,510,2227,1,180628A_rec_WT1p6-1213_S242,MDCK,in vitro,extracellular,bulk
PB1,521,1688,1,180628A_rec_WT1p6-1213_S242,MDCK,in vitro,extracellular,bulk
PB1,547,707,1,180628A_rec_WT1p6-1213_S242,MDCK,in vitro,extracellular,bulk
PB1,556,660,1,180628A_rec_WT1p6-1213_S242,MDCK,in vitro,extracellular,bulk
PB1,557,1712,1,180628A_rec_WT1p6-1213_S242,MDCK,in vitro,extracellular,bulk
PB1,562,1864,1,180628A_rec_WT1p6-1213_S242,MDCK,in vitro,extracellular,bulk
PB1,565,1606,1,180628A_rec_WT1p6-1213_S242,MDCK,in vitro,extracellular,bulk
PB1,566,1818,1,180628A_rec_WT1p6-1213_S242,MDCK,in vitro,extracellular,bulk
PB1,568,1679,1,180628A_rec_WT1p6-1213_S242,MDCK,in vitro,extracellular,bulk
PB1,578,1639,3,180628A_rec_WT1p6-1213_S242,MDCK,in vitro,extracellular,bulk
PB1,610,1457,1,180628A_rec_WT1p6-1213_S242,MDCK,in vitro,extracellular,bulk
PB1,610,1628,1,180628A_rec_WT1p6-1213_S242,MDCK,in vitro,extracellular,bulk
PB1,631,1689,1,180628A_rec_WT1p6-1213_S242,MDCK,in vitro,extracellular,bulk
PB1,658,1516,1,180628A_rec_WT1p6-1213_S242,MDCK,in vitro,extracellular,bulk
PB1,65,93,1,180628A_rec_WT1p6-1213_S242,MDCK,in vitro,extracellular,bulk
PB1,674,1607,1,180628A_rec_WT1p6-1213_S242,MDCK,in vitro,extracellular,bulk
PB1,701,1499,3,180628A_rec_WT1p6-1213_S242,MDCK,in vitro,extracellular,bulk
PB1,745,1104,1,180628A_rec_WT1p6-1213_S242,MDCK,in vitro,extracellular,bulk
PB1,745,1461,1,180628A_rec_WT1p6-1213_S242,MDCK,in vitro,extracellular,bulk
PB1,752,2010,2,180628A_rec_WT1p6-1213_S242,MDCK,in vitro,extracellular,bulk
PB1,753,1654,1,180628A_rec_WT1p6-1213_S242,MDCK,in vitro,extracellular,bulk
PB1,754,1905,2,180628A_rec_WT1p6-1213_S242,MDCK,in vitro,extracellular,bulk
PB1,781,1542,1,180628A_rec_WT1p6-1213_S242,MDCK,in vitro,extracellular,bulk
PB1,893,1363,3,180628A_rec_WT1p6-1213_S242,MDCK,in vitro,extracellular,bulk
PB1,894,2000,1,180628A_rec_WT1p6-1213_S242,MDCK,in vitro,extracellular,bulk
PB1,895,1362,2,180628A_rec_WT1p6-1213_S242,MDCK,in vitro,extracellular,bulk
PB1,965,1028,1,180628A_rec_WT1p6-1213_S242,MDCK,in vitro,extracellular,bulk
PA,1016,1099,1,180628A_rec_WT1p6-1213_S242,MDCK,in vitro,extracellular,bulk
PA,102,2006,1,180628A_rec_WT1p6-1213_S242,MDCK,in vitro,extracellular,bulk
PA,104,403,1,180628A_rec_WT1p6-1213_S242,MDCK,in vitro,extracellular,bulk
PA,1129,1757,1,180628A_rec_WT1p6-1213_S242,MDCK,in vitro,extracellular,bulk
PA,1187,1662,1,180628A_rec_WT1p6-1213_S242,MDCK,in vitro,extracellular,bulk
PA,1201,2094,1,180628A_rec_WT1p6-1213_S242,MDCK,in vitro,extracellular,bulk
PA,121,363,1,180628A_rec_WT1p6-1213_S242,MDCK,in vitro,extracellular,bulk
PA,1243,1387,1,180628A_rec_WT1p6-1213_S242,MDCK,in vitro,extracellular,bulk
PA,1328,1479,1,180628A_rec_WT1p6-1213_S242,MDCK,in vitro,extracellular,bulk
PA,1363,1396,1,180628A_rec_WT1p6-1213_S242,MDCK,in vitro,extracellular,bulk
PA,1392,1629,1,180628A_rec_WT1p6-1213_S242,MDCK,in vitro,extracellular,bulk
PA,1393,1432,1,180628A_rec_WT1p6-1213_S242,MDCK,in vitro,extracellular,bulk
PA,1393,1456,1,180628A_rec_WT1p6-1213_S242,MDCK,in vitro,extracellular,bulk
PA,1415,1493,1,180628A_rec_WT1p6-1213_S242,MDCK,in vitro,extracellular,bulk
PA,143,1872,1,180628A_rec_WT1p6-1213_S242,MDCK,in vitro,extracellular,bulk
PA,1478,1789,1,180628A_rec_WT1p6-1213_S242,MDCK,in vitro,extracellular,bulk
PA,1509,1723,1,180628A_rec_WT1p6-1213_S242,MDCK,in vitro,extracellular,bulk
PA,1514,1541,1,180628A_rec_WT1p6-1213_S242,MDCK,in vitro,extracellular,bulk
PA,1577,1605,1,180628A_rec_WT1p6-1213_S242,MDCK,in vitro,extracellular,bulk
PA,1605,1780,1,180628A_rec_WT1p6-1213_S242,MDCK,in vitro,extracellular,bulk
PA,1697,1735,1,180628A_rec_WT1p6-1213_S242,MDCK,in vitro,extracellular,bulk
PA,1726,2049,1,180628A_rec_WT1p6-1213_S242,MDCK,in vitro,extracellular,bulk
PA,1768,2115,1,180628A_rec_WT1p6-1213_S242,MDCK,in vitro,extracellular,bulk
PA,1771,2091,1,180628A_rec_WT1p6-1213_S242,MDCK,in vitro,extracellular,bulk
PA,1883,2105,1,180628A_rec_WT1p6-1213_S242,MDCK,in vitro,extracellular,bulk
PA,1908,2103,2,180628A_rec_WT1p6-1213_S242,MDCK,in vitro,extracellular,bulk
PA,2061,2123,4,180628A_rec_WT1p6-1213_S242,MDCK,in vitro,extracellular,bulk
PA,207,1945,1,180628A_rec_WT1p6-1213_S242,MDCK,in vitro,extracellular,bulk
PA,2091,2142,1,180628A_rec_WT1p6-1213_S242,MDCK,in vitro,extracellular,bulk
PA,2097,2172,1,180628A_rec_WT1p6-1213_S242,MDCK,in vitro,extracellular,bulk
PA,225,1192,1,180628A_rec_WT1p6-1213_S242,MDCK,in vitro,extracellular,bulk
PA,243,1948,1,180628A_rec_WT1p6-1213_S242,MDCK,in vitro,extracellular,bulk
PA,245,1945,13,180628A_rec_WT1p6-1213_S242,MDCK,in vitro,extracellular,bulk
PA,258,1903,5,180628A_rec_WT1p6-1213_S242,MDCK,in vitro,extracellular,bulk
PA,276,1882,7,180628A_rec_WT1p6-1213_S242,MDCK,in vitro,extracellular,bulk
PA,285,1920,15,180628A_rec_WT1p6-1213_S242,MDCK,in vitro,extracellular,bulk
PA,301,1842,19,180628A_rec_WT1p6-1213_S242,MDCK,in vitro,extracellular,bulk
PA,302,971,1,180628A_rec_WT1p6-1213_S242,MDCK,in vitro,extracellular,bulk
PA,365,568,1,180628A_rec_WT1p6-1213_S242,MDCK,in vitro,extracellular,bulk
PA,368,1700,9,180628A_rec_WT1p6-1213_S242,MDCK,in vitro,extracellular,bulk
PA,389,1774,1,180628A_rec_WT1p6-1213_S242,MDCK,in vitro,extracellular,bulk
PA,391,1753,3,180628A_rec_WT1p6-1213_S242,MDCK,in vitro,extracellular,bulk
PA,398,1697,4,180628A_rec_WT1p6-1213_S242,MDCK,in vitro,extracellular,bulk
PA,407,1764,1,180628A_rec_WT1p6-1213_S242,MDCK,in vitro,extracellular,bulk
PA,409,1002,1,180628A_rec_WT1p6-1213_S242,MDCK,in vitro,extracellular,bulk
PA,412,1717,2,180628A_rec_WT1p6-1213_S242,MDCK,in vitro,extracellular,bulk
PA,427,926,1,180628A_rec_WT1p6-1213_S242,MDCK,in vitro,extracellular,bulk
PA,451,1732,5,180628A_rec_WT1p6-1213_S242,MDCK,in vitro,extracellular,bulk
PA,479,1611,1,180628A_rec_WT1p6-1213_S242,MDCK,in vitro,extracellular,bulk
PA,483,923,1,180628A_rec_WT1p6-1213_S242,MDCK,in vitro,extracellular,bulk
PA,494,821,1,180628A_rec_WT1p6-1213_S242,MDCK,in vitro,extracellular,bulk
PA,536,731,1,180628A_rec_WT1p6-1213_S242,MDCK,in vitro,extracellular,bulk
PA,539,1550,1,180628A_rec_WT1p6-1213_S242,MDCK,in vitro,extracellular,bulk
PA,544,820,1,180628A_rec_WT1p6-1213_S242,MDCK,in vitro,extracellular,bulk
PA,546,2074,1,180628A_rec_WT1p6-1213_S242,MDCK,in vitro,extracellular,bulk
PA,559,1541,1,180628A_rec_WT1p6-1213_S242,MDCK,in vitro,extracellular,bulk
PA,581,1373,4,180628A_rec_WT1p6-1213_S242,MDCK,in vitro,extracellular,bulk
PA,581,1409,1,180628A_rec_WT1p6-1213_S242,MDCK,in vitro,extracellular,bulk
PA,581,905,1,180628A_rec_WT1p6-1213_S242,MDCK,in vitro,extracellular,bulk
PA,582,616,1,180628A_rec_WT1p6-1213_S242,MDCK,in vitro,extracellular,bulk
PA,584,702,1,180628A_rec_WT1p6-1213_S242,MDCK,in vitro,extracellular,bulk
PA,594,1020,1,180628A_rec_WT1p6-1213_S242,MDCK,in vitro,extracellular,bulk
PA,600,1744,3,180628A_rec_WT1p6-1213_S242,MDCK,in vitro,extracellular,bulk
PA,604,1121,2,180628A_rec_WT1p6-1213_S242,MDCK,in vitro,extracellular,bulk
PA,630,799,1,180628A_rec_WT1p6-1213_S242,MDCK,in vitro,extracellular,bulk
PA,648,1002,1,180628A_rec_WT1p6-1213_S242,MDCK,in vitro,extracellular,bulk
PA,661,1162,1,180628A_rec_WT1p6-1213_S242,MDCK,in vitro,extracellular,bulk
PA,694,1032,1,180628A_rec_WT1p6-1213_S242,MDCK,in vitro,extracellular,bulk
PA,753,1072,1,180628A_rec_WT1p6-1213_S242,MDCK,in vitro,extracellular,bulk
PA,754,905,1,180628A_rec_WT1p6-1213_S242,MDCK,in vitro,extracellular,bulk
PA,776,987,1,180628A_rec_WT1p6-1213_S242,MDCK,in vitro,extracellular,bulk
PA,779,878,1,180628A_rec_WT1p6-1213_S242,MDCK,in vitro,extracellular,bulk
PA,809,1197,2,180628A_rec_WT1p6-1213_S242,MDCK,in vitro,extracellular,bulk
PA,828,1324,2,180628A_rec_WT1p6-1213_S242,MDCK,in vitro,extracellular,bulk
PA,842,881,1,180628A_rec_WT1p6-1213_S242,MDCK,in vitro,extracellular,bulk
PA,842,976,1,180628A_rec_WT1p6-1213_S242,MDCK,in vitro,extracellular,bulk
PA,855,900,1,180628A_rec_WT1p6-1213_S242,MDCK,in vitro,extracellular,bulk
PA,903,1072,1,180628A_rec_WT1p6-1213_S242,MDCK,in vitro,extracellular,bulk
PA,905,1080,1,180628A_rec_WT1p6-1213_S242,MDCK,in vitro,extracellular,bulk
PA,905,1107,1,180628A_rec_WT1p6-1213_S242,MDCK,in vitro,extracellular,bulk
PA,905,2100,1,180628A_rec_WT1p6-1213_S242,MDCK,in vitro,extracellular,bulk
PA,924,1894,1,180628A_rec_WT1p6-1213_S242,MDCK,in vitro,extracellular,bulk
HA,1005,1032,1,180628A_rec_WT1p6-1213_S242,MDCK,in vitro,extracellular,bulk
HA,1019,1064,1,180628A_rec_WT1p6-1213_S242,MDCK,in vitro,extracellular,bulk
HA,1023,1104,1,180628A_rec_WT1p6-1213_S242,MDCK,in vitro,extracellular,bulk
HA,1073,1339,1,180628A_rec_WT1p6-1213_S242,MDCK,in vitro,extracellular,bulk
HA,1073,1388,1,180628A_rec_WT1p6-1213_S242,MDCK,in vitro,extracellular,bulk
HA,1120,1322,1,180628A_rec_WT1p6-1213_S242,MDCK,in vitro,extracellular,bulk
HA,1121,1587,1,180628A_rec_WT1p6-1213_S242,MDCK,in vitro,extracellular,bulk
HA,1134,1230,1,180628A_rec_WT1p6-1213_S242,MDCK,in vitro,extracellular,bulk
HA,1225,1417,1,180628A_rec_WT1p6-1213_S242,MDCK,in vitro,extracellular,bulk
HA,1290,1408,1,180628A_rec_WT1p6-1213_S242,MDCK,in vitro,extracellular,bulk
HA,1330,1690,1,180628A_rec_WT1p6-1213_S242,MDCK,in vitro,extracellular,bulk
HA,1401,1448,1,180628A_rec_WT1p6-1213_S242,MDCK,in vitro,extracellular,bulk
HA,1469,1527,2,180628A_rec_WT1p6-1213_S242,MDCK,in vitro,extracellular,bulk
HA,153,346,1,180628A_rec_WT1p6-1213_S242,MDCK,in vitro,extracellular,bulk
HA,1623,1689,1,180628A_rec_WT1p6-1213_S242,MDCK,in vitro,extracellular,bulk
HA,1647,1684,1,180628A_rec_WT1p6-1213_S242,MDCK,in vitro,extracellular,bulk
HA,211,1448,2,180628A_rec_WT1p6-1213_S242,MDCK,in vitro,extracellular,bulk
HA,233,1447,1,180628A_rec_WT1p6-1213_S242,MDCK,in vitro,extracellular,bulk
HA,247,670,2,180628A_rec_WT1p6-1213_S242,MDCK,in vitro,extracellular,bulk
HA,277,1348,1,180628A_rec_WT1p6-1213_S242,MDCK,in vitro,extracellular,bulk
HA,278,519,1,180628A_rec_WT1p6-1213_S242,MDCK,in vitro,extracellular,bulk
HA,280,1403,1,180628A_rec_WT1p6-1213_S242,MDCK,in vitro,extracellular,bulk
HA,299,494,1,180628A_rec_WT1p6-1213_S242,MDCK,in vitro,extracellular,bulk
HA,342,811,1,180628A_rec_WT1p6-1213_S242,MDCK,in vitro,extracellular,bulk
HA,348,475,2,180628A_rec_WT1p6-1213_S242,MDCK,in vitro,extracellular,bulk
HA,357,1230,1,180628A_rec_WT1p6-1213_S242,MDCK,in vitro,extracellular,bulk
HA,365,709,1,180628A_rec_WT1p6-1213_S242,MDCK,in vitro,extracellular,bulk
HA,390,499,1,180628A_rec_WT1p6-1213_S242,MDCK,in vitro,extracellular,bulk
HA,400,1095,1,180628A_rec_WT1p6-1213_S242,MDCK,in vitro,extracellular,bulk
HA,400,1479,1,180628A_rec_WT1p6-1213_S242,MDCK,in vitro,extracellular,bulk
HA,452,837,1,180628A_rec_WT1p6-1213_S242,MDCK,in vitro,extracellular,bulk
HA,453,532,1,180628A_rec_WT1p6-1213_S242,MDCK,in vitro,extracellular,bulk
HA,457,737,1,180628A_rec_WT1p6-1213_S242,MDCK,in vitro,extracellular,bulk
HA,535,566,1,180628A_rec_WT1p6-1213_S242,MDCK,in vitro,extracellular,bulk
HA,611,837,1,180628A_rec_WT1p6-1213_S242,MDCK,in vitro,extracellular,bulk
HA,622,1139,1,180628A_rec_WT1p6-1213_S242,MDCK,in vitro,extracellular,bulk
HA,705,1032,11,180628A_rec_WT1p6-1213_S242,MDCK,in vitro,extracellular,bulk
HA,705,1204,1,180628A_rec_WT1p6-1213_S242,MDCK,in vitro,extracellular,bulk
HA,706,1007,1,180628A_rec_WT1p6-1213_S242,MDCK,in vitro,extracellular,bulk
HA,707,794,1,180628A_rec_WT1p6-1213_S242,MDCK,in vitro,extracellular,bulk
HA,711,1158,2,180628A_rec_WT1p6-1213_S242,MDCK,in vitro,extracellular,bulk
HA,721,753,2,180628A_rec_WT1p6-1213_S242,MDCK,in vitro,extracellular,bulk
HA,729,814,1,180628A_rec_WT1p6-1213_S242,MDCK,in vitro,extracellular,bulk
HA,740,770,1,180628A_rec_WT1p6-1213_S242,MDCK,in vitro,extracellular,bulk
HA,775,838,1,180628A_rec_WT1p6-1213_S242,MDCK,in vitro,extracellular,bulk
HA,800,856,1,180628A_rec_WT1p6-1213_S242,MDCK,in vitro,extracellular,bulk
HA,835,1396,1,180628A_rec_WT1p6-1213_S242,MDCK,in vitro,extracellular,bulk
HA,847,1643,1,180628A_rec_WT1p6-1213_S242,MDCK,in vitro,extracellular,bulk
HA,863,1326,2,180628A_rec_WT1p6-1213_S242,MDCK,in vitro,extracellular,bulk
HA,90,197,1,180628A_rec_WT1p6-1213_S242,MDCK,in vitro,extracellular,bulk
HA,919,1003,1,180628A_rec_WT1p6-1213_S242,MDCK,in vitro,extracellular,bulk
HA,943,1004,1,180628A_rec_WT1p6-1213_S242,MDCK,in vitro,extracellular,bulk
HA,968,1244,1,180628A_rec_WT1p6-1213_S242,MDCK,in vitro,extracellular,bulk
NP,1013,1081,1,180628A_rec_WT1p6-1213_S242,MDCK,in vitro,extracellular,bulk
NP,1111,1176,1,180628A_rec_WT1p6-1213_S242,MDCK,in vitro,extracellular,bulk
NP,1123,1148,1,180628A_rec_WT1p6-1213_S242,MDCK,in vitro,extracellular,bulk
NP,1193,1221,1,180628A_rec_WT1p6-1213_S242,MDCK,in vitro,extracellular,bulk
NP,1204,1339,1,180628A_rec_WT1p6-1213_S242,MDCK,in vitro,extracellular,bulk
NP,1243,1485,1,180628A_rec_WT1p6-1213_S242,MDCK,in vitro,extracellular,bulk
NP,1297,1378,1,180628A_rec_WT1p6-1213_S242,MDCK,in vitro,extracellular,bulk
NP,1298,1360,1,180628A_rec_WT1p6-1213_S242,MDCK,in vitro,extracellular,bulk
NP,239,267,2,180628A_rec_WT1p6-1213_S242,MDCK,in vitro,extracellular,bulk
NP,253,544,1,180628A_rec_WT1p6-1213_S242,MDCK,in vitro,extracellular,bulk
NP,326,670,1,180628A_rec_WT1p6-1213_S242,MDCK,in vitro,extracellular,bulk
NP,327,362,1,180628A_rec_WT1p6-1213_S242,MDCK,in vitro,extracellular,bulk
NP,327,671,1,180628A_rec_WT1p6-1213_S242,MDCK,in vitro,extracellular,bulk
NP,351,1164,1,180628A_rec_WT1p6-1213_S242,MDCK,in vitro,extracellular,bulk
NP,366,678,1,180628A_rec_WT1p6-1213_S242,MDCK,in vitro,extracellular,bulk
NP,406,464,4,180628A_rec_WT1p6-1213_S242,MDCK,in vitro,extracellular,bulk
NP,411,471,1,180628A_rec_WT1p6-1213_S242,MDCK,in vitro,extracellular,bulk
NP,424,763,1,180628A_rec_WT1p6-1213_S242,MDCK,in vitro,extracellular,bulk
NP,425,617,1,180628A_rec_WT1p6-1213_S242,MDCK,in vitro,extracellular,bulk
NP,434,486,2,180628A_rec_WT1p6-1213_S242,MDCK,in vitro,extracellular,bulk
NP,444,833,1,180628A_rec_WT1p6-1213_S242,MDCK,in vitro,extracellular,bulk
NP,456,547,1,180628A_rec_WT1p6-1213_S242,MDCK,in vitro,extracellular,bulk
NP,459,656,1,180628A_rec_WT1p6-1213_S242,MDCK,in vitro,extracellular,bulk
NP,468,1020,1,180628A_rec_WT1p6-1213_S242,MDCK,in vitro,extracellular,bulk
NP,472,1141,1,180628A_rec_WT1p6-1213_S242,MDCK,in vitro,extracellular,bulk
NP,478,613,1,180628A_rec_WT1p6-1213_S242,MDCK,in vitro,extracellular,bulk
NP,481,535,1,180628A_rec_WT1p6-1213_S242,MDCK,in vitro,extracellular,bulk
NP,484,1400,1,180628A_rec_WT1p6-1213_S242,MDCK,in vitro,extracellular,bulk
NP,524,682,1,180628A_rec_WT1p6-1213_S242,MDCK,in vitro,extracellular,bulk
NP,526,656,1,180628A_rec_WT1p6-1213_S242,MDCK,in vitro,extracellular,bulk
NP,526,894,1,180628A_rec_WT1p6-1213_S242,MDCK,in vitro,extracellular,bulk
NP,532,793,1,180628A_rec_WT1p6-1213_S242,MDCK,in vitro,extracellular,bulk
NP,536,1414,2,180628A_rec_WT1p6-1213_S242,MDCK,in vitro,extracellular,bulk
NP,541,862,1,180628A_rec_WT1p6-1213_S242,MDCK,in vitro,extracellular,bulk
NP,543,587,1,180628A_rec_WT1p6-1213_S242,MDCK,in vitro,extracellular,bulk
NP,628,650,1,180628A_rec_WT1p6-1213_S242,MDCK,in vitro,extracellular,bulk
NP,636,664,1,180628A_rec_WT1p6-1213_S242,MDCK,in vitro,extracellular,bulk
NP,650,769,2,180628A_rec_WT1p6-1213_S242,MDCK,in vitro,extracellular,bulk
NP,655,1503,1,180628A_rec_WT1p6-1213_S242,MDCK,in vitro,extracellular,bulk
NP,659,786,1,180628A_rec_WT1p6-1213_S242,MDCK,in vitro,extracellular,bulk
NP,670,1228,3,180628A_rec_WT1p6-1213_S242,MDCK,in vitro,extracellular,bulk
NP,670,730,1,180628A_rec_WT1p6-1213_S242,MDCK,in vitro,extracellular,bulk
NP,674,1354,1,180628A_rec_WT1p6-1213_S242,MDCK,in vitro,extracellular,bulk
NP,675,1433,1,180628A_rec_WT1p6-1213_S242,MDCK,in vitro,extracellular,bulk
NP,701,823,2,180628A_rec_WT1p6-1213_S242,MDCK,in vitro,extracellular,bulk
NP,739,1139,1,180628A_rec_WT1p6-1213_S242,MDCK,in vitro,extracellular,bulk
NP,779,1133,1,180628A_rec_WT1p6-1213_S242,MDCK,in vitro,extracellular,bulk
NP,833,1053,1,180628A_rec_WT1p6-1213_S242,MDCK,in vitro,extracellular,bulk
NP,833,988,1,180628A_rec_WT1p6-1213_S242,MDCK,in vitro,extracellular,bulk
NP,846,1192,1,180628A_rec_WT1p6-1213_S242,MDCK,in vitro,extracellular,bulk
NP,847,1191,1,180628A_rec_WT1p6-1213_S242,MDCK,in vitro,extracellular,bulk
NP,849,1350,1,180628A_rec_WT1p6-1213_S242,MDCK,in vitro,extracellular,bulk
NP,865,1177,1,180628A_rec_WT1p6-1213_S242,MDCK,in vitro,extracellular,bulk
NP,891,1170,1,180628A_rec_WT1p6-1213_S242,MDCK,in vitro,extracellular,bulk
NP,894,1504,6,180628A_rec_WT1p6-1213_S242,MDCK,in vitro,extracellular,bulk
NP,927,1023,1,180628A_rec_WT1p6-1213_S242,MDCK,in vitro,extracellular,bulk
NP,930,1290,1,180628A_rec_WT1p6-1213_S242,MDCK,in vitro,extracellular,bulk
NP,967,1146,2,180628A_rec_WT1p6-1213_S242,MDCK,in vitro,extracellular,bulk
NA,1051,1109,1,180628A_rec_WT1p6-1213_S242,MDCK,in vitro,extracellular,bulk
NA,137,305,1,180628A_rec_WT1p6-1213_S242,MDCK,in vitro,extracellular,bulk
NA,208,364,1,180628A_rec_WT1p6-1213_S242,MDCK,in vitro,extracellular,bulk
NA,343,524,1,180628A_rec_WT1p6-1213_S242,MDCK,in vitro,extracellular,bulk
NA,350,798,1,180628A_rec_WT1p6-1213_S242,MDCK,in vitro,extracellular,bulk
NA,409,491,2,180628A_rec_WT1p6-1213_S242,MDCK,in vitro,extracellular,bulk
NA,419,481,1,180628A_rec_WT1p6-1213_S242,MDCK,in vitro,extracellular,bulk
NA,532,998,1,180628A_rec_WT1p6-1213_S242,MDCK,in vitro,extracellular,bulk
NA,543,725,1,180628A_rec_WT1p6-1213_S242,MDCK,in vitro,extracellular,bulk
NA,557,738,1,180628A_rec_WT1p6-1213_S242,MDCK,in vitro,extracellular,bulk
NA,561,1241,1,180628A_rec_WT1p6-1213_S242,MDCK,in vitro,extracellular,bulk
NA,561,1283,1,180628A_rec_WT1p6-1213_S242,MDCK,in vitro,extracellular,bulk
NA,574,1109,1,180628A_rec_WT1p6-1213_S242,MDCK,in vitro,extracellular,bulk
NA,668,788,6,180628A_rec_WT1p6-1213_S242,MDCK,in vitro,extracellular,bulk
NA,717,1112,1,180628A_rec_WT1p6-1213_S242,MDCK,in vitro,extracellular,bulk
NA,721,993,1,180628A_rec_WT1p6-1213_S242,MDCK,in vitro,extracellular,bulk
NA,722,1241,1,180628A_rec_WT1p6-1213_S242,MDCK,in vitro,extracellular,bulk
NA,722,994,1,180628A_rec_WT1p6-1213_S242,MDCK,in vitro,extracellular,bulk
NA,725,1232,1,180628A_rec_WT1p6-1213_S242,MDCK,in vitro,extracellular,bulk
NA,755,1016,1,180628A_rec_WT1p6-1213_S242,MDCK,in vitro,extracellular,bulk
NA,869,892,2,180628A_rec_WT1p6-1213_S242,MDCK,in vitro,extracellular,bulk
NA,937,1021,3,180628A_rec_WT1p6-1213_S242,MDCK,in vitro,extracellular,bulk
NA,945,1054,1,180628A_rec_WT1p6-1213_S242,MDCK,in vitro,extracellular,bulk
M,225,280,1,180628A_rec_WT1p6-1213_S242,MDCK,in vitro,extracellular,bulk
M,362,558,1,180628A_rec_WT1p6-1213_S242,MDCK,in vitro,extracellular,bulk
M,375,578,1,180628A_rec_WT1p6-1213_S242,MDCK,in vitro,extracellular,bulk
M,392,480,2,180628A_rec_WT1p6-1213_S242,MDCK,in vitro,extracellular,bulk
M,403,451,1,180628A_rec_WT1p6-1213_S242,MDCK,in vitro,extracellular,bulk
M,403,458,1,180628A_rec_WT1p6-1213_S242,MDCK,in vitro,extracellular,bulk
M,434,762,1,180628A_rec_WT1p6-1213_S242,MDCK,in vitro,extracellular,bulk
M,508,541,1,180628A_rec_WT1p6-1213_S242,MDCK,in vitro,extracellular,bulk
M,510,533,1,180628A_rec_WT1p6-1213_S242,MDCK,in vitro,extracellular,bulk
M,516,589,1,180628A_rec_WT1p6-1213_S242,MDCK,in vitro,extracellular,bulk
M,594,637,1,180628A_rec_WT1p6-1213_S242,MDCK,in vitro,extracellular,bulk
M,637,839,2,180628A_rec_WT1p6-1213_S242,MDCK,in vitro,extracellular,bulk
M,652,743,1,180628A_rec_WT1p6-1213_S242,MDCK,in vitro,extracellular,bulk
M,729,845,1,180628A_rec_WT1p6-1213_S242,MDCK,in vitro,extracellular,bulk
NS,167,232,1,180628A_rec_WT1p6-1213_S242,MDCK,in vitro,extracellular,bulk
NS,364,530,1,180628A_rec_WT1p6-1213_S242,MDCK,in vitro,extracellular,bulk
NS,544,579,1,180628A_rec_WT1p6-1213_S242,MDCK,in vitro,extracellular,bulk
NS,555,655,1,180628A_rec_WT1p6-1213_S242,MDCK,in vitro,extracellular,bulk
NS,730,837,1,180628A_rec_WT1p6-1213_S242,MDCK,in vitro,extracellular,bulk
PB2,1011,2110,1,180628B_rec_A-P1p-PCR_S213,MDCK,in vitro,extracellular,bulk
PB2,1023,2104,2,180628B_rec_A-P1p-PCR_S213,MDCK,in vitro,extracellular,bulk
PB2,1025,1821,1,180628B_rec_A-P1p-PCR_S213,MDCK,in vitro,extracellular,bulk
PB2,1061,1362,1,180628B_rec_A-P1p-PCR_S213,MDCK,in vitro,extracellular,bulk
PB2,1061,2202,1,180628B_rec_A-P1p-PCR_S213,MDCK,in vitro,extracellular,bulk
PB2,1143,2080,1,180628B_rec_A-P1p-PCR_S213,MDCK,in vitro,extracellular,bulk
PB2,126,1507,1,180628B_rec_A-P1p-PCR_S213,MDCK,in vitro,extracellular,bulk
PB2,1297,1456,1,180628B_rec_A-P1p-PCR_S213,MDCK,in vitro,extracellular,bulk
PB2,1377,1954,1,180628B_rec_A-P1p-PCR_S213,MDCK,in vitro,extracellular,bulk
PB2,1453,1634,1,180628B_rec_A-P1p-PCR_S213,MDCK,in vitro,extracellular,bulk
PB2,1457,1951,3,180628B_rec_A-P1p-PCR_S213,MDCK,in vitro,extracellular,bulk
PB2,1463,1950,1,180628B_rec_A-P1p-PCR_S213,MDCK,in vitro,extracellular,bulk
PB2,1478,1640,1,180628B_rec_A-P1p-PCR_S213,MDCK,in vitro,extracellular,bulk
PB2,148,2137,10,180628B_rec_A-P1p-PCR_S213,MDCK,in vitro,extracellular,bulk
PB2,148,2187,1,180628B_rec_A-P1p-PCR_S213,MDCK,in vitro,extracellular,bulk
PB2,1545,1854,3,180628B_rec_A-P1p-PCR_S213,MDCK,in vitro,extracellular,bulk
PB2,176,1686,1,180628B_rec_A-P1p-PCR_S213,MDCK,in vitro,extracellular,bulk
PB2,178,2070,1,180628B_rec_A-P1p-PCR_S213,MDCK,in vitro,extracellular,bulk
PB2,185,1961,105,180628B_rec_A-P1p-PCR_S213,MDCK,in vitro,extracellular,bulk
PB2,205,2096,20,180628B_rec_A-P1p-PCR_S213,MDCK,in vitro,extracellular,bulk
PB2,206,2096,2,180628B_rec_A-P1p-PCR_S213,MDCK,in vitro,extracellular,bulk
PB2,207,2097,6659,180628B_rec_A-P1p-PCR_S213,MDCK,in vitro,extracellular,bulk
PB2,208,2098,1,180628B_rec_A-P1p-PCR_S213,MDCK,in vitro,extracellular,bulk
PB2,215,2108,1,180628B_rec_A-P1p-PCR_S213,MDCK,in vitro,extracellular,bulk
PB2,222,2247,1,180628B_rec_A-P1p-PCR_S213,MDCK,in vitro,extracellular,bulk
PB2,223,2242,1,180628B_rec_A-P1p-PCR_S213,MDCK,in vitro,extracellular,bulk
PB2,245,2171,2,180628B_rec_A-P1p-PCR_S213,MDCK,in vitro,extracellular,bulk
PB2,272,2164,2,180628B_rec_A-P1p-PCR_S213,MDCK,in vitro,extracellular,bulk
PB2,295,1949,6,180628B_rec_A-P1p-PCR_S213,MDCK,in vitro,extracellular,bulk
PB2,298,1952,1,180628B_rec_A-P1p-PCR_S213,MDCK,in vitro,extracellular,bulk
PB2,300,2230,2,180628B_rec_A-P1p-PCR_S213,MDCK,in vitro,extracellular,bulk
PB2,309,1825,4,180628B_rec_A-P1p-PCR_S213,MDCK,in vitro,extracellular,bulk
PB2,310,2120,8,180628B_rec_A-P1p-PCR_S213,MDCK,in vitro,extracellular,bulk
PB2,340,2147,3,180628B_rec_A-P1p-PCR_S213,MDCK,in vitro,extracellular,bulk
PB2,343,1587,1,180628B_rec_A-P1p-PCR_S213,MDCK,in vitro,extracellular,bulk
PB2,365,1785,3,180628B_rec_A-P1p-PCR_S213,MDCK,in vitro,extracellular,bulk
PB2,419,2082,1,180628B_rec_A-P1p-PCR_S213,MDCK,in vitro,extracellular,bulk
PB2,483,1745,3,180628B_rec_A-P1p-PCR_S213,MDCK,in vitro,extracellular,bulk
PB2,503,1798,1,180628B_rec_A-P1p-PCR_S213,MDCK,in vitro,extracellular,bulk
PB2,512,1791,4,180628B_rec_A-P1p-PCR_S213,MDCK,in vitro,extracellular,bulk
PB2,547,1642,3,180628B_rec_A-P1p-PCR_S213,MDCK,in vitro,extracellular,bulk
PB2,563,1773,10,180628B_rec_A-P1p-PCR_S213,MDCK,in vitro,extracellular,bulk
PB2,566,1503,2,180628B_rec_A-P1p-PCR_S213,MDCK,in vitro,extracellular,bulk
PB2,568,1920,2,180628B_rec_A-P1p-PCR_S213,MDCK,in vitro,extracellular,bulk
PB2,602,2130,4,180628B_rec_A-P1p-PCR_S213,MDCK,in vitro,extracellular,bulk
PB2,604,1599,2,180628B_rec_A-P1p-PCR_S213,MDCK,in vitro,extracellular,bulk
PB2,624,2118,1,180628B_rec_A-P1p-PCR_S213,MDCK,in vitro,extracellular,bulk
PB2,626,1989,7,180628B_rec_A-P1p-PCR_S213,MDCK,in vitro,extracellular,bulk
PB2,628,1932,9,180628B_rec_A-P1p-PCR_S213,MDCK,in vitro,extracellular,bulk
PB2,655,1950,3,180628B_rec_A-P1p-PCR_S213,MDCK,in vitro,extracellular,bulk
PB2,657,2190,5,180628B_rec_A-P1p-PCR_S213,MDCK,in vitro,extracellular,bulk
PB2,660,2167,8,180628B_rec_A-P1p-PCR_S213,MDCK,in vitro,extracellular,bulk
PB2,681,1932,6,180628B_rec_A-P1p-PCR_S213,MDCK,in vitro,extracellular,bulk
PB2,681,2113,40,180628B_rec_A-P1p-PCR_S213,MDCK,in vitro,extracellular,bulk
PB2,686,1772,2,180628B_rec_A-P1p-PCR_S213,MDCK,in vitro,extracellular,bulk
PB2,68,1206,1,180628B_rec_A-P1p-PCR_S213,MDCK,in vitro,extracellular,bulk
PB2,692,2120,1,180628B_rec_A-P1p-PCR_S213,MDCK,in vitro,extracellular,bulk
PB2,730,1860,2,180628B_rec_A-P1p-PCR_S213,MDCK,in vitro,extracellular,bulk
PB2,738,2185,2,180628B_rec_A-P1p-PCR_S213,MDCK,in vitro,extracellular,bulk
PB2,741,1600,1,180628B_rec_A-P1p-PCR_S213,MDCK,in vitro,extracellular,bulk
PB2,746,1741,2,180628B_rec_A-P1p-PCR_S213,MDCK,in vitro,extracellular,bulk
PB2,747,2082,4,180628B_rec_A-P1p-PCR_S213,MDCK,in vitro,extracellular,bulk
PB2,773,1954,1,180628B_rec_A-P1p-PCR_S213,MDCK,in vitro,extracellular,bulk
PB2,793,1666,1,180628B_rec_A-P1p-PCR_S213,MDCK,in vitro,extracellular,bulk
PB2,84,1873,3,180628B_rec_A-P1p-PCR_S213,MDCK,in vitro,extracellular,bulk
PB2,85,1863,7,180628B_rec_A-P1p-PCR_S213,MDCK,in vitro,extracellular,bulk
PB2,86,1864,5,180628B_rec_A-P1p-PCR_S213,MDCK,in vitro,extracellular,bulk
PB2,879,1847,1,180628B_rec_A-P1p-PCR_S213,MDCK,in vitro,extracellular,bulk
PB2,87,1823,2,180628B_rec_A-P1p-PCR_S213,MDCK,in vitro,extracellular,bulk
PB2,926,2004,2,180628B_rec_A-P1p-PCR_S213,MDCK,in vitro,extracellular,bulk
PB2,936,1833,1,180628B_rec_A-P1p-PCR_S213,MDCK,in vitro,extracellular,bulk
PB2,93,1436,2,180628B_rec_A-P1p-PCR_S213,MDCK,in vitro,extracellular,bulk
PB2,990,1869,4,180628B_rec_A-P1p-PCR_S213,MDCK,in vitro,extracellular,bulk
PB1,1189,2146,2,180628B_rec_A-P1p-PCR_S213,MDCK,in vitro,extracellular,bulk
PB1,1495,1541,1,180628B_rec_A-P1p-PCR_S213,MDCK,in vitro,extracellular,bulk
PB1,1649,1980,1,180628B_rec_A-P1p-PCR_S213,MDCK,in vitro,extracellular,bulk
PB1,165,2017,20,180628B_rec_A-P1p-PCR_S213,MDCK,in vitro,extracellular,bulk
PB1,191,2122,1,180628B_rec_A-P1p-PCR_S213,MDCK,in vitro,extracellular,bulk
PB1,193,2035,4,180628B_rec_A-P1p-PCR_S213,MDCK,in vitro,extracellular,bulk
PB1,193,2086,1,180628B_rec_A-P1p-PCR_S213,MDCK,in vitro,extracellular,bulk
PB1,196,2106,1,180628B_rec_A-P1p-PCR_S213,MDCK,in vitro,extracellular,bulk
PB1,2030,2087,1,180628B_rec_A-P1p-PCR_S213,MDCK,in vitro,extracellular,bulk
PB1,2053,2082,49,180628B_rec_A-P1p-PCR_S213,MDCK,in vitro,extracellular,bulk
PB1,219,2094,7,180628B_rec_A-P1p-PCR_S213,MDCK,in vitro,extracellular,bulk
PB1,219,2095,1,180628B_rec_A-P1p-PCR_S213,MDCK,in vitro,extracellular,bulk
PB1,231,1538,2,180628B_rec_A-P1p-PCR_S213,MDCK,in vitro,extracellular,bulk
PB1,253,1934,5,180628B_rec_A-P1p-PCR_S213,MDCK,in vitro,extracellular,bulk
PB1,277,1815,5,180628B_rec_A-P1p-PCR_S213,MDCK,in vitro,extracellular,bulk
PB1,301,539,4,180628B_rec_A-P1p-PCR_S213,MDCK,in vitro,extracellular,bulk
PB1,307,1968,9,180628B_rec_A-P1p-PCR_S213,MDCK,in vitro,extracellular,bulk
PB1,311,2051,9,180628B_rec_A-P1p-PCR_S213,MDCK,in vitro,extracellular,bulk
PB1,321,2005,1,180628B_rec_A-P1p-PCR_S213,MDCK,in vitro,extracellular,bulk
PB1,351,2077,7,180628B_rec_A-P1p-PCR_S213,MDCK,in vitro,extracellular,bulk
PB1,361,1672,2,180628B_rec_A-P1p-PCR_S213,MDCK,in vitro,extracellular,bulk
PB1,370,1980,8,180628B_rec_A-P1p-PCR_S213,MDCK,in vitro,extracellular,bulk
PB1,396,464,2,180628B_rec_A-P1p-PCR_S213,MDCK,in vitro,extracellular,bulk
PB1,400,1811,1,180628B_rec_A-P1p-PCR_S213,MDCK,in vitro,extracellular,bulk
PB1,406,1897,66,180628B_rec_A-P1p-PCR_S213,MDCK,in vitro,extracellular,bulk
PB1,429,1809,1,180628B_rec_A-P1p-PCR_S213,MDCK,in vitro,extracellular,bulk
PB1,431,2069,1,180628B_rec_A-P1p-PCR_S213,MDCK,in vitro,extracellular,bulk
PB1,437,1981,7,180628B_rec_A-P1p-PCR_S213,MDCK,in vitro,extracellular,bulk
PB1,437,1982,1,180628B_rec_A-P1p-PCR_S213,MDCK,in vitro,extracellular,bulk
PB1,446,2107,12,180628B_rec_A-P1p-PCR_S213,MDCK,in vitro,extracellular,bulk
PB1,446,2108,1,180628B_rec_A-P1p-PCR_S213,MDCK,in vitro,extracellular,bulk
PB1,464,1390,3,180628B_rec_A-P1p-PCR_S213,MDCK,in vitro,extracellular,bulk
PB1,480,1895,3,180628B_rec_A-P1p-PCR_S213,MDCK,in vitro,extracellular,bulk
PB1,510,2227,1,180628B_rec_A-P1p-PCR_S213,MDCK,in vitro,extracellular,bulk
PB1,576,1896,52,180628B_rec_A-P1p-PCR_S213,MDCK,in vitro,extracellular,bulk
PB1,578,1639,366,180628B_rec_A-P1p-PCR_S213,MDCK,in vitro,extracellular,bulk
PB1,620,670,33,180628B_rec_A-P1p-PCR_S213,MDCK,in vitro,extracellular,bulk
PB1,624,2170,2,180628B_rec_A-P1p-PCR_S213,MDCK,in vitro,extracellular,bulk
PB1,625,1946,2,180628B_rec_A-P1p-PCR_S213,MDCK,in vitro,extracellular,bulk
PB1,638,1951,8,180628B_rec_A-P1p-PCR_S213,MDCK,in vitro,extracellular,bulk
PB1,662,1939,3,180628B_rec_A-P1p-PCR_S213,MDCK,in vitro,extracellular,bulk
PB1,752,1825,4,180628B_rec_A-P1p-PCR_S213,MDCK,in vitro,extracellular,bulk
PB1,768,1821,4,180628B_rec_A-P1p-PCR_S213,MDCK,in vitro,extracellular,bulk
PB1,807,1537,43,180628B_rec_A-P1p-PCR_S213,MDCK,in vitro,extracellular,bulk
PB1,893,1363,1,180628B_rec_A-P1p-PCR_S213,MDCK,in vitro,extracellular,bulk
PB1,930,1071,1,180628B_rec_A-P1p-PCR_S213,MDCK,in vitro,extracellular,bulk
PA,1072,1307,1,180628B_rec_A-P1p-PCR_S213,MDCK,in vitro,extracellular,bulk
PA,1081,2191,1,180628B_rec_A-P1p-PCR_S213,MDCK,in vitro,extracellular,bulk
PA,124,1844,4,180628B_rec_A-P1p-PCR_S213,MDCK,in vitro,extracellular,bulk
PA,1366,1394,2,180628B_rec_A-P1p-PCR_S213,MDCK,in vitro,extracellular,bulk
PA,1485,1511,1,180628B_rec_A-P1p-PCR_S213,MDCK,in vitro,extracellular,bulk
PA,207,1945,2,180628B_rec_A-P1p-PCR_S213,MDCK,in vitro,extracellular,bulk
PA,209,1944,7,180628B_rec_A-P1p-PCR_S213,MDCK,in vitro,extracellular,bulk
PA,228,257,1,180628B_rec_A-P1p-PCR_S213,MDCK,in vitro,extracellular,bulk
PA,230,1953,2,180628B_rec_A-P1p-PCR_S213,MDCK,in vitro,extracellular,bulk
PA,245,1960,4,180628B_rec_A-P1p-PCR_S213,MDCK,in vitro,extracellular,bulk
PA,269,1509,1,180628B_rec_A-P1p-PCR_S213,MDCK,in vitro,extracellular,bulk
PA,279,1978,3,180628B_rec_A-P1p-PCR_S213,MDCK,in vitro,extracellular,bulk
PA,309,801,4,180628B_rec_A-P1p-PCR_S213,MDCK,in vitro,extracellular,bulk
PA,324,2082,1,180628B_rec_A-P1p-PCR_S213,MDCK,in vitro,extracellular,bulk
PA,342,1675,1,180628B_rec_A-P1p-PCR_S213,MDCK,in vitro,extracellular,bulk
PA,369,1754,9,180628B_rec_A-P1p-PCR_S213,MDCK,in vitro,extracellular,bulk
PA,388,1504,6,180628B_rec_A-P1p-PCR_S213,MDCK,in vitro,extracellular,bulk
PA,389,1505,1,180628B_rec_A-P1p-PCR_S213,MDCK,in vitro,extracellular,bulk
PA,396,1758,1,180628B_rec_A-P1p-PCR_S213,MDCK,in vitro,extracellular,bulk
PA,402,1839,7,180628B_rec_A-P1p-PCR_S213,MDCK,in vitro,extracellular,bulk
PA,446,1611,2,180628B_rec_A-P1p-PCR_S213,MDCK,in vitro,extracellular,bulk
PA,453,1844,5,180628B_rec_A-P1p-PCR_S213,MDCK,in vitro,extracellular,bulk
PA,453,625,1,180628B_rec_A-P1p-PCR_S213,MDCK,in vitro,extracellular,bulk
PA,458,1761,4,180628B_rec_A-P1p-PCR_S213,MDCK,in vitro,extracellular,bulk
PA,477,1791,2,180628B_rec_A-P1p-PCR_S213,MDCK,in vitro,extracellular,bulk
PA,499,2044,3,180628B_rec_A-P1p-PCR_S213,MDCK,in vitro,extracellular,bulk
PA,520,2090,3,180628B_rec_A-P1p-PCR_S213,MDCK,in vitro,extracellular,bulk
PA,532,2083,2,180628B_rec_A-P1p-PCR_S213,MDCK,in vitro,extracellular,bulk
PA,542,1856,3,180628B_rec_A-P1p-PCR_S213,MDCK,in vitro,extracellular,bulk
PA,546,2061,1,180628B_rec_A-P1p-PCR_S213,MDCK,in vitro,extracellular,bulk
PA,564,1877,7,180628B_rec_A-P1p-PCR_S213,MDCK,in vitro,extracellular,bulk
PA,580,1954,6,180628B_rec_A-P1p-PCR_S213,MDCK,in vitro,extracellular,bulk
PA,604,1121,1,180628B_rec_A-P1p-PCR_S213,MDCK,in vitro,extracellular,bulk
PA,614,1316,1,180628B_rec_A-P1p-PCR_S213,MDCK,in vitro,extracellular,bulk
PA,618,1514,2,180628B_rec_A-P1p-PCR_S213,MDCK,in vitro,extracellular,bulk
PA,846,2106,1,180628B_rec_A-P1p-PCR_S213,MDCK,in vitro,extracellular,bulk
PA,855,1306,1,180628B_rec_A-P1p-PCR_S213,MDCK,in vitro,extracellular,bulk
PA,883,975,1,180628B_rec_A-P1p-PCR_S213,MDCK,in vitro,extracellular,bulk
PA,90,2017,2,180628B_rec_A-P1p-PCR_S213,MDCK,in vitro,extracellular,bulk
HA,1005,1105,1,180628B_rec_A-P1p-PCR_S213,MDCK,in vitro,extracellular,bulk
HA,1043,1141,1,180628B_rec_A-P1p-PCR_S213,MDCK,in vitro,extracellular,bulk
HA,138,750,1,180628B_rec_A-P1p-PCR_S213,MDCK,in vitro,extracellular,bulk
HA,140,1560,5,180628B_rec_A-P1p-PCR_S213,MDCK,in vitro,extracellular,bulk
HA,190,704,2,180628B_rec_A-P1p-PCR_S213,MDCK,in vitro,extracellular,bulk
HA,206,1699,1,180628B_rec_A-P1p-PCR_S213,MDCK,in vitro,extracellular,bulk
HA,257,882,1,180628B_rec_A-P1p-PCR_S213,MDCK,in vitro,extracellular,bulk
HA,334,1278,1,180628B_rec_A-P1p-PCR_S213,MDCK,in vitro,extracellular,bulk
HA,349,1076,2,180628B_rec_A-P1p-PCR_S213,MDCK,in vitro,extracellular,bulk
HA,414,1137,1,180628B_rec_A-P1p-PCR_S213,MDCK,in vitro,extracellular,bulk
HA,564,853,1,180628B_rec_A-P1p-PCR_S213,MDCK,in vitro,extracellular,bulk
HA,640,993,1,180628B_rec_A-P1p-PCR_S213,MDCK,in vitro,extracellular,bulk
HA,672,844,3,180628B_rec_A-P1p-PCR_S213,MDCK,in vitro,extracellular,bulk
HA,707,986,1,180628B_rec_A-P1p-PCR_S213,MDCK,in vitro,extracellular,bulk
HA,713,882,1,180628B_rec_A-P1p-PCR_S213,MDCK,in vitro,extracellular,bulk
HA,825,887,2,180628B_rec_A-P1p-PCR_S213,MDCK,in vitro,extracellular,bulk
HA,837,896,3,180628B_rec_A-P1p-PCR_S213,MDCK,in vitro,extracellular,bulk
HA,90,197,1,180628B_rec_A-P1p-PCR_S213,MDCK,in vitro,extracellular,bulk
NP,109,479,3,180628B_rec_A-P1p-PCR_S213,MDCK,in vitro,extracellular,bulk
NP,1123,1293,1,180628B_rec_A-P1p-PCR_S213,MDCK,in vitro,extracellular,bulk
NP,1124,1294,1,180628B_rec_A-P1p-PCR_S213,MDCK,in vitro,extracellular,bulk
NP,1161,1226,1,180628B_rec_A-P1p-PCR_S213,MDCK,in vitro,extracellular,bulk
NP,118,1155,1,180628B_rec_A-P1p-PCR_S213,MDCK,in vitro,extracellular,bulk
NP,1204,1339,1,180628B_rec_A-P1p-PCR_S213,MDCK,in vitro,extracellular,bulk
NP,1297,1378,1,180628B_rec_A-P1p-PCR_S213,MDCK,in vitro,extracellular,bulk
NP,137,1275,1,180628B_rec_A-P1p-PCR_S213,MDCK,in vitro,extracellular,bulk
NP,192,468,3,180628B_rec_A-P1p-PCR_S213,MDCK,in vitro,extracellular,bulk
NP,268,367,1,180628B_rec_A-P1p-PCR_S213,MDCK,in vitro,extracellular,bulk
NP,283,1447,1,180628B_rec_A-P1p-PCR_S213,MDCK,in vitro,extracellular,bulk
NP,292,1359,9,180628B_rec_A-P1p-PCR_S213,MDCK,in vitro,extracellular,bulk
NP,296,531,4,180628B_rec_A-P1p-PCR_S213,MDCK,in vitro,extracellular,bulk
NP,319,1455,14,180628B_rec_A-P1p-PCR_S213,MDCK,in vitro,extracellular,bulk
NP,323,1031,4,180628B_rec_A-P1p-PCR_S213,MDCK,in vitro,extracellular,bulk
NP,326,1227,1,180628B_rec_A-P1p-PCR_S213,MDCK,in vitro,extracellular,bulk
NP,326,670,2,180628B_rec_A-P1p-PCR_S213,MDCK,in vitro,extracellular,bulk
NP,328,498,1,180628B_rec_A-P1p-PCR_S213,MDCK,in vitro,extracellular,bulk
NP,331,1277,1,180628B_rec_A-P1p-PCR_S213,MDCK,in vitro,extracellular,bulk
NP,357,423,1,180628B_rec_A-P1p-PCR_S213,MDCK,in vitro,extracellular,bulk
NP,359,1433,2,180628B_rec_A-P1p-PCR_S213,MDCK,in vitro,extracellular,bulk
NP,362,1531,2,180628B_rec_A-P1p-PCR_S213,MDCK,in vitro,extracellular,bulk
NP,366,1295,1,180628B_rec_A-P1p-PCR_S213,MDCK,in vitro,extracellular,bulk
NP,367,1356,1,180628B_rec_A-P1p-PCR_S213,MDCK,in vitro,extracellular,bulk
NP,367,1371,1,180628B_rec_A-P1p-PCR_S213,MDCK,in vitro,extracellular,bulk
NP,372,817,7,180628B_rec_A-P1p-PCR_S213,MDCK,in vitro,extracellular,bulk
NP,376,1483,1,180628B_rec_A-P1p-PCR_S213,MDCK,in vitro,extracellular,bulk
NP,377,1127,3,180628B_rec_A-P1p-PCR_S213,MDCK,in vitro,extracellular,bulk
NP,382,1487,5,180628B_rec_A-P1p-PCR_S213,MDCK,in vitro,extracellular,bulk
NP,422,1325,7,180628B_rec_A-P1p-PCR_S213,MDCK,in vitro,extracellular,bulk
NP,422,524,2,180628B_rec_A-P1p-PCR_S213,MDCK,in vitro,extracellular,bulk
NP,432,549,1,180628B_rec_A-P1p-PCR_S213,MDCK,in vitro,extracellular,bulk
NP,433,1400,1,180628B_rec_A-P1p-PCR_S213,MDCK,in vitro,extracellular,bulk
NP,434,486,3,180628B_rec_A-P1p-PCR_S213,MDCK,in vitro,extracellular,bulk
NP,437,1326,3,180628B_rec_A-P1p-PCR_S213,MDCK,in vitro,extracellular,bulk
NP,439,1328,10,180628B_rec_A-P1p-PCR_S213,MDCK,in vitro,extracellular,bulk
NP,440,1338,16,180628B_rec_A-P1p-PCR_S213,MDCK,in vitro,extracellular,bulk
NP,450,542,3,180628B_rec_A-P1p-PCR_S213,MDCK,in vitro,extracellular,bulk
NP,456,1390,1,180628B_rec_A-P1p-PCR_S213,MDCK,in vitro,extracellular,bulk
NP,462,1338,1,180628B_rec_A-P1p-PCR_S213,MDCK,in vitro,extracellular,bulk
NP,468,1049,2,180628B_rec_A-P1p-PCR_S213,MDCK,in vitro,extracellular,bulk
NP,471,1150,1,180628B_rec_A-P1p-PCR_S213,MDCK,in vitro,extracellular,bulk
NP,481,1390,7,180628B_rec_A-P1p-PCR_S213,MDCK,in vitro,extracellular,bulk
NP,481,1412,4,180628B_rec_A-P1p-PCR_S213,MDCK,in vitro,extracellular,bulk
NP,484,1400,3,180628B_rec_A-P1p-PCR_S213,MDCK,in vitro,extracellular,bulk
NP,493,1407,10,180628B_rec_A-P1p-PCR_S213,MDCK,in vitro,extracellular,bulk
NP,496,1132,3,180628B_rec_A-P1p-PCR_S213,MDCK,in vitro,extracellular,bulk
NP,496,1410,6,180628B_rec_A-P1p-PCR_S213,MDCK,in vitro,extracellular,bulk
NP,526,656,2,180628B_rec_A-P1p-PCR_S213,MDCK,in vitro,extracellular,bulk
NP,569,1006,1,180628B_rec_A-P1p-PCR_S213,MDCK,in vitro,extracellular,bulk
NP,569,1162,2,180628B_rec_A-P1p-PCR_S213,MDCK,in vitro,extracellular,bulk
NP,739,1139,1,180628B_rec_A-P1p-PCR_S213,MDCK,in vitro,extracellular,bulk
NP,766,894,1,180628B_rec_A-P1p-PCR_S213,MDCK,in vitro,extracellular,bulk
NP,771,1397,2,180628B_rec_A-P1p-PCR_S213,MDCK,in vitro,extracellular,bulk
NP,775,848,1,180628B_rec_A-P1p-PCR_S213,MDCK,in vitro,extracellular,bulk
NP,777,848,1,180628B_rec_A-P1p-PCR_S213,MDCK,in vitro,extracellular,bulk
NP,779,848,1,180628B_rec_A-P1p-PCR_S213,MDCK,in vitro,extracellular,bulk
NP,833,1053,2,180628B_rec_A-P1p-PCR_S213,MDCK,in vitro,extracellular,bulk
NP,834,1057,3,180628B_rec_A-P1p-PCR_S213,MDCK,in vitro,extracellular,bulk
NP,890,1325,1,180628B_rec_A-P1p-PCR_S213,MDCK,in vitro,extracellular,bulk
NP,930,1094,2,180628B_rec_A-P1p-PCR_S213,MDCK,in vitro,extracellular,bulk
NP,931,1024,1,180628B_rec_A-P1p-PCR_S213,MDCK,in vitro,extracellular,bulk
NP,967,1146,1,180628B_rec_A-P1p-PCR_S213,MDCK,in vitro,extracellular,bulk
NP,96,151,3,180628B_rec_A-P1p-PCR_S213,MDCK,in vitro,extracellular,bulk
NA,1123,1166,5,180628B_rec_A-P1p-PCR_S213,MDCK,in vitro,extracellular,bulk
NA,1217,1288,1,180628B_rec_A-P1p-PCR_S213,MDCK,in vitro,extracellular,bulk
NA,215,1254,5,180628B_rec_A-P1p-PCR_S213,MDCK,in vitro,extracellular,bulk
NA,251,983,5,180628B_rec_A-P1p-PCR_S213,MDCK,in vitro,extracellular,bulk
NA,277,1003,37,180628B_rec_A-P1p-PCR_S213,MDCK,in vitro,extracellular,bulk
NA,334,366,1,180628B_rec_A-P1p-PCR_S213,MDCK,in vitro,extracellular,bulk
NA,366,937,6,180628B_rec_A-P1p-PCR_S213,MDCK,in vitro,extracellular,bulk
NA,387,1233,1,180628B_rec_A-P1p-PCR_S213,MDCK,in vitro,extracellular,bulk
NA,388,438,1,180628B_rec_A-P1p-PCR_S213,MDCK,in vitro,extracellular,bulk
NA,399,856,1,180628B_rec_A-P1p-PCR_S213,MDCK,in vitro,extracellular,bulk
NA,409,491,4,180628B_rec_A-P1p-PCR_S213,MDCK,in vitro,extracellular,bulk
NA,450,1228,1,180628B_rec_A-P1p-PCR_S213,MDCK,in vitro,extracellular,bulk
NA,454,926,3,180628B_rec_A-P1p-PCR_S213,MDCK,in vitro,extracellular,bulk
NA,480,587,1,180628B_rec_A-P1p-PCR_S213,MDCK,in vitro,extracellular,bulk
NA,512,771,1,180628B_rec_A-P1p-PCR_S213,MDCK,in vitro,extracellular,bulk
NA,705,997,4,180628B_rec_A-P1p-PCR_S213,MDCK,in vitro,extracellular,bulk
NA,716,839,1,180628B_rec_A-P1p-PCR_S213,MDCK,in vitro,extracellular,bulk
NA,717,997,1,180628B_rec_A-P1p-PCR_S213,MDCK,in vitro,extracellular,bulk
NA,796,826,3,180628B_rec_A-P1p-PCR_S213,MDCK,in vitro,extracellular,bulk
NA,811,1073,4,180628B_rec_A-P1p-PCR_S213,MDCK,in vitro,extracellular,bulk
NA,881,932,1,180628B_rec_A-P1p-PCR_S213,MDCK,in vitro,extracellular,bulk
NA,882,1083,6,180628B_rec_A-P1p-PCR_S213,MDCK,in vitro,extracellular,bulk
NA,883,942,2,180628B_rec_A-P1p-PCR_S213,MDCK,in vitro,extracellular,bulk
NA,886,955,4,180628B_rec_A-P1p-PCR_S213,MDCK,in vitro,extracellular,bulk
NA,918,1049,1,180628B_rec_A-P1p-PCR_S213,MDCK,in vitro,extracellular,bulk
NA,969,1039,1,180628B_rec_A-P1p-PCR_S213,MDCK,in vitro,extracellular,bulk
M,112,893,1,180628B_rec_A-P1p-PCR_S213,MDCK,in vitro,extracellular,bulk
M,126,741,8,180628B_rec_A-P1p-PCR_S213,MDCK,in vitro,extracellular,bulk
M,143,814,1,180628B_rec_A-P1p-PCR_S213,MDCK,in vitro,extracellular,bulk
M,150,568,1,180628B_rec_A-P1p-PCR_S213,MDCK,in vitro,extracellular,bulk
M,179,538,4,180628B_rec_A-P1p-PCR_S213,MDCK,in vitro,extracellular,bulk
M,222,877,1,180628B_rec_A-P1p-PCR_S213,MDCK,in vitro,extracellular,bulk
M,250,740,17,180628B_rec_A-P1p-PCR_S213,MDCK,in vitro,extracellular,bulk
M,268,926,3,180628B_rec_A-P1p-PCR_S213,MDCK,in vitro,extracellular,bulk
M,295,809,3,180628B_rec_A-P1p-PCR_S213,MDCK,in vitro,extracellular,bulk
M,297,746,4,180628B_rec_A-P1p-PCR_S213,MDCK,in vitro,extracellular,bulk
M,298,757,2,180628B_rec_A-P1p-PCR_S213,MDCK,in vitro,extracellular,bulk
M,313,395,6,180628B_rec_A-P1p-PCR_S213,MDCK,in vitro,extracellular,bulk
M,349,371,12,180628B_rec_A-P1p-PCR_S213,MDCK,in vitro,extracellular,bulk
M,358,428,1,180628B_rec_A-P1p-PCR_S213,MDCK,in vitro,extracellular,bulk
M,359,434,8,180628B_rec_A-P1p-PCR_S213,MDCK,in vitro,extracellular,bulk
M,360,436,4,180628B_rec_A-P1p-PCR_S213,MDCK,in vitro,extracellular,bulk
M,36,727,3,180628B_rec_A-P1p-PCR_S213,MDCK,in vitro,extracellular,bulk
M,389,815,1,180628B_rec_A-P1p-PCR_S213,MDCK,in vitro,extracellular,bulk
M,398,828,14,180628B_rec_A-P1p-PCR_S213,MDCK,in vitro,extracellular,bulk
M,399,823,2,180628B_rec_A-P1p-PCR_S213,MDCK,in vitro,extracellular,bulk
M,414,903,12,180628B_rec_A-P1p-PCR_S213,MDCK,in vitro,extracellular,bulk
M,431,564,4,180628B_rec_A-P1p-PCR_S213,MDCK,in vitro,extracellular,bulk
M,434,762,5,180628B_rec_A-P1p-PCR_S213,MDCK,in vitro,extracellular,bulk
M,445,541,13,180628B_rec_A-P1p-PCR_S213,MDCK,in vitro,extracellular,bulk
M,458,729,14,180628B_rec_A-P1p-PCR_S213,MDCK,in vitro,extracellular,bulk
M,459,685,10,180628B_rec_A-P1p-PCR_S213,MDCK,in vitro,extracellular,bulk
M,475,533,2,180628B_rec_A-P1p-PCR_S213,MDCK,in vitro,extracellular,bulk
M,480,616,3,180628B_rec_A-P1p-PCR_S213,MDCK,in vitro,extracellular,bulk
M,485,560,65,180628B_rec_A-P1p-PCR_S213,MDCK,in vitro,extracellular,bulk
M,488,563,10,180628B_rec_A-P1p-PCR_S213,MDCK,in vitro,extracellular,bulk
M,490,644,13,180628B_rec_A-P1p-PCR_S213,MDCK,in vitro,extracellular,bulk
M,491,606,8,180628B_rec_A-P1p-PCR_S213,MDCK,in vitro,extracellular,bulk
M,501,626,2,180628B_rec_A-P1p-PCR_S213,MDCK,in vitro,extracellular,bulk
M,507,548,1,180628B_rec_A-P1p-PCR_S213,MDCK,in vitro,extracellular,bulk
M,512,591,2,180628B_rec_A-P1p-PCR_S213,MDCK,in vitro,extracellular,bulk
M,517,586,10,180628B_rec_A-P1p-PCR_S213,MDCK,in vitro,extracellular,bulk
M,521,603,2,180628B_rec_A-P1p-PCR_S213,MDCK,in vitro,extracellular,bulk
M,523,665,5,180628B_rec_A-P1p-PCR_S213,MDCK,in vitro,extracellular,bulk
M,526,573,6,180628B_rec_A-P1p-PCR_S213,MDCK,in vitro,extracellular,bulk
M,52,99,2,180628B_rec_A-P1p-PCR_S213,MDCK,in vitro,extracellular,bulk
M,550,589,189,180628B_rec_A-P1p-PCR_S213,MDCK,in vitro,extracellular,bulk
M,558,582,6,180628B_rec_A-P1p-PCR_S213,MDCK,in vitro,extracellular,bulk
M,563,615,2,180628B_rec_A-P1p-PCR_S213,MDCK,in vitro,extracellular,bulk
M,594,637,5,180628B_rec_A-P1p-PCR_S213,MDCK,in vitro,extracellular,bulk
M,597,667,5,180628B_rec_A-P1p-PCR_S213,MDCK,in vitro,extracellular,bulk
M,597,766,4,180628B_rec_A-P1p-PCR_S213,MDCK,in vitro,extracellular,bulk
M,619,805,1,180628B_rec_A-P1p-PCR_S213,MDCK,in vitro,extracellular,bulk
M,623,668,16,180628B_rec_A-P1p-PCR_S213,MDCK,in vitro,extracellular,bulk
M,623,740,3,180628B_rec_A-P1p-PCR_S213,MDCK,in vitro,extracellular,bulk
M,627,768,3,180628B_rec_A-P1p-PCR_S213,MDCK,in vitro,extracellular,bulk
M,628,751,1,180628B_rec_A-P1p-PCR_S213,MDCK,in vitro,extracellular,bulk
M,643,707,4,180628B_rec_A-P1p-PCR_S213,MDCK,in vitro,extracellular,bulk
M,652,743,6,180628B_rec_A-P1p-PCR_S213,MDCK,in vitro,extracellular,bulk
M,663,710,1,180628B_rec_A-P1p-PCR_S213,MDCK,in vitro,extracellular,bulk
M,756,812,4,180628B_rec_A-P1p-PCR_S213,MDCK,in vitro,extracellular,bulk
M,761,934,2,180628B_rec_A-P1p-PCR_S213,MDCK,in vitro,extracellular,bulk
M,778,841,1,180628B_rec_A-P1p-PCR_S213,MDCK,in vitro,extracellular,bulk
M,786,847,1,180628B_rec_A-P1p-PCR_S213,MDCK,in vitro,extracellular,bulk
M,899,934,19,180628B_rec_A-P1p-PCR_S213,MDCK,in vitro,extracellular,bulk
NS,168,255,1,180628B_rec_A-P1p-PCR_S213,MDCK,in vitro,extracellular,bulk
NS,187,534,1,180628B_rec_A-P1p-PCR_S213,MDCK,in vitro,extracellular,bulk
NS,252,544,4,180628B_rec_A-P1p-PCR_S213,MDCK,in vitro,extracellular,bulk
NS,324,551,2,180628B_rec_A-P1p-PCR_S213,MDCK,in vitro,extracellular,bulk
NS,355,407,4,180628B_rec_A-P1p-PCR_S213,MDCK,in vitro,extracellular,bulk
NS,357,421,5,180628B_rec_A-P1p-PCR_S213,MDCK,in vitro,extracellular,bulk
NS,359,433,35,180628B_rec_A-P1p-PCR_S213,MDCK,in vitro,extracellular,bulk
NS,417,539,6,180628B_rec_A-P1p-PCR_S213,MDCK,in vitro,extracellular,bulk
NS,456,483,3,180628B_rec_A-P1p-PCR_S213,MDCK,in vitro,extracellular,bulk
NS,458,621,2,180628B_rec_A-P1p-PCR_S213,MDCK,in vitro,extracellular,bulk
NS,470,530,3,180628B_rec_A-P1p-PCR_S213,MDCK,in vitro,extracellular,bulk
NS,504,553,1,180628B_rec_A-P1p-PCR_S213,MDCK,in vitro,extracellular,bulk
NS,510,671,1,180628B_rec_A-P1p-PCR_S213,MDCK,in vitro,extracellular,bulk
NS,52,428,3,180628B_rec_A-P1p-PCR_S213,MDCK,in vitro,extracellular,bulk
NS,559,645,2,180628B_rec_A-P1p-PCR_S213,MDCK,in vitro,extracellular,bulk
NS,646,683,5,180628B_rec_A-P1p-PCR_S213,MDCK,in vitro,extracellular,bulk
PB2,103,1720,1,180628B_rec_B-P1p-PCR_S214,MDCK,in vitro,extracellular,bulk
PB2,1168,2138,2,180628B_rec_B-P1p-PCR_S214,MDCK,in vitro,extracellular,bulk
PB2,1192,1954,7,180628B_rec_B-P1p-PCR_S214,MDCK,in vitro,extracellular,bulk
PB2,1465,1820,3,180628B_rec_B-P1p-PCR_S214,MDCK,in vitro,extracellular,bulk
PB2,1544,1641,2,180628B_rec_B-P1p-PCR_S214,MDCK,in vitro,extracellular,bulk
PB2,1555,1641,1,180628B_rec_B-P1p-PCR_S214,MDCK,in vitro,extracellular,bulk
PB2,1836,1946,2,180628B_rec_B-P1p-PCR_S214,MDCK,in vitro,extracellular,bulk
PB2,1847,2202,3,180628B_rec_B-P1p-PCR_S214,MDCK,in vitro,extracellular,bulk
PB2,202,1771,24,180628B_rec_B-P1p-PCR_S214,MDCK,in vitro,extracellular,bulk
PB2,203,1772,1,180628B_rec_B-P1p-PCR_S214,MDCK,in vitro,extracellular,bulk
PB2,286,1661,7,180628B_rec_B-P1p-PCR_S214,MDCK,in vitro,extracellular,bulk
PB2,310,2120,9,180628B_rec_B-P1p-PCR_S214,MDCK,in vitro,extracellular,bulk
PB2,336,1755,14,180628B_rec_B-P1p-PCR_S214,MDCK,in vitro,extracellular,bulk
PB2,336,2215,4,180628B_rec_B-P1p-PCR_S214,MDCK,in vitro,extracellular,bulk
PB2,347,2008,36,180628B_rec_B-P1p-PCR_S214,MDCK,in vitro,extracellular,bulk
PB2,587,1961,1,180628B_rec_B-P1p-PCR_S214,MDCK,in vitro,extracellular,bulk
PB2,626,1989,24,180628B_rec_B-P1p-PCR_S214,MDCK,in vitro,extracellular,bulk
PB2,628,1932,5,180628B_rec_B-P1p-PCR_S214,MDCK,in vitro,extracellular,bulk
PB2,676,2138,13,180628B_rec_B-P1p-PCR_S214,MDCK,in vitro,extracellular,bulk
PB2,681,2113,1,180628B_rec_B-P1p-PCR_S214,MDCK,in vitro,extracellular,bulk
PB2,68,1206,7,180628B_rec_B-P1p-PCR_S214,MDCK,in vitro,extracellular,bulk
PB2,747,2082,14,180628B_rec_B-P1p-PCR_S214,MDCK,in vitro,extracellular,bulk
PB2,838,1765,6,180628B_rec_B-P1p-PCR_S214,MDCK,in vitro,extracellular,bulk
PB2,85,1863,12,180628B_rec_B-P1p-PCR_S214,MDCK,in vitro,extracellular,bulk
PB2,93,1156,4,180628B_rec_B-P1p-PCR_S214,MDCK,in vitro,extracellular,bulk
PB2,975,1641,2,180628B_rec_B-P1p-PCR_S214,MDCK,in vitro,extracellular,bulk
PB1,1080,1574,1,180628B_rec_B-P1p-PCR_S214,MDCK,in vitro,extracellular,bulk
PB1,177,2144,25,180628B_rec_B-P1p-PCR_S214,MDCK,in vitro,extracellular,bulk
PB1,195,2014,2,180628B_rec_B-P1p-PCR_S214,MDCK,in vitro,extracellular,bulk
PB1,281,2143,1,180628B_rec_B-P1p-PCR_S214,MDCK,in vitro,extracellular,bulk
PB1,301,539,57,180628B_rec_B-P1p-PCR_S214,MDCK,in vitro,extracellular,bulk
PB1,304,458,6,180628B_rec_B-P1p-PCR_S214,MDCK,in vitro,extracellular,bulk
PB1,462,1942,1,180628B_rec_B-P1p-PCR_S214,MDCK,in vitro,extracellular,bulk
PB1,621,1874,57,180628B_rec_B-P1p-PCR_S214,MDCK,in vitro,extracellular,bulk
PB1,621,1875,2,180628B_rec_B-P1p-PCR_S214,MDCK,in vitro,extracellular,bulk
PB1,622,1876,1,180628B_rec_B-P1p-PCR_S214,MDCK,in vitro,extracellular,bulk
PB1,624,1878,2,180628B_rec_B-P1p-PCR_S214,MDCK,in vitro,extracellular,bulk
PB1,625,1878,25403,180628B_rec_B-P1p-PCR_S214,MDCK,in vitro,extracellular,bulk
PB1,625,1879,1,180628B_rec_B-P1p-PCR_S214,MDCK,in vitro,extracellular,bulk
PB1,626,1879,18,180628B_rec_B-P1p-PCR_S214,MDCK,in vitro,extracellular,bulk
PB1,630,1879,1,180628B_rec_B-P1p-PCR_S214,MDCK,in vitro,extracellular,bulk
PB1,632,1879,1,180628B_rec_B-P1p-PCR_S214,MDCK,in vitro,extracellular,bulk
PB1,638,1951,1,180628B_rec_B-P1p-PCR_S214,MDCK,in vitro,extracellular,bulk
PB1,71,2236,3,180628B_rec_B-P1p-PCR_S214,MDCK,in vitro,extracellular,bulk
PB1,809,1996,7,180628B_rec_B-P1p-PCR_S214,MDCK,in vitro,extracellular,bulk
PB1,88,2109,19,180628B_rec_B-P1p-PCR_S214,MDCK,in vitro,extracellular,bulk
PB1,893,1363,1,180628B_rec_B-P1p-PCR_S214,MDCK,in vitro,extracellular,bulk
PA,201,1899,36,180628B_rec_B-P1p-PCR_S214,MDCK,in vitro,extracellular,bulk
PA,309,1852,11,180628B_rec_B-P1p-PCR_S214,MDCK,in vitro,extracellular,bulk
PA,349,375,1,180628B_rec_B-P1p-PCR_S214,MDCK,in vitro,extracellular,bulk
PA,846,2066,1,180628B_rec_B-P1p-PCR_S214,MDCK,in vitro,extracellular,bulk
PA,881,977,2,180628B_rec_B-P1p-PCR_S214,MDCK,in vitro,extracellular,bulk
PA,905,1080,5,180628B_rec_B-P1p-PCR_S214,MDCK,in vitro,extracellular,bulk
PA,905,2100,8,180628B_rec_B-P1p-PCR_S214,MDCK,in vitro,extracellular,bulk
PA,911,1617,6,180628B_rec_B-P1p-PCR_S214,MDCK,in vitro,extracellular,bulk
HA,1523,1594,1,180628B_rec_B-P1p-PCR_S214,MDCK,in vitro,extracellular,bulk
HA,257,882,11,180628B_rec_B-P1p-PCR_S214,MDCK,in vitro,extracellular,bulk
HA,400,1019,5,180628B_rec_B-P1p-PCR_S214,MDCK,in vitro,extracellular,bulk
HA,447,1565,3,180628B_rec_B-P1p-PCR_S214,MDCK,in vitro,extracellular,bulk
HA,739,761,1,180628B_rec_B-P1p-PCR_S214,MDCK,in vitro,extracellular,bulk
NP,1024,1435,4,180628B_rec_B-P1p-PCR_S214,MDCK,in vitro,extracellular,bulk
NP,1220,1409,3,180628B_rec_B-P1p-PCR_S214,MDCK,in vitro,extracellular,bulk
NP,1299,1359,1,180628B_rec_B-P1p-PCR_S214,MDCK,in vitro,extracellular,bulk
NP,1367,1491,2,180628B_rec_B-P1p-PCR_S214,MDCK,in vitro,extracellular,bulk
NP,1370,1487,1,180628B_rec_B-P1p-PCR_S214,MDCK,in vitro,extracellular,bulk
NP,292,1359,9,180628B_rec_B-P1p-PCR_S214,MDCK,in vitro,extracellular,bulk
NP,296,531,2,180628B_rec_B-P1p-PCR_S214,MDCK,in vitro,extracellular,bulk
NP,347,1200,37,180628B_rec_B-P1p-PCR_S214,MDCK,in vitro,extracellular,bulk
NP,356,1397,14,180628B_rec_B-P1p-PCR_S214,MDCK,in vitro,extracellular,bulk
NP,367,1356,7,180628B_rec_B-P1p-PCR_S214,MDCK,in vitro,extracellular,bulk
NP,411,1261,12,180628B_rec_B-P1p-PCR_S214,MDCK,in vitro,extracellular,bulk
NP,434,486,8,180628B_rec_B-P1p-PCR_S214,MDCK,in vitro,extracellular,bulk
NP,437,1326,11,180628B_rec_B-P1p-PCR_S214,MDCK,in vitro,extracellular,bulk
NP,439,1328,28,180628B_rec_B-P1p-PCR_S214,MDCK,in vitro,extracellular,bulk
NP,440,1338,15,180628B_rec_B-P1p-PCR_S214,MDCK,in vitro,extracellular,bulk
NP,475,845,8,180628B_rec_B-P1p-PCR_S214,MDCK,in vitro,extracellular,bulk
NP,481,1390,7,180628B_rec_B-P1p-PCR_S214,MDCK,in vitro,extracellular,bulk
NP,481,1412,4,180628B_rec_B-P1p-PCR_S214,MDCK,in vitro,extracellular,bulk
NP,483,549,2,180628B_rec_B-P1p-PCR_S214,MDCK,in vitro,extracellular,bulk
NP,483,592,8,180628B_rec_B-P1p-PCR_S214,MDCK,in vitro,extracellular,bulk
NP,484,1400,2,180628B_rec_B-P1p-PCR_S214,MDCK,in vitro,extracellular,bulk
NP,493,1407,19,180628B_rec_B-P1p-PCR_S214,MDCK,in vitro,extracellular,bulk
NP,513,1009,10,180628B_rec_B-P1p-PCR_S214,MDCK,in vitro,extracellular,bulk
NP,532,793,1,180628B_rec_B-P1p-PCR_S214,MDCK,in vitro,extracellular,bulk
NP,538,589,2,180628B_rec_B-P1p-PCR_S214,MDCK,in vitro,extracellular,bulk
NP,779,848,8,180628B_rec_B-P1p-PCR_S214,MDCK,in vitro,extracellular,bulk
NP,831,1417,8,180628B_rec_B-P1p-PCR_S214,MDCK,in vitro,extracellular,bulk
NP,86,151,2,180628B_rec_B-P1p-PCR_S214,MDCK,in vitro,extracellular,bulk
NP,898,1055,3,180628B_rec_B-P1p-PCR_S214,MDCK,in vitro,extracellular,bulk
NP,927,1064,1,180628B_rec_B-P1p-PCR_S214,MDCK,in vitro,extracellular,bulk
NP,930,1094,4,180628B_rec_B-P1p-PCR_S214,MDCK,in vitro,extracellular,bulk
NP,96,151,1,180628B_rec_B-P1p-PCR_S214,MDCK,in vitro,extracellular,bulk
NA,1140,1228,3,180628B_rec_B-P1p-PCR_S214,MDCK,in vitro,extracellular,bulk
NA,1158,1217,8,180628B_rec_B-P1p-PCR_S214,MDCK,in vitro,extracellular,bulk
NA,1312,1338,4,180628B_rec_B-P1p-PCR_S214,MDCK,in vitro,extracellular,bulk
NA,403,622,21,180628B_rec_B-P1p-PCR_S214,MDCK,in vitro,extracellular,bulk
NA,427,1117,6,180628B_rec_B-P1p-PCR_S214,MDCK,in vitro,extracellular,bulk
NA,542,724,1,180628B_rec_B-P1p-PCR_S214,MDCK,in vitro,extracellular,bulk
NA,700,877,1,180628B_rec_B-P1p-PCR_S214,MDCK,in vitro,extracellular,bulk
NA,705,997,7,180628B_rec_B-P1p-PCR_S214,MDCK,in vitro,extracellular,bulk
NA,716,839,9,180628B_rec_B-P1p-PCR_S214,MDCK,in vitro,extracellular,bulk
NA,740,1022,8,180628B_rec_B-P1p-PCR_S214,MDCK,in vitro,extracellular,bulk
NA,882,1083,6,180628B_rec_B-P1p-PCR_S214,MDCK,in vitro,extracellular,bulk
NA,918,1049,16,180628B_rec_B-P1p-PCR_S214,MDCK,in vitro,extracellular,bulk
M,122,933,2,180628B_rec_B-P1p-PCR_S214,MDCK,in vitro,extracellular,bulk
M,167,367,3,180628B_rec_B-P1p-PCR_S214,MDCK,in vitro,extracellular,bulk
M,279,319,13,180628B_rec_B-P1p-PCR_S214,MDCK,in vitro,extracellular,bulk
M,311,492,1,180628B_rec_B-P1p-PCR_S214,MDCK,in vitro,extracellular,bulk
M,359,761,16,180628B_rec_B-P1p-PCR_S214,MDCK,in vitro,extracellular,bulk
M,359,762,1,180628B_rec_B-P1p-PCR_S214,MDCK,in vitro,extracellular,bulk
M,367,467,1,180628B_rec_B-P1p-PCR_S214,MDCK,in vitro,extracellular,bulk
M,462,744,11,180628B_rec_B-P1p-PCR_S214,MDCK,in vitro,extracellular,bulk
M,485,560,15,180628B_rec_B-P1p-PCR_S214,MDCK,in vitro,extracellular,bulk
M,488,563,6,180628B_rec_B-P1p-PCR_S214,MDCK,in vitro,extracellular,bulk
M,512,560,17,180628B_rec_B-P1p-PCR_S214,MDCK,in vitro,extracellular,bulk
M,521,603,19,180628B_rec_B-P1p-PCR_S214,MDCK,in vitro,extracellular,bulk
M,523,665,1,180628B_rec_B-P1p-PCR_S214,MDCK,in vitro,extracellular,bulk
M,526,801,30,180628B_rec_B-P1p-PCR_S214,MDCK,in vitro,extracellular,bulk
M,556,679,1,180628B_rec_B-P1p-PCR_S214,MDCK,in vitro,extracellular,bulk
M,593,931,1,180628B_rec_B-P1p-PCR_S214,MDCK,in vitro,extracellular,bulk
M,623,740,7,180628B_rec_B-P1p-PCR_S214,MDCK,in vitro,extracellular,bulk
M,630,657,1,180628B_rec_B-P1p-PCR_S214,MDCK,in vitro,extracellular,bulk
M,641,814,1,180628B_rec_B-P1p-PCR_S214,MDCK,in vitro,extracellular,bulk
M,643,707,10,180628B_rec_B-P1p-PCR_S214,MDCK,in vitro,extracellular,bulk
M,739,802,12,180628B_rec_B-P1p-PCR_S214,MDCK,in vitro,extracellular,bulk
M,786,847,35,180628B_rec_B-P1p-PCR_S214,MDCK,in vitro,extracellular,bulk
M,899,934,9,180628B_rec_B-P1p-PCR_S214,MDCK,in vitro,extracellular,bulk
NS,357,421,28,180628B_rec_B-P1p-PCR_S214,MDCK,in vitro,extracellular,bulk
NS,359,433,4,180628B_rec_B-P1p-PCR_S214,MDCK,in vitro,extracellular,bulk
NS,385,452,2,180628B_rec_B-P1p-PCR_S214,MDCK,in vitro,extracellular,bulk
NS,417,539,8,180628B_rec_B-P1p-PCR_S214,MDCK,in vitro,extracellular,bulk
PB2,1014,1593,1,180628B_rec_C-P1p-PCR_S215,MDCK,in vitro,extracellular,bulk
PB2,1025,1821,1,180628B_rec_C-P1p-PCR_S215,MDCK,in vitro,extracellular,bulk
PB2,1031,1091,1,180628B_rec_C-P1p-PCR_S215,MDCK,in vitro,extracellular,bulk
PB2,1075,1886,1,180628B_rec_C-P1p-PCR_S215,MDCK,in vitro,extracellular,bulk
PB2,108,2140,4,180628B_rec_C-P1p-PCR_S215,MDCK,in vitro,extracellular,bulk
PB2,1108,2141,1,180628B_rec_C-P1p-PCR_S215,MDCK,in vitro,extracellular,bulk
PB2,1116,1828,1,180628B_rec_C-P1p-PCR_S215,MDCK,in vitro,extracellular,bulk
PB2,1120,1246,1,180628B_rec_C-P1p-PCR_S215,MDCK,in vitro,extracellular,bulk
PB2,1131,1195,1,180628B_rec_C-P1p-PCR_S215,MDCK,in vitro,extracellular,bulk
PB2,1158,1267,1,180628B_rec_C-P1p-PCR_S215,MDCK,in vitro,extracellular,bulk
PB2,115,1800,1,180628B_rec_C-P1p-PCR_S215,MDCK,in vitro,extracellular,bulk
PB2,1174,2110,1,180628B_rec_C-P1p-PCR_S215,MDCK,in vitro,extracellular,bulk
PB2,1177,1307,1,180628B_rec_C-P1p-PCR_S215,MDCK,in vitro,extracellular,bulk
PB2,1179,1741,1,180628B_rec_C-P1p-PCR_S215,MDCK,in vitro,extracellular,bulk
PB2,123,165,1,180628B_rec_C-P1p-PCR_S215,MDCK,in vitro,extracellular,bulk
PB2,126,1507,1,180628B_rec_C-P1p-PCR_S215,MDCK,in vitro,extracellular,bulk
PB2,1305,1958,1,180628B_rec_C-P1p-PCR_S215,MDCK,in vitro,extracellular,bulk
PB2,131,2096,1,180628B_rec_C-P1p-PCR_S215,MDCK,in vitro,extracellular,bulk
PB2,134,1565,3,180628B_rec_C-P1p-PCR_S215,MDCK,in vitro,extracellular,bulk
PB2,134,1626,1,180628B_rec_C-P1p-PCR_S215,MDCK,in vitro,extracellular,bulk
PB2,135,2123,1,180628B_rec_C-P1p-PCR_S215,MDCK,in vitro,extracellular,bulk
PB2,136,1870,1,180628B_rec_C-P1p-PCR_S215,MDCK,in vitro,extracellular,bulk
PB2,138,167,1,180628B_rec_C-P1p-PCR_S215,MDCK,in vitro,extracellular,bulk
PB2,139,1961,2,180628B_rec_C-P1p-PCR_S215,MDCK,in vitro,extracellular,bulk
PB2,1439,1504,1,180628B_rec_C-P1p-PCR_S215,MDCK,in vitro,extracellular,bulk
PB2,1469,1661,1,180628B_rec_C-P1p-PCR_S215,MDCK,in vitro,extracellular,bulk
PB2,1485,1644,1,180628B_rec_C-P1p-PCR_S215,MDCK,in vitro,extracellular,bulk
PB2,148,2137,6,180628B_rec_C-P1p-PCR_S215,MDCK,in vitro,extracellular,bulk
PB2,1493,1996,2,180628B_rec_C-P1p-PCR_S215,MDCK,in vitro,extracellular,bulk
PB2,1510,1542,1,180628B_rec_C-P1p-PCR_S215,MDCK,in vitro,extracellular,bulk
PB2,1528,1603,1,180628B_rec_C-P1p-PCR_S215,MDCK,in vitro,extracellular,bulk
PB2,152,2095,1,180628B_rec_C-P1p-PCR_S215,MDCK,in vitro,extracellular,bulk
PB2,157,2066,1,180628B_rec_C-P1p-PCR_S215,MDCK,in vitro,extracellular,bulk
PB2,158,2077,1,180628B_rec_C-P1p-PCR_S215,MDCK,in vitro,extracellular,bulk
PB2,1596,1641,1,180628B_rec_C-P1p-PCR_S215,MDCK,in vitro,extracellular,bulk
PB2,1596,1842,1,180628B_rec_C-P1p-PCR_S215,MDCK,in vitro,extracellular,bulk
PB2,159,2088,2,180628B_rec_C-P1p-PCR_S215,MDCK,in vitro,extracellular,bulk
PB2,164,2129,1,180628B_rec_C-P1p-PCR_S215,MDCK,in vitro,extracellular,bulk
PB2,1683,1809,2,180628B_rec_C-P1p-PCR_S215,MDCK,in vitro,extracellular,bulk
PB2,1717,1772,1,180628B_rec_C-P1p-PCR_S215,MDCK,in vitro,extracellular,bulk
PB2,172,2138,1,180628B_rec_C-P1p-PCR_S215,MDCK,in vitro,extracellular,bulk
PB2,1784,1831,9,180628B_rec_C-P1p-PCR_S215,MDCK,in vitro,extracellular,bulk
PB2,1817,1950,2,180628B_rec_C-P1p-PCR_S215,MDCK,in vitro,extracellular,bulk
PB2,1836,1946,1,180628B_rec_C-P1p-PCR_S215,MDCK,in vitro,extracellular,bulk
PB2,1840,1952,4,180628B_rec_C-P1p-PCR_S215,MDCK,in vitro,extracellular,bulk
PB2,186,2112,1,180628B_rec_C-P1p-PCR_S215,MDCK,in vitro,extracellular,bulk
PB2,1883,1928,1,180628B_rec_C-P1p-PCR_S215,MDCK,in vitro,extracellular,bulk
PB2,1894,2096,1,180628B_rec_C-P1p-PCR_S215,MDCK,in vitro,extracellular,bulk
PB2,1903,2013,1,180628B_rec_C-P1p-PCR_S215,MDCK,in vitro,extracellular,bulk
PB2,190,2009,1,180628B_rec_C-P1p-PCR_S215,MDCK,in vitro,extracellular,bulk
PB2,190,2109,1,180628B_rec_C-P1p-PCR_S215,MDCK,in vitro,extracellular,bulk
PB2,191,1998,1,180628B_rec_C-P1p-PCR_S215,MDCK,in vitro,extracellular,bulk
PB2,191,2008,13,180628B_rec_C-P1p-PCR_S215,MDCK,in vitro,extracellular,bulk
PB2,191,2009,1,180628B_rec_C-P1p-PCR_S215,MDCK,in vitro,extracellular,bulk
PB2,192,2115,1,180628B_rec_C-P1p-PCR_S215,MDCK,in vitro,extracellular,bulk
PB2,193,2011,3,180628B_rec_C-P1p-PCR_S215,MDCK,in vitro,extracellular,bulk
PB2,193,2013,1,180628B_rec_C-P1p-PCR_S215,MDCK,in vitro,extracellular,bulk
PB2,195,2012,10531,180628B_rec_C-P1p-PCR_S215,MDCK,in vitro,extracellular,bulk
PB2,196,1784,1,180628B_rec_C-P1p-PCR_S215,MDCK,in vitro,extracellular,bulk
PB2,196,1831,2,180628B_rec_C-P1p-PCR_S215,MDCK,in vitro,extracellular,bulk
PB2,196,2071,2,180628B_rec_C-P1p-PCR_S215,MDCK,in vitro,extracellular,bulk
PB2,197,1802,1,180628B_rec_C-P1p-PCR_S215,MDCK,in vitro,extracellular,bulk
PB2,197,2014,10,180628B_rec_C-P1p-PCR_S215,MDCK,in vitro,extracellular,bulk
PB2,1982,2212,1,180628B_rec_C-P1p-PCR_S215,MDCK,in vitro,extracellular,bulk
PB2,1997,2070,5,180628B_rec_C-P1p-PCR_S215,MDCK,in vitro,extracellular,bulk
PB2,199,2117,494,180628B_rec_C-P1p-PCR_S215,MDCK,in vitro,extracellular,bulk
PB2,201,2003,1,180628B_rec_C-P1p-PCR_S215,MDCK,in vitro,extracellular,bulk
PB2,201,2035,1,180628B_rec_C-P1p-PCR_S215,MDCK,in vitro,extracellular,bulk
PB2,202,2069,2,180628B_rec_C-P1p-PCR_S215,MDCK,in vitro,extracellular,bulk
PB2,2030,2100,2,180628B_rec_C-P1p-PCR_S215,MDCK,in vitro,extracellular,bulk
PB2,2034,2104,1,180628B_rec_C-P1p-PCR_S215,MDCK,in vitro,extracellular,bulk
PB2,2038,2073,2,180628B_rec_C-P1p-PCR_S215,MDCK,in vitro,extracellular,bulk
PB2,2039,2071,2,180628B_rec_C-P1p-PCR_S215,MDCK,in vitro,extracellular,bulk
PB2,2039,2083,8,180628B_rec_C-P1p-PCR_S215,MDCK,in vitro,extracellular,bulk
PB2,2039,2088,1,180628B_rec_C-P1p-PCR_S215,MDCK,in vitro,extracellular,bulk
PB2,2039,2185,4,180628B_rec_C-P1p-PCR_S215,MDCK,in vitro,extracellular,bulk
PB2,2039,2215,1,180628B_rec_C-P1p-PCR_S215,MDCK,in vitro,extracellular,bulk
PB2,203,2013,1,180628B_rec_C-P1p-PCR_S215,MDCK,in vitro,extracellular,bulk
PB2,2040,2108,1,180628B_rec_C-P1p-PCR_S215,MDCK,in vitro,extracellular,bulk
PB2,2041,2069,2,180628B_rec_C-P1p-PCR_S215,MDCK,in vitro,extracellular,bulk
PB2,2043,2194,1,180628B_rec_C-P1p-PCR_S215,MDCK,in vitro,extracellular,bulk
PB2,2044,2101,1,180628B_rec_C-P1p-PCR_S215,MDCK,in vitro,extracellular,bulk
PB2,2045,2082,8,180628B_rec_C-P1p-PCR_S215,MDCK,in vitro,extracellular,bulk
PB2,2045,2120,2,180628B_rec_C-P1p-PCR_S215,MDCK,in vitro,extracellular,bulk
PB2,2057,2102,4,180628B_rec_C-P1p-PCR_S215,MDCK,in vitro,extracellular,bulk
PB2,2061,2131,10,180628B_rec_C-P1p-PCR_S215,MDCK,in vitro,extracellular,bulk
PB2,2067,2138,1,180628B_rec_C-P1p-PCR_S215,MDCK,in vitro,extracellular,bulk
PB2,2081,2120,1,180628B_rec_C-P1p-PCR_S215,MDCK,in vitro,extracellular,bulk
PB2,208,2132,1,180628B_rec_C-P1p-PCR_S215,MDCK,in vitro,extracellular,bulk
PB2,212,1994,10,180628B_rec_C-P1p-PCR_S215,MDCK,in vitro,extracellular,bulk
PB2,213,2047,6,180628B_rec_C-P1p-PCR_S215,MDCK,in vitro,extracellular,bulk
PB2,2186,2217,3,180628B_rec_C-P1p-PCR_S215,MDCK,in vitro,extracellular,bulk
PB2,221,1999,1,180628B_rec_C-P1p-PCR_S215,MDCK,in vitro,extracellular,bulk
PB2,221,2083,1,180628B_rec_C-P1p-PCR_S215,MDCK,in vitro,extracellular,bulk
PB2,223,2017,1,180628B_rec_C-P1p-PCR_S215,MDCK,in vitro,extracellular,bulk
PB2,223,2037,1,180628B_rec_C-P1p-PCR_S215,MDCK,in vitro,extracellular,bulk
PB2,223,2242,1,180628B_rec_C-P1p-PCR_S215,MDCK,in vitro,extracellular,bulk
PB2,225,1946,1,180628B_rec_C-P1p-PCR_S215,MDCK,in vitro,extracellular,bulk
PB2,226,1838,1,180628B_rec_C-P1p-PCR_S215,MDCK,in vitro,extracellular,bulk
PB2,227,1635,2,180628B_rec_C-P1p-PCR_S215,MDCK,in vitro,extracellular,bulk
PB2,228,1687,1,180628B_rec_C-P1p-PCR_S215,MDCK,in vitro,extracellular,bulk
PB2,229,1175,1,180628B_rec_C-P1p-PCR_S215,MDCK,in vitro,extracellular,bulk
PB2,233,1656,5,180628B_rec_C-P1p-PCR_S215,MDCK,in vitro,extracellular,bulk
PB2,236,2105,2,180628B_rec_C-P1p-PCR_S215,MDCK,in vitro,extracellular,bulk
PB2,239,2122,1,180628B_rec_C-P1p-PCR_S215,MDCK,in vitro,extracellular,bulk
PB2,243,1839,5,180628B_rec_C-P1p-PCR_S215,MDCK,in vitro,extracellular,bulk
PB2,245,1998,6,180628B_rec_C-P1p-PCR_S215,MDCK,in vitro,extracellular,bulk
PB2,245,2171,2,180628B_rec_C-P1p-PCR_S215,MDCK,in vitro,extracellular,bulk
PB2,246,1991,1,180628B_rec_C-P1p-PCR_S215,MDCK,in vitro,extracellular,bulk
PB2,247,2134,1,180628B_rec_C-P1p-PCR_S215,MDCK,in vitro,extracellular,bulk
PB2,247,2155,1,180628B_rec_C-P1p-PCR_S215,MDCK,in vitro,extracellular,bulk
PB2,249,1597,1,180628B_rec_C-P1p-PCR_S215,MDCK,in vitro,extracellular,bulk
PB2,249,1641,1,180628B_rec_C-P1p-PCR_S215,MDCK,in vitro,extracellular,bulk
PB2,251,1855,1,180628B_rec_C-P1p-PCR_S215,MDCK,in vitro,extracellular,bulk
PB2,252,2004,20,180628B_rec_C-P1p-PCR_S215,MDCK,in vitro,extracellular,bulk
PB2,255,2014,1,180628B_rec_C-P1p-PCR_S215,MDCK,in vitro,extracellular,bulk
PB2,257,2013,1,180628B_rec_C-P1p-PCR_S215,MDCK,in vitro,extracellular,bulk
PB2,259,2008,1,180628B_rec_C-P1p-PCR_S215,MDCK,in vitro,extracellular,bulk
PB2,270,1477,1,180628B_rec_C-P1p-PCR_S215,MDCK,in vitro,extracellular,bulk
PB2,271,1838,1,180628B_rec_C-P1p-PCR_S215,MDCK,in vitro,extracellular,bulk
PB2,273,1658,1,180628B_rec_C-P1p-PCR_S215,MDCK,in vitro,extracellular,bulk
PB2,274,1946,1,180628B_rec_C-P1p-PCR_S215,MDCK,in vitro,extracellular,bulk
PB2,275,1838,1,180628B_rec_C-P1p-PCR_S215,MDCK,in vitro,extracellular,bulk
PB2,276,2091,1,180628B_rec_C-P1p-PCR_S215,MDCK,in vitro,extracellular,bulk
PB2,284,2110,1,180628B_rec_C-P1p-PCR_S215,MDCK,in vitro,extracellular,bulk
PB2,286,1661,1,180628B_rec_C-P1p-PCR_S215,MDCK,in vitro,extracellular,bulk
PB2,288,1938,4,180628B_rec_C-P1p-PCR_S215,MDCK,in vitro,extracellular,bulk
PB2,293,2014,3,180628B_rec_C-P1p-PCR_S215,MDCK,in vitro,extracellular,bulk
PB2,295,1817,1,180628B_rec_C-P1p-PCR_S215,MDCK,in vitro,extracellular,bulk
PB2,295,1982,1853,180628B_rec_C-P1p-PCR_S215,MDCK,in vitro,extracellular,bulk
PB2,296,1983,1,180628B_rec_C-P1p-PCR_S215,MDCK,in vitro,extracellular,bulk
PB2,297,1636,4,180628B_rec_C-P1p-PCR_S215,MDCK,in vitro,extracellular,bulk
PB2,297,1844,3,180628B_rec_C-P1p-PCR_S215,MDCK,in vitro,extracellular,bulk
PB2,298,1639,1,180628B_rec_C-P1p-PCR_S215,MDCK,in vitro,extracellular,bulk
PB2,298,2208,1,180628B_rec_C-P1p-PCR_S215,MDCK,in vitro,extracellular,bulk
PB2,300,2230,2,180628B_rec_C-P1p-PCR_S215,MDCK,in vitro,extracellular,bulk
PB2,301,1994,1,180628B_rec_C-P1p-PCR_S215,MDCK,in vitro,extracellular,bulk
PB2,303,1957,4,180628B_rec_C-P1p-PCR_S215,MDCK,in vitro,extracellular,bulk
PB2,304,1952,1,180628B_rec_C-P1p-PCR_S215,MDCK,in vitro,extracellular,bulk
PB2,304,1953,1,180628B_rec_C-P1p-PCR_S215,MDCK,in vitro,extracellular,bulk
PB2,305,2057,3,180628B_rec_C-P1p-PCR_S215,MDCK,in vitro,extracellular,bulk
PB2,307,1922,1,180628B_rec_C-P1p-PCR_S215,MDCK,in vitro,extracellular,bulk
PB2,307,1932,1,180628B_rec_C-P1p-PCR_S215,MDCK,in vitro,extracellular,bulk
PB2,307,2113,1,180628B_rec_C-P1p-PCR_S215,MDCK,in vitro,extracellular,bulk
PB2,309,1735,1,180628B_rec_C-P1p-PCR_S215,MDCK,in vitro,extracellular,bulk
PB2,310,2120,5,180628B_rec_C-P1p-PCR_S215,MDCK,in vitro,extracellular,bulk
PB2,312,1967,1,180628B_rec_C-P1p-PCR_S215,MDCK,in vitro,extracellular,bulk
PB2,313,2081,1,180628B_rec_C-P1p-PCR_S215,MDCK,in vitro,extracellular,bulk
PB2,314,1884,4,180628B_rec_C-P1p-PCR_S215,MDCK,in vitro,extracellular,bulk
PB2,315,1638,1,180628B_rec_C-P1p-PCR_S215,MDCK,in vitro,extracellular,bulk
PB2,317,2114,1,180628B_rec_C-P1p-PCR_S215,MDCK,in vitro,extracellular,bulk
PB2,318,2003,1,180628B_rec_C-P1p-PCR_S215,MDCK,in vitro,extracellular,bulk
PB2,326,2025,1,180628B_rec_C-P1p-PCR_S215,MDCK,in vitro,extracellular,bulk
PB2,327,1920,5,180628B_rec_C-P1p-PCR_S215,MDCK,in vitro,extracellular,bulk
PB2,331,1980,1,180628B_rec_C-P1p-PCR_S215,MDCK,in vitro,extracellular,bulk
PB2,334,1921,1,180628B_rec_C-P1p-PCR_S215,MDCK,in vitro,extracellular,bulk
PB2,334,1963,2,180628B_rec_C-P1p-PCR_S215,MDCK,in vitro,extracellular,bulk
PB2,334,1999,1,180628B_rec_C-P1p-PCR_S215,MDCK,in vitro,extracellular,bulk
PB2,334,2233,1,180628B_rec_C-P1p-PCR_S215,MDCK,in vitro,extracellular,bulk
PB2,336,1755,2,180628B_rec_C-P1p-PCR_S215,MDCK,in vitro,extracellular,bulk
PB2,337,1935,9,180628B_rec_C-P1p-PCR_S215,MDCK,in vitro,extracellular,bulk
PB2,339,1955,1,180628B_rec_C-P1p-PCR_S215,MDCK,in vitro,extracellular,bulk
PB2,340,2147,8,180628B_rec_C-P1p-PCR_S215,MDCK,in vitro,extracellular,bulk
PB2,343,1587,4,180628B_rec_C-P1p-PCR_S215,MDCK,in vitro,extracellular,bulk
PB2,347,2008,1,180628B_rec_C-P1p-PCR_S215,MDCK,in vitro,extracellular,bulk
PB2,351,1773,88,180628B_rec_C-P1p-PCR_S215,MDCK,in vitro,extracellular,bulk
PB2,351,2003,1,180628B_rec_C-P1p-PCR_S215,MDCK,in vitro,extracellular,bulk
PB2,354,1992,1,180628B_rec_C-P1p-PCR_S215,MDCK,in vitro,extracellular,bulk
PB2,355,2030,1,180628B_rec_C-P1p-PCR_S215,MDCK,in vitro,extracellular,bulk
PB2,358,1728,1,180628B_rec_C-P1p-PCR_S215,MDCK,in vitro,extracellular,bulk
PB2,359,1827,1,180628B_rec_C-P1p-PCR_S215,MDCK,in vitro,extracellular,bulk
PB2,361,1829,1341,180628B_rec_C-P1p-PCR_S215,MDCK,in vitro,extracellular,bulk
PB2,363,1831,2,180628B_rec_C-P1p-PCR_S215,MDCK,in vitro,extracellular,bulk
PB2,365,2026,1,180628B_rec_C-P1p-PCR_S215,MDCK,in vitro,extracellular,bulk
PB2,366,1933,1,180628B_rec_C-P1p-PCR_S215,MDCK,in vitro,extracellular,bulk
PB2,368,1872,1,180628B_rec_C-P1p-PCR_S215,MDCK,in vitro,extracellular,bulk
PB2,374,1762,1,180628B_rec_C-P1p-PCR_S215,MDCK,in vitro,extracellular,bulk
PB2,378,1827,1,180628B_rec_C-P1p-PCR_S215,MDCK,in vitro,extracellular,bulk
PB2,381,1873,1,180628B_rec_C-P1p-PCR_S215,MDCK,in vitro,extracellular,bulk
PB2,385,1826,1,180628B_rec_C-P1p-PCR_S215,MDCK,in vitro,extracellular,bulk
PB2,385,1846,1,180628B_rec_C-P1p-PCR_S215,MDCK,in vitro,extracellular,bulk
PB2,396,1064,1,180628B_rec_C-P1p-PCR_S215,MDCK,in vitro,extracellular,bulk
PB2,396,458,1,180628B_rec_C-P1p-PCR_S215,MDCK,in vitro,extracellular,bulk
PB2,399,2184,1,180628B_rec_C-P1p-PCR_S215,MDCK,in vitro,extracellular,bulk
PB2,412,523,2,180628B_rec_C-P1p-PCR_S215,MDCK,in vitro,extracellular,bulk
PB2,416,1882,1,180628B_rec_C-P1p-PCR_S215,MDCK,in vitro,extracellular,bulk
PB2,417,2052,1,180628B_rec_C-P1p-PCR_S215,MDCK,in vitro,extracellular,bulk
PB2,422,444,1,180628B_rec_C-P1p-PCR_S215,MDCK,in vitro,extracellular,bulk
PB2,429,1968,1,180628B_rec_C-P1p-PCR_S215,MDCK,in vitro,extracellular,bulk
PB2,431,1768,1,180628B_rec_C-P1p-PCR_S215,MDCK,in vitro,extracellular,bulk
PB2,431,1833,1,180628B_rec_C-P1p-PCR_S215,MDCK,in vitro,extracellular,bulk
PB2,432,1729,1,180628B_rec_C-P1p-PCR_S215,MDCK,in vitro,extracellular,bulk
PB2,433,1803,1,180628B_rec_C-P1p-PCR_S215,MDCK,in vitro,extracellular,bulk
PB2,434,1594,7,180628B_rec_C-P1p-PCR_S215,MDCK,in vitro,extracellular,bulk
PB2,440,1772,19,180628B_rec_C-P1p-PCR_S215,MDCK,in vitro,extracellular,bulk
PB2,450,1833,1,180628B_rec_C-P1p-PCR_S215,MDCK,in vitro,extracellular,bulk
PB2,453,1742,1,180628B_rec_C-P1p-PCR_S215,MDCK,in vitro,extracellular,bulk
PB2,454,1828,3,180628B_rec_C-P1p-PCR_S215,MDCK,in vitro,extracellular,bulk
PB2,462,2320,1,180628B_rec_C-P1p-PCR_S215,MDCK,in vitro,extracellular,bulk
PB2,464,2088,1,180628B_rec_C-P1p-PCR_S215,MDCK,in vitro,extracellular,bulk
PB2,471,1999,1,180628B_rec_C-P1p-PCR_S215,MDCK,in vitro,extracellular,bulk
PB2,477,1802,5,180628B_rec_C-P1p-PCR_S215,MDCK,in vitro,extracellular,bulk
PB2,485,1748,1,180628B_rec_C-P1p-PCR_S215,MDCK,in vitro,extracellular,bulk
PB2,489,1929,3,180628B_rec_C-P1p-PCR_S215,MDCK,in vitro,extracellular,bulk
PB2,491,1870,1,180628B_rec_C-P1p-PCR_S215,MDCK,in vitro,extracellular,bulk
PB2,495,1706,1,180628B_rec_C-P1p-PCR_S215,MDCK,in vitro,extracellular,bulk
PB2,495,1888,1,180628B_rec_C-P1p-PCR_S215,MDCK,in vitro,extracellular,bulk
PB2,496,1752,157,180628B_rec_C-P1p-PCR_S215,MDCK,in vitro,extracellular,bulk
PB2,498,1830,14,180628B_rec_C-P1p-PCR_S215,MDCK,in vitro,extracellular,bulk
PB2,500,1745,1,180628B_rec_C-P1p-PCR_S215,MDCK,in vitro,extracellular,bulk
PB2,507,2078,4,180628B_rec_C-P1p-PCR_S215,MDCK,in vitro,extracellular,bulk
PB2,512,1779,1,180628B_rec_C-P1p-PCR_S215,MDCK,in vitro,extracellular,bulk
PB2,513,1793,4,180628B_rec_C-P1p-PCR_S215,MDCK,in vitro,extracellular,bulk
PB2,516,1883,59,180628B_rec_C-P1p-PCR_S215,MDCK,in vitro,extracellular,bulk
PB2,517,1660,1,180628B_rec_C-P1p-PCR_S215,MDCK,in vitro,extracellular,bulk
PB2,522,1756,1,180628B_rec_C-P1p-PCR_S215,MDCK,in vitro,extracellular,bulk
PB2,533,1645,1,180628B_rec_C-P1p-PCR_S215,MDCK,in vitro,extracellular,bulk
PB2,534,1707,3,180628B_rec_C-P1p-PCR_S215,MDCK,in vitro,extracellular,bulk
PB2,534,1890,1,180628B_rec_C-P1p-PCR_S215,MDCK,in vitro,extracellular,bulk
PB2,556,1734,2,180628B_rec_C-P1p-PCR_S215,MDCK,in vitro,extracellular,bulk
PB2,572,2095,1,180628B_rec_C-P1p-PCR_S215,MDCK,in vitro,extracellular,bulk
PB2,592,2104,1,180628B_rec_C-P1p-PCR_S215,MDCK,in vitro,extracellular,bulk
PB2,592,655,1,180628B_rec_C-P1p-PCR_S215,MDCK,in vitro,extracellular,bulk
PB2,595,2130,1,180628B_rec_C-P1p-PCR_S215,MDCK,in vitro,extracellular,bulk
PB2,602,2130,3,180628B_rec_C-P1p-PCR_S215,MDCK,in vitro,extracellular,bulk
PB2,603,2128,1,180628B_rec_C-P1p-PCR_S215,MDCK,in vitro,extracellular,bulk
PB2,608,1677,1,180628B_rec_C-P1p-PCR_S215,MDCK,in vitro,extracellular,bulk
PB2,609,1991,1,180628B_rec_C-P1p-PCR_S215,MDCK,in vitro,extracellular,bulk
PB2,620,1628,1,180628B_rec_C-P1p-PCR_S215,MDCK,in vitro,extracellular,bulk
PB2,624,1654,1,180628B_rec_C-P1p-PCR_S215,MDCK,in vitro,extracellular,bulk
PB2,625,2032,1,180628B_rec_C-P1p-PCR_S215,MDCK,in vitro,extracellular,bulk
PB2,626,1989,8,180628B_rec_C-P1p-PCR_S215,MDCK,in vitro,extracellular,bulk
PB2,627,736,1,180628B_rec_C-P1p-PCR_S215,MDCK,in vitro,extracellular,bulk
PB2,628,1932,22,180628B_rec_C-P1p-PCR_S215,MDCK,in vitro,extracellular,bulk
PB2,629,1734,1,180628B_rec_C-P1p-PCR_S215,MDCK,in vitro,extracellular,bulk
PB2,632,1841,1,180628B_rec_C-P1p-PCR_S215,MDCK,in vitro,extracellular,bulk
PB2,633,1534,48,180628B_rec_C-P1p-PCR_S215,MDCK,in vitro,extracellular,bulk
PB2,633,1738,379,180628B_rec_C-P1p-PCR_S215,MDCK,in vitro,extracellular,bulk
PB2,634,1535,1,180628B_rec_C-P1p-PCR_S215,MDCK,in vitro,extracellular,bulk
PB2,649,1667,1,180628B_rec_C-P1p-PCR_S215,MDCK,in vitro,extracellular,bulk
PB2,651,2084,2,180628B_rec_C-P1p-PCR_S215,MDCK,in vitro,extracellular,bulk
PB2,655,1581,1,180628B_rec_C-P1p-PCR_S215,MDCK,in vitro,extracellular,bulk
PB2,659,1822,1,180628B_rec_C-P1p-PCR_S215,MDCK,in vitro,extracellular,bulk
PB2,660,2167,4,180628B_rec_C-P1p-PCR_S215,MDCK,in vitro,extracellular,bulk
PB2,664,1653,1,180628B_rec_C-P1p-PCR_S215,MDCK,in vitro,extracellular,bulk
PB2,664,1829,1,180628B_rec_C-P1p-PCR_S215,MDCK,in vitro,extracellular,bulk
PB2,664,2049,1,180628B_rec_C-P1p-PCR_S215,MDCK,in vitro,extracellular,bulk
PB2,667,2095,1,180628B_rec_C-P1p-PCR_S215,MDCK,in vitro,extracellular,bulk
PB2,671,1956,33,180628B_rec_C-P1p-PCR_S215,MDCK,in vitro,extracellular,bulk
PB2,676,1446,1,180628B_rec_C-P1p-PCR_S215,MDCK,in vitro,extracellular,bulk
PB2,676,2138,1,180628B_rec_C-P1p-PCR_S215,MDCK,in vitro,extracellular,bulk
PB2,677,1645,3,180628B_rec_C-P1p-PCR_S215,MDCK,in vitro,extracellular,bulk
PB2,67,2028,1,180628B_rec_C-P1p-PCR_S215,MDCK,in vitro,extracellular,bulk
PB2,681,1932,3,180628B_rec_C-P1p-PCR_S215,MDCK,in vitro,extracellular,bulk
PB2,681,2113,18,180628B_rec_C-P1p-PCR_S215,MDCK,in vitro,extracellular,bulk
PB2,683,1573,1,180628B_rec_C-P1p-PCR_S215,MDCK,in vitro,extracellular,bulk
PB2,686,1992,2,180628B_rec_C-P1p-PCR_S215,MDCK,in vitro,extracellular,bulk
PB2,687,1846,3,180628B_rec_C-P1p-PCR_S215,MDCK,in vitro,extracellular,bulk
PB2,688,1809,1,180628B_rec_C-P1p-PCR_S215,MDCK,in vitro,extracellular,bulk
PB2,68,1206,2,180628B_rec_C-P1p-PCR_S215,MDCK,in vitro,extracellular,bulk
PB2,696,1009,1,180628B_rec_C-P1p-PCR_S215,MDCK,in vitro,extracellular,bulk
PB2,705,1925,1,180628B_rec_C-P1p-PCR_S215,MDCK,in vitro,extracellular,bulk
PB2,716,1937,1,180628B_rec_C-P1p-PCR_S215,MDCK,in vitro,extracellular,bulk
PB2,723,2227,1,180628B_rec_C-P1p-PCR_S215,MDCK,in vitro,extracellular,bulk
PB2,730,1860,8,180628B_rec_C-P1p-PCR_S215,MDCK,in vitro,extracellular,bulk
PB2,741,1600,1,180628B_rec_C-P1p-PCR_S215,MDCK,in vitro,extracellular,bulk
PB2,746,1337,1,180628B_rec_C-P1p-PCR_S215,MDCK,in vitro,extracellular,bulk
PB2,746,1741,4,180628B_rec_C-P1p-PCR_S215,MDCK,in vitro,extracellular,bulk
PB2,747,2082,12,180628B_rec_C-P1p-PCR_S215,MDCK,in vitro,extracellular,bulk
PB2,749,1130,1,180628B_rec_C-P1p-PCR_S215,MDCK,in vitro,extracellular,bulk
PB2,749,1641,1,180628B_rec_C-P1p-PCR_S215,MDCK,in vitro,extracellular,bulk
PB2,749,1842,4,180628B_rec_C-P1p-PCR_S215,MDCK,in vitro,extracellular,bulk
PB2,749,1853,2,180628B_rec_C-P1p-PCR_S215,MDCK,in vitro,extracellular,bulk
PB2,754,1602,3,180628B_rec_C-P1p-PCR_S215,MDCK,in vitro,extracellular,bulk
PB2,757,1845,1,180628B_rec_C-P1p-PCR_S215,MDCK,in vitro,extracellular,bulk
PB2,757,878,1,180628B_rec_C-P1p-PCR_S215,MDCK,in vitro,extracellular,bulk
PB2,769,1167,1,180628B_rec_C-P1p-PCR_S215,MDCK,in vitro,extracellular,bulk
PB2,770,2106,1,180628B_rec_C-P1p-PCR_S215,MDCK,in vitro,extracellular,bulk
PB2,773,1378,1,180628B_rec_C-P1p-PCR_S215,MDCK,in vitro,extracellular,bulk
PB2,787,1636,2,180628B_rec_C-P1p-PCR_S215,MDCK,in vitro,extracellular,bulk
PB2,804,1439,1,180628B_rec_C-P1p-PCR_S215,MDCK,in vitro,extracellular,bulk
PB2,821,1582,1,180628B_rec_C-P1p-PCR_S215,MDCK,in vitro,extracellular,bulk
PB2,85,1863,1,180628B_rec_C-P1p-PCR_S215,MDCK,in vitro,extracellular,bulk
PB2,86,1864,1,180628B_rec_C-P1p-PCR_S215,MDCK,in vitro,extracellular,bulk
PB2,875,1644,1,180628B_rec_C-P1p-PCR_S215,MDCK,in vitro,extracellular,bulk
PB2,879,1847,2,180628B_rec_C-P1p-PCR_S215,MDCK,in vitro,extracellular,bulk
PB2,87,1823,2,180628B_rec_C-P1p-PCR_S215,MDCK,in vitro,extracellular,bulk
PB2,88,1151,1,180628B_rec_C-P1p-PCR_S215,MDCK,in vitro,extracellular,bulk
PB2,88,1869,1,180628B_rec_C-P1p-PCR_S215,MDCK,in vitro,extracellular,bulk
PB2,89,1625,2,180628B_rec_C-P1p-PCR_S215,MDCK,in vitro,extracellular,bulk
PB2,907,2135,1,180628B_rec_C-P1p-PCR_S215,MDCK,in vitro,extracellular,bulk
PB2,910,1497,1,180628B_rec_C-P1p-PCR_S215,MDCK,in vitro,extracellular,bulk
PB2,910,2297,1,180628B_rec_C-P1p-PCR_S215,MDCK,in vitro,extracellular,bulk
PB2,941,1088,1,180628B_rec_C-P1p-PCR_S215,MDCK,in vitro,extracellular,bulk
PB2,941,2061,1,180628B_rec_C-P1p-PCR_S215,MDCK,in vitro,extracellular,bulk
PB2,961,1001,2,180628B_rec_C-P1p-PCR_S215,MDCK,in vitro,extracellular,bulk
PB2,972,1738,1,180628B_rec_C-P1p-PCR_S215,MDCK,in vitro,extracellular,bulk
PB2,990,1869,4,180628B_rec_C-P1p-PCR_S215,MDCK,in vitro,extracellular,bulk
PB2,991,1934,1,180628B_rec_C-P1p-PCR_S215,MDCK,in vitro,extracellular,bulk
PB1,1002,1115,2,180628B_rec_C-P1p-PCR_S215,MDCK,in vitro,extracellular,bulk
PB1,103,2173,2,180628B_rec_C-P1p-PCR_S215,MDCK,in vitro,extracellular,bulk
PB1,1041,1590,1,180628B_rec_C-P1p-PCR_S215,MDCK,in vitro,extracellular,bulk
PB1,1055,1088,1,180628B_rec_C-P1p-PCR_S215,MDCK,in vitro,extracellular,bulk
PB1,1081,1867,1,180628B_rec_C-P1p-PCR_S215,MDCK,in vitro,extracellular,bulk
PB1,1087,1717,1,180628B_rec_C-P1p-PCR_S215,MDCK,in vitro,extracellular,bulk
PB1,1151,1182,1,180628B_rec_C-P1p-PCR_S215,MDCK,in vitro,extracellular,bulk
PB1,1200,1417,1,180628B_rec_C-P1p-PCR_S215,MDCK,in vitro,extracellular,bulk
PB1,127,2079,5,180628B_rec_C-P1p-PCR_S215,MDCK,in vitro,extracellular,bulk
PB1,128,1004,32,180628B_rec_C-P1p-PCR_S215,MDCK,in vitro,extracellular,bulk
PB1,128,2080,605,180628B_rec_C-P1p-PCR_S215,MDCK,in vitro,extracellular,bulk
PB1,1292,1327,1,180628B_rec_C-P1p-PCR_S215,MDCK,in vitro,extracellular,bulk
PB1,130,2082,3,180628B_rec_C-P1p-PCR_S215,MDCK,in vitro,extracellular,bulk
PB1,131,1989,1,180628B_rec_C-P1p-PCR_S215,MDCK,in vitro,extracellular,bulk
PB1,1323,1352,1,180628B_rec_C-P1p-PCR_S215,MDCK,in vitro,extracellular,bulk
PB1,132,2085,2,180628B_rec_C-P1p-PCR_S215,MDCK,in vitro,extracellular,bulk
PB1,137,1995,6,180628B_rec_C-P1p-PCR_S215,MDCK,in vitro,extracellular,bulk
PB1,137,2110,1,180628B_rec_C-P1p-PCR_S215,MDCK,in vitro,extracellular,bulk
PB1,138,2092,1,180628B_rec_C-P1p-PCR_S215,MDCK,in vitro,extracellular,bulk
PB1,1390,1517,1,180628B_rec_C-P1p-PCR_S215,MDCK,in vitro,extracellular,bulk
PB1,1411,1808,1,180628B_rec_C-P1p-PCR_S215,MDCK,in vitro,extracellular,bulk
PB1,1462,1548,1,180628B_rec_C-P1p-PCR_S215,MDCK,in vitro,extracellular,bulk
PB1,148,204,1,180628B_rec_C-P1p-PCR_S215,MDCK,in vitro,extracellular,bulk
PB1,1596,1626,1,180628B_rec_C-P1p-PCR_S215,MDCK,in vitro,extracellular,bulk
PB1,1614,1640,1,180628B_rec_C-P1p-PCR_S215,MDCK,in vitro,extracellular,bulk
PB1,1614,1646,2,180628B_rec_C-P1p-PCR_S215,MDCK,in vitro,extracellular,bulk
PB1,162,1308,1,180628B_rec_C-P1p-PCR_S215,MDCK,in vitro,extracellular,bulk
PB1,1636,1952,1,180628B_rec_C-P1p-PCR_S215,MDCK,in vitro,extracellular,bulk
PB1,165,2017,24,180628B_rec_C-P1p-PCR_S215,MDCK,in vitro,extracellular,bulk
PB1,166,2018,1,180628B_rec_C-P1p-PCR_S215,MDCK,in vitro,extracellular,bulk
PB1,166,2026,1,180628B_rec_C-P1p-PCR_S215,MDCK,in vitro,extracellular,bulk
PB1,1679,1752,1,180628B_rec_C-P1p-PCR_S215,MDCK,in vitro,extracellular,bulk
PB1,170,2165,1,180628B_rec_C-P1p-PCR_S215,MDCK,in vitro,extracellular,bulk
PB1,171,2092,1,180628B_rec_C-P1p-PCR_S215,MDCK,in vitro,extracellular,bulk
PB1,1803,1851,6,180628B_rec_C-P1p-PCR_S215,MDCK,in vitro,extracellular,bulk
PB1,1818,1928,57,180628B_rec_C-P1p-PCR_S215,MDCK,in vitro,extracellular,bulk
PB1,181,1981,3,180628B_rec_C-P1p-PCR_S215,MDCK,in vitro,extracellular,bulk
PB1,182,2021,2,180628B_rec_C-P1p-PCR_S215,MDCK,in vitro,extracellular,bulk
PB1,1834,2039,1,180628B_rec_C-P1p-PCR_S215,MDCK,in vitro,extracellular,bulk
PB1,184,1867,1,180628B_rec_C-P1p-PCR_S215,MDCK,in vitro,extracellular,bulk
PB1,184,2042,7,180628B_rec_C-P1p-PCR_S215,MDCK,in vitro,extracellular,bulk
PB1,1862,1899,3,180628B_rec_C-P1p-PCR_S215,MDCK,in vitro,extracellular,bulk
PB1,187,940,1,180628B_rec_C-P1p-PCR_S215,MDCK,in vitro,extracellular,bulk
PB1,188,2081,5,180628B_rec_C-P1p-PCR_S215,MDCK,in vitro,extracellular,bulk
PB1,189,2002,3,180628B_rec_C-P1p-PCR_S215,MDCK,in vitro,extracellular,bulk
PB1,190,1548,1,180628B_rec_C-P1p-PCR_S215,MDCK,in vitro,extracellular,bulk
PB1,192,2080,1,180628B_rec_C-P1p-PCR_S215,MDCK,in vitro,extracellular,bulk
PB1,192,2110,2,180628B_rec_C-P1p-PCR_S215,MDCK,in vitro,extracellular,bulk
PB1,193,2086,2,180628B_rec_C-P1p-PCR_S215,MDCK,in vitro,extracellular,bulk
PB1,195,2110,1,180628B_rec_C-P1p-PCR_S215,MDCK,in vitro,extracellular,bulk
PB1,1967,1992,1,180628B_rec_C-P1p-PCR_S215,MDCK,in vitro,extracellular,bulk
PB1,2001,2082,1,180628B_rec_C-P1p-PCR_S215,MDCK,in vitro,extracellular,bulk
PB1,200,2122,1,180628B_rec_C-P1p-PCR_S215,MDCK,in vitro,extracellular,bulk
PB1,2045,2073,1,180628B_rec_C-P1p-PCR_S215,MDCK,in vitro,extracellular,bulk
PB1,2053,2094,1,180628B_rec_C-P1p-PCR_S215,MDCK,in vitro,extracellular,bulk
PB1,205,2069,2,180628B_rec_C-P1p-PCR_S215,MDCK,in vitro,extracellular,bulk
PB1,206,2157,1,180628B_rec_C-P1p-PCR_S215,MDCK,in vitro,extracellular,bulk
PB1,210,2224,1,180628B_rec_C-P1p-PCR_S215,MDCK,in vitro,extracellular,bulk
PB1,212,1550,1,180628B_rec_C-P1p-PCR_S215,MDCK,in vitro,extracellular,bulk
PB1,213,1982,31,180628B_rec_C-P1p-PCR_S215,MDCK,in vitro,extracellular,bulk
PB1,213,2165,1,180628B_rec_C-P1p-PCR_S215,MDCK,in vitro,extracellular,bulk
PB1,214,1966,2,180628B_rec_C-P1p-PCR_S215,MDCK,in vitro,extracellular,bulk
PB1,227,2047,1,180628B_rec_C-P1p-PCR_S215,MDCK,in vitro,extracellular,bulk
PB1,229,1738,1,180628B_rec_C-P1p-PCR_S215,MDCK,in vitro,extracellular,bulk
PB1,229,2050,1,180628B_rec_C-P1p-PCR_S215,MDCK,in vitro,extracellular,bulk
PB1,235,2000,1,180628B_rec_C-P1p-PCR_S215,MDCK,in vitro,extracellular,bulk
PB1,235,2201,1,180628B_rec_C-P1p-PCR_S215,MDCK,in vitro,extracellular,bulk
PB1,253,1934,2,180628B_rec_C-P1p-PCR_S215,MDCK,in vitro,extracellular,bulk
PB1,253,2054,1,180628B_rec_C-P1p-PCR_S215,MDCK,in vitro,extracellular,bulk
PB1,255,1797,109,180628B_rec_C-P1p-PCR_S215,MDCK,in vitro,extracellular,bulk
PB1,256,1986,1,180628B_rec_C-P1p-PCR_S215,MDCK,in vitro,extracellular,bulk
PB1,258,1939,4,180628B_rec_C-P1p-PCR_S215,MDCK,in vitro,extracellular,bulk
PB1,261,1942,1,180628B_rec_C-P1p-PCR_S215,MDCK,in vitro,extracellular,bulk
PB1,262,1983,1,180628B_rec_C-P1p-PCR_S215,MDCK,in vitro,extracellular,bulk
PB1,263,1937,2,180628B_rec_C-P1p-PCR_S215,MDCK,in vitro,extracellular,bulk
PB1,265,2100,1,180628B_rec_C-P1p-PCR_S215,MDCK,in vitro,extracellular,bulk
PB1,266,1982,1,180628B_rec_C-P1p-PCR_S215,MDCK,in vitro,extracellular,bulk
PB1,266,2153,1,180628B_rec_C-P1p-PCR_S215,MDCK,in vitro,extracellular,bulk
PB1,268,1979,1,180628B_rec_C-P1p-PCR_S215,MDCK,in vitro,extracellular,bulk
PB1,270,2159,2,180628B_rec_C-P1p-PCR_S215,MDCK,in vitro,extracellular,bulk
PB1,272,1900,2,180628B_rec_C-P1p-PCR_S215,MDCK,in vitro,extracellular,bulk
PB1,272,2001,2,180628B_rec_C-P1p-PCR_S215,MDCK,in vitro,extracellular,bulk
PB1,281,1960,2,180628B_rec_C-P1p-PCR_S215,MDCK,in vitro,extracellular,bulk
PB1,282,1898,2,180628B_rec_C-P1p-PCR_S215,MDCK,in vitro,extracellular,bulk
PB1,282,2027,2,180628B_rec_C-P1p-PCR_S215,MDCK,in vitro,extracellular,bulk
PB1,285,1994,1,180628B_rec_C-P1p-PCR_S215,MDCK,in vitro,extracellular,bulk
PB1,288,1960,1,180628B_rec_C-P1p-PCR_S215,MDCK,in vitro,extracellular,bulk
PB1,293,540,1,180628B_rec_C-P1p-PCR_S215,MDCK,in vitro,extracellular,bulk
PB1,296,1976,2,180628B_rec_C-P1p-PCR_S215,MDCK,in vitro,extracellular,bulk
PB1,300,547,3,180628B_rec_C-P1p-PCR_S215,MDCK,in vitro,extracellular,bulk
PB1,301,1991,1,180628B_rec_C-P1p-PCR_S215,MDCK,in vitro,extracellular,bulk
PB1,301,539,2,180628B_rec_C-P1p-PCR_S215,MDCK,in vitro,extracellular,bulk
PB1,303,1666,1,180628B_rec_C-P1p-PCR_S215,MDCK,in vitro,extracellular,bulk
PB1,311,2051,4,180628B_rec_C-P1p-PCR_S215,MDCK,in vitro,extracellular,bulk
PB1,316,2053,2,180628B_rec_C-P1p-PCR_S215,MDCK,in vitro,extracellular,bulk
PB1,316,2070,3,180628B_rec_C-P1p-PCR_S215,MDCK,in vitro,extracellular,bulk
PB1,317,2039,1,180628B_rec_C-P1p-PCR_S215,MDCK,in vitro,extracellular,bulk
PB1,318,2044,1,180628B_rec_C-P1p-PCR_S215,MDCK,in vitro,extracellular,bulk
PB1,320,1913,4,180628B_rec_C-P1p-PCR_S215,MDCK,in vitro,extracellular,bulk
PB1,321,1896,1,180628B_rec_C-P1p-PCR_S215,MDCK,in vitro,extracellular,bulk
PB1,325,1931,1,180628B_rec_C-P1p-PCR_S215,MDCK,in vitro,extracellular,bulk
PB1,325,2000,3,180628B_rec_C-P1p-PCR_S215,MDCK,in vitro,extracellular,bulk
PB1,328,1969,3,180628B_rec_C-P1p-PCR_S215,MDCK,in vitro,extracellular,bulk
PB1,331,2036,1,180628B_rec_C-P1p-PCR_S215,MDCK,in vitro,extracellular,bulk
PB1,333,1988,6,180628B_rec_C-P1p-PCR_S215,MDCK,in vitro,extracellular,bulk
PB1,335,1884,1,180628B_rec_C-P1p-PCR_S215,MDCK,in vitro,extracellular,bulk
PB1,348,1896,1,180628B_rec_C-P1p-PCR_S215,MDCK,in vitro,extracellular,bulk
PB1,348,2084,8,180628B_rec_C-P1p-PCR_S215,MDCK,in vitro,extracellular,bulk
PB1,351,1872,1,180628B_rec_C-P1p-PCR_S215,MDCK,in vitro,extracellular,bulk
PB1,351,2077,6,180628B_rec_C-P1p-PCR_S215,MDCK,in vitro,extracellular,bulk
PB1,352,1813,1,180628B_rec_C-P1p-PCR_S215,MDCK,in vitro,extracellular,bulk
PB1,354,1908,1,180628B_rec_C-P1p-PCR_S215,MDCK,in vitro,extracellular,bulk
PB1,359,2024,1,180628B_rec_C-P1p-PCR_S215,MDCK,in vitro,extracellular,bulk
PB1,363,1828,2,180628B_rec_C-P1p-PCR_S215,MDCK,in vitro,extracellular,bulk
PB1,368,2246,1,180628B_rec_C-P1p-PCR_S215,MDCK,in vitro,extracellular,bulk
PB1,370,1980,1,180628B_rec_C-P1p-PCR_S215,MDCK,in vitro,extracellular,bulk
PB1,371,2132,1,180628B_rec_C-P1p-PCR_S215,MDCK,in vitro,extracellular,bulk
PB1,374,1876,8,180628B_rec_C-P1p-PCR_S215,MDCK,in vitro,extracellular,bulk
PB1,374,1969,2,180628B_rec_C-P1p-PCR_S215,MDCK,in vitro,extracellular,bulk
PB1,386,1842,1,180628B_rec_C-P1p-PCR_S215,MDCK,in vitro,extracellular,bulk
PB1,391,1895,1,180628B_rec_C-P1p-PCR_S215,MDCK,in vitro,extracellular,bulk
PB1,392,2058,2,180628B_rec_C-P1p-PCR_S215,MDCK,in vitro,extracellular,bulk
PB1,396,1732,1,180628B_rec_C-P1p-PCR_S215,MDCK,in vitro,extracellular,bulk
PB1,397,2058,3,180628B_rec_C-P1p-PCR_S215,MDCK,in vitro,extracellular,bulk
PB1,401,1853,1,180628B_rec_C-P1p-PCR_S215,MDCK,in vitro,extracellular,bulk
PB1,402,1813,75,180628B_rec_C-P1p-PCR_S215,MDCK,in vitro,extracellular,bulk
PB1,411,1940,1,180628B_rec_C-P1p-PCR_S215,MDCK,in vitro,extracellular,bulk
PB1,417,1774,1,180628B_rec_C-P1p-PCR_S215,MDCK,in vitro,extracellular,bulk
PB1,418,2024,2,180628B_rec_C-P1p-PCR_S215,MDCK,in vitro,extracellular,bulk
PB1,423,1804,1,180628B_rec_C-P1p-PCR_S215,MDCK,in vitro,extracellular,bulk
PB1,423,476,1,180628B_rec_C-P1p-PCR_S215,MDCK,in vitro,extracellular,bulk
PB1,426,1972,1,180628B_rec_C-P1p-PCR_S215,MDCK,in vitro,extracellular,bulk
PB1,431,1849,1,180628B_rec_C-P1p-PCR_S215,MDCK,in vitro,extracellular,bulk
PB1,434,1926,3,180628B_rec_C-P1p-PCR_S215,MDCK,in vitro,extracellular,bulk
PB1,435,1888,1,180628B_rec_C-P1p-PCR_S215,MDCK,in vitro,extracellular,bulk
PB1,437,1965,1,180628B_rec_C-P1p-PCR_S215,MDCK,in vitro,extracellular,bulk
PB1,437,1981,5,180628B_rec_C-P1p-PCR_S215,MDCK,in vitro,extracellular,bulk
PB1,441,1856,1,180628B_rec_C-P1p-PCR_S215,MDCK,in vitro,extracellular,bulk
PB1,443,1895,1,180628B_rec_C-P1p-PCR_S215,MDCK,in vitro,extracellular,bulk
PB1,446,2107,4,180628B_rec_C-P1p-PCR_S215,MDCK,in vitro,extracellular,bulk
PB1,449,1772,8,180628B_rec_C-P1p-PCR_S215,MDCK,in vitro,extracellular,bulk
PB1,459,1836,1,180628B_rec_C-P1p-PCR_S215,MDCK,in vitro,extracellular,bulk
PB1,470,1728,1,180628B_rec_C-P1p-PCR_S215,MDCK,in vitro,extracellular,bulk
PB1,478,1872,32,180628B_rec_C-P1p-PCR_S215,MDCK,in vitro,extracellular,bulk
PB1,509,1624,25,180628B_rec_C-P1p-PCR_S215,MDCK,in vitro,extracellular,bulk
PB1,510,2227,3,180628B_rec_C-P1p-PCR_S215,MDCK,in vitro,extracellular,bulk
PB1,514,1896,3,180628B_rec_C-P1p-PCR_S215,MDCK,in vitro,extracellular,bulk
PB1,520,1642,2,180628B_rec_C-P1p-PCR_S215,MDCK,in vitro,extracellular,bulk
PB1,528,1685,2,180628B_rec_C-P1p-PCR_S215,MDCK,in vitro,extracellular,bulk
PB1,534,1701,1,180628B_rec_C-P1p-PCR_S215,MDCK,in vitro,extracellular,bulk
PB1,544,1416,1,180628B_rec_C-P1p-PCR_S215,MDCK,in vitro,extracellular,bulk
PB1,551,1950,1,180628B_rec_C-P1p-PCR_S215,MDCK,in vitro,extracellular,bulk
PB1,552,2087,1,180628B_rec_C-P1p-PCR_S215,MDCK,in vitro,extracellular,bulk
PB1,554,2065,1,180628B_rec_C-P1p-PCR_S215,MDCK,in vitro,extracellular,bulk
PB1,557,2079,1,180628B_rec_C-P1p-PCR_S215,MDCK,in vitro,extracellular,bulk
PB1,557,601,1,180628B_rec_C-P1p-PCR_S215,MDCK,in vitro,extracellular,bulk
PB1,560,1700,1,180628B_rec_C-P1p-PCR_S215,MDCK,in vitro,extracellular,bulk
PB1,561,741,14,180628B_rec_C-P1p-PCR_S215,MDCK,in vitro,extracellular,bulk
PB1,562,1864,19,180628B_rec_C-P1p-PCR_S215,MDCK,in vitro,extracellular,bulk
PB1,563,617,3,180628B_rec_C-P1p-PCR_S215,MDCK,in vitro,extracellular,bulk
PB1,568,1691,30,180628B_rec_C-P1p-PCR_S215,MDCK,in vitro,extracellular,bulk
PB1,569,1556,1,180628B_rec_C-P1p-PCR_S215,MDCK,in vitro,extracellular,bulk
PB1,573,1831,1,180628B_rec_C-P1p-PCR_S215,MDCK,in vitro,extracellular,bulk
PB1,574,1603,1,180628B_rec_C-P1p-PCR_S215,MDCK,in vitro,extracellular,bulk
PB1,574,1845,1,180628B_rec_C-P1p-PCR_S215,MDCK,in vitro,extracellular,bulk
PB1,575,1721,1,180628B_rec_C-P1p-PCR_S215,MDCK,in vitro,extracellular,bulk
PB1,576,1834,91,180628B_rec_C-P1p-PCR_S215,MDCK,in vitro,extracellular,bulk
PB1,578,1876,918,180628B_rec_C-P1p-PCR_S215,MDCK,in vitro,extracellular,bulk
PB1,579,1877,4,180628B_rec_C-P1p-PCR_S215,MDCK,in vitro,extracellular,bulk
PB1,607,630,1,180628B_rec_C-P1p-PCR_S215,MDCK,in vitro,extracellular,bulk
PB1,610,1998,1,180628B_rec_C-P1p-PCR_S215,MDCK,in vitro,extracellular,bulk
PB1,628,1579,2,180628B_rec_C-P1p-PCR_S215,MDCK,in vitro,extracellular,bulk
PB1,629,1607,3,180628B_rec_C-P1p-PCR_S215,MDCK,in vitro,extracellular,bulk
PB1,630,1645,72,180628B_rec_C-P1p-PCR_S215,MDCK,in vitro,extracellular,bulk
PB1,631,1646,1,180628B_rec_C-P1p-PCR_S215,MDCK,in vitro,extracellular,bulk
PB1,644,1590,1,180628B_rec_C-P1p-PCR_S215,MDCK,in vitro,extracellular,bulk
PB1,646,1592,47,180628B_rec_C-P1p-PCR_S215,MDCK,in vitro,extracellular,bulk
PB1,662,1939,4,180628B_rec_C-P1p-PCR_S215,MDCK,in vitro,extracellular,bulk
PB1,665,1950,1,180628B_rec_C-P1p-PCR_S215,MDCK,in vitro,extracellular,bulk
PB1,677,1774,1,180628B_rec_C-P1p-PCR_S215,MDCK,in vitro,extracellular,bulk
PB1,678,1317,1,180628B_rec_C-P1p-PCR_S215,MDCK,in vitro,extracellular,bulk
PB1,689,1513,1,180628B_rec_C-P1p-PCR_S215,MDCK,in vitro,extracellular,bulk
PB1,68,1971,2,180628B_rec_C-P1p-PCR_S215,MDCK,in vitro,extracellular,bulk
PB1,710,1578,2,180628B_rec_C-P1p-PCR_S215,MDCK,in vitro,extracellular,bulk
PB1,713,1581,224,180628B_rec_C-P1p-PCR_S215,MDCK,in vitro,extracellular,bulk
PB1,713,2065,2,180628B_rec_C-P1p-PCR_S215,MDCK,in vitro,extracellular,bulk
PB1,718,1586,2,180628B_rec_C-P1p-PCR_S215,MDCK,in vitro,extracellular,bulk
PB1,718,2103,1,180628B_rec_C-P1p-PCR_S215,MDCK,in vitro,extracellular,bulk
PB1,737,1646,1,180628B_rec_C-P1p-PCR_S215,MDCK,in vitro,extracellular,bulk
PB1,740,1808,4,180628B_rec_C-P1p-PCR_S215,MDCK,in vitro,extracellular,bulk
PB1,782,1544,34,180628B_rec_C-P1p-PCR_S215,MDCK,in vitro,extracellular,bulk
PB1,783,1722,1,180628B_rec_C-P1p-PCR_S215,MDCK,in vitro,extracellular,bulk
PB1,786,1453,1,180628B_rec_C-P1p-PCR_S215,MDCK,in vitro,extracellular,bulk
PB1,802,2133,10,180628B_rec_C-P1p-PCR_S215,MDCK,in vitro,extracellular,bulk
PB1,806,1808,1,180628B_rec_C-P1p-PCR_S215,MDCK,in vitro,extracellular,bulk
PB1,807,1457,74,180628B_rec_C-P1p-PCR_S215,MDCK,in vitro,extracellular,bulk
PB1,807,1519,1,180628B_rec_C-P1p-PCR_S215,MDCK,in vitro,extracellular,bulk
PB1,808,1729,1,180628B_rec_C-P1p-PCR_S215,MDCK,in vitro,extracellular,bulk
PB1,84,110,1,180628B_rec_C-P1p-PCR_S215,MDCK,in vitro,extracellular,bulk
PB1,84,114,26,180628B_rec_C-P1p-PCR_S215,MDCK,in vitro,extracellular,bulk
PB1,856,1545,1,180628B_rec_C-P1p-PCR_S215,MDCK,in vitro,extracellular,bulk
PB1,860,1871,1,180628B_rec_C-P1p-PCR_S215,MDCK,in vitro,extracellular,bulk
PB1,893,1363,6,180628B_rec_C-P1p-PCR_S215,MDCK,in vitro,extracellular,bulk
PB1,914,2250,1,180628B_rec_C-P1p-PCR_S215,MDCK,in vitro,extracellular,bulk
PB1,921,1181,22,180628B_rec_C-P1p-PCR_S215,MDCK,in vitro,extracellular,bulk
PB1,924,1363,3,180628B_rec_C-P1p-PCR_S215,MDCK,in vitro,extracellular,bulk
PB1,939,961,5,180628B_rec_C-P1p-PCR_S215,MDCK,in vitro,extracellular,bulk
PB1,945,2165,4,180628B_rec_C-P1p-PCR_S215,MDCK,in vitro,extracellular,bulk
PB1,994,1151,24,180628B_rec_C-P1p-PCR_S215,MDCK,in vitro,extracellular,bulk
PB1,998,1375,25,180628B_rec_C-P1p-PCR_S215,MDCK,in vitro,extracellular,bulk
PA,104,1836,1,180628B_rec_C-P1p-PCR_S215,MDCK,in vitro,extracellular,bulk
PA,1115,1157,3,180628B_rec_C-P1p-PCR_S215,MDCK,in vitro,extracellular,bulk
PA,1154,1208,6,180628B_rec_C-P1p-PCR_S215,MDCK,in vitro,extracellular,bulk
PA,121,150,1,180628B_rec_C-P1p-PCR_S215,MDCK,in vitro,extracellular,bulk
PA,122,2082,4,180628B_rec_C-P1p-PCR_S215,MDCK,in vitro,extracellular,bulk
PA,126,1949,1,180628B_rec_C-P1p-PCR_S215,MDCK,in vitro,extracellular,bulk
PA,1285,1333,11,180628B_rec_C-P1p-PCR_S215,MDCK,in vitro,extracellular,bulk
PA,129,1959,59,180628B_rec_C-P1p-PCR_S215,MDCK,in vitro,extracellular,bulk
PA,135,2027,1,180628B_rec_C-P1p-PCR_S215,MDCK,in vitro,extracellular,bulk
PA,1375,1423,1,180628B_rec_C-P1p-PCR_S215,MDCK,in vitro,extracellular,bulk
PA,137,1455,4,180628B_rec_C-P1p-PCR_S215,MDCK,in vitro,extracellular,bulk
PA,137,2074,1,180628B_rec_C-P1p-PCR_S215,MDCK,in vitro,extracellular,bulk
PA,140,1205,1,180628B_rec_C-P1p-PCR_S215,MDCK,in vitro,extracellular,bulk
PA,143,860,3,180628B_rec_C-P1p-PCR_S215,MDCK,in vitro,extracellular,bulk
PA,144,237,1,180628B_rec_C-P1p-PCR_S215,MDCK,in vitro,extracellular,bulk
PA,1463,1506,1,180628B_rec_C-P1p-PCR_S215,MDCK,in vitro,extracellular,bulk
PA,1469,1809,1,180628B_rec_C-P1p-PCR_S215,MDCK,in vitro,extracellular,bulk
PA,1469,2106,1,180628B_rec_C-P1p-PCR_S215,MDCK,in vitro,extracellular,bulk
PA,148,1810,7,180628B_rec_C-P1p-PCR_S215,MDCK,in vitro,extracellular,bulk
PA,149,1792,1,180628B_rec_C-P1p-PCR_S215,MDCK,in vitro,extracellular,bulk
PA,1502,1562,1,180628B_rec_C-P1p-PCR_S215,MDCK,in vitro,extracellular,bulk
PA,1503,1907,1,180628B_rec_C-P1p-PCR_S215,MDCK,in vitro,extracellular,bulk
PA,1517,1555,8,180628B_rec_C-P1p-PCR_S215,MDCK,in vitro,extracellular,bulk
PA,1535,1557,1,180628B_rec_C-P1p-PCR_S215,MDCK,in vitro,extracellular,bulk
PA,1538,1575,1,180628B_rec_C-P1p-PCR_S215,MDCK,in vitro,extracellular,bulk
PA,1540,2117,1,180628B_rec_C-P1p-PCR_S215,MDCK,in vitro,extracellular,bulk
PA,1555,1631,1,180628B_rec_C-P1p-PCR_S215,MDCK,in vitro,extracellular,bulk
PA,160,1828,3,180628B_rec_C-P1p-PCR_S215,MDCK,in vitro,extracellular,bulk
PA,160,1836,14,180628B_rec_C-P1p-PCR_S215,MDCK,in vitro,extracellular,bulk
PA,1643,1706,1,180628B_rec_C-P1p-PCR_S215,MDCK,in vitro,extracellular,bulk
PA,1657,1723,1,180628B_rec_C-P1p-PCR_S215,MDCK,in vitro,extracellular,bulk
PA,1701,1835,1,180628B_rec_C-P1p-PCR_S215,MDCK,in vitro,extracellular,bulk
PA,171,1931,2,180628B_rec_C-P1p-PCR_S215,MDCK,in vitro,extracellular,bulk
PA,171,1964,2,180628B_rec_C-P1p-PCR_S215,MDCK,in vitro,extracellular,bulk
PA,172,1840,1,180628B_rec_C-P1p-PCR_S215,MDCK,in vitro,extracellular,bulk
PA,176,1979,7,180628B_rec_C-P1p-PCR_S215,MDCK,in vitro,extracellular,bulk
PA,1778,2106,1,180628B_rec_C-P1p-PCR_S215,MDCK,in vitro,extracellular,bulk
PA,177,1859,1,180628B_rec_C-P1p-PCR_S215,MDCK,in vitro,extracellular,bulk
PA,178,1997,5,180628B_rec_C-P1p-PCR_S215,MDCK,in vitro,extracellular,bulk
PA,1792,1933,1,180628B_rec_C-P1p-PCR_S215,MDCK,in vitro,extracellular,bulk
PA,1799,1961,1,180628B_rec_C-P1p-PCR_S215,MDCK,in vitro,extracellular,bulk
PA,179,1807,1,180628B_rec_C-P1p-PCR_S215,MDCK,in vitro,extracellular,bulk
PA,180,1956,1,180628B_rec_C-P1p-PCR_S215,MDCK,in vitro,extracellular,bulk
PA,1848,1881,3,180628B_rec_C-P1p-PCR_S215,MDCK,in vitro,extracellular,bulk
PA,1867,1937,1,180628B_rec_C-P1p-PCR_S215,MDCK,in vitro,extracellular,bulk
PA,1868,2012,1,180628B_rec_C-P1p-PCR_S215,MDCK,in vitro,extracellular,bulk
PA,1873,1954,2,180628B_rec_C-P1p-PCR_S215,MDCK,in vitro,extracellular,bulk
PA,1874,1960,86,180628B_rec_C-P1p-PCR_S215,MDCK,in vitro,extracellular,bulk
PA,1874,2042,2,180628B_rec_C-P1p-PCR_S215,MDCK,in vitro,extracellular,bulk
PA,1875,1961,1,180628B_rec_C-P1p-PCR_S215,MDCK,in vitro,extracellular,bulk
PA,187,1564,1,180628B_rec_C-P1p-PCR_S215,MDCK,in vitro,extracellular,bulk
PA,187,1975,1,180628B_rec_C-P1p-PCR_S215,MDCK,in vitro,extracellular,bulk
PA,1882,1936,1,180628B_rec_C-P1p-PCR_S215,MDCK,in vitro,extracellular,bulk
PA,1882,1950,3,180628B_rec_C-P1p-PCR_S215,MDCK,in vitro,extracellular,bulk
PA,188,1951,2,180628B_rec_C-P1p-PCR_S215,MDCK,in vitro,extracellular,bulk
PA,190,1758,1,180628B_rec_C-P1p-PCR_S215,MDCK,in vitro,extracellular,bulk
PA,1913,2100,1,180628B_rec_C-P1p-PCR_S215,MDCK,in vitro,extracellular,bulk
PA,1918,1944,1,180628B_rec_C-P1p-PCR_S215,MDCK,in vitro,extracellular,bulk
PA,1978,2168,3,180628B_rec_C-P1p-PCR_S215,MDCK,in vitro,extracellular,bulk
PA,197,1973,1,180628B_rec_C-P1p-PCR_S215,MDCK,in vitro,extracellular,bulk
PA,201,1900,2,180628B_rec_C-P1p-PCR_S215,MDCK,in vitro,extracellular,bulk
PA,203,227,1,180628B_rec_C-P1p-PCR_S215,MDCK,in vitro,extracellular,bulk
PA,204,1879,1,180628B_rec_C-P1p-PCR_S215,MDCK,in vitro,extracellular,bulk
PA,204,1960,1,180628B_rec_C-P1p-PCR_S215,MDCK,in vitro,extracellular,bulk
PA,2053,2122,7,180628B_rec_C-P1p-PCR_S215,MDCK,in vitro,extracellular,bulk
PA,205,1965,1,180628B_rec_C-P1p-PCR_S215,MDCK,in vitro,extracellular,bulk
PA,2061,2123,1,180628B_rec_C-P1p-PCR_S215,MDCK,in vitro,extracellular,bulk
PA,207,1974,1,180628B_rec_C-P1p-PCR_S215,MDCK,in vitro,extracellular,bulk
PA,207,2027,1,180628B_rec_C-P1p-PCR_S215,MDCK,in vitro,extracellular,bulk
PA,213,1870,2,180628B_rec_C-P1p-PCR_S215,MDCK,in vitro,extracellular,bulk
PA,213,235,1,180628B_rec_C-P1p-PCR_S215,MDCK,in vitro,extracellular,bulk
PA,228,1710,3,180628B_rec_C-P1p-PCR_S215,MDCK,in vitro,extracellular,bulk
PA,228,1957,2,180628B_rec_C-P1p-PCR_S215,MDCK,in vitro,extracellular,bulk
PA,234,1815,1,180628B_rec_C-P1p-PCR_S215,MDCK,in vitro,extracellular,bulk
PA,239,1936,2,180628B_rec_C-P1p-PCR_S215,MDCK,in vitro,extracellular,bulk
PA,239,1944,1,180628B_rec_C-P1p-PCR_S215,MDCK,in vitro,extracellular,bulk
PA,242,1624,1,180628B_rec_C-P1p-PCR_S215,MDCK,in vitro,extracellular,bulk
PA,245,2027,1,180628B_rec_C-P1p-PCR_S215,MDCK,in vitro,extracellular,bulk
PA,246,2018,1,180628B_rec_C-P1p-PCR_S215,MDCK,in vitro,extracellular,bulk
PA,247,1808,1,180628B_rec_C-P1p-PCR_S215,MDCK,in vitro,extracellular,bulk
PA,248,1825,4,180628B_rec_C-P1p-PCR_S215,MDCK,in vitro,extracellular,bulk
PA,248,1934,2,180628B_rec_C-P1p-PCR_S215,MDCK,in vitro,extracellular,bulk
PA,251,1902,1,180628B_rec_C-P1p-PCR_S215,MDCK,in vitro,extracellular,bulk
PA,258,1974,1,180628B_rec_C-P1p-PCR_S215,MDCK,in vitro,extracellular,bulk
PA,259,1951,2,180628B_rec_C-P1p-PCR_S215,MDCK,in vitro,extracellular,bulk
PA,261,1887,16,180628B_rec_C-P1p-PCR_S215,MDCK,in vitro,extracellular,bulk
PA,270,1943,1,180628B_rec_C-P1p-PCR_S215,MDCK,in vitro,extracellular,bulk
PA,274,2021,1,180628B_rec_C-P1p-PCR_S215,MDCK,in vitro,extracellular,bulk
PA,278,502,2,180628B_rec_C-P1p-PCR_S215,MDCK,in vitro,extracellular,bulk
PA,279,2161,1,180628B_rec_C-P1p-PCR_S215,MDCK,in vitro,extracellular,bulk
PA,279,302,1,180628B_rec_C-P1p-PCR_S215,MDCK,in vitro,extracellular,bulk
PA,281,386,2,180628B_rec_C-P1p-PCR_S215,MDCK,in vitro,extracellular,bulk
PA,282,1424,1,180628B_rec_C-P1p-PCR_S215,MDCK,in vitro,extracellular,bulk
PA,284,1951,1,180628B_rec_C-P1p-PCR_S215,MDCK,in vitro,extracellular,bulk
PA,286,1207,1,180628B_rec_C-P1p-PCR_S215,MDCK,in vitro,extracellular,bulk
PA,287,1446,1,180628B_rec_C-P1p-PCR_S215,MDCK,in vitro,extracellular,bulk
PA,287,1802,2,180628B_rec_C-P1p-PCR_S215,MDCK,in vitro,extracellular,bulk
PA,289,2055,2,180628B_rec_C-P1p-PCR_S215,MDCK,in vitro,extracellular,bulk
PA,291,2048,2,180628B_rec_C-P1p-PCR_S215,MDCK,in vitro,extracellular,bulk
PA,293,1833,1,180628B_rec_C-P1p-PCR_S215,MDCK,in vitro,extracellular,bulk
PA,294,1808,1,180628B_rec_C-P1p-PCR_S215,MDCK,in vitro,extracellular,bulk
PA,294,319,1,180628B_rec_C-P1p-PCR_S215,MDCK,in vitro,extracellular,bulk
PA,295,1869,1,180628B_rec_C-P1p-PCR_S215,MDCK,in vitro,extracellular,bulk
PA,297,1960,1,180628B_rec_C-P1p-PCR_S215,MDCK,in vitro,extracellular,bulk
PA,302,1805,1,180628B_rec_C-P1p-PCR_S215,MDCK,in vitro,extracellular,bulk
PA,305,1973,2,180628B_rec_C-P1p-PCR_S215,MDCK,in vitro,extracellular,bulk
PA,307,1820,1,180628B_rec_C-P1p-PCR_S215,MDCK,in vitro,extracellular,bulk
PA,309,1827,1,180628B_rec_C-P1p-PCR_S215,MDCK,in vitro,extracellular,bulk
PA,311,1870,7,180628B_rec_C-P1p-PCR_S215,MDCK,in vitro,extracellular,bulk
PA,312,1871,4437,180628B_rec_C-P1p-PCR_S215,MDCK,in vitro,extracellular,bulk
PA,313,1872,34,180628B_rec_C-P1p-PCR_S215,MDCK,in vitro,extracellular,bulk
PA,318,1814,2,180628B_rec_C-P1p-PCR_S215,MDCK,in vitro,extracellular,bulk
PA,318,1960,1,180628B_rec_C-P1p-PCR_S215,MDCK,in vitro,extracellular,bulk
PA,319,1802,2,180628B_rec_C-P1p-PCR_S215,MDCK,in vitro,extracellular,bulk
PA,319,1874,1,180628B_rec_C-P1p-PCR_S215,MDCK,in vitro,extracellular,bulk
PA,332,2057,1,180628B_rec_C-P1p-PCR_S215,MDCK,in vitro,extracellular,bulk
PA,336,1853,1,180628B_rec_C-P1p-PCR_S215,MDCK,in vitro,extracellular,bulk
PA,337,1955,1,180628B_rec_C-P1p-PCR_S215,MDCK,in vitro,extracellular,bulk
PA,341,378,1,180628B_rec_C-P1p-PCR_S215,MDCK,in vitro,extracellular,bulk
PA,342,1844,1,180628B_rec_C-P1p-PCR_S215,MDCK,in vitro,extracellular,bulk
PA,349,1991,3,180628B_rec_C-P1p-PCR_S215,MDCK,in vitro,extracellular,bulk
PA,350,1858,1,180628B_rec_C-P1p-PCR_S215,MDCK,in vitro,extracellular,bulk
PA,352,1999,17,180628B_rec_C-P1p-PCR_S215,MDCK,in vitro,extracellular,bulk
PA,352,420,1,180628B_rec_C-P1p-PCR_S215,MDCK,in vitro,extracellular,bulk
PA,353,1937,7,180628B_rec_C-P1p-PCR_S215,MDCK,in vitro,extracellular,bulk
PA,355,1669,4,180628B_rec_C-P1p-PCR_S215,MDCK,in vitro,extracellular,bulk
PA,355,1976,2,180628B_rec_C-P1p-PCR_S215,MDCK,in vitro,extracellular,bulk
PA,356,1780,1,180628B_rec_C-P1p-PCR_S215,MDCK,in vitro,extracellular,bulk
PA,358,1474,1,180628B_rec_C-P1p-PCR_S215,MDCK,in vitro,extracellular,bulk
PA,359,1699,1,180628B_rec_C-P1p-PCR_S215,MDCK,in vitro,extracellular,bulk
PA,359,1832,2,180628B_rec_C-P1p-PCR_S215,MDCK,in vitro,extracellular,bulk
PA,362,1867,1,180628B_rec_C-P1p-PCR_S215,MDCK,in vitro,extracellular,bulk
PA,367,412,1,180628B_rec_C-P1p-PCR_S215,MDCK,in vitro,extracellular,bulk
PA,369,2125,1,180628B_rec_C-P1p-PCR_S215,MDCK,in vitro,extracellular,bulk
PA,373,1697,1,180628B_rec_C-P1p-PCR_S215,MDCK,in vitro,extracellular,bulk
PA,374,1774,2,180628B_rec_C-P1p-PCR_S215,MDCK,in vitro,extracellular,bulk
PA,374,1860,1,180628B_rec_C-P1p-PCR_S215,MDCK,in vitro,extracellular,bulk
PA,374,1865,1,180628B_rec_C-P1p-PCR_S215,MDCK,in vitro,extracellular,bulk
PA,374,427,1,180628B_rec_C-P1p-PCR_S215,MDCK,in vitro,extracellular,bulk
PA,377,1698,1,180628B_rec_C-P1p-PCR_S215,MDCK,in vitro,extracellular,bulk
PA,380,1882,3,180628B_rec_C-P1p-PCR_S215,MDCK,in vitro,extracellular,bulk
PA,381,1706,1,180628B_rec_C-P1p-PCR_S215,MDCK,in vitro,extracellular,bulk
PA,381,1883,2017,180628B_rec_C-P1p-PCR_S215,MDCK,in vitro,extracellular,bulk
PA,382,1884,5,180628B_rec_C-P1p-PCR_S215,MDCK,in vitro,extracellular,bulk
PA,385,1705,1,180628B_rec_C-P1p-PCR_S215,MDCK,in vitro,extracellular,bulk
PA,385,1709,3,180628B_rec_C-P1p-PCR_S215,MDCK,in vitro,extracellular,bulk
PA,386,1710,1120,180628B_rec_C-P1p-PCR_S215,MDCK,in vitro,extracellular,bulk
PA,386,1757,2,180628B_rec_C-P1p-PCR_S215,MDCK,in vitro,extracellular,bulk
PA,387,1711,3,180628B_rec_C-P1p-PCR_S215,MDCK,in vitro,extracellular,bulk
PA,388,1892,1,180628B_rec_C-P1p-PCR_S215,MDCK,in vitro,extracellular,bulk
PA,389,1880,1,180628B_rec_C-P1p-PCR_S215,MDCK,in vitro,extracellular,bulk
PA,390,1808,1,180628B_rec_C-P1p-PCR_S215,MDCK,in vitro,extracellular,bulk
PA,396,1714,2,180628B_rec_C-P1p-PCR_S215,MDCK,in vitro,extracellular,bulk
PA,398,1504,1,180628B_rec_C-P1p-PCR_S215,MDCK,in vitro,extracellular,bulk
PA,398,484,1,180628B_rec_C-P1p-PCR_S215,MDCK,in vitro,extracellular,bulk
PA,399,1838,4,180628B_rec_C-P1p-PCR_S215,MDCK,in vitro,extracellular,bulk
PA,400,1806,1,180628B_rec_C-P1p-PCR_S215,MDCK,in vitro,extracellular,bulk
PA,403,1509,2,180628B_rec_C-P1p-PCR_S215,MDCK,in vitro,extracellular,bulk
PA,403,1720,1,180628B_rec_C-P1p-PCR_S215,MDCK,in vitro,extracellular,bulk
PA,404,1643,2,180628B_rec_C-P1p-PCR_S215,MDCK,in vitro,extracellular,bulk
PA,408,1475,1,180628B_rec_C-P1p-PCR_S215,MDCK,in vitro,extracellular,bulk
PA,411,1540,1,180628B_rec_C-P1p-PCR_S215,MDCK,in vitro,extracellular,bulk
PA,413,1604,433,180628B_rec_C-P1p-PCR_S215,MDCK,in vitro,extracellular,bulk
PA,414,1605,1,180628B_rec_C-P1p-PCR_S215,MDCK,in vitro,extracellular,bulk
PA,420,1810,2,180628B_rec_C-P1p-PCR_S215,MDCK,in vitro,extracellular,bulk
PA,423,1940,1,180628B_rec_C-P1p-PCR_S215,MDCK,in vitro,extracellular,bulk
PA,424,1461,2,180628B_rec_C-P1p-PCR_S215,MDCK,in vitro,extracellular,bulk
PA,424,1753,1,180628B_rec_C-P1p-PCR_S215,MDCK,in vitro,extracellular,bulk
PA,427,1709,8,180628B_rec_C-P1p-PCR_S215,MDCK,in vitro,extracellular,bulk
PA,433,1799,5,180628B_rec_C-P1p-PCR_S215,MDCK,in vitro,extracellular,bulk
PA,441,1747,1,180628B_rec_C-P1p-PCR_S215,MDCK,in vitro,extracellular,bulk
PA,442,1749,1,180628B_rec_C-P1p-PCR_S215,MDCK,in vitro,extracellular,bulk
PA,446,1872,1,180628B_rec_C-P1p-PCR_S215,MDCK,in vitro,extracellular,bulk
PA,449,1839,1,180628B_rec_C-P1p-PCR_S215,MDCK,in vitro,extracellular,bulk
PA,451,1623,7,180628B_rec_C-P1p-PCR_S215,MDCK,in vitro,extracellular,bulk
PA,453,564,1,180628B_rec_C-P1p-PCR_S215,MDCK,in vitro,extracellular,bulk
PA,454,1438,1,180628B_rec_C-P1p-PCR_S215,MDCK,in vitro,extracellular,bulk
PA,454,1645,1,180628B_rec_C-P1p-PCR_S215,MDCK,in vitro,extracellular,bulk
PA,458,1744,2,180628B_rec_C-P1p-PCR_S215,MDCK,in vitro,extracellular,bulk
PA,460,1444,35,180628B_rec_C-P1p-PCR_S215,MDCK,in vitro,extracellular,bulk
PA,460,1603,1,180628B_rec_C-P1p-PCR_S215,MDCK,in vitro,extracellular,bulk
PA,474,1613,1,180628B_rec_C-P1p-PCR_S215,MDCK,in vitro,extracellular,bulk
PA,475,1675,433,180628B_rec_C-P1p-PCR_S215,MDCK,in vitro,extracellular,bulk
PA,476,1365,1,180628B_rec_C-P1p-PCR_S215,MDCK,in vitro,extracellular,bulk
PA,481,1412,2,180628B_rec_C-P1p-PCR_S215,MDCK,in vitro,extracellular,bulk
PA,482,1760,1,180628B_rec_C-P1p-PCR_S215,MDCK,in vitro,extracellular,bulk
PA,488,1610,1,180628B_rec_C-P1p-PCR_S215,MDCK,in vitro,extracellular,bulk
PA,492,1621,11,180628B_rec_C-P1p-PCR_S215,MDCK,in vitro,extracellular,bulk
PA,495,1842,1,180628B_rec_C-P1p-PCR_S215,MDCK,in vitro,extracellular,bulk
PA,497,1728,1,180628B_rec_C-P1p-PCR_S215,MDCK,in vitro,extracellular,bulk
PA,499,1373,1,180628B_rec_C-P1p-PCR_S215,MDCK,in vitro,extracellular,bulk
PA,500,1433,1,180628B_rec_C-P1p-PCR_S215,MDCK,in vitro,extracellular,bulk
PA,501,1468,2,180628B_rec_C-P1p-PCR_S215,MDCK,in vitro,extracellular,bulk
PA,509,1569,1,180628B_rec_C-P1p-PCR_S215,MDCK,in vitro,extracellular,bulk
PA,529,1622,1,180628B_rec_C-P1p-PCR_S215,MDCK,in vitro,extracellular,bulk
PA,529,1645,1,180628B_rec_C-P1p-PCR_S215,MDCK,in vitro,extracellular,bulk
PA,531,2038,1,180628B_rec_C-P1p-PCR_S215,MDCK,in vitro,extracellular,bulk
PA,534,1583,6,180628B_rec_C-P1p-PCR_S215,MDCK,in vitro,extracellular,bulk
PA,538,1748,1,180628B_rec_C-P1p-PCR_S215,MDCK,in vitro,extracellular,bulk
PA,539,1403,1,180628B_rec_C-P1p-PCR_S215,MDCK,in vitro,extracellular,bulk
PA,546,2061,1,180628B_rec_C-P1p-PCR_S215,MDCK,in vitro,extracellular,bulk
PA,549,1570,1,180628B_rec_C-P1p-PCR_S215,MDCK,in vitro,extracellular,bulk
PA,549,575,1,180628B_rec_C-P1p-PCR_S215,MDCK,in vitro,extracellular,bulk
PA,554,1450,288,180628B_rec_C-P1p-PCR_S215,MDCK,in vitro,extracellular,bulk
PA,555,1709,205,180628B_rec_C-P1p-PCR_S215,MDCK,in vitro,extracellular,bulk
PA,564,1632,1,180628B_rec_C-P1p-PCR_S215,MDCK,in vitro,extracellular,bulk
PA,566,1634,1,180628B_rec_C-P1p-PCR_S215,MDCK,in vitro,extracellular,bulk
PA,567,1444,1,180628B_rec_C-P1p-PCR_S215,MDCK,in vitro,extracellular,bulk
PA,570,2032,1,180628B_rec_C-P1p-PCR_S215,MDCK,in vitro,extracellular,bulk
PA,574,1692,1,180628B_rec_C-P1p-PCR_S215,MDCK,in vitro,extracellular,bulk
PA,574,2083,2,180628B_rec_C-P1p-PCR_S215,MDCK,in vitro,extracellular,bulk
PA,581,1373,1,180628B_rec_C-P1p-PCR_S215,MDCK,in vitro,extracellular,bulk
PA,581,1714,2,180628B_rec_C-P1p-PCR_S215,MDCK,in vitro,extracellular,bulk
PA,587,1829,4,180628B_rec_C-P1p-PCR_S215,MDCK,in vitro,extracellular,bulk
PA,595,1408,263,180628B_rec_C-P1p-PCR_S215,MDCK,in vitro,extracellular,bulk
PA,596,1409,5,180628B_rec_C-P1p-PCR_S215,MDCK,in vitro,extracellular,bulk
PA,597,2068,1,180628B_rec_C-P1p-PCR_S215,MDCK,in vitro,extracellular,bulk
PA,610,1395,2,180628B_rec_C-P1p-PCR_S215,MDCK,in vitro,extracellular,bulk
PA,615,2091,1,180628B_rec_C-P1p-PCR_S215,MDCK,in vitro,extracellular,bulk
PA,616,1592,1,180628B_rec_C-P1p-PCR_S215,MDCK,in vitro,extracellular,bulk
PA,618,1514,1,180628B_rec_C-P1p-PCR_S215,MDCK,in vitro,extracellular,bulk
PA,636,1842,1,180628B_rec_C-P1p-PCR_S215,MDCK,in vitro,extracellular,bulk
PA,640,2128,1,180628B_rec_C-P1p-PCR_S215,MDCK,in vitro,extracellular,bulk
PA,655,1402,1,180628B_rec_C-P1p-PCR_S215,MDCK,in vitro,extracellular,bulk
PA,655,1460,37,180628B_rec_C-P1p-PCR_S215,MDCK,in vitro,extracellular,bulk
PA,674,1607,1,180628B_rec_C-P1p-PCR_S215,MDCK,in vitro,extracellular,bulk
PA,679,1537,1,180628B_rec_C-P1p-PCR_S215,MDCK,in vitro,extracellular,bulk
PA,686,2058,1,180628B_rec_C-P1p-PCR_S215,MDCK,in vitro,extracellular,bulk
PA,707,1159,6,180628B_rec_C-P1p-PCR_S215,MDCK,in vitro,extracellular,bulk
PA,746,2083,1,180628B_rec_C-P1p-PCR_S215,MDCK,in vitro,extracellular,bulk
PA,750,777,9,180628B_rec_C-P1p-PCR_S215,MDCK,in vitro,extracellular,bulk
PA,763,1634,31,180628B_rec_C-P1p-PCR_S215,MDCK,in vitro,extracellular,bulk
PA,776,1400,2,180628B_rec_C-P1p-PCR_S215,MDCK,in vitro,extracellular,bulk
PA,776,1500,1,180628B_rec_C-P1p-PCR_S215,MDCK,in vitro,extracellular,bulk
PA,79,127,1,180628B_rec_C-P1p-PCR_S215,MDCK,in vitro,extracellular,bulk
PA,801,2059,2,180628B_rec_C-P1p-PCR_S215,MDCK,in vitro,extracellular,bulk
PA,817,943,1,180628B_rec_C-P1p-PCR_S215,MDCK,in vitro,extracellular,bulk
PA,829,1558,1,180628B_rec_C-P1p-PCR_S215,MDCK,in vitro,extracellular,bulk
PA,82,2025,1,180628B_rec_C-P1p-PCR_S215,MDCK,in vitro,extracellular,bulk
PA,83,429,1,180628B_rec_C-P1p-PCR_S215,MDCK,in vitro,extracellular,bulk
PA,842,976,1,180628B_rec_C-P1p-PCR_S215,MDCK,in vitro,extracellular,bulk
PA,84,2027,907,180628B_rec_C-P1p-PCR_S215,MDCK,in vitro,extracellular,bulk
PA,877,1821,1,180628B_rec_C-P1p-PCR_S215,MDCK,in vitro,extracellular,bulk
PA,883,975,1,180628B_rec_C-P1p-PCR_S215,MDCK,in vitro,extracellular,bulk
PA,884,945,1,180628B_rec_C-P1p-PCR_S215,MDCK,in vitro,extracellular,bulk
PA,903,2172,1,180628B_rec_C-P1p-PCR_S215,MDCK,in vitro,extracellular,bulk
PA,905,1080,4,180628B_rec_C-P1p-PCR_S215,MDCK,in vitro,extracellular,bulk
PA,905,2100,6,180628B_rec_C-P1p-PCR_S215,MDCK,in vitro,extracellular,bulk
PA,907,2105,1,180628B_rec_C-P1p-PCR_S215,MDCK,in vitro,extracellular,bulk
PA,90,112,1,180628B_rec_C-P1p-PCR_S215,MDCK,in vitro,extracellular,bulk
PA,910,987,2,180628B_rec_C-P1p-PCR_S215,MDCK,in vitro,extracellular,bulk
PA,911,1617,1,180628B_rec_C-P1p-PCR_S215,MDCK,in vitro,extracellular,bulk
PA,921,1507,1,180628B_rec_C-P1p-PCR_S215,MDCK,in vitro,extracellular,bulk
PA,929,1564,1,180628B_rec_C-P1p-PCR_S215,MDCK,in vitro,extracellular,bulk
PA,970,1862,1,180628B_rec_C-P1p-PCR_S215,MDCK,in vitro,extracellular,bulk
PA,97,1810,1,180628B_rec_C-P1p-PCR_S215,MDCK,in vitro,extracellular,bulk
PA,980,1955,3,180628B_rec_C-P1p-PCR_S215,MDCK,in vitro,extracellular,bulk
HA,1005,1105,2,180628B_rec_C-P1p-PCR_S215,MDCK,in vitro,extracellular,bulk
HA,1006,1075,1,180628B_rec_C-P1p-PCR_S215,MDCK,in vitro,extracellular,bulk
HA,1019,1064,1,180628B_rec_C-P1p-PCR_S215,MDCK,in vitro,extracellular,bulk
HA,1019,1096,1,180628B_rec_C-P1p-PCR_S215,MDCK,in vitro,extracellular,bulk
HA,1026,1133,1,180628B_rec_C-P1p-PCR_S215,MDCK,in vitro,extracellular,bulk
HA,1042,1206,15,180628B_rec_C-P1p-PCR_S215,MDCK,in vitro,extracellular,bulk
HA,1043,1138,1,180628B_rec_C-P1p-PCR_S215,MDCK,in vitro,extracellular,bulk
HA,1043,1141,1,180628B_rec_C-P1p-PCR_S215,MDCK,in vitro,extracellular,bulk
HA,1064,1126,1,180628B_rec_C-P1p-PCR_S215,MDCK,in vitro,extracellular,bulk
HA,1121,1587,1,180628B_rec_C-P1p-PCR_S215,MDCK,in vitro,extracellular,bulk
HA,1143,1319,1,180628B_rec_C-P1p-PCR_S215,MDCK,in vitro,extracellular,bulk
HA,1154,1574,1,180628B_rec_C-P1p-PCR_S215,MDCK,in vitro,extracellular,bulk
HA,1186,1254,1,180628B_rec_C-P1p-PCR_S215,MDCK,in vitro,extracellular,bulk
HA,1226,1292,1,180628B_rec_C-P1p-PCR_S215,MDCK,in vitro,extracellular,bulk
HA,1235,1277,1,180628B_rec_C-P1p-PCR_S215,MDCK,in vitro,extracellular,bulk
HA,1235,1425,1,180628B_rec_C-P1p-PCR_S215,MDCK,in vitro,extracellular,bulk
HA,1284,1354,46,180628B_rec_C-P1p-PCR_S215,MDCK,in vitro,extracellular,bulk
HA,128,1417,1,180628B_rec_C-P1p-PCR_S215,MDCK,in vitro,extracellular,bulk
HA,1336,1477,1,180628B_rec_C-P1p-PCR_S215,MDCK,in vitro,extracellular,bulk
HA,1608,1675,1,180628B_rec_C-P1p-PCR_S215,MDCK,in vitro,extracellular,bulk
HA,162,304,1,180628B_rec_C-P1p-PCR_S215,MDCK,in vitro,extracellular,bulk
HA,172,683,1,180628B_rec_C-P1p-PCR_S215,MDCK,in vitro,extracellular,bulk
HA,184,1503,1,180628B_rec_C-P1p-PCR_S215,MDCK,in vitro,extracellular,bulk
HA,190,704,2,180628B_rec_C-P1p-PCR_S215,MDCK,in vitro,extracellular,bulk
HA,202,1610,1,180628B_rec_C-P1p-PCR_S215,MDCK,in vitro,extracellular,bulk
HA,209,238,1,180628B_rec_C-P1p-PCR_S215,MDCK,in vitro,extracellular,bulk
HA,212,1365,6,180628B_rec_C-P1p-PCR_S215,MDCK,in vitro,extracellular,bulk
HA,233,1447,1,180628B_rec_C-P1p-PCR_S215,MDCK,in vitro,extracellular,bulk
HA,250,662,1,180628B_rec_C-P1p-PCR_S215,MDCK,in vitro,extracellular,bulk
HA,253,1334,1,180628B_rec_C-P1p-PCR_S215,MDCK,in vitro,extracellular,bulk
HA,257,882,4,180628B_rec_C-P1p-PCR_S215,MDCK,in vitro,extracellular,bulk
HA,280,1403,1,180628B_rec_C-P1p-PCR_S215,MDCK,in vitro,extracellular,bulk
HA,282,963,1,180628B_rec_C-P1p-PCR_S215,MDCK,in vitro,extracellular,bulk
HA,312,1025,1,180628B_rec_C-P1p-PCR_S215,MDCK,in vitro,extracellular,bulk
HA,316,1359,1,180628B_rec_C-P1p-PCR_S215,MDCK,in vitro,extracellular,bulk
HA,330,1224,1,180628B_rec_C-P1p-PCR_S215,MDCK,in vitro,extracellular,bulk
HA,345,1348,1,180628B_rec_C-P1p-PCR_S215,MDCK,in vitro,extracellular,bulk
HA,348,707,1,180628B_rec_C-P1p-PCR_S215,MDCK,in vitro,extracellular,bulk
HA,355,1359,1,180628B_rec_C-P1p-PCR_S215,MDCK,in vitro,extracellular,bulk
HA,360,960,1,180628B_rec_C-P1p-PCR_S215,MDCK,in vitro,extracellular,bulk
HA,391,501,1,180628B_rec_C-P1p-PCR_S215,MDCK,in vitro,extracellular,bulk
HA,404,1388,1,180628B_rec_C-P1p-PCR_S215,MDCK,in vitro,extracellular,bulk
HA,404,456,1,180628B_rec_C-P1p-PCR_S215,MDCK,in vitro,extracellular,bulk
HA,419,1190,1,180628B_rec_C-P1p-PCR_S215,MDCK,in vitro,extracellular,bulk
HA,421,472,3,180628B_rec_C-P1p-PCR_S215,MDCK,in vitro,extracellular,bulk
HA,437,953,1,180628B_rec_C-P1p-PCR_S215,MDCK,in vitro,extracellular,bulk
HA,446,1515,1,180628B_rec_C-P1p-PCR_S215,MDCK,in vitro,extracellular,bulk
HA,476,1009,1,180628B_rec_C-P1p-PCR_S215,MDCK,in vitro,extracellular,bulk
HA,476,1207,1,180628B_rec_C-P1p-PCR_S215,MDCK,in vitro,extracellular,bulk
HA,484,1082,1,180628B_rec_C-P1p-PCR_S215,MDCK,in vitro,extracellular,bulk
HA,492,1158,3,180628B_rec_C-P1p-PCR_S215,MDCK,in vitro,extracellular,bulk
HA,509,636,1,180628B_rec_C-P1p-PCR_S215,MDCK,in vitro,extracellular,bulk
HA,522,1156,1,180628B_rec_C-P1p-PCR_S215,MDCK,in vitro,extracellular,bulk
HA,535,566,10,180628B_rec_C-P1p-PCR_S215,MDCK,in vitro,extracellular,bulk
HA,541,1412,1,180628B_rec_C-P1p-PCR_S215,MDCK,in vitro,extracellular,bulk
HA,546,1099,1,180628B_rec_C-P1p-PCR_S215,MDCK,in vitro,extracellular,bulk
HA,547,794,1,180628B_rec_C-P1p-PCR_S215,MDCK,in vitro,extracellular,bulk
HA,548,1102,1,180628B_rec_C-P1p-PCR_S215,MDCK,in vitro,extracellular,bulk
HA,568,1013,1,180628B_rec_C-P1p-PCR_S215,MDCK,in vitro,extracellular,bulk
HA,580,1409,1,180628B_rec_C-P1p-PCR_S215,MDCK,in vitro,extracellular,bulk
HA,584,1500,1,180628B_rec_C-P1p-PCR_S215,MDCK,in vitro,extracellular,bulk
HA,586,802,1,180628B_rec_C-P1p-PCR_S215,MDCK,in vitro,extracellular,bulk
HA,593,1576,4,180628B_rec_C-P1p-PCR_S215,MDCK,in vitro,extracellular,bulk
HA,594,1514,1,180628B_rec_C-P1p-PCR_S215,MDCK,in vitro,extracellular,bulk
HA,603,1013,3,180628B_rec_C-P1p-PCR_S215,MDCK,in vitro,extracellular,bulk
HA,616,1612,1,180628B_rec_C-P1p-PCR_S215,MDCK,in vitro,extracellular,bulk
HA,655,1201,6,180628B_rec_C-P1p-PCR_S215,MDCK,in vitro,extracellular,bulk
HA,662,691,1,180628B_rec_C-P1p-PCR_S215,MDCK,in vitro,extracellular,bulk
HA,669,1468,1,180628B_rec_C-P1p-PCR_S215,MDCK,in vitro,extracellular,bulk
HA,698,1119,59,180628B_rec_C-P1p-PCR_S215,MDCK,in vitro,extracellular,bulk
HA,706,1007,1,180628B_rec_C-P1p-PCR_S215,MDCK,in vitro,extracellular,bulk
HA,707,794,2,180628B_rec_C-P1p-PCR_S215,MDCK,in vitro,extracellular,bulk
HA,707,986,1,180628B_rec_C-P1p-PCR_S215,MDCK,in vitro,extracellular,bulk
HA,714,773,1,180628B_rec_C-P1p-PCR_S215,MDCK,in vitro,extracellular,bulk
HA,741,765,1,180628B_rec_C-P1p-PCR_S215,MDCK,in vitro,extracellular,bulk
HA,787,862,1,180628B_rec_C-P1p-PCR_S215,MDCK,in vitro,extracellular,bulk
HA,788,863,69,180628B_rec_C-P1p-PCR_S215,MDCK,in vitro,extracellular,bulk
HA,795,1213,1,180628B_rec_C-P1p-PCR_S215,MDCK,in vitro,extracellular,bulk
HA,804,942,1,180628B_rec_C-P1p-PCR_S215,MDCK,in vitro,extracellular,bulk
HA,810,983,1,180628B_rec_C-P1p-PCR_S215,MDCK,in vitro,extracellular,bulk
HA,819,856,1,180628B_rec_C-P1p-PCR_S215,MDCK,in vitro,extracellular,bulk
HA,864,918,1,180628B_rec_C-P1p-PCR_S215,MDCK,in vitro,extracellular,bulk
HA,867,1480,1,180628B_rec_C-P1p-PCR_S215,MDCK,in vitro,extracellular,bulk
HA,874,906,1,180628B_rec_C-P1p-PCR_S215,MDCK,in vitro,extracellular,bulk
HA,919,1003,1,180628B_rec_C-P1p-PCR_S215,MDCK,in vitro,extracellular,bulk
HA,926,971,3,180628B_rec_C-P1p-PCR_S215,MDCK,in vitro,extracellular,bulk
HA,932,1155,2,180628B_rec_C-P1p-PCR_S215,MDCK,in vitro,extracellular,bulk
HA,934,1076,1,180628B_rec_C-P1p-PCR_S215,MDCK,in vitro,extracellular,bulk
NP,1067,1101,1,180628B_rec_C-P1p-PCR_S215,MDCK,in vitro,extracellular,bulk
NP,1102,1224,1,180628B_rec_C-P1p-PCR_S215,MDCK,in vitro,extracellular,bulk
NP,1130,1246,1,180628B_rec_C-P1p-PCR_S215,MDCK,in vitro,extracellular,bulk
NP,1132,1226,1,180628B_rec_C-P1p-PCR_S215,MDCK,in vitro,extracellular,bulk
NP,1133,1532,1,180628B_rec_C-P1p-PCR_S215,MDCK,in vitro,extracellular,bulk
NP,1204,1339,7,180628B_rec_C-P1p-PCR_S215,MDCK,in vitro,extracellular,bulk
NP,1220,1409,1,180628B_rec_C-P1p-PCR_S215,MDCK,in vitro,extracellular,bulk
NP,1229,1341,1,180628B_rec_C-P1p-PCR_S215,MDCK,in vitro,extracellular,bulk
NP,1240,1317,1,180628B_rec_C-P1p-PCR_S215,MDCK,in vitro,extracellular,bulk
NP,1243,1312,1,180628B_rec_C-P1p-PCR_S215,MDCK,in vitro,extracellular,bulk
NP,1268,1331,2,180628B_rec_C-P1p-PCR_S215,MDCK,in vitro,extracellular,bulk
NP,1271,1345,1,180628B_rec_C-P1p-PCR_S215,MDCK,in vitro,extracellular,bulk
NP,1274,1314,1,180628B_rec_C-P1p-PCR_S215,MDCK,in vitro,extracellular,bulk
NP,1274,1318,1,180628B_rec_C-P1p-PCR_S215,MDCK,in vitro,extracellular,bulk
NP,1287,1327,1,180628B_rec_C-P1p-PCR_S215,MDCK,in vitro,extracellular,bulk
NP,1294,1370,2,180628B_rec_C-P1p-PCR_S215,MDCK,in vitro,extracellular,bulk
NP,1298,1360,3,180628B_rec_C-P1p-PCR_S215,MDCK,in vitro,extracellular,bulk
NP,1309,1343,1,180628B_rec_C-P1p-PCR_S215,MDCK,in vitro,extracellular,bulk
NP,131,176,2,180628B_rec_C-P1p-PCR_S215,MDCK,in vitro,extracellular,bulk
NP,1367,1491,4,180628B_rec_C-P1p-PCR_S215,MDCK,in vitro,extracellular,bulk
NP,1371,1407,4,180628B_rec_C-P1p-PCR_S215,MDCK,in vitro,extracellular,bulk
NP,1407,1459,1,180628B_rec_C-P1p-PCR_S215,MDCK,in vitro,extracellular,bulk
NP,144,1287,141,180628B_rec_C-P1p-PCR_S215,MDCK,in vitro,extracellular,bulk
NP,183,1375,2,180628B_rec_C-P1p-PCR_S215,MDCK,in vitro,extracellular,bulk
NP,203,381,1,180628B_rec_C-P1p-PCR_S215,MDCK,in vitro,extracellular,bulk
NP,205,271,1,180628B_rec_C-P1p-PCR_S215,MDCK,in vitro,extracellular,bulk
NP,206,1350,1,180628B_rec_C-P1p-PCR_S215,MDCK,in vitro,extracellular,bulk
NP,206,671,1,180628B_rec_C-P1p-PCR_S215,MDCK,in vitro,extracellular,bulk
NP,227,1247,1,180628B_rec_C-P1p-PCR_S215,MDCK,in vitro,extracellular,bulk
NP,236,1312,1,180628B_rec_C-P1p-PCR_S215,MDCK,in vitro,extracellular,bulk
NP,237,495,1,180628B_rec_C-P1p-PCR_S215,MDCK,in vitro,extracellular,bulk
NP,239,1310,1,180628B_rec_C-P1p-PCR_S215,MDCK,in vitro,extracellular,bulk
NP,246,425,1,180628B_rec_C-P1p-PCR_S215,MDCK,in vitro,extracellular,bulk
NP,246,616,1,180628B_rec_C-P1p-PCR_S215,MDCK,in vitro,extracellular,bulk
NP,247,483,1,180628B_rec_C-P1p-PCR_S215,MDCK,in vitro,extracellular,bulk
NP,263,429,1,180628B_rec_C-P1p-PCR_S215,MDCK,in vitro,extracellular,bulk
NP,281,1360,1,180628B_rec_C-P1p-PCR_S215,MDCK,in vitro,extracellular,bulk
NP,282,1155,1,180628B_rec_C-P1p-PCR_S215,MDCK,in vitro,extracellular,bulk
NP,288,391,2,180628B_rec_C-P1p-PCR_S215,MDCK,in vitro,extracellular,bulk
NP,292,1359,4,180628B_rec_C-P1p-PCR_S215,MDCK,in vitro,extracellular,bulk
NP,293,529,1,180628B_rec_C-P1p-PCR_S215,MDCK,in vitro,extracellular,bulk
NP,296,531,1,180628B_rec_C-P1p-PCR_S215,MDCK,in vitro,extracellular,bulk
NP,317,1183,1,180628B_rec_C-P1p-PCR_S215,MDCK,in vitro,extracellular,bulk
NP,326,1227,1,180628B_rec_C-P1p-PCR_S215,MDCK,in vitro,extracellular,bulk
NP,326,670,2,180628B_rec_C-P1p-PCR_S215,MDCK,in vitro,extracellular,bulk
NP,352,1171,1,180628B_rec_C-P1p-PCR_S215,MDCK,in vitro,extracellular,bulk
NP,352,1341,1,180628B_rec_C-P1p-PCR_S215,MDCK,in vitro,extracellular,bulk
NP,352,622,1,180628B_rec_C-P1p-PCR_S215,MDCK,in vitro,extracellular,bulk
NP,356,1397,3,180628B_rec_C-P1p-PCR_S215,MDCK,in vitro,extracellular,bulk
NP,357,1103,1,180628B_rec_C-P1p-PCR_S215,MDCK,in vitro,extracellular,bulk
NP,359,1162,1,180628B_rec_C-P1p-PCR_S215,MDCK,in vitro,extracellular,bulk
NP,360,1227,2,180628B_rec_C-P1p-PCR_S215,MDCK,in vitro,extracellular,bulk
NP,364,928,2,180628B_rec_C-P1p-PCR_S215,MDCK,in vitro,extracellular,bulk
NP,365,1312,1,180628B_rec_C-P1p-PCR_S215,MDCK,in vitro,extracellular,bulk
NP,366,1193,1,180628B_rec_C-P1p-PCR_S215,MDCK,in vitro,extracellular,bulk
NP,367,1371,1,180628B_rec_C-P1p-PCR_S215,MDCK,in vitro,extracellular,bulk
NP,370,450,1,180628B_rec_C-P1p-PCR_S215,MDCK,in vitro,extracellular,bulk
NP,370,541,1,180628B_rec_C-P1p-PCR_S215,MDCK,in vitro,extracellular,bulk
NP,372,817,5,180628B_rec_C-P1p-PCR_S215,MDCK,in vitro,extracellular,bulk
NP,381,427,2,180628B_rec_C-P1p-PCR_S215,MDCK,in vitro,extracellular,bulk
NP,383,1316,1,180628B_rec_C-P1p-PCR_S215,MDCK,in vitro,extracellular,bulk
NP,389,1065,1,180628B_rec_C-P1p-PCR_S215,MDCK,in vitro,extracellular,bulk
NP,404,1052,3,180628B_rec_C-P1p-PCR_S215,MDCK,in vitro,extracellular,bulk
NP,406,464,5,180628B_rec_C-P1p-PCR_S215,MDCK,in vitro,extracellular,bulk
NP,411,1315,1,180628B_rec_C-P1p-PCR_S215,MDCK,in vitro,extracellular,bulk
NP,424,763,2,180628B_rec_C-P1p-PCR_S215,MDCK,in vitro,extracellular,bulk
NP,425,617,1,180628B_rec_C-P1p-PCR_S215,MDCK,in vitro,extracellular,bulk
NP,426,1164,1,180628B_rec_C-P1p-PCR_S215,MDCK,in vitro,extracellular,bulk
NP,427,619,2,180628B_rec_C-P1p-PCR_S215,MDCK,in vitro,extracellular,bulk
NP,432,549,1,180628B_rec_C-P1p-PCR_S215,MDCK,in vitro,extracellular,bulk
NP,434,1274,2,180628B_rec_C-P1p-PCR_S215,MDCK,in vitro,extracellular,bulk
NP,434,486,3,180628B_rec_C-P1p-PCR_S215,MDCK,in vitro,extracellular,bulk
NP,437,1326,8,180628B_rec_C-P1p-PCR_S215,MDCK,in vitro,extracellular,bulk
NP,439,1328,23,180628B_rec_C-P1p-PCR_S215,MDCK,in vitro,extracellular,bulk
NP,439,1387,2,180628B_rec_C-P1p-PCR_S215,MDCK,in vitro,extracellular,bulk
NP,440,1056,1,180628B_rec_C-P1p-PCR_S215,MDCK,in vitro,extracellular,bulk
NP,440,1338,30,180628B_rec_C-P1p-PCR_S215,MDCK,in vitro,extracellular,bulk
NP,441,1032,1,180628B_rec_C-P1p-PCR_S215,MDCK,in vitro,extracellular,bulk
NP,443,483,1,180628B_rec_C-P1p-PCR_S215,MDCK,in vitro,extracellular,bulk
NP,444,833,3,180628B_rec_C-P1p-PCR_S215,MDCK,in vitro,extracellular,bulk
NP,450,542,1,180628B_rec_C-P1p-PCR_S215,MDCK,in vitro,extracellular,bulk
NP,451,863,1,180628B_rec_C-P1p-PCR_S215,MDCK,in vitro,extracellular,bulk
NP,452,842,1,180628B_rec_C-P1p-PCR_S215,MDCK,in vitro,extracellular,bulk
NP,454,1210,8,180628B_rec_C-P1p-PCR_S215,MDCK,in vitro,extracellular,bulk
NP,456,1390,2,180628B_rec_C-P1p-PCR_S215,MDCK,in vitro,extracellular,bulk
NP,456,1412,2,180628B_rec_C-P1p-PCR_S215,MDCK,in vitro,extracellular,bulk
NP,456,482,2,180628B_rec_C-P1p-PCR_S215,MDCK,in vitro,extracellular,bulk
NP,456,547,1,180628B_rec_C-P1p-PCR_S215,MDCK,in vitro,extracellular,bulk
NP,459,1314,1,180628B_rec_C-P1p-PCR_S215,MDCK,in vitro,extracellular,bulk
NP,471,1150,1,180628B_rec_C-P1p-PCR_S215,MDCK,in vitro,extracellular,bulk
NP,473,999,5,180628B_rec_C-P1p-PCR_S215,MDCK,in vitro,extracellular,bulk
NP,476,1063,2,180628B_rec_C-P1p-PCR_S215,MDCK,in vitro,extracellular,bulk
NP,481,1390,9,180628B_rec_C-P1p-PCR_S215,MDCK,in vitro,extracellular,bulk
NP,481,1412,1,180628B_rec_C-P1p-PCR_S215,MDCK,in vitro,extracellular,bulk
NP,483,549,1,180628B_rec_C-P1p-PCR_S215,MDCK,in vitro,extracellular,bulk
NP,484,1400,20,180628B_rec_C-P1p-PCR_S215,MDCK,in vitro,extracellular,bulk
NP,492,1266,1,180628B_rec_C-P1p-PCR_S215,MDCK,in vitro,extracellular,bulk
NP,492,1423,1,180628B_rec_C-P1p-PCR_S215,MDCK,in vitro,extracellular,bulk
NP,492,531,1,180628B_rec_C-P1p-PCR_S215,MDCK,in vitro,extracellular,bulk
NP,493,1407,1,180628B_rec_C-P1p-PCR_S215,MDCK,in vitro,extracellular,bulk
NP,495,1246,1,180628B_rec_C-P1p-PCR_S215,MDCK,in vitro,extracellular,bulk
NP,495,1349,1,180628B_rec_C-P1p-PCR_S215,MDCK,in vitro,extracellular,bulk
NP,495,1426,1,180628B_rec_C-P1p-PCR_S215,MDCK,in vitro,extracellular,bulk
NP,495,1457,1,180628B_rec_C-P1p-PCR_S215,MDCK,in vitro,extracellular,bulk
NP,506,1445,1,180628B_rec_C-P1p-PCR_S215,MDCK,in vitro,extracellular,bulk
NP,508,1447,1,180628B_rec_C-P1p-PCR_S215,MDCK,in vitro,extracellular,bulk
NP,515,836,1,180628B_rec_C-P1p-PCR_S215,MDCK,in vitro,extracellular,bulk
NP,521,1016,1,180628B_rec_C-P1p-PCR_S215,MDCK,in vitro,extracellular,bulk
NP,521,1342,1,180628B_rec_C-P1p-PCR_S215,MDCK,in vitro,extracellular,bulk
NP,526,656,1,180628B_rec_C-P1p-PCR_S215,MDCK,in vitro,extracellular,bulk
NP,526,894,1,180628B_rec_C-P1p-PCR_S215,MDCK,in vitro,extracellular,bulk
NP,527,583,5,180628B_rec_C-P1p-PCR_S215,MDCK,in vitro,extracellular,bulk
NP,52,429,1,180628B_rec_C-P1p-PCR_S215,MDCK,in vitro,extracellular,bulk
NP,532,793,1,180628B_rec_C-P1p-PCR_S215,MDCK,in vitro,extracellular,bulk
NP,536,1035,1,180628B_rec_C-P1p-PCR_S215,MDCK,in vitro,extracellular,bulk
NP,536,1414,1,180628B_rec_C-P1p-PCR_S215,MDCK,in vitro,extracellular,bulk
NP,537,583,4,180628B_rec_C-P1p-PCR_S215,MDCK,in vitro,extracellular,bulk
NP,541,862,3,180628B_rec_C-P1p-PCR_S215,MDCK,in vitro,extracellular,bulk
NP,546,1390,2,180628B_rec_C-P1p-PCR_S215,MDCK,in vitro,extracellular,bulk
NP,546,619,2,180628B_rec_C-P1p-PCR_S215,MDCK,in vitro,extracellular,bulk
NP,551,1425,2,180628B_rec_C-P1p-PCR_S215,MDCK,in vitro,extracellular,bulk
NP,553,628,29,180628B_rec_C-P1p-PCR_S215,MDCK,in vitro,extracellular,bulk
NP,557,1241,1,180628B_rec_C-P1p-PCR_S215,MDCK,in vitro,extracellular,bulk
NP,564,1303,1,180628B_rec_C-P1p-PCR_S215,MDCK,in vitro,extracellular,bulk
NP,570,1227,2,180628B_rec_C-P1p-PCR_S215,MDCK,in vitro,extracellular,bulk
NP,576,1339,1,180628B_rec_C-P1p-PCR_S215,MDCK,in vitro,extracellular,bulk
NP,578,1427,1,180628B_rec_C-P1p-PCR_S215,MDCK,in vitro,extracellular,bulk
NP,582,819,62,180628B_rec_C-P1p-PCR_S215,MDCK,in vitro,extracellular,bulk
NP,596,1405,1,180628B_rec_C-P1p-PCR_S215,MDCK,in vitro,extracellular,bulk
NP,615,763,2,180628B_rec_C-P1p-PCR_S215,MDCK,in vitro,extracellular,bulk
NP,621,1393,1,180628B_rec_C-P1p-PCR_S215,MDCK,in vitro,extracellular,bulk
NP,627,816,1,180628B_rec_C-P1p-PCR_S215,MDCK,in vitro,extracellular,bulk
NP,627,967,1,180628B_rec_C-P1p-PCR_S215,MDCK,in vitro,extracellular,bulk
NP,628,654,1,180628B_rec_C-P1p-PCR_S215,MDCK,in vitro,extracellular,bulk
NP,633,712,1,180628B_rec_C-P1p-PCR_S215,MDCK,in vitro,extracellular,bulk
NP,636,1008,1,180628B_rec_C-P1p-PCR_S215,MDCK,in vitro,extracellular,bulk
NP,638,769,1,180628B_rec_C-P1p-PCR_S215,MDCK,in vitro,extracellular,bulk
NP,650,769,1,180628B_rec_C-P1p-PCR_S215,MDCK,in vitro,extracellular,bulk
NP,670,1228,1,180628B_rec_C-P1p-PCR_S215,MDCK,in vitro,extracellular,bulk
NP,670,1339,1,180628B_rec_C-P1p-PCR_S215,MDCK,in vitro,extracellular,bulk
NP,673,763,1,180628B_rec_C-P1p-PCR_S215,MDCK,in vitro,extracellular,bulk
NP,680,1325,3,180628B_rec_C-P1p-PCR_S215,MDCK,in vitro,extracellular,bulk
NP,687,810,1,180628B_rec_C-P1p-PCR_S215,MDCK,in vitro,extracellular,bulk
NP,700,1145,1,180628B_rec_C-P1p-PCR_S215,MDCK,in vitro,extracellular,bulk
NP,711,760,1,180628B_rec_C-P1p-PCR_S215,MDCK,in vitro,extracellular,bulk
NP,760,1325,2,180628B_rec_C-P1p-PCR_S215,MDCK,in vitro,extracellular,bulk
NP,762,1033,1,180628B_rec_C-P1p-PCR_S215,MDCK,in vitro,extracellular,bulk
NP,765,1038,4,180628B_rec_C-P1p-PCR_S215,MDCK,in vitro,extracellular,bulk
NP,765,819,5,180628B_rec_C-P1p-PCR_S215,MDCK,in vitro,extracellular,bulk
NP,766,843,1,180628B_rec_C-P1p-PCR_S215,MDCK,in vitro,extracellular,bulk
NP,766,894,3,180628B_rec_C-P1p-PCR_S215,MDCK,in vitro,extracellular,bulk
NP,777,1441,1,180628B_rec_C-P1p-PCR_S215,MDCK,in vitro,extracellular,bulk
NP,777,848,2,180628B_rec_C-P1p-PCR_S215,MDCK,in vitro,extracellular,bulk
NP,779,848,1,180628B_rec_C-P1p-PCR_S215,MDCK,in vitro,extracellular,bulk
NP,779,928,1,180628B_rec_C-P1p-PCR_S215,MDCK,in vitro,extracellular,bulk
NP,791,1424,1,180628B_rec_C-P1p-PCR_S215,MDCK,in vitro,extracellular,bulk
NP,820,1306,1,180628B_rec_C-P1p-PCR_S215,MDCK,in vitro,extracellular,bulk
NP,829,885,1,180628B_rec_C-P1p-PCR_S215,MDCK,in vitro,extracellular,bulk
NP,831,1417,2,180628B_rec_C-P1p-PCR_S215,MDCK,in vitro,extracellular,bulk
NP,864,1021,1,180628B_rec_C-P1p-PCR_S215,MDCK,in vitro,extracellular,bulk
NP,86,151,3,180628B_rec_C-P1p-PCR_S215,MDCK,in vitro,extracellular,bulk
NP,87,152,1,180628B_rec_C-P1p-PCR_S215,MDCK,in vitro,extracellular,bulk
NP,890,1325,1,180628B_rec_C-P1p-PCR_S215,MDCK,in vitro,extracellular,bulk
NP,923,1103,1,180628B_rec_C-P1p-PCR_S215,MDCK,in vitro,extracellular,bulk
NP,929,1247,1,180628B_rec_C-P1p-PCR_S215,MDCK,in vitro,extracellular,bulk
NP,930,1229,3,180628B_rec_C-P1p-PCR_S215,MDCK,in vitro,extracellular,bulk
NP,934,1202,1,180628B_rec_C-P1p-PCR_S215,MDCK,in vitro,extracellular,bulk
NP,958,984,1,180628B_rec_C-P1p-PCR_S215,MDCK,in vitro,extracellular,bulk
NP,96,151,5,180628B_rec_C-P1p-PCR_S215,MDCK,in vitro,extracellular,bulk
NA,1047,1110,1,180628B_rec_C-P1p-PCR_S215,MDCK,in vitro,extracellular,bulk
NA,1123,1166,6,180628B_rec_C-P1p-PCR_S215,MDCK,in vitro,extracellular,bulk
NA,113,213,1,180628B_rec_C-P1p-PCR_S215,MDCK,in vitro,extracellular,bulk
NA,1140,1228,1,180628B_rec_C-P1p-PCR_S215,MDCK,in vitro,extracellular,bulk
NA,1154,1291,1,180628B_rec_C-P1p-PCR_S215,MDCK,in vitro,extracellular,bulk
NA,121,152,7,180628B_rec_C-P1p-PCR_S215,MDCK,in vitro,extracellular,bulk
NA,161,1053,1,180628B_rec_C-P1p-PCR_S215,MDCK,in vitro,extracellular,bulk
NA,194,960,170,180628B_rec_C-P1p-PCR_S215,MDCK,in vitro,extracellular,bulk
NA,197,1086,2,180628B_rec_C-P1p-PCR_S215,MDCK,in vitro,extracellular,bulk
NA,197,963,1,180628B_rec_C-P1p-PCR_S215,MDCK,in vitro,extracellular,bulk
NA,201,542,1,180628B_rec_C-P1p-PCR_S215,MDCK,in vitro,extracellular,bulk
NA,205,973,1,180628B_rec_C-P1p-PCR_S215,MDCK,in vitro,extracellular,bulk
NA,215,1035,1,180628B_rec_C-P1p-PCR_S215,MDCK,in vitro,extracellular,bulk
NA,221,1087,3,180628B_rec_C-P1p-PCR_S215,MDCK,in vitro,extracellular,bulk
NA,234,832,1,180628B_rec_C-P1p-PCR_S215,MDCK,in vitro,extracellular,bulk
NA,235,1124,1,180628B_rec_C-P1p-PCR_S215,MDCK,in vitro,extracellular,bulk
NA,237,1190,1,180628B_rec_C-P1p-PCR_S215,MDCK,in vitro,extracellular,bulk
NA,246,1045,1,180628B_rec_C-P1p-PCR_S215,MDCK,in vitro,extracellular,bulk
NA,248,320,1,180628B_rec_C-P1p-PCR_S215,MDCK,in vitro,extracellular,bulk
NA,251,983,6,180628B_rec_C-P1p-PCR_S215,MDCK,in vitro,extracellular,bulk
NA,261,884,2,180628B_rec_C-P1p-PCR_S215,MDCK,in vitro,extracellular,bulk
NA,269,879,6,180628B_rec_C-P1p-PCR_S215,MDCK,in vitro,extracellular,bulk
NA,274,1121,1,180628B_rec_C-P1p-PCR_S215,MDCK,in vitro,extracellular,bulk
NA,275,1177,1,180628B_rec_C-P1p-PCR_S215,MDCK,in vitro,extracellular,bulk
NA,275,849,2,180628B_rec_C-P1p-PCR_S215,MDCK,in vitro,extracellular,bulk
NA,277,1003,37,180628B_rec_C-P1p-PCR_S215,MDCK,in vitro,extracellular,bulk
NA,302,1074,2,180628B_rec_C-P1p-PCR_S215,MDCK,in vitro,extracellular,bulk
NA,314,1189,1,180628B_rec_C-P1p-PCR_S215,MDCK,in vitro,extracellular,bulk
NA,342,880,1,180628B_rec_C-P1p-PCR_S215,MDCK,in vitro,extracellular,bulk
NA,345,950,1,180628B_rec_C-P1p-PCR_S215,MDCK,in vitro,extracellular,bulk
NA,345,956,353,180628B_rec_C-P1p-PCR_S215,MDCK,in vitro,extracellular,bulk
NA,346,951,344,180628B_rec_C-P1p-PCR_S215,MDCK,in vitro,extracellular,bulk
NA,381,410,1,180628B_rec_C-P1p-PCR_S215,MDCK,in vitro,extracellular,bulk
NA,395,536,1,180628B_rec_C-P1p-PCR_S215,MDCK,in vitro,extracellular,bulk
NA,395,808,2,180628B_rec_C-P1p-PCR_S215,MDCK,in vitro,extracellular,bulk
NA,397,1120,1,180628B_rec_C-P1p-PCR_S215,MDCK,in vitro,extracellular,bulk
NA,399,892,3,180628B_rec_C-P1p-PCR_S215,MDCK,in vitro,extracellular,bulk
NA,399,946,2,180628B_rec_C-P1p-PCR_S215,MDCK,in vitro,extracellular,bulk
NA,409,491,7,180628B_rec_C-P1p-PCR_S215,MDCK,in vitro,extracellular,bulk
NA,411,441,1,180628B_rec_C-P1p-PCR_S215,MDCK,in vitro,extracellular,bulk
NA,424,1057,2,180628B_rec_C-P1p-PCR_S215,MDCK,in vitro,extracellular,bulk
NA,427,1117,7,180628B_rec_C-P1p-PCR_S215,MDCK,in vitro,extracellular,bulk
NA,428,1118,1,180628B_rec_C-P1p-PCR_S215,MDCK,in vitro,extracellular,bulk
NA,434,984,5,180628B_rec_C-P1p-PCR_S215,MDCK,in vitro,extracellular,bulk
NA,444,985,2,180628B_rec_C-P1p-PCR_S215,MDCK,in vitro,extracellular,bulk
NA,455,906,1,180628B_rec_C-P1p-PCR_S215,MDCK,in vitro,extracellular,bulk
NA,456,982,1,180628B_rec_C-P1p-PCR_S215,MDCK,in vitro,extracellular,bulk
NA,478,848,1,180628B_rec_C-P1p-PCR_S215,MDCK,in vitro,extracellular,bulk
NA,495,1087,1,180628B_rec_C-P1p-PCR_S215,MDCK,in vitro,extracellular,bulk
NA,532,998,1,180628B_rec_C-P1p-PCR_S215,MDCK,in vitro,extracellular,bulk
NA,538,971,1,180628B_rec_C-P1p-PCR_S215,MDCK,in vitro,extracellular,bulk
NA,561,1241,2,180628B_rec_C-P1p-PCR_S215,MDCK,in vitro,extracellular,bulk
NA,562,683,7,180628B_rec_C-P1p-PCR_S215,MDCK,in vitro,extracellular,bulk
NA,574,965,1,180628B_rec_C-P1p-PCR_S215,MDCK,in vitro,extracellular,bulk
NA,575,1008,1,180628B_rec_C-P1p-PCR_S215,MDCK,in vitro,extracellular,bulk
NA,577,1001,1,180628B_rec_C-P1p-PCR_S215,MDCK,in vitro,extracellular,bulk
NA,629,837,7,180628B_rec_C-P1p-PCR_S215,MDCK,in vitro,extracellular,bulk
NA,677,710,1,180628B_rec_C-P1p-PCR_S215,MDCK,in vitro,extracellular,bulk
NA,702,875,1,180628B_rec_C-P1p-PCR_S215,MDCK,in vitro,extracellular,bulk
NA,705,964,1,180628B_rec_C-P1p-PCR_S215,MDCK,in vitro,extracellular,bulk
NA,705,997,2,180628B_rec_C-P1p-PCR_S215,MDCK,in vitro,extracellular,bulk
NA,709,983,1,180628B_rec_C-P1p-PCR_S215,MDCK,in vitro,extracellular,bulk
NA,711,890,1,180628B_rec_C-P1p-PCR_S215,MDCK,in vitro,extracellular,bulk
NA,713,845,1,180628B_rec_C-P1p-PCR_S215,MDCK,in vitro,extracellular,bulk
NA,716,839,4,180628B_rec_C-P1p-PCR_S215,MDCK,in vitro,extracellular,bulk
NA,717,964,1,180628B_rec_C-P1p-PCR_S215,MDCK,in vitro,extracellular,bulk
NA,717,997,4,180628B_rec_C-P1p-PCR_S215,MDCK,in vitro,extracellular,bulk
NA,720,1216,2,180628B_rec_C-P1p-PCR_S215,MDCK,in vitro,extracellular,bulk
NA,722,1241,1,180628B_rec_C-P1p-PCR_S215,MDCK,in vitro,extracellular,bulk
NA,733,771,25,180628B_rec_C-P1p-PCR_S215,MDCK,in vitro,extracellular,bulk
NA,790,1106,2,180628B_rec_C-P1p-PCR_S215,MDCK,in vitro,extracellular,bulk
NA,794,1135,1,180628B_rec_C-P1p-PCR_S215,MDCK,in vitro,extracellular,bulk
NA,814,842,1,180628B_rec_C-P1p-PCR_S215,MDCK,in vitro,extracellular,bulk
NA,814,846,2,180628B_rec_C-P1p-PCR_S215,MDCK,in vitro,extracellular,bulk
NA,855,946,2,180628B_rec_C-P1p-PCR_S215,MDCK,in vitro,extracellular,bulk
NA,860,980,1,180628B_rec_C-P1p-PCR_S215,MDCK,in vitro,extracellular,bulk
NA,861,972,5,180628B_rec_C-P1p-PCR_S215,MDCK,in vitro,extracellular,bulk
NA,870,1327,10,180628B_rec_C-P1p-PCR_S215,MDCK,in vitro,extracellular,bulk
NA,879,990,1,180628B_rec_C-P1p-PCR_S215,MDCK,in vitro,extracellular,bulk
NA,880,964,1,180628B_rec_C-P1p-PCR_S215,MDCK,in vitro,extracellular,bulk
NA,881,932,5,180628B_rec_C-P1p-PCR_S215,MDCK,in vitro,extracellular,bulk
NA,882,1083,1,180628B_rec_C-P1p-PCR_S215,MDCK,in vitro,extracellular,bulk
NA,886,955,5,180628B_rec_C-P1p-PCR_S215,MDCK,in vitro,extracellular,bulk
NA,916,1052,1,180628B_rec_C-P1p-PCR_S215,MDCK,in vitro,extracellular,bulk
NA,918,1049,7,180628B_rec_C-P1p-PCR_S215,MDCK,in vitro,extracellular,bulk
NA,959,1013,1,180628B_rec_C-P1p-PCR_S215,MDCK,in vitro,extracellular,bulk
M,126,741,1,180628B_rec_C-P1p-PCR_S215,MDCK,in vitro,extracellular,bulk
M,142,725,1,180628B_rec_C-P1p-PCR_S215,MDCK,in vitro,extracellular,bulk
M,150,568,1,180628B_rec_C-P1p-PCR_S215,MDCK,in vitro,extracellular,bulk
M,167,367,1,180628B_rec_C-P1p-PCR_S215,MDCK,in vitro,extracellular,bulk
M,179,538,2,180628B_rec_C-P1p-PCR_S215,MDCK,in vitro,extracellular,bulk
M,182,479,1,180628B_rec_C-P1p-PCR_S215,MDCK,in vitro,extracellular,bulk
M,184,748,1,180628B_rec_C-P1p-PCR_S215,MDCK,in vitro,extracellular,bulk
M,222,877,1,180628B_rec_C-P1p-PCR_S215,MDCK,in vitro,extracellular,bulk
M,245,287,1,180628B_rec_C-P1p-PCR_S215,MDCK,in vitro,extracellular,bulk
M,246,689,1,180628B_rec_C-P1p-PCR_S215,MDCK,in vitro,extracellular,bulk
M,257,298,4,180628B_rec_C-P1p-PCR_S215,MDCK,in vitro,extracellular,bulk
M,259,779,1,180628B_rec_C-P1p-PCR_S215,MDCK,in vitro,extracellular,bulk
M,261,335,1,180628B_rec_C-P1p-PCR_S215,MDCK,in vitro,extracellular,bulk
M,264,386,1,180628B_rec_C-P1p-PCR_S215,MDCK,in vitro,extracellular,bulk
M,271,744,1,180628B_rec_C-P1p-PCR_S215,MDCK,in vitro,extracellular,bulk
M,273,295,1,180628B_rec_C-P1p-PCR_S215,MDCK,in vitro,extracellular,bulk
M,283,359,2,180628B_rec_C-P1p-PCR_S215,MDCK,in vitro,extracellular,bulk
M,295,829,1,180628B_rec_C-P1p-PCR_S215,MDCK,in vitro,extracellular,bulk
M,299,831,1,180628B_rec_C-P1p-PCR_S215,MDCK,in vitro,extracellular,bulk
M,308,382,1,180628B_rec_C-P1p-PCR_S215,MDCK,in vitro,extracellular,bulk
M,308,756,1,180628B_rec_C-P1p-PCR_S215,MDCK,in vitro,extracellular,bulk
M,310,600,1,180628B_rec_C-P1p-PCR_S215,MDCK,in vitro,extracellular,bulk
M,316,405,1,180628B_rec_C-P1p-PCR_S215,MDCK,in vitro,extracellular,bulk
M,321,714,1,180628B_rec_C-P1p-PCR_S215,MDCK,in vitro,extracellular,bulk
M,341,900,1,180628B_rec_C-P1p-PCR_S215,MDCK,in vitro,extracellular,bulk
M,342,935,1,180628B_rec_C-P1p-PCR_S215,MDCK,in vitro,extracellular,bulk
M,344,938,1,180628B_rec_C-P1p-PCR_S215,MDCK,in vitro,extracellular,bulk
M,350,695,1,180628B_rec_C-P1p-PCR_S215,MDCK,in vitro,extracellular,bulk
M,358,412,1,180628B_rec_C-P1p-PCR_S215,MDCK,in vitro,extracellular,bulk
M,358,554,1,180628B_rec_C-P1p-PCR_S215,MDCK,in vitro,extracellular,bulk
M,359,434,12,180628B_rec_C-P1p-PCR_S215,MDCK,in vitro,extracellular,bulk
M,359,761,2,180628B_rec_C-P1p-PCR_S215,MDCK,in vitro,extracellular,bulk
M,360,436,3,180628B_rec_C-P1p-PCR_S215,MDCK,in vitro,extracellular,bulk
M,362,633,2,180628B_rec_C-P1p-PCR_S215,MDCK,in vitro,extracellular,bulk
M,373,649,1,180628B_rec_C-P1p-PCR_S215,MDCK,in vitro,extracellular,bulk
M,389,492,3,180628B_rec_C-P1p-PCR_S215,MDCK,in vitro,extracellular,bulk
M,390,607,2,180628B_rec_C-P1p-PCR_S215,MDCK,in vitro,extracellular,bulk
M,394,619,1,180628B_rec_C-P1p-PCR_S215,MDCK,in vitro,extracellular,bulk
M,394,667,6,180628B_rec_C-P1p-PCR_S215,MDCK,in vitro,extracellular,bulk
M,398,828,2,180628B_rec_C-P1p-PCR_S215,MDCK,in vitro,extracellular,bulk
M,402,655,12,180628B_rec_C-P1p-PCR_S215,MDCK,in vitro,extracellular,bulk
M,410,594,1,180628B_rec_C-P1p-PCR_S215,MDCK,in vitro,extracellular,bulk
M,411,514,1,180628B_rec_C-P1p-PCR_S215,MDCK,in vitro,extracellular,bulk
M,411,760,1,180628B_rec_C-P1p-PCR_S215,MDCK,in vitro,extracellular,bulk
M,411,932,1,180628B_rec_C-P1p-PCR_S215,MDCK,in vitro,extracellular,bulk
M,412,443,1,180628B_rec_C-P1p-PCR_S215,MDCK,in vitro,extracellular,bulk
M,416,444,1,180628B_rec_C-P1p-PCR_S215,MDCK,in vitro,extracellular,bulk
M,420,644,1,180628B_rec_C-P1p-PCR_S215,MDCK,in vitro,extracellular,bulk
M,426,485,1,180628B_rec_C-P1p-PCR_S215,MDCK,in vitro,extracellular,bulk
M,427,656,1,180628B_rec_C-P1p-PCR_S215,MDCK,in vitro,extracellular,bulk
M,431,564,2,180628B_rec_C-P1p-PCR_S215,MDCK,in vitro,extracellular,bulk
M,434,762,2,180628B_rec_C-P1p-PCR_S215,MDCK,in vitro,extracellular,bulk
M,440,481,2,180628B_rec_C-P1p-PCR_S215,MDCK,in vitro,extracellular,bulk
M,442,464,8,180628B_rec_C-P1p-PCR_S215,MDCK,in vitro,extracellular,bulk
M,447,721,11,180628B_rec_C-P1p-PCR_S215,MDCK,in vitro,extracellular,bulk
M,454,585,1,180628B_rec_C-P1p-PCR_S215,MDCK,in vitro,extracellular,bulk
M,455,551,1,180628B_rec_C-P1p-PCR_S215,MDCK,in vitro,extracellular,bulk
M,461,704,3,180628B_rec_C-P1p-PCR_S215,MDCK,in vitro,extracellular,bulk
M,462,705,117,180628B_rec_C-P1p-PCR_S215,MDCK,in vitro,extracellular,bulk
M,462,744,1,180628B_rec_C-P1p-PCR_S215,MDCK,in vitro,extracellular,bulk
M,475,533,2,180628B_rec_C-P1p-PCR_S215,MDCK,in vitro,extracellular,bulk
M,480,553,3,180628B_rec_C-P1p-PCR_S215,MDCK,in vitro,extracellular,bulk
M,480,616,4,180628B_rec_C-P1p-PCR_S215,MDCK,in vitro,extracellular,bulk
M,485,560,72,180628B_rec_C-P1p-PCR_S215,MDCK,in vitro,extracellular,bulk
M,488,563,12,180628B_rec_C-P1p-PCR_S215,MDCK,in vitro,extracellular,bulk
M,490,644,5,180628B_rec_C-P1p-PCR_S215,MDCK,in vitro,extracellular,bulk
M,496,567,1,180628B_rec_C-P1p-PCR_S215,MDCK,in vitro,extracellular,bulk
M,501,578,159,180628B_rec_C-P1p-PCR_S215,MDCK,in vitro,extracellular,bulk
M,501,626,1,180628B_rec_C-P1p-PCR_S215,MDCK,in vitro,extracellular,bulk
M,503,545,1,180628B_rec_C-P1p-PCR_S215,MDCK,in vitro,extracellular,bulk
M,506,565,1,180628B_rec_C-P1p-PCR_S215,MDCK,in vitro,extracellular,bulk
M,507,580,2,180628B_rec_C-P1p-PCR_S215,MDCK,in vitro,extracellular,bulk
M,512,560,1,180628B_rec_C-P1p-PCR_S215,MDCK,in vitro,extracellular,bulk
M,521,603,3,180628B_rec_C-P1p-PCR_S215,MDCK,in vitro,extracellular,bulk
M,523,665,21,180628B_rec_C-P1p-PCR_S215,MDCK,in vitro,extracellular,bulk
M,526,573,1,180628B_rec_C-P1p-PCR_S215,MDCK,in vitro,extracellular,bulk
M,553,932,1,180628B_rec_C-P1p-PCR_S215,MDCK,in vitro,extracellular,bulk
M,564,664,3,180628B_rec_C-P1p-PCR_S215,MDCK,in vitro,extracellular,bulk
M,568,718,1,180628B_rec_C-P1p-PCR_S215,MDCK,in vitro,extracellular,bulk
M,570,698,1,180628B_rec_C-P1p-PCR_S215,MDCK,in vitro,extracellular,bulk
M,572,633,2,180628B_rec_C-P1p-PCR_S215,MDCK,in vitro,extracellular,bulk
M,590,645,1,180628B_rec_C-P1p-PCR_S215,MDCK,in vitro,extracellular,bulk
M,597,667,1,180628B_rec_C-P1p-PCR_S215,MDCK,in vitro,extracellular,bulk
M,602,663,1,180628B_rec_C-P1p-PCR_S215,MDCK,in vitro,extracellular,bulk
M,602,759,1,180628B_rec_C-P1p-PCR_S215,MDCK,in vitro,extracellular,bulk
M,606,709,6,180628B_rec_C-P1p-PCR_S215,MDCK,in vitro,extracellular,bulk
M,621,670,1,180628B_rec_C-P1p-PCR_S215,MDCK,in vitro,extracellular,bulk
M,623,668,7,180628B_rec_C-P1p-PCR_S215,MDCK,in vitro,extracellular,bulk
M,623,740,4,180628B_rec_C-P1p-PCR_S215,MDCK,in vitro,extracellular,bulk
M,623,767,3,180628B_rec_C-P1p-PCR_S215,MDCK,in vitro,extracellular,bulk
M,626,668,1,180628B_rec_C-P1p-PCR_S215,MDCK,in vitro,extracellular,bulk
M,626,740,1,180628B_rec_C-P1p-PCR_S215,MDCK,in vitro,extracellular,bulk
M,626,802,1,180628B_rec_C-P1p-PCR_S215,MDCK,in vitro,extracellular,bulk
M,627,762,1,180628B_rec_C-P1p-PCR_S215,MDCK,in vitro,extracellular,bulk
M,627,768,5,180628B_rec_C-P1p-PCR_S215,MDCK,in vitro,extracellular,bulk
M,629,759,1,180628B_rec_C-P1p-PCR_S215,MDCK,in vitro,extracellular,bulk
M,641,834,2,180628B_rec_C-P1p-PCR_S215,MDCK,in vitro,extracellular,bulk
M,643,699,1,180628B_rec_C-P1p-PCR_S215,MDCK,in vitro,extracellular,bulk
M,643,707,10,180628B_rec_C-P1p-PCR_S215,MDCK,in vitro,extracellular,bulk
M,647,711,9,180628B_rec_C-P1p-PCR_S215,MDCK,in vitro,extracellular,bulk
M,649,749,2,180628B_rec_C-P1p-PCR_S215,MDCK,in vitro,extracellular,bulk
M,650,761,1,180628B_rec_C-P1p-PCR_S215,MDCK,in vitro,extracellular,bulk
M,652,743,1,180628B_rec_C-P1p-PCR_S215,MDCK,in vitro,extracellular,bulk
M,654,922,1,180628B_rec_C-P1p-PCR_S215,MDCK,in vitro,extracellular,bulk
M,660,807,1,180628B_rec_C-P1p-PCR_S215,MDCK,in vitro,extracellular,bulk
M,667,767,1,180628B_rec_C-P1p-PCR_S215,MDCK,in vitro,extracellular,bulk
M,669,742,3,180628B_rec_C-P1p-PCR_S215,MDCK,in vitro,extracellular,bulk
M,705,765,1,180628B_rec_C-P1p-PCR_S215,MDCK,in vitro,extracellular,bulk
M,70,874,2,180628B_rec_C-P1p-PCR_S215,MDCK,in vitro,extracellular,bulk
M,719,770,1,180628B_rec_C-P1p-PCR_S215,MDCK,in vitro,extracellular,bulk
M,729,845,3,180628B_rec_C-P1p-PCR_S215,MDCK,in vitro,extracellular,bulk
M,738,824,2,180628B_rec_C-P1p-PCR_S215,MDCK,in vitro,extracellular,bulk
M,739,802,5,180628B_rec_C-P1p-PCR_S215,MDCK,in vitro,extracellular,bulk
M,750,776,25,180628B_rec_C-P1p-PCR_S215,MDCK,in vitro,extracellular,bulk
M,766,802,1,180628B_rec_C-P1p-PCR_S215,MDCK,in vitro,extracellular,bulk
M,778,841,3,180628B_rec_C-P1p-PCR_S215,MDCK,in vitro,extracellular,bulk
M,780,860,2,180628B_rec_C-P1p-PCR_S215,MDCK,in vitro,extracellular,bulk
M,783,863,2,180628B_rec_C-P1p-PCR_S215,MDCK,in vitro,extracellular,bulk
M,786,847,5,180628B_rec_C-P1p-PCR_S215,MDCK,in vitro,extracellular,bulk
M,899,934,17,180628B_rec_C-P1p-PCR_S215,MDCK,in vitro,extracellular,bulk
M,90,538,1,180628B_rec_C-P1p-PCR_S215,MDCK,in vitro,extracellular,bulk
M,912,937,1,180628B_rec_C-P1p-PCR_S215,MDCK,in vitro,extracellular,bulk
M,914,939,1,180628B_rec_C-P1p-PCR_S215,MDCK,in vitro,extracellular,bulk
M,914,950,2,180628B_rec_C-P1p-PCR_S215,MDCK,in vitro,extracellular,bulk
NS,110,180,1,180628B_rec_C-P1p-PCR_S215,MDCK,in vitro,extracellular,bulk
NS,110,709,1,180628B_rec_C-P1p-PCR_S215,MDCK,in vitro,extracellular,bulk
NS,113,437,1,180628B_rec_C-P1p-PCR_S215,MDCK,in vitro,extracellular,bulk
NS,114,183,1,180628B_rec_C-P1p-PCR_S215,MDCK,in vitro,extracellular,bulk
NS,133,668,5,180628B_rec_C-P1p-PCR_S215,MDCK,in vitro,extracellular,bulk
NS,173,524,1,180628B_rec_C-P1p-PCR_S215,MDCK,in vitro,extracellular,bulk
NS,214,643,1,180628B_rec_C-P1p-PCR_S215,MDCK,in vitro,extracellular,bulk
NS,221,433,1,180628B_rec_C-P1p-PCR_S215,MDCK,in vitro,extracellular,bulk
NS,252,487,1,180628B_rec_C-P1p-PCR_S215,MDCK,in vitro,extracellular,bulk
NS,252,544,5,180628B_rec_C-P1p-PCR_S215,MDCK,in vitro,extracellular,bulk
NS,263,339,1,180628B_rec_C-P1p-PCR_S215,MDCK,in vitro,extracellular,bulk
NS,265,308,1,180628B_rec_C-P1p-PCR_S215,MDCK,in vitro,extracellular,bulk
NS,270,451,1,180628B_rec_C-P1p-PCR_S215,MDCK,in vitro,extracellular,bulk
NS,285,667,4,180628B_rec_C-P1p-PCR_S215,MDCK,in vitro,extracellular,bulk
NS,291,670,1,180628B_rec_C-P1p-PCR_S215,MDCK,in vitro,extracellular,bulk
NS,292,534,4,180628B_rec_C-P1p-PCR_S215,MDCK,in vitro,extracellular,bulk
NS,293,599,1,180628B_rec_C-P1p-PCR_S215,MDCK,in vitro,extracellular,bulk
NS,299,705,1,180628B_rec_C-P1p-PCR_S215,MDCK,in vitro,extracellular,bulk
NS,316,545,2,180628B_rec_C-P1p-PCR_S215,MDCK,in vitro,extracellular,bulk
NS,324,551,10,180628B_rec_C-P1p-PCR_S215,MDCK,in vitro,extracellular,bulk
NS,328,363,1,180628B_rec_C-P1p-PCR_S215,MDCK,in vitro,extracellular,bulk
NS,332,451,1,180628B_rec_C-P1p-PCR_S215,MDCK,in vitro,extracellular,bulk
NS,333,540,1,180628B_rec_C-P1p-PCR_S215,MDCK,in vitro,extracellular,bulk
NS,336,510,51,180628B_rec_C-P1p-PCR_S215,MDCK,in vitro,extracellular,bulk
NS,337,413,2,180628B_rec_C-P1p-PCR_S215,MDCK,in vitro,extracellular,bulk
NS,347,519,1,180628B_rec_C-P1p-PCR_S215,MDCK,in vitro,extracellular,bulk
NS,353,431,1,180628B_rec_C-P1p-PCR_S215,MDCK,in vitro,extracellular,bulk
NS,353,644,1,180628B_rec_C-P1p-PCR_S215,MDCK,in vitro,extracellular,bulk
NS,355,407,2,180628B_rec_C-P1p-PCR_S215,MDCK,in vitro,extracellular,bulk
NS,357,421,13,180628B_rec_C-P1p-PCR_S215,MDCK,in vitro,extracellular,bulk
NS,359,433,25,180628B_rec_C-P1p-PCR_S215,MDCK,in vitro,extracellular,bulk
NS,359,649,1,180628B_rec_C-P1p-PCR_S215,MDCK,in vitro,extracellular,bulk
NS,360,451,1,180628B_rec_C-P1p-PCR_S215,MDCK,in vitro,extracellular,bulk
NS,361,695,1,180628B_rec_C-P1p-PCR_S215,MDCK,in vitro,extracellular,bulk
NS,374,421,1,180628B_rec_C-P1p-PCR_S215,MDCK,in vitro,extracellular,bulk
NS,374,472,1,180628B_rec_C-P1p-PCR_S215,MDCK,in vitro,extracellular,bulk
NS,375,535,1,180628B_rec_C-P1p-PCR_S215,MDCK,in vitro,extracellular,bulk
NS,379,431,1,180628B_rec_C-P1p-PCR_S215,MDCK,in vitro,extracellular,bulk
NS,385,452,1,180628B_rec_C-P1p-PCR_S215,MDCK,in vitro,extracellular,bulk
NS,389,516,1,180628B_rec_C-P1p-PCR_S215,MDCK,in vitro,extracellular,bulk
NS,417,539,12,180628B_rec_C-P1p-PCR_S215,MDCK,in vitro,extracellular,bulk
NS,424,504,1,180628B_rec_C-P1p-PCR_S215,MDCK,in vitro,extracellular,bulk
NS,427,461,1,180628B_rec_C-P1p-PCR_S215,MDCK,in vitro,extracellular,bulk
NS,439,476,1,180628B_rec_C-P1p-PCR_S215,MDCK,in vitro,extracellular,bulk
NS,441,496,2,180628B_rec_C-P1p-PCR_S215,MDCK,in vitro,extracellular,bulk
NS,453,507,1,180628B_rec_C-P1p-PCR_S215,MDCK,in vitro,extracellular,bulk
NS,453,639,2,180628B_rec_C-P1p-PCR_S215,MDCK,in vitro,extracellular,bulk
NS,456,481,6,180628B_rec_C-P1p-PCR_S215,MDCK,in vitro,extracellular,bulk
NS,458,535,1,180628B_rec_C-P1p-PCR_S215,MDCK,in vitro,extracellular,bulk
NS,486,544,1,180628B_rec_C-P1p-PCR_S215,MDCK,in vitro,extracellular,bulk
NS,507,540,1,180628B_rec_C-P1p-PCR_S215,MDCK,in vitro,extracellular,bulk
NS,52,428,4,180628B_rec_C-P1p-PCR_S215,MDCK,in vitro,extracellular,bulk
NS,56,431,10,180628B_rec_C-P1p-PCR_S215,MDCK,in vitro,extracellular,bulk
NS,639,691,1,180628B_rec_C-P1p-PCR_S215,MDCK,in vitro,extracellular,bulk
NS,65,188,3,180628B_rec_C-P1p-PCR_S215,MDCK,in vitro,extracellular,bulk
NS,73,374,1,180628B_rec_C-P1p-PCR_S215,MDCK,in vitro,extracellular,bulk
NS,760,794,1,180628B_rec_C-P1p-PCR_S215,MDCK,in vitro,extracellular,bulk
NS,79,432,1,180628B_rec_C-P1p-PCR_S215,MDCK,in vitro,extracellular,bulk
NS,91,135,1,180628B_rec_C-P1p-PCR_S215,MDCK,in vitro,extracellular,bulk
NS,91,432,1,180628B_rec_C-P1p-PCR_S215,MDCK,in vitro,extracellular,bulk
NS,93,499,1,180628B_rec_C-P1p-PCR_S215,MDCK,in vitro,extracellular,bulk
PB2,107,2113,3,180628B_rec_D-P1p-PCR_S216,MDCK,in vitro,extracellular,bulk
PB2,107,2146,1,180628B_rec_D-P1p-PCR_S216,MDCK,in vitro,extracellular,bulk
PB2,1095,1190,1,180628B_rec_D-P1p-PCR_S216,MDCK,in vitro,extracellular,bulk
PB2,1115,1540,1,180628B_rec_D-P1p-PCR_S216,MDCK,in vitro,extracellular,bulk
PB2,1116,2092,2,180628B_rec_D-P1p-PCR_S216,MDCK,in vitro,extracellular,bulk
PB2,1120,1246,1,180628B_rec_D-P1p-PCR_S216,MDCK,in vitro,extracellular,bulk
PB2,115,2126,22,180628B_rec_D-P1p-PCR_S216,MDCK,in vitro,extracellular,bulk
PB2,1166,1460,1,180628B_rec_D-P1p-PCR_S216,MDCK,in vitro,extracellular,bulk
PB2,1187,1950,1,180628B_rec_D-P1p-PCR_S216,MDCK,in vitro,extracellular,bulk
PB2,1190,1953,1,180628B_rec_D-P1p-PCR_S216,MDCK,in vitro,extracellular,bulk
PB2,1210,1312,1,180628B_rec_D-P1p-PCR_S216,MDCK,in vitro,extracellular,bulk
PB2,131,2173,1,180628B_rec_D-P1p-PCR_S216,MDCK,in vitro,extracellular,bulk
PB2,1382,2088,1,180628B_rec_D-P1p-PCR_S216,MDCK,in vitro,extracellular,bulk
PB2,1469,1958,1,180628B_rec_D-P1p-PCR_S216,MDCK,in vitro,extracellular,bulk
PB2,148,1643,1,180628B_rec_D-P1p-PCR_S216,MDCK,in vitro,extracellular,bulk
PB2,148,2137,2,180628B_rec_D-P1p-PCR_S216,MDCK,in vitro,extracellular,bulk
PB2,1495,1830,2,180628B_rec_D-P1p-PCR_S216,MDCK,in vitro,extracellular,bulk
PB2,151,1508,2,180628B_rec_D-P1p-PCR_S216,MDCK,in vitro,extracellular,bulk
PB2,153,1821,1,180628B_rec_D-P1p-PCR_S216,MDCK,in vitro,extracellular,bulk
PB2,1602,1651,1,180628B_rec_D-P1p-PCR_S216,MDCK,in vitro,extracellular,bulk
PB2,1609,2168,1,180628B_rec_D-P1p-PCR_S216,MDCK,in vitro,extracellular,bulk
PB2,162,2098,1,180628B_rec_D-P1p-PCR_S216,MDCK,in vitro,extracellular,bulk
PB2,1683,1809,2,180628B_rec_D-P1p-PCR_S216,MDCK,in vitro,extracellular,bulk
PB2,1699,1729,2,180628B_rec_D-P1p-PCR_S216,MDCK,in vitro,extracellular,bulk
PB2,1708,1743,1,180628B_rec_D-P1p-PCR_S216,MDCK,in vitro,extracellular,bulk
PB2,1752,1837,1,180628B_rec_D-P1p-PCR_S216,MDCK,in vitro,extracellular,bulk
PB2,1819,1967,1,180628B_rec_D-P1p-PCR_S216,MDCK,in vitro,extracellular,bulk
PB2,1836,1946,3,180628B_rec_D-P1p-PCR_S216,MDCK,in vitro,extracellular,bulk
PB2,1840,1952,1,180628B_rec_D-P1p-PCR_S216,MDCK,in vitro,extracellular,bulk
PB2,1842,1955,1,180628B_rec_D-P1p-PCR_S216,MDCK,in vitro,extracellular,bulk
PB2,1894,2096,1,180628B_rec_D-P1p-PCR_S216,MDCK,in vitro,extracellular,bulk
PB2,196,1784,1,180628B_rec_D-P1p-PCR_S216,MDCK,in vitro,extracellular,bulk
PB2,1982,2212,1,180628B_rec_D-P1p-PCR_S216,MDCK,in vitro,extracellular,bulk
PB2,202,1771,2,180628B_rec_D-P1p-PCR_S216,MDCK,in vitro,extracellular,bulk
PB2,2039,2071,1,180628B_rec_D-P1p-PCR_S216,MDCK,in vitro,extracellular,bulk
PB2,2039,2083,1,180628B_rec_D-P1p-PCR_S216,MDCK,in vitro,extracellular,bulk
PB2,2040,2108,1,180628B_rec_D-P1p-PCR_S216,MDCK,in vitro,extracellular,bulk
PB2,2045,2082,3,180628B_rec_D-P1p-PCR_S216,MDCK,in vitro,extracellular,bulk
PB2,204,2149,1,180628B_rec_D-P1p-PCR_S216,MDCK,in vitro,extracellular,bulk
PB2,2061,2131,1,180628B_rec_D-P1p-PCR_S216,MDCK,in vitro,extracellular,bulk
PB2,208,2085,2,180628B_rec_D-P1p-PCR_S216,MDCK,in vitro,extracellular,bulk
PB2,2122,2146,1,180628B_rec_D-P1p-PCR_S216,MDCK,in vitro,extracellular,bulk
PB2,2131,2158,1,180628B_rec_D-P1p-PCR_S216,MDCK,in vitro,extracellular,bulk
PB2,214,2015,2,180628B_rec_D-P1p-PCR_S216,MDCK,in vitro,extracellular,bulk
PB2,215,1955,2,180628B_rec_D-P1p-PCR_S216,MDCK,in vitro,extracellular,bulk
PB2,218,2055,1,180628B_rec_D-P1p-PCR_S216,MDCK,in vitro,extracellular,bulk
PB2,228,1687,1,180628B_rec_D-P1p-PCR_S216,MDCK,in vitro,extracellular,bulk
PB2,231,2112,1,180628B_rec_D-P1p-PCR_S216,MDCK,in vitro,extracellular,bulk
PB2,235,1819,1,180628B_rec_D-P1p-PCR_S216,MDCK,in vitro,extracellular,bulk
PB2,236,2105,1,180628B_rec_D-P1p-PCR_S216,MDCK,in vitro,extracellular,bulk
PB2,238,2125,1,180628B_rec_D-P1p-PCR_S216,MDCK,in vitro,extracellular,bulk
PB2,243,1860,1,180628B_rec_D-P1p-PCR_S216,MDCK,in vitro,extracellular,bulk
PB2,245,1862,20,180628B_rec_D-P1p-PCR_S216,MDCK,in vitro,extracellular,bulk
PB2,249,2163,1,180628B_rec_D-P1p-PCR_S216,MDCK,in vitro,extracellular,bulk
PB2,264,2085,1,180628B_rec_D-P1p-PCR_S216,MDCK,in vitro,extracellular,bulk
PB2,265,1957,1,180628B_rec_D-P1p-PCR_S216,MDCK,in vitro,extracellular,bulk
PB2,266,1999,4,180628B_rec_D-P1p-PCR_S216,MDCK,in vitro,extracellular,bulk
PB2,266,333,1,180628B_rec_D-P1p-PCR_S216,MDCK,in vitro,extracellular,bulk
PB2,275,1964,1,180628B_rec_D-P1p-PCR_S216,MDCK,in vitro,extracellular,bulk
PB2,285,1995,6,180628B_rec_D-P1p-PCR_S216,MDCK,in vitro,extracellular,bulk
PB2,286,1958,2,180628B_rec_D-P1p-PCR_S216,MDCK,in vitro,extracellular,bulk
PB2,297,1844,2,180628B_rec_D-P1p-PCR_S216,MDCK,in vitro,extracellular,bulk
PB2,299,636,1,180628B_rec_D-P1p-PCR_S216,MDCK,in vitro,extracellular,bulk
PB2,300,2230,2,180628B_rec_D-P1p-PCR_S216,MDCK,in vitro,extracellular,bulk
PB2,303,1691,1,180628B_rec_D-P1p-PCR_S216,MDCK,in vitro,extracellular,bulk
PB2,306,1932,1,180628B_rec_D-P1p-PCR_S216,MDCK,in vitro,extracellular,bulk
PB2,307,1932,1,180628B_rec_D-P1p-PCR_S216,MDCK,in vitro,extracellular,bulk
PB2,307,2113,1,180628B_rec_D-P1p-PCR_S216,MDCK,in vitro,extracellular,bulk
PB2,327,1920,3,180628B_rec_D-P1p-PCR_S216,MDCK,in vitro,extracellular,bulk
PB2,334,1921,1,180628B_rec_D-P1p-PCR_S216,MDCK,in vitro,extracellular,bulk
PB2,336,1755,3,180628B_rec_D-P1p-PCR_S216,MDCK,in vitro,extracellular,bulk
PB2,340,2039,2,180628B_rec_D-P1p-PCR_S216,MDCK,in vitro,extracellular,bulk
PB2,342,1638,1,180628B_rec_D-P1p-PCR_S216,MDCK,in vitro,extracellular,bulk
PB2,343,1587,3,180628B_rec_D-P1p-PCR_S216,MDCK,in vitro,extracellular,bulk
PB2,345,2037,1,180628B_rec_D-P1p-PCR_S216,MDCK,in vitro,extracellular,bulk
PB2,353,1992,1,180628B_rec_D-P1p-PCR_S216,MDCK,in vitro,extracellular,bulk
PB2,397,1883,1,180628B_rec_D-P1p-PCR_S216,MDCK,in vitro,extracellular,bulk
PB2,405,1741,1,180628B_rec_D-P1p-PCR_S216,MDCK,in vitro,extracellular,bulk
PB2,406,1803,1,180628B_rec_D-P1p-PCR_S216,MDCK,in vitro,extracellular,bulk
PB2,407,2015,30,180628B_rec_D-P1p-PCR_S216,MDCK,in vitro,extracellular,bulk
PB2,419,2082,1,180628B_rec_D-P1p-PCR_S216,MDCK,in vitro,extracellular,bulk
PB2,420,1837,1,180628B_rec_D-P1p-PCR_S216,MDCK,in vitro,extracellular,bulk
PB2,426,1996,36,180628B_rec_D-P1p-PCR_S216,MDCK,in vitro,extracellular,bulk
PB2,429,1858,8,180628B_rec_D-P1p-PCR_S216,MDCK,in vitro,extracellular,bulk
PB2,436,1874,7,180628B_rec_D-P1p-PCR_S216,MDCK,in vitro,extracellular,bulk
PB2,443,1776,1,180628B_rec_D-P1p-PCR_S216,MDCK,in vitro,extracellular,bulk
PB2,450,1765,1,180628B_rec_D-P1p-PCR_S216,MDCK,in vitro,extracellular,bulk
PB2,454,1781,1,180628B_rec_D-P1p-PCR_S216,MDCK,in vitro,extracellular,bulk
PB2,457,1956,1,180628B_rec_D-P1p-PCR_S216,MDCK,in vitro,extracellular,bulk
PB2,464,2088,2,180628B_rec_D-P1p-PCR_S216,MDCK,in vitro,extracellular,bulk
PB2,484,2096,2,180628B_rec_D-P1p-PCR_S216,MDCK,in vitro,extracellular,bulk
PB2,493,1663,1,180628B_rec_D-P1p-PCR_S216,MDCK,in vitro,extracellular,bulk
PB2,498,1966,1,180628B_rec_D-P1p-PCR_S216,MDCK,in vitro,extracellular,bulk
PB2,501,2089,1,180628B_rec_D-P1p-PCR_S216,MDCK,in vitro,extracellular,bulk
PB2,507,2078,1,180628B_rec_D-P1p-PCR_S216,MDCK,in vitro,extracellular,bulk
PB2,512,1729,2,180628B_rec_D-P1p-PCR_S216,MDCK,in vitro,extracellular,bulk
PB2,512,1827,1,180628B_rec_D-P1p-PCR_S216,MDCK,in vitro,extracellular,bulk
PB2,512,1845,1,180628B_rec_D-P1p-PCR_S216,MDCK,in vitro,extracellular,bulk
PB2,526,1666,1,180628B_rec_D-P1p-PCR_S216,MDCK,in vitro,extracellular,bulk
PB2,543,1586,1,180628B_rec_D-P1p-PCR_S216,MDCK,in vitro,extracellular,bulk
PB2,595,2130,2,180628B_rec_D-P1p-PCR_S216,MDCK,in vitro,extracellular,bulk
PB2,602,2130,2,180628B_rec_D-P1p-PCR_S216,MDCK,in vitro,extracellular,bulk
PB2,612,1651,2,180628B_rec_D-P1p-PCR_S216,MDCK,in vitro,extracellular,bulk
PB2,626,1989,8,180628B_rec_D-P1p-PCR_S216,MDCK,in vitro,extracellular,bulk
PB2,628,1932,29,180628B_rec_D-P1p-PCR_S216,MDCK,in vitro,extracellular,bulk
PB2,628,2113,1,180628B_rec_D-P1p-PCR_S216,MDCK,in vitro,extracellular,bulk
PB2,639,1982,1,180628B_rec_D-P1p-PCR_S216,MDCK,in vitro,extracellular,bulk
PB2,652,2137,1,180628B_rec_D-P1p-PCR_S216,MDCK,in vitro,extracellular,bulk
PB2,653,1952,2,180628B_rec_D-P1p-PCR_S216,MDCK,in vitro,extracellular,bulk
PB2,654,2189,1,180628B_rec_D-P1p-PCR_S216,MDCK,in vitro,extracellular,bulk
PB2,659,1822,1,180628B_rec_D-P1p-PCR_S216,MDCK,in vitro,extracellular,bulk
PB2,659,1939,1,180628B_rec_D-P1p-PCR_S216,MDCK,in vitro,extracellular,bulk
PB2,660,2167,3,180628B_rec_D-P1p-PCR_S216,MDCK,in vitro,extracellular,bulk
PB2,664,2049,1,180628B_rec_D-P1p-PCR_S216,MDCK,in vitro,extracellular,bulk
PB2,667,2095,1,180628B_rec_D-P1p-PCR_S216,MDCK,in vitro,extracellular,bulk
PB2,676,2138,3,180628B_rec_D-P1p-PCR_S216,MDCK,in vitro,extracellular,bulk
PB2,680,1889,1,180628B_rec_D-P1p-PCR_S216,MDCK,in vitro,extracellular,bulk
PB2,681,1932,4,180628B_rec_D-P1p-PCR_S216,MDCK,in vitro,extracellular,bulk
PB2,681,2113,29,180628B_rec_D-P1p-PCR_S216,MDCK,in vitro,extracellular,bulk
PB2,685,2066,1,180628B_rec_D-P1p-PCR_S216,MDCK,in vitro,extracellular,bulk
PB2,688,1809,4,180628B_rec_D-P1p-PCR_S216,MDCK,in vitro,extracellular,bulk
PB2,690,1939,2,180628B_rec_D-P1p-PCR_S216,MDCK,in vitro,extracellular,bulk
PB2,730,1860,3,180628B_rec_D-P1p-PCR_S216,MDCK,in vitro,extracellular,bulk
PB2,746,1741,1,180628B_rec_D-P1p-PCR_S216,MDCK,in vitro,extracellular,bulk
PB2,747,2082,22,180628B_rec_D-P1p-PCR_S216,MDCK,in vitro,extracellular,bulk
PB2,748,2121,1,180628B_rec_D-P1p-PCR_S216,MDCK,in vitro,extracellular,bulk
PB2,749,1842,1,180628B_rec_D-P1p-PCR_S216,MDCK,in vitro,extracellular,bulk
PB2,749,1853,1,180628B_rec_D-P1p-PCR_S216,MDCK,in vitro,extracellular,bulk
PB2,752,1833,1,180628B_rec_D-P1p-PCR_S216,MDCK,in vitro,extracellular,bulk
PB2,754,1602,4,180628B_rec_D-P1p-PCR_S216,MDCK,in vitro,extracellular,bulk
PB2,767,1772,1,180628B_rec_D-P1p-PCR_S216,MDCK,in vitro,extracellular,bulk
PB2,769,2136,1,180628B_rec_D-P1p-PCR_S216,MDCK,in vitro,extracellular,bulk
PB2,824,1521,1,180628B_rec_D-P1p-PCR_S216,MDCK,in vitro,extracellular,bulk
PB2,86,1864,1,180628B_rec_D-P1p-PCR_S216,MDCK,in vitro,extracellular,bulk
PB2,874,936,1,180628B_rec_D-P1p-PCR_S216,MDCK,in vitro,extracellular,bulk
PB2,87,1823,1,180628B_rec_D-P1p-PCR_S216,MDCK,in vitro,extracellular,bulk
PB2,900,1009,1,180628B_rec_D-P1p-PCR_S216,MDCK,in vitro,extracellular,bulk
PB2,902,1920,1,180628B_rec_D-P1p-PCR_S216,MDCK,in vitro,extracellular,bulk
PB2,90,2026,2,180628B_rec_D-P1p-PCR_S216,MDCK,in vitro,extracellular,bulk
PB2,939,2203,2,180628B_rec_D-P1p-PCR_S216,MDCK,in vitro,extracellular,bulk
PB2,941,2130,3,180628B_rec_D-P1p-PCR_S216,MDCK,in vitro,extracellular,bulk
PB2,946,2213,1,180628B_rec_D-P1p-PCR_S216,MDCK,in vitro,extracellular,bulk
PB2,949,2093,1,180628B_rec_D-P1p-PCR_S216,MDCK,in vitro,extracellular,bulk
PB2,956,1920,1,180628B_rec_D-P1p-PCR_S216,MDCK,in vitro,extracellular,bulk
PB2,990,1869,3,180628B_rec_D-P1p-PCR_S216,MDCK,in vitro,extracellular,bulk
PB1,103,2173,1,180628B_rec_D-P1p-PCR_S216,MDCK,in vitro,extracellular,bulk
PB1,1069,1435,1,180628B_rec_D-P1p-PCR_S216,MDCK,in vitro,extracellular,bulk
PB1,1103,2029,1,180628B_rec_D-P1p-PCR_S216,MDCK,in vitro,extracellular,bulk
PB1,1112,1140,1,180628B_rec_D-P1p-PCR_S216,MDCK,in vitro,extracellular,bulk
PB1,122,1974,1,180628B_rec_D-P1p-PCR_S216,MDCK,in vitro,extracellular,bulk
PB1,136,1989,141,180628B_rec_D-P1p-PCR_S216,MDCK,in vitro,extracellular,bulk
PB1,140,2148,1,180628B_rec_D-P1p-PCR_S216,MDCK,in vitro,extracellular,bulk
PB1,141,2149,6,180628B_rec_D-P1p-PCR_S216,MDCK,in vitro,extracellular,bulk
PB1,1426,1470,1,180628B_rec_D-P1p-PCR_S216,MDCK,in vitro,extracellular,bulk
PB1,147,2120,1,180628B_rec_D-P1p-PCR_S216,MDCK,in vitro,extracellular,bulk
PB1,148,2110,2,180628B_rec_D-P1p-PCR_S216,MDCK,in vitro,extracellular,bulk
PB1,1505,1528,1,180628B_rec_D-P1p-PCR_S216,MDCK,in vitro,extracellular,bulk
PB1,162,1308,1,180628B_rec_D-P1p-PCR_S216,MDCK,in vitro,extracellular,bulk
PB1,162,2158,4,180628B_rec_D-P1p-PCR_S216,MDCK,in vitro,extracellular,bulk
PB1,163,2047,1,180628B_rec_D-P1p-PCR_S216,MDCK,in vitro,extracellular,bulk
PB1,165,2017,17,180628B_rec_D-P1p-PCR_S216,MDCK,in vitro,extracellular,bulk
PB1,169,1944,1,180628B_rec_D-P1p-PCR_S216,MDCK,in vitro,extracellular,bulk
PB1,174,1656,2,180628B_rec_D-P1p-PCR_S216,MDCK,in vitro,extracellular,bulk
PB1,1775,1813,3,180628B_rec_D-P1p-PCR_S216,MDCK,in vitro,extracellular,bulk
PB1,1802,1971,1,180628B_rec_D-P1p-PCR_S216,MDCK,in vitro,extracellular,bulk
PB1,1846,2022,1,180628B_rec_D-P1p-PCR_S216,MDCK,in vitro,extracellular,bulk
PB1,188,2081,3,180628B_rec_D-P1p-PCR_S216,MDCK,in vitro,extracellular,bulk
PB1,1934,1989,1,180628B_rec_D-P1p-PCR_S216,MDCK,in vitro,extracellular,bulk
PB1,201,2126,1,180628B_rec_D-P1p-PCR_S216,MDCK,in vitro,extracellular,bulk
PB1,210,1934,4,180628B_rec_D-P1p-PCR_S216,MDCK,in vitro,extracellular,bulk
PB1,211,2090,1,180628B_rec_D-P1p-PCR_S216,MDCK,in vitro,extracellular,bulk
PB1,213,1995,1,180628B_rec_D-P1p-PCR_S216,MDCK,in vitro,extracellular,bulk
PB1,227,2076,3,180628B_rec_D-P1p-PCR_S216,MDCK,in vitro,extracellular,bulk
PB1,234,1895,1,180628B_rec_D-P1p-PCR_S216,MDCK,in vitro,extracellular,bulk
PB1,253,1934,2,180628B_rec_D-P1p-PCR_S216,MDCK,in vitro,extracellular,bulk
PB1,259,2084,1,180628B_rec_D-P1p-PCR_S216,MDCK,in vitro,extracellular,bulk
PB1,261,1942,3,180628B_rec_D-P1p-PCR_S216,MDCK,in vitro,extracellular,bulk
PB1,261,2149,1,180628B_rec_D-P1p-PCR_S216,MDCK,in vitro,extracellular,bulk
PB1,265,1945,2,180628B_rec_D-P1p-PCR_S216,MDCK,in vitro,extracellular,bulk
PB1,269,2105,8,180628B_rec_D-P1p-PCR_S216,MDCK,in vitro,extracellular,bulk
PB1,277,1815,1,180628B_rec_D-P1p-PCR_S216,MDCK,in vitro,extracellular,bulk
PB1,277,2032,1,180628B_rec_D-P1p-PCR_S216,MDCK,in vitro,extracellular,bulk
PB1,311,2051,1,180628B_rec_D-P1p-PCR_S216,MDCK,in vitro,extracellular,bulk
PB1,316,2070,2,180628B_rec_D-P1p-PCR_S216,MDCK,in vitro,extracellular,bulk
PB1,317,2039,1,180628B_rec_D-P1p-PCR_S216,MDCK,in vitro,extracellular,bulk
PB1,318,1895,1,180628B_rec_D-P1p-PCR_S216,MDCK,in vitro,extracellular,bulk
PB1,319,2028,1,180628B_rec_D-P1p-PCR_S216,MDCK,in vitro,extracellular,bulk
PB1,320,2129,1,180628B_rec_D-P1p-PCR_S216,MDCK,in vitro,extracellular,bulk
PB1,332,2074,1,180628B_rec_D-P1p-PCR_S216,MDCK,in vitro,extracellular,bulk
PB1,338,1984,2,180628B_rec_D-P1p-PCR_S216,MDCK,in vitro,extracellular,bulk
PB1,340,410,1,180628B_rec_D-P1p-PCR_S216,MDCK,in vitro,extracellular,bulk
PB1,343,1900,1,180628B_rec_D-P1p-PCR_S216,MDCK,in vitro,extracellular,bulk
PB1,351,2052,1,180628B_rec_D-P1p-PCR_S216,MDCK,in vitro,extracellular,bulk
PB1,351,2077,6,180628B_rec_D-P1p-PCR_S216,MDCK,in vitro,extracellular,bulk
PB1,352,1861,1,180628B_rec_D-P1p-PCR_S216,MDCK,in vitro,extracellular,bulk
PB1,369,1869,1,180628B_rec_D-P1p-PCR_S216,MDCK,in vitro,extracellular,bulk
PB1,373,1930,1,180628B_rec_D-P1p-PCR_S216,MDCK,in vitro,extracellular,bulk
PB1,390,2103,4,180628B_rec_D-P1p-PCR_S216,MDCK,in vitro,extracellular,bulk
PB1,404,1911,2,180628B_rec_D-P1p-PCR_S216,MDCK,in vitro,extracellular,bulk
PB1,418,2024,1,180628B_rec_D-P1p-PCR_S216,MDCK,in vitro,extracellular,bulk
PB1,419,1937,1,180628B_rec_D-P1p-PCR_S216,MDCK,in vitro,extracellular,bulk
PB1,423,1895,2,180628B_rec_D-P1p-PCR_S216,MDCK,in vitro,extracellular,bulk
PB1,431,1819,1,180628B_rec_D-P1p-PCR_S216,MDCK,in vitro,extracellular,bulk
PB1,434,1926,1,180628B_rec_D-P1p-PCR_S216,MDCK,in vitro,extracellular,bulk
PB1,435,2163,1,180628B_rec_D-P1p-PCR_S216,MDCK,in vitro,extracellular,bulk
PB1,437,1981,8,180628B_rec_D-P1p-PCR_S216,MDCK,in vitro,extracellular,bulk
PB1,446,2107,3,180628B_rec_D-P1p-PCR_S216,MDCK,in vitro,extracellular,bulk
PB1,477,1938,4,180628B_rec_D-P1p-PCR_S216,MDCK,in vitro,extracellular,bulk
PB1,478,1781,2,180628B_rec_D-P1p-PCR_S216,MDCK,in vitro,extracellular,bulk
PB1,507,2024,1,180628B_rec_D-P1p-PCR_S216,MDCK,in vitro,extracellular,bulk
PB1,524,1769,210,180628B_rec_D-P1p-PCR_S216,MDCK,in vitro,extracellular,bulk
PB1,526,1701,2,180628B_rec_D-P1p-PCR_S216,MDCK,in vitro,extracellular,bulk
PB1,526,1729,1,180628B_rec_D-P1p-PCR_S216,MDCK,in vitro,extracellular,bulk
PB1,527,1772,1,180628B_rec_D-P1p-PCR_S216,MDCK,in vitro,extracellular,bulk
PB1,539,1875,1,180628B_rec_D-P1p-PCR_S216,MDCK,in vitro,extracellular,bulk
PB1,545,1700,2,180628B_rec_D-P1p-PCR_S216,MDCK,in vitro,extracellular,bulk
PB1,552,2087,1,180628B_rec_D-P1p-PCR_S216,MDCK,in vitro,extracellular,bulk
PB1,554,2146,1,180628B_rec_D-P1p-PCR_S216,MDCK,in vitro,extracellular,bulk
PB1,562,1864,12,180628B_rec_D-P1p-PCR_S216,MDCK,in vitro,extracellular,bulk
PB1,563,1875,1,180628B_rec_D-P1p-PCR_S216,MDCK,in vitro,extracellular,bulk
PB1,56,2087,4,180628B_rec_D-P1p-PCR_S216,MDCK,in vitro,extracellular,bulk
PB1,638,1951,1,180628B_rec_D-P1p-PCR_S216,MDCK,in vitro,extracellular,bulk
PB1,657,1120,1,180628B_rec_D-P1p-PCR_S216,MDCK,in vitro,extracellular,bulk
PB1,662,1939,1,180628B_rec_D-P1p-PCR_S216,MDCK,in vitro,extracellular,bulk
PB1,663,1940,1,180628B_rec_D-P1p-PCR_S216,MDCK,in vitro,extracellular,bulk
PB1,713,2065,1,180628B_rec_D-P1p-PCR_S216,MDCK,in vitro,extracellular,bulk
PB1,718,2003,1,180628B_rec_D-P1p-PCR_S216,MDCK,in vitro,extracellular,bulk
PB1,740,1808,2,180628B_rec_D-P1p-PCR_S216,MDCK,in vitro,extracellular,bulk
PB1,779,869,1,180628B_rec_D-P1p-PCR_S216,MDCK,in vitro,extracellular,bulk
PB1,794,822,24,180628B_rec_D-P1p-PCR_S216,MDCK,in vitro,extracellular,bulk
PB1,859,2146,1,180628B_rec_D-P1p-PCR_S216,MDCK,in vitro,extracellular,bulk
PB1,860,942,1,180628B_rec_D-P1p-PCR_S216,MDCK,in vitro,extracellular,bulk
PB1,880,2006,1,180628B_rec_D-P1p-PCR_S216,MDCK,in vitro,extracellular,bulk
PB1,893,1363,1,180628B_rec_D-P1p-PCR_S216,MDCK,in vitro,extracellular,bulk
PB1,986,1896,1,180628B_rec_D-P1p-PCR_S216,MDCK,in vitro,extracellular,bulk
PB1,989,1022,2,180628B_rec_D-P1p-PCR_S216,MDCK,in vitro,extracellular,bulk
PA,120,2027,1,180628B_rec_D-P1p-PCR_S216,MDCK,in vitro,extracellular,bulk
PA,1254,1350,1,180628B_rec_D-P1p-PCR_S216,MDCK,in vitro,extracellular,bulk
PA,127,1800,1,180628B_rec_D-P1p-PCR_S216,MDCK,in vitro,extracellular,bulk
PA,1306,1351,1,180628B_rec_D-P1p-PCR_S216,MDCK,in vitro,extracellular,bulk
PA,134,1996,1,180628B_rec_D-P1p-PCR_S216,MDCK,in vitro,extracellular,bulk
PA,1371,1419,1,180628B_rec_D-P1p-PCR_S216,MDCK,in vitro,extracellular,bulk
PA,137,1455,1,180628B_rec_D-P1p-PCR_S216,MDCK,in vitro,extracellular,bulk
PA,138,2010,1,180628B_rec_D-P1p-PCR_S216,MDCK,in vitro,extracellular,bulk
PA,139,169,3,180628B_rec_D-P1p-PCR_S216,MDCK,in vitro,extracellular,bulk
PA,1406,1752,1,180628B_rec_D-P1p-PCR_S216,MDCK,in vitro,extracellular,bulk
PA,1577,1605,1,180628B_rec_D-P1p-PCR_S216,MDCK,in vitro,extracellular,bulk
PA,1586,1715,1,180628B_rec_D-P1p-PCR_S216,MDCK,in vitro,extracellular,bulk
PA,1600,1622,1,180628B_rec_D-P1p-PCR_S216,MDCK,in vitro,extracellular,bulk
PA,1604,1646,1,180628B_rec_D-P1p-PCR_S216,MDCK,in vitro,extracellular,bulk
PA,160,2019,1,180628B_rec_D-P1p-PCR_S216,MDCK,in vitro,extracellular,bulk
PA,1613,1712,1,180628B_rec_D-P1p-PCR_S216,MDCK,in vitro,extracellular,bulk
PA,161,2005,1,180628B_rec_D-P1p-PCR_S216,MDCK,in vitro,extracellular,bulk
PA,1626,1685,1,180628B_rec_D-P1p-PCR_S216,MDCK,in vitro,extracellular,bulk
PA,164,2028,201,180628B_rec_D-P1p-PCR_S216,MDCK,in vitro,extracellular,bulk
PA,1654,1714,2,180628B_rec_D-P1p-PCR_S216,MDCK,in vitro,extracellular,bulk
PA,1712,1860,1,180628B_rec_D-P1p-PCR_S216,MDCK,in vitro,extracellular,bulk
PA,1730,1756,2,180628B_rec_D-P1p-PCR_S216,MDCK,in vitro,extracellular,bulk
PA,1735,2052,1,180628B_rec_D-P1p-PCR_S216,MDCK,in vitro,extracellular,bulk
PA,1769,1806,1,180628B_rec_D-P1p-PCR_S216,MDCK,in vitro,extracellular,bulk
PA,180,1939,1,180628B_rec_D-P1p-PCR_S216,MDCK,in vitro,extracellular,bulk
PA,184,319,1,180628B_rec_D-P1p-PCR_S216,MDCK,in vitro,extracellular,bulk
PA,1873,2035,1,180628B_rec_D-P1p-PCR_S216,MDCK,in vitro,extracellular,bulk
PA,1882,1950,2,180628B_rec_D-P1p-PCR_S216,MDCK,in vitro,extracellular,bulk
PA,188,264,2,180628B_rec_D-P1p-PCR_S216,MDCK,in vitro,extracellular,bulk
PA,1895,1956,1,180628B_rec_D-P1p-PCR_S216,MDCK,in vitro,extracellular,bulk
PA,1978,2168,2,180628B_rec_D-P1p-PCR_S216,MDCK,in vitro,extracellular,bulk
PA,2005,2075,4,180628B_rec_D-P1p-PCR_S216,MDCK,in vitro,extracellular,bulk
PA,2017,2118,1,180628B_rec_D-P1p-PCR_S216,MDCK,in vitro,extracellular,bulk
PA,2025,2086,1,180628B_rec_D-P1p-PCR_S216,MDCK,in vitro,extracellular,bulk
PA,2025,2141,3,180628B_rec_D-P1p-PCR_S216,MDCK,in vitro,extracellular,bulk
PA,2033,2147,1,180628B_rec_D-P1p-PCR_S216,MDCK,in vitro,extracellular,bulk
PA,2035,2076,1,180628B_rec_D-P1p-PCR_S216,MDCK,in vitro,extracellular,bulk
PA,2053,2122,12,180628B_rec_D-P1p-PCR_S216,MDCK,in vitro,extracellular,bulk
PA,212,1857,1,180628B_rec_D-P1p-PCR_S216,MDCK,in vitro,extracellular,bulk
PA,213,259,1,180628B_rec_D-P1p-PCR_S216,MDCK,in vitro,extracellular,bulk
PA,216,1849,1,180628B_rec_D-P1p-PCR_S216,MDCK,in vitro,extracellular,bulk
PA,228,1945,1,180628B_rec_D-P1p-PCR_S216,MDCK,in vitro,extracellular,bulk
PA,233,2074,8,180628B_rec_D-P1p-PCR_S216,MDCK,in vitro,extracellular,bulk
PA,241,2070,1,180628B_rec_D-P1p-PCR_S216,MDCK,in vitro,extracellular,bulk
PA,243,632,1,180628B_rec_D-P1p-PCR_S216,MDCK,in vitro,extracellular,bulk
PA,245,2092,1,180628B_rec_D-P1p-PCR_S216,MDCK,in vitro,extracellular,bulk
PA,253,1873,3,180628B_rec_D-P1p-PCR_S216,MDCK,in vitro,extracellular,bulk
PA,253,352,1,180628B_rec_D-P1p-PCR_S216,MDCK,in vitro,extracellular,bulk
PA,254,2097,1,180628B_rec_D-P1p-PCR_S216,MDCK,in vitro,extracellular,bulk
PA,256,1865,1,180628B_rec_D-P1p-PCR_S216,MDCK,in vitro,extracellular,bulk
PA,256,1876,312,180628B_rec_D-P1p-PCR_S216,MDCK,in vitro,extracellular,bulk
PA,261,1766,12,180628B_rec_D-P1p-PCR_S216,MDCK,in vitro,extracellular,bulk
PA,270,1868,3,180628B_rec_D-P1p-PCR_S216,MDCK,in vitro,extracellular,bulk
PA,274,538,1,180628B_rec_D-P1p-PCR_S216,MDCK,in vitro,extracellular,bulk
PA,281,1767,12,180628B_rec_D-P1p-PCR_S216,MDCK,in vitro,extracellular,bulk
PA,289,2055,1,180628B_rec_D-P1p-PCR_S216,MDCK,in vitro,extracellular,bulk
PA,290,2056,1,180628B_rec_D-P1p-PCR_S216,MDCK,in vitro,extracellular,bulk
PA,290,2057,1,180628B_rec_D-P1p-PCR_S216,MDCK,in vitro,extracellular,bulk
PA,291,2048,1,180628B_rec_D-P1p-PCR_S216,MDCK,in vitro,extracellular,bulk
PA,301,1797,1,180628B_rec_D-P1p-PCR_S216,MDCK,in vitro,extracellular,bulk
PA,322,2078,1,180628B_rec_D-P1p-PCR_S216,MDCK,in vitro,extracellular,bulk
PA,327,1822,1,180628B_rec_D-P1p-PCR_S216,MDCK,in vitro,extracellular,bulk
PA,342,1675,1,180628B_rec_D-P1p-PCR_S216,MDCK,in vitro,extracellular,bulk
PA,361,1766,1,180628B_rec_D-P1p-PCR_S216,MDCK,in vitro,extracellular,bulk
PA,361,1805,1,180628B_rec_D-P1p-PCR_S216,MDCK,in vitro,extracellular,bulk
PA,363,1657,1,180628B_rec_D-P1p-PCR_S216,MDCK,in vitro,extracellular,bulk
PA,365,1832,309,180628B_rec_D-P1p-PCR_S216,MDCK,in vitro,extracellular,bulk
PA,366,1833,2,180628B_rec_D-P1p-PCR_S216,MDCK,in vitro,extracellular,bulk
PA,369,1812,1,180628B_rec_D-P1p-PCR_S216,MDCK,in vitro,extracellular,bulk
PA,371,2018,1,180628B_rec_D-P1p-PCR_S216,MDCK,in vitro,extracellular,bulk
PA,381,1857,1,180628B_rec_D-P1p-PCR_S216,MDCK,in vitro,extracellular,bulk
PA,385,1790,1,180628B_rec_D-P1p-PCR_S216,MDCK,in vitro,extracellular,bulk
PA,388,1817,1,180628B_rec_D-P1p-PCR_S216,MDCK,in vitro,extracellular,bulk
PA,391,1741,1,180628B_rec_D-P1p-PCR_S216,MDCK,in vitro,extracellular,bulk
PA,391,424,1,180628B_rec_D-P1p-PCR_S216,MDCK,in vitro,extracellular,bulk
PA,398,484,1,180628B_rec_D-P1p-PCR_S216,MDCK,in vitro,extracellular,bulk
PA,404,1643,1,180628B_rec_D-P1p-PCR_S216,MDCK,in vitro,extracellular,bulk
PA,407,464,1,180628B_rec_D-P1p-PCR_S216,MDCK,in vitro,extracellular,bulk
PA,413,1745,10,180628B_rec_D-P1p-PCR_S216,MDCK,in vitro,extracellular,bulk
PA,415,1887,1,180628B_rec_D-P1p-PCR_S216,MDCK,in vitro,extracellular,bulk
PA,416,1738,1,180628B_rec_D-P1p-PCR_S216,MDCK,in vitro,extracellular,bulk
PA,419,1812,1,180628B_rec_D-P1p-PCR_S216,MDCK,in vitro,extracellular,bulk
PA,423,2056,1,180628B_rec_D-P1p-PCR_S216,MDCK,in vitro,extracellular,bulk
PA,430,1692,1,180628B_rec_D-P1p-PCR_S216,MDCK,in vitro,extracellular,bulk
PA,433,1709,1,180628B_rec_D-P1p-PCR_S216,MDCK,in vitro,extracellular,bulk
PA,434,1616,19,180628B_rec_D-P1p-PCR_S216,MDCK,in vitro,extracellular,bulk
PA,439,464,1,180628B_rec_D-P1p-PCR_S216,MDCK,in vitro,extracellular,bulk
PA,441,1747,1,180628B_rec_D-P1p-PCR_S216,MDCK,in vitro,extracellular,bulk
PA,445,1833,1,180628B_rec_D-P1p-PCR_S216,MDCK,in vitro,extracellular,bulk
PA,445,479,1,180628B_rec_D-P1p-PCR_S216,MDCK,in vitro,extracellular,bulk
PA,451,1630,1,180628B_rec_D-P1p-PCR_S216,MDCK,in vitro,extracellular,bulk
PA,459,1698,4,180628B_rec_D-P1p-PCR_S216,MDCK,in vitro,extracellular,bulk
PA,462,1941,1,180628B_rec_D-P1p-PCR_S216,MDCK,in vitro,extracellular,bulk
PA,475,2002,1,180628B_rec_D-P1p-PCR_S216,MDCK,in vitro,extracellular,bulk
PA,476,1365,1,180628B_rec_D-P1p-PCR_S216,MDCK,in vitro,extracellular,bulk
PA,476,555,1,180628B_rec_D-P1p-PCR_S216,MDCK,in vitro,extracellular,bulk
PA,480,1658,1,180628B_rec_D-P1p-PCR_S216,MDCK,in vitro,extracellular,bulk
PA,481,1758,1,180628B_rec_D-P1p-PCR_S216,MDCK,in vitro,extracellular,bulk
PA,489,1768,1,180628B_rec_D-P1p-PCR_S216,MDCK,in vitro,extracellular,bulk
PA,490,1377,2,180628B_rec_D-P1p-PCR_S216,MDCK,in vitro,extracellular,bulk
PA,492,2117,2,180628B_rec_D-P1p-PCR_S216,MDCK,in vitro,extracellular,bulk
PA,493,1380,312,180628B_rec_D-P1p-PCR_S216,MDCK,in vitro,extracellular,bulk
PA,494,1381,3,180628B_rec_D-P1p-PCR_S216,MDCK,in vitro,extracellular,bulk
PA,499,2044,1,180628B_rec_D-P1p-PCR_S216,MDCK,in vitro,extracellular,bulk
PA,511,1691,1,180628B_rec_D-P1p-PCR_S216,MDCK,in vitro,extracellular,bulk
PA,512,1731,1,180628B_rec_D-P1p-PCR_S216,MDCK,in vitro,extracellular,bulk
PA,517,1708,1,180628B_rec_D-P1p-PCR_S216,MDCK,in vitro,extracellular,bulk
PA,517,1709,6,180628B_rec_D-P1p-PCR_S216,MDCK,in vitro,extracellular,bulk
PA,518,1710,5689,180628B_rec_D-P1p-PCR_S216,MDCK,in vitro,extracellular,bulk
PA,519,1711,11,180628B_rec_D-P1p-PCR_S216,MDCK,in vitro,extracellular,bulk
PA,519,1797,1,180628B_rec_D-P1p-PCR_S216,MDCK,in vitro,extracellular,bulk
PA,520,1654,1,180628B_rec_D-P1p-PCR_S216,MDCK,in vitro,extracellular,bulk
PA,520,2090,2,180628B_rec_D-P1p-PCR_S216,MDCK,in vitro,extracellular,bulk
PA,525,1728,1,180628B_rec_D-P1p-PCR_S216,MDCK,in vitro,extracellular,bulk
PA,528,2036,2,180628B_rec_D-P1p-PCR_S216,MDCK,in vitro,extracellular,bulk
PA,531,2038,2,180628B_rec_D-P1p-PCR_S216,MDCK,in vitro,extracellular,bulk
PA,532,2083,2,180628B_rec_D-P1p-PCR_S216,MDCK,in vitro,extracellular,bulk
PA,535,1663,1,180628B_rec_D-P1p-PCR_S216,MDCK,in vitro,extracellular,bulk
PA,536,1539,1,180628B_rec_D-P1p-PCR_S216,MDCK,in vitro,extracellular,bulk
PA,53,208,1,180628B_rec_D-P1p-PCR_S216,MDCK,in vitro,extracellular,bulk
PA,542,1684,1,180628B_rec_D-P1p-PCR_S216,MDCK,in vitro,extracellular,bulk
PA,546,2061,1,180628B_rec_D-P1p-PCR_S216,MDCK,in vitro,extracellular,bulk
PA,547,1690,1,180628B_rec_D-P1p-PCR_S216,MDCK,in vitro,extracellular,bulk
PA,553,1535,5,180628B_rec_D-P1p-PCR_S216,MDCK,in vitro,extracellular,bulk
PA,556,1539,3,180628B_rec_D-P1p-PCR_S216,MDCK,in vitro,extracellular,bulk
PA,559,1542,1357,180628B_rec_D-P1p-PCR_S216,MDCK,in vitro,extracellular,bulk
PA,559,1632,2,180628B_rec_D-P1p-PCR_S216,MDCK,in vitro,extracellular,bulk
PA,560,1543,8,180628B_rec_D-P1p-PCR_S216,MDCK,in vitro,extracellular,bulk
PA,563,1633,13,180628B_rec_D-P1p-PCR_S216,MDCK,in vitro,extracellular,bulk
PA,564,741,1,180628B_rec_D-P1p-PCR_S216,MDCK,in vitro,extracellular,bulk
PA,571,1636,2,180628B_rec_D-P1p-PCR_S216,MDCK,in vitro,extracellular,bulk
PA,571,1756,1,180628B_rec_D-P1p-PCR_S216,MDCK,in vitro,extracellular,bulk
PA,572,1950,1,180628B_rec_D-P1p-PCR_S216,MDCK,in vitro,extracellular,bulk
PA,581,1373,1,180628B_rec_D-P1p-PCR_S216,MDCK,in vitro,extracellular,bulk
PA,581,1714,2,180628B_rec_D-P1p-PCR_S216,MDCK,in vitro,extracellular,bulk
PA,587,1829,6,180628B_rec_D-P1p-PCR_S216,MDCK,in vitro,extracellular,bulk
PA,594,1587,1,180628B_rec_D-P1p-PCR_S216,MDCK,in vitro,extracellular,bulk
PA,598,1671,3,180628B_rec_D-P1p-PCR_S216,MDCK,in vitro,extracellular,bulk
PA,605,1788,1,180628B_rec_D-P1p-PCR_S216,MDCK,in vitro,extracellular,bulk
PA,616,1773,1,180628B_rec_D-P1p-PCR_S216,MDCK,in vitro,extracellular,bulk
PA,618,1514,1,180628B_rec_D-P1p-PCR_S216,MDCK,in vitro,extracellular,bulk
PA,625,1500,1,180628B_rec_D-P1p-PCR_S216,MDCK,in vitro,extracellular,bulk
PA,629,2097,1,180628B_rec_D-P1p-PCR_S216,MDCK,in vitro,extracellular,bulk
PA,636,1618,1,180628B_rec_D-P1p-PCR_S216,MDCK,in vitro,extracellular,bulk
PA,636,1644,1,180628B_rec_D-P1p-PCR_S216,MDCK,in vitro,extracellular,bulk
PA,643,1865,1,180628B_rec_D-P1p-PCR_S216,MDCK,in vitro,extracellular,bulk
PA,646,1759,2,180628B_rec_D-P1p-PCR_S216,MDCK,in vitro,extracellular,bulk
PA,647,1760,1625,180628B_rec_D-P1p-PCR_S216,MDCK,in vitro,extracellular,bulk
PA,649,1367,1,180628B_rec_D-P1p-PCR_S216,MDCK,in vitro,extracellular,bulk
PA,652,1765,4,180628B_rec_D-P1p-PCR_S216,MDCK,in vitro,extracellular,bulk
PA,663,1768,1,180628B_rec_D-P1p-PCR_S216,MDCK,in vitro,extracellular,bulk
PA,666,2131,1,180628B_rec_D-P1p-PCR_S216,MDCK,in vitro,extracellular,bulk
PA,677,1853,1,180628B_rec_D-P1p-PCR_S216,MDCK,in vitro,extracellular,bulk
PA,679,1537,1,180628B_rec_D-P1p-PCR_S216,MDCK,in vitro,extracellular,bulk
PA,694,1674,1,180628B_rec_D-P1p-PCR_S216,MDCK,in vitro,extracellular,bulk
PA,699,1521,1,180628B_rec_D-P1p-PCR_S216,MDCK,in vitro,extracellular,bulk
PA,707,1500,1,180628B_rec_D-P1p-PCR_S216,MDCK,in vitro,extracellular,bulk
PA,753,2172,1,180628B_rec_D-P1p-PCR_S216,MDCK,in vitro,extracellular,bulk
PA,754,1658,1,180628B_rec_D-P1p-PCR_S216,MDCK,in vitro,extracellular,bulk
PA,763,1874,1,180628B_rec_D-P1p-PCR_S216,MDCK,in vitro,extracellular,bulk
PA,769,1575,1,180628B_rec_D-P1p-PCR_S216,MDCK,in vitro,extracellular,bulk
PA,772,1578,3292,180628B_rec_D-P1p-PCR_S216,MDCK,in vitro,extracellular,bulk
PA,772,1579,1,180628B_rec_D-P1p-PCR_S216,MDCK,in vitro,extracellular,bulk
PA,773,1579,1,180628B_rec_D-P1p-PCR_S216,MDCK,in vitro,extracellular,bulk
PA,781,1588,1,180628B_rec_D-P1p-PCR_S216,MDCK,in vitro,extracellular,bulk
PA,800,1626,10,180628B_rec_D-P1p-PCR_S216,MDCK,in vitro,extracellular,bulk
PA,803,1585,6,180628B_rec_D-P1p-PCR_S216,MDCK,in vitro,extracellular,bulk
PA,80,2016,2,180628B_rec_D-P1p-PCR_S216,MDCK,in vitro,extracellular,bulk
PA,843,1637,1,180628B_rec_D-P1p-PCR_S216,MDCK,in vitro,extracellular,bulk
PA,846,1583,1,180628B_rec_D-P1p-PCR_S216,MDCK,in vitro,extracellular,bulk
PA,905,2100,5,180628B_rec_D-P1p-PCR_S216,MDCK,in vitro,extracellular,bulk
PA,911,1617,1,180628B_rec_D-P1p-PCR_S216,MDCK,in vitro,extracellular,bulk
HA,1005,1032,1,180628B_rec_D-P1p-PCR_S216,MDCK,in vitro,extracellular,bulk
HA,114,1243,1,180628B_rec_D-P1p-PCR_S216,MDCK,in vitro,extracellular,bulk
HA,119,1490,1,180628B_rec_D-P1p-PCR_S216,MDCK,in vitro,extracellular,bulk
HA,1240,1377,1,180628B_rec_D-P1p-PCR_S216,MDCK,in vitro,extracellular,bulk
HA,126,1551,1,180628B_rec_D-P1p-PCR_S216,MDCK,in vitro,extracellular,bulk
HA,155,1493,1,180628B_rec_D-P1p-PCR_S216,MDCK,in vitro,extracellular,bulk
HA,164,1498,1,180628B_rec_D-P1p-PCR_S216,MDCK,in vitro,extracellular,bulk
HA,190,704,1,180628B_rec_D-P1p-PCR_S216,MDCK,in vitro,extracellular,bulk
HA,208,1165,1,180628B_rec_D-P1p-PCR_S216,MDCK,in vitro,extracellular,bulk
HA,252,910,1,180628B_rec_D-P1p-PCR_S216,MDCK,in vitro,extracellular,bulk
HA,255,1142,2,180628B_rec_D-P1p-PCR_S216,MDCK,in vitro,extracellular,bulk
HA,257,882,3,180628B_rec_D-P1p-PCR_S216,MDCK,in vitro,extracellular,bulk
HA,264,1443,1,180628B_rec_D-P1p-PCR_S216,MDCK,in vitro,extracellular,bulk
HA,292,1276,2,180628B_rec_D-P1p-PCR_S216,MDCK,in vitro,extracellular,bulk
HA,296,1280,379,180628B_rec_D-P1p-PCR_S216,MDCK,in vitro,extracellular,bulk
HA,363,1007,1,180628B_rec_D-P1p-PCR_S216,MDCK,in vitro,extracellular,bulk
HA,375,1288,1,180628B_rec_D-P1p-PCR_S216,MDCK,in vitro,extracellular,bulk
HA,390,499,1,180628B_rec_D-P1p-PCR_S216,MDCK,in vitro,extracellular,bulk
HA,474,985,1,180628B_rec_D-P1p-PCR_S216,MDCK,in vitro,extracellular,bulk
HA,519,1353,1,180628B_rec_D-P1p-PCR_S216,MDCK,in vitro,extracellular,bulk
HA,524,1034,1,180628B_rec_D-P1p-PCR_S216,MDCK,in vitro,extracellular,bulk
HA,524,1072,1,180628B_rec_D-P1p-PCR_S216,MDCK,in vitro,extracellular,bulk
HA,526,1083,1,180628B_rec_D-P1p-PCR_S216,MDCK,in vitro,extracellular,bulk
HA,545,793,1,180628B_rec_D-P1p-PCR_S216,MDCK,in vitro,extracellular,bulk
HA,548,1102,1,180628B_rec_D-P1p-PCR_S216,MDCK,in vitro,extracellular,bulk
HA,551,1551,1,180628B_rec_D-P1p-PCR_S216,MDCK,in vitro,extracellular,bulk
HA,559,995,1,180628B_rec_D-P1p-PCR_S216,MDCK,in vitro,extracellular,bulk
HA,568,1013,1,180628B_rec_D-P1p-PCR_S216,MDCK,in vitro,extracellular,bulk
HA,616,1612,1,180628B_rec_D-P1p-PCR_S216,MDCK,in vitro,extracellular,bulk
HA,705,1204,2,180628B_rec_D-P1p-PCR_S216,MDCK,in vitro,extracellular,bulk
HA,707,1038,1,180628B_rec_D-P1p-PCR_S216,MDCK,in vitro,extracellular,bulk
HA,707,986,1,180628B_rec_D-P1p-PCR_S216,MDCK,in vitro,extracellular,bulk
HA,718,792,1,180628B_rec_D-P1p-PCR_S216,MDCK,in vitro,extracellular,bulk
HA,720,782,1,180628B_rec_D-P1p-PCR_S216,MDCK,in vitro,extracellular,bulk
HA,720,783,2,180628B_rec_D-P1p-PCR_S216,MDCK,in vitro,extracellular,bulk
HA,724,830,1,180628B_rec_D-P1p-PCR_S216,MDCK,in vitro,extracellular,bulk
HA,736,1033,34,180628B_rec_D-P1p-PCR_S216,MDCK,in vitro,extracellular,bulk
HA,741,763,1,180628B_rec_D-P1p-PCR_S216,MDCK,in vitro,extracellular,bulk
HA,813,1678,1,180628B_rec_D-P1p-PCR_S216,MDCK,in vitro,extracellular,bulk
HA,826,1097,2,180628B_rec_D-P1p-PCR_S216,MDCK,in vitro,extracellular,bulk
HA,919,1003,1,180628B_rec_D-P1p-PCR_S216,MDCK,in vitro,extracellular,bulk
HA,926,971,2,180628B_rec_D-P1p-PCR_S216,MDCK,in vitro,extracellular,bulk
NP,1041,1327,1,180628B_rec_D-P1p-PCR_S216,MDCK,in vitro,extracellular,bulk
NP,1051,1337,1,180628B_rec_D-P1p-PCR_S216,MDCK,in vitro,extracellular,bulk
NP,1063,1117,1,180628B_rec_D-P1p-PCR_S216,MDCK,in vitro,extracellular,bulk
NP,1083,1146,1,180628B_rec_D-P1p-PCR_S216,MDCK,in vitro,extracellular,bulk
NP,1098,1454,1,180628B_rec_D-P1p-PCR_S216,MDCK,in vitro,extracellular,bulk
NP,1101,1414,3,180628B_rec_D-P1p-PCR_S216,MDCK,in vitro,extracellular,bulk
NP,1102,1224,1,180628B_rec_D-P1p-PCR_S216,MDCK,in vitro,extracellular,bulk
NP,1124,1342,1,180628B_rec_D-P1p-PCR_S216,MDCK,in vitro,extracellular,bulk
NP,1133,1532,2,180628B_rec_D-P1p-PCR_S216,MDCK,in vitro,extracellular,bulk
NP,1197,1527,1,180628B_rec_D-P1p-PCR_S216,MDCK,in vitro,extracellular,bulk
NP,1204,1339,3,180628B_rec_D-P1p-PCR_S216,MDCK,in vitro,extracellular,bulk
NP,1212,1384,2,180628B_rec_D-P1p-PCR_S216,MDCK,in vitro,extracellular,bulk
NP,1220,1409,3,180628B_rec_D-P1p-PCR_S216,MDCK,in vitro,extracellular,bulk
NP,1243,1312,3,180628B_rec_D-P1p-PCR_S216,MDCK,in vitro,extracellular,bulk
NP,1244,1293,1,180628B_rec_D-P1p-PCR_S216,MDCK,in vitro,extracellular,bulk
NP,1268,1331,2,180628B_rec_D-P1p-PCR_S216,MDCK,in vitro,extracellular,bulk
NP,126,176,4,180628B_rec_D-P1p-PCR_S216,MDCK,in vitro,extracellular,bulk
NP,1276,1327,1,180628B_rec_D-P1p-PCR_S216,MDCK,in vitro,extracellular,bulk
NP,1294,1370,1,180628B_rec_D-P1p-PCR_S216,MDCK,in vitro,extracellular,bulk
NP,1298,1360,1,180628B_rec_D-P1p-PCR_S216,MDCK,in vitro,extracellular,bulk
NP,1352,1433,1,180628B_rec_D-P1p-PCR_S216,MDCK,in vitro,extracellular,bulk
NP,1367,1491,1,180628B_rec_D-P1p-PCR_S216,MDCK,in vitro,extracellular,bulk
NP,1378,1405,1,180628B_rec_D-P1p-PCR_S216,MDCK,in vitro,extracellular,bulk
NP,1394,1456,1,180628B_rec_D-P1p-PCR_S216,MDCK,in vitro,extracellular,bulk
NP,157,725,2,180628B_rec_D-P1p-PCR_S216,MDCK,in vitro,extracellular,bulk
NP,193,433,1,180628B_rec_D-P1p-PCR_S216,MDCK,in vitro,extracellular,bulk
NP,204,1191,1,180628B_rec_D-P1p-PCR_S216,MDCK,in vitro,extracellular,bulk
NP,206,850,1,180628B_rec_D-P1p-PCR_S216,MDCK,in vitro,extracellular,bulk
NP,239,267,1,180628B_rec_D-P1p-PCR_S216,MDCK,in vitro,extracellular,bulk
NP,242,1329,37,180628B_rec_D-P1p-PCR_S216,MDCK,in vitro,extracellular,bulk
NP,244,681,1,180628B_rec_D-P1p-PCR_S216,MDCK,in vitro,extracellular,bulk
NP,246,425,1,180628B_rec_D-P1p-PCR_S216,MDCK,in vitro,extracellular,bulk
NP,251,1479,1,180628B_rec_D-P1p-PCR_S216,MDCK,in vitro,extracellular,bulk
NP,292,1359,6,180628B_rec_D-P1p-PCR_S216,MDCK,in vitro,extracellular,bulk
NP,296,531,4,180628B_rec_D-P1p-PCR_S216,MDCK,in vitro,extracellular,bulk
NP,304,1432,1,180628B_rec_D-P1p-PCR_S216,MDCK,in vitro,extracellular,bulk
NP,311,1135,18,180628B_rec_D-P1p-PCR_S216,MDCK,in vitro,extracellular,bulk
NP,355,1199,1,180628B_rec_D-P1p-PCR_S216,MDCK,in vitro,extracellular,bulk
NP,356,1397,6,180628B_rec_D-P1p-PCR_S216,MDCK,in vitro,extracellular,bulk
NP,362,1226,1,180628B_rec_D-P1p-PCR_S216,MDCK,in vitro,extracellular,bulk
NP,366,1008,1,180628B_rec_D-P1p-PCR_S216,MDCK,in vitro,extracellular,bulk
NP,366,1295,1,180628B_rec_D-P1p-PCR_S216,MDCK,in vitro,extracellular,bulk
NP,367,1356,1,180628B_rec_D-P1p-PCR_S216,MDCK,in vitro,extracellular,bulk
NP,367,1371,1,180628B_rec_D-P1p-PCR_S216,MDCK,in vitro,extracellular,bulk
NP,372,817,2,180628B_rec_D-P1p-PCR_S216,MDCK,in vitro,extracellular,bulk
NP,382,1487,2,180628B_rec_D-P1p-PCR_S216,MDCK,in vitro,extracellular,bulk
NP,383,1521,1,180628B_rec_D-P1p-PCR_S216,MDCK,in vitro,extracellular,bulk
NP,386,1347,2,180628B_rec_D-P1p-PCR_S216,MDCK,in vitro,extracellular,bulk
NP,396,1072,1,180628B_rec_D-P1p-PCR_S216,MDCK,in vitro,extracellular,bulk
NP,399,429,1,180628B_rec_D-P1p-PCR_S216,MDCK,in vitro,extracellular,bulk
NP,400,1453,1,180628B_rec_D-P1p-PCR_S216,MDCK,in vitro,extracellular,bulk
NP,408,466,1,180628B_rec_D-P1p-PCR_S216,MDCK,in vitro,extracellular,bulk
NP,414,918,1,180628B_rec_D-P1p-PCR_S216,MDCK,in vitro,extracellular,bulk
NP,422,1325,1,180628B_rec_D-P1p-PCR_S216,MDCK,in vitro,extracellular,bulk
NP,422,1391,1,180628B_rec_D-P1p-PCR_S216,MDCK,in vitro,extracellular,bulk
NP,422,496,1,180628B_rec_D-P1p-PCR_S216,MDCK,in vitro,extracellular,bulk
NP,425,617,2,180628B_rec_D-P1p-PCR_S216,MDCK,in vitro,extracellular,bulk
NP,432,549,1,180628B_rec_D-P1p-PCR_S216,MDCK,in vitro,extracellular,bulk
NP,434,486,8,180628B_rec_D-P1p-PCR_S216,MDCK,in vitro,extracellular,bulk
NP,437,1326,7,180628B_rec_D-P1p-PCR_S216,MDCK,in vitro,extracellular,bulk
NP,439,1055,1,180628B_rec_D-P1p-PCR_S216,MDCK,in vitro,extracellular,bulk
NP,439,1328,18,180628B_rec_D-P1p-PCR_S216,MDCK,in vitro,extracellular,bulk
NP,439,1387,1,180628B_rec_D-P1p-PCR_S216,MDCK,in vitro,extracellular,bulk
NP,440,1338,21,180628B_rec_D-P1p-PCR_S216,MDCK,in vitro,extracellular,bulk
NP,440,1430,2,180628B_rec_D-P1p-PCR_S216,MDCK,in vitro,extracellular,bulk
NP,443,1417,1,180628B_rec_D-P1p-PCR_S216,MDCK,in vitro,extracellular,bulk
NP,450,542,1,180628B_rec_D-P1p-PCR_S216,MDCK,in vitro,extracellular,bulk
NP,451,863,3,180628B_rec_D-P1p-PCR_S216,MDCK,in vitro,extracellular,bulk
NP,461,1052,1,180628B_rec_D-P1p-PCR_S216,MDCK,in vitro,extracellular,bulk
NP,462,1338,1,180628B_rec_D-P1p-PCR_S216,MDCK,in vitro,extracellular,bulk
NP,462,1424,1,180628B_rec_D-P1p-PCR_S216,MDCK,in vitro,extracellular,bulk
NP,464,1327,1,180628B_rec_D-P1p-PCR_S216,MDCK,in vitro,extracellular,bulk
NP,471,1150,1,180628B_rec_D-P1p-PCR_S216,MDCK,in vitro,extracellular,bulk
NP,473,948,1,180628B_rec_D-P1p-PCR_S216,MDCK,in vitro,extracellular,bulk
NP,481,1390,12,180628B_rec_D-P1p-PCR_S216,MDCK,in vitro,extracellular,bulk
NP,481,1412,3,180628B_rec_D-P1p-PCR_S216,MDCK,in vitro,extracellular,bulk
NP,483,1079,3,180628B_rec_D-P1p-PCR_S216,MDCK,in vitro,extracellular,bulk
NP,483,549,1,180628B_rec_D-P1p-PCR_S216,MDCK,in vitro,extracellular,bulk
NP,484,1400,9,180628B_rec_D-P1p-PCR_S216,MDCK,in vitro,extracellular,bulk
NP,492,1423,1,180628B_rec_D-P1p-PCR_S216,MDCK,in vitro,extracellular,bulk
NP,492,561,1,180628B_rec_D-P1p-PCR_S216,MDCK,in vitro,extracellular,bulk
NP,493,1407,2,180628B_rec_D-P1p-PCR_S216,MDCK,in vitro,extracellular,bulk
NP,495,1246,1,180628B_rec_D-P1p-PCR_S216,MDCK,in vitro,extracellular,bulk
NP,495,1338,1,180628B_rec_D-P1p-PCR_S216,MDCK,in vitro,extracellular,bulk
NP,496,1410,2,180628B_rec_D-P1p-PCR_S216,MDCK,in vitro,extracellular,bulk
NP,496,1530,1,180628B_rec_D-P1p-PCR_S216,MDCK,in vitro,extracellular,bulk
NP,506,1445,1,180628B_rec_D-P1p-PCR_S216,MDCK,in vitro,extracellular,bulk
NP,520,608,1,180628B_rec_D-P1p-PCR_S216,MDCK,in vitro,extracellular,bulk
NP,526,1216,1,180628B_rec_D-P1p-PCR_S216,MDCK,in vitro,extracellular,bulk
NP,526,894,1,180628B_rec_D-P1p-PCR_S216,MDCK,in vitro,extracellular,bulk
NP,541,862,1,180628B_rec_D-P1p-PCR_S216,MDCK,in vitro,extracellular,bulk
NP,552,830,1,180628B_rec_D-P1p-PCR_S216,MDCK,in vitro,extracellular,bulk
NP,556,1236,2,180628B_rec_D-P1p-PCR_S216,MDCK,in vitro,extracellular,bulk
NP,564,1182,1,180628B_rec_D-P1p-PCR_S216,MDCK,in vitro,extracellular,bulk
NP,596,979,1,180628B_rec_D-P1p-PCR_S216,MDCK,in vitro,extracellular,bulk
NP,607,1171,2,180628B_rec_D-P1p-PCR_S216,MDCK,in vitro,extracellular,bulk
NP,621,1393,1,180628B_rec_D-P1p-PCR_S216,MDCK,in vitro,extracellular,bulk
NP,627,758,1,180628B_rec_D-P1p-PCR_S216,MDCK,in vitro,extracellular,bulk
NP,635,667,2,180628B_rec_D-P1p-PCR_S216,MDCK,in vitro,extracellular,bulk
NP,650,769,1,180628B_rec_D-P1p-PCR_S216,MDCK,in vitro,extracellular,bulk
NP,657,1256,1,180628B_rec_D-P1p-PCR_S216,MDCK,in vitro,extracellular,bulk
NP,660,898,1,180628B_rec_D-P1p-PCR_S216,MDCK,in vitro,extracellular,bulk
NP,687,777,1,180628B_rec_D-P1p-PCR_S216,MDCK,in vitro,extracellular,bulk
NP,695,723,1,180628B_rec_D-P1p-PCR_S216,MDCK,in vitro,extracellular,bulk
NP,697,729,1,180628B_rec_D-P1p-PCR_S216,MDCK,in vitro,extracellular,bulk
NP,700,1145,3,180628B_rec_D-P1p-PCR_S216,MDCK,in vitro,extracellular,bulk
NP,711,760,1,180628B_rec_D-P1p-PCR_S216,MDCK,in vitro,extracellular,bulk
NP,716,1400,2,180628B_rec_D-P1p-PCR_S216,MDCK,in vitro,extracellular,bulk
NP,756,847,4,180628B_rec_D-P1p-PCR_S216,MDCK,in vitro,extracellular,bulk
NP,760,1325,1,180628B_rec_D-P1p-PCR_S216,MDCK,in vitro,extracellular,bulk
NP,762,1033,1,180628B_rec_D-P1p-PCR_S216,MDCK,in vitro,extracellular,bulk
NP,763,1325,1,180628B_rec_D-P1p-PCR_S216,MDCK,in vitro,extracellular,bulk
NP,765,1038,1,180628B_rec_D-P1p-PCR_S216,MDCK,in vitro,extracellular,bulk
NP,766,894,1,180628B_rec_D-P1p-PCR_S216,MDCK,in vitro,extracellular,bulk
NP,771,1397,1,180628B_rec_D-P1p-PCR_S216,MDCK,in vitro,extracellular,bulk
NP,774,1007,1,180628B_rec_D-P1p-PCR_S216,MDCK,in vitro,extracellular,bulk
NP,775,848,5,180628B_rec_D-P1p-PCR_S216,MDCK,in vitro,extracellular,bulk
NP,777,848,2,180628B_rec_D-P1p-PCR_S216,MDCK,in vitro,extracellular,bulk
NP,777,928,1,180628B_rec_D-P1p-PCR_S216,MDCK,in vitro,extracellular,bulk
NP,779,848,2,180628B_rec_D-P1p-PCR_S216,MDCK,in vitro,extracellular,bulk
NP,790,1406,1,180628B_rec_D-P1p-PCR_S216,MDCK,in vitro,extracellular,bulk
NP,791,1424,1,180628B_rec_D-P1p-PCR_S216,MDCK,in vitro,extracellular,bulk
NP,799,1337,1,180628B_rec_D-P1p-PCR_S216,MDCK,in vitro,extracellular,bulk
NP,831,1417,1,180628B_rec_D-P1p-PCR_S216,MDCK,in vitro,extracellular,bulk
NP,847,998,1,180628B_rec_D-P1p-PCR_S216,MDCK,in vitro,extracellular,bulk
NP,867,1011,1,180628B_rec_D-P1p-PCR_S216,MDCK,in vitro,extracellular,bulk
NP,871,898,1,180628B_rec_D-P1p-PCR_S216,MDCK,in vitro,extracellular,bulk
NP,955,1183,3,180628B_rec_D-P1p-PCR_S216,MDCK,in vitro,extracellular,bulk
NP,967,1146,1,180628B_rec_D-P1p-PCR_S216,MDCK,in vitro,extracellular,bulk
NP,96,151,4,180628B_rec_D-P1p-PCR_S216,MDCK,in vitro,extracellular,bulk
NA,1123,1166,7,180628B_rec_D-P1p-PCR_S216,MDCK,in vitro,extracellular,bulk
NA,1197,1326,1,180628B_rec_D-P1p-PCR_S216,MDCK,in vitro,extracellular,bulk
NA,202,997,1,180628B_rec_D-P1p-PCR_S216,MDCK,in vitro,extracellular,bulk
NA,232,876,1,180628B_rec_D-P1p-PCR_S216,MDCK,in vitro,extracellular,bulk
NA,234,266,1,180628B_rec_D-P1p-PCR_S216,MDCK,in vitro,extracellular,bulk
NA,239,1023,1,180628B_rec_D-P1p-PCR_S216,MDCK,in vitro,extracellular,bulk
NA,251,983,1,180628B_rec_D-P1p-PCR_S216,MDCK,in vitro,extracellular,bulk
NA,277,1003,27,180628B_rec_D-P1p-PCR_S216,MDCK,in vitro,extracellular,bulk
NA,283,848,48,180628B_rec_D-P1p-PCR_S216,MDCK,in vitro,extracellular,bulk
NA,321,1069,1,180628B_rec_D-P1p-PCR_S216,MDCK,in vitro,extracellular,bulk
NA,329,1104,1,180628B_rec_D-P1p-PCR_S216,MDCK,in vitro,extracellular,bulk
NA,355,966,1,180628B_rec_D-P1p-PCR_S216,MDCK,in vitro,extracellular,bulk
NA,395,808,1,180628B_rec_D-P1p-PCR_S216,MDCK,in vitro,extracellular,bulk
NA,396,446,1,180628B_rec_D-P1p-PCR_S216,MDCK,in vitro,extracellular,bulk
NA,399,946,1,180628B_rec_D-P1p-PCR_S216,MDCK,in vitro,extracellular,bulk
NA,409,491,4,180628B_rec_D-P1p-PCR_S216,MDCK,in vitro,extracellular,bulk
NA,410,441,1,180628B_rec_D-P1p-PCR_S216,MDCK,in vitro,extracellular,bulk
NA,412,1259,2,180628B_rec_D-P1p-PCR_S216,MDCK,in vitro,extracellular,bulk
NA,424,447,1,180628B_rec_D-P1p-PCR_S216,MDCK,in vitro,extracellular,bulk
NA,427,1117,3,180628B_rec_D-P1p-PCR_S216,MDCK,in vitro,extracellular,bulk
NA,445,1234,1,180628B_rec_D-P1p-PCR_S216,MDCK,in vitro,extracellular,bulk
NA,453,541,1,180628B_rec_D-P1p-PCR_S216,MDCK,in vitro,extracellular,bulk
NA,454,991,1,180628B_rec_D-P1p-PCR_S216,MDCK,in vitro,extracellular,bulk
NA,456,982,1,180628B_rec_D-P1p-PCR_S216,MDCK,in vitro,extracellular,bulk
NA,459,890,1,180628B_rec_D-P1p-PCR_S216,MDCK,in vitro,extracellular,bulk
NA,476,1070,1,180628B_rec_D-P1p-PCR_S216,MDCK,in vitro,extracellular,bulk
NA,483,733,1,180628B_rec_D-P1p-PCR_S216,MDCK,in vitro,extracellular,bulk
NA,491,898,1,180628B_rec_D-P1p-PCR_S216,MDCK,in vitro,extracellular,bulk
NA,495,1087,1,180628B_rec_D-P1p-PCR_S216,MDCK,in vitro,extracellular,bulk
NA,497,1248,1,180628B_rec_D-P1p-PCR_S216,MDCK,in vitro,extracellular,bulk
NA,542,724,1,180628B_rec_D-P1p-PCR_S216,MDCK,in vitro,extracellular,bulk
NA,566,984,1,180628B_rec_D-P1p-PCR_S216,MDCK,in vitro,extracellular,bulk
NA,571,1093,1,180628B_rec_D-P1p-PCR_S216,MDCK,in vitro,extracellular,bulk
NA,578,1002,1,180628B_rec_D-P1p-PCR_S216,MDCK,in vitro,extracellular,bulk
NA,582,745,23,180628B_rec_D-P1p-PCR_S216,MDCK,in vitro,extracellular,bulk
NA,583,791,539,180628B_rec_D-P1p-PCR_S216,MDCK,in vitro,extracellular,bulk
NA,638,1326,1,180628B_rec_D-P1p-PCR_S216,MDCK,in vitro,extracellular,bulk
NA,646,1089,1,180628B_rec_D-P1p-PCR_S216,MDCK,in vitro,extracellular,bulk
NA,657,1234,1,180628B_rec_D-P1p-PCR_S216,MDCK,in vitro,extracellular,bulk
NA,705,964,1,180628B_rec_D-P1p-PCR_S216,MDCK,in vitro,extracellular,bulk
NA,709,983,3,180628B_rec_D-P1p-PCR_S216,MDCK,in vitro,extracellular,bulk
NA,716,839,1,180628B_rec_D-P1p-PCR_S216,MDCK,in vitro,extracellular,bulk
NA,717,997,2,180628B_rec_D-P1p-PCR_S216,MDCK,in vitro,extracellular,bulk
NA,718,998,1,180628B_rec_D-P1p-PCR_S216,MDCK,in vitro,extracellular,bulk
NA,722,1241,1,180628B_rec_D-P1p-PCR_S216,MDCK,in vitro,extracellular,bulk
NA,740,1022,1,180628B_rec_D-P1p-PCR_S216,MDCK,in vitro,extracellular,bulk
NA,790,1106,1,180628B_rec_D-P1p-PCR_S216,MDCK,in vitro,extracellular,bulk
NA,824,1125,1,180628B_rec_D-P1p-PCR_S216,MDCK,in vitro,extracellular,bulk
NA,846,996,1,180628B_rec_D-P1p-PCR_S216,MDCK,in vitro,extracellular,bulk
NA,853,1120,1,180628B_rec_D-P1p-PCR_S216,MDCK,in vitro,extracellular,bulk
NA,855,946,2,180628B_rec_D-P1p-PCR_S216,MDCK,in vitro,extracellular,bulk
NA,859,1097,1,180628B_rec_D-P1p-PCR_S216,MDCK,in vitro,extracellular,bulk
NA,861,927,1,180628B_rec_D-P1p-PCR_S216,MDCK,in vitro,extracellular,bulk
NA,861,972,1,180628B_rec_D-P1p-PCR_S216,MDCK,in vitro,extracellular,bulk
NA,867,1133,1,180628B_rec_D-P1p-PCR_S216,MDCK,in vitro,extracellular,bulk
NA,880,964,1,180628B_rec_D-P1p-PCR_S216,MDCK,in vitro,extracellular,bulk
NA,881,1015,1,180628B_rec_D-P1p-PCR_S216,MDCK,in vitro,extracellular,bulk
NA,882,1083,1,180628B_rec_D-P1p-PCR_S216,MDCK,in vitro,extracellular,bulk
NA,886,955,5,180628B_rec_D-P1p-PCR_S216,MDCK,in vitro,extracellular,bulk
NA,889,974,1,180628B_rec_D-P1p-PCR_S216,MDCK,in vitro,extracellular,bulk
NA,890,939,2,180628B_rec_D-P1p-PCR_S216,MDCK,in vitro,extracellular,bulk
NA,918,1049,4,180628B_rec_D-P1p-PCR_S216,MDCK,in vitro,extracellular,bulk
NA,935,1085,1,180628B_rec_D-P1p-PCR_S216,MDCK,in vitro,extracellular,bulk
M,121,853,1,180628B_rec_D-P1p-PCR_S216,MDCK,in vitro,extracellular,bulk
M,137,228,1,180628B_rec_D-P1p-PCR_S216,MDCK,in vitro,extracellular,bulk
M,150,568,1,180628B_rec_D-P1p-PCR_S216,MDCK,in vitro,extracellular,bulk
M,160,759,1,180628B_rec_D-P1p-PCR_S216,MDCK,in vitro,extracellular,bulk
M,172,553,1,180628B_rec_D-P1p-PCR_S216,MDCK,in vitro,extracellular,bulk
M,184,649,1,180628B_rec_D-P1p-PCR_S216,MDCK,in vitro,extracellular,bulk
M,231,920,1,180628B_rec_D-P1p-PCR_S216,MDCK,in vitro,extracellular,bulk
M,250,767,1,180628B_rec_D-P1p-PCR_S216,MDCK,in vitro,extracellular,bulk
M,261,335,3,180628B_rec_D-P1p-PCR_S216,MDCK,in vitro,extracellular,bulk
M,261,728,8,180628B_rec_D-P1p-PCR_S216,MDCK,in vitro,extracellular,bulk
M,279,337,1,180628B_rec_D-P1p-PCR_S216,MDCK,in vitro,extracellular,bulk
M,295,808,1,180628B_rec_D-P1p-PCR_S216,MDCK,in vitro,extracellular,bulk
M,301,724,3,180628B_rec_D-P1p-PCR_S216,MDCK,in vitro,extracellular,bulk
M,308,591,1,180628B_rec_D-P1p-PCR_S216,MDCK,in vitro,extracellular,bulk
M,309,348,1,180628B_rec_D-P1p-PCR_S216,MDCK,in vitro,extracellular,bulk
M,311,514,1,180628B_rec_D-P1p-PCR_S216,MDCK,in vitro,extracellular,bulk
M,312,726,1,180628B_rec_D-P1p-PCR_S216,MDCK,in vitro,extracellular,bulk
M,318,348,1,180628B_rec_D-P1p-PCR_S216,MDCK,in vitro,extracellular,bulk
M,321,590,1,180628B_rec_D-P1p-PCR_S216,MDCK,in vitro,extracellular,bulk
M,323,696,3,180628B_rec_D-P1p-PCR_S216,MDCK,in vitro,extracellular,bulk
M,324,713,1,180628B_rec_D-P1p-PCR_S216,MDCK,in vitro,extracellular,bulk
M,357,636,1,180628B_rec_D-P1p-PCR_S216,MDCK,in vitro,extracellular,bulk
M,357,663,1,180628B_rec_D-P1p-PCR_S216,MDCK,in vitro,extracellular,bulk
M,359,434,11,180628B_rec_D-P1p-PCR_S216,MDCK,in vitro,extracellular,bulk
M,360,436,1,180628B_rec_D-P1p-PCR_S216,MDCK,in vitro,extracellular,bulk
M,369,757,1,180628B_rec_D-P1p-PCR_S216,MDCK,in vitro,extracellular,bulk
M,370,745,2,180628B_rec_D-P1p-PCR_S216,MDCK,in vitro,extracellular,bulk
M,390,607,1,180628B_rec_D-P1p-PCR_S216,MDCK,in vitro,extracellular,bulk
M,390,710,3,180628B_rec_D-P1p-PCR_S216,MDCK,in vitro,extracellular,bulk
M,391,710,1,180628B_rec_D-P1p-PCR_S216,MDCK,in vitro,extracellular,bulk
M,393,919,2,180628B_rec_D-P1p-PCR_S216,MDCK,in vitro,extracellular,bulk
M,394,667,1,180628B_rec_D-P1p-PCR_S216,MDCK,in vitro,extracellular,bulk
M,398,828,1,180628B_rec_D-P1p-PCR_S216,MDCK,in vitro,extracellular,bulk
M,402,922,2,180628B_rec_D-P1p-PCR_S216,MDCK,in vitro,extracellular,bulk
M,411,760,4,180628B_rec_D-P1p-PCR_S216,MDCK,in vitro,extracellular,bulk
M,414,463,2,180628B_rec_D-P1p-PCR_S216,MDCK,in vitro,extracellular,bulk
M,414,744,1,180628B_rec_D-P1p-PCR_S216,MDCK,in vitro,extracellular,bulk
M,414,903,2,180628B_rec_D-P1p-PCR_S216,MDCK,in vitro,extracellular,bulk
M,417,603,2,180628B_rec_D-P1p-PCR_S216,MDCK,in vitro,extracellular,bulk
M,418,513,2,180628B_rec_D-P1p-PCR_S216,MDCK,in vitro,extracellular,bulk
M,419,500,4,180628B_rec_D-P1p-PCR_S216,MDCK,in vitro,extracellular,bulk
M,426,559,1,180628B_rec_D-P1p-PCR_S216,MDCK,in vitro,extracellular,bulk
M,429,839,1,180628B_rec_D-P1p-PCR_S216,MDCK,in vitro,extracellular,bulk
M,431,564,1,180628B_rec_D-P1p-PCR_S216,MDCK,in vitro,extracellular,bulk
M,434,762,4,180628B_rec_D-P1p-PCR_S216,MDCK,in vitro,extracellular,bulk
M,437,492,1,180628B_rec_D-P1p-PCR_S216,MDCK,in vitro,extracellular,bulk
M,437,606,1,180628B_rec_D-P1p-PCR_S216,MDCK,in vitro,extracellular,bulk
M,450,512,1,180628B_rec_D-P1p-PCR_S216,MDCK,in vitro,extracellular,bulk
M,454,517,1,180628B_rec_D-P1p-PCR_S216,MDCK,in vitro,extracellular,bulk
M,457,565,1,180628B_rec_D-P1p-PCR_S216,MDCK,in vitro,extracellular,bulk
M,459,522,1,180628B_rec_D-P1p-PCR_S216,MDCK,in vitro,extracellular,bulk
M,461,512,1,180628B_rec_D-P1p-PCR_S216,MDCK,in vitro,extracellular,bulk
M,462,744,1,180628B_rec_D-P1p-PCR_S216,MDCK,in vitro,extracellular,bulk
M,475,533,1,180628B_rec_D-P1p-PCR_S216,MDCK,in vitro,extracellular,bulk
M,480,553,1,180628B_rec_D-P1p-PCR_S216,MDCK,in vitro,extracellular,bulk
M,480,616,1,180628B_rec_D-P1p-PCR_S216,MDCK,in vitro,extracellular,bulk
M,485,548,1,180628B_rec_D-P1p-PCR_S216,MDCK,in vitro,extracellular,bulk
M,485,560,40,180628B_rec_D-P1p-PCR_S216,MDCK,in vitro,extracellular,bulk
M,488,563,4,180628B_rec_D-P1p-PCR_S216,MDCK,in vitro,extracellular,bulk
M,490,644,8,180628B_rec_D-P1p-PCR_S216,MDCK,in vitro,extracellular,bulk
M,491,645,2,180628B_rec_D-P1p-PCR_S216,MDCK,in vitro,extracellular,bulk
M,510,533,2,180628B_rec_D-P1p-PCR_S216,MDCK,in vitro,extracellular,bulk
M,521,603,3,180628B_rec_D-P1p-PCR_S216,MDCK,in vitro,extracellular,bulk
M,523,665,9,180628B_rec_D-P1p-PCR_S216,MDCK,in vitro,extracellular,bulk
M,526,573,3,180628B_rec_D-P1p-PCR_S216,MDCK,in vitro,extracellular,bulk
M,539,562,1,180628B_rec_D-P1p-PCR_S216,MDCK,in vitro,extracellular,bulk
M,540,600,2,180628B_rec_D-P1p-PCR_S216,MDCK,in vitro,extracellular,bulk
M,547,750,1,180628B_rec_D-P1p-PCR_S216,MDCK,in vitro,extracellular,bulk
M,559,628,1,180628B_rec_D-P1p-PCR_S216,MDCK,in vitro,extracellular,bulk
M,562,961,1,180628B_rec_D-P1p-PCR_S216,MDCK,in vitro,extracellular,bulk
M,564,664,1,180628B_rec_D-P1p-PCR_S216,MDCK,in vitro,extracellular,bulk
M,588,657,1,180628B_rec_D-P1p-PCR_S216,MDCK,in vitro,extracellular,bulk
M,594,637,2,180628B_rec_D-P1p-PCR_S216,MDCK,in vitro,extracellular,bulk
M,602,663,1,180628B_rec_D-P1p-PCR_S216,MDCK,in vitro,extracellular,bulk
M,602,759,1,180628B_rec_D-P1p-PCR_S216,MDCK,in vitro,extracellular,bulk
M,606,709,1,180628B_rec_D-P1p-PCR_S216,MDCK,in vitro,extracellular,bulk
M,614,758,1,180628B_rec_D-P1p-PCR_S216,MDCK,in vitro,extracellular,bulk
M,623,668,1,180628B_rec_D-P1p-PCR_S216,MDCK,in vitro,extracellular,bulk
M,623,740,7,180628B_rec_D-P1p-PCR_S216,MDCK,in vitro,extracellular,bulk
M,625,804,1,180628B_rec_D-P1p-PCR_S216,MDCK,in vitro,extracellular,bulk
M,626,668,2,180628B_rec_D-P1p-PCR_S216,MDCK,in vitro,extracellular,bulk
M,626,802,1,180628B_rec_D-P1p-PCR_S216,MDCK,in vitro,extracellular,bulk
M,627,768,7,180628B_rec_D-P1p-PCR_S216,MDCK,in vitro,extracellular,bulk
M,643,707,4,180628B_rec_D-P1p-PCR_S216,MDCK,in vitro,extracellular,bulk
M,647,711,4,180628B_rec_D-P1p-PCR_S216,MDCK,in vitro,extracellular,bulk
M,649,749,2,180628B_rec_D-P1p-PCR_S216,MDCK,in vitro,extracellular,bulk
M,661,863,1,180628B_rec_D-P1p-PCR_S216,MDCK,in vitro,extracellular,bulk
M,667,767,2,180628B_rec_D-P1p-PCR_S216,MDCK,in vitro,extracellular,bulk
M,668,709,1,180628B_rec_D-P1p-PCR_S216,MDCK,in vitro,extracellular,bulk
M,669,742,2,180628B_rec_D-P1p-PCR_S216,MDCK,in vitro,extracellular,bulk
M,675,697,1,180628B_rec_D-P1p-PCR_S216,MDCK,in vitro,extracellular,bulk
M,708,759,1,180628B_rec_D-P1p-PCR_S216,MDCK,in vitro,extracellular,bulk
M,738,824,1,180628B_rec_D-P1p-PCR_S216,MDCK,in vitro,extracellular,bulk
M,739,802,2,180628B_rec_D-P1p-PCR_S216,MDCK,in vitro,extracellular,bulk
M,766,802,1,180628B_rec_D-P1p-PCR_S216,MDCK,in vitro,extracellular,bulk
M,771,865,1,180628B_rec_D-P1p-PCR_S216,MDCK,in vitro,extracellular,bulk
M,778,841,3,180628B_rec_D-P1p-PCR_S216,MDCK,in vitro,extracellular,bulk
M,780,860,1,180628B_rec_D-P1p-PCR_S216,MDCK,in vitro,extracellular,bulk
M,783,863,3,180628B_rec_D-P1p-PCR_S216,MDCK,in vitro,extracellular,bulk
M,786,847,4,180628B_rec_D-P1p-PCR_S216,MDCK,in vitro,extracellular,bulk
M,899,934,8,180628B_rec_D-P1p-PCR_S216,MDCK,in vitro,extracellular,bulk
NS,105,408,1,180628B_rec_D-P1p-PCR_S216,MDCK,in vitro,extracellular,bulk
NS,108,158,1,180628B_rec_D-P1p-PCR_S216,MDCK,in vitro,extracellular,bulk
NS,151,732,1,180628B_rec_D-P1p-PCR_S216,MDCK,in vitro,extracellular,bulk
NS,191,425,1,180628B_rec_D-P1p-PCR_S216,MDCK,in vitro,extracellular,bulk
NS,214,643,1,180628B_rec_D-P1p-PCR_S216,MDCK,in vitro,extracellular,bulk
NS,218,670,1,180628B_rec_D-P1p-PCR_S216,MDCK,in vitro,extracellular,bulk
NS,221,433,3,180628B_rec_D-P1p-PCR_S216,MDCK,in vitro,extracellular,bulk
NS,235,419,1,180628B_rec_D-P1p-PCR_S216,MDCK,in vitro,extracellular,bulk
NS,252,544,3,180628B_rec_D-P1p-PCR_S216,MDCK,in vitro,extracellular,bulk
NS,256,331,1,180628B_rec_D-P1p-PCR_S216,MDCK,in vitro,extracellular,bulk
NS,270,400,3,180628B_rec_D-P1p-PCR_S216,MDCK,in vitro,extracellular,bulk
NS,295,344,1,180628B_rec_D-P1p-PCR_S216,MDCK,in vitro,extracellular,bulk
NS,301,418,1,180628B_rec_D-P1p-PCR_S216,MDCK,in vitro,extracellular,bulk
NS,323,430,4,180628B_rec_D-P1p-PCR_S216,MDCK,in vitro,extracellular,bulk
NS,324,551,5,180628B_rec_D-P1p-PCR_S216,MDCK,in vitro,extracellular,bulk
NS,337,413,2,180628B_rec_D-P1p-PCR_S216,MDCK,in vitro,extracellular,bulk
NS,338,399,1,180628B_rec_D-P1p-PCR_S216,MDCK,in vitro,extracellular,bulk
NS,340,416,1,180628B_rec_D-P1p-PCR_S216,MDCK,in vitro,extracellular,bulk
NS,340,449,1,180628B_rec_D-P1p-PCR_S216,MDCK,in vitro,extracellular,bulk
NS,355,407,4,180628B_rec_D-P1p-PCR_S216,MDCK,in vitro,extracellular,bulk
NS,355,425,1,180628B_rec_D-P1p-PCR_S216,MDCK,in vitro,extracellular,bulk
NS,356,647,1,180628B_rec_D-P1p-PCR_S216,MDCK,in vitro,extracellular,bulk
NS,357,421,9,180628B_rec_D-P1p-PCR_S216,MDCK,in vitro,extracellular,bulk
NS,359,433,16,180628B_rec_D-P1p-PCR_S216,MDCK,in vitro,extracellular,bulk
NS,385,589,1,180628B_rec_D-P1p-PCR_S216,MDCK,in vitro,extracellular,bulk
NS,417,539,6,180628B_rec_D-P1p-PCR_S216,MDCK,in vitro,extracellular,bulk
NS,422,445,1,180628B_rec_D-P1p-PCR_S216,MDCK,in vitro,extracellular,bulk
NS,423,446,185,180628B_rec_D-P1p-PCR_S216,MDCK,in vitro,extracellular,bulk
NS,426,449,1,180628B_rec_D-P1p-PCR_S216,MDCK,in vitro,extracellular,bulk
NS,441,475,2,180628B_rec_D-P1p-PCR_S216,MDCK,in vitro,extracellular,bulk
NS,453,639,1,180628B_rec_D-P1p-PCR_S216,MDCK,in vitro,extracellular,bulk
NS,462,598,2,180628B_rec_D-P1p-PCR_S216,MDCK,in vitro,extracellular,bulk
NS,463,603,1,180628B_rec_D-P1p-PCR_S216,MDCK,in vitro,extracellular,bulk
NS,467,535,1,180628B_rec_D-P1p-PCR_S216,MDCK,in vitro,extracellular,bulk
NS,486,544,2,180628B_rec_D-P1p-PCR_S216,MDCK,in vitro,extracellular,bulk
NS,52,428,2,180628B_rec_D-P1p-PCR_S216,MDCK,in vitro,extracellular,bulk
NS,56,431,9,180628B_rec_D-P1p-PCR_S216,MDCK,in vitro,extracellular,bulk
NS,70,563,1,180628B_rec_D-P1p-PCR_S216,MDCK,in vitro,extracellular,bulk
NS,729,769,1,180628B_rec_D-P1p-PCR_S216,MDCK,in vitro,extracellular,bulk
NS,77,201,1,180628B_rec_D-P1p-PCR_S216,MDCK,in vitro,extracellular,bulk
NS,87,187,2,180628B_rec_D-P1p-PCR_S216,MDCK,in vitro,extracellular,bulk
PB2,1061,1362,1,180628B_rec_WT-P1p-PCR_S217,MDCK,in vitro,extracellular,bulk
PB2,1076,1118,1,180628B_rec_WT-P1p-PCR_S217,MDCK,in vitro,extracellular,bulk
PB2,1131,1643,1,180628B_rec_WT-P1p-PCR_S217,MDCK,in vitro,extracellular,bulk
PB2,127,720,1,180628B_rec_WT-P1p-PCR_S217,MDCK,in vitro,extracellular,bulk
PB2,1284,1658,1,180628B_rec_WT-P1p-PCR_S217,MDCK,in vitro,extracellular,bulk
PB2,1350,2108,1,180628B_rec_WT-P1p-PCR_S217,MDCK,in vitro,extracellular,bulk
PB2,1351,1402,1,180628B_rec_WT-P1p-PCR_S217,MDCK,in vitro,extracellular,bulk
PB2,1384,1962,1,180628B_rec_WT-P1p-PCR_S217,MDCK,in vitro,extracellular,bulk
PB2,139,1961,2,180628B_rec_WT-P1p-PCR_S217,MDCK,in vitro,extracellular,bulk
PB2,1401,1447,1,180628B_rec_WT-P1p-PCR_S217,MDCK,in vitro,extracellular,bulk
PB2,1420,1442,1,180628B_rec_WT-P1p-PCR_S217,MDCK,in vitro,extracellular,bulk
PB2,144,1806,1,180628B_rec_WT-P1p-PCR_S217,MDCK,in vitro,extracellular,bulk
PB2,1465,1605,2,180628B_rec_WT-P1p-PCR_S217,MDCK,in vitro,extracellular,bulk
PB2,1478,1640,1,180628B_rec_WT-P1p-PCR_S217,MDCK,in vitro,extracellular,bulk
PB2,148,2137,7,180628B_rec_WT-P1p-PCR_S217,MDCK,in vitro,extracellular,bulk
PB2,1507,2130,1,180628B_rec_WT-P1p-PCR_S217,MDCK,in vitro,extracellular,bulk
PB2,1526,1865,1,180628B_rec_WT-P1p-PCR_S217,MDCK,in vitro,extracellular,bulk
PB2,1596,1620,1,180628B_rec_WT-P1p-PCR_S217,MDCK,in vitro,extracellular,bulk
PB2,1596,1842,1,180628B_rec_WT-P1p-PCR_S217,MDCK,in vitro,extracellular,bulk
PB2,1597,1647,1,180628B_rec_WT-P1p-PCR_S217,MDCK,in vitro,extracellular,bulk
PB2,1613,1651,1,180628B_rec_WT-P1p-PCR_S217,MDCK,in vitro,extracellular,bulk
PB2,1619,1646,1,180628B_rec_WT-P1p-PCR_S217,MDCK,in vitro,extracellular,bulk
PB2,161,2083,3,180628B_rec_WT-P1p-PCR_S217,MDCK,in vitro,extracellular,bulk
PB2,1683,1809,1,180628B_rec_WT-P1p-PCR_S217,MDCK,in vitro,extracellular,bulk
PB2,1707,1737,1,180628B_rec_WT-P1p-PCR_S217,MDCK,in vitro,extracellular,bulk
PB2,1707,1772,1,180628B_rec_WT-P1p-PCR_S217,MDCK,in vitro,extracellular,bulk
PB2,176,2063,1,180628B_rec_WT-P1p-PCR_S217,MDCK,in vitro,extracellular,bulk
PB2,177,1844,1,180628B_rec_WT-P1p-PCR_S217,MDCK,in vitro,extracellular,bulk
PB2,177,2045,9,180628B_rec_WT-P1p-PCR_S217,MDCK,in vitro,extracellular,bulk
PB2,177,243,1,180628B_rec_WT-P1p-PCR_S217,MDCK,in vitro,extracellular,bulk
PB2,178,2053,1,180628B_rec_WT-P1p-PCR_S217,MDCK,in vitro,extracellular,bulk
PB2,179,2097,1,180628B_rec_WT-P1p-PCR_S217,MDCK,in vitro,extracellular,bulk
PB2,181,2157,1,180628B_rec_WT-P1p-PCR_S217,MDCK,in vitro,extracellular,bulk
PB2,196,1998,2,180628B_rec_WT-P1p-PCR_S217,MDCK,in vitro,extracellular,bulk
PB2,200,2073,2,180628B_rec_WT-P1p-PCR_S217,MDCK,in vitro,extracellular,bulk
PB2,2010,2063,1,180628B_rec_WT-P1p-PCR_S217,MDCK,in vitro,extracellular,bulk
PB2,202,1771,1,180628B_rec_WT-P1p-PCR_S217,MDCK,in vitro,extracellular,bulk
PB2,2038,2073,2,180628B_rec_WT-P1p-PCR_S217,MDCK,in vitro,extracellular,bulk
PB2,2039,2071,2,180628B_rec_WT-P1p-PCR_S217,MDCK,in vitro,extracellular,bulk
PB2,2039,2185,1,180628B_rec_WT-P1p-PCR_S217,MDCK,in vitro,extracellular,bulk
PB2,2041,2069,1,180628B_rec_WT-P1p-PCR_S217,MDCK,in vitro,extracellular,bulk
PB2,2045,2082,6,180628B_rec_WT-P1p-PCR_S217,MDCK,in vitro,extracellular,bulk
PB2,2057,2102,3,180628B_rec_WT-P1p-PCR_S217,MDCK,in vitro,extracellular,bulk
PB2,207,2081,1,180628B_rec_WT-P1p-PCR_S217,MDCK,in vitro,extracellular,bulk
PB2,207,2193,1,180628B_rec_WT-P1p-PCR_S217,MDCK,in vitro,extracellular,bulk
PB2,215,2213,1,180628B_rec_WT-P1p-PCR_S217,MDCK,in vitro,extracellular,bulk
PB2,218,2085,1,180628B_rec_WT-P1p-PCR_S217,MDCK,in vitro,extracellular,bulk
PB2,221,2102,1,180628B_rec_WT-P1p-PCR_S217,MDCK,in vitro,extracellular,bulk
PB2,222,2085,1,180628B_rec_WT-P1p-PCR_S217,MDCK,in vitro,extracellular,bulk
PB2,228,2057,12,180628B_rec_WT-P1p-PCR_S217,MDCK,in vitro,extracellular,bulk
PB2,232,2107,1,180628B_rec_WT-P1p-PCR_S217,MDCK,in vitro,extracellular,bulk
PB2,235,2022,2,180628B_rec_WT-P1p-PCR_S217,MDCK,in vitro,extracellular,bulk
PB2,242,1953,1,180628B_rec_WT-P1p-PCR_S217,MDCK,in vitro,extracellular,bulk
PB2,245,2022,1,180628B_rec_WT-P1p-PCR_S217,MDCK,in vitro,extracellular,bulk
PB2,245,2171,1,180628B_rec_WT-P1p-PCR_S217,MDCK,in vitro,extracellular,bulk
PB2,251,1855,1,180628B_rec_WT-P1p-PCR_S217,MDCK,in vitro,extracellular,bulk
PB2,254,2003,1,180628B_rec_WT-P1p-PCR_S217,MDCK,in vitro,extracellular,bulk
PB2,260,1633,1,180628B_rec_WT-P1p-PCR_S217,MDCK,in vitro,extracellular,bulk
PB2,266,2013,1,180628B_rec_WT-P1p-PCR_S217,MDCK,in vitro,extracellular,bulk
PB2,269,1863,1,180628B_rec_WT-P1p-PCR_S217,MDCK,in vitro,extracellular,bulk
PB2,271,1838,2,180628B_rec_WT-P1p-PCR_S217,MDCK,in vitro,extracellular,bulk
PB2,273,1953,5,180628B_rec_WT-P1p-PCR_S217,MDCK,in vitro,extracellular,bulk
PB2,275,1964,1,180628B_rec_WT-P1p-PCR_S217,MDCK,in vitro,extracellular,bulk
PB2,276,1938,1,180628B_rec_WT-P1p-PCR_S217,MDCK,in vitro,extracellular,bulk
PB2,283,2068,1,180628B_rec_WT-P1p-PCR_S217,MDCK,in vitro,extracellular,bulk
PB2,285,1997,1,180628B_rec_WT-P1p-PCR_S217,MDCK,in vitro,extracellular,bulk
PB2,286,1958,1,180628B_rec_WT-P1p-PCR_S217,MDCK,in vitro,extracellular,bulk
PB2,293,2005,1,180628B_rec_WT-P1p-PCR_S217,MDCK,in vitro,extracellular,bulk
PB2,293,2085,1,180628B_rec_WT-P1p-PCR_S217,MDCK,in vitro,extracellular,bulk
PB2,293,2138,1,180628B_rec_WT-P1p-PCR_S217,MDCK,in vitro,extracellular,bulk
PB2,295,1587,1,180628B_rec_WT-P1p-PCR_S217,MDCK,in vitro,extracellular,bulk
PB2,297,1636,1,180628B_rec_WT-P1p-PCR_S217,MDCK,in vitro,extracellular,bulk
PB2,298,1952,1,180628B_rec_WT-P1p-PCR_S217,MDCK,in vitro,extracellular,bulk
PB2,306,2005,1,180628B_rec_WT-P1p-PCR_S217,MDCK,in vitro,extracellular,bulk
PB2,307,2113,1,180628B_rec_WT-P1p-PCR_S217,MDCK,in vitro,extracellular,bulk
PB2,310,2102,1,180628B_rec_WT-P1p-PCR_S217,MDCK,in vitro,extracellular,bulk
PB2,316,2014,2,180628B_rec_WT-P1p-PCR_S217,MDCK,in vitro,extracellular,bulk
PB2,316,2104,2,180628B_rec_WT-P1p-PCR_S217,MDCK,in vitro,extracellular,bulk
PB2,322,2052,1,180628B_rec_WT-P1p-PCR_S217,MDCK,in vitro,extracellular,bulk
PB2,323,1516,1,180628B_rec_WT-P1p-PCR_S217,MDCK,in vitro,extracellular,bulk
PB2,325,1787,1,180628B_rec_WT-P1p-PCR_S217,MDCK,in vitro,extracellular,bulk
PB2,327,1558,1,180628B_rec_WT-P1p-PCR_S217,MDCK,in vitro,extracellular,bulk
PB2,327,1920,4,180628B_rec_WT-P1p-PCR_S217,MDCK,in vitro,extracellular,bulk
PB2,331,1976,1,180628B_rec_WT-P1p-PCR_S217,MDCK,in vitro,extracellular,bulk
PB2,332,1868,1,180628B_rec_WT-P1p-PCR_S217,MDCK,in vitro,extracellular,bulk
PB2,332,1952,1,180628B_rec_WT-P1p-PCR_S217,MDCK,in vitro,extracellular,bulk
PB2,334,1963,1,180628B_rec_WT-P1p-PCR_S217,MDCK,in vitro,extracellular,bulk
PB2,343,1587,2,180628B_rec_WT-P1p-PCR_S217,MDCK,in vitro,extracellular,bulk
PB2,349,1876,1,180628B_rec_WT-P1p-PCR_S217,MDCK,in vitro,extracellular,bulk
PB2,355,2030,1,180628B_rec_WT-P1p-PCR_S217,MDCK,in vitro,extracellular,bulk
PB2,355,2099,2,180628B_rec_WT-P1p-PCR_S217,MDCK,in vitro,extracellular,bulk
PB2,359,1873,1,180628B_rec_WT-P1p-PCR_S217,MDCK,in vitro,extracellular,bulk
PB2,371,1793,1,180628B_rec_WT-P1p-PCR_S217,MDCK,in vitro,extracellular,bulk
PB2,372,1890,1,180628B_rec_WT-P1p-PCR_S217,MDCK,in vitro,extracellular,bulk
PB2,378,2059,3,180628B_rec_WT-P1p-PCR_S217,MDCK,in vitro,extracellular,bulk
PB2,397,1766,13,180628B_rec_WT-P1p-PCR_S217,MDCK,in vitro,extracellular,bulk
PB2,397,2152,1,180628B_rec_WT-P1p-PCR_S217,MDCK,in vitro,extracellular,bulk
PB2,399,2184,1,180628B_rec_WT-P1p-PCR_S217,MDCK,in vitro,extracellular,bulk
PB2,401,1729,1,180628B_rec_WT-P1p-PCR_S217,MDCK,in vitro,extracellular,bulk
PB2,404,2160,4,180628B_rec_WT-P1p-PCR_S217,MDCK,in vitro,extracellular,bulk
PB2,416,1827,8,180628B_rec_WT-P1p-PCR_S217,MDCK,in vitro,extracellular,bulk
PB2,416,1849,3,180628B_rec_WT-P1p-PCR_S217,MDCK,in vitro,extracellular,bulk
PB2,417,1792,5,180628B_rec_WT-P1p-PCR_S217,MDCK,in vitro,extracellular,bulk
PB2,417,1802,1,180628B_rec_WT-P1p-PCR_S217,MDCK,in vitro,extracellular,bulk
PB2,425,1802,1,180628B_rec_WT-P1p-PCR_S217,MDCK,in vitro,extracellular,bulk
PB2,428,1830,139,180628B_rec_WT-P1p-PCR_S217,MDCK,in vitro,extracellular,bulk
PB2,431,1768,1,180628B_rec_WT-P1p-PCR_S217,MDCK,in vitro,extracellular,bulk
PB2,432,1780,1,180628B_rec_WT-P1p-PCR_S217,MDCK,in vitro,extracellular,bulk
PB2,432,1860,3,180628B_rec_WT-P1p-PCR_S217,MDCK,in vitro,extracellular,bulk
PB2,433,1743,7,180628B_rec_WT-P1p-PCR_S217,MDCK,in vitro,extracellular,bulk
PB2,433,1873,1,180628B_rec_WT-P1p-PCR_S217,MDCK,in vitro,extracellular,bulk
PB2,434,1780,9,180628B_rec_WT-P1p-PCR_S217,MDCK,in vitro,extracellular,bulk
PB2,434,1827,1,180628B_rec_WT-P1p-PCR_S217,MDCK,in vitro,extracellular,bulk
PB2,435,1795,1,180628B_rec_WT-P1p-PCR_S217,MDCK,in vitro,extracellular,bulk
PB2,446,1827,1,180628B_rec_WT-P1p-PCR_S217,MDCK,in vitro,extracellular,bulk
PB2,449,1752,1,180628B_rec_WT-P1p-PCR_S217,MDCK,in vitro,extracellular,bulk
PB2,453,1747,1,180628B_rec_WT-P1p-PCR_S217,MDCK,in vitro,extracellular,bulk
PB2,454,1781,1,180628B_rec_WT-P1p-PCR_S217,MDCK,in vitro,extracellular,bulk
PB2,455,1812,1,180628B_rec_WT-P1p-PCR_S217,MDCK,in vitro,extracellular,bulk
PB2,459,1732,1,180628B_rec_WT-P1p-PCR_S217,MDCK,in vitro,extracellular,bulk
PB2,461,1729,2,180628B_rec_WT-P1p-PCR_S217,MDCK,in vitro,extracellular,bulk
PB2,461,1776,1,180628B_rec_WT-P1p-PCR_S217,MDCK,in vitro,extracellular,bulk
PB2,462,1758,1,180628B_rec_WT-P1p-PCR_S217,MDCK,in vitro,extracellular,bulk
PB2,464,2088,2,180628B_rec_WT-P1p-PCR_S217,MDCK,in vitro,extracellular,bulk
PB2,467,1827,7,180628B_rec_WT-P1p-PCR_S217,MDCK,in vitro,extracellular,bulk
PB2,470,1750,11,180628B_rec_WT-P1p-PCR_S217,MDCK,in vitro,extracellular,bulk
PB2,470,1799,2,180628B_rec_WT-P1p-PCR_S217,MDCK,in vitro,extracellular,bulk
PB2,471,1742,1,180628B_rec_WT-P1p-PCR_S217,MDCK,in vitro,extracellular,bulk
PB2,471,1836,1,180628B_rec_WT-P1p-PCR_S217,MDCK,in vitro,extracellular,bulk
PB2,477,1754,1,180628B_rec_WT-P1p-PCR_S217,MDCK,in vitro,extracellular,bulk
PB2,478,1781,11,180628B_rec_WT-P1p-PCR_S217,MDCK,in vitro,extracellular,bulk
PB2,479,1583,1,180628B_rec_WT-P1p-PCR_S217,MDCK,in vitro,extracellular,bulk
PB2,479,1733,1,180628B_rec_WT-P1p-PCR_S217,MDCK,in vitro,extracellular,bulk
PB2,480,1721,1,180628B_rec_WT-P1p-PCR_S217,MDCK,in vitro,extracellular,bulk
PB2,491,1722,1,180628B_rec_WT-P1p-PCR_S217,MDCK,in vitro,extracellular,bulk
PB2,497,1887,25,180628B_rec_WT-P1p-PCR_S217,MDCK,in vitro,extracellular,bulk
PB2,501,1732,1,180628B_rec_WT-P1p-PCR_S217,MDCK,in vitro,extracellular,bulk
PB2,504,2123,1,180628B_rec_WT-P1p-PCR_S217,MDCK,in vitro,extracellular,bulk
PB2,507,2078,1,180628B_rec_WT-P1p-PCR_S217,MDCK,in vitro,extracellular,bulk
PB2,509,1777,5,180628B_rec_WT-P1p-PCR_S217,MDCK,in vitro,extracellular,bulk
PB2,509,2135,1,180628B_rec_WT-P1p-PCR_S217,MDCK,in vitro,extracellular,bulk
PB2,510,555,1,180628B_rec_WT-P1p-PCR_S217,MDCK,in vitro,extracellular,bulk
PB2,512,1845,1,180628B_rec_WT-P1p-PCR_S217,MDCK,in vitro,extracellular,bulk
PB2,533,1662,1,180628B_rec_WT-P1p-PCR_S217,MDCK,in vitro,extracellular,bulk
PB2,534,1889,1,180628B_rec_WT-P1p-PCR_S217,MDCK,in vitro,extracellular,bulk
PB2,535,1803,2,180628B_rec_WT-P1p-PCR_S217,MDCK,in vitro,extracellular,bulk
PB2,546,1565,1,180628B_rec_WT-P1p-PCR_S217,MDCK,in vitro,extracellular,bulk
PB2,550,1765,1,180628B_rec_WT-P1p-PCR_S217,MDCK,in vitro,extracellular,bulk
PB2,554,1780,6,180628B_rec_WT-P1p-PCR_S217,MDCK,in vitro,extracellular,bulk
PB2,555,1709,8,180628B_rec_WT-P1p-PCR_S217,MDCK,in vitro,extracellular,bulk
PB2,563,1715,1,180628B_rec_WT-P1p-PCR_S217,MDCK,in vitro,extracellular,bulk
PB2,564,1627,57,180628B_rec_WT-P1p-PCR_S217,MDCK,in vitro,extracellular,bulk
PB2,566,1675,1,180628B_rec_WT-P1p-PCR_S217,MDCK,in vitro,extracellular,bulk
PB2,569,1715,1,180628B_rec_WT-P1p-PCR_S217,MDCK,in vitro,extracellular,bulk
PB2,572,1923,1,180628B_rec_WT-P1p-PCR_S217,MDCK,in vitro,extracellular,bulk
PB2,575,1627,4,180628B_rec_WT-P1p-PCR_S217,MDCK,in vitro,extracellular,bulk
PB2,580,1614,1,180628B_rec_WT-P1p-PCR_S217,MDCK,in vitro,extracellular,bulk
PB2,581,2110,13,180628B_rec_WT-P1p-PCR_S217,MDCK,in vitro,extracellular,bulk
PB2,588,1614,1,180628B_rec_WT-P1p-PCR_S217,MDCK,in vitro,extracellular,bulk
PB2,595,2130,1,180628B_rec_WT-P1p-PCR_S217,MDCK,in vitro,extracellular,bulk
PB2,596,2128,1,180628B_rec_WT-P1p-PCR_S217,MDCK,in vitro,extracellular,bulk
PB2,602,2130,3,180628B_rec_WT-P1p-PCR_S217,MDCK,in vitro,extracellular,bulk
PB2,603,2128,1,180628B_rec_WT-P1p-PCR_S217,MDCK,in vitro,extracellular,bulk
PB2,605,1732,1,180628B_rec_WT-P1p-PCR_S217,MDCK,in vitro,extracellular,bulk
PB2,612,1651,2,180628B_rec_WT-P1p-PCR_S217,MDCK,in vitro,extracellular,bulk
PB2,623,1659,1,180628B_rec_WT-P1p-PCR_S217,MDCK,in vitro,extracellular,bulk
PB2,626,1989,2,180628B_rec_WT-P1p-PCR_S217,MDCK,in vitro,extracellular,bulk
PB2,628,1626,4,180628B_rec_WT-P1p-PCR_S217,MDCK,in vitro,extracellular,bulk
PB2,628,1932,23,180628B_rec_WT-P1p-PCR_S217,MDCK,in vitro,extracellular,bulk
PB2,629,1619,2,180628B_rec_WT-P1p-PCR_S217,MDCK,in vitro,extracellular,bulk
PB2,634,1628,2,180628B_rec_WT-P1p-PCR_S217,MDCK,in vitro,extracellular,bulk
PB2,640,1712,1,180628B_rec_WT-P1p-PCR_S217,MDCK,in vitro,extracellular,bulk
PB2,648,2087,1,180628B_rec_WT-P1p-PCR_S217,MDCK,in vitro,extracellular,bulk
PB2,651,2084,1,180628B_rec_WT-P1p-PCR_S217,MDCK,in vitro,extracellular,bulk
PB2,652,2137,1,180628B_rec_WT-P1p-PCR_S217,MDCK,in vitro,extracellular,bulk
PB2,656,2104,1,180628B_rec_WT-P1p-PCR_S217,MDCK,in vitro,extracellular,bulk
PB2,660,2167,6,180628B_rec_WT-P1p-PCR_S217,MDCK,in vitro,extracellular,bulk
PB2,667,2095,2,180628B_rec_WT-P1p-PCR_S217,MDCK,in vitro,extracellular,bulk
PB2,669,2125,1,180628B_rec_WT-P1p-PCR_S217,MDCK,in vitro,extracellular,bulk
PB2,671,1880,1,180628B_rec_WT-P1p-PCR_S217,MDCK,in vitro,extracellular,bulk
PB2,676,2068,1,180628B_rec_WT-P1p-PCR_S217,MDCK,in vitro,extracellular,bulk
PB2,676,2138,4,180628B_rec_WT-P1p-PCR_S217,MDCK,in vitro,extracellular,bulk
PB2,681,1932,13,180628B_rec_WT-P1p-PCR_S217,MDCK,in vitro,extracellular,bulk
PB2,681,2113,93,180628B_rec_WT-P1p-PCR_S217,MDCK,in vitro,extracellular,bulk
PB2,682,1989,1,180628B_rec_WT-P1p-PCR_S217,MDCK,in vitro,extracellular,bulk
PB2,686,1992,2,180628B_rec_WT-P1p-PCR_S217,MDCK,in vitro,extracellular,bulk
PB2,69,1774,1,180628B_rec_WT-P1p-PCR_S217,MDCK,in vitro,extracellular,bulk
PB2,716,1937,1,180628B_rec_WT-P1p-PCR_S217,MDCK,in vitro,extracellular,bulk
PB2,727,758,1,180628B_rec_WT-P1p-PCR_S217,MDCK,in vitro,extracellular,bulk
PB2,730,1860,1,180628B_rec_WT-P1p-PCR_S217,MDCK,in vitro,extracellular,bulk
PB2,731,1614,1,180628B_rec_WT-P1p-PCR_S217,MDCK,in vitro,extracellular,bulk
PB2,741,1600,1,180628B_rec_WT-P1p-PCR_S217,MDCK,in vitro,extracellular,bulk
PB2,746,1741,3,180628B_rec_WT-P1p-PCR_S217,MDCK,in vitro,extracellular,bulk
PB2,747,2082,30,180628B_rec_WT-P1p-PCR_S217,MDCK,in vitro,extracellular,bulk
PB2,749,1853,2,180628B_rec_WT-P1p-PCR_S217,MDCK,in vitro,extracellular,bulk
PB2,753,1564,1,180628B_rec_WT-P1p-PCR_S217,MDCK,in vitro,extracellular,bulk
PB2,754,1602,3,180628B_rec_WT-P1p-PCR_S217,MDCK,in vitro,extracellular,bulk
PB2,756,2069,1,180628B_rec_WT-P1p-PCR_S217,MDCK,in vitro,extracellular,bulk
PB2,757,1637,1,180628B_rec_WT-P1p-PCR_S217,MDCK,in vitro,extracellular,bulk
PB2,759,1565,1,180628B_rec_WT-P1p-PCR_S217,MDCK,in vitro,extracellular,bulk
PB2,769,2136,1,180628B_rec_WT-P1p-PCR_S217,MDCK,in vitro,extracellular,bulk
PB2,785,1503,1,180628B_rec_WT-P1p-PCR_S217,MDCK,in vitro,extracellular,bulk
PB2,785,1964,1,180628B_rec_WT-P1p-PCR_S217,MDCK,in vitro,extracellular,bulk
PB2,803,1539,1,180628B_rec_WT-P1p-PCR_S217,MDCK,in vitro,extracellular,bulk
PB2,814,2081,2,180628B_rec_WT-P1p-PCR_S217,MDCK,in vitro,extracellular,bulk
PB2,824,1467,4,180628B_rec_WT-P1p-PCR_S217,MDCK,in vitro,extracellular,bulk
PB2,838,1765,3,180628B_rec_WT-P1p-PCR_S217,MDCK,in vitro,extracellular,bulk
PB2,85,1863,2,180628B_rec_WT-P1p-PCR_S217,MDCK,in vitro,extracellular,bulk
PB2,878,1638,1,180628B_rec_WT-P1p-PCR_S217,MDCK,in vitro,extracellular,bulk
PB2,885,2079,1,180628B_rec_WT-P1p-PCR_S217,MDCK,in vitro,extracellular,bulk
PB2,88,1624,1,180628B_rec_WT-P1p-PCR_S217,MDCK,in vitro,extracellular,bulk
PB2,90,2026,1,180628B_rec_WT-P1p-PCR_S217,MDCK,in vitro,extracellular,bulk
PB2,936,1833,1,180628B_rec_WT-P1p-PCR_S217,MDCK,in vitro,extracellular,bulk
PB2,93,2139,2,180628B_rec_WT-P1p-PCR_S217,MDCK,in vitro,extracellular,bulk
PB2,962,1355,1,180628B_rec_WT-P1p-PCR_S217,MDCK,in vitro,extracellular,bulk
PB2,981,2104,1,180628B_rec_WT-P1p-PCR_S217,MDCK,in vitro,extracellular,bulk
PB2,987,2170,1,180628B_rec_WT-P1p-PCR_S217,MDCK,in vitro,extracellular,bulk
PB2,990,1869,3,180628B_rec_WT-P1p-PCR_S217,MDCK,in vitro,extracellular,bulk
PB1,102,2024,1,180628B_rec_WT-P1p-PCR_S217,MDCK,in vitro,extracellular,bulk
PB1,1034,1058,1,180628B_rec_WT-P1p-PCR_S217,MDCK,in vitro,extracellular,bulk
PB1,1044,1856,1,180628B_rec_WT-P1p-PCR_S217,MDCK,in vitro,extracellular,bulk
PB1,1064,2057,1,180628B_rec_WT-P1p-PCR_S217,MDCK,in vitro,extracellular,bulk
PB1,1069,1095,1,180628B_rec_WT-P1p-PCR_S217,MDCK,in vitro,extracellular,bulk
PB1,106,2148,1,180628B_rec_WT-P1p-PCR_S217,MDCK,in vitro,extracellular,bulk
PB1,1080,1574,1,180628B_rec_WT-P1p-PCR_S217,MDCK,in vitro,extracellular,bulk
PB1,125,2126,1,180628B_rec_WT-P1p-PCR_S217,MDCK,in vitro,extracellular,bulk
PB1,126,2110,1,180628B_rec_WT-P1p-PCR_S217,MDCK,in vitro,extracellular,bulk
PB1,1300,1417,1,180628B_rec_WT-P1p-PCR_S217,MDCK,in vitro,extracellular,bulk
PB1,131,2139,3,180628B_rec_WT-P1p-PCR_S217,MDCK,in vitro,extracellular,bulk
PB1,133,2163,1,180628B_rec_WT-P1p-PCR_S217,MDCK,in vitro,extracellular,bulk
PB1,134,1488,1,180628B_rec_WT-P1p-PCR_S217,MDCK,in vitro,extracellular,bulk
PB1,136,2111,1,180628B_rec_WT-P1p-PCR_S217,MDCK,in vitro,extracellular,bulk
PB1,136,2121,4,180628B_rec_WT-P1p-PCR_S217,MDCK,in vitro,extracellular,bulk
PB1,136,2166,80,180628B_rec_WT-P1p-PCR_S217,MDCK,in vitro,extracellular,bulk
PB1,137,2165,183,180628B_rec_WT-P1p-PCR_S217,MDCK,in vitro,extracellular,bulk
PB1,138,2092,1,180628B_rec_WT-P1p-PCR_S217,MDCK,in vitro,extracellular,bulk
PB1,143,2047,2,180628B_rec_WT-P1p-PCR_S217,MDCK,in vitro,extracellular,bulk
PB1,143,2128,11,180628B_rec_WT-P1p-PCR_S217,MDCK,in vitro,extracellular,bulk
PB1,145,2103,1,180628B_rec_WT-P1p-PCR_S217,MDCK,in vitro,extracellular,bulk
PB1,1483,2144,1,180628B_rec_WT-P1p-PCR_S217,MDCK,in vitro,extracellular,bulk
PB1,148,2110,92,180628B_rec_WT-P1p-PCR_S217,MDCK,in vitro,extracellular,bulk
PB1,148,2158,9,180628B_rec_WT-P1p-PCR_S217,MDCK,in vitro,extracellular,bulk
PB1,149,2055,1,180628B_rec_WT-P1p-PCR_S217,MDCK,in vitro,extracellular,bulk
PB1,149,2140,6,180628B_rec_WT-P1p-PCR_S217,MDCK,in vitro,extracellular,bulk
PB1,153,2125,1,180628B_rec_WT-P1p-PCR_S217,MDCK,in vitro,extracellular,bulk
PB1,156,1924,2,180628B_rec_WT-P1p-PCR_S217,MDCK,in vitro,extracellular,bulk
PB1,1586,1855,1,180628B_rec_WT-P1p-PCR_S217,MDCK,in vitro,extracellular,bulk
PB1,160,2172,1,180628B_rec_WT-P1p-PCR_S217,MDCK,in vitro,extracellular,bulk
PB1,162,2076,3,180628B_rec_WT-P1p-PCR_S217,MDCK,in vitro,extracellular,bulk
PB1,162,2129,1,180628B_rec_WT-P1p-PCR_S217,MDCK,in vitro,extracellular,bulk
PB1,163,2047,3,180628B_rec_WT-P1p-PCR_S217,MDCK,in vitro,extracellular,bulk
PB1,164,1723,1,180628B_rec_WT-P1p-PCR_S217,MDCK,in vitro,extracellular,bulk
PB1,164,2091,1,180628B_rec_WT-P1p-PCR_S217,MDCK,in vitro,extracellular,bulk
PB1,165,2017,38,180628B_rec_WT-P1p-PCR_S217,MDCK,in vitro,extracellular,bulk
PB1,166,2046,54,180628B_rec_WT-P1p-PCR_S217,MDCK,in vitro,extracellular,bulk
PB1,166,2092,1,180628B_rec_WT-P1p-PCR_S217,MDCK,in vitro,extracellular,bulk
PB1,167,2047,1,180628B_rec_WT-P1p-PCR_S217,MDCK,in vitro,extracellular,bulk
PB1,167,2105,2,180628B_rec_WT-P1p-PCR_S217,MDCK,in vitro,extracellular,bulk
PB1,1696,1731,1,180628B_rec_WT-P1p-PCR_S217,MDCK,in vitro,extracellular,bulk
PB1,169,1944,1,180628B_rec_WT-P1p-PCR_S217,MDCK,in vitro,extracellular,bulk
PB1,169,2099,1,180628B_rec_WT-P1p-PCR_S217,MDCK,in vitro,extracellular,bulk
PB1,170,2165,4,180628B_rec_WT-P1p-PCR_S217,MDCK,in vitro,extracellular,bulk
PB1,171,2059,1,180628B_rec_WT-P1p-PCR_S217,MDCK,in vitro,extracellular,bulk
PB1,171,2092,2,180628B_rec_WT-P1p-PCR_S217,MDCK,in vitro,extracellular,bulk
PB1,172,1276,1,180628B_rec_WT-P1p-PCR_S217,MDCK,in vitro,extracellular,bulk
PB1,175,2133,1,180628B_rec_WT-P1p-PCR_S217,MDCK,in vitro,extracellular,bulk
PB1,1776,1818,1,180628B_rec_WT-P1p-PCR_S217,MDCK,in vitro,extracellular,bulk
PB1,177,2144,3,180628B_rec_WT-P1p-PCR_S217,MDCK,in vitro,extracellular,bulk
PB1,181,2155,1,180628B_rec_WT-P1p-PCR_S217,MDCK,in vitro,extracellular,bulk
PB1,1841,1957,1,180628B_rec_WT-P1p-PCR_S217,MDCK,in vitro,extracellular,bulk
PB1,1867,1900,1,180628B_rec_WT-P1p-PCR_S217,MDCK,in vitro,extracellular,bulk
PB1,186,2146,2,180628B_rec_WT-P1p-PCR_S217,MDCK,in vitro,extracellular,bulk
PB1,1870,1902,75,180628B_rec_WT-P1p-PCR_S217,MDCK,in vitro,extracellular,bulk
PB1,187,2105,2,180628B_rec_WT-P1p-PCR_S217,MDCK,in vitro,extracellular,bulk
PB1,188,2081,2,180628B_rec_WT-P1p-PCR_S217,MDCK,in vitro,extracellular,bulk
PB1,190,1992,1,180628B_rec_WT-P1p-PCR_S217,MDCK,in vitro,extracellular,bulk
PB1,190,1995,19,180628B_rec_WT-P1p-PCR_S217,MDCK,in vitro,extracellular,bulk
PB1,1927,1995,1,180628B_rec_WT-P1p-PCR_S217,MDCK,in vitro,extracellular,bulk
PB1,195,1969,3,180628B_rec_WT-P1p-PCR_S217,MDCK,in vitro,extracellular,bulk
PB1,195,2129,24,180628B_rec_WT-P1p-PCR_S217,MDCK,in vitro,extracellular,bulk
PB1,1982,2025,35,180628B_rec_WT-P1p-PCR_S217,MDCK,in vitro,extracellular,bulk
PB1,198,1734,1,180628B_rec_WT-P1p-PCR_S217,MDCK,in vitro,extracellular,bulk
PB1,199,2105,1,180628B_rec_WT-P1p-PCR_S217,MDCK,in vitro,extracellular,bulk
PB1,199,2165,1,180628B_rec_WT-P1p-PCR_S217,MDCK,in vitro,extracellular,bulk
PB1,200,2039,1,180628B_rec_WT-P1p-PCR_S217,MDCK,in vitro,extracellular,bulk
PB1,200,2055,1,180628B_rec_WT-P1p-PCR_S217,MDCK,in vitro,extracellular,bulk
PB1,200,377,2,180628B_rec_WT-P1p-PCR_S217,MDCK,in vitro,extracellular,bulk
PB1,2052,2169,1,180628B_rec_WT-P1p-PCR_S217,MDCK,in vitro,extracellular,bulk
PB1,205,2117,10,180628B_rec_WT-P1p-PCR_S217,MDCK,in vitro,extracellular,bulk
PB1,2069,2120,1,180628B_rec_WT-P1p-PCR_S217,MDCK,in vitro,extracellular,bulk
PB1,2084,2110,59,180628B_rec_WT-P1p-PCR_S217,MDCK,in vitro,extracellular,bulk
PB1,212,1967,1,180628B_rec_WT-P1p-PCR_S217,MDCK,in vitro,extracellular,bulk
PB1,213,1995,1,180628B_rec_WT-P1p-PCR_S217,MDCK,in vitro,extracellular,bulk
PB1,223,2110,13,180628B_rec_WT-P1p-PCR_S217,MDCK,in vitro,extracellular,bulk
PB1,227,2073,1,180628B_rec_WT-P1p-PCR_S217,MDCK,in vitro,extracellular,bulk
PB1,235,2000,2,180628B_rec_WT-P1p-PCR_S217,MDCK,in vitro,extracellular,bulk
PB1,240,270,60,180628B_rec_WT-P1p-PCR_S217,MDCK,in vitro,extracellular,bulk
PB1,243,2053,5,180628B_rec_WT-P1p-PCR_S217,MDCK,in vitro,extracellular,bulk
PB1,252,2147,4,180628B_rec_WT-P1p-PCR_S217,MDCK,in vitro,extracellular,bulk
PB1,253,1906,1,180628B_rec_WT-P1p-PCR_S217,MDCK,in vitro,extracellular,bulk
PB1,253,1934,4,180628B_rec_WT-P1p-PCR_S217,MDCK,in vitro,extracellular,bulk
PB1,256,1952,1,180628B_rec_WT-P1p-PCR_S217,MDCK,in vitro,extracellular,bulk
PB1,257,2186,176,180628B_rec_WT-P1p-PCR_S217,MDCK,in vitro,extracellular,bulk
PB1,258,1939,2,180628B_rec_WT-P1p-PCR_S217,MDCK,in vitro,extracellular,bulk
PB1,259,2084,2,180628B_rec_WT-P1p-PCR_S217,MDCK,in vitro,extracellular,bulk
PB1,261,1942,1,180628B_rec_WT-P1p-PCR_S217,MDCK,in vitro,extracellular,bulk
PB1,261,1988,1,180628B_rec_WT-P1p-PCR_S217,MDCK,in vitro,extracellular,bulk
PB1,261,1995,1,180628B_rec_WT-P1p-PCR_S217,MDCK,in vitro,extracellular,bulk
PB1,268,2182,1,180628B_rec_WT-P1p-PCR_S217,MDCK,in vitro,extracellular,bulk
PB1,269,2033,1,180628B_rec_WT-P1p-PCR_S217,MDCK,in vitro,extracellular,bulk
PB1,275,1915,1,180628B_rec_WT-P1p-PCR_S217,MDCK,in vitro,extracellular,bulk
PB1,275,1995,3,180628B_rec_WT-P1p-PCR_S217,MDCK,in vitro,extracellular,bulk
PB1,280,1888,2,180628B_rec_WT-P1p-PCR_S217,MDCK,in vitro,extracellular,bulk
PB1,280,1942,2,180628B_rec_WT-P1p-PCR_S217,MDCK,in vitro,extracellular,bulk
PB1,282,479,1,180628B_rec_WT-P1p-PCR_S217,MDCK,in vitro,extracellular,bulk
PB1,283,2055,1,180628B_rec_WT-P1p-PCR_S217,MDCK,in vitro,extracellular,bulk
PB1,284,1973,1,180628B_rec_WT-P1p-PCR_S217,MDCK,in vitro,extracellular,bulk
PB1,285,1927,1,180628B_rec_WT-P1p-PCR_S217,MDCK,in vitro,extracellular,bulk
PB1,286,1794,1,180628B_rec_WT-P1p-PCR_S217,MDCK,in vitro,extracellular,bulk
PB1,293,1996,4,180628B_rec_WT-P1p-PCR_S217,MDCK,in vitro,extracellular,bulk
PB1,294,2069,1,180628B_rec_WT-P1p-PCR_S217,MDCK,in vitro,extracellular,bulk
PB1,295,1856,2,180628B_rec_WT-P1p-PCR_S217,MDCK,in vitro,extracellular,bulk
PB1,298,2106,1,180628B_rec_WT-P1p-PCR_S217,MDCK,in vitro,extracellular,bulk
PB1,300,1850,2,180628B_rec_WT-P1p-PCR_S217,MDCK,in vitro,extracellular,bulk
PB1,300,547,1,180628B_rec_WT-P1p-PCR_S217,MDCK,in vitro,extracellular,bulk
PB1,302,1941,1,180628B_rec_WT-P1p-PCR_S217,MDCK,in vitro,extracellular,bulk
PB1,303,1666,1,180628B_rec_WT-P1p-PCR_S217,MDCK,in vitro,extracellular,bulk
PB1,305,1728,1,180628B_rec_WT-P1p-PCR_S217,MDCK,in vitro,extracellular,bulk
PB1,305,1936,100,180628B_rec_WT-P1p-PCR_S217,MDCK,in vitro,extracellular,bulk
PB1,305,1944,1,180628B_rec_WT-P1p-PCR_S217,MDCK,in vitro,extracellular,bulk
PB1,305,1959,2,180628B_rec_WT-P1p-PCR_S217,MDCK,in vitro,extracellular,bulk
PB1,305,2070,5,180628B_rec_WT-P1p-PCR_S217,MDCK,in vitro,extracellular,bulk
PB1,306,1921,1,180628B_rec_WT-P1p-PCR_S217,MDCK,in vitro,extracellular,bulk
PB1,307,1905,25,180628B_rec_WT-P1p-PCR_S217,MDCK,in vitro,extracellular,bulk
PB1,307,2126,1,180628B_rec_WT-P1p-PCR_S217,MDCK,in vitro,extracellular,bulk
PB1,314,1881,1,180628B_rec_WT-P1p-PCR_S217,MDCK,in vitro,extracellular,bulk
PB1,316,1882,1,180628B_rec_WT-P1p-PCR_S217,MDCK,in vitro,extracellular,bulk
PB1,316,1898,5,180628B_rec_WT-P1p-PCR_S217,MDCK,in vitro,extracellular,bulk
PB1,316,2070,2,180628B_rec_WT-P1p-PCR_S217,MDCK,in vitro,extracellular,bulk
PB1,318,1914,1,180628B_rec_WT-P1p-PCR_S217,MDCK,in vitro,extracellular,bulk
PB1,318,1933,1,180628B_rec_WT-P1p-PCR_S217,MDCK,in vitro,extracellular,bulk
PB1,318,2020,57,180628B_rec_WT-P1p-PCR_S217,MDCK,in vitro,extracellular,bulk
PB1,318,2044,12,180628B_rec_WT-P1p-PCR_S217,MDCK,in vitro,extracellular,bulk
PB1,321,1896,36,180628B_rec_WT-P1p-PCR_S217,MDCK,in vitro,extracellular,bulk
PB1,321,1909,1,180628B_rec_WT-P1p-PCR_S217,MDCK,in vitro,extracellular,bulk
PB1,321,1935,2,180628B_rec_WT-P1p-PCR_S217,MDCK,in vitro,extracellular,bulk
PB1,322,1933,1,180628B_rec_WT-P1p-PCR_S217,MDCK,in vitro,extracellular,bulk
PB1,322,1941,221,180628B_rec_WT-P1p-PCR_S217,MDCK,in vitro,extracellular,bulk
PB1,324,1994,9,180628B_rec_WT-P1p-PCR_S217,MDCK,in vitro,extracellular,bulk
PB1,327,1878,1,180628B_rec_WT-P1p-PCR_S217,MDCK,in vitro,extracellular,bulk
PB1,329,1882,90,180628B_rec_WT-P1p-PCR_S217,MDCK,in vitro,extracellular,bulk
PB1,329,1896,1,180628B_rec_WT-P1p-PCR_S217,MDCK,in vitro,extracellular,bulk
PB1,329,1905,1,180628B_rec_WT-P1p-PCR_S217,MDCK,in vitro,extracellular,bulk
PB1,329,1996,1,180628B_rec_WT-P1p-PCR_S217,MDCK,in vitro,extracellular,bulk
PB1,330,1941,4,180628B_rec_WT-P1p-PCR_S217,MDCK,in vitro,extracellular,bulk
PB1,330,2160,2,180628B_rec_WT-P1p-PCR_S217,MDCK,in vitro,extracellular,bulk
PB1,332,1937,4,180628B_rec_WT-P1p-PCR_S217,MDCK,in vitro,extracellular,bulk
PB1,334,2133,2,180628B_rec_WT-P1p-PCR_S217,MDCK,in vitro,extracellular,bulk
PB1,338,1918,3,180628B_rec_WT-P1p-PCR_S217,MDCK,in vitro,extracellular,bulk
PB1,338,2140,2,180628B_rec_WT-P1p-PCR_S217,MDCK,in vitro,extracellular,bulk
PB1,339,1941,1,180628B_rec_WT-P1p-PCR_S217,MDCK,in vitro,extracellular,bulk
PB1,345,1869,6,180628B_rec_WT-P1p-PCR_S217,MDCK,in vitro,extracellular,bulk
PB1,345,1896,1,180628B_rec_WT-P1p-PCR_S217,MDCK,in vitro,extracellular,bulk
PB1,345,1935,1,180628B_rec_WT-P1p-PCR_S217,MDCK,in vitro,extracellular,bulk
PB1,345,2099,238,180628B_rec_WT-P1p-PCR_S217,MDCK,in vitro,extracellular,bulk
PB1,346,1941,1,180628B_rec_WT-P1p-PCR_S217,MDCK,in vitro,extracellular,bulk
PB1,346,2019,4,180628B_rec_WT-P1p-PCR_S217,MDCK,in vitro,extracellular,bulk
PB1,347,1811,3,180628B_rec_WT-P1p-PCR_S217,MDCK,in vitro,extracellular,bulk
PB1,347,1836,2,180628B_rec_WT-P1p-PCR_S217,MDCK,in vitro,extracellular,bulk
PB1,347,1892,1718,180628B_rec_WT-P1p-PCR_S217,MDCK,in vitro,extracellular,bulk
PB1,347,1908,1,180628B_rec_WT-P1p-PCR_S217,MDCK,in vitro,extracellular,bulk
PB1,348,1893,2,180628B_rec_WT-P1p-PCR_S217,MDCK,in vitro,extracellular,bulk
PB1,348,1894,1,180628B_rec_WT-P1p-PCR_S217,MDCK,in vitro,extracellular,bulk
PB1,348,1945,4,180628B_rec_WT-P1p-PCR_S217,MDCK,in vitro,extracellular,bulk
PB1,350,1947,1,180628B_rec_WT-P1p-PCR_S217,MDCK,in vitro,extracellular,bulk
PB1,351,2077,7,180628B_rec_WT-P1p-PCR_S217,MDCK,in vitro,extracellular,bulk
PB1,352,1929,15,180628B_rec_WT-P1p-PCR_S217,MDCK,in vitro,extracellular,bulk
PB1,356,1840,71,180628B_rec_WT-P1p-PCR_S217,MDCK,in vitro,extracellular,bulk
PB1,356,1957,1,180628B_rec_WT-P1p-PCR_S217,MDCK,in vitro,extracellular,bulk
PB1,361,2174,1,180628B_rec_WT-P1p-PCR_S217,MDCK,in vitro,extracellular,bulk
PB1,363,1841,3,180628B_rec_WT-P1p-PCR_S217,MDCK,in vitro,extracellular,bulk
PB1,363,1917,15,180628B_rec_WT-P1p-PCR_S217,MDCK,in vitro,extracellular,bulk
PB1,367,1855,16,180628B_rec_WT-P1p-PCR_S217,MDCK,in vitro,extracellular,bulk
PB1,368,1679,3,180628B_rec_WT-P1p-PCR_S217,MDCK,in vitro,extracellular,bulk
PB1,369,1972,1,180628B_rec_WT-P1p-PCR_S217,MDCK,in vitro,extracellular,bulk
PB1,372,2106,1,180628B_rec_WT-P1p-PCR_S217,MDCK,in vitro,extracellular,bulk
PB1,386,1950,1,180628B_rec_WT-P1p-PCR_S217,MDCK,in vitro,extracellular,bulk
PB1,388,2059,4,180628B_rec_WT-P1p-PCR_S217,MDCK,in vitro,extracellular,bulk
PB1,390,2103,2,180628B_rec_WT-P1p-PCR_S217,MDCK,in vitro,extracellular,bulk
PB1,395,1884,1,180628B_rec_WT-P1p-PCR_S217,MDCK,in vitro,extracellular,bulk
PB1,395,1971,1,180628B_rec_WT-P1p-PCR_S217,MDCK,in vitro,extracellular,bulk
PB1,401,1846,1,180628B_rec_WT-P1p-PCR_S217,MDCK,in vitro,extracellular,bulk
PB1,404,1754,2,180628B_rec_WT-P1p-PCR_S217,MDCK,in vitro,extracellular,bulk
PB1,406,2065,1,180628B_rec_WT-P1p-PCR_S217,MDCK,in vitro,extracellular,bulk
PB1,412,1798,1,180628B_rec_WT-P1p-PCR_S217,MDCK,in vitro,extracellular,bulk
PB1,413,1928,1,180628B_rec_WT-P1p-PCR_S217,MDCK,in vitro,extracellular,bulk
PB1,415,1718,1,180628B_rec_WT-P1p-PCR_S217,MDCK,in vitro,extracellular,bulk
PB1,416,1914,1,180628B_rec_WT-P1p-PCR_S217,MDCK,in vitro,extracellular,bulk
PB1,417,1851,1,180628B_rec_WT-P1p-PCR_S217,MDCK,in vitro,extracellular,bulk
PB1,418,1901,1,180628B_rec_WT-P1p-PCR_S217,MDCK,in vitro,extracellular,bulk
PB1,418,1992,2,180628B_rec_WT-P1p-PCR_S217,MDCK,in vitro,extracellular,bulk
PB1,418,2024,2,180628B_rec_WT-P1p-PCR_S217,MDCK,in vitro,extracellular,bulk
PB1,420,1700,1,180628B_rec_WT-P1p-PCR_S217,MDCK,in vitro,extracellular,bulk
PB1,425,1869,2,180628B_rec_WT-P1p-PCR_S217,MDCK,in vitro,extracellular,bulk
PB1,426,2049,2,180628B_rec_WT-P1p-PCR_S217,MDCK,in vitro,extracellular,bulk
PB1,427,1723,1,180628B_rec_WT-P1p-PCR_S217,MDCK,in vitro,extracellular,bulk
PB1,427,1884,4,180628B_rec_WT-P1p-PCR_S217,MDCK,in vitro,extracellular,bulk
PB1,430,1729,186,180628B_rec_WT-P1p-PCR_S217,MDCK,in vitro,extracellular,bulk
PB1,434,1926,3,180628B_rec_WT-P1p-PCR_S217,MDCK,in vitro,extracellular,bulk
PB1,435,2163,1,180628B_rec_WT-P1p-PCR_S217,MDCK,in vitro,extracellular,bulk
PB1,436,1968,2,180628B_rec_WT-P1p-PCR_S217,MDCK,in vitro,extracellular,bulk
PB1,437,1730,1,180628B_rec_WT-P1p-PCR_S217,MDCK,in vitro,extracellular,bulk
PB1,437,1981,2,180628B_rec_WT-P1p-PCR_S217,MDCK,in vitro,extracellular,bulk
PB1,438,1927,5,180628B_rec_WT-P1p-PCR_S217,MDCK,in vitro,extracellular,bulk
PB1,439,1700,1,180628B_rec_WT-P1p-PCR_S217,MDCK,in vitro,extracellular,bulk
PB1,441,1856,2,180628B_rec_WT-P1p-PCR_S217,MDCK,in vitro,extracellular,bulk
PB1,446,2107,5,180628B_rec_WT-P1p-PCR_S217,MDCK,in vitro,extracellular,bulk
PB1,450,1829,1,180628B_rec_WT-P1p-PCR_S217,MDCK,in vitro,extracellular,bulk
PB1,451,1818,2,180628B_rec_WT-P1p-PCR_S217,MDCK,in vitro,extracellular,bulk
PB1,451,1994,2,180628B_rec_WT-P1p-PCR_S217,MDCK,in vitro,extracellular,bulk
PB1,457,1772,1,180628B_rec_WT-P1p-PCR_S217,MDCK,in vitro,extracellular,bulk
PB1,458,1910,1,180628B_rec_WT-P1p-PCR_S217,MDCK,in vitro,extracellular,bulk
PB1,461,1836,5,180628B_rec_WT-P1p-PCR_S217,MDCK,in vitro,extracellular,bulk
PB1,464,1898,1,180628B_rec_WT-P1p-PCR_S217,MDCK,in vitro,extracellular,bulk
PB1,465,1753,1,180628B_rec_WT-P1p-PCR_S217,MDCK,in vitro,extracellular,bulk
PB1,510,2227,4,180628B_rec_WT-P1p-PCR_S217,MDCK,in vitro,extracellular,bulk
PB1,521,1711,2,180628B_rec_WT-P1p-PCR_S217,MDCK,in vitro,extracellular,bulk
PB1,536,1726,1,180628B_rec_WT-P1p-PCR_S217,MDCK,in vitro,extracellular,bulk
PB1,53,2111,1,180628B_rec_WT-P1p-PCR_S217,MDCK,in vitro,extracellular,bulk
PB1,541,1994,2,180628B_rec_WT-P1p-PCR_S217,MDCK,in vitro,extracellular,bulk
PB1,543,1721,2,180628B_rec_WT-P1p-PCR_S217,MDCK,in vitro,extracellular,bulk
PB1,547,1821,1,180628B_rec_WT-P1p-PCR_S217,MDCK,in vitro,extracellular,bulk
PB1,549,1704,1,180628B_rec_WT-P1p-PCR_S217,MDCK,in vitro,extracellular,bulk
PB1,54,127,1,180628B_rec_WT-P1p-PCR_S217,MDCK,in vitro,extracellular,bulk
PB1,54,1884,1,180628B_rec_WT-P1p-PCR_S217,MDCK,in vitro,extracellular,bulk
PB1,550,1689,1,180628B_rec_WT-P1p-PCR_S217,MDCK,in vitro,extracellular,bulk
PB1,551,1950,1,180628B_rec_WT-P1p-PCR_S217,MDCK,in vitro,extracellular,bulk
PB1,556,660,1,180628B_rec_WT-P1p-PCR_S217,MDCK,in vitro,extracellular,bulk
PB1,557,1712,2,180628B_rec_WT-P1p-PCR_S217,MDCK,in vitro,extracellular,bulk
PB1,55,80,9,180628B_rec_WT-P1p-PCR_S217,MDCK,in vitro,extracellular,bulk
PB1,562,1864,11,180628B_rec_WT-P1p-PCR_S217,MDCK,in vitro,extracellular,bulk
PB1,566,1728,1,180628B_rec_WT-P1p-PCR_S217,MDCK,in vitro,extracellular,bulk
PB1,566,1818,1,180628B_rec_WT-P1p-PCR_S217,MDCK,in vitro,extracellular,bulk
PB1,568,1679,4,180628B_rec_WT-P1p-PCR_S217,MDCK,in vitro,extracellular,bulk
PB1,576,1778,1,180628B_rec_WT-P1p-PCR_S217,MDCK,in vitro,extracellular,bulk
PB1,578,1639,4,180628B_rec_WT-P1p-PCR_S217,MDCK,in vitro,extracellular,bulk
PB1,581,1616,2,180628B_rec_WT-P1p-PCR_S217,MDCK,in vitro,extracellular,bulk
PB1,599,1639,2,180628B_rec_WT-P1p-PCR_S217,MDCK,in vitro,extracellular,bulk
PB1,61,2101,1,180628B_rec_WT-P1p-PCR_S217,MDCK,in vitro,extracellular,bulk
PB1,622,1864,1,180628B_rec_WT-P1p-PCR_S217,MDCK,in vitro,extracellular,bulk
PB1,636,1578,1,180628B_rec_WT-P1p-PCR_S217,MDCK,in vitro,extracellular,bulk
PB1,638,1951,1,180628B_rec_WT-P1p-PCR_S217,MDCK,in vitro,extracellular,bulk
PB1,642,1583,1,180628B_rec_WT-P1p-PCR_S217,MDCK,in vitro,extracellular,bulk
PB1,642,1614,1,180628B_rec_WT-P1p-PCR_S217,MDCK,in vitro,extracellular,bulk
PB1,65,93,5,180628B_rec_WT-P1p-PCR_S217,MDCK,in vitro,extracellular,bulk
PB1,662,1939,3,180628B_rec_WT-P1p-PCR_S217,MDCK,in vitro,extracellular,bulk
PB1,662,2225,1,180628B_rec_WT-P1p-PCR_S217,MDCK,in vitro,extracellular,bulk
PB1,68,2091,9,180628B_rec_WT-P1p-PCR_S217,MDCK,in vitro,extracellular,bulk
PB1,690,1556,1,180628B_rec_WT-P1p-PCR_S217,MDCK,in vitro,extracellular,bulk
PB1,701,1499,8,180628B_rec_WT-P1p-PCR_S217,MDCK,in vitro,extracellular,bulk
PB1,704,1519,1,180628B_rec_WT-P1p-PCR_S217,MDCK,in vitro,extracellular,bulk
PB1,706,732,1,180628B_rec_WT-P1p-PCR_S217,MDCK,in vitro,extracellular,bulk
PB1,740,1808,2,180628B_rec_WT-P1p-PCR_S217,MDCK,in vitro,extracellular,bulk
PB1,745,1461,1,180628B_rec_WT-P1p-PCR_S217,MDCK,in vitro,extracellular,bulk
PB1,749,1964,1,180628B_rec_WT-P1p-PCR_S217,MDCK,in vitro,extracellular,bulk
PB1,761,1489,1,180628B_rec_WT-P1p-PCR_S217,MDCK,in vitro,extracellular,bulk
PB1,76,2129,37,180628B_rec_WT-P1p-PCR_S217,MDCK,in vitro,extracellular,bulk
PB1,781,1542,1,180628B_rec_WT-P1p-PCR_S217,MDCK,in vitro,extracellular,bulk
PB1,836,1883,2,180628B_rec_WT-P1p-PCR_S217,MDCK,in vitro,extracellular,bulk
PB1,84,149,1,180628B_rec_WT-P1p-PCR_S217,MDCK,in vitro,extracellular,bulk
PB1,863,1809,1,180628B_rec_WT-P1p-PCR_S217,MDCK,in vitro,extracellular,bulk
PB1,893,1363,2,180628B_rec_WT-P1p-PCR_S217,MDCK,in vitro,extracellular,bulk
PB1,90,2112,14,180628B_rec_WT-P1p-PCR_S217,MDCK,in vitro,extracellular,bulk
PB1,90,2132,1,180628B_rec_WT-P1p-PCR_S217,MDCK,in vitro,extracellular,bulk
PB1,915,1849,1,180628B_rec_WT-P1p-PCR_S217,MDCK,in vitro,extracellular,bulk
PB1,96,2111,1,180628B_rec_WT-P1p-PCR_S217,MDCK,in vitro,extracellular,bulk
PB1,96,2166,1,180628B_rec_WT-P1p-PCR_S217,MDCK,in vitro,extracellular,bulk
PB1,97,168,2,180628B_rec_WT-P1p-PCR_S217,MDCK,in vitro,extracellular,bulk
PB1,99,2061,2,180628B_rec_WT-P1p-PCR_S217,MDCK,in vitro,extracellular,bulk
PA,101,143,4,180628B_rec_WT-P1p-PCR_S217,MDCK,in vitro,extracellular,bulk
PA,102,1894,1,180628B_rec_WT-P1p-PCR_S217,MDCK,in vitro,extracellular,bulk
PA,102,2006,10,180628B_rec_WT-P1p-PCR_S217,MDCK,in vitro,extracellular,bulk
PA,104,2008,1,180628B_rec_WT-P1p-PCR_S217,MDCK,in vitro,extracellular,bulk
PA,106,1959,7,180628B_rec_WT-P1p-PCR_S217,MDCK,in vitro,extracellular,bulk
PA,107,1606,2,180628B_rec_WT-P1p-PCR_S217,MDCK,in vitro,extracellular,bulk
PA,1080,2101,1,180628B_rec_WT-P1p-PCR_S217,MDCK,in vitro,extracellular,bulk
PA,1130,2081,1,180628B_rec_WT-P1p-PCR_S217,MDCK,in vitro,extracellular,bulk
PA,1198,1263,1,180628B_rec_WT-P1p-PCR_S217,MDCK,in vitro,extracellular,bulk
PA,120,1922,2,180628B_rec_WT-P1p-PCR_S217,MDCK,in vitro,extracellular,bulk
PA,121,2073,2,180628B_rec_WT-P1p-PCR_S217,MDCK,in vitro,extracellular,bulk
PA,121,2074,91,180628B_rec_WT-P1p-PCR_S217,MDCK,in vitro,extracellular,bulk
PA,138,1952,55,180628B_rec_WT-P1p-PCR_S217,MDCK,in vitro,extracellular,bulk
PA,138,1967,1,180628B_rec_WT-P1p-PCR_S217,MDCK,in vitro,extracellular,bulk
PA,139,1946,1,180628B_rec_WT-P1p-PCR_S217,MDCK,in vitro,extracellular,bulk
PA,139,2056,1,180628B_rec_WT-P1p-PCR_S217,MDCK,in vitro,extracellular,bulk
PA,143,1872,1,180628B_rec_WT-P1p-PCR_S217,MDCK,in vitro,extracellular,bulk
PA,1491,1536,2,180628B_rec_WT-P1p-PCR_S217,MDCK,in vitro,extracellular,bulk
PA,153,1949,1,180628B_rec_WT-P1p-PCR_S217,MDCK,in vitro,extracellular,bulk
PA,153,2049,1,180628B_rec_WT-P1p-PCR_S217,MDCK,in vitro,extracellular,bulk
PA,153,2056,1,180628B_rec_WT-P1p-PCR_S217,MDCK,in vitro,extracellular,bulk
PA,157,2026,82,180628B_rec_WT-P1p-PCR_S217,MDCK,in vitro,extracellular,bulk
PA,160,1924,1,180628B_rec_WT-P1p-PCR_S217,MDCK,in vitro,extracellular,bulk
PA,160,2010,1,180628B_rec_WT-P1p-PCR_S217,MDCK,in vitro,extracellular,bulk
PA,161,2001,23,180628B_rec_WT-P1p-PCR_S217,MDCK,in vitro,extracellular,bulk
PA,161,2106,1,180628B_rec_WT-P1p-PCR_S217,MDCK,in vitro,extracellular,bulk
PA,1688,2044,1,180628B_rec_WT-P1p-PCR_S217,MDCK,in vitro,extracellular,bulk
PA,173,216,1,180628B_rec_WT-P1p-PCR_S217,MDCK,in vitro,extracellular,bulk
PA,1778,2106,2,180628B_rec_WT-P1p-PCR_S217,MDCK,in vitro,extracellular,bulk
PA,177,1975,3,180628B_rec_WT-P1p-PCR_S217,MDCK,in vitro,extracellular,bulk
PA,178,1919,1,180628B_rec_WT-P1p-PCR_S217,MDCK,in vitro,extracellular,bulk
PA,179,1893,9,180628B_rec_WT-P1p-PCR_S217,MDCK,in vitro,extracellular,bulk
PA,180,2026,4,180628B_rec_WT-P1p-PCR_S217,MDCK,in vitro,extracellular,bulk
PA,182,1943,2,180628B_rec_WT-P1p-PCR_S217,MDCK,in vitro,extracellular,bulk
PA,182,1952,1,180628B_rec_WT-P1p-PCR_S217,MDCK,in vitro,extracellular,bulk
PA,183,1915,17,180628B_rec_WT-P1p-PCR_S217,MDCK,in vitro,extracellular,bulk
PA,183,1980,14,180628B_rec_WT-P1p-PCR_S217,MDCK,in vitro,extracellular,bulk
PA,1889,1916,3,180628B_rec_WT-P1p-PCR_S217,MDCK,in vitro,extracellular,bulk
PA,189,1862,1,180628B_rec_WT-P1p-PCR_S217,MDCK,in vitro,extracellular,bulk
PA,1908,2103,1,180628B_rec_WT-P1p-PCR_S217,MDCK,in vitro,extracellular,bulk
PA,1918,1944,2,180628B_rec_WT-P1p-PCR_S217,MDCK,in vitro,extracellular,bulk
PA,191,2048,1,180628B_rec_WT-P1p-PCR_S217,MDCK,in vitro,extracellular,bulk
PA,193,1897,1,180628B_rec_WT-P1p-PCR_S217,MDCK,in vitro,extracellular,bulk
PA,195,1942,2,180628B_rec_WT-P1p-PCR_S217,MDCK,in vitro,extracellular,bulk
PA,1978,2168,2,180628B_rec_WT-P1p-PCR_S217,MDCK,in vitro,extracellular,bulk
PA,1986,2012,1,180628B_rec_WT-P1p-PCR_S217,MDCK,in vitro,extracellular,bulk
PA,198,1942,1,180628B_rec_WT-P1p-PCR_S217,MDCK,in vitro,extracellular,bulk
PA,2005,2075,4,180628B_rec_WT-P1p-PCR_S217,MDCK,in vitro,extracellular,bulk
PA,2025,2086,2,180628B_rec_WT-P1p-PCR_S217,MDCK,in vitro,extracellular,bulk
PA,203,1933,21,180628B_rec_WT-P1p-PCR_S217,MDCK,in vitro,extracellular,bulk
PA,204,1960,1,180628B_rec_WT-P1p-PCR_S217,MDCK,in vitro,extracellular,bulk
PA,207,1945,48,180628B_rec_WT-P1p-PCR_S217,MDCK,in vitro,extracellular,bulk
PA,207,1951,6,180628B_rec_WT-P1p-PCR_S217,MDCK,in vitro,extracellular,bulk
PA,207,1960,7,180628B_rec_WT-P1p-PCR_S217,MDCK,in vitro,extracellular,bulk
PA,207,2026,2,180628B_rec_WT-P1p-PCR_S217,MDCK,in vitro,extracellular,bulk
PA,209,1938,1,180628B_rec_WT-P1p-PCR_S217,MDCK,in vitro,extracellular,bulk
PA,210,1980,29,180628B_rec_WT-P1p-PCR_S217,MDCK,in vitro,extracellular,bulk
PA,211,1905,1,180628B_rec_WT-P1p-PCR_S217,MDCK,in vitro,extracellular,bulk
PA,211,1913,2,180628B_rec_WT-P1p-PCR_S217,MDCK,in vitro,extracellular,bulk
PA,211,1935,1,180628B_rec_WT-P1p-PCR_S217,MDCK,in vitro,extracellular,bulk
PA,213,1960,1,180628B_rec_WT-P1p-PCR_S217,MDCK,in vitro,extracellular,bulk
PA,214,1953,4,180628B_rec_WT-P1p-PCR_S217,MDCK,in vitro,extracellular,bulk
PA,215,1942,1,180628B_rec_WT-P1p-PCR_S217,MDCK,in vitro,extracellular,bulk
PA,220,1655,1,180628B_rec_WT-P1p-PCR_S217,MDCK,in vitro,extracellular,bulk
PA,228,1922,29,180628B_rec_WT-P1p-PCR_S217,MDCK,in vitro,extracellular,bulk
PA,228,1974,5,180628B_rec_WT-P1p-PCR_S217,MDCK,in vitro,extracellular,bulk
PA,230,1873,1,180628B_rec_WT-P1p-PCR_S217,MDCK,in vitro,extracellular,bulk
PA,231,2010,1,180628B_rec_WT-P1p-PCR_S217,MDCK,in vitro,extracellular,bulk
PA,234,1937,14,180628B_rec_WT-P1p-PCR_S217,MDCK,in vitro,extracellular,bulk
PA,236,1962,1,180628B_rec_WT-P1p-PCR_S217,MDCK,in vitro,extracellular,bulk
PA,237,1930,1,180628B_rec_WT-P1p-PCR_S217,MDCK,in vitro,extracellular,bulk
PA,240,1957,1,180628B_rec_WT-P1p-PCR_S217,MDCK,in vitro,extracellular,bulk
PA,241,1873,1,180628B_rec_WT-P1p-PCR_S217,MDCK,in vitro,extracellular,bulk
PA,243,1943,1,180628B_rec_WT-P1p-PCR_S217,MDCK,in vitro,extracellular,bulk
PA,245,1811,1,180628B_rec_WT-P1p-PCR_S217,MDCK,in vitro,extracellular,bulk
PA,245,1902,1,180628B_rec_WT-P1p-PCR_S217,MDCK,in vitro,extracellular,bulk
PA,245,1913,1,180628B_rec_WT-P1p-PCR_S217,MDCK,in vitro,extracellular,bulk
PA,245,1922,1,180628B_rec_WT-P1p-PCR_S217,MDCK,in vitro,extracellular,bulk
PA,245,1945,880,180628B_rec_WT-P1p-PCR_S217,MDCK,in vitro,extracellular,bulk
PA,245,2011,39,180628B_rec_WT-P1p-PCR_S217,MDCK,in vitro,extracellular,bulk
PA,246,1946,2,180628B_rec_WT-P1p-PCR_S217,MDCK,in vitro,extracellular,bulk
PA,248,1934,1,180628B_rec_WT-P1p-PCR_S217,MDCK,in vitro,extracellular,bulk
PA,248,1967,2,180628B_rec_WT-P1p-PCR_S217,MDCK,in vitro,extracellular,bulk
PA,250,1930,1,180628B_rec_WT-P1p-PCR_S217,MDCK,in vitro,extracellular,bulk
PA,255,1816,1,180628B_rec_WT-P1p-PCR_S217,MDCK,in vitro,extracellular,bulk
PA,258,1903,188,180628B_rec_WT-P1p-PCR_S217,MDCK,in vitro,extracellular,bulk
PA,260,1843,1,180628B_rec_WT-P1p-PCR_S217,MDCK,in vitro,extracellular,bulk
PA,260,1917,5,180628B_rec_WT-P1p-PCR_S217,MDCK,in vitro,extracellular,bulk
PA,265,1905,1,180628B_rec_WT-P1p-PCR_S217,MDCK,in vitro,extracellular,bulk
PA,266,1775,2,180628B_rec_WT-P1p-PCR_S217,MDCK,in vitro,extracellular,bulk
PA,266,1806,1,180628B_rec_WT-P1p-PCR_S217,MDCK,in vitro,extracellular,bulk
PA,267,1879,1,180628B_rec_WT-P1p-PCR_S217,MDCK,in vitro,extracellular,bulk
PA,267,1906,1,180628B_rec_WT-P1p-PCR_S217,MDCK,in vitro,extracellular,bulk
PA,271,1779,2,180628B_rec_WT-P1p-PCR_S217,MDCK,in vitro,extracellular,bulk
PA,272,1836,23,180628B_rec_WT-P1p-PCR_S217,MDCK,in vitro,extracellular,bulk
PA,272,2011,3,180628B_rec_WT-P1p-PCR_S217,MDCK,in vitro,extracellular,bulk
PA,273,1918,1,180628B_rec_WT-P1p-PCR_S217,MDCK,in vitro,extracellular,bulk
PA,274,1827,2,180628B_rec_WT-P1p-PCR_S217,MDCK,in vitro,extracellular,bulk
PA,276,1882,350,180628B_rec_WT-P1p-PCR_S217,MDCK,in vitro,extracellular,bulk
PA,278,1884,2,180628B_rec_WT-P1p-PCR_S217,MDCK,in vitro,extracellular,bulk
PA,281,1709,1,180628B_rec_WT-P1p-PCR_S217,MDCK,in vitro,extracellular,bulk
PA,282,1675,1,180628B_rec_WT-P1p-PCR_S217,MDCK,in vitro,extracellular,bulk
PA,283,1918,1,180628B_rec_WT-P1p-PCR_S217,MDCK,in vitro,extracellular,bulk
PA,283,2043,2,180628B_rec_WT-P1p-PCR_S217,MDCK,in vitro,extracellular,bulk
PA,285,1884,4,180628B_rec_WT-P1p-PCR_S217,MDCK,in vitro,extracellular,bulk
PA,285,1920,701,180628B_rec_WT-P1p-PCR_S217,MDCK,in vitro,extracellular,bulk
PA,289,2055,7,180628B_rec_WT-P1p-PCR_S217,MDCK,in vitro,extracellular,bulk
PA,290,1813,3,180628B_rec_WT-P1p-PCR_S217,MDCK,in vitro,extracellular,bulk
PA,291,2048,1,180628B_rec_WT-P1p-PCR_S217,MDCK,in vitro,extracellular,bulk
PA,292,1759,2,180628B_rec_WT-P1p-PCR_S217,MDCK,in vitro,extracellular,bulk
PA,292,1874,1,180628B_rec_WT-P1p-PCR_S217,MDCK,in vitro,extracellular,bulk
PA,293,1809,5,180628B_rec_WT-P1p-PCR_S217,MDCK,in vitro,extracellular,bulk
PA,293,1932,1,180628B_rec_WT-P1p-PCR_S217,MDCK,in vitro,extracellular,bulk
PA,296,1948,1,180628B_rec_WT-P1p-PCR_S217,MDCK,in vitro,extracellular,bulk
PA,299,1926,1,180628B_rec_WT-P1p-PCR_S217,MDCK,in vitro,extracellular,bulk
PA,301,1842,550,180628B_rec_WT-P1p-PCR_S217,MDCK,in vitro,extracellular,bulk
PA,304,1794,12,180628B_rec_WT-P1p-PCR_S217,MDCK,in vitro,extracellular,bulk
PA,304,1868,1,180628B_rec_WT-P1p-PCR_S217,MDCK,in vitro,extracellular,bulk
PA,305,1792,2,180628B_rec_WT-P1p-PCR_S217,MDCK,in vitro,extracellular,bulk
PA,307,1753,1,180628B_rec_WT-P1p-PCR_S217,MDCK,in vitro,extracellular,bulk
PA,311,1952,1,180628B_rec_WT-P1p-PCR_S217,MDCK,in vitro,extracellular,bulk
PA,312,1882,1,180628B_rec_WT-P1p-PCR_S217,MDCK,in vitro,extracellular,bulk
PA,313,1844,5,180628B_rec_WT-P1p-PCR_S217,MDCK,in vitro,extracellular,bulk
PA,313,1945,3,180628B_rec_WT-P1p-PCR_S217,MDCK,in vitro,extracellular,bulk
PA,322,2079,1,180628B_rec_WT-P1p-PCR_S217,MDCK,in vitro,extracellular,bulk
PA,335,1811,2,180628B_rec_WT-P1p-PCR_S217,MDCK,in vitro,extracellular,bulk
PA,335,1870,1,180628B_rec_WT-P1p-PCR_S217,MDCK,in vitro,extracellular,bulk
PA,335,1950,1,180628B_rec_WT-P1p-PCR_S217,MDCK,in vitro,extracellular,bulk
PA,336,1853,3,180628B_rec_WT-P1p-PCR_S217,MDCK,in vitro,extracellular,bulk
PA,337,1955,2,180628B_rec_WT-P1p-PCR_S217,MDCK,in vitro,extracellular,bulk
PA,338,1936,1,180628B_rec_WT-P1p-PCR_S217,MDCK,in vitro,extracellular,bulk
PA,340,1784,1,180628B_rec_WT-P1p-PCR_S217,MDCK,in vitro,extracellular,bulk
PA,341,1712,1,180628B_rec_WT-P1p-PCR_S217,MDCK,in vitro,extracellular,bulk
PA,342,1845,1,180628B_rec_WT-P1p-PCR_S217,MDCK,in vitro,extracellular,bulk
PA,342,377,2,180628B_rec_WT-P1p-PCR_S217,MDCK,in vitro,extracellular,bulk
PA,344,1717,1,180628B_rec_WT-P1p-PCR_S217,MDCK,in vitro,extracellular,bulk
PA,353,1527,1,180628B_rec_WT-P1p-PCR_S217,MDCK,in vitro,extracellular,bulk
PA,353,1745,1,180628B_rec_WT-P1p-PCR_S217,MDCK,in vitro,extracellular,bulk
PA,355,1976,1,180628B_rec_WT-P1p-PCR_S217,MDCK,in vitro,extracellular,bulk
PA,357,1792,5,180628B_rec_WT-P1p-PCR_S217,MDCK,in vitro,extracellular,bulk
PA,358,1813,1,180628B_rec_WT-P1p-PCR_S217,MDCK,in vitro,extracellular,bulk
PA,358,1845,1,180628B_rec_WT-P1p-PCR_S217,MDCK,in vitro,extracellular,bulk
PA,366,1761,2,180628B_rec_WT-P1p-PCR_S217,MDCK,in vitro,extracellular,bulk
PA,366,1792,1,180628B_rec_WT-P1p-PCR_S217,MDCK,in vitro,extracellular,bulk
PA,366,1823,2,180628B_rec_WT-P1p-PCR_S217,MDCK,in vitro,extracellular,bulk
PA,366,1830,1,180628B_rec_WT-P1p-PCR_S217,MDCK,in vitro,extracellular,bulk
PA,368,1700,176,180628B_rec_WT-P1p-PCR_S217,MDCK,in vitro,extracellular,bulk
PA,369,1701,1,180628B_rec_WT-P1p-PCR_S217,MDCK,in vitro,extracellular,bulk
PA,374,1754,1,180628B_rec_WT-P1p-PCR_S217,MDCK,in vitro,extracellular,bulk
PA,389,1774,2,180628B_rec_WT-P1p-PCR_S217,MDCK,in vitro,extracellular,bulk
PA,389,1792,1,180628B_rec_WT-P1p-PCR_S217,MDCK,in vitro,extracellular,bulk
PA,389,1823,4,180628B_rec_WT-P1p-PCR_S217,MDCK,in vitro,extracellular,bulk
PA,390,1716,1,180628B_rec_WT-P1p-PCR_S217,MDCK,in vitro,extracellular,bulk
PA,390,1728,2,180628B_rec_WT-P1p-PCR_S217,MDCK,in vitro,extracellular,bulk
PA,390,1808,3,180628B_rec_WT-P1p-PCR_S217,MDCK,in vitro,extracellular,bulk
PA,391,1753,32,180628B_rec_WT-P1p-PCR_S217,MDCK,in vitro,extracellular,bulk
PA,394,656,1,180628B_rec_WT-P1p-PCR_S217,MDCK,in vitro,extracellular,bulk
PA,398,1697,15,180628B_rec_WT-P1p-PCR_S217,MDCK,in vitro,extracellular,bulk
PA,407,1712,1,180628B_rec_WT-P1p-PCR_S217,MDCK,in vitro,extracellular,bulk
PA,407,1764,1,180628B_rec_WT-P1p-PCR_S217,MDCK,in vitro,extracellular,bulk
PA,410,1672,1,180628B_rec_WT-P1p-PCR_S217,MDCK,in vitro,extracellular,bulk
PA,412,1717,25,180628B_rec_WT-P1p-PCR_S217,MDCK,in vitro,extracellular,bulk
PA,412,1809,1,180628B_rec_WT-P1p-PCR_S217,MDCK,in vitro,extracellular,bulk
PA,413,1815,4,180628B_rec_WT-P1p-PCR_S217,MDCK,in vitro,extracellular,bulk
PA,415,1761,3,180628B_rec_WT-P1p-PCR_S217,MDCK,in vitro,extracellular,bulk
PA,419,1709,1,180628B_rec_WT-P1p-PCR_S217,MDCK,in vitro,extracellular,bulk
PA,423,1929,1,180628B_rec_WT-P1p-PCR_S217,MDCK,in vitro,extracellular,bulk
PA,430,1527,2,180628B_rec_WT-P1p-PCR_S217,MDCK,in vitro,extracellular,bulk
PA,432,1654,2,180628B_rec_WT-P1p-PCR_S217,MDCK,in vitro,extracellular,bulk
PA,437,1749,1,180628B_rec_WT-P1p-PCR_S217,MDCK,in vitro,extracellular,bulk
PA,438,1934,1,180628B_rec_WT-P1p-PCR_S217,MDCK,in vitro,extracellular,bulk
PA,443,1801,1,180628B_rec_WT-P1p-PCR_S217,MDCK,in vitro,extracellular,bulk
PA,447,1694,1,180628B_rec_WT-P1p-PCR_S217,MDCK,in vitro,extracellular,bulk
PA,451,1698,1,180628B_rec_WT-P1p-PCR_S217,MDCK,in vitro,extracellular,bulk
PA,451,1732,25,180628B_rec_WT-P1p-PCR_S217,MDCK,in vitro,extracellular,bulk
PA,452,1733,1,180628B_rec_WT-P1p-PCR_S217,MDCK,in vitro,extracellular,bulk
PA,455,1797,1,180628B_rec_WT-P1p-PCR_S217,MDCK,in vitro,extracellular,bulk
PA,459,1698,1,180628B_rec_WT-P1p-PCR_S217,MDCK,in vitro,extracellular,bulk
PA,462,1573,1,180628B_rec_WT-P1p-PCR_S217,MDCK,in vitro,extracellular,bulk
PA,468,1738,1,180628B_rec_WT-P1p-PCR_S217,MDCK,in vitro,extracellular,bulk
PA,480,2123,1,180628B_rec_WT-P1p-PCR_S217,MDCK,in vitro,extracellular,bulk
PA,481,2078,3,180628B_rec_WT-P1p-PCR_S217,MDCK,in vitro,extracellular,bulk
PA,490,2044,1,180628B_rec_WT-P1p-PCR_S217,MDCK,in vitro,extracellular,bulk
PA,492,1704,1,180628B_rec_WT-P1p-PCR_S217,MDCK,in vitro,extracellular,bulk
PA,503,1717,1,180628B_rec_WT-P1p-PCR_S217,MDCK,in vitro,extracellular,bulk
PA,505,1651,1,180628B_rec_WT-P1p-PCR_S217,MDCK,in vitro,extracellular,bulk
PA,512,2040,1,180628B_rec_WT-P1p-PCR_S217,MDCK,in vitro,extracellular,bulk
PA,517,1834,1,180628B_rec_WT-P1p-PCR_S217,MDCK,in vitro,extracellular,bulk
PA,520,2090,1,180628B_rec_WT-P1p-PCR_S217,MDCK,in vitro,extracellular,bulk
PA,525,1459,5,180628B_rec_WT-P1p-PCR_S217,MDCK,in vitro,extracellular,bulk
PA,531,2038,2,180628B_rec_WT-P1p-PCR_S217,MDCK,in vitro,extracellular,bulk
PA,532,2083,1,180628B_rec_WT-P1p-PCR_S217,MDCK,in vitro,extracellular,bulk
PA,536,1617,1,180628B_rec_WT-P1p-PCR_S217,MDCK,in vitro,extracellular,bulk
PA,536,1620,1,180628B_rec_WT-P1p-PCR_S217,MDCK,in vitro,extracellular,bulk
PA,536,1622,1,180628B_rec_WT-P1p-PCR_S217,MDCK,in vitro,extracellular,bulk
PA,539,1550,1,180628B_rec_WT-P1p-PCR_S217,MDCK,in vitro,extracellular,bulk
PA,546,2061,2,180628B_rec_WT-P1p-PCR_S217,MDCK,in vitro,extracellular,bulk
PA,549,575,1,180628B_rec_WT-P1p-PCR_S217,MDCK,in vitro,extracellular,bulk
PA,553,1964,1,180628B_rec_WT-P1p-PCR_S217,MDCK,in vitro,extracellular,bulk
PA,557,1564,1,180628B_rec_WT-P1p-PCR_S217,MDCK,in vitro,extracellular,bulk
PA,558,1527,1,180628B_rec_WT-P1p-PCR_S217,MDCK,in vitro,extracellular,bulk
PA,563,1844,1,180628B_rec_WT-P1p-PCR_S217,MDCK,in vitro,extracellular,bulk
PA,574,2083,4,180628B_rec_WT-P1p-PCR_S217,MDCK,in vitro,extracellular,bulk
PA,578,1451,1,180628B_rec_WT-P1p-PCR_S217,MDCK,in vitro,extracellular,bulk
PA,578,1668,1,180628B_rec_WT-P1p-PCR_S217,MDCK,in vitro,extracellular,bulk
PA,581,1373,1,180628B_rec_WT-P1p-PCR_S217,MDCK,in vitro,extracellular,bulk
PA,584,1430,2,180628B_rec_WT-P1p-PCR_S217,MDCK,in vitro,extracellular,bulk
PA,584,1583,1,180628B_rec_WT-P1p-PCR_S217,MDCK,in vitro,extracellular,bulk
PA,584,2106,1,180628B_rec_WT-P1p-PCR_S217,MDCK,in vitro,extracellular,bulk
PA,590,2063,2,180628B_rec_WT-P1p-PCR_S217,MDCK,in vitro,extracellular,bulk
PA,600,1744,4,180628B_rec_WT-P1p-PCR_S217,MDCK,in vitro,extracellular,bulk
PA,611,1806,1,180628B_rec_WT-P1p-PCR_S217,MDCK,in vitro,extracellular,bulk
PA,618,1514,4,180628B_rec_WT-P1p-PCR_S217,MDCK,in vitro,extracellular,bulk
PA,625,2049,2,180628B_rec_WT-P1p-PCR_S217,MDCK,in vitro,extracellular,bulk
PA,628,1510,1,180628B_rec_WT-P1p-PCR_S217,MDCK,in vitro,extracellular,bulk
PA,628,1594,4,180628B_rec_WT-P1p-PCR_S217,MDCK,in vitro,extracellular,bulk
PA,634,1403,1,180628B_rec_WT-P1p-PCR_S217,MDCK,in vitro,extracellular,bulk
PA,636,1423,1,180628B_rec_WT-P1p-PCR_S217,MDCK,in vitro,extracellular,bulk
PA,645,1419,1,180628B_rec_WT-P1p-PCR_S217,MDCK,in vitro,extracellular,bulk
PA,648,1579,1,180628B_rec_WT-P1p-PCR_S217,MDCK,in vitro,extracellular,bulk
PA,652,1748,1,180628B_rec_WT-P1p-PCR_S217,MDCK,in vitro,extracellular,bulk
PA,666,763,2,180628B_rec_WT-P1p-PCR_S217,MDCK,in vitro,extracellular,bulk
PA,720,1498,1,180628B_rec_WT-P1p-PCR_S217,MDCK,in vitro,extracellular,bulk
PA,801,2052,2,180628B_rec_WT-P1p-PCR_S217,MDCK,in vitro,extracellular,bulk
PA,828,1324,3,180628B_rec_WT-P1p-PCR_S217,MDCK,in vitro,extracellular,bulk
PA,82,2075,1,180628B_rec_WT-P1p-PCR_S217,MDCK,in vitro,extracellular,bulk
PA,835,1793,1,180628B_rec_WT-P1p-PCR_S217,MDCK,in vitro,extracellular,bulk
PA,873,2053,1,180628B_rec_WT-P1p-PCR_S217,MDCK,in vitro,extracellular,bulk
PA,905,2100,5,180628B_rec_WT-P1p-PCR_S217,MDCK,in vitro,extracellular,bulk
PA,918,960,1,180628B_rec_WT-P1p-PCR_S217,MDCK,in vitro,extracellular,bulk
PA,921,1507,1,180628B_rec_WT-P1p-PCR_S217,MDCK,in vitro,extracellular,bulk
PA,95,1967,3,180628B_rec_WT-P1p-PCR_S217,MDCK,in vitro,extracellular,bulk
HA,1023,1294,1,180628B_rec_WT-P1p-PCR_S217,MDCK,in vitro,extracellular,bulk
HA,1043,1141,2,180628B_rec_WT-P1p-PCR_S217,MDCK,in vitro,extracellular,bulk
HA,128,1534,1,180628B_rec_WT-P1p-PCR_S217,MDCK,in vitro,extracellular,bulk
HA,1417,1447,1,180628B_rec_WT-P1p-PCR_S217,MDCK,in vitro,extracellular,bulk
HA,1560,1603,1,180628B_rec_WT-P1p-PCR_S217,MDCK,in vitro,extracellular,bulk
HA,162,304,1,180628B_rec_WT-P1p-PCR_S217,MDCK,in vitro,extracellular,bulk
HA,169,1617,1,180628B_rec_WT-P1p-PCR_S217,MDCK,in vitro,extracellular,bulk
HA,211,1448,34,180628B_rec_WT-P1p-PCR_S217,MDCK,in vitro,extracellular,bulk
HA,233,1447,30,180628B_rec_WT-P1p-PCR_S217,MDCK,in vitro,extracellular,bulk
HA,238,1452,1,180628B_rec_WT-P1p-PCR_S217,MDCK,in vitro,extracellular,bulk
HA,252,910,1,180628B_rec_WT-P1p-PCR_S217,MDCK,in vitro,extracellular,bulk
HA,257,882,1,180628B_rec_WT-P1p-PCR_S217,MDCK,in vitro,extracellular,bulk
HA,277,1348,4,180628B_rec_WT-P1p-PCR_S217,MDCK,in vitro,extracellular,bulk
HA,382,1346,2,180628B_rec_WT-P1p-PCR_S217,MDCK,in vitro,extracellular,bulk
HA,400,1095,1,180628B_rec_WT-P1p-PCR_S217,MDCK,in vitro,extracellular,bulk
HA,414,1140,2,180628B_rec_WT-P1p-PCR_S217,MDCK,in vitro,extracellular,bulk
HA,435,1327,1,180628B_rec_WT-P1p-PCR_S217,MDCK,in vitro,extracellular,bulk
HA,535,566,4,180628B_rec_WT-P1p-PCR_S217,MDCK,in vitro,extracellular,bulk
HA,547,986,1,180628B_rec_WT-P1p-PCR_S217,MDCK,in vitro,extracellular,bulk
HA,551,712,1,180628B_rec_WT-P1p-PCR_S217,MDCK,in vitro,extracellular,bulk
HA,584,1500,1,180628B_rec_WT-P1p-PCR_S217,MDCK,in vitro,extracellular,bulk
HA,617,1474,1,180628B_rec_WT-P1p-PCR_S217,MDCK,in vitro,extracellular,bulk
HA,651,869,1,180628B_rec_WT-P1p-PCR_S217,MDCK,in vitro,extracellular,bulk
HA,667,1513,1,180628B_rec_WT-P1p-PCR_S217,MDCK,in vitro,extracellular,bulk
HA,672,844,2,180628B_rec_WT-P1p-PCR_S217,MDCK,in vitro,extracellular,bulk
HA,707,794,1,180628B_rec_WT-P1p-PCR_S217,MDCK,in vitro,extracellular,bulk
HA,739,768,1,180628B_rec_WT-P1p-PCR_S217,MDCK,in vitro,extracellular,bulk
HA,855,894,1,180628B_rec_WT-P1p-PCR_S217,MDCK,in vitro,extracellular,bulk
HA,900,1509,2,180628B_rec_WT-P1p-PCR_S217,MDCK,in vitro,extracellular,bulk
HA,906,1613,1,180628B_rec_WT-P1p-PCR_S217,MDCK,in vitro,extracellular,bulk
HA,926,971,1,180628B_rec_WT-P1p-PCR_S217,MDCK,in vitro,extracellular,bulk
HA,928,1047,1,180628B_rec_WT-P1p-PCR_S217,MDCK,in vitro,extracellular,bulk
HA,929,973,4,180628B_rec_WT-P1p-PCR_S217,MDCK,in vitro,extracellular,bulk
NP,1102,1325,1,180628B_rec_WT-P1p-PCR_S217,MDCK,in vitro,extracellular,bulk
NP,1133,1532,2,180628B_rec_WT-P1p-PCR_S217,MDCK,in vitro,extracellular,bulk
NP,1196,1226,1,180628B_rec_WT-P1p-PCR_S217,MDCK,in vitro,extracellular,bulk
NP,1204,1339,4,180628B_rec_WT-P1p-PCR_S217,MDCK,in vitro,extracellular,bulk
NP,1205,1335,2,180628B_rec_WT-P1p-PCR_S217,MDCK,in vitro,extracellular,bulk
NP,1220,1409,3,180628B_rec_WT-P1p-PCR_S217,MDCK,in vitro,extracellular,bulk
NP,1243,1312,1,180628B_rec_WT-P1p-PCR_S217,MDCK,in vitro,extracellular,bulk
NP,1268,1331,3,180628B_rec_WT-P1p-PCR_S217,MDCK,in vitro,extracellular,bulk
NP,1298,1360,1,180628B_rec_WT-P1p-PCR_S217,MDCK,in vitro,extracellular,bulk
NP,1352,1433,1,180628B_rec_WT-P1p-PCR_S217,MDCK,in vitro,extracellular,bulk
NP,1367,1491,2,180628B_rec_WT-P1p-PCR_S217,MDCK,in vitro,extracellular,bulk
NP,1374,1498,1,180628B_rec_WT-P1p-PCR_S217,MDCK,in vitro,extracellular,bulk
NP,153,1353,2,180628B_rec_WT-P1p-PCR_S217,MDCK,in vitro,extracellular,bulk
NP,164,1322,1,180628B_rec_WT-P1p-PCR_S217,MDCK,in vitro,extracellular,bulk
NP,224,518,1,180628B_rec_WT-P1p-PCR_S217,MDCK,in vitro,extracellular,bulk
NP,236,951,1,180628B_rec_WT-P1p-PCR_S217,MDCK,in vitro,extracellular,bulk
NP,244,1325,1,180628B_rec_WT-P1p-PCR_S217,MDCK,in vitro,extracellular,bulk
NP,274,1343,1,180628B_rec_WT-P1p-PCR_S217,MDCK,in vitro,extracellular,bulk
NP,278,1232,1,180628B_rec_WT-P1p-PCR_S217,MDCK,in vitro,extracellular,bulk
NP,292,1359,1,180628B_rec_WT-P1p-PCR_S217,MDCK,in vitro,extracellular,bulk
NP,296,531,1,180628B_rec_WT-P1p-PCR_S217,MDCK,in vitro,extracellular,bulk
NP,323,1031,1,180628B_rec_WT-P1p-PCR_S217,MDCK,in vitro,extracellular,bulk
NP,323,1338,1,180628B_rec_WT-P1p-PCR_S217,MDCK,in vitro,extracellular,bulk
NP,360,1227,3,180628B_rec_WT-P1p-PCR_S217,MDCK,in vitro,extracellular,bulk
NP,367,1122,1,180628B_rec_WT-P1p-PCR_S217,MDCK,in vitro,extracellular,bulk
NP,371,1167,1,180628B_rec_WT-P1p-PCR_S217,MDCK,in vitro,extracellular,bulk
NP,392,804,1,180628B_rec_WT-P1p-PCR_S217,MDCK,in vitro,extracellular,bulk
NP,405,1338,1,180628B_rec_WT-P1p-PCR_S217,MDCK,in vitro,extracellular,bulk
NP,424,763,1,180628B_rec_WT-P1p-PCR_S217,MDCK,in vitro,extracellular,bulk
NP,434,1274,1,180628B_rec_WT-P1p-PCR_S217,MDCK,in vitro,extracellular,bulk
NP,434,486,1,180628B_rec_WT-P1p-PCR_S217,MDCK,in vitro,extracellular,bulk
NP,437,1326,10,180628B_rec_WT-P1p-PCR_S217,MDCK,in vitro,extracellular,bulk
NP,437,1329,1,180628B_rec_WT-P1p-PCR_S217,MDCK,in vitro,extracellular,bulk
NP,438,917,1,180628B_rec_WT-P1p-PCR_S217,MDCK,in vitro,extracellular,bulk
NP,439,1328,25,180628B_rec_WT-P1p-PCR_S217,MDCK,in vitro,extracellular,bulk
NP,440,1338,29,180628B_rec_WT-P1p-PCR_S217,MDCK,in vitro,extracellular,bulk
NP,442,468,2,180628B_rec_WT-P1p-PCR_S217,MDCK,in vitro,extracellular,bulk
NP,447,895,1,180628B_rec_WT-P1p-PCR_S217,MDCK,in vitro,extracellular,bulk
NP,452,842,1,180628B_rec_WT-P1p-PCR_S217,MDCK,in vitro,extracellular,bulk
NP,456,1324,2,180628B_rec_WT-P1p-PCR_S217,MDCK,in vitro,extracellular,bulk
NP,456,482,1,180628B_rec_WT-P1p-PCR_S217,MDCK,in vitro,extracellular,bulk
NP,456,547,1,180628B_rec_WT-P1p-PCR_S217,MDCK,in vitro,extracellular,bulk
NP,464,1042,1,180628B_rec_WT-P1p-PCR_S217,MDCK,in vitro,extracellular,bulk
NP,464,1310,1,180628B_rec_WT-P1p-PCR_S217,MDCK,in vitro,extracellular,bulk
NP,476,1063,1,180628B_rec_WT-P1p-PCR_S217,MDCK,in vitro,extracellular,bulk
NP,477,1342,1,180628B_rec_WT-P1p-PCR_S217,MDCK,in vitro,extracellular,bulk
NP,481,1390,25,180628B_rec_WT-P1p-PCR_S217,MDCK,in vitro,extracellular,bulk
NP,481,1412,3,180628B_rec_WT-P1p-PCR_S217,MDCK,in vitro,extracellular,bulk
NP,483,549,1,180628B_rec_WT-P1p-PCR_S217,MDCK,in vitro,extracellular,bulk
NP,484,1400,25,180628B_rec_WT-P1p-PCR_S217,MDCK,in vitro,extracellular,bulk
NP,487,1418,2,180628B_rec_WT-P1p-PCR_S217,MDCK,in vitro,extracellular,bulk
NP,488,1322,1,180628B_rec_WT-P1p-PCR_S217,MDCK,in vitro,extracellular,bulk
NP,492,1423,4,180628B_rec_WT-P1p-PCR_S217,MDCK,in vitro,extracellular,bulk
NP,493,1407,12,180628B_rec_WT-P1p-PCR_S217,MDCK,in vitro,extracellular,bulk
NP,495,1426,1,180628B_rec_WT-P1p-PCR_S217,MDCK,in vitro,extracellular,bulk
NP,495,849,1,180628B_rec_WT-P1p-PCR_S217,MDCK,in vitro,extracellular,bulk
NP,496,1410,2,180628B_rec_WT-P1p-PCR_S217,MDCK,in vitro,extracellular,bulk
NP,506,1445,1,180628B_rec_WT-P1p-PCR_S217,MDCK,in vitro,extracellular,bulk
NP,512,806,1,180628B_rec_WT-P1p-PCR_S217,MDCK,in vitro,extracellular,bulk
NP,526,894,2,180628B_rec_WT-P1p-PCR_S217,MDCK,in vitro,extracellular,bulk
NP,532,1111,1,180628B_rec_WT-P1p-PCR_S217,MDCK,in vitro,extracellular,bulk
NP,536,763,1,180628B_rec_WT-P1p-PCR_S217,MDCK,in vitro,extracellular,bulk
NP,541,1446,1,180628B_rec_WT-P1p-PCR_S217,MDCK,in vitro,extracellular,bulk
NP,546,1324,1,180628B_rec_WT-P1p-PCR_S217,MDCK,in vitro,extracellular,bulk
NP,546,1390,2,180628B_rec_WT-P1p-PCR_S217,MDCK,in vitro,extracellular,bulk
NP,551,1425,1,180628B_rec_WT-P1p-PCR_S217,MDCK,in vitro,extracellular,bulk
NP,557,1241,1,180628B_rec_WT-P1p-PCR_S217,MDCK,in vitro,extracellular,bulk
NP,562,954,1,180628B_rec_WT-P1p-PCR_S217,MDCK,in vitro,extracellular,bulk
NP,589,1337,1,180628B_rec_WT-P1p-PCR_S217,MDCK,in vitro,extracellular,bulk
NP,592,1328,4,180628B_rec_WT-P1p-PCR_S217,MDCK,in vitro,extracellular,bulk
NP,622,1172,1,180628B_rec_WT-P1p-PCR_S217,MDCK,in vitro,extracellular,bulk
NP,652,1337,1,180628B_rec_WT-P1p-PCR_S217,MDCK,in vitro,extracellular,bulk
NP,666,1338,2,180628B_rec_WT-P1p-PCR_S217,MDCK,in vitro,extracellular,bulk
NP,676,775,1,180628B_rec_WT-P1p-PCR_S217,MDCK,in vitro,extracellular,bulk
NP,680,1325,1,180628B_rec_WT-P1p-PCR_S217,MDCK,in vitro,extracellular,bulk
NP,681,1161,1,180628B_rec_WT-P1p-PCR_S217,MDCK,in vitro,extracellular,bulk
NP,681,892,1,180628B_rec_WT-P1p-PCR_S217,MDCK,in vitro,extracellular,bulk
NP,700,1145,1,180628B_rec_WT-P1p-PCR_S217,MDCK,in vitro,extracellular,bulk
NP,716,1400,1,180628B_rec_WT-P1p-PCR_S217,MDCK,in vitro,extracellular,bulk
NP,723,1446,1,180628B_rec_WT-P1p-PCR_S217,MDCK,in vitro,extracellular,bulk
NP,729,1257,1,180628B_rec_WT-P1p-PCR_S217,MDCK,in vitro,extracellular,bulk
NP,747,1057,1,180628B_rec_WT-P1p-PCR_S217,MDCK,in vitro,extracellular,bulk
NP,765,1038,1,180628B_rec_WT-P1p-PCR_S217,MDCK,in vitro,extracellular,bulk
NP,779,848,1,180628B_rec_WT-P1p-PCR_S217,MDCK,in vitro,extracellular,bulk
NP,791,1424,1,180628B_rec_WT-P1p-PCR_S217,MDCK,in vitro,extracellular,bulk
NP,799,874,1,180628B_rec_WT-P1p-PCR_S217,MDCK,in vitro,extracellular,bulk
NP,825,1327,1,180628B_rec_WT-P1p-PCR_S217,MDCK,in vitro,extracellular,bulk
NP,831,1417,5,180628B_rec_WT-P1p-PCR_S217,MDCK,in vitro,extracellular,bulk
NP,834,1057,1,180628B_rec_WT-P1p-PCR_S217,MDCK,in vitro,extracellular,bulk
NP,835,1016,1,180628B_rec_WT-P1p-PCR_S217,MDCK,in vitro,extracellular,bulk
NP,849,1247,1,180628B_rec_WT-P1p-PCR_S217,MDCK,in vitro,extracellular,bulk
NP,86,151,2,180628B_rec_WT-P1p-PCR_S217,MDCK,in vitro,extracellular,bulk
NP,880,1058,1,180628B_rec_WT-P1p-PCR_S217,MDCK,in vitro,extracellular,bulk
NP,890,1040,1,180628B_rec_WT-P1p-PCR_S217,MDCK,in vitro,extracellular,bulk
NP,961,998,1,180628B_rec_WT-P1p-PCR_S217,MDCK,in vitro,extracellular,bulk
NP,967,1146,1,180628B_rec_WT-P1p-PCR_S217,MDCK,in vitro,extracellular,bulk
NP,96,151,2,180628B_rec_WT-P1p-PCR_S217,MDCK,in vitro,extracellular,bulk
NP,977,1405,1,180628B_rec_WT-P1p-PCR_S217,MDCK,in vitro,extracellular,bulk
NA,1123,1166,10,180628B_rec_WT-P1p-PCR_S217,MDCK,in vitro,extracellular,bulk
NA,140,874,1,180628B_rec_WT-P1p-PCR_S217,MDCK,in vitro,extracellular,bulk
NA,153,1060,1,180628B_rec_WT-P1p-PCR_S217,MDCK,in vitro,extracellular,bulk
NA,230,874,4,180628B_rec_WT-P1p-PCR_S217,MDCK,in vitro,extracellular,bulk
NA,232,876,1,180628B_rec_WT-P1p-PCR_S217,MDCK,in vitro,extracellular,bulk
NA,251,983,1,180628B_rec_WT-P1p-PCR_S217,MDCK,in vitro,extracellular,bulk
NA,277,1003,12,180628B_rec_WT-P1p-PCR_S217,MDCK,in vitro,extracellular,bulk
NA,306,418,1,180628B_rec_WT-P1p-PCR_S217,MDCK,in vitro,extracellular,bulk
NA,309,1104,10,180628B_rec_WT-P1p-PCR_S217,MDCK,in vitro,extracellular,bulk
NA,355,966,1,180628B_rec_WT-P1p-PCR_S217,MDCK,in vitro,extracellular,bulk
NA,356,1103,1,180628B_rec_WT-P1p-PCR_S217,MDCK,in vitro,extracellular,bulk
NA,395,536,1,180628B_rec_WT-P1p-PCR_S217,MDCK,in vitro,extracellular,bulk
NA,399,946,1,180628B_rec_WT-P1p-PCR_S217,MDCK,in vitro,extracellular,bulk
NA,411,1259,1,180628B_rec_WT-P1p-PCR_S217,MDCK,in vitro,extracellular,bulk
NA,411,933,1,180628B_rec_WT-P1p-PCR_S217,MDCK,in vitro,extracellular,bulk
NA,412,1258,1,180628B_rec_WT-P1p-PCR_S217,MDCK,in vitro,extracellular,bulk
NA,416,1265,1,180628B_rec_WT-P1p-PCR_S217,MDCK,in vitro,extracellular,bulk
NA,427,1117,5,180628B_rec_WT-P1p-PCR_S217,MDCK,in vitro,extracellular,bulk
NA,453,993,1,180628B_rec_WT-P1p-PCR_S217,MDCK,in vitro,extracellular,bulk
NA,485,858,1,180628B_rec_WT-P1p-PCR_S217,MDCK,in vitro,extracellular,bulk
NA,495,1087,1,180628B_rec_WT-P1p-PCR_S217,MDCK,in vitro,extracellular,bulk
NA,705,881,1,180628B_rec_WT-P1p-PCR_S217,MDCK,in vitro,extracellular,bulk
NA,705,997,2,180628B_rec_WT-P1p-PCR_S217,MDCK,in vitro,extracellular,bulk
NA,720,1216,2,180628B_rec_WT-P1p-PCR_S217,MDCK,in vitro,extracellular,bulk
NA,798,827,1,180628B_rec_WT-P1p-PCR_S217,MDCK,in vitro,extracellular,bulk
NA,859,1097,1,180628B_rec_WT-P1p-PCR_S217,MDCK,in vitro,extracellular,bulk
NA,859,1112,1,180628B_rec_WT-P1p-PCR_S217,MDCK,in vitro,extracellular,bulk
NA,861,972,2,180628B_rec_WT-P1p-PCR_S217,MDCK,in vitro,extracellular,bulk
NA,880,964,1,180628B_rec_WT-P1p-PCR_S217,MDCK,in vitro,extracellular,bulk
NA,882,1083,2,180628B_rec_WT-P1p-PCR_S217,MDCK,in vitro,extracellular,bulk
NA,886,955,1,180628B_rec_WT-P1p-PCR_S217,MDCK,in vitro,extracellular,bulk
NA,918,1049,1,180628B_rec_WT-P1p-PCR_S217,MDCK,in vitro,extracellular,bulk
NA,93,116,1,180628B_rec_WT-P1p-PCR_S217,MDCK,in vitro,extracellular,bulk
NA,964,998,1,180628B_rec_WT-P1p-PCR_S217,MDCK,in vitro,extracellular,bulk
M,121,853,1,180628B_rec_WT-P1p-PCR_S217,MDCK,in vitro,extracellular,bulk
M,126,741,1,180628B_rec_WT-P1p-PCR_S217,MDCK,in vitro,extracellular,bulk
M,129,731,1,180628B_rec_WT-P1p-PCR_S217,MDCK,in vitro,extracellular,bulk
M,175,444,1,180628B_rec_WT-P1p-PCR_S217,MDCK,in vitro,extracellular,bulk
M,192,549,1,180628B_rec_WT-P1p-PCR_S217,MDCK,in vitro,extracellular,bulk
M,194,928,1,180628B_rec_WT-P1p-PCR_S217,MDCK,in vitro,extracellular,bulk
M,222,261,1,180628B_rec_WT-P1p-PCR_S217,MDCK,in vitro,extracellular,bulk
M,235,731,1,180628B_rec_WT-P1p-PCR_S217,MDCK,in vitro,extracellular,bulk
M,241,289,1,180628B_rec_WT-P1p-PCR_S217,MDCK,in vitro,extracellular,bulk
M,245,287,1,180628B_rec_WT-P1p-PCR_S217,MDCK,in vitro,extracellular,bulk
M,250,668,1,180628B_rec_WT-P1p-PCR_S217,MDCK,in vitro,extracellular,bulk
M,261,335,1,180628B_rec_WT-P1p-PCR_S217,MDCK,in vitro,extracellular,bulk
M,262,879,1,180628B_rec_WT-P1p-PCR_S217,MDCK,in vitro,extracellular,bulk
M,271,325,1,180628B_rec_WT-P1p-PCR_S217,MDCK,in vitro,extracellular,bulk
M,285,936,1,180628B_rec_WT-P1p-PCR_S217,MDCK,in vitro,extracellular,bulk
M,301,774,1,180628B_rec_WT-P1p-PCR_S217,MDCK,in vitro,extracellular,bulk
M,308,941,1,180628B_rec_WT-P1p-PCR_S217,MDCK,in vitro,extracellular,bulk
M,323,758,1,180628B_rec_WT-P1p-PCR_S217,MDCK,in vitro,extracellular,bulk
M,325,746,1,180628B_rec_WT-P1p-PCR_S217,MDCK,in vitro,extracellular,bulk
M,334,697,3,180628B_rec_WT-P1p-PCR_S217,MDCK,in vitro,extracellular,bulk
M,334,711,1,180628B_rec_WT-P1p-PCR_S217,MDCK,in vitro,extracellular,bulk
M,352,385,1,180628B_rec_WT-P1p-PCR_S217,MDCK,in vitro,extracellular,bulk
M,359,428,1,180628B_rec_WT-P1p-PCR_S217,MDCK,in vitro,extracellular,bulk
M,359,434,37,180628B_rec_WT-P1p-PCR_S217,MDCK,in vitro,extracellular,bulk
M,359,761,1,180628B_rec_WT-P1p-PCR_S217,MDCK,in vitro,extracellular,bulk
M,360,436,3,180628B_rec_WT-P1p-PCR_S217,MDCK,in vitro,extracellular,bulk
M,361,902,1,180628B_rec_WT-P1p-PCR_S217,MDCK,in vitro,extracellular,bulk
M,362,404,1,180628B_rec_WT-P1p-PCR_S217,MDCK,in vitro,extracellular,bulk
M,362,633,1,180628B_rec_WT-P1p-PCR_S217,MDCK,in vitro,extracellular,bulk
M,371,514,1,180628B_rec_WT-P1p-PCR_S217,MDCK,in vitro,extracellular,bulk
M,390,607,1,180628B_rec_WT-P1p-PCR_S217,MDCK,in vitro,extracellular,bulk
M,391,647,1,180628B_rec_WT-P1p-PCR_S217,MDCK,in vitro,extracellular,bulk
M,394,667,8,180628B_rec_WT-P1p-PCR_S217,MDCK,in vitro,extracellular,bulk
M,398,729,1,180628B_rec_WT-P1p-PCR_S217,MDCK,in vitro,extracellular,bulk
M,398,828,2,180628B_rec_WT-P1p-PCR_S217,MDCK,in vitro,extracellular,bulk
M,406,647,1,180628B_rec_WT-P1p-PCR_S217,MDCK,in vitro,extracellular,bulk
M,410,594,1,180628B_rec_WT-P1p-PCR_S217,MDCK,in vitro,extracellular,bulk
M,411,433,1,180628B_rec_WT-P1p-PCR_S217,MDCK,in vitro,extracellular,bulk
M,411,760,1,180628B_rec_WT-P1p-PCR_S217,MDCK,in vitro,extracellular,bulk
M,414,463,1,180628B_rec_WT-P1p-PCR_S217,MDCK,in vitro,extracellular,bulk
M,414,903,2,180628B_rec_WT-P1p-PCR_S217,MDCK,in vitro,extracellular,bulk
M,417,692,2,180628B_rec_WT-P1p-PCR_S217,MDCK,in vitro,extracellular,bulk
M,418,513,1,180628B_rec_WT-P1p-PCR_S217,MDCK,in vitro,extracellular,bulk
M,427,651,1,180628B_rec_WT-P1p-PCR_S217,MDCK,in vitro,extracellular,bulk
M,431,564,5,180628B_rec_WT-P1p-PCR_S217,MDCK,in vitro,extracellular,bulk
M,433,555,1,180628B_rec_WT-P1p-PCR_S217,MDCK,in vitro,extracellular,bulk
M,434,762,10,180628B_rec_WT-P1p-PCR_S217,MDCK,in vitro,extracellular,bulk
M,437,606,2,180628B_rec_WT-P1p-PCR_S217,MDCK,in vitro,extracellular,bulk
M,445,516,1,180628B_rec_WT-P1p-PCR_S217,MDCK,in vitro,extracellular,bulk
M,463,745,1,180628B_rec_WT-P1p-PCR_S217,MDCK,in vitro,extracellular,bulk
M,467,541,1,180628B_rec_WT-P1p-PCR_S217,MDCK,in vitro,extracellular,bulk
M,478,507,1,180628B_rec_WT-P1p-PCR_S217,MDCK,in vitro,extracellular,bulk
M,480,553,2,180628B_rec_WT-P1p-PCR_S217,MDCK,in vitro,extracellular,bulk
M,481,658,1,180628B_rec_WT-P1p-PCR_S217,MDCK,in vitro,extracellular,bulk
M,484,528,1,180628B_rec_WT-P1p-PCR_S217,MDCK,in vitro,extracellular,bulk
M,485,548,1,180628B_rec_WT-P1p-PCR_S217,MDCK,in vitro,extracellular,bulk
M,485,560,41,180628B_rec_WT-P1p-PCR_S217,MDCK,in vitro,extracellular,bulk
M,488,563,12,180628B_rec_WT-P1p-PCR_S217,MDCK,in vitro,extracellular,bulk
M,490,644,5,180628B_rec_WT-P1p-PCR_S217,MDCK,in vitro,extracellular,bulk
M,499,655,1,180628B_rec_WT-P1p-PCR_S217,MDCK,in vitro,extracellular,bulk
M,501,546,1,180628B_rec_WT-P1p-PCR_S217,MDCK,in vitro,extracellular,bulk
M,501,623,1,180628B_rec_WT-P1p-PCR_S217,MDCK,in vitro,extracellular,bulk
M,501,626,1,180628B_rec_WT-P1p-PCR_S217,MDCK,in vitro,extracellular,bulk
M,511,548,1,180628B_rec_WT-P1p-PCR_S217,MDCK,in vitro,extracellular,bulk
M,513,547,2,180628B_rec_WT-P1p-PCR_S217,MDCK,in vitro,extracellular,bulk
M,521,603,1,180628B_rec_WT-P1p-PCR_S217,MDCK,in vitro,extracellular,bulk
M,523,665,16,180628B_rec_WT-P1p-PCR_S217,MDCK,in vitro,extracellular,bulk
M,525,663,1,180628B_rec_WT-P1p-PCR_S217,MDCK,in vitro,extracellular,bulk
M,526,616,1,180628B_rec_WT-P1p-PCR_S217,MDCK,in vitro,extracellular,bulk
M,526,667,1,180628B_rec_WT-P1p-PCR_S217,MDCK,in vitro,extracellular,bulk
M,550,584,1,180628B_rec_WT-P1p-PCR_S217,MDCK,in vitro,extracellular,bulk
M,564,664,1,180628B_rec_WT-P1p-PCR_S217,MDCK,in vitro,extracellular,bulk
M,564,763,1,180628B_rec_WT-P1p-PCR_S217,MDCK,in vitro,extracellular,bulk
M,566,610,2,180628B_rec_WT-P1p-PCR_S217,MDCK,in vitro,extracellular,bulk
M,569,646,1,180628B_rec_WT-P1p-PCR_S217,MDCK,in vitro,extracellular,bulk
M,570,698,1,180628B_rec_WT-P1p-PCR_S217,MDCK,in vitro,extracellular,bulk
M,602,663,4,180628B_rec_WT-P1p-PCR_S217,MDCK,in vitro,extracellular,bulk
M,602,759,2,180628B_rec_WT-P1p-PCR_S217,MDCK,in vitro,extracellular,bulk
M,606,709,18,180628B_rec_WT-P1p-PCR_S217,MDCK,in vitro,extracellular,bulk
M,623,650,1,180628B_rec_WT-P1p-PCR_S217,MDCK,in vitro,extracellular,bulk
M,623,655,1,180628B_rec_WT-P1p-PCR_S217,MDCK,in vitro,extracellular,bulk
M,623,668,18,180628B_rec_WT-P1p-PCR_S217,MDCK,in vitro,extracellular,bulk
M,623,740,5,180628B_rec_WT-P1p-PCR_S217,MDCK,in vitro,extracellular,bulk
M,623,767,4,180628B_rec_WT-P1p-PCR_S217,MDCK,in vitro,extracellular,bulk
M,626,668,6,180628B_rec_WT-P1p-PCR_S217,MDCK,in vitro,extracellular,bulk
M,627,750,1,180628B_rec_WT-P1p-PCR_S217,MDCK,in vitro,extracellular,bulk
M,627,762,1,180628B_rec_WT-P1p-PCR_S217,MDCK,in vitro,extracellular,bulk
M,627,768,13,180628B_rec_WT-P1p-PCR_S217,MDCK,in vitro,extracellular,bulk
M,630,666,1,180628B_rec_WT-P1p-PCR_S217,MDCK,in vitro,extracellular,bulk
M,630,765,1,180628B_rec_WT-P1p-PCR_S217,MDCK,in vitro,extracellular,bulk
M,632,654,1,180628B_rec_WT-P1p-PCR_S217,MDCK,in vitro,extracellular,bulk
M,641,834,4,180628B_rec_WT-P1p-PCR_S217,MDCK,in vitro,extracellular,bulk
M,643,707,14,180628B_rec_WT-P1p-PCR_S217,MDCK,in vitro,extracellular,bulk
M,646,704,3,180628B_rec_WT-P1p-PCR_S217,MDCK,in vitro,extracellular,bulk
M,647,711,5,180628B_rec_WT-P1p-PCR_S217,MDCK,in vitro,extracellular,bulk
M,649,749,2,180628B_rec_WT-P1p-PCR_S217,MDCK,in vitro,extracellular,bulk
M,652,743,1,180628B_rec_WT-P1p-PCR_S217,MDCK,in vitro,extracellular,bulk
M,667,767,1,180628B_rec_WT-P1p-PCR_S217,MDCK,in vitro,extracellular,bulk
M,669,742,3,180628B_rec_WT-P1p-PCR_S217,MDCK,in vitro,extracellular,bulk
M,738,824,2,180628B_rec_WT-P1p-PCR_S217,MDCK,in vitro,extracellular,bulk
M,739,802,2,180628B_rec_WT-P1p-PCR_S217,MDCK,in vitro,extracellular,bulk
M,761,934,1,180628B_rec_WT-P1p-PCR_S217,MDCK,in vitro,extracellular,bulk
M,776,862,1,180628B_rec_WT-P1p-PCR_S217,MDCK,in vitro,extracellular,bulk
M,780,860,1,180628B_rec_WT-P1p-PCR_S217,MDCK,in vitro,extracellular,bulk
M,783,863,1,180628B_rec_WT-P1p-PCR_S217,MDCK,in vitro,extracellular,bulk
M,899,934,10,180628B_rec_WT-P1p-PCR_S217,MDCK,in vitro,extracellular,bulk
M,912,937,1,180628B_rec_WT-P1p-PCR_S217,MDCK,in vitro,extracellular,bulk
NS,192,420,1,180628B_rec_WT-P1p-PCR_S217,MDCK,in vitro,extracellular,bulk
NS,213,422,1,180628B_rec_WT-P1p-PCR_S217,MDCK,in vitro,extracellular,bulk
NS,221,433,1,180628B_rec_WT-P1p-PCR_S217,MDCK,in vitro,extracellular,bulk
NS,252,316,1,180628B_rec_WT-P1p-PCR_S217,MDCK,in vitro,extracellular,bulk
NS,252,544,3,180628B_rec_WT-P1p-PCR_S217,MDCK,in vitro,extracellular,bulk
NS,270,400,2,180628B_rec_WT-P1p-PCR_S217,MDCK,in vitro,extracellular,bulk
NS,284,430,1,180628B_rec_WT-P1p-PCR_S217,MDCK,in vitro,extracellular,bulk
NS,301,418,1,180628B_rec_WT-P1p-PCR_S217,MDCK,in vitro,extracellular,bulk
NS,324,551,2,180628B_rec_WT-P1p-PCR_S217,MDCK,in vitro,extracellular,bulk
NS,328,363,1,180628B_rec_WT-P1p-PCR_S217,MDCK,in vitro,extracellular,bulk
NS,331,417,1,180628B_rec_WT-P1p-PCR_S217,MDCK,in vitro,extracellular,bulk
NS,337,413,1,180628B_rec_WT-P1p-PCR_S217,MDCK,in vitro,extracellular,bulk
NS,343,413,1,180628B_rec_WT-P1p-PCR_S217,MDCK,in vitro,extracellular,bulk
NS,357,421,9,180628B_rec_WT-P1p-PCR_S217,MDCK,in vitro,extracellular,bulk
NS,359,433,16,180628B_rec_WT-P1p-PCR_S217,MDCK,in vitro,extracellular,bulk
NS,359,435,3,180628B_rec_WT-P1p-PCR_S217,MDCK,in vitro,extracellular,bulk
NS,379,529,1,180628B_rec_WT-P1p-PCR_S217,MDCK,in vitro,extracellular,bulk
NS,417,539,10,180628B_rec_WT-P1p-PCR_S217,MDCK,in vitro,extracellular,bulk
NS,424,504,1,180628B_rec_WT-P1p-PCR_S217,MDCK,in vitro,extracellular,bulk
NS,453,639,4,180628B_rec_WT-P1p-PCR_S217,MDCK,in vitro,extracellular,bulk
NS,458,621,1,180628B_rec_WT-P1p-PCR_S217,MDCK,in vitro,extracellular,bulk
NS,460,546,1,180628B_rec_WT-P1p-PCR_S217,MDCK,in vitro,extracellular,bulk
NS,479,512,1,180628B_rec_WT-P1p-PCR_S217,MDCK,in vitro,extracellular,bulk
NS,486,544,1,180628B_rec_WT-P1p-PCR_S217,MDCK,in vitro,extracellular,bulk
NS,496,548,1,180628B_rec_WT-P1p-PCR_S217,MDCK,in vitro,extracellular,bulk
NS,52,428,1,180628B_rec_WT-P1p-PCR_S217,MDCK,in vitro,extracellular,bulk
NS,56,431,1,180628B_rec_WT-P1p-PCR_S217,MDCK,in vitro,extracellular,bulk
PB2,1713,1779,1,180705A_rec_AP1pb_S294,MDCK,in vitro,extracellular,bulk
PB2,185,1961,2,180705A_rec_AP1pb_S294,MDCK,in vitro,extracellular,bulk
PB2,207,2097,6,180705A_rec_AP1pb_S294,MDCK,in vitro,extracellular,bulk
PB1,578,1639,4,180705A_rec_AP1pb_S294,MDCK,in vitro,extracellular,bulk
HA,1402,1452,1,180705A_rec_AP1pb_S294,MDCK,in vitro,extracellular,bulk
NA,188,418,1,180705A_rec_AP1pb_S294,MDCK,in vitro,extracellular,bulk
NA,945,1044,1,180705A_rec_AP1pb_S294,MDCK,in vitro,extracellular,bulk
NS,96,364,1,180705A_rec_AP1pb_S294,MDCK,in vitro,extracellular,bulk
PB1,625,1878,22,180705A_rec_BP1pb_S295,MDCK,in vitro,extracellular,bulk
PB2,1026,1203,1,180705A_rec_CP1pb_S296,MDCK,in vitro,extracellular,bulk
PB2,104,412,1,180705A_rec_CP1pb_S296,MDCK,in vitro,extracellular,bulk
PB2,1088,1149,1,180705A_rec_CP1pb_S296,MDCK,in vitro,extracellular,bulk
PB2,1105,1252,1,180705A_rec_CP1pb_S296,MDCK,in vitro,extracellular,bulk
PB2,1131,1643,1,180705A_rec_CP1pb_S296,MDCK,in vitro,extracellular,bulk
PB2,1134,1197,1,180705A_rec_CP1pb_S296,MDCK,in vitro,extracellular,bulk
PB2,1141,1204,3,180705A_rec_CP1pb_S296,MDCK,in vitro,extracellular,bulk
PB2,1264,1291,1,180705A_rec_CP1pb_S296,MDCK,in vitro,extracellular,bulk
PB2,1460,1490,1,180705A_rec_CP1pb_S296,MDCK,in vitro,extracellular,bulk
PB2,1488,1965,1,180705A_rec_CP1pb_S296,MDCK,in vitro,extracellular,bulk
PB2,1504,2187,1,180705A_rec_CP1pb_S296,MDCK,in vitro,extracellular,bulk
PB2,1517,1642,1,180705A_rec_CP1pb_S296,MDCK,in vitro,extracellular,bulk
PB2,1523,2153,1,180705A_rec_CP1pb_S296,MDCK,in vitro,extracellular,bulk
PB2,1597,1728,1,180705A_rec_CP1pb_S296,MDCK,in vitro,extracellular,bulk
PB2,1619,1646,1,180705A_rec_CP1pb_S296,MDCK,in vitro,extracellular,bulk
PB2,1784,1831,13,180705A_rec_CP1pb_S296,MDCK,in vitro,extracellular,bulk
PB2,1840,1952,1,180705A_rec_CP1pb_S296,MDCK,in vitro,extracellular,bulk
PB2,1843,2042,1,180705A_rec_CP1pb_S296,MDCK,in vitro,extracellular,bulk
PB2,195,2012,157,180705A_rec_CP1pb_S296,MDCK,in vitro,extracellular,bulk
PB2,1997,2070,8,180705A_rec_CP1pb_S296,MDCK,in vitro,extracellular,bulk
PB2,199,2117,6,180705A_rec_CP1pb_S296,MDCK,in vitro,extracellular,bulk
PB2,2039,2070,1,180705A_rec_CP1pb_S296,MDCK,in vitro,extracellular,bulk
PB2,2044,2167,1,180705A_rec_CP1pb_S296,MDCK,in vitro,extracellular,bulk
PB2,2045,2082,2,180705A_rec_CP1pb_S296,MDCK,in vitro,extracellular,bulk
PB2,252,2004,3,180705A_rec_CP1pb_S296,MDCK,in vitro,extracellular,bulk
PB2,257,2013,1,180705A_rec_CP1pb_S296,MDCK,in vitro,extracellular,bulk
PB2,273,2194,1,180705A_rec_CP1pb_S296,MDCK,in vitro,extracellular,bulk
PB2,295,1982,60,180705A_rec_CP1pb_S296,MDCK,in vitro,extracellular,bulk
PB2,332,547,1,180705A_rec_CP1pb_S296,MDCK,in vitro,extracellular,bulk
PB2,351,1773,3,180705A_rec_CP1pb_S296,MDCK,in vitro,extracellular,bulk
PB2,361,1829,99,180705A_rec_CP1pb_S296,MDCK,in vitro,extracellular,bulk
PB2,419,1005,1,180705A_rec_CP1pb_S296,MDCK,in vitro,extracellular,bulk
PB2,422,734,1,180705A_rec_CP1pb_S296,MDCK,in vitro,extracellular,bulk
PB2,434,1594,1,180705A_rec_CP1pb_S296,MDCK,in vitro,extracellular,bulk
PB2,453,1742,2,180705A_rec_CP1pb_S296,MDCK,in vitro,extracellular,bulk
PB2,454,1798,1,180705A_rec_CP1pb_S296,MDCK,in vitro,extracellular,bulk
PB2,454,1828,1,180705A_rec_CP1pb_S296,MDCK,in vitro,extracellular,bulk
PB2,455,552,1,180705A_rec_CP1pb_S296,MDCK,in vitro,extracellular,bulk
PB2,496,1752,25,180705A_rec_CP1pb_S296,MDCK,in vitro,extracellular,bulk
PB2,513,1793,1,180705A_rec_CP1pb_S296,MDCK,in vitro,extracellular,bulk
PB2,516,1883,5,180705A_rec_CP1pb_S296,MDCK,in vitro,extracellular,bulk
PB2,633,1534,9,180705A_rec_CP1pb_S296,MDCK,in vitro,extracellular,bulk
PB2,633,1738,80,180705A_rec_CP1pb_S296,MDCK,in vitro,extracellular,bulk
PB2,653,1051,1,180705A_rec_CP1pb_S296,MDCK,in vitro,extracellular,bulk
PB2,671,1956,3,180705A_rec_CP1pb_S296,MDCK,in vitro,extracellular,bulk
PB2,681,762,1,180705A_rec_CP1pb_S296,MDCK,in vitro,extracellular,bulk
PB2,804,1439,1,180705A_rec_CP1pb_S296,MDCK,in vitro,extracellular,bulk
PB2,961,1001,2,180705A_rec_CP1pb_S296,MDCK,in vitro,extracellular,bulk
PB1,1002,1115,1,180705A_rec_CP1pb_S296,MDCK,in vitro,extracellular,bulk
PB1,1010,1732,1,180705A_rec_CP1pb_S296,MDCK,in vitro,extracellular,bulk
PB1,1041,1590,1,180705A_rec_CP1pb_S296,MDCK,in vitro,extracellular,bulk
PB1,1044,1259,1,180705A_rec_CP1pb_S296,MDCK,in vitro,extracellular,bulk
PB1,1061,1118,1,180705A_rec_CP1pb_S296,MDCK,in vitro,extracellular,bulk
PB1,1085,1399,10,180705A_rec_CP1pb_S296,MDCK,in vitro,extracellular,bulk
PB1,1091,1493,1,180705A_rec_CP1pb_S296,MDCK,in vitro,extracellular,bulk
PB1,1170,1352,2,180705A_rec_CP1pb_S296,MDCK,in vitro,extracellular,bulk
PB1,1177,1405,2,180705A_rec_CP1pb_S296,MDCK,in vitro,extracellular,bulk
PB1,1183,1418,1,180705A_rec_CP1pb_S296,MDCK,in vitro,extracellular,bulk
PB1,1184,1833,1,180705A_rec_CP1pb_S296,MDCK,in vitro,extracellular,bulk
PB1,1191,1364,2,180705A_rec_CP1pb_S296,MDCK,in vitro,extracellular,bulk
PB1,1192,1376,2,180705A_rec_CP1pb_S296,MDCK,in vitro,extracellular,bulk
PB1,1193,1341,1,180705A_rec_CP1pb_S296,MDCK,in vitro,extracellular,bulk
PB1,128,1004,8,180705A_rec_CP1pb_S296,MDCK,in vitro,extracellular,bulk
PB1,128,2080,6,180705A_rec_CP1pb_S296,MDCK,in vitro,extracellular,bulk
PB1,1384,2204,1,180705A_rec_CP1pb_S296,MDCK,in vitro,extracellular,bulk
PB1,1413,1584,1,180705A_rec_CP1pb_S296,MDCK,in vitro,extracellular,bulk
PB1,1440,1477,1,180705A_rec_CP1pb_S296,MDCK,in vitro,extracellular,bulk
PB1,1544,1827,7,180705A_rec_CP1pb_S296,MDCK,in vitro,extracellular,bulk
PB1,1546,1864,1,180705A_rec_CP1pb_S296,MDCK,in vitro,extracellular,bulk
PB1,1548,1993,1,180705A_rec_CP1pb_S296,MDCK,in vitro,extracellular,bulk
PB1,1557,2131,1,180705A_rec_CP1pb_S296,MDCK,in vitro,extracellular,bulk
PB1,1586,1855,1,180705A_rec_CP1pb_S296,MDCK,in vitro,extracellular,bulk
PB1,1596,1626,1,180705A_rec_CP1pb_S296,MDCK,in vitro,extracellular,bulk
PB1,1614,1646,2,180705A_rec_CP1pb_S296,MDCK,in vitro,extracellular,bulk
PB1,1623,1951,1,180705A_rec_CP1pb_S296,MDCK,in vitro,extracellular,bulk
PB1,1628,1657,1,180705A_rec_CP1pb_S296,MDCK,in vitro,extracellular,bulk
PB1,1779,1845,1,180705A_rec_CP1pb_S296,MDCK,in vitro,extracellular,bulk
PB1,1803,1851,5,180705A_rec_CP1pb_S296,MDCK,in vitro,extracellular,bulk
PB1,1818,1870,1,180705A_rec_CP1pb_S296,MDCK,in vitro,extracellular,bulk
PB1,1818,1928,7,180705A_rec_CP1pb_S296,MDCK,in vitro,extracellular,bulk
PB1,1853,2222,1,180705A_rec_CP1pb_S296,MDCK,in vitro,extracellular,bulk
PB1,1968,2132,1,180705A_rec_CP1pb_S296,MDCK,in vitro,extracellular,bulk
PB1,213,1982,2,180705A_rec_CP1pb_S296,MDCK,in vitro,extracellular,bulk
PB1,224,1939,1,180705A_rec_CP1pb_S296,MDCK,in vitro,extracellular,bulk
PB1,255,1797,7,180705A_rec_CP1pb_S296,MDCK,in vitro,extracellular,bulk
PB1,301,539,1,180705A_rec_CP1pb_S296,MDCK,in vitro,extracellular,bulk
PB1,374,1876,1,180705A_rec_CP1pb_S296,MDCK,in vitro,extracellular,bulk
PB1,394,1885,1,180705A_rec_CP1pb_S296,MDCK,in vitro,extracellular,bulk
PB1,402,1813,7,180705A_rec_CP1pb_S296,MDCK,in vitro,extracellular,bulk
PB1,417,1774,2,180705A_rec_CP1pb_S296,MDCK,in vitro,extracellular,bulk
PB1,464,705,1,180705A_rec_CP1pb_S296,MDCK,in vitro,extracellular,bulk
PB1,478,1872,1,180705A_rec_CP1pb_S296,MDCK,in vitro,extracellular,bulk
PB1,509,1624,4,180705A_rec_CP1pb_S296,MDCK,in vitro,extracellular,bulk
PB1,526,1821,1,180705A_rec_CP1pb_S296,MDCK,in vitro,extracellular,bulk
PB1,561,741,9,180705A_rec_CP1pb_S296,MDCK,in vitro,extracellular,bulk
PB1,563,617,4,180705A_rec_CP1pb_S296,MDCK,in vitro,extracellular,bulk
PB1,565,742,1,180705A_rec_CP1pb_S296,MDCK,in vitro,extracellular,bulk
PB1,568,1691,1,180705A_rec_CP1pb_S296,MDCK,in vitro,extracellular,bulk
PB1,576,1834,10,180705A_rec_CP1pb_S296,MDCK,in vitro,extracellular,bulk
PB1,578,1876,107,180705A_rec_CP1pb_S296,MDCK,in vitro,extracellular,bulk
PB1,586,635,1,180705A_rec_CP1pb_S296,MDCK,in vitro,extracellular,bulk
PB1,603,1499,1,180705A_rec_CP1pb_S296,MDCK,in vitro,extracellular,bulk
PB1,625,662,1,180705A_rec_CP1pb_S296,MDCK,in vitro,extracellular,bulk
PB1,630,1645,12,180705A_rec_CP1pb_S296,MDCK,in vitro,extracellular,bulk
PB1,640,1217,1,180705A_rec_CP1pb_S296,MDCK,in vitro,extracellular,bulk
PB1,644,1590,1,180705A_rec_CP1pb_S296,MDCK,in vitro,extracellular,bulk
PB1,646,1592,12,180705A_rec_CP1pb_S296,MDCK,in vitro,extracellular,bulk
PB1,673,870,1,180705A_rec_CP1pb_S296,MDCK,in vitro,extracellular,bulk
PB1,713,1581,65,180705A_rec_CP1pb_S296,MDCK,in vitro,extracellular,bulk
PB1,713,1849,1,180705A_rec_CP1pb_S296,MDCK,in vitro,extracellular,bulk
PB1,720,868,1,180705A_rec_CP1pb_S296,MDCK,in vitro,extracellular,bulk
PB1,729,1083,1,180705A_rec_CP1pb_S296,MDCK,in vitro,extracellular,bulk
PB1,752,2010,1,180705A_rec_CP1pb_S296,MDCK,in vitro,extracellular,bulk
PB1,752,2107,1,180705A_rec_CP1pb_S296,MDCK,in vitro,extracellular,bulk
PB1,753,1654,1,180705A_rec_CP1pb_S296,MDCK,in vitro,extracellular,bulk
PB1,779,1530,1,180705A_rec_CP1pb_S296,MDCK,in vitro,extracellular,bulk
PB1,782,1544,12,180705A_rec_CP1pb_S296,MDCK,in vitro,extracellular,bulk
PB1,785,1444,1,180705A_rec_CP1pb_S296,MDCK,in vitro,extracellular,bulk
PB1,802,2133,2,180705A_rec_CP1pb_S296,MDCK,in vitro,extracellular,bulk
PB1,807,1457,29,180705A_rec_CP1pb_S296,MDCK,in vitro,extracellular,bulk
PB1,831,1701,1,180705A_rec_CP1pb_S296,MDCK,in vitro,extracellular,bulk
PB1,84,114,3,180705A_rec_CP1pb_S296,MDCK,in vitro,extracellular,bulk
PB1,861,1029,1,180705A_rec_CP1pb_S296,MDCK,in vitro,extracellular,bulk
PB1,893,1363,1,180705A_rec_CP1pb_S296,MDCK,in vitro,extracellular,bulk
PB1,893,1629,1,180705A_rec_CP1pb_S296,MDCK,in vitro,extracellular,bulk
PB1,895,1362,3,180705A_rec_CP1pb_S296,MDCK,in vitro,extracellular,bulk
PB1,921,1181,12,180705A_rec_CP1pb_S296,MDCK,in vitro,extracellular,bulk
PB1,924,1363,4,180705A_rec_CP1pb_S296,MDCK,in vitro,extracellular,bulk
PB1,939,961,4,180705A_rec_CP1pb_S296,MDCK,in vitro,extracellular,bulk
PB1,945,2165,1,180705A_rec_CP1pb_S296,MDCK,in vitro,extracellular,bulk
PB1,965,1028,1,180705A_rec_CP1pb_S296,MDCK,in vitro,extracellular,bulk
PB1,994,1151,13,180705A_rec_CP1pb_S296,MDCK,in vitro,extracellular,bulk
PB1,998,1375,17,180705A_rec_CP1pb_S296,MDCK,in vitro,extracellular,bulk
PA,1014,1233,1,180705A_rec_CP1pb_S296,MDCK,in vitro,extracellular,bulk
PA,104,403,1,180705A_rec_CP1pb_S296,MDCK,in vitro,extracellular,bulk
PA,1060,2059,1,180705A_rec_CP1pb_S296,MDCK,in vitro,extracellular,bulk
PA,1115,1157,9,180705A_rec_CP1pb_S296,MDCK,in vitro,extracellular,bulk
PA,1154,1208,1,180705A_rec_CP1pb_S296,MDCK,in vitro,extracellular,bulk
PA,1197,1353,1,180705A_rec_CP1pb_S296,MDCK,in vitro,extracellular,bulk
PA,1285,1333,2,180705A_rec_CP1pb_S296,MDCK,in vitro,extracellular,bulk
PA,143,860,1,180705A_rec_CP1pb_S296,MDCK,in vitro,extracellular,bulk
PA,1463,1506,1,180705A_rec_CP1pb_S296,MDCK,in vitro,extracellular,bulk
PA,1482,1517,1,180705A_rec_CP1pb_S296,MDCK,in vitro,extracellular,bulk
PA,1517,1555,2,180705A_rec_CP1pb_S296,MDCK,in vitro,extracellular,bulk
PA,1596,1639,1,180705A_rec_CP1pb_S296,MDCK,in vitro,extracellular,bulk
PA,160,1836,1,180705A_rec_CP1pb_S296,MDCK,in vitro,extracellular,bulk
PA,1625,1735,1,180705A_rec_CP1pb_S296,MDCK,in vitro,extracellular,bulk
PA,1778,2106,1,180705A_rec_CP1pb_S296,MDCK,in vitro,extracellular,bulk
PA,1814,2171,1,180705A_rec_CP1pb_S296,MDCK,in vitro,extracellular,bulk
PA,1817,2091,1,180705A_rec_CP1pb_S296,MDCK,in vitro,extracellular,bulk
PA,1827,1951,2,180705A_rec_CP1pb_S296,MDCK,in vitro,extracellular,bulk
PA,1848,1881,1,180705A_rec_CP1pb_S296,MDCK,in vitro,extracellular,bulk
PA,1874,1960,63,180705A_rec_CP1pb_S296,MDCK,in vitro,extracellular,bulk
PA,1916,1995,1,180705A_rec_CP1pb_S296,MDCK,in vitro,extracellular,bulk
PA,2061,2123,1,180705A_rec_CP1pb_S296,MDCK,in vitro,extracellular,bulk
PA,2097,2172,1,180705A_rec_CP1pb_S296,MDCK,in vitro,extracellular,bulk
PA,2120,2170,1,180705A_rec_CP1pb_S296,MDCK,in vitro,extracellular,bulk
PA,225,1192,1,180705A_rec_CP1pb_S296,MDCK,in vitro,extracellular,bulk
PA,228,1710,1,180705A_rec_CP1pb_S296,MDCK,in vitro,extracellular,bulk
PA,261,1887,1,180705A_rec_CP1pb_S296,MDCK,in vitro,extracellular,bulk
PA,312,1871,134,180705A_rec_CP1pb_S296,MDCK,in vitro,extracellular,bulk
PA,352,1999,3,180705A_rec_CP1pb_S296,MDCK,in vitro,extracellular,bulk
PA,367,412,2,180705A_rec_CP1pb_S296,MDCK,in vitro,extracellular,bulk
PA,381,1883,87,180705A_rec_CP1pb_S296,MDCK,in vitro,extracellular,bulk
PA,386,1710,77,180705A_rec_CP1pb_S296,MDCK,in vitro,extracellular,bulk
PA,397,1094,1,180705A_rec_CP1pb_S296,MDCK,in vitro,extracellular,bulk
PA,400,716,1,180705A_rec_CP1pb_S296,MDCK,in vitro,extracellular,bulk
PA,403,979,1,180705A_rec_CP1pb_S296,MDCK,in vitro,extracellular,bulk
PA,413,1604,52,180705A_rec_CP1pb_S296,MDCK,in vitro,extracellular,bulk
PA,451,1623,1,180705A_rec_CP1pb_S296,MDCK,in vitro,extracellular,bulk
PA,460,1444,6,180705A_rec_CP1pb_S296,MDCK,in vitro,extracellular,bulk
PA,475,1675,46,180705A_rec_CP1pb_S296,MDCK,in vitro,extracellular,bulk
PA,491,1149,1,180705A_rec_CP1pb_S296,MDCK,in vitro,extracellular,bulk
PA,507,827,1,180705A_rec_CP1pb_S296,MDCK,in vitro,extracellular,bulk
PA,529,1622,1,180705A_rec_CP1pb_S296,MDCK,in vitro,extracellular,bulk
PA,553,1449,1,180705A_rec_CP1pb_S296,MDCK,in vitro,extracellular,bulk
PA,554,1450,43,180705A_rec_CP1pb_S296,MDCK,in vitro,extracellular,bulk
PA,555,1709,23,180705A_rec_CP1pb_S296,MDCK,in vitro,extracellular,bulk
PA,581,1373,1,180705A_rec_CP1pb_S296,MDCK,in vitro,extracellular,bulk
PA,588,1373,1,180705A_rec_CP1pb_S296,MDCK,in vitro,extracellular,bulk
PA,595,1408,46,180705A_rec_CP1pb_S296,MDCK,in vitro,extracellular,bulk
PA,610,1395,2,180705A_rec_CP1pb_S296,MDCK,in vitro,extracellular,bulk
PA,655,1460,11,180705A_rec_CP1pb_S296,MDCK,in vitro,extracellular,bulk
PA,674,1607,1,180705A_rec_CP1pb_S296,MDCK,in vitro,extracellular,bulk
PA,730,974,1,180705A_rec_CP1pb_S296,MDCK,in vitro,extracellular,bulk
PA,750,777,1,180705A_rec_CP1pb_S296,MDCK,in vitro,extracellular,bulk
PA,763,1393,1,180705A_rec_CP1pb_S296,MDCK,in vitro,extracellular,bulk
PA,763,1634,9,180705A_rec_CP1pb_S296,MDCK,in vitro,extracellular,bulk
PA,764,837,1,180705A_rec_CP1pb_S296,MDCK,in vitro,extracellular,bulk
PA,84,2027,4,180705A_rec_CP1pb_S296,MDCK,in vitro,extracellular,bulk
PA,923,1082,1,180705A_rec_CP1pb_S296,MDCK,in vitro,extracellular,bulk
PA,949,1041,1,180705A_rec_CP1pb_S296,MDCK,in vitro,extracellular,bulk
HA,1019,1064,2,180705A_rec_CP1pb_S296,MDCK,in vitro,extracellular,bulk
HA,1023,1104,1,180705A_rec_CP1pb_S296,MDCK,in vitro,extracellular,bulk
HA,1042,1206,8,180705A_rec_CP1pb_S296,MDCK,in vitro,extracellular,bulk
HA,1284,1354,23,180705A_rec_CP1pb_S296,MDCK,in vitro,extracellular,bulk
HA,1326,1392,1,180705A_rec_CP1pb_S296,MDCK,in vitro,extracellular,bulk
HA,1459,1749,1,180705A_rec_CP1pb_S296,MDCK,in vitro,extracellular,bulk
HA,1623,1689,1,180705A_rec_CP1pb_S296,MDCK,in vitro,extracellular,bulk
HA,348,475,4,180705A_rec_CP1pb_S296,MDCK,in vitro,extracellular,bulk
HA,350,477,1,180705A_rec_CP1pb_S296,MDCK,in vitro,extracellular,bulk
HA,421,472,1,180705A_rec_CP1pb_S296,MDCK,in vitro,extracellular,bulk
HA,449,729,1,180705A_rec_CP1pb_S296,MDCK,in vitro,extracellular,bulk
HA,452,755,1,180705A_rec_CP1pb_S296,MDCK,in vitro,extracellular,bulk
HA,453,532,1,180705A_rec_CP1pb_S296,MDCK,in vitro,extracellular,bulk
HA,579,1496,1,180705A_rec_CP1pb_S296,MDCK,in vitro,extracellular,bulk
HA,603,1013,1,180705A_rec_CP1pb_S296,MDCK,in vitro,extracellular,bulk
HA,622,1139,1,180705A_rec_CP1pb_S296,MDCK,in vitro,extracellular,bulk
HA,698,1119,7,180705A_rec_CP1pb_S296,MDCK,in vitro,extracellular,bulk
HA,705,1032,6,180705A_rec_CP1pb_S296,MDCK,in vitro,extracellular,bulk
HA,705,1204,3,180705A_rec_CP1pb_S296,MDCK,in vitro,extracellular,bulk
HA,706,1007,3,180705A_rec_CP1pb_S296,MDCK,in vitro,extracellular,bulk
HA,711,798,1,180705A_rec_CP1pb_S296,MDCK,in vitro,extracellular,bulk
HA,724,830,1,180705A_rec_CP1pb_S296,MDCK,in vitro,extracellular,bulk
HA,788,863,25,180705A_rec_CP1pb_S296,MDCK,in vitro,extracellular,bulk
HA,809,867,1,180705A_rec_CP1pb_S296,MDCK,in vitro,extracellular,bulk
HA,854,883,1,180705A_rec_CP1pb_S296,MDCK,in vitro,extracellular,bulk
HA,879,1142,1,180705A_rec_CP1pb_S296,MDCK,in vitro,extracellular,bulk
HA,923,1042,1,180705A_rec_CP1pb_S296,MDCK,in vitro,extracellular,bulk
NP,1193,1221,2,180705A_rec_CP1pb_S296,MDCK,in vitro,extracellular,bulk
NP,1268,1331,1,180705A_rec_CP1pb_S296,MDCK,in vitro,extracellular,bulk
NP,1294,1355,1,180705A_rec_CP1pb_S296,MDCK,in vitro,extracellular,bulk
NP,1294,1370,1,180705A_rec_CP1pb_S296,MDCK,in vitro,extracellular,bulk
NP,1321,1343,1,180705A_rec_CP1pb_S296,MDCK,in vitro,extracellular,bulk
NP,1371,1407,4,180705A_rec_CP1pb_S296,MDCK,in vitro,extracellular,bulk
NP,144,1287,9,180705A_rec_CP1pb_S296,MDCK,in vitro,extracellular,bulk
NP,263,429,1,180705A_rec_CP1pb_S296,MDCK,in vitro,extracellular,bulk
NP,343,778,1,180705A_rec_CP1pb_S296,MDCK,in vitro,extracellular,bulk
NP,366,678,1,180705A_rec_CP1pb_S296,MDCK,in vitro,extracellular,bulk
NP,368,1097,1,180705A_rec_CP1pb_S296,MDCK,in vitro,extracellular,bulk
NP,372,1084,1,180705A_rec_CP1pb_S296,MDCK,in vitro,extracellular,bulk
NP,372,817,1,180705A_rec_CP1pb_S296,MDCK,in vitro,extracellular,bulk
NP,377,823,1,180705A_rec_CP1pb_S296,MDCK,in vitro,extracellular,bulk
NP,406,464,2,180705A_rec_CP1pb_S296,MDCK,in vitro,extracellular,bulk
NP,406,834,1,180705A_rec_CP1pb_S296,MDCK,in vitro,extracellular,bulk
NP,425,617,1,180705A_rec_CP1pb_S296,MDCK,in vitro,extracellular,bulk
NP,434,486,1,180705A_rec_CP1pb_S296,MDCK,in vitro,extracellular,bulk
NP,461,870,1,180705A_rec_CP1pb_S296,MDCK,in vitro,extracellular,bulk
NP,473,999,2,180705A_rec_CP1pb_S296,MDCK,in vitro,extracellular,bulk
NP,481,619,2,180705A_rec_CP1pb_S296,MDCK,in vitro,extracellular,bulk
NP,525,683,1,180705A_rec_CP1pb_S296,MDCK,in vitro,extracellular,bulk
NP,526,1067,1,180705A_rec_CP1pb_S296,MDCK,in vitro,extracellular,bulk
NP,527,583,2,180705A_rec_CP1pb_S296,MDCK,in vitro,extracellular,bulk
NP,537,583,1,180705A_rec_CP1pb_S296,MDCK,in vitro,extracellular,bulk
NP,553,628,12,180705A_rec_CP1pb_S296,MDCK,in vitro,extracellular,bulk
NP,582,819,30,180705A_rec_CP1pb_S296,MDCK,in vitro,extracellular,bulk
NP,596,979,1,180705A_rec_CP1pb_S296,MDCK,in vitro,extracellular,bulk
NP,627,1067,1,180705A_rec_CP1pb_S296,MDCK,in vitro,extracellular,bulk
NP,627,816,1,180705A_rec_CP1pb_S296,MDCK,in vitro,extracellular,bulk
NP,650,769,1,180705A_rec_CP1pb_S296,MDCK,in vitro,extracellular,bulk
NP,676,775,1,180705A_rec_CP1pb_S296,MDCK,in vitro,extracellular,bulk
NP,676,777,1,180705A_rec_CP1pb_S296,MDCK,in vitro,extracellular,bulk
NP,683,914,1,180705A_rec_CP1pb_S296,MDCK,in vitro,extracellular,bulk
NP,716,1400,1,180705A_rec_CP1pb_S296,MDCK,in vitro,extracellular,bulk
NP,765,819,3,180705A_rec_CP1pb_S296,MDCK,in vitro,extracellular,bulk
NP,834,1057,1,180705A_rec_CP1pb_S296,MDCK,in vitro,extracellular,bulk
NP,846,1192,1,180705A_rec_CP1pb_S296,MDCK,in vitro,extracellular,bulk
NP,86,151,1,180705A_rec_CP1pb_S296,MDCK,in vitro,extracellular,bulk
NP,910,956,1,180705A_rec_CP1pb_S296,MDCK,in vitro,extracellular,bulk
NA,121,152,1,180705A_rec_CP1pb_S296,MDCK,in vitro,extracellular,bulk
NA,1261,1287,2,180705A_rec_CP1pb_S296,MDCK,in vitro,extracellular,bulk
NA,193,1048,1,180705A_rec_CP1pb_S296,MDCK,in vitro,extracellular,bulk
NA,194,960,17,180705A_rec_CP1pb_S296,MDCK,in vitro,extracellular,bulk
NA,345,956,54,180705A_rec_CP1pb_S296,MDCK,in vitro,extracellular,bulk
NA,346,951,48,180705A_rec_CP1pb_S296,MDCK,in vitro,extracellular,bulk
NA,357,536,1,180705A_rec_CP1pb_S296,MDCK,in vitro,extracellular,bulk
NA,399,892,1,180705A_rec_CP1pb_S296,MDCK,in vitro,extracellular,bulk
NA,409,491,1,180705A_rec_CP1pb_S296,MDCK,in vitro,extracellular,bulk
NA,410,441,1,180705A_rec_CP1pb_S296,MDCK,in vitro,extracellular,bulk
NA,475,725,1,180705A_rec_CP1pb_S296,MDCK,in vitro,extracellular,bulk
NA,562,683,1,180705A_rec_CP1pb_S296,MDCK,in vitro,extracellular,bulk
NA,648,782,1,180705A_rec_CP1pb_S296,MDCK,in vitro,extracellular,bulk
NA,668,788,1,180705A_rec_CP1pb_S296,MDCK,in vitro,extracellular,bulk
NA,672,697,1,180705A_rec_CP1pb_S296,MDCK,in vitro,extracellular,bulk
NA,686,721,1,180705A_rec_CP1pb_S296,MDCK,in vitro,extracellular,bulk
NA,716,839,1,180705A_rec_CP1pb_S296,MDCK,in vitro,extracellular,bulk
NA,717,1112,1,180705A_rec_CP1pb_S296,MDCK,in vitro,extracellular,bulk
NA,717,997,1,180705A_rec_CP1pb_S296,MDCK,in vitro,extracellular,bulk
NA,722,994,1,180705A_rec_CP1pb_S296,MDCK,in vitro,extracellular,bulk
NA,733,771,8,180705A_rec_CP1pb_S296,MDCK,in vitro,extracellular,bulk
NA,870,1327,2,180705A_rec_CP1pb_S296,MDCK,in vitro,extracellular,bulk
NA,882,1083,1,180705A_rec_CP1pb_S296,MDCK,in vitro,extracellular,bulk
M,225,280,1,180705A_rec_CP1pb_S296,MDCK,in vitro,extracellular,bulk
M,323,786,1,180705A_rec_CP1pb_S296,MDCK,in vitro,extracellular,bulk
M,392,480,1,180705A_rec_CP1pb_S296,MDCK,in vitro,extracellular,bulk
M,431,522,1,180705A_rec_CP1pb_S296,MDCK,in vitro,extracellular,bulk
M,462,705,4,180705A_rec_CP1pb_S296,MDCK,in vitro,extracellular,bulk
M,485,560,1,180705A_rec_CP1pb_S296,MDCK,in vitro,extracellular,bulk
M,492,628,1,180705A_rec_CP1pb_S296,MDCK,in vitro,extracellular,bulk
M,501,578,13,180705A_rec_CP1pb_S296,MDCK,in vitro,extracellular,bulk
M,521,603,2,180705A_rec_CP1pb_S296,MDCK,in vitro,extracellular,bulk
M,641,834,2,180705A_rec_CP1pb_S296,MDCK,in vitro,extracellular,bulk
M,662,684,1,180705A_rec_CP1pb_S296,MDCK,in vitro,extracellular,bulk
M,750,776,2,180705A_rec_CP1pb_S296,MDCK,in vitro,extracellular,bulk
NS,285,667,1,180705A_rec_CP1pb_S296,MDCK,in vitro,extracellular,bulk
NS,336,510,7,180705A_rec_CP1pb_S296,MDCK,in vitro,extracellular,bulk
NS,370,522,1,180705A_rec_CP1pb_S296,MDCK,in vitro,extracellular,bulk
NS,392,434,2,180705A_rec_CP1pb_S296,MDCK,in vitro,extracellular,bulk
NS,456,481,1,180705A_rec_CP1pb_S296,MDCK,in vitro,extracellular,bulk
PB2,1063,1153,1,180705A_rec_DP1pb_S297,MDCK,in vitro,extracellular,bulk
PB2,1066,1229,1,180705A_rec_DP1pb_S297,MDCK,in vitro,extracellular,bulk
PB2,1133,1157,1,180705A_rec_DP1pb_S297,MDCK,in vitro,extracellular,bulk
PB2,115,2126,1,180705A_rec_DP1pb_S297,MDCK,in vitro,extracellular,bulk
PB2,1353,1923,1,180705A_rec_DP1pb_S297,MDCK,in vitro,extracellular,bulk
PB2,1414,1960,1,180705A_rec_DP1pb_S297,MDCK,in vitro,extracellular,bulk
PB2,1494,2111,1,180705A_rec_DP1pb_S297,MDCK,in vitro,extracellular,bulk
PB2,1720,1742,1,180705A_rec_DP1pb_S297,MDCK,in vitro,extracellular,bulk
PB2,1786,1952,1,180705A_rec_DP1pb_S297,MDCK,in vitro,extracellular,bulk
PB2,1913,1951,1,180705A_rec_DP1pb_S297,MDCK,in vitro,extracellular,bulk
PB2,2044,2214,1,180705A_rec_DP1pb_S297,MDCK,in vitro,extracellular,bulk
PB2,2045,2082,1,180705A_rec_DP1pb_S297,MDCK,in vitro,extracellular,bulk
PB2,2062,2132,3,180705A_rec_DP1pb_S297,MDCK,in vitro,extracellular,bulk
PB2,608,1633,1,180705A_rec_DP1pb_S297,MDCK,in vitro,extracellular,bulk
PB2,666,1568,1,180705A_rec_DP1pb_S297,MDCK,in vitro,extracellular,bulk
PB2,788,1966,1,180705A_rec_DP1pb_S297,MDCK,in vitro,extracellular,bulk
PB2,842,878,1,180705A_rec_DP1pb_S297,MDCK,in vitro,extracellular,bulk
PB1,1069,1435,1,180705A_rec_DP1pb_S297,MDCK,in vitro,extracellular,bulk
PB1,1085,1399,5,180705A_rec_DP1pb_S297,MDCK,in vitro,extracellular,bulk
PB1,1151,1181,3,180705A_rec_DP1pb_S297,MDCK,in vitro,extracellular,bulk
PB1,1191,1364,2,180705A_rec_DP1pb_S297,MDCK,in vitro,extracellular,bulk
PB1,1193,1341,1,180705A_rec_DP1pb_S297,MDCK,in vitro,extracellular,bulk
PB1,1219,1877,1,180705A_rec_DP1pb_S297,MDCK,in vitro,extracellular,bulk
PB1,1271,1340,1,180705A_rec_DP1pb_S297,MDCK,in vitro,extracellular,bulk
PB1,136,1989,1,180705A_rec_DP1pb_S297,MDCK,in vitro,extracellular,bulk
PB1,1384,2204,2,180705A_rec_DP1pb_S297,MDCK,in vitro,extracellular,bulk
PB1,1483,2144,1,180705A_rec_DP1pb_S297,MDCK,in vitro,extracellular,bulk
PB1,1497,2116,1,180705A_rec_DP1pb_S297,MDCK,in vitro,extracellular,bulk
PB1,1505,1528,1,180705A_rec_DP1pb_S297,MDCK,in vitro,extracellular,bulk
PB1,1523,1788,3,180705A_rec_DP1pb_S297,MDCK,in vitro,extracellular,bulk
PB1,1532,2007,1,180705A_rec_DP1pb_S297,MDCK,in vitro,extracellular,bulk
PB1,1649,1980,1,180705A_rec_DP1pb_S297,MDCK,in vitro,extracellular,bulk
PB1,1775,1813,1,180705A_rec_DP1pb_S297,MDCK,in vitro,extracellular,bulk
PB1,1968,2132,2,180705A_rec_DP1pb_S297,MDCK,in vitro,extracellular,bulk
PB1,211,2090,1,180705A_rec_DP1pb_S297,MDCK,in vitro,extracellular,bulk
PB1,269,2105,1,180705A_rec_DP1pb_S297,MDCK,in vitro,extracellular,bulk
PB1,281,407,1,180705A_rec_DP1pb_S297,MDCK,in vitro,extracellular,bulk
PB1,301,539,5,180705A_rec_DP1pb_S297,MDCK,in vitro,extracellular,bulk
PB1,424,466,2,180705A_rec_DP1pb_S297,MDCK,in vitro,extracellular,bulk
PB1,510,2227,1,180705A_rec_DP1pb_S297,MDCK,in vitro,extracellular,bulk
PB1,524,1769,14,180705A_rec_DP1pb_S297,MDCK,in vitro,extracellular,bulk
PB1,54,98,1,180705A_rec_DP1pb_S297,MDCK,in vitro,extracellular,bulk
PB1,550,1679,1,180705A_rec_DP1pb_S297,MDCK,in vitro,extracellular,bulk
PB1,715,878,2,180705A_rec_DP1pb_S297,MDCK,in vitro,extracellular,bulk
PB1,718,868,1,180705A_rec_DP1pb_S297,MDCK,in vitro,extracellular,bulk
PB1,752,2107,2,180705A_rec_DP1pb_S297,MDCK,in vitro,extracellular,bulk
PB1,794,822,15,180705A_rec_DP1pb_S297,MDCK,in vitro,extracellular,bulk
PB1,893,1363,1,180705A_rec_DP1pb_S297,MDCK,in vitro,extracellular,bulk
PB1,895,1362,2,180705A_rec_DP1pb_S297,MDCK,in vitro,extracellular,bulk
PA,1074,1144,1,180705A_rec_DP1pb_S297,MDCK,in vitro,extracellular,bulk
PA,1089,1592,1,180705A_rec_DP1pb_S297,MDCK,in vitro,extracellular,bulk
PA,1353,1489,1,180705A_rec_DP1pb_S297,MDCK,in vitro,extracellular,bulk
PA,1638,2098,1,180705A_rec_DP1pb_S297,MDCK,in vitro,extracellular,bulk
PA,164,2028,6,180705A_rec_DP1pb_S297,MDCK,in vitro,extracellular,bulk
PA,1873,2080,1,180705A_rec_DP1pb_S297,MDCK,in vitro,extracellular,bulk
PA,1882,2037,1,180705A_rec_DP1pb_S297,MDCK,in vitro,extracellular,bulk
PA,1897,2119,1,180705A_rec_DP1pb_S297,MDCK,in vitro,extracellular,bulk
PA,2024,2059,2,180705A_rec_DP1pb_S297,MDCK,in vitro,extracellular,bulk
PA,2090,2129,2,180705A_rec_DP1pb_S297,MDCK,in vitro,extracellular,bulk
PA,256,1876,7,180705A_rec_DP1pb_S297,MDCK,in vitro,extracellular,bulk
PA,318,1844,1,180705A_rec_DP1pb_S297,MDCK,in vitro,extracellular,bulk
PA,365,1832,6,180705A_rec_DP1pb_S297,MDCK,in vitro,extracellular,bulk
PA,400,614,1,180705A_rec_DP1pb_S297,MDCK,in vitro,extracellular,bulk
PA,442,787,1,180705A_rec_DP1pb_S297,MDCK,in vitro,extracellular,bulk
PA,491,573,1,180705A_rec_DP1pb_S297,MDCK,in vitro,extracellular,bulk
PA,493,1380,41,180705A_rec_DP1pb_S297,MDCK,in vitro,extracellular,bulk
PA,518,1710,241,180705A_rec_DP1pb_S297,MDCK,in vitro,extracellular,bulk
PA,522,781,1,180705A_rec_DP1pb_S297,MDCK,in vitro,extracellular,bulk
PA,559,1542,110,180705A_rec_DP1pb_S297,MDCK,in vitro,extracellular,bulk
PA,560,1544,1,180705A_rec_DP1pb_S297,MDCK,in vitro,extracellular,bulk
PA,572,1149,2,180705A_rec_DP1pb_S297,MDCK,in vitro,extracellular,bulk
PA,647,1760,116,180705A_rec_DP1pb_S297,MDCK,in vitro,extracellular,bulk
PA,679,1537,1,180705A_rec_DP1pb_S297,MDCK,in vitro,extracellular,bulk
PA,730,1293,1,180705A_rec_DP1pb_S297,MDCK,in vitro,extracellular,bulk
PA,772,1578,424,180705A_rec_DP1pb_S297,MDCK,in vitro,extracellular,bulk
HA,1019,1064,3,180705A_rec_DP1pb_S297,MDCK,in vitro,extracellular,bulk
HA,1121,1587,1,180705A_rec_DP1pb_S297,MDCK,in vitro,extracellular,bulk
HA,1326,1392,1,180705A_rec_DP1pb_S297,MDCK,in vitro,extracellular,bulk
HA,1623,1689,1,180705A_rec_DP1pb_S297,MDCK,in vitro,extracellular,bulk
HA,1650,1735,1,180705A_rec_DP1pb_S297,MDCK,in vitro,extracellular,bulk
HA,296,1280,26,180705A_rec_DP1pb_S297,MDCK,in vitro,extracellular,bulk
HA,352,1239,1,180705A_rec_DP1pb_S297,MDCK,in vitro,extracellular,bulk
HA,457,994,1,180705A_rec_DP1pb_S297,MDCK,in vitro,extracellular,bulk
HA,535,566,1,180705A_rec_DP1pb_S297,MDCK,in vitro,extracellular,bulk
HA,620,896,1,180705A_rec_DP1pb_S297,MDCK,in vitro,extracellular,bulk
HA,705,1032,2,180705A_rec_DP1pb_S297,MDCK,in vitro,extracellular,bulk
HA,705,1204,2,180705A_rec_DP1pb_S297,MDCK,in vitro,extracellular,bulk
HA,706,1007,1,180705A_rec_DP1pb_S297,MDCK,in vitro,extracellular,bulk
HA,706,758,1,180705A_rec_DP1pb_S297,MDCK,in vitro,extracellular,bulk
HA,736,1033,4,180705A_rec_DP1pb_S297,MDCK,in vitro,extracellular,bulk
NP,1294,1355,1,180705A_rec_DP1pb_S297,MDCK,in vitro,extracellular,bulk
NP,242,1329,2,180705A_rec_DP1pb_S297,MDCK,in vitro,extracellular,bulk
NP,311,1135,1,180705A_rec_DP1pb_S297,MDCK,in vitro,extracellular,bulk
NP,406,464,1,180705A_rec_DP1pb_S297,MDCK,in vitro,extracellular,bulk
NP,473,948,1,180705A_rec_DP1pb_S297,MDCK,in vitro,extracellular,bulk
NP,747,1057,1,180705A_rec_DP1pb_S297,MDCK,in vitro,extracellular,bulk
NP,768,795,1,180705A_rec_DP1pb_S297,MDCK,in vitro,extracellular,bulk
NA,1158,1217,1,180705A_rec_DP1pb_S297,MDCK,in vitro,extracellular,bulk
NA,283,848,2,180705A_rec_DP1pb_S297,MDCK,in vitro,extracellular,bulk
NA,305,960,1,180705A_rec_DP1pb_S297,MDCK,in vitro,extracellular,bulk
NA,321,1069,1,180705A_rec_DP1pb_S297,MDCK,in vitro,extracellular,bulk
NA,401,478,1,180705A_rec_DP1pb_S297,MDCK,in vitro,extracellular,bulk
NA,582,745,4,180705A_rec_DP1pb_S297,MDCK,in vitro,extracellular,bulk
NA,583,791,89,180705A_rec_DP1pb_S297,MDCK,in vitro,extracellular,bulk
NA,687,817,1,180705A_rec_DP1pb_S297,MDCK,in vitro,extracellular,bulk
NA,722,1241,1,180705A_rec_DP1pb_S297,MDCK,in vitro,extracellular,bulk
M,359,434,1,180705A_rec_DP1pb_S297,MDCK,in vitro,extracellular,bulk
M,43,95,1,180705A_rec_DP1pb_S297,MDCK,in vitro,extracellular,bulk
M,488,563,1,180705A_rec_DP1pb_S297,MDCK,in vitro,extracellular,bulk
M,637,818,1,180705A_rec_DP1pb_S297,MDCK,in vitro,extracellular,bulk
NS,392,434,1,180705A_rec_DP1pb_S297,MDCK,in vitro,extracellular,bulk
NS,423,446,13,180705A_rec_DP1pb_S297,MDCK,in vitro,extracellular,bulk
NS,681,771,1,180705A_rec_DP1pb_S297,MDCK,in vitro,extracellular,bulk
NS,730,837,1,180705A_rec_DP1pb_S297,MDCK,in vitro,extracellular,bulk
PB2,1005,1668,1,180705A_rec_WTP1pb_S298,MDCK,in vitro,extracellular,bulk
PB2,1059,2224,1,180705A_rec_WTP1pb_S298,MDCK,in vitro,extracellular,bulk
PB2,1129,1378,1,180705A_rec_WTP1pb_S298,MDCK,in vitro,extracellular,bulk
PB2,1133,1157,1,180705A_rec_WTP1pb_S298,MDCK,in vitro,extracellular,bulk
PB2,1141,1204,1,180705A_rec_WTP1pb_S298,MDCK,in vitro,extracellular,bulk
PB2,1191,1810,1,180705A_rec_WTP1pb_S298,MDCK,in vitro,extracellular,bulk
PB2,1194,1643,1,180705A_rec_WTP1pb_S298,MDCK,in vitro,extracellular,bulk
PB2,1256,1492,1,180705A_rec_WTP1pb_S298,MDCK,in vitro,extracellular,bulk
PB2,1292,1346,1,180705A_rec_WTP1pb_S298,MDCK,in vitro,extracellular,bulk
PB2,1293,1632,1,180705A_rec_WTP1pb_S298,MDCK,in vitro,extracellular,bulk
PB2,1297,1544,1,180705A_rec_WTP1pb_S298,MDCK,in vitro,extracellular,bulk
PB2,132,1638,1,180705A_rec_WTP1pb_S298,MDCK,in vitro,extracellular,bulk
PB2,1335,1456,1,180705A_rec_WTP1pb_S298,MDCK,in vitro,extracellular,bulk
PB2,1335,1465,1,180705A_rec_WTP1pb_S298,MDCK,in vitro,extracellular,bulk
PB2,1371,1476,1,180705A_rec_WTP1pb_S298,MDCK,in vitro,extracellular,bulk
PB2,1385,1468,1,180705A_rec_WTP1pb_S298,MDCK,in vitro,extracellular,bulk
PB2,1402,1642,1,180705A_rec_WTP1pb_S298,MDCK,in vitro,extracellular,bulk
PB2,1492,1521,1,180705A_rec_WTP1pb_S298,MDCK,in vitro,extracellular,bulk
PB2,1496,1594,1,180705A_rec_WTP1pb_S298,MDCK,in vitro,extracellular,bulk
PB2,1517,1642,2,180705A_rec_WTP1pb_S298,MDCK,in vitro,extracellular,bulk
PB2,1524,1938,1,180705A_rec_WTP1pb_S298,MDCK,in vitro,extracellular,bulk
PB2,1654,1698,1,180705A_rec_WTP1pb_S298,MDCK,in vitro,extracellular,bulk
PB2,1712,1752,1,180705A_rec_WTP1pb_S298,MDCK,in vitro,extracellular,bulk
PB2,1783,1831,1,180705A_rec_WTP1pb_S298,MDCK,in vitro,extracellular,bulk
PB2,1810,1861,1,180705A_rec_WTP1pb_S298,MDCK,in vitro,extracellular,bulk
PB2,1817,1950,1,180705A_rec_WTP1pb_S298,MDCK,in vitro,extracellular,bulk
PB2,1836,1946,1,180705A_rec_WTP1pb_S298,MDCK,in vitro,extracellular,bulk
PB2,1839,1959,1,180705A_rec_WTP1pb_S298,MDCK,in vitro,extracellular,bulk
PB2,2030,2100,1,180705A_rec_WTP1pb_S298,MDCK,in vitro,extracellular,bulk
PB2,2044,2167,1,180705A_rec_WTP1pb_S298,MDCK,in vitro,extracellular,bulk
PB2,242,272,1,180705A_rec_WTP1pb_S298,MDCK,in vitro,extracellular,bulk
PB2,428,1830,5,180705A_rec_WTP1pb_S298,MDCK,in vitro,extracellular,bulk
PB2,434,1780,1,180705A_rec_WTP1pb_S298,MDCK,in vitro,extracellular,bulk
PB2,449,1791,1,180705A_rec_WTP1pb_S298,MDCK,in vitro,extracellular,bulk
PB2,450,1793,1,180705A_rec_WTP1pb_S298,MDCK,in vitro,extracellular,bulk
PB2,467,1827,1,180705A_rec_WTP1pb_S298,MDCK,in vitro,extracellular,bulk
PB2,497,1887,2,180705A_rec_WTP1pb_S298,MDCK,in vitro,extracellular,bulk
PB2,521,1825,1,180705A_rec_WTP1pb_S298,MDCK,in vitro,extracellular,bulk
PB2,522,1399,1,180705A_rec_WTP1pb_S298,MDCK,in vitro,extracellular,bulk
PB2,554,1780,1,180705A_rec_WTP1pb_S298,MDCK,in vitro,extracellular,bulk
PB2,564,1627,6,180705A_rec_WTP1pb_S298,MDCK,in vitro,extracellular,bulk
PB2,593,806,1,180705A_rec_WTP1pb_S298,MDCK,in vitro,extracellular,bulk
PB2,628,1626,1,180705A_rec_WTP1pb_S298,MDCK,in vitro,extracellular,bulk
PB2,681,2113,1,180705A_rec_WTP1pb_S298,MDCK,in vitro,extracellular,bulk
PB2,681,762,1,180705A_rec_WTP1pb_S298,MDCK,in vitro,extracellular,bulk
PB2,702,1030,1,180705A_rec_WTP1pb_S298,MDCK,in vitro,extracellular,bulk
PB2,746,815,2,180705A_rec_WTP1pb_S298,MDCK,in vitro,extracellular,bulk
PB2,811,871,1,180705A_rec_WTP1pb_S298,MDCK,in vitro,extracellular,bulk
PB2,838,1765,1,180705A_rec_WTP1pb_S298,MDCK,in vitro,extracellular,bulk
PB2,841,885,1,180705A_rec_WTP1pb_S298,MDCK,in vitro,extracellular,bulk
PB2,93,377,1,180705A_rec_WTP1pb_S298,MDCK,in vitro,extracellular,bulk
PB2,992,1626,1,180705A_rec_WTP1pb_S298,MDCK,in vitro,extracellular,bulk
PB1,1018,2196,1,180705A_rec_WTP1pb_S298,MDCK,in vitro,extracellular,bulk
PB1,1050,1257,1,180705A_rec_WTP1pb_S298,MDCK,in vitro,extracellular,bulk
PB1,1085,1399,2,180705A_rec_WTP1pb_S298,MDCK,in vitro,extracellular,bulk
PB1,1091,1493,1,180705A_rec_WTP1pb_S298,MDCK,in vitro,extracellular,bulk
PB1,1170,1352,1,180705A_rec_WTP1pb_S298,MDCK,in vitro,extracellular,bulk
PB1,1191,1364,3,180705A_rec_WTP1pb_S298,MDCK,in vitro,extracellular,bulk
PB1,1192,1376,1,180705A_rec_WTP1pb_S298,MDCK,in vitro,extracellular,bulk
PB1,1221,1254,1,180705A_rec_WTP1pb_S298,MDCK,in vitro,extracellular,bulk
PB1,1253,1399,1,180705A_rec_WTP1pb_S298,MDCK,in vitro,extracellular,bulk
PB1,1256,1289,1,180705A_rec_WTP1pb_S298,MDCK,in vitro,extracellular,bulk
PB1,1434,1507,1,180705A_rec_WTP1pb_S298,MDCK,in vitro,extracellular,bulk
PB1,1544,1827,3,180705A_rec_WTP1pb_S298,MDCK,in vitro,extracellular,bulk
PB1,1548,1808,1,180705A_rec_WTP1pb_S298,MDCK,in vitro,extracellular,bulk
PB1,1554,2127,2,180705A_rec_WTP1pb_S298,MDCK,in vitro,extracellular,bulk
PB1,1555,1776,1,180705A_rec_WTP1pb_S298,MDCK,in vitro,extracellular,bulk
PB1,1586,1855,2,180705A_rec_WTP1pb_S298,MDCK,in vitro,extracellular,bulk
PB1,1617,1684,1,180705A_rec_WTP1pb_S298,MDCK,in vitro,extracellular,bulk
PB1,1650,2132,1,180705A_rec_WTP1pb_S298,MDCK,in vitro,extracellular,bulk
PB1,1651,1983,1,180705A_rec_WTP1pb_S298,MDCK,in vitro,extracellular,bulk
PB1,1663,1991,1,180705A_rec_WTP1pb_S298,MDCK,in vitro,extracellular,bulk
PB1,166,2046,1,180705A_rec_WTP1pb_S298,MDCK,in vitro,extracellular,bulk
PB1,1679,2138,1,180705A_rec_WTP1pb_S298,MDCK,in vitro,extracellular,bulk
PB1,1798,1853,1,180705A_rec_WTP1pb_S298,MDCK,in vitro,extracellular,bulk
PB1,1870,1902,3,180705A_rec_WTP1pb_S298,MDCK,in vitro,extracellular,bulk
PB1,190,1995,1,180705A_rec_WTP1pb_S298,MDCK,in vitro,extracellular,bulk
PB1,223,2110,1,180705A_rec_WTP1pb_S298,MDCK,in vitro,extracellular,bulk
PB1,240,270,3,180705A_rec_WTP1pb_S298,MDCK,in vitro,extracellular,bulk
PB1,301,539,1,180705A_rec_WTP1pb_S298,MDCK,in vitro,extracellular,bulk
PB1,318,2020,1,180705A_rec_WTP1pb_S298,MDCK,in vitro,extracellular,bulk
PB1,322,1941,5,180705A_rec_WTP1pb_S298,MDCK,in vitro,extracellular,bulk
PB1,329,1882,1,180705A_rec_WTP1pb_S298,MDCK,in vitro,extracellular,bulk
PB1,345,2099,1,180705A_rec_WTP1pb_S298,MDCK,in vitro,extracellular,bulk
PB1,347,1892,53,180705A_rec_WTP1pb_S298,MDCK,in vitro,extracellular,bulk
PB1,356,1840,1,180705A_rec_WTP1pb_S298,MDCK,in vitro,extracellular,bulk
PB1,363,1841,1,180705A_rec_WTP1pb_S298,MDCK,in vitro,extracellular,bulk
PB1,363,1917,2,180705A_rec_WTP1pb_S298,MDCK,in vitro,extracellular,bulk
PB1,367,1855,1,180705A_rec_WTP1pb_S298,MDCK,in vitro,extracellular,bulk
PB1,395,630,1,180705A_rec_WTP1pb_S298,MDCK,in vitro,extracellular,bulk
PB1,404,1754,1,180705A_rec_WTP1pb_S298,MDCK,in vitro,extracellular,bulk
PB1,430,1729,16,180705A_rec_WTP1pb_S298,MDCK,in vitro,extracellular,bulk
PB1,438,1927,1,180705A_rec_WTP1pb_S298,MDCK,in vitro,extracellular,bulk
PB1,460,509,1,180705A_rec_WTP1pb_S298,MDCK,in vitro,extracellular,bulk
PB1,461,1836,1,180705A_rec_WTP1pb_S298,MDCK,in vitro,extracellular,bulk
PB1,466,641,1,180705A_rec_WTP1pb_S298,MDCK,in vitro,extracellular,bulk
PB1,494,1673,1,180705A_rec_WTP1pb_S298,MDCK,in vitro,extracellular,bulk
PB1,528,1700,1,180705A_rec_WTP1pb_S298,MDCK,in vitro,extracellular,bulk
PB1,557,1712,1,180705A_rec_WTP1pb_S298,MDCK,in vitro,extracellular,bulk
PB1,578,610,1,180705A_rec_WTP1pb_S298,MDCK,in vitro,extracellular,bulk
PB1,581,1616,1,180705A_rec_WTP1pb_S298,MDCK,in vitro,extracellular,bulk
PB1,612,1645,1,180705A_rec_WTP1pb_S298,MDCK,in vitro,extracellular,bulk
PB1,65,93,1,180705A_rec_WTP1pb_S298,MDCK,in vitro,extracellular,bulk
PB1,701,1499,2,180705A_rec_WTP1pb_S298,MDCK,in vitro,extracellular,bulk
PB1,752,2107,3,180705A_rec_WTP1pb_S298,MDCK,in vitro,extracellular,bulk
PB1,753,1654,1,180705A_rec_WTP1pb_S298,MDCK,in vitro,extracellular,bulk
PB1,754,1905,1,180705A_rec_WTP1pb_S298,MDCK,in vitro,extracellular,bulk
PB1,761,1489,1,180705A_rec_WTP1pb_S298,MDCK,in vitro,extracellular,bulk
PB1,779,1530,2,180705A_rec_WTP1pb_S298,MDCK,in vitro,extracellular,bulk
PB1,780,883,1,180705A_rec_WTP1pb_S298,MDCK,in vitro,extracellular,bulk
PB1,804,1398,1,180705A_rec_WTP1pb_S298,MDCK,in vitro,extracellular,bulk
PB1,893,1363,1,180705A_rec_WTP1pb_S298,MDCK,in vitro,extracellular,bulk
PB1,895,1250,1,180705A_rec_WTP1pb_S298,MDCK,in vitro,extracellular,bulk
PB1,895,1362,2,180705A_rec_WTP1pb_S298,MDCK,in vitro,extracellular,bulk
PB1,918,1257,1,180705A_rec_WTP1pb_S298,MDCK,in vitro,extracellular,bulk
PA,1016,1099,1,180705A_rec_WTP1pb_S298,MDCK,in vitro,extracellular,bulk
PA,1039,1596,1,180705A_rec_WTP1pb_S298,MDCK,in vitro,extracellular,bulk
PA,1131,1592,1,180705A_rec_WTP1pb_S298,MDCK,in vitro,extracellular,bulk
PA,1183,1506,1,180705A_rec_WTP1pb_S298,MDCK,in vitro,extracellular,bulk
PA,1218,1627,1,180705A_rec_WTP1pb_S298,MDCK,in vitro,extracellular,bulk
PA,1394,1455,2,180705A_rec_WTP1pb_S298,MDCK,in vitro,extracellular,bulk
PA,1400,1442,1,180705A_rec_WTP1pb_S298,MDCK,in vitro,extracellular,bulk
PA,1404,1439,1,180705A_rec_WTP1pb_S298,MDCK,in vitro,extracellular,bulk
PA,157,2026,1,180705A_rec_WTP1pb_S298,MDCK,in vitro,extracellular,bulk
PA,1583,1780,1,180705A_rec_WTP1pb_S298,MDCK,in vitro,extracellular,bulk
PA,1673,2025,1,180705A_rec_WTP1pb_S298,MDCK,in vitro,extracellular,bulk
PA,1778,2106,1,180705A_rec_WTP1pb_S298,MDCK,in vitro,extracellular,bulk
PA,183,1980,1,180705A_rec_WTP1pb_S298,MDCK,in vitro,extracellular,bulk
PA,200,225,1,180705A_rec_WTP1pb_S298,MDCK,in vitro,extracellular,bulk
PA,203,1933,1,180705A_rec_WTP1pb_S298,MDCK,in vitro,extracellular,bulk
PA,2061,2123,2,180705A_rec_WTP1pb_S298,MDCK,in vitro,extracellular,bulk
PA,245,1945,10,180705A_rec_WTP1pb_S298,MDCK,in vitro,extracellular,bulk
PA,258,1903,1,180705A_rec_WTP1pb_S298,MDCK,in vitro,extracellular,bulk
PA,276,1882,2,180705A_rec_WTP1pb_S298,MDCK,in vitro,extracellular,bulk
PA,285,1920,8,180705A_rec_WTP1pb_S298,MDCK,in vitro,extracellular,bulk
PA,300,1828,1,180705A_rec_WTP1pb_S298,MDCK,in vitro,extracellular,bulk
PA,300,324,1,180705A_rec_WTP1pb_S298,MDCK,in vitro,extracellular,bulk
PA,301,1842,7,180705A_rec_WTP1pb_S298,MDCK,in vitro,extracellular,bulk
PA,304,1794,1,180705A_rec_WTP1pb_S298,MDCK,in vitro,extracellular,bulk
PA,353,1851,1,180705A_rec_WTP1pb_S298,MDCK,in vitro,extracellular,bulk
PA,368,1700,12,180705A_rec_WTP1pb_S298,MDCK,in vitro,extracellular,bulk
PA,391,1753,2,180705A_rec_WTP1pb_S298,MDCK,in vitro,extracellular,bulk
PA,399,1698,1,180705A_rec_WTP1pb_S298,MDCK,in vitro,extracellular,bulk
PA,412,1717,1,180705A_rec_WTP1pb_S298,MDCK,in vitro,extracellular,bulk
PA,451,1732,4,180705A_rec_WTP1pb_S298,MDCK,in vitro,extracellular,bulk
PA,45,79,1,180705A_rec_WTP1pb_S298,MDCK,in vitro,extracellular,bulk
PA,503,1717,1,180705A_rec_WTP1pb_S298,MDCK,in vitro,extracellular,bulk
PA,575,792,1,180705A_rec_WTP1pb_S298,MDCK,in vitro,extracellular,bulk
PA,581,1373,1,180705A_rec_WTP1pb_S298,MDCK,in vitro,extracellular,bulk
PA,582,616,1,180705A_rec_WTP1pb_S298,MDCK,in vitro,extracellular,bulk
PA,660,1364,1,180705A_rec_WTP1pb_S298,MDCK,in vitro,extracellular,bulk
PA,753,1072,1,180705A_rec_WTP1pb_S298,MDCK,in vitro,extracellular,bulk
PA,754,2099,1,180705A_rec_WTP1pb_S298,MDCK,in vitro,extracellular,bulk
PA,754,905,1,180705A_rec_WTP1pb_S298,MDCK,in vitro,extracellular,bulk
PA,834,1621,1,180705A_rec_WTP1pb_S298,MDCK,in vitro,extracellular,bulk
PA,906,1725,1,180705A_rec_WTP1pb_S298,MDCK,in vitro,extracellular,bulk
PA,930,1667,1,180705A_rec_WTP1pb_S298,MDCK,in vitro,extracellular,bulk
PA,961,1352,1,180705A_rec_WTP1pb_S298,MDCK,in vitro,extracellular,bulk
PA,983,1735,1,180705A_rec_WTP1pb_S298,MDCK,in vitro,extracellular,bulk
HA,1019,1096,1,180705A_rec_WTP1pb_S298,MDCK,in vitro,extracellular,bulk
HA,1023,1294,1,180705A_rec_WTP1pb_S298,MDCK,in vitro,extracellular,bulk
HA,1024,1126,2,180705A_rec_WTP1pb_S298,MDCK,in vitro,extracellular,bulk
HA,1034,1058,1,180705A_rec_WTP1pb_S298,MDCK,in vitro,extracellular,bulk
HA,1074,1588,1,180705A_rec_WTP1pb_S298,MDCK,in vitro,extracellular,bulk
HA,1082,1173,1,180705A_rec_WTP1pb_S298,MDCK,in vitro,extracellular,bulk
HA,1104,1295,1,180705A_rec_WTP1pb_S298,MDCK,in vitro,extracellular,bulk
HA,1121,1587,1,180705A_rec_WTP1pb_S298,MDCK,in vitro,extracellular,bulk
HA,1124,1294,1,180705A_rec_WTP1pb_S298,MDCK,in vitro,extracellular,bulk
HA,1167,1351,1,180705A_rec_WTP1pb_S298,MDCK,in vitro,extracellular,bulk
HA,1330,1690,1,180705A_rec_WTP1pb_S298,MDCK,in vitro,extracellular,bulk
HA,1338,1388,1,180705A_rec_WTP1pb_S298,MDCK,in vitro,extracellular,bulk
HA,1469,1527,3,180705A_rec_WTP1pb_S298,MDCK,in vitro,extracellular,bulk
HA,1623,1689,1,180705A_rec_WTP1pb_S298,MDCK,in vitro,extracellular,bulk
HA,162,304,1,180705A_rec_WTP1pb_S298,MDCK,in vitro,extracellular,bulk
HA,1655,1694,1,180705A_rec_WTP1pb_S298,MDCK,in vitro,extracellular,bulk
HA,1665,1707,1,180705A_rec_WTP1pb_S298,MDCK,in vitro,extracellular,bulk
HA,190,704,1,180705A_rec_WTP1pb_S298,MDCK,in vitro,extracellular,bulk
HA,211,1448,1,180705A_rec_WTP1pb_S298,MDCK,in vitro,extracellular,bulk
HA,233,1447,2,180705A_rec_WTP1pb_S298,MDCK,in vitro,extracellular,bulk
HA,257,882,1,180705A_rec_WTP1pb_S298,MDCK,in vitro,extracellular,bulk
HA,277,1348,1,180705A_rec_WTP1pb_S298,MDCK,in vitro,extracellular,bulk
HA,314,456,1,180705A_rec_WTP1pb_S298,MDCK,in vitro,extracellular,bulk
HA,348,475,1,180705A_rec_WTP1pb_S298,MDCK,in vitro,extracellular,bulk
HA,382,1346,1,180705A_rec_WTP1pb_S298,MDCK,in vitro,extracellular,bulk
HA,390,499,1,180705A_rec_WTP1pb_S298,MDCK,in vitro,extracellular,bulk
HA,400,1095,1,180705A_rec_WTP1pb_S298,MDCK,in vitro,extracellular,bulk
HA,400,810,1,180705A_rec_WTP1pb_S298,MDCK,in vitro,extracellular,bulk
HA,452,755,2,180705A_rec_WTP1pb_S298,MDCK,in vitro,extracellular,bulk
HA,453,532,3,180705A_rec_WTP1pb_S298,MDCK,in vitro,extracellular,bulk
HA,535,566,1,180705A_rec_WTP1pb_S298,MDCK,in vitro,extracellular,bulk
HA,622,1139,1,180705A_rec_WTP1pb_S298,MDCK,in vitro,extracellular,bulk
HA,705,1032,8,180705A_rec_WTP1pb_S298,MDCK,in vitro,extracellular,bulk
HA,705,1204,1,180705A_rec_WTP1pb_S298,MDCK,in vitro,extracellular,bulk
HA,711,798,1,180705A_rec_WTP1pb_S298,MDCK,in vitro,extracellular,bulk
HA,712,1253,1,180705A_rec_WTP1pb_S298,MDCK,in vitro,extracellular,bulk
HA,739,761,1,180705A_rec_WTP1pb_S298,MDCK,in vitro,extracellular,bulk
HA,775,1332,1,180705A_rec_WTP1pb_S298,MDCK,in vitro,extracellular,bulk
HA,928,1047,1,180705A_rec_WTP1pb_S298,MDCK,in vitro,extracellular,bulk
HA,932,1155,1,180705A_rec_WTP1pb_S298,MDCK,in vitro,extracellular,bulk
HA,932,1574,1,180705A_rec_WTP1pb_S298,MDCK,in vitro,extracellular,bulk
HA,93,142,1,180705A_rec_WTP1pb_S298,MDCK,in vitro,extracellular,bulk
HA,963,1009,1,180705A_rec_WTP1pb_S298,MDCK,in vitro,extracellular,bulk
NP,1164,1245,1,180705A_rec_WTP1pb_S298,MDCK,in vitro,extracellular,bulk
NP,1192,1295,1,180705A_rec_WTP1pb_S298,MDCK,in vitro,extracellular,bulk
NP,1212,1384,1,180705A_rec_WTP1pb_S298,MDCK,in vitro,extracellular,bulk
NP,1245,1529,1,180705A_rec_WTP1pb_S298,MDCK,in vitro,extracellular,bulk
NP,1314,1405,1,180705A_rec_WTP1pb_S298,MDCK,in vitro,extracellular,bulk
NP,206,671,1,180705A_rec_WTP1pb_S298,MDCK,in vitro,extracellular,bulk
NP,253,544,1,180705A_rec_WTP1pb_S298,MDCK,in vitro,extracellular,bulk
NP,256,377,1,180705A_rec_WTP1pb_S298,MDCK,in vitro,extracellular,bulk
NP,308,366,1,180705A_rec_WTP1pb_S298,MDCK,in vitro,extracellular,bulk
NP,328,498,1,180705A_rec_WTP1pb_S298,MDCK,in vitro,extracellular,bulk
NP,352,622,1,180705A_rec_WTP1pb_S298,MDCK,in vitro,extracellular,bulk
NP,356,1397,1,180705A_rec_WTP1pb_S298,MDCK,in vitro,extracellular,bulk
NP,368,662,1,180705A_rec_WTP1pb_S298,MDCK,in vitro,extracellular,bulk
NP,372,817,1,180705A_rec_WTP1pb_S298,MDCK,in vitro,extracellular,bulk
NP,392,804,1,180705A_rec_WTP1pb_S298,MDCK,in vitro,extracellular,bulk
NP,406,464,3,180705A_rec_WTP1pb_S298,MDCK,in vitro,extracellular,bulk
NP,408,466,2,180705A_rec_WTP1pb_S298,MDCK,in vitro,extracellular,bulk
NP,434,486,4,180705A_rec_WTP1pb_S298,MDCK,in vitro,extracellular,bulk
NP,439,1387,1,180705A_rec_WTP1pb_S298,MDCK,in vitro,extracellular,bulk
NP,452,842,1,180705A_rec_WTP1pb_S298,MDCK,in vitro,extracellular,bulk
NP,494,687,1,180705A_rec_WTP1pb_S298,MDCK,in vitro,extracellular,bulk
NP,526,609,1,180705A_rec_WTP1pb_S298,MDCK,in vitro,extracellular,bulk
NP,532,793,1,180705A_rec_WTP1pb_S298,MDCK,in vitro,extracellular,bulk
NP,546,1390,1,180705A_rec_WTP1pb_S298,MDCK,in vitro,extracellular,bulk
NP,556,1138,1,180705A_rec_WTP1pb_S298,MDCK,in vitro,extracellular,bulk
NP,574,833,2,180705A_rec_WTP1pb_S298,MDCK,in vitro,extracellular,bulk
NP,587,715,1,180705A_rec_WTP1pb_S298,MDCK,in vitro,extracellular,bulk
NP,591,748,1,180705A_rec_WTP1pb_S298,MDCK,in vitro,extracellular,bulk
NP,603,1135,1,180705A_rec_WTP1pb_S298,MDCK,in vitro,extracellular,bulk
NP,617,766,1,180705A_rec_WTP1pb_S298,MDCK,in vitro,extracellular,bulk
NP,650,769,1,180705A_rec_WTP1pb_S298,MDCK,in vitro,extracellular,bulk
NP,670,1228,2,180705A_rec_WTP1pb_S298,MDCK,in vitro,extracellular,bulk
NP,673,763,1,180705A_rec_WTP1pb_S298,MDCK,in vitro,extracellular,bulk
NP,677,1355,1,180705A_rec_WTP1pb_S298,MDCK,in vitro,extracellular,bulk
NP,713,763,1,180705A_rec_WTP1pb_S298,MDCK,in vitro,extracellular,bulk
NP,724,815,1,180705A_rec_WTP1pb_S298,MDCK,in vitro,extracellular,bulk
NP,747,1057,1,180705A_rec_WTP1pb_S298,MDCK,in vitro,extracellular,bulk
NP,818,852,1,180705A_rec_WTP1pb_S298,MDCK,in vitro,extracellular,bulk
NP,846,1192,1,180705A_rec_WTP1pb_S298,MDCK,in vitro,extracellular,bulk
NP,864,1021,1,180705A_rec_WTP1pb_S298,MDCK,in vitro,extracellular,bulk
NP,894,1504,3,180705A_rec_WTP1pb_S298,MDCK,in vitro,extracellular,bulk
NP,895,1361,1,180705A_rec_WTP1pb_S298,MDCK,in vitro,extracellular,bulk
NA,1068,1116,1,180705A_rec_WTP1pb_S298,MDCK,in vitro,extracellular,bulk
NA,208,364,1,180705A_rec_WTP1pb_S298,MDCK,in vitro,extracellular,bulk
NA,270,512,1,180705A_rec_WTP1pb_S298,MDCK,in vitro,extracellular,bulk
NA,309,1104,1,180705A_rec_WTP1pb_S298,MDCK,in vitro,extracellular,bulk
NA,344,687,1,180705A_rec_WTP1pb_S298,MDCK,in vitro,extracellular,bulk
NA,395,664,1,180705A_rec_WTP1pb_S298,MDCK,in vitro,extracellular,bulk
NA,427,1117,1,180705A_rec_WTP1pb_S298,MDCK,in vitro,extracellular,bulk
NA,483,648,1,180705A_rec_WTP1pb_S298,MDCK,in vitro,extracellular,bulk
NA,540,585,1,180705A_rec_WTP1pb_S298,MDCK,in vitro,extracellular,bulk
NA,575,631,1,180705A_rec_WTP1pb_S298,MDCK,in vitro,extracellular,bulk
NA,577,1001,1,180705A_rec_WTP1pb_S298,MDCK,in vitro,extracellular,bulk
NA,620,790,1,180705A_rec_WTP1pb_S298,MDCK,in vitro,extracellular,bulk
NA,663,783,1,180705A_rec_WTP1pb_S298,MDCK,in vitro,extracellular,bulk
NA,668,788,4,180705A_rec_WTP1pb_S298,MDCK,in vitro,extracellular,bulk
NA,717,997,2,180705A_rec_WTP1pb_S298,MDCK,in vitro,extracellular,bulk
NA,869,892,2,180705A_rec_WTP1pb_S298,MDCK,in vitro,extracellular,bulk
NA,882,1083,1,180705A_rec_WTP1pb_S298,MDCK,in vitro,extracellular,bulk
NA,937,1021,2,180705A_rec_WTP1pb_S298,MDCK,in vitro,extracellular,bulk
NA,969,1117,1,180705A_rec_WTP1pb_S298,MDCK,in vitro,extracellular,bulk
M,222,261,1,180705A_rec_WTP1pb_S298,MDCK,in vitro,extracellular,bulk
M,225,280,1,180705A_rec_WTP1pb_S298,MDCK,in vitro,extracellular,bulk
M,261,335,1,180705A_rec_WTP1pb_S298,MDCK,in vitro,extracellular,bulk
M,394,766,1,180705A_rec_WTP1pb_S298,MDCK,in vitro,extracellular,bulk
M,475,533,1,180705A_rec_WTP1pb_S298,MDCK,in vitro,extracellular,bulk
M,485,560,1,180705A_rec_WTP1pb_S298,MDCK,in vitro,extracellular,bulk
M,490,644,2,180705A_rec_WTP1pb_S298,MDCK,in vitro,extracellular,bulk
M,594,637,1,180705A_rec_WTP1pb_S298,MDCK,in vitro,extracellular,bulk
M,637,839,4,180705A_rec_WTP1pb_S298,MDCK,in vitro,extracellular,bulk
M,638,824,1,180705A_rec_WTP1pb_S298,MDCK,in vitro,extracellular,bulk
M,679,810,1,180705A_rec_WTP1pb_S298,MDCK,in vitro,extracellular,bulk
M,899,934,2,180705A_rec_WTP1pb_S298,MDCK,in vitro,extracellular,bulk
NS,164,242,1,180705A_rec_WTP1pb_S298,MDCK,in vitro,extracellular,bulk
NS,252,544,1,180705A_rec_WTP1pb_S298,MDCK,in vitro,extracellular,bulk
NS,374,421,1,180705A_rec_WTP1pb_S298,MDCK,in vitro,extracellular,bulk
PB2,103,1809,1,180705B_rec_AP1pPCRb_S289,MDCK,in vitro,extracellular,bulk
PB2,1077,1771,1,180705B_rec_AP1pPCRb_S289,MDCK,in vitro,extracellular,bulk
PB2,1090,1710,2,180705B_rec_AP1pPCRb_S289,MDCK,in vitro,extracellular,bulk
PB2,1104,1545,1,180705B_rec_AP1pPCRb_S289,MDCK,in vitro,extracellular,bulk
PB2,115,2158,2,180705B_rec_AP1pPCRb_S289,MDCK,in vitro,extracellular,bulk
PB2,1179,1741,1,180705B_rec_AP1pPCRb_S289,MDCK,in vitro,extracellular,bulk
PB2,1188,2090,1,180705B_rec_AP1pPCRb_S289,MDCK,in vitro,extracellular,bulk
PB2,1194,1643,1,180705B_rec_AP1pPCRb_S289,MDCK,in vitro,extracellular,bulk
PB2,1293,1452,1,180705B_rec_AP1pPCRb_S289,MDCK,in vitro,extracellular,bulk
PB2,130,1745,4,180705B_rec_AP1pPCRb_S289,MDCK,in vitro,extracellular,bulk
PB2,139,1961,3,180705B_rec_AP1pPCRb_S289,MDCK,in vitro,extracellular,bulk
PB2,148,2137,1,180705B_rec_AP1pPCRb_S289,MDCK,in vitro,extracellular,bulk
PB2,1593,2078,1,180705B_rec_AP1pPCRb_S289,MDCK,in vitro,extracellular,bulk
PB2,1594,1959,3,180705B_rec_AP1pPCRb_S289,MDCK,in vitro,extracellular,bulk
PB2,1609,2102,1,180705B_rec_AP1pPCRb_S289,MDCK,in vitro,extracellular,bulk
PB2,1666,1851,1,180705B_rec_AP1pPCRb_S289,MDCK,in vitro,extracellular,bulk
PB2,178,2070,1,180705B_rec_AP1pPCRb_S289,MDCK,in vitro,extracellular,bulk
PB2,1836,1946,1,180705B_rec_AP1pPCRb_S289,MDCK,in vitro,extracellular,bulk
PB2,185,1961,65,180705B_rec_AP1pPCRb_S289,MDCK,in vitro,extracellular,bulk
PB2,187,1634,1,180705B_rec_AP1pPCRb_S289,MDCK,in vitro,extracellular,bulk
PB2,1999,2098,1,180705B_rec_AP1pPCRb_S289,MDCK,in vitro,extracellular,bulk
PB2,201,2003,1,180705B_rec_AP1pPCRb_S289,MDCK,in vitro,extracellular,bulk
PB2,2061,2131,1,180705B_rec_AP1pPCRb_S289,MDCK,in vitro,extracellular,bulk
PB2,206,2096,4,180705B_rec_AP1pPCRb_S289,MDCK,in vitro,extracellular,bulk
PB2,207,2097,3623,180705B_rec_AP1pPCRb_S289,MDCK,in vitro,extracellular,bulk
PB2,208,2098,3,180705B_rec_AP1pPCRb_S289,MDCK,in vitro,extracellular,bulk
PB2,209,1998,1,180705B_rec_AP1pPCRb_S289,MDCK,in vitro,extracellular,bulk
PB2,215,2108,2,180705B_rec_AP1pPCRb_S289,MDCK,in vitro,extracellular,bulk
PB2,223,2017,4,180705B_rec_AP1pPCRb_S289,MDCK,in vitro,extracellular,bulk
PB2,238,1820,1,180705B_rec_AP1pPCRb_S289,MDCK,in vitro,extracellular,bulk
PB2,244,1763,1,180705B_rec_AP1pPCRb_S289,MDCK,in vitro,extracellular,bulk
PB2,245,2171,1,180705B_rec_AP1pPCRb_S289,MDCK,in vitro,extracellular,bulk
PB2,249,2215,1,180705B_rec_AP1pPCRb_S289,MDCK,in vitro,extracellular,bulk
PB2,258,1777,5,180705B_rec_AP1pPCRb_S289,MDCK,in vitro,extracellular,bulk
PB2,261,1809,4,180705B_rec_AP1pPCRb_S289,MDCK,in vitro,extracellular,bulk
PB2,286,1958,2,180705B_rec_AP1pPCRb_S289,MDCK,in vitro,extracellular,bulk
PB2,295,1982,3,180705B_rec_AP1pPCRb_S289,MDCK,in vitro,extracellular,bulk
PB2,300,2230,2,180705B_rec_AP1pPCRb_S289,MDCK,in vitro,extracellular,bulk
PB2,310,2120,3,180705B_rec_AP1pPCRb_S289,MDCK,in vitro,extracellular,bulk
PB2,327,1920,4,180705B_rec_AP1pPCRb_S289,MDCK,in vitro,extracellular,bulk
PB2,333,1757,2,180705B_rec_AP1pPCRb_S289,MDCK,in vitro,extracellular,bulk
PB2,340,2147,5,180705B_rec_AP1pPCRb_S289,MDCK,in vitro,extracellular,bulk
PB2,343,1587,4,180705B_rec_AP1pPCRb_S289,MDCK,in vitro,extracellular,bulk
PB2,361,1996,3,180705B_rec_AP1pPCRb_S289,MDCK,in vitro,extracellular,bulk
PB2,396,2315,1,180705B_rec_AP1pPCRb_S289,MDCK,in vitro,extracellular,bulk
PB2,399,2184,1,180705B_rec_AP1pPCRb_S289,MDCK,in vitro,extracellular,bulk
PB2,412,523,1,180705B_rec_AP1pPCRb_S289,MDCK,in vitro,extracellular,bulk
PB2,512,1791,3,180705B_rec_AP1pPCRb_S289,MDCK,in vitro,extracellular,bulk
PB2,532,1495,1,180705B_rec_AP1pPCRb_S289,MDCK,in vitro,extracellular,bulk
PB2,563,1773,10,180705B_rec_AP1pPCRb_S289,MDCK,in vitro,extracellular,bulk
PB2,587,1736,3,180705B_rec_AP1pPCRb_S289,MDCK,in vitro,extracellular,bulk
PB2,590,2009,3,180705B_rec_AP1pPCRb_S289,MDCK,in vitro,extracellular,bulk
PB2,592,653,1,180705B_rec_AP1pPCRb_S289,MDCK,in vitro,extracellular,bulk
PB2,602,1508,3,180705B_rec_AP1pPCRb_S289,MDCK,in vitro,extracellular,bulk
PB2,602,2130,1,180705B_rec_AP1pPCRb_S289,MDCK,in vitro,extracellular,bulk
PB2,626,1989,5,180705B_rec_AP1pPCRb_S289,MDCK,in vitro,extracellular,bulk
PB2,628,1932,15,180705B_rec_AP1pPCRb_S289,MDCK,in vitro,extracellular,bulk
PB2,651,2084,2,180705B_rec_AP1pPCRb_S289,MDCK,in vitro,extracellular,bulk
PB2,653,1952,2,180705B_rec_AP1pPCRb_S289,MDCK,in vitro,extracellular,bulk
PB2,654,2189,2,180705B_rec_AP1pPCRb_S289,MDCK,in vitro,extracellular,bulk
PB2,655,2105,3,180705B_rec_AP1pPCRb_S289,MDCK,in vitro,extracellular,bulk
PB2,660,2167,10,180705B_rec_AP1pPCRb_S289,MDCK,in vitro,extracellular,bulk
PB2,661,1699,1,180705B_rec_AP1pPCRb_S289,MDCK,in vitro,extracellular,bulk
PB2,661,2082,3,180705B_rec_AP1pPCRb_S289,MDCK,in vitro,extracellular,bulk
PB2,664,1653,4,180705B_rec_AP1pPCRb_S289,MDCK,in vitro,extracellular,bulk
PB2,667,2095,2,180705B_rec_AP1pPCRb_S289,MDCK,in vitro,extracellular,bulk
PB2,677,1645,2,180705B_rec_AP1pPCRb_S289,MDCK,in vitro,extracellular,bulk
PB2,681,1932,4,180705B_rec_AP1pPCRb_S289,MDCK,in vitro,extracellular,bulk
PB2,681,2113,17,180705B_rec_AP1pPCRb_S289,MDCK,in vitro,extracellular,bulk
PB2,686,1992,3,180705B_rec_AP1pPCRb_S289,MDCK,in vitro,extracellular,bulk
PB2,723,1649,1,180705B_rec_AP1pPCRb_S289,MDCK,in vitro,extracellular,bulk
PB2,730,1860,2,180705B_rec_AP1pPCRb_S289,MDCK,in vitro,extracellular,bulk
PB2,747,2082,13,180705B_rec_AP1pPCRb_S289,MDCK,in vitro,extracellular,bulk
PB2,749,1853,1,180705B_rec_AP1pPCRb_S289,MDCK,in vitro,extracellular,bulk
PB2,750,1530,2,180705B_rec_AP1pPCRb_S289,MDCK,in vitro,extracellular,bulk
PB2,757,1845,3,180705B_rec_AP1pPCRb_S289,MDCK,in vitro,extracellular,bulk
PB2,773,1954,1,180705B_rec_AP1pPCRb_S289,MDCK,in vitro,extracellular,bulk
PB2,803,1433,1,180705B_rec_AP1pPCRb_S289,MDCK,in vitro,extracellular,bulk
PB2,838,1765,1,180705B_rec_AP1pPCRb_S289,MDCK,in vitro,extracellular,bulk
PB2,842,1772,1,180705B_rec_AP1pPCRb_S289,MDCK,in vitro,extracellular,bulk
PB2,870,1936,4,180705B_rec_AP1pPCRb_S289,MDCK,in vitro,extracellular,bulk
PB2,879,1847,3,180705B_rec_AP1pPCRb_S289,MDCK,in vitro,extracellular,bulk
PB2,880,1848,1,180705B_rec_AP1pPCRb_S289,MDCK,in vitro,extracellular,bulk
PB2,936,1833,1,180705B_rec_AP1pPCRb_S289,MDCK,in vitro,extracellular,bulk
PB2,955,986,2,180705B_rec_AP1pPCRb_S289,MDCK,in vitro,extracellular,bulk
PB2,981,2104,1,180705B_rec_AP1pPCRb_S289,MDCK,in vitro,extracellular,bulk
PB2,990,1869,3,180705B_rec_AP1pPCRb_S289,MDCK,in vitro,extracellular,bulk
PB1,114,2125,1,180705B_rec_AP1pPCRb_S289,MDCK,in vitro,extracellular,bulk
PB1,1402,1471,1,180705B_rec_AP1pPCRb_S289,MDCK,in vitro,extracellular,bulk
PB1,165,2017,17,180705B_rec_AP1pPCRb_S289,MDCK,in vitro,extracellular,bulk
PB1,200,377,6,180705B_rec_AP1pPCRb_S289,MDCK,in vitro,extracellular,bulk
PB1,2053,2082,35,180705B_rec_AP1pPCRb_S289,MDCK,in vitro,extracellular,bulk
PB1,207,1987,3,180705B_rec_AP1pPCRb_S289,MDCK,in vitro,extracellular,bulk
PB1,211,2173,1,180705B_rec_AP1pPCRb_S289,MDCK,in vitro,extracellular,bulk
PB1,216,2002,1,180705B_rec_AP1pPCRb_S289,MDCK,in vitro,extracellular,bulk
PB1,220,2010,1,180705B_rec_AP1pPCRb_S289,MDCK,in vitro,extracellular,bulk
PB1,221,2108,1,180705B_rec_AP1pPCRb_S289,MDCK,in vitro,extracellular,bulk
PB1,231,1538,1,180705B_rec_AP1pPCRb_S289,MDCK,in vitro,extracellular,bulk
PB1,253,1934,1,180705B_rec_AP1pPCRb_S289,MDCK,in vitro,extracellular,bulk
PB1,258,1939,1,180705B_rec_AP1pPCRb_S289,MDCK,in vitro,extracellular,bulk
PB1,271,1267,2,180705B_rec_AP1pPCRb_S289,MDCK,in vitro,extracellular,bulk
PB1,307,1968,3,180705B_rec_AP1pPCRb_S289,MDCK,in vitro,extracellular,bulk
PB1,311,2051,1,180705B_rec_AP1pPCRb_S289,MDCK,in vitro,extracellular,bulk
PB1,316,532,1,180705B_rec_AP1pPCRb_S289,MDCK,in vitro,extracellular,bulk
PB1,351,2077,10,180705B_rec_AP1pPCRb_S289,MDCK,in vitro,extracellular,bulk
PB1,368,1679,6,180705B_rec_AP1pPCRb_S289,MDCK,in vitro,extracellular,bulk
PB1,397,2058,12,180705B_rec_AP1pPCRb_S289,MDCK,in vitro,extracellular,bulk
PB1,406,1897,38,180705B_rec_AP1pPCRb_S289,MDCK,in vitro,extracellular,bulk
PB1,431,2069,2,180705B_rec_AP1pPCRb_S289,MDCK,in vitro,extracellular,bulk
PB1,434,1926,2,180705B_rec_AP1pPCRb_S289,MDCK,in vitro,extracellular,bulk
PB1,444,1829,6,180705B_rec_AP1pPCRb_S289,MDCK,in vitro,extracellular,bulk
PB1,444,2054,4,180705B_rec_AP1pPCRb_S289,MDCK,in vitro,extracellular,bulk
PB1,510,2227,7,180705B_rec_AP1pPCRb_S289,MDCK,in vitro,extracellular,bulk
PB1,512,2176,5,180705B_rec_AP1pPCRb_S289,MDCK,in vitro,extracellular,bulk
PB1,55,80,1,180705B_rec_AP1pPCRb_S289,MDCK,in vitro,extracellular,bulk
PB1,562,1864,5,180705B_rec_AP1pPCRb_S289,MDCK,in vitro,extracellular,bulk
PB1,564,2173,2,180705B_rec_AP1pPCRb_S289,MDCK,in vitro,extracellular,bulk
PB1,576,1637,1,180705B_rec_AP1pPCRb_S289,MDCK,in vitro,extracellular,bulk
PB1,576,1896,45,180705B_rec_AP1pPCRb_S289,MDCK,in vitro,extracellular,bulk
PB1,578,1639,308,180705B_rec_AP1pPCRb_S289,MDCK,in vitro,extracellular,bulk
PB1,620,670,18,180705B_rec_AP1pPCRb_S289,MDCK,in vitro,extracellular,bulk
PB1,625,1946,2,180705B_rec_AP1pPCRb_S289,MDCK,in vitro,extracellular,bulk
PB1,638,1951,2,180705B_rec_AP1pPCRb_S289,MDCK,in vitro,extracellular,bulk
PB1,661,2199,1,180705B_rec_AP1pPCRb_S289,MDCK,in vitro,extracellular,bulk
PB1,662,1939,4,180705B_rec_AP1pPCRb_S289,MDCK,in vitro,extracellular,bulk
PB1,69,2108,1,180705B_rec_AP1pPCRb_S289,MDCK,in vitro,extracellular,bulk
PB1,70,1271,1,180705B_rec_AP1pPCRb_S289,MDCK,in vitro,extracellular,bulk
PB1,722,2066,1,180705B_rec_AP1pPCRb_S289,MDCK,in vitro,extracellular,bulk
PB1,725,2240,4,180705B_rec_AP1pPCRb_S289,MDCK,in vitro,extracellular,bulk
PB1,768,1821,10,180705B_rec_AP1pPCRb_S289,MDCK,in vitro,extracellular,bulk
PB1,807,1537,29,180705B_rec_AP1pPCRb_S289,MDCK,in vitro,extracellular,bulk
PB1,88,2109,1,180705B_rec_AP1pPCRb_S289,MDCK,in vitro,extracellular,bulk
PB1,893,1363,3,180705B_rec_AP1pPCRb_S289,MDCK,in vitro,extracellular,bulk
PA,1005,1201,2,180705B_rec_AP1pPCRb_S289,MDCK,in vitro,extracellular,bulk
PA,1053,1364,2,180705B_rec_AP1pPCRb_S289,MDCK,in vitro,extracellular,bulk
PA,1130,2081,1,180705B_rec_AP1pPCRb_S289,MDCK,in vitro,extracellular,bulk
PA,1201,2094,1,180705B_rec_AP1pPCRb_S289,MDCK,in vitro,extracellular,bulk
PA,124,1844,9,180705B_rec_AP1pPCRb_S289,MDCK,in vitro,extracellular,bulk
PA,1315,1353,1,180705B_rec_AP1pPCRb_S289,MDCK,in vitro,extracellular,bulk
PA,1413,1762,1,180705B_rec_AP1pPCRb_S289,MDCK,in vitro,extracellular,bulk
PA,163,2011,3,180705B_rec_AP1pPCRb_S289,MDCK,in vitro,extracellular,bulk
PA,203,227,1,180705B_rec_AP1pPCRb_S289,MDCK,in vitro,extracellular,bulk
PA,2060,2143,1,180705B_rec_AP1pPCRb_S289,MDCK,in vitro,extracellular,bulk
PA,209,1944,5,180705B_rec_AP1pPCRb_S289,MDCK,in vitro,extracellular,bulk
PA,230,2017,3,180705B_rec_AP1pPCRb_S289,MDCK,in vitro,extracellular,bulk
PA,245,1951,1,180705B_rec_AP1pPCRb_S289,MDCK,in vitro,extracellular,bulk
PA,251,1813,1,180705B_rec_AP1pPCRb_S289,MDCK,in vitro,extracellular,bulk
PA,277,1751,5,180705B_rec_AP1pPCRb_S289,MDCK,in vitro,extracellular,bulk
PA,283,2043,2,180705B_rec_AP1pPCRb_S289,MDCK,in vitro,extracellular,bulk
PA,295,1851,2,180705B_rec_AP1pPCRb_S289,MDCK,in vitro,extracellular,bulk
PA,322,2078,1,180705B_rec_AP1pPCRb_S289,MDCK,in vitro,extracellular,bulk
PA,337,1955,1,180705B_rec_AP1pPCRb_S289,MDCK,in vitro,extracellular,bulk
PA,360,1790,5,180705B_rec_AP1pPCRb_S289,MDCK,in vitro,extracellular,bulk
PA,368,1674,3,180705B_rec_AP1pPCRb_S289,MDCK,in vitro,extracellular,bulk
PA,422,1697,3,180705B_rec_AP1pPCRb_S289,MDCK,in vitro,extracellular,bulk
PA,437,1697,2,180705B_rec_AP1pPCRb_S289,MDCK,in vitro,extracellular,bulk
PA,458,1761,2,180705B_rec_AP1pPCRb_S289,MDCK,in vitro,extracellular,bulk
PA,476,1518,4,180705B_rec_AP1pPCRb_S289,MDCK,in vitro,extracellular,bulk
PA,528,2036,1,180705B_rec_AP1pPCRb_S289,MDCK,in vitro,extracellular,bulk
PA,536,558,1,180705B_rec_AP1pPCRb_S289,MDCK,in vitro,extracellular,bulk
PA,546,2061,1,180705B_rec_AP1pPCRb_S289,MDCK,in vitro,extracellular,bulk
PA,555,1697,2,180705B_rec_AP1pPCRb_S289,MDCK,in vitro,extracellular,bulk
PA,571,1636,1,180705B_rec_AP1pPCRb_S289,MDCK,in vitro,extracellular,bulk
PA,574,2083,2,180705B_rec_AP1pPCRb_S289,MDCK,in vitro,extracellular,bulk
PA,613,1806,3,180705B_rec_AP1pPCRb_S289,MDCK,in vitro,extracellular,bulk
PA,631,1817,5,180705B_rec_AP1pPCRb_S289,MDCK,in vitro,extracellular,bulk
PA,651,2100,3,180705B_rec_AP1pPCRb_S289,MDCK,in vitro,extracellular,bulk
PA,803,2068,1,180705B_rec_AP1pPCRb_S289,MDCK,in vitro,extracellular,bulk
PA,80,2017,1,180705B_rec_AP1pPCRb_S289,MDCK,in vitro,extracellular,bulk
PA,883,975,1,180705B_rec_AP1pPCRb_S289,MDCK,in vitro,extracellular,bulk
PA,97,1810,1,180705B_rec_AP1pPCRb_S289,MDCK,in vitro,extracellular,bulk
HA,1024,1126,1,180705B_rec_AP1pPCRb_S289,MDCK,in vitro,extracellular,bulk
HA,1150,1243,1,180705B_rec_AP1pPCRb_S289,MDCK,in vitro,extracellular,bulk
HA,140,1560,1,180705B_rec_AP1pPCRb_S289,MDCK,in vitro,extracellular,bulk
HA,215,1530,2,180705B_rec_AP1pPCRb_S289,MDCK,in vitro,extracellular,bulk
HA,263,1104,1,180705B_rec_AP1pPCRb_S289,MDCK,in vitro,extracellular,bulk
HA,316,1447,2,180705B_rec_AP1pPCRb_S289,MDCK,in vitro,extracellular,bulk
HA,328,1654,1,180705B_rec_AP1pPCRb_S289,MDCK,in vitro,extracellular,bulk
HA,355,1359,1,180705B_rec_AP1pPCRb_S289,MDCK,in vitro,extracellular,bulk
HA,522,1355,2,180705B_rec_AP1pPCRb_S289,MDCK,in vitro,extracellular,bulk
HA,541,1412,4,180705B_rec_AP1pPCRb_S289,MDCK,in vitro,extracellular,bulk
HA,581,1221,1,180705B_rec_AP1pPCRb_S289,MDCK,in vitro,extracellular,bulk
HA,672,844,1,180705B_rec_AP1pPCRb_S289,MDCK,in vitro,extracellular,bulk
HA,712,1253,1,180705B_rec_AP1pPCRb_S289,MDCK,in vitro,extracellular,bulk
HA,78,704,1,180705B_rec_AP1pPCRb_S289,MDCK,in vitro,extracellular,bulk
HA,948,1680,2,180705B_rec_AP1pPCRb_S289,MDCK,in vitro,extracellular,bulk
HA,95,677,1,180705B_rec_AP1pPCRb_S289,MDCK,in vitro,extracellular,bulk
NP,1192,1370,2,180705B_rec_AP1pPCRb_S289,MDCK,in vitro,extracellular,bulk
NP,1212,1384,1,180705B_rec_AP1pPCRb_S289,MDCK,in vitro,extracellular,bulk
NP,1220,1409,1,180705B_rec_AP1pPCRb_S289,MDCK,in vitro,extracellular,bulk
NP,1243,1312,2,180705B_rec_AP1pPCRb_S289,MDCK,in vitro,extracellular,bulk
NP,1246,1350,3,180705B_rec_AP1pPCRb_S289,MDCK,in vitro,extracellular,bulk
NP,1274,1318,2,180705B_rec_AP1pPCRb_S289,MDCK,in vitro,extracellular,bulk
NP,1292,1348,1,180705B_rec_AP1pPCRb_S289,MDCK,in vitro,extracellular,bulk
NP,1294,1355,3,180705B_rec_AP1pPCRb_S289,MDCK,in vitro,extracellular,bulk
NP,1298,1360,1,180705B_rec_AP1pPCRb_S289,MDCK,in vitro,extracellular,bulk
NP,1325,1365,2,180705B_rec_AP1pPCRb_S289,MDCK,in vitro,extracellular,bulk
NP,135,1317,3,180705B_rec_AP1pPCRb_S289,MDCK,in vitro,extracellular,bulk
NP,1367,1491,1,180705B_rec_AP1pPCRb_S289,MDCK,in vitro,extracellular,bulk
NP,137,354,2,180705B_rec_AP1pPCRb_S289,MDCK,in vitro,extracellular,bulk
NP,144,1287,2,180705B_rec_AP1pPCRb_S289,MDCK,in vitro,extracellular,bulk
NP,222,1371,1,180705B_rec_AP1pPCRb_S289,MDCK,in vitro,extracellular,bulk
NP,231,1232,1,180705B_rec_AP1pPCRb_S289,MDCK,in vitro,extracellular,bulk
NP,241,1193,3,180705B_rec_AP1pPCRb_S289,MDCK,in vitro,extracellular,bulk
NP,247,409,2,180705B_rec_AP1pPCRb_S289,MDCK,in vitro,extracellular,bulk
NP,271,328,4,180705B_rec_AP1pPCRb_S289,MDCK,in vitro,extracellular,bulk
NP,288,1164,1,180705B_rec_AP1pPCRb_S289,MDCK,in vitro,extracellular,bulk
NP,292,1359,3,180705B_rec_AP1pPCRb_S289,MDCK,in vitro,extracellular,bulk
NP,296,531,1,180705B_rec_AP1pPCRb_S289,MDCK,in vitro,extracellular,bulk
NP,304,1432,1,180705B_rec_AP1pPCRb_S289,MDCK,in vitro,extracellular,bulk
NP,319,1455,6,180705B_rec_AP1pPCRb_S289,MDCK,in vitro,extracellular,bulk
NP,327,1132,2,180705B_rec_AP1pPCRb_S289,MDCK,in vitro,extracellular,bulk
NP,327,362,1,180705B_rec_AP1pPCRb_S289,MDCK,in vitro,extracellular,bulk
NP,343,848,1,180705B_rec_AP1pPCRb_S289,MDCK,in vitro,extracellular,bulk
NP,361,1402,2,180705B_rec_AP1pPCRb_S289,MDCK,in vitro,extracellular,bulk
NP,365,779,1,180705B_rec_AP1pPCRb_S289,MDCK,in vitro,extracellular,bulk
NP,367,1371,2,180705B_rec_AP1pPCRb_S289,MDCK,in vitro,extracellular,bulk
NP,372,817,3,180705B_rec_AP1pPCRb_S289,MDCK,in vitro,extracellular,bulk
NP,376,1305,1,180705B_rec_AP1pPCRb_S289,MDCK,in vitro,extracellular,bulk
NP,376,1483,1,180705B_rec_AP1pPCRb_S289,MDCK,in vitro,extracellular,bulk
NP,377,419,1,180705B_rec_AP1pPCRb_S289,MDCK,in vitro,extracellular,bulk
NP,425,617,1,180705B_rec_AP1pPCRb_S289,MDCK,in vitro,extracellular,bulk
NP,439,1328,10,180705B_rec_AP1pPCRb_S289,MDCK,in vitro,extracellular,bulk
NP,440,1338,20,180705B_rec_AP1pPCRb_S289,MDCK,in vitro,extracellular,bulk
NP,444,833,2,180705B_rec_AP1pPCRb_S289,MDCK,in vitro,extracellular,bulk
NP,452,842,3,180705B_rec_AP1pPCRb_S289,MDCK,in vitro,extracellular,bulk
NP,462,1228,1,180705B_rec_AP1pPCRb_S289,MDCK,in vitro,extracellular,bulk
NP,462,1338,2,180705B_rec_AP1pPCRb_S289,MDCK,in vitro,extracellular,bulk
NP,480,1066,2,180705B_rec_AP1pPCRb_S289,MDCK,in vitro,extracellular,bulk
NP,481,1390,6,180705B_rec_AP1pPCRb_S289,MDCK,in vitro,extracellular,bulk
NP,481,619,1,180705B_rec_AP1pPCRb_S289,MDCK,in vitro,extracellular,bulk
NP,484,1400,3,180705B_rec_AP1pPCRb_S289,MDCK,in vitro,extracellular,bulk
NP,493,1407,5,180705B_rec_AP1pPCRb_S289,MDCK,in vitro,extracellular,bulk
NP,512,806,1,180705B_rec_AP1pPCRb_S289,MDCK,in vitro,extracellular,bulk
NP,536,1414,1,180705B_rec_AP1pPCRb_S289,MDCK,in vitro,extracellular,bulk
NP,600,1501,1,180705B_rec_AP1pPCRb_S289,MDCK,in vitro,extracellular,bulk
NP,613,1325,1,180705B_rec_AP1pPCRb_S289,MDCK,in vitro,extracellular,bulk
NP,640,690,4,180705B_rec_AP1pPCRb_S289,MDCK,in vitro,extracellular,bulk
NP,650,769,3,180705B_rec_AP1pPCRb_S289,MDCK,in vitro,extracellular,bulk
NP,680,1325,1,180705B_rec_AP1pPCRb_S289,MDCK,in vitro,extracellular,bulk
NP,681,1161,2,180705B_rec_AP1pPCRb_S289,MDCK,in vitro,extracellular,bulk
NP,699,799,2,180705B_rec_AP1pPCRb_S289,MDCK,in vitro,extracellular,bulk
NP,711,760,2,180705B_rec_AP1pPCRb_S289,MDCK,in vitro,extracellular,bulk
NP,713,884,1,180705B_rec_AP1pPCRb_S289,MDCK,in vitro,extracellular,bulk
NP,716,1001,1,180705B_rec_AP1pPCRb_S289,MDCK,in vitro,extracellular,bulk
NP,748,836,2,180705B_rec_AP1pPCRb_S289,MDCK,in vitro,extracellular,bulk
NP,760,1325,1,180705B_rec_AP1pPCRb_S289,MDCK,in vitro,extracellular,bulk
NP,777,848,1,180705B_rec_AP1pPCRb_S289,MDCK,in vitro,extracellular,bulk
NP,78,1320,1,180705B_rec_AP1pPCRb_S289,MDCK,in vitro,extracellular,bulk
NP,833,879,1,180705B_rec_AP1pPCRb_S289,MDCK,in vitro,extracellular,bulk
NP,849,930,2,180705B_rec_AP1pPCRb_S289,MDCK,in vitro,extracellular,bulk
NP,891,1392,1,180705B_rec_AP1pPCRb_S289,MDCK,in vitro,extracellular,bulk
NP,896,1053,1,180705B_rec_AP1pPCRb_S289,MDCK,in vitro,extracellular,bulk
NP,921,1063,1,180705B_rec_AP1pPCRb_S289,MDCK,in vitro,extracellular,bulk
NP,930,1229,1,180705B_rec_AP1pPCRb_S289,MDCK,in vitro,extracellular,bulk
NP,933,1271,1,180705B_rec_AP1pPCRb_S289,MDCK,in vitro,extracellular,bulk
NP,939,984,2,180705B_rec_AP1pPCRb_S289,MDCK,in vitro,extracellular,bulk
NP,946,993,3,180705B_rec_AP1pPCRb_S289,MDCK,in vitro,extracellular,bulk
NP,968,1085,2,180705B_rec_AP1pPCRb_S289,MDCK,in vitro,extracellular,bulk
NP,96,151,6,180705B_rec_AP1pPCRb_S289,MDCK,in vitro,extracellular,bulk
NA,1123,1166,8,180705B_rec_AP1pPCRb_S289,MDCK,in vitro,extracellular,bulk
NA,1140,1228,4,180705B_rec_AP1pPCRb_S289,MDCK,in vitro,extracellular,bulk
NA,117,166,2,180705B_rec_AP1pPCRb_S289,MDCK,in vitro,extracellular,bulk
NA,200,993,1,180705B_rec_AP1pPCRb_S289,MDCK,in vitro,extracellular,bulk
NA,206,542,1,180705B_rec_AP1pPCRb_S289,MDCK,in vitro,extracellular,bulk
NA,232,876,1,180705B_rec_AP1pPCRb_S289,MDCK,in vitro,extracellular,bulk
NA,277,1003,21,180705B_rec_AP1pPCRb_S289,MDCK,in vitro,extracellular,bulk
NA,283,857,1,180705B_rec_AP1pPCRb_S289,MDCK,in vitro,extracellular,bulk
NA,302,1074,2,180705B_rec_AP1pPCRb_S289,MDCK,in vitro,extracellular,bulk
NA,395,536,2,180705B_rec_AP1pPCRb_S289,MDCK,in vitro,extracellular,bulk
NA,395,783,1,180705B_rec_AP1pPCRb_S289,MDCK,in vitro,extracellular,bulk
NA,399,946,2,180705B_rec_AP1pPCRb_S289,MDCK,in vitro,extracellular,bulk
NA,409,491,1,180705B_rec_AP1pPCRb_S289,MDCK,in vitro,extracellular,bulk
NA,423,998,5,180705B_rec_AP1pPCRb_S289,MDCK,in vitro,extracellular,bulk
NA,424,1057,2,180705B_rec_AP1pPCRb_S289,MDCK,in vitro,extracellular,bulk
NA,427,1117,1,180705B_rec_AP1pPCRb_S289,MDCK,in vitro,extracellular,bulk
NA,452,1261,2,180705B_rec_AP1pPCRb_S289,MDCK,in vitro,extracellular,bulk
NA,453,541,1,180705B_rec_AP1pPCRb_S289,MDCK,in vitro,extracellular,bulk
NA,456,982,1,180705B_rec_AP1pPCRb_S289,MDCK,in vitro,extracellular,bulk
NA,577,1001,3,180705B_rec_AP1pPCRb_S289,MDCK,in vitro,extracellular,bulk
NA,705,997,1,180705B_rec_AP1pPCRb_S289,MDCK,in vitro,extracellular,bulk
NA,716,839,4,180705B_rec_AP1pPCRb_S289,MDCK,in vitro,extracellular,bulk
NA,718,998,4,180705B_rec_AP1pPCRb_S289,MDCK,in vitro,extracellular,bulk
NA,720,1216,2,180705B_rec_AP1pPCRb_S289,MDCK,in vitro,extracellular,bulk
NA,722,1241,1,180705B_rec_AP1pPCRb_S289,MDCK,in vitro,extracellular,bulk
NA,796,826,1,180705B_rec_AP1pPCRb_S289,MDCK,in vitro,extracellular,bulk
NA,861,972,1,180705B_rec_AP1pPCRb_S289,MDCK,in vitro,extracellular,bulk
NA,862,967,1,180705B_rec_AP1pPCRb_S289,MDCK,in vitro,extracellular,bulk
NA,865,941,2,180705B_rec_AP1pPCRb_S289,MDCK,in vitro,extracellular,bulk
NA,882,1083,1,180705B_rec_AP1pPCRb_S289,MDCK,in vitro,extracellular,bulk
NA,886,955,3,180705B_rec_AP1pPCRb_S289,MDCK,in vitro,extracellular,bulk
NA,916,1052,1,180705B_rec_AP1pPCRb_S289,MDCK,in vitro,extracellular,bulk
NA,917,1017,1,180705B_rec_AP1pPCRb_S289,MDCK,in vitro,extracellular,bulk
M,169,369,3,180705B_rec_AP1pPCRb_S289,MDCK,in vitro,extracellular,bulk
M,175,444,1,180705B_rec_AP1pPCRb_S289,MDCK,in vitro,extracellular,bulk
M,179,538,5,180705B_rec_AP1pPCRb_S289,MDCK,in vitro,extracellular,bulk
M,261,335,1,180705B_rec_AP1pPCRb_S289,MDCK,in vitro,extracellular,bulk
M,297,689,2,180705B_rec_AP1pPCRb_S289,MDCK,in vitro,extracellular,bulk
M,308,345,1,180705B_rec_AP1pPCRb_S289,MDCK,in vitro,extracellular,bulk
M,313,395,1,180705B_rec_AP1pPCRb_S289,MDCK,in vitro,extracellular,bulk
M,318,741,1,180705B_rec_AP1pPCRb_S289,MDCK,in vitro,extracellular,bulk
M,359,434,3,180705B_rec_AP1pPCRb_S289,MDCK,in vitro,extracellular,bulk
M,398,662,1,180705B_rec_AP1pPCRb_S289,MDCK,in vitro,extracellular,bulk
M,409,469,1,180705B_rec_AP1pPCRb_S289,MDCK,in vitro,extracellular,bulk
M,411,760,3,180705B_rec_AP1pPCRb_S289,MDCK,in vitro,extracellular,bulk
M,434,762,12,180705B_rec_AP1pPCRb_S289,MDCK,in vitro,extracellular,bulk
M,469,503,2,180705B_rec_AP1pPCRb_S289,MDCK,in vitro,extracellular,bulk
M,485,548,2,180705B_rec_AP1pPCRb_S289,MDCK,in vitro,extracellular,bulk
M,485,560,25,180705B_rec_AP1pPCRb_S289,MDCK,in vitro,extracellular,bulk
M,490,644,3,180705B_rec_AP1pPCRb_S289,MDCK,in vitro,extracellular,bulk
M,516,577,9,180705B_rec_AP1pPCRb_S289,MDCK,in vitro,extracellular,bulk
M,521,603,2,180705B_rec_AP1pPCRb_S289,MDCK,in vitro,extracellular,bulk
M,521,606,1,180705B_rec_AP1pPCRb_S289,MDCK,in vitro,extracellular,bulk
M,523,665,3,180705B_rec_AP1pPCRb_S289,MDCK,in vitro,extracellular,bulk
M,550,589,145,180705B_rec_AP1pPCRb_S289,MDCK,in vitro,extracellular,bulk
M,556,679,1,180705B_rec_AP1pPCRb_S289,MDCK,in vitro,extracellular,bulk
M,564,664,3,180705B_rec_AP1pPCRb_S289,MDCK,in vitro,extracellular,bulk
M,573,922,9,180705B_rec_AP1pPCRb_S289,MDCK,in vitro,extracellular,bulk
M,594,637,2,180705B_rec_AP1pPCRb_S289,MDCK,in vitro,extracellular,bulk
M,614,836,1,180705B_rec_AP1pPCRb_S289,MDCK,in vitro,extracellular,bulk
M,619,805,6,180705B_rec_AP1pPCRb_S289,MDCK,in vitro,extracellular,bulk
M,623,668,2,180705B_rec_AP1pPCRb_S289,MDCK,in vitro,extracellular,bulk
M,623,740,10,180705B_rec_AP1pPCRb_S289,MDCK,in vitro,extracellular,bulk
M,627,762,1,180705B_rec_AP1pPCRb_S289,MDCK,in vitro,extracellular,bulk
M,641,834,4,180705B_rec_AP1pPCRb_S289,MDCK,in vitro,extracellular,bulk
M,643,707,1,180705B_rec_AP1pPCRb_S289,MDCK,in vitro,extracellular,bulk
M,647,711,1,180705B_rec_AP1pPCRb_S289,MDCK,in vitro,extracellular,bulk
M,649,749,2,180705B_rec_AP1pPCRb_S289,MDCK,in vitro,extracellular,bulk
M,652,743,1,180705B_rec_AP1pPCRb_S289,MDCK,in vitro,extracellular,bulk
M,766,802,5,180705B_rec_AP1pPCRb_S289,MDCK,in vitro,extracellular,bulk
M,772,805,1,180705B_rec_AP1pPCRb_S289,MDCK,in vitro,extracellular,bulk
M,783,863,2,180705B_rec_AP1pPCRb_S289,MDCK,in vitro,extracellular,bulk
NS,160,487,5,180705B_rec_AP1pPCRb_S289,MDCK,in vitro,extracellular,bulk
NS,195,431,2,180705B_rec_AP1pPCRb_S289,MDCK,in vitro,extracellular,bulk
NS,269,339,3,180705B_rec_AP1pPCRb_S289,MDCK,in vitro,extracellular,bulk
NS,323,430,5,180705B_rec_AP1pPCRb_S289,MDCK,in vitro,extracellular,bulk
NS,338,399,1,180705B_rec_AP1pPCRb_S289,MDCK,in vitro,extracellular,bulk
NS,343,413,2,180705B_rec_AP1pPCRb_S289,MDCK,in vitro,extracellular,bulk
NS,357,421,10,180705B_rec_AP1pPCRb_S289,MDCK,in vitro,extracellular,bulk
NS,359,433,11,180705B_rec_AP1pPCRb_S289,MDCK,in vitro,extracellular,bulk
NS,417,539,2,180705B_rec_AP1pPCRb_S289,MDCK,in vitro,extracellular,bulk
NS,448,512,1,180705B_rec_AP1pPCRb_S289,MDCK,in vitro,extracellular,bulk
NS,453,627,1,180705B_rec_AP1pPCRb_S289,MDCK,in vitro,extracellular,bulk
NS,52,428,1,180705B_rec_AP1pPCRb_S289,MDCK,in vitro,extracellular,bulk
NS,56,431,2,180705B_rec_AP1pPCRb_S289,MDCK,in vitro,extracellular,bulk
PB2,115,1800,7,180705B_rec_BP1pPCRb_S290,MDCK,in vitro,extracellular,bulk
PB2,1267,1642,1,180705B_rec_BP1pPCRb_S290,MDCK,in vitro,extracellular,bulk
PB2,1273,1335,1,180705B_rec_BP1pPCRb_S290,MDCK,in vitro,extracellular,bulk
PB2,1350,2108,1,180705B_rec_BP1pPCRb_S290,MDCK,in vitro,extracellular,bulk
PB2,1840,1952,1,180705B_rec_BP1pPCRb_S290,MDCK,in vitro,extracellular,bulk
PB2,2045,2120,1,180705B_rec_BP1pPCRb_S290,MDCK,in vitro,extracellular,bulk
PB2,2057,2102,1,180705B_rec_BP1pPCRb_S290,MDCK,in vitro,extracellular,bulk
PB2,2157,2257,5,180705B_rec_BP1pPCRb_S290,MDCK,in vitro,extracellular,bulk
PB2,468,1879,8,180705B_rec_BP1pPCRb_S290,MDCK,in vitro,extracellular,bulk
PB2,491,1870,1,180705B_rec_BP1pPCRb_S290,MDCK,in vitro,extracellular,bulk
PB2,508,1595,4,180705B_rec_BP1pPCRb_S290,MDCK,in vitro,extracellular,bulk
PB2,526,1666,2,180705B_rec_BP1pPCRb_S290,MDCK,in vitro,extracellular,bulk
PB2,547,1642,7,180705B_rec_BP1pPCRb_S290,MDCK,in vitro,extracellular,bulk
PB2,626,1989,3,180705B_rec_BP1pPCRb_S290,MDCK,in vitro,extracellular,bulk
PB2,628,1932,2,180705B_rec_BP1pPCRb_S290,MDCK,in vitro,extracellular,bulk
PB2,654,1966,3,180705B_rec_BP1pPCRb_S290,MDCK,in vitro,extracellular,bulk
PB2,660,2167,1,180705B_rec_BP1pPCRb_S290,MDCK,in vitro,extracellular,bulk
PB2,681,2113,26,180705B_rec_BP1pPCRb_S290,MDCK,in vitro,extracellular,bulk
PB2,730,1860,2,180705B_rec_BP1pPCRb_S290,MDCK,in vitro,extracellular,bulk
PB2,746,1741,4,180705B_rec_BP1pPCRb_S290,MDCK,in vitro,extracellular,bulk
PB2,747,2082,22,180705B_rec_BP1pPCRb_S290,MDCK,in vitro,extracellular,bulk
PB2,748,2083,1,180705B_rec_BP1pPCRb_S290,MDCK,in vitro,extracellular,bulk
PB2,749,1853,10,180705B_rec_BP1pPCRb_S290,MDCK,in vitro,extracellular,bulk
PB2,754,1602,1,180705B_rec_BP1pPCRb_S290,MDCK,in vitro,extracellular,bulk
PB2,757,1637,6,180705B_rec_BP1pPCRb_S290,MDCK,in vitro,extracellular,bulk
PB2,838,1765,3,180705B_rec_BP1pPCRb_S290,MDCK,in vitro,extracellular,bulk
PB2,946,2213,1,180705B_rec_BP1pPCRb_S290,MDCK,in vitro,extracellular,bulk
PB1,165,2017,13,180705B_rec_BP1pPCRb_S290,MDCK,in vitro,extracellular,bulk
PB1,1938,2077,7,180705B_rec_BP1pPCRb_S290,MDCK,in vitro,extracellular,bulk
PB1,258,1939,12,180705B_rec_BP1pPCRb_S290,MDCK,in vitro,extracellular,bulk
PB1,258,2077,7,180705B_rec_BP1pPCRb_S290,MDCK,in vitro,extracellular,bulk
PB1,260,409,2,180705B_rec_BP1pPCRb_S290,MDCK,in vitro,extracellular,bulk
PB1,265,472,8,180705B_rec_BP1pPCRb_S290,MDCK,in vitro,extracellular,bulk
PB1,293,1603,1,180705B_rec_BP1pPCRb_S290,MDCK,in vitro,extracellular,bulk
PB1,301,539,26,180705B_rec_BP1pPCRb_S290,MDCK,in vitro,extracellular,bulk
PB1,303,457,18,180705B_rec_BP1pPCRb_S290,MDCK,in vitro,extracellular,bulk
PB1,311,2051,11,180705B_rec_BP1pPCRb_S290,MDCK,in vitro,extracellular,bulk
PB1,351,2077,20,180705B_rec_BP1pPCRb_S290,MDCK,in vitro,extracellular,bulk
PB1,383,1992,6,180705B_rec_BP1pPCRb_S290,MDCK,in vitro,extracellular,bulk
PB1,437,1981,3,180705B_rec_BP1pPCRb_S290,MDCK,in vitro,extracellular,bulk
PB1,510,2227,9,180705B_rec_BP1pPCRb_S290,MDCK,in vitro,extracellular,bulk
PB1,562,1864,12,180705B_rec_BP1pPCRb_S290,MDCK,in vitro,extracellular,bulk
PB1,564,2173,3,180705B_rec_BP1pPCRb_S290,MDCK,in vitro,extracellular,bulk
PB1,569,2247,1,180705B_rec_BP1pPCRb_S290,MDCK,in vitro,extracellular,bulk
PB1,571,1505,1,180705B_rec_BP1pPCRb_S290,MDCK,in vitro,extracellular,bulk
PB1,589,1757,1,180705B_rec_BP1pPCRb_S290,MDCK,in vitro,extracellular,bulk
PB1,610,1628,1,180705B_rec_BP1pPCRb_S290,MDCK,in vitro,extracellular,bulk
PB1,621,1874,23,180705B_rec_BP1pPCRb_S290,MDCK,in vitro,extracellular,bulk
PB1,621,1875,4,180705B_rec_BP1pPCRb_S290,MDCK,in vitro,extracellular,bulk
PB1,623,1877,2,180705B_rec_BP1pPCRb_S290,MDCK,in vitro,extracellular,bulk
PB1,624,1879,1,180705B_rec_BP1pPCRb_S290,MDCK,in vitro,extracellular,bulk
PB1,625,1878,18855,180705B_rec_BP1pPCRb_S290,MDCK,in vitro,extracellular,bulk
PB1,625,1879,2,180705B_rec_BP1pPCRb_S290,MDCK,in vitro,extracellular,bulk
PB1,626,1879,24,180705B_rec_BP1pPCRb_S290,MDCK,in vitro,extracellular,bulk
PB1,638,1951,1,180705B_rec_BP1pPCRb_S290,MDCK,in vitro,extracellular,bulk
PB1,63,458,1,180705B_rec_BP1pPCRb_S290,MDCK,in vitro,extracellular,bulk
PB1,713,2065,2,180705B_rec_BP1pPCRb_S290,MDCK,in vitro,extracellular,bulk
PB1,718,1854,1,180705B_rec_BP1pPCRb_S290,MDCK,in vitro,extracellular,bulk
PB1,754,1905,1,180705B_rec_BP1pPCRb_S290,MDCK,in vitro,extracellular,bulk
PA,1427,1462,1,180705B_rec_BP1pPCRb_S290,MDCK,in vitro,extracellular,bulk
PA,187,1954,10,180705B_rec_BP1pPCRb_S290,MDCK,in vitro,extracellular,bulk
PA,1999,2127,1,180705B_rec_BP1pPCRb_S290,MDCK,in vitro,extracellular,bulk
PA,201,1899,20,180705B_rec_BP1pPCRb_S290,MDCK,in vitro,extracellular,bulk
PA,309,1852,57,180705B_rec_BP1pPCRb_S290,MDCK,in vitro,extracellular,bulk
PA,335,1870,1,180705B_rec_BP1pPCRb_S290,MDCK,in vitro,extracellular,bulk
PA,582,2037,6,180705B_rec_BP1pPCRb_S290,MDCK,in vitro,extracellular,bulk
PA,605,1788,1,180705B_rec_BP1pPCRb_S290,MDCK,in vitro,extracellular,bulk
PA,905,2100,9,180705B_rec_BP1pPCRb_S290,MDCK,in vitro,extracellular,bulk
PA,910,987,1,180705B_rec_BP1pPCRb_S290,MDCK,in vitro,extracellular,bulk
PA,97,1810,1,180705B_rec_BP1pPCRb_S290,MDCK,in vitro,extracellular,bulk
HA,252,910,1,180705B_rec_BP1pPCRb_S290,MDCK,in vitro,extracellular,bulk
HA,257,882,1,180705B_rec_BP1pPCRb_S290,MDCK,in vitro,extracellular,bulk
HA,546,1675,9,180705B_rec_BP1pPCRb_S290,MDCK,in vitro,extracellular,bulk
HA,733,864,5,180705B_rec_BP1pPCRb_S290,MDCK,in vitro,extracellular,bulk
HA,78,704,1,180705B_rec_BP1pPCRb_S290,MDCK,in vitro,extracellular,bulk
HA,926,971,2,180705B_rec_BP1pPCRb_S290,MDCK,in vitro,extracellular,bulk
HA,948,1680,1,180705B_rec_BP1pPCRb_S290,MDCK,in vitro,extracellular,bulk
NP,1133,1532,2,180705B_rec_BP1pPCRb_S290,MDCK,in vitro,extracellular,bulk
NP,1204,1339,1,180705B_rec_BP1pPCRb_S290,MDCK,in vitro,extracellular,bulk
NP,207,1229,4,180705B_rec_BP1pPCRb_S290,MDCK,in vitro,extracellular,bulk
NP,292,1359,4,180705B_rec_BP1pPCRb_S290,MDCK,in vitro,extracellular,bulk
NP,328,498,3,180705B_rec_BP1pPCRb_S290,MDCK,in vitro,extracellular,bulk
NP,347,1200,14,180705B_rec_BP1pPCRb_S290,MDCK,in vitro,extracellular,bulk
NP,360,1227,7,180705B_rec_BP1pPCRb_S290,MDCK,in vitro,extracellular,bulk
NP,372,817,2,180705B_rec_BP1pPCRb_S290,MDCK,in vitro,extracellular,bulk
NP,375,1074,6,180705B_rec_BP1pPCRb_S290,MDCK,in vitro,extracellular,bulk
NP,376,1483,7,180705B_rec_BP1pPCRb_S290,MDCK,in vitro,extracellular,bulk
NP,395,1383,1,180705B_rec_BP1pPCRb_S290,MDCK,in vitro,extracellular,bulk
NP,424,763,1,180705B_rec_BP1pPCRb_S290,MDCK,in vitro,extracellular,bulk
NP,425,617,3,180705B_rec_BP1pPCRb_S290,MDCK,in vitro,extracellular,bulk
NP,432,1525,1,180705B_rec_BP1pPCRb_S290,MDCK,in vitro,extracellular,bulk
NP,434,486,5,180705B_rec_BP1pPCRb_S290,MDCK,in vitro,extracellular,bulk
NP,437,1326,2,180705B_rec_BP1pPCRb_S290,MDCK,in vitro,extracellular,bulk
NP,439,1328,10,180705B_rec_BP1pPCRb_S290,MDCK,in vitro,extracellular,bulk
NP,440,1338,6,180705B_rec_BP1pPCRb_S290,MDCK,in vitro,extracellular,bulk
NP,462,1338,3,180705B_rec_BP1pPCRb_S290,MDCK,in vitro,extracellular,bulk
NP,464,1327,1,180705B_rec_BP1pPCRb_S290,MDCK,in vitro,extracellular,bulk
NP,481,1390,10,180705B_rec_BP1pPCRb_S290,MDCK,in vitro,extracellular,bulk
NP,484,1400,10,180705B_rec_BP1pPCRb_S290,MDCK,in vitro,extracellular,bulk
NP,496,1410,2,180705B_rec_BP1pPCRb_S290,MDCK,in vitro,extracellular,bulk
NP,506,1445,1,180705B_rec_BP1pPCRb_S290,MDCK,in vitro,extracellular,bulk
NP,513,1009,14,180705B_rec_BP1pPCRb_S290,MDCK,in vitro,extracellular,bulk
NP,536,1414,6,180705B_rec_BP1pPCRb_S290,MDCK,in vitro,extracellular,bulk
NP,543,1337,6,180705B_rec_BP1pPCRb_S290,MDCK,in vitro,extracellular,bulk
NP,546,1039,2,180705B_rec_BP1pPCRb_S290,MDCK,in vitro,extracellular,bulk
NP,659,1171,4,180705B_rec_BP1pPCRb_S290,MDCK,in vitro,extracellular,bulk
NP,715,1327,1,180705B_rec_BP1pPCRb_S290,MDCK,in vitro,extracellular,bulk
NP,721,1333,5,180705B_rec_BP1pPCRb_S290,MDCK,in vitro,extracellular,bulk
NP,777,848,1,180705B_rec_BP1pPCRb_S290,MDCK,in vitro,extracellular,bulk
NP,779,848,5,180705B_rec_BP1pPCRb_S290,MDCK,in vitro,extracellular,bulk
NP,804,831,1,180705B_rec_BP1pPCRb_S290,MDCK,in vitro,extracellular,bulk
NP,825,1330,6,180705B_rec_BP1pPCRb_S290,MDCK,in vitro,extracellular,bulk
NP,920,1485,1,180705B_rec_BP1pPCRb_S290,MDCK,in vitro,extracellular,bulk
NP,930,1229,3,180705B_rec_BP1pPCRb_S290,MDCK,in vitro,extracellular,bulk
NP,968,1085,1,180705B_rec_BP1pPCRb_S290,MDCK,in vitro,extracellular,bulk
NP,96,1392,1,180705B_rec_BP1pPCRb_S290,MDCK,in vitro,extracellular,bulk
NA,1123,1166,3,180705B_rec_BP1pPCRb_S290,MDCK,in vitro,extracellular,bulk
NA,1140,1228,2,180705B_rec_BP1pPCRb_S290,MDCK,in vitro,extracellular,bulk
NA,1216,1262,1,180705B_rec_BP1pPCRb_S290,MDCK,in vitro,extracellular,bulk
NA,1258,1292,1,180705B_rec_BP1pPCRb_S290,MDCK,in vitro,extracellular,bulk
NA,197,1086,2,180705B_rec_BP1pPCRb_S290,MDCK,in vitro,extracellular,bulk
NA,200,993,6,180705B_rec_BP1pPCRb_S290,MDCK,in vitro,extracellular,bulk
NA,230,874,6,180705B_rec_BP1pPCRb_S290,MDCK,in vitro,extracellular,bulk
NA,248,320,1,180705B_rec_BP1pPCRb_S290,MDCK,in vitro,extracellular,bulk
NA,277,1003,5,180705B_rec_BP1pPCRb_S290,MDCK,in vitro,extracellular,bulk
NA,354,998,8,180705B_rec_BP1pPCRb_S290,MDCK,in vitro,extracellular,bulk
NA,398,851,2,180705B_rec_BP1pPCRb_S290,MDCK,in vitro,extracellular,bulk
NA,419,447,6,180705B_rec_BP1pPCRb_S290,MDCK,in vitro,extracellular,bulk
NA,424,1057,1,180705B_rec_BP1pPCRb_S290,MDCK,in vitro,extracellular,bulk
NA,495,1087,1,180705B_rec_BP1pPCRb_S290,MDCK,in vitro,extracellular,bulk
NA,574,965,2,180705B_rec_BP1pPCRb_S290,MDCK,in vitro,extracellular,bulk
NA,722,1241,1,180705B_rec_BP1pPCRb_S290,MDCK,in vitro,extracellular,bulk
NA,865,941,3,180705B_rec_BP1pPCRb_S290,MDCK,in vitro,extracellular,bulk
NA,880,997,1,180705B_rec_BP1pPCRb_S290,MDCK,in vitro,extracellular,bulk
NA,918,1049,1,180705B_rec_BP1pPCRb_S290,MDCK,in vitro,extracellular,bulk
NA,962,1091,1,180705B_rec_BP1pPCRb_S290,MDCK,in vitro,extracellular,bulk
M,126,741,3,180705B_rec_BP1pPCRb_S290,MDCK,in vitro,extracellular,bulk
M,150,568,4,180705B_rec_BP1pPCRb_S290,MDCK,in vitro,extracellular,bulk
M,150,842,1,180705B_rec_BP1pPCRb_S290,MDCK,in vitro,extracellular,bulk
M,311,708,1,180705B_rec_BP1pPCRb_S290,MDCK,in vitro,extracellular,bulk
M,401,579,1,180705B_rec_BP1pPCRb_S290,MDCK,in vitro,extracellular,bulk
M,426,559,12,180705B_rec_BP1pPCRb_S290,MDCK,in vitro,extracellular,bulk
M,427,515,3,180705B_rec_BP1pPCRb_S290,MDCK,in vitro,extracellular,bulk
M,433,762,2,180705B_rec_BP1pPCRb_S290,MDCK,in vitro,extracellular,bulk
M,434,762,23,180705B_rec_BP1pPCRb_S290,MDCK,in vitro,extracellular,bulk
M,465,523,1,180705B_rec_BP1pPCRb_S290,MDCK,in vitro,extracellular,bulk
M,485,560,49,180705B_rec_BP1pPCRb_S290,MDCK,in vitro,extracellular,bulk
M,485,595,1,180705B_rec_BP1pPCRb_S290,MDCK,in vitro,extracellular,bulk
M,491,606,14,180705B_rec_BP1pPCRb_S290,MDCK,in vitro,extracellular,bulk
M,523,665,18,180705B_rec_BP1pPCRb_S290,MDCK,in vitro,extracellular,bulk
M,526,573,2,180705B_rec_BP1pPCRb_S290,MDCK,in vitro,extracellular,bulk
M,594,637,13,180705B_rec_BP1pPCRb_S290,MDCK,in vitro,extracellular,bulk
M,598,620,8,180705B_rec_BP1pPCRb_S290,MDCK,in vitro,extracellular,bulk
M,623,668,7,180705B_rec_BP1pPCRb_S290,MDCK,in vitro,extracellular,bulk
M,625,804,19,180705B_rec_BP1pPCRb_S290,MDCK,in vitro,extracellular,bulk
M,627,750,5,180705B_rec_BP1pPCRb_S290,MDCK,in vitro,extracellular,bulk
M,641,684,5,180705B_rec_BP1pPCRb_S290,MDCK,in vitro,extracellular,bulk
M,647,711,1,180705B_rec_BP1pPCRb_S290,MDCK,in vitro,extracellular,bulk
M,899,934,2,180705B_rec_BP1pPCRb_S290,MDCK,in vitro,extracellular,bulk
NS,162,318,4,180705B_rec_BP1pPCRb_S290,MDCK,in vitro,extracellular,bulk
NS,340,416,1,180705B_rec_BP1pPCRb_S290,MDCK,in vitro,extracellular,bulk
NS,357,421,2,180705B_rec_BP1pPCRb_S290,MDCK,in vitro,extracellular,bulk
NS,359,433,19,180705B_rec_BP1pPCRb_S290,MDCK,in vitro,extracellular,bulk
NS,429,478,1,180705B_rec_BP1pPCRb_S290,MDCK,in vitro,extracellular,bulk
NS,56,431,1,180705B_rec_BP1pPCRb_S290,MDCK,in vitro,extracellular,bulk
PB2,1000,1780,1,180705B_rec_CP1pPCRb_S291,MDCK,in vitro,extracellular,bulk
PB2,1025,1821,1,180705B_rec_CP1pPCRb_S291,MDCK,in vitro,extracellular,bulk
PB2,1052,2107,2,180705B_rec_CP1pPCRb_S291,MDCK,in vitro,extracellular,bulk
PB2,1055,1147,1,180705B_rec_CP1pPCRb_S291,MDCK,in vitro,extracellular,bulk
PB2,1070,2124,1,180705B_rec_CP1pPCRb_S291,MDCK,in vitro,extracellular,bulk
PB2,1076,1118,1,180705B_rec_CP1pPCRb_S291,MDCK,in vitro,extracellular,bulk
PB2,108,2140,1,180705B_rec_CP1pPCRb_S291,MDCK,in vitro,extracellular,bulk
PB2,1094,2085,1,180705B_rec_CP1pPCRb_S291,MDCK,in vitro,extracellular,bulk
PB2,1094,2090,1,180705B_rec_CP1pPCRb_S291,MDCK,in vitro,extracellular,bulk
PB2,1105,1843,1,180705B_rec_CP1pPCRb_S291,MDCK,in vitro,extracellular,bulk
PB2,1165,1960,1,180705B_rec_CP1pPCRb_S291,MDCK,in vitro,extracellular,bulk
PB2,1192,1954,1,180705B_rec_CP1pPCRb_S291,MDCK,in vitro,extracellular,bulk
PB2,1327,1550,1,180705B_rec_CP1pPCRb_S291,MDCK,in vitro,extracellular,bulk
PB2,1351,1402,1,180705B_rec_CP1pPCRb_S291,MDCK,in vitro,extracellular,bulk
PB2,136,1661,1,180705B_rec_CP1pPCRb_S291,MDCK,in vitro,extracellular,bulk
PB2,1458,2107,1,180705B_rec_CP1pPCRb_S291,MDCK,in vitro,extracellular,bulk
PB2,1478,1640,1,180705B_rec_CP1pPCRb_S291,MDCK,in vitro,extracellular,bulk
PB2,1479,1640,1,180705B_rec_CP1pPCRb_S291,MDCK,in vitro,extracellular,bulk
PB2,148,2137,1,180705B_rec_CP1pPCRb_S291,MDCK,in vitro,extracellular,bulk
PB2,149,1820,1,180705B_rec_CP1pPCRb_S291,MDCK,in vitro,extracellular,bulk
PB2,152,2095,2,180705B_rec_CP1pPCRb_S291,MDCK,in vitro,extracellular,bulk
PB2,164,2078,1,180705B_rec_CP1pPCRb_S291,MDCK,in vitro,extracellular,bulk
PB2,1667,2229,1,180705B_rec_CP1pPCRb_S291,MDCK,in vitro,extracellular,bulk
PB2,175,1641,1,180705B_rec_CP1pPCRb_S291,MDCK,in vitro,extracellular,bulk
PB2,1784,1831,2,180705B_rec_CP1pPCRb_S291,MDCK,in vitro,extracellular,bulk
PB2,1815,1882,1,180705B_rec_CP1pPCRb_S291,MDCK,in vitro,extracellular,bulk
PB2,1817,1950,1,180705B_rec_CP1pPCRb_S291,MDCK,in vitro,extracellular,bulk
PB2,182,1988,1,180705B_rec_CP1pPCRb_S291,MDCK,in vitro,extracellular,bulk
PB2,1836,1946,3,180705B_rec_CP1pPCRb_S291,MDCK,in vitro,extracellular,bulk
PB2,1839,1953,1,180705B_rec_CP1pPCRb_S291,MDCK,in vitro,extracellular,bulk
PB2,1840,1952,1,180705B_rec_CP1pPCRb_S291,MDCK,in vitro,extracellular,bulk
PB2,1885,1989,1,180705B_rec_CP1pPCRb_S291,MDCK,in vitro,extracellular,bulk
PB2,1898,2094,1,180705B_rec_CP1pPCRb_S291,MDCK,in vitro,extracellular,bulk
PB2,190,2009,1,180705B_rec_CP1pPCRb_S291,MDCK,in vitro,extracellular,bulk
PB2,191,2008,8,180705B_rec_CP1pPCRb_S291,MDCK,in vitro,extracellular,bulk
PB2,193,2011,2,180705B_rec_CP1pPCRb_S291,MDCK,in vitro,extracellular,bulk
PB2,195,2012,4392,180705B_rec_CP1pPCRb_S291,MDCK,in vitro,extracellular,bulk
PB2,1969,2002,1,180705B_rec_CP1pPCRb_S291,MDCK,in vitro,extracellular,bulk
PB2,196,1784,2,180705B_rec_CP1pPCRb_S291,MDCK,in vitro,extracellular,bulk
PB2,197,2014,5,180705B_rec_CP1pPCRb_S291,MDCK,in vitro,extracellular,bulk
PB2,198,2118,1,180705B_rec_CP1pPCRb_S291,MDCK,in vitro,extracellular,bulk
PB2,1997,2070,2,180705B_rec_CP1pPCRb_S291,MDCK,in vitro,extracellular,bulk
PB2,199,2117,176,180705B_rec_CP1pPCRb_S291,MDCK,in vitro,extracellular,bulk
PB2,2039,2083,1,180705B_rec_CP1pPCRb_S291,MDCK,in vitro,extracellular,bulk
PB2,2039,2088,1,180705B_rec_CP1pPCRb_S291,MDCK,in vitro,extracellular,bulk
PB2,2039,2185,2,180705B_rec_CP1pPCRb_S291,MDCK,in vitro,extracellular,bulk
PB2,2041,2069,1,180705B_rec_CP1pPCRb_S291,MDCK,in vitro,extracellular,bulk
PB2,2045,2082,4,180705B_rec_CP1pPCRb_S291,MDCK,in vitro,extracellular,bulk
PB2,2057,2102,3,180705B_rec_CP1pPCRb_S291,MDCK,in vitro,extracellular,bulk
PB2,2061,2131,5,180705B_rec_CP1pPCRb_S291,MDCK,in vitro,extracellular,bulk
PB2,208,2012,1,180705B_rec_CP1pPCRb_S291,MDCK,in vitro,extracellular,bulk
PB2,211,2009,3,180705B_rec_CP1pPCRb_S291,MDCK,in vitro,extracellular,bulk
PB2,212,1994,5,180705B_rec_CP1pPCRb_S291,MDCK,in vitro,extracellular,bulk
PB2,212,2136,1,180705B_rec_CP1pPCRb_S291,MDCK,in vitro,extracellular,bulk
PB2,217,2159,1,180705B_rec_CP1pPCRb_S291,MDCK,in vitro,extracellular,bulk
PB2,2197,2233,1,180705B_rec_CP1pPCRb_S291,MDCK,in vitro,extracellular,bulk
PB2,223,2242,1,180705B_rec_CP1pPCRb_S291,MDCK,in vitro,extracellular,bulk
PB2,227,2041,1,180705B_rec_CP1pPCRb_S291,MDCK,in vitro,extracellular,bulk
PB2,233,1656,1,180705B_rec_CP1pPCRb_S291,MDCK,in vitro,extracellular,bulk
PB2,239,1606,1,180705B_rec_CP1pPCRb_S291,MDCK,in vitro,extracellular,bulk
PB2,243,1839,1,180705B_rec_CP1pPCRb_S291,MDCK,in vitro,extracellular,bulk
PB2,244,1763,1,180705B_rec_CP1pPCRb_S291,MDCK,in vitro,extracellular,bulk
PB2,245,1998,2,180705B_rec_CP1pPCRb_S291,MDCK,in vitro,extracellular,bulk
PB2,247,2155,1,180705B_rec_CP1pPCRb_S291,MDCK,in vitro,extracellular,bulk
PB2,252,1746,1,180705B_rec_CP1pPCRb_S291,MDCK,in vitro,extracellular,bulk
PB2,252,2004,9,180705B_rec_CP1pPCRb_S291,MDCK,in vitro,extracellular,bulk
PB2,257,2013,2,180705B_rec_CP1pPCRb_S291,MDCK,in vitro,extracellular,bulk
PB2,258,1777,1,180705B_rec_CP1pPCRb_S291,MDCK,in vitro,extracellular,bulk
PB2,286,1958,1,180705B_rec_CP1pPCRb_S291,MDCK,in vitro,extracellular,bulk
PB2,293,1980,1,180705B_rec_CP1pPCRb_S291,MDCK,in vitro,extracellular,bulk
PB2,293,2014,2,180705B_rec_CP1pPCRb_S291,MDCK,in vitro,extracellular,bulk
PB2,295,1982,760,180705B_rec_CP1pPCRb_S291,MDCK,in vitro,extracellular,bulk
PB2,297,1636,1,180705B_rec_CP1pPCRb_S291,MDCK,in vitro,extracellular,bulk
PB2,298,1952,1,180705B_rec_CP1pPCRb_S291,MDCK,in vitro,extracellular,bulk
PB2,303,1680,1,180705B_rec_CP1pPCRb_S291,MDCK,in vitro,extracellular,bulk
PB2,303,1691,1,180705B_rec_CP1pPCRb_S291,MDCK,in vitro,extracellular,bulk
PB2,304,2076,1,180705B_rec_CP1pPCRb_S291,MDCK,in vitro,extracellular,bulk
PB2,305,2057,1,180705B_rec_CP1pPCRb_S291,MDCK,in vitro,extracellular,bulk
PB2,309,1985,1,180705B_rec_CP1pPCRb_S291,MDCK,in vitro,extracellular,bulk
PB2,310,2120,1,180705B_rec_CP1pPCRb_S291,MDCK,in vitro,extracellular,bulk
PB2,314,1742,1,180705B_rec_CP1pPCRb_S291,MDCK,in vitro,extracellular,bulk
PB2,314,1884,3,180705B_rec_CP1pPCRb_S291,MDCK,in vitro,extracellular,bulk
PB2,319,1968,1,180705B_rec_CP1pPCRb_S291,MDCK,in vitro,extracellular,bulk
PB2,327,1920,7,180705B_rec_CP1pPCRb_S291,MDCK,in vitro,extracellular,bulk
PB2,333,1910,1,180705B_rec_CP1pPCRb_S291,MDCK,in vitro,extracellular,bulk
PB2,333,1968,1,180705B_rec_CP1pPCRb_S291,MDCK,in vitro,extracellular,bulk
PB2,334,1921,1,180705B_rec_CP1pPCRb_S291,MDCK,in vitro,extracellular,bulk
PB2,334,1963,1,180705B_rec_CP1pPCRb_S291,MDCK,in vitro,extracellular,bulk
PB2,337,1935,2,180705B_rec_CP1pPCRb_S291,MDCK,in vitro,extracellular,bulk
PB2,340,2147,2,180705B_rec_CP1pPCRb_S291,MDCK,in vitro,extracellular,bulk
PB2,351,1773,46,180705B_rec_CP1pPCRb_S291,MDCK,in vitro,extracellular,bulk
PB2,351,2003,3,180705B_rec_CP1pPCRb_S291,MDCK,in vitro,extracellular,bulk
PB2,355,1828,1,180705B_rec_CP1pPCRb_S291,MDCK,in vitro,extracellular,bulk
PB2,355,2030,1,180705B_rec_CP1pPCRb_S291,MDCK,in vitro,extracellular,bulk
PB2,359,1827,4,180705B_rec_CP1pPCRb_S291,MDCK,in vitro,extracellular,bulk
PB2,361,1829,661,180705B_rec_CP1pPCRb_S291,MDCK,in vitro,extracellular,bulk
PB2,371,1833,1,180705B_rec_CP1pPCRb_S291,MDCK,in vitro,extracellular,bulk
PB2,378,1849,1,180705B_rec_CP1pPCRb_S291,MDCK,in vitro,extracellular,bulk
PB2,385,1826,1,180705B_rec_CP1pPCRb_S291,MDCK,in vitro,extracellular,bulk
PB2,392,2056,1,180705B_rec_CP1pPCRb_S291,MDCK,in vitro,extracellular,bulk
PB2,396,458,1,180705B_rec_CP1pPCRb_S291,MDCK,in vitro,extracellular,bulk
PB2,399,2039,1,180705B_rec_CP1pPCRb_S291,MDCK,in vitro,extracellular,bulk
PB2,434,1594,1,180705B_rec_CP1pPCRb_S291,MDCK,in vitro,extracellular,bulk
PB2,440,1772,1,180705B_rec_CP1pPCRb_S291,MDCK,in vitro,extracellular,bulk
PB2,450,1793,1,180705B_rec_CP1pPCRb_S291,MDCK,in vitro,extracellular,bulk
PB2,453,1742,2,180705B_rec_CP1pPCRb_S291,MDCK,in vitro,extracellular,bulk
PB2,453,1875,1,180705B_rec_CP1pPCRb_S291,MDCK,in vitro,extracellular,bulk
PB2,454,1828,1,180705B_rec_CP1pPCRb_S291,MDCK,in vitro,extracellular,bulk
PB2,477,1802,2,180705B_rec_CP1pPCRb_S291,MDCK,in vitro,extracellular,bulk
PB2,489,1929,1,180705B_rec_CP1pPCRb_S291,MDCK,in vitro,extracellular,bulk
PB2,495,1888,1,180705B_rec_CP1pPCRb_S291,MDCK,in vitro,extracellular,bulk
PB2,496,1752,98,180705B_rec_CP1pPCRb_S291,MDCK,in vitro,extracellular,bulk
PB2,498,1830,6,180705B_rec_CP1pPCRb_S291,MDCK,in vitro,extracellular,bulk
PB2,516,1883,26,180705B_rec_CP1pPCRb_S291,MDCK,in vitro,extracellular,bulk
PB2,526,2087,1,180705B_rec_CP1pPCRb_S291,MDCK,in vitro,extracellular,bulk
PB2,534,1707,1,180705B_rec_CP1pPCRb_S291,MDCK,in vitro,extracellular,bulk
PB2,547,1194,1,180705B_rec_CP1pPCRb_S291,MDCK,in vitro,extracellular,bulk
PB2,558,1564,1,180705B_rec_CP1pPCRb_S291,MDCK,in vitro,extracellular,bulk
PB2,563,1629,1,180705B_rec_CP1pPCRb_S291,MDCK,in vitro,extracellular,bulk
PB2,576,2001,1,180705B_rec_CP1pPCRb_S291,MDCK,in vitro,extracellular,bulk
PB2,602,2130,2,180705B_rec_CP1pPCRb_S291,MDCK,in vitro,extracellular,bulk
PB2,611,1596,1,180705B_rec_CP1pPCRb_S291,MDCK,in vitro,extracellular,bulk
PB2,620,1628,1,180705B_rec_CP1pPCRb_S291,MDCK,in vitro,extracellular,bulk
PB2,621,1849,1,180705B_rec_CP1pPCRb_S291,MDCK,in vitro,extracellular,bulk
PB2,626,1989,6,180705B_rec_CP1pPCRb_S291,MDCK,in vitro,extracellular,bulk
PB2,627,736,3,180705B_rec_CP1pPCRb_S291,MDCK,in vitro,extracellular,bulk
PB2,628,1932,17,180705B_rec_CP1pPCRb_S291,MDCK,in vitro,extracellular,bulk
PB2,630,2119,1,180705B_rec_CP1pPCRb_S291,MDCK,in vitro,extracellular,bulk
PB2,631,1937,1,180705B_rec_CP1pPCRb_S291,MDCK,in vitro,extracellular,bulk
PB2,633,1534,18,180705B_rec_CP1pPCRb_S291,MDCK,in vitro,extracellular,bulk
PB2,633,1738,199,180705B_rec_CP1pPCRb_S291,MDCK,in vitro,extracellular,bulk
PB2,633,2069,2,180705B_rec_CP1pPCRb_S291,MDCK,in vitro,extracellular,bulk
PB2,651,2084,1,180705B_rec_CP1pPCRb_S291,MDCK,in vitro,extracellular,bulk
PB2,652,875,1,180705B_rec_CP1pPCRb_S291,MDCK,in vitro,extracellular,bulk
PB2,654,2189,1,180705B_rec_CP1pPCRb_S291,MDCK,in vitro,extracellular,bulk
PB2,655,2105,1,180705B_rec_CP1pPCRb_S291,MDCK,in vitro,extracellular,bulk
PB2,656,2104,1,180705B_rec_CP1pPCRb_S291,MDCK,in vitro,extracellular,bulk
PB2,657,2190,1,180705B_rec_CP1pPCRb_S291,MDCK,in vitro,extracellular,bulk
PB2,660,2167,1,180705B_rec_CP1pPCRb_S291,MDCK,in vitro,extracellular,bulk
PB2,664,1653,1,180705B_rec_CP1pPCRb_S291,MDCK,in vitro,extracellular,bulk
PB2,667,2095,1,180705B_rec_CP1pPCRb_S291,MDCK,in vitro,extracellular,bulk
PB2,671,1956,16,180705B_rec_CP1pPCRb_S291,MDCK,in vitro,extracellular,bulk
PB2,676,2138,2,180705B_rec_CP1pPCRb_S291,MDCK,in vitro,extracellular,bulk
PB2,677,1645,1,180705B_rec_CP1pPCRb_S291,MDCK,in vitro,extracellular,bulk
PB2,681,1932,6,180705B_rec_CP1pPCRb_S291,MDCK,in vitro,extracellular,bulk
PB2,681,2113,10,180705B_rec_CP1pPCRb_S291,MDCK,in vitro,extracellular,bulk
PB2,687,1586,1,180705B_rec_CP1pPCRb_S291,MDCK,in vitro,extracellular,bulk
PB2,688,1809,2,180705B_rec_CP1pPCRb_S291,MDCK,in vitro,extracellular,bulk
PB2,693,1651,1,180705B_rec_CP1pPCRb_S291,MDCK,in vitro,extracellular,bulk
PB2,705,2097,1,180705B_rec_CP1pPCRb_S291,MDCK,in vitro,extracellular,bulk
PB2,723,1666,2,180705B_rec_CP1pPCRb_S291,MDCK,in vitro,extracellular,bulk
PB2,730,1860,2,180705B_rec_CP1pPCRb_S291,MDCK,in vitro,extracellular,bulk
PB2,731,2131,1,180705B_rec_CP1pPCRb_S291,MDCK,in vitro,extracellular,bulk
PB2,746,1741,4,180705B_rec_CP1pPCRb_S291,MDCK,in vitro,extracellular,bulk
PB2,747,2082,7,180705B_rec_CP1pPCRb_S291,MDCK,in vitro,extracellular,bulk
PB2,749,1853,1,180705B_rec_CP1pPCRb_S291,MDCK,in vitro,extracellular,bulk
PB2,754,1602,4,180705B_rec_CP1pPCRb_S291,MDCK,in vitro,extracellular,bulk
PB2,757,1637,3,180705B_rec_CP1pPCRb_S291,MDCK,in vitro,extracellular,bulk
PB2,766,1991,1,180705B_rec_CP1pPCRb_S291,MDCK,in vitro,extracellular,bulk
PB2,769,943,1,180705B_rec_CP1pPCRb_S291,MDCK,in vitro,extracellular,bulk
PB2,773,1954,1,180705B_rec_CP1pPCRb_S291,MDCK,in vitro,extracellular,bulk
PB2,776,2193,1,180705B_rec_CP1pPCRb_S291,MDCK,in vitro,extracellular,bulk
PB2,785,1964,1,180705B_rec_CP1pPCRb_S291,MDCK,in vitro,extracellular,bulk
PB2,804,1439,1,180705B_rec_CP1pPCRb_S291,MDCK,in vitro,extracellular,bulk
PB2,838,1765,2,180705B_rec_CP1pPCRb_S291,MDCK,in vitro,extracellular,bulk
PB2,85,1863,1,180705B_rec_CP1pPCRb_S291,MDCK,in vitro,extracellular,bulk
PB2,875,1169,1,180705B_rec_CP1pPCRb_S291,MDCK,in vitro,extracellular,bulk
PB2,87,1823,2,180705B_rec_CP1pPCRb_S291,MDCK,in vitro,extracellular,bulk
PB2,87,1988,1,180705B_rec_CP1pPCRb_S291,MDCK,in vitro,extracellular,bulk
PB2,90,1203,1,180705B_rec_CP1pPCRb_S291,MDCK,in vitro,extracellular,bulk
PB2,936,1833,1,180705B_rec_CP1pPCRb_S291,MDCK,in vitro,extracellular,bulk
PB2,941,2130,1,180705B_rec_CP1pPCRb_S291,MDCK,in vitro,extracellular,bulk
PB2,950,1528,1,180705B_rec_CP1pPCRb_S291,MDCK,in vitro,extracellular,bulk
PB2,961,1001,2,180705B_rec_CP1pPCRb_S291,MDCK,in vitro,extracellular,bulk
PB2,990,1869,1,180705B_rec_CP1pPCRb_S291,MDCK,in vitro,extracellular,bulk
PB1,1002,1115,4,180705B_rec_CP1pPCRb_S291,MDCK,in vitro,extracellular,bulk
PB1,1081,1867,1,180705B_rec_CP1pPCRb_S291,MDCK,in vitro,extracellular,bulk
PB1,1176,2045,1,180705B_rec_CP1pPCRb_S291,MDCK,in vitro,extracellular,bulk
PB1,126,2054,1,180705B_rec_CP1pPCRb_S291,MDCK,in vitro,extracellular,bulk
PB1,127,2079,2,180705B_rec_CP1pPCRb_S291,MDCK,in vitro,extracellular,bulk
PB1,128,1004,5,180705B_rec_CP1pPCRb_S291,MDCK,in vitro,extracellular,bulk
PB1,128,2080,180,180705B_rec_CP1pPCRb_S291,MDCK,in vitro,extracellular,bulk
PB1,137,1995,2,180705B_rec_CP1pPCRb_S291,MDCK,in vitro,extracellular,bulk
PB1,137,2110,1,180705B_rec_CP1pPCRb_S291,MDCK,in vitro,extracellular,bulk
PB1,149,201,1,180705B_rec_CP1pPCRb_S291,MDCK,in vitro,extracellular,bulk
PB1,1614,1646,3,180705B_rec_CP1pPCRb_S291,MDCK,in vitro,extracellular,bulk
PB1,163,912,1,180705B_rec_CP1pPCRb_S291,MDCK,in vitro,extracellular,bulk
PB1,165,2017,15,180705B_rec_CP1pPCRb_S291,MDCK,in vitro,extracellular,bulk
PB1,174,2087,1,180705B_rec_CP1pPCRb_S291,MDCK,in vitro,extracellular,bulk
PB1,1803,1851,2,180705B_rec_CP1pPCRb_S291,MDCK,in vitro,extracellular,bulk
PB1,1818,1928,28,180705B_rec_CP1pPCRb_S291,MDCK,in vitro,extracellular,bulk
PB1,181,1981,1,180705B_rec_CP1pPCRb_S291,MDCK,in vitro,extracellular,bulk
PB1,184,2042,1,180705B_rec_CP1pPCRb_S291,MDCK,in vitro,extracellular,bulk
PB1,1862,1899,2,180705B_rec_CP1pPCRb_S291,MDCK,in vitro,extracellular,bulk
PB1,188,2081,1,180705B_rec_CP1pPCRb_S291,MDCK,in vitro,extracellular,bulk
PB1,189,2002,1,180705B_rec_CP1pPCRb_S291,MDCK,in vitro,extracellular,bulk
PB1,190,1875,1,180705B_rec_CP1pPCRb_S291,MDCK,in vitro,extracellular,bulk
PB1,192,1592,1,180705B_rec_CP1pPCRb_S291,MDCK,in vitro,extracellular,bulk
PB1,195,2129,1,180705B_rec_CP1pPCRb_S291,MDCK,in vitro,extracellular,bulk
PB1,197,2087,1,180705B_rec_CP1pPCRb_S291,MDCK,in vitro,extracellular,bulk
PB1,2015,2056,1,180705B_rec_CP1pPCRb_S291,MDCK,in vitro,extracellular,bulk
PB1,211,1993,1,180705B_rec_CP1pPCRb_S291,MDCK,in vitro,extracellular,bulk
PB1,211,2173,1,180705B_rec_CP1pPCRb_S291,MDCK,in vitro,extracellular,bulk
PB1,213,1982,21,180705B_rec_CP1pPCRb_S291,MDCK,in vitro,extracellular,bulk
PB1,214,1966,1,180705B_rec_CP1pPCRb_S291,MDCK,in vitro,extracellular,bulk
PB1,219,2031,1,180705B_rec_CP1pPCRb_S291,MDCK,in vitro,extracellular,bulk
PB1,227,2047,1,180705B_rec_CP1pPCRb_S291,MDCK,in vitro,extracellular,bulk
PB1,235,2201,1,180705B_rec_CP1pPCRb_S291,MDCK,in vitro,extracellular,bulk
PB1,237,1525,1,180705B_rec_CP1pPCRb_S291,MDCK,in vitro,extracellular,bulk
PB1,240,1928,1,180705B_rec_CP1pPCRb_S291,MDCK,in vitro,extracellular,bulk
PB1,252,2147,1,180705B_rec_CP1pPCRb_S291,MDCK,in vitro,extracellular,bulk
PB1,255,1797,59,180705B_rec_CP1pPCRb_S291,MDCK,in vitro,extracellular,bulk
PB1,256,1986,1,180705B_rec_CP1pPCRb_S291,MDCK,in vitro,extracellular,bulk
PB1,258,1939,2,180705B_rec_CP1pPCRb_S291,MDCK,in vitro,extracellular,bulk
PB1,273,1534,1,180705B_rec_CP1pPCRb_S291,MDCK,in vitro,extracellular,bulk
PB1,281,2035,1,180705B_rec_CP1pPCRb_S291,MDCK,in vitro,extracellular,bulk
PB1,281,2143,1,180705B_rec_CP1pPCRb_S291,MDCK,in vitro,extracellular,bulk
PB1,287,2002,1,180705B_rec_CP1pPCRb_S291,MDCK,in vitro,extracellular,bulk
PB1,288,2091,1,180705B_rec_CP1pPCRb_S291,MDCK,in vitro,extracellular,bulk
PB1,294,2069,1,180705B_rec_CP1pPCRb_S291,MDCK,in vitro,extracellular,bulk
PB1,298,2106,1,180705B_rec_CP1pPCRb_S291,MDCK,in vitro,extracellular,bulk
PB1,301,1874,1,180705B_rec_CP1pPCRb_S291,MDCK,in vitro,extracellular,bulk
PB1,301,539,5,180705B_rec_CP1pPCRb_S291,MDCK,in vitro,extracellular,bulk
PB1,305,1895,1,180705B_rec_CP1pPCRb_S291,MDCK,in vitro,extracellular,bulk
PB1,321,1842,1,180705B_rec_CP1pPCRb_S291,MDCK,in vitro,extracellular,bulk
PB1,325,2000,1,180705B_rec_CP1pPCRb_S291,MDCK,in vitro,extracellular,bulk
PB1,333,1988,4,180705B_rec_CP1pPCRb_S291,MDCK,in vitro,extracellular,bulk
PB1,340,1900,2,180705B_rec_CP1pPCRb_S291,MDCK,in vitro,extracellular,bulk
PB1,345,1882,1,180705B_rec_CP1pPCRb_S291,MDCK,in vitro,extracellular,bulk
PB1,348,2084,5,180705B_rec_CP1pPCRb_S291,MDCK,in vitro,extracellular,bulk
PB1,351,1897,1,180705B_rec_CP1pPCRb_S291,MDCK,in vitro,extracellular,bulk
PB1,351,2077,5,180705B_rec_CP1pPCRb_S291,MDCK,in vitro,extracellular,bulk
PB1,373,1897,1,180705B_rec_CP1pPCRb_S291,MDCK,in vitro,extracellular,bulk
PB1,374,1876,6,180705B_rec_CP1pPCRb_S291,MDCK,in vitro,extracellular,bulk
PB1,386,1934,1,180705B_rec_CP1pPCRb_S291,MDCK,in vitro,extracellular,bulk
PB1,388,1980,2,180705B_rec_CP1pPCRb_S291,MDCK,in vitro,extracellular,bulk
PB1,388,2059,1,180705B_rec_CP1pPCRb_S291,MDCK,in vitro,extracellular,bulk
PB1,392,2058,1,180705B_rec_CP1pPCRb_S291,MDCK,in vitro,extracellular,bulk
PB1,401,1853,1,180705B_rec_CP1pPCRb_S291,MDCK,in vitro,extracellular,bulk
PB1,402,1813,44,180705B_rec_CP1pPCRb_S291,MDCK,in vitro,extracellular,bulk
PB1,403,1952,1,180705B_rec_CP1pPCRb_S291,MDCK,in vitro,extracellular,bulk
PB1,417,1774,1,180705B_rec_CP1pPCRb_S291,MDCK,in vitro,extracellular,bulk
PB1,426,1972,1,180705B_rec_CP1pPCRb_S291,MDCK,in vitro,extracellular,bulk
PB1,430,1807,1,180705B_rec_CP1pPCRb_S291,MDCK,in vitro,extracellular,bulk
PB1,434,1926,1,180705B_rec_CP1pPCRb_S291,MDCK,in vitro,extracellular,bulk
PB1,434,2045,1,180705B_rec_CP1pPCRb_S291,MDCK,in vitro,extracellular,bulk
PB1,435,2163,1,180705B_rec_CP1pPCRb_S291,MDCK,in vitro,extracellular,bulk
PB1,436,1968,1,180705B_rec_CP1pPCRb_S291,MDCK,in vitro,extracellular,bulk
PB1,436,2131,1,180705B_rec_CP1pPCRb_S291,MDCK,in vitro,extracellular,bulk
PB1,437,1981,4,180705B_rec_CP1pPCRb_S291,MDCK,in vitro,extracellular,bulk
PB1,440,1968,1,180705B_rec_CP1pPCRb_S291,MDCK,in vitro,extracellular,bulk
PB1,441,1856,1,180705B_rec_CP1pPCRb_S291,MDCK,in vitro,extracellular,bulk
PB1,446,2107,2,180705B_rec_CP1pPCRb_S291,MDCK,in vitro,extracellular,bulk
PB1,449,1772,2,180705B_rec_CP1pPCRb_S291,MDCK,in vitro,extracellular,bulk
PB1,452,1826,1,180705B_rec_CP1pPCRb_S291,MDCK,in vitro,extracellular,bulk
PB1,465,1821,1,180705B_rec_CP1pPCRb_S291,MDCK,in vitro,extracellular,bulk
PB1,468,1832,1,180705B_rec_CP1pPCRb_S291,MDCK,in vitro,extracellular,bulk
PB1,478,1872,17,180705B_rec_CP1pPCRb_S291,MDCK,in vitro,extracellular,bulk
PB1,509,1624,13,180705B_rec_CP1pPCRb_S291,MDCK,in vitro,extracellular,bulk
PB1,510,2227,5,180705B_rec_CP1pPCRb_S291,MDCK,in vitro,extracellular,bulk
PB1,514,1896,4,180705B_rec_CP1pPCRb_S291,MDCK,in vitro,extracellular,bulk
PB1,521,1806,1,180705B_rec_CP1pPCRb_S291,MDCK,in vitro,extracellular,bulk
PB1,526,1701,1,180705B_rec_CP1pPCRb_S291,MDCK,in vitro,extracellular,bulk
PB1,528,1685,1,180705B_rec_CP1pPCRb_S291,MDCK,in vitro,extracellular,bulk
PB1,54,2071,1,180705B_rec_CP1pPCRb_S291,MDCK,in vitro,extracellular,bulk
PB1,551,1815,1,180705B_rec_CP1pPCRb_S291,MDCK,in vitro,extracellular,bulk
PB1,552,2087,1,180705B_rec_CP1pPCRb_S291,MDCK,in vitro,extracellular,bulk
PB1,553,1699,1,180705B_rec_CP1pPCRb_S291,MDCK,in vitro,extracellular,bulk
PB1,557,2146,1,180705B_rec_CP1pPCRb_S291,MDCK,in vitro,extracellular,bulk
PB1,55,80,1,180705B_rec_CP1pPCRb_S291,MDCK,in vitro,extracellular,bulk
PB1,561,741,8,180705B_rec_CP1pPCRb_S291,MDCK,in vitro,extracellular,bulk
PB1,562,1864,14,180705B_rec_CP1pPCRb_S291,MDCK,in vitro,extracellular,bulk
PB1,563,617,2,180705B_rec_CP1pPCRb_S291,MDCK,in vitro,extracellular,bulk
PB1,564,1993,1,180705B_rec_CP1pPCRb_S291,MDCK,in vitro,extracellular,bulk
PB1,568,1691,16,180705B_rec_CP1pPCRb_S291,MDCK,in vitro,extracellular,bulk
PB1,573,1831,1,180705B_rec_CP1pPCRb_S291,MDCK,in vitro,extracellular,bulk
PB1,575,1477,1,180705B_rec_CP1pPCRb_S291,MDCK,in vitro,extracellular,bulk
PB1,576,1834,70,180705B_rec_CP1pPCRb_S291,MDCK,in vitro,extracellular,bulk
PB1,578,1876,561,180705B_rec_CP1pPCRb_S291,MDCK,in vitro,extracellular,bulk
PB1,579,1877,1,180705B_rec_CP1pPCRb_S291,MDCK,in vitro,extracellular,bulk
PB1,598,1946,1,180705B_rec_CP1pPCRb_S291,MDCK,in vitro,extracellular,bulk
PB1,610,1628,1,180705B_rec_CP1pPCRb_S291,MDCK,in vitro,extracellular,bulk
PB1,622,1864,1,180705B_rec_CP1pPCRb_S291,MDCK,in vitro,extracellular,bulk
PB1,629,1607,3,180705B_rec_CP1pPCRb_S291,MDCK,in vitro,extracellular,bulk
PB1,630,1645,34,180705B_rec_CP1pPCRb_S291,MDCK,in vitro,extracellular,bulk
PB1,638,1951,1,180705B_rec_CP1pPCRb_S291,MDCK,in vitro,extracellular,bulk
PB1,646,1592,30,180705B_rec_CP1pPCRb_S291,MDCK,in vitro,extracellular,bulk
PB1,65,1980,1,180705B_rec_CP1pPCRb_S291,MDCK,in vitro,extracellular,bulk
PB1,662,1939,3,180705B_rec_CP1pPCRb_S291,MDCK,in vitro,extracellular,bulk
PB1,68,1971,2,180705B_rec_CP1pPCRb_S291,MDCK,in vitro,extracellular,bulk
PB1,713,1581,117,180705B_rec_CP1pPCRb_S291,MDCK,in vitro,extracellular,bulk
PB1,718,2003,1,180705B_rec_CP1pPCRb_S291,MDCK,in vitro,extracellular,bulk
PB1,728,1867,2,180705B_rec_CP1pPCRb_S291,MDCK,in vitro,extracellular,bulk
PB1,740,1808,2,180705B_rec_CP1pPCRb_S291,MDCK,in vitro,extracellular,bulk
PB1,747,1500,1,180705B_rec_CP1pPCRb_S291,MDCK,in vitro,extracellular,bulk
PB1,752,2010,1,180705B_rec_CP1pPCRb_S291,MDCK,in vitro,extracellular,bulk
PB1,782,1544,18,180705B_rec_CP1pPCRb_S291,MDCK,in vitro,extracellular,bulk
PB1,802,2133,5,180705B_rec_CP1pPCRb_S291,MDCK,in vitro,extracellular,bulk
PB1,806,1808,1,180705B_rec_CP1pPCRb_S291,MDCK,in vitro,extracellular,bulk
PB1,807,1457,44,180705B_rec_CP1pPCRb_S291,MDCK,in vitro,extracellular,bulk
PB1,825,2077,1,180705B_rec_CP1pPCRb_S291,MDCK,in vitro,extracellular,bulk
PB1,829,1951,1,180705B_rec_CP1pPCRb_S291,MDCK,in vitro,extracellular,bulk
PB1,84,114,17,180705B_rec_CP1pPCRb_S291,MDCK,in vitro,extracellular,bulk
PB1,893,1363,6,180705B_rec_CP1pPCRb_S291,MDCK,in vitro,extracellular,bulk
PB1,895,1362,1,180705B_rec_CP1pPCRb_S291,MDCK,in vitro,extracellular,bulk
PB1,921,1181,8,180705B_rec_CP1pPCRb_S291,MDCK,in vitro,extracellular,bulk
PB1,939,961,3,180705B_rec_CP1pPCRb_S291,MDCK,in vitro,extracellular,bulk
PB1,945,2165,1,180705B_rec_CP1pPCRb_S291,MDCK,in vitro,extracellular,bulk
PB1,994,1151,12,180705B_rec_CP1pPCRb_S291,MDCK,in vitro,extracellular,bulk
PB1,998,1375,22,180705B_rec_CP1pPCRb_S291,MDCK,in vitro,extracellular,bulk
PA,1115,1157,1,180705B_rec_CP1pPCRb_S291,MDCK,in vitro,extracellular,bulk
PA,1154,1208,4,180705B_rec_CP1pPCRb_S291,MDCK,in vitro,extracellular,bulk
PA,120,147,1,180705B_rec_CP1pPCRb_S291,MDCK,in vitro,extracellular,bulk
PA,1254,1350,1,180705B_rec_CP1pPCRb_S291,MDCK,in vitro,extracellular,bulk
PA,1285,1333,5,180705B_rec_CP1pPCRb_S291,MDCK,in vitro,extracellular,bulk
PA,129,1959,9,180705B_rec_CP1pPCRb_S291,MDCK,in vitro,extracellular,bulk
PA,137,1455,3,180705B_rec_CP1pPCRb_S291,MDCK,in vitro,extracellular,bulk
PA,143,860,2,180705B_rec_CP1pPCRb_S291,MDCK,in vitro,extracellular,bulk
PA,144,237,1,180705B_rec_CP1pPCRb_S291,MDCK,in vitro,extracellular,bulk
PA,146,1937,1,180705B_rec_CP1pPCRb_S291,MDCK,in vitro,extracellular,bulk
PA,1482,1517,1,180705B_rec_CP1pPCRb_S291,MDCK,in vitro,extracellular,bulk
PA,148,1810,2,180705B_rec_CP1pPCRb_S291,MDCK,in vitro,extracellular,bulk
PA,1517,1555,1,180705B_rec_CP1pPCRb_S291,MDCK,in vitro,extracellular,bulk
PA,151,222,1,180705B_rec_CP1pPCRb_S291,MDCK,in vitro,extracellular,bulk
PA,160,1836,9,180705B_rec_CP1pPCRb_S291,MDCK,in vitro,extracellular,bulk
PA,1671,2131,1,180705B_rec_CP1pPCRb_S291,MDCK,in vitro,extracellular,bulk
PA,1706,2084,1,180705B_rec_CP1pPCRb_S291,MDCK,in vitro,extracellular,bulk
PA,171,1951,1,180705B_rec_CP1pPCRb_S291,MDCK,in vitro,extracellular,bulk
PA,171,1964,1,180705B_rec_CP1pPCRb_S291,MDCK,in vitro,extracellular,bulk
PA,1735,2059,1,180705B_rec_CP1pPCRb_S291,MDCK,in vitro,extracellular,bulk
PA,176,1979,4,180705B_rec_CP1pPCRb_S291,MDCK,in vitro,extracellular,bulk
PA,1778,2106,1,180705B_rec_CP1pPCRb_S291,MDCK,in vitro,extracellular,bulk
PA,1864,1953,1,180705B_rec_CP1pPCRb_S291,MDCK,in vitro,extracellular,bulk
PA,1874,1960,35,180705B_rec_CP1pPCRb_S291,MDCK,in vitro,extracellular,bulk
PA,187,1780,1,180705B_rec_CP1pPCRb_S291,MDCK,in vitro,extracellular,bulk
PA,1882,1950,1,180705B_rec_CP1pPCRb_S291,MDCK,in vitro,extracellular,bulk
PA,1887,2026,1,180705B_rec_CP1pPCRb_S291,MDCK,in vitro,extracellular,bulk
PA,188,264,1,180705B_rec_CP1pPCRb_S291,MDCK,in vitro,extracellular,bulk
PA,1892,1977,1,180705B_rec_CP1pPCRb_S291,MDCK,in vitro,extracellular,bulk
PA,1976,2177,1,180705B_rec_CP1pPCRb_S291,MDCK,in vitro,extracellular,bulk
PA,1978,2168,1,180705B_rec_CP1pPCRb_S291,MDCK,in vitro,extracellular,bulk
PA,2025,2141,1,180705B_rec_CP1pPCRb_S291,MDCK,in vitro,extracellular,bulk
PA,203,1885,1,180705B_rec_CP1pPCRb_S291,MDCK,in vitro,extracellular,bulk
PA,207,1945,1,180705B_rec_CP1pPCRb_S291,MDCK,in vitro,extracellular,bulk
PA,212,1949,1,180705B_rec_CP1pPCRb_S291,MDCK,in vitro,extracellular,bulk
PA,213,1866,1,180705B_rec_CP1pPCRb_S291,MDCK,in vitro,extracellular,bulk
PA,216,1691,1,180705B_rec_CP1pPCRb_S291,MDCK,in vitro,extracellular,bulk
PA,219,1936,1,180705B_rec_CP1pPCRb_S291,MDCK,in vitro,extracellular,bulk
PA,228,1710,1,180705B_rec_CP1pPCRb_S291,MDCK,in vitro,extracellular,bulk
PA,234,1937,1,180705B_rec_CP1pPCRb_S291,MDCK,in vitro,extracellular,bulk
PA,239,1936,2,180705B_rec_CP1pPCRb_S291,MDCK,in vitro,extracellular,bulk
PA,245,1974,1,180705B_rec_CP1pPCRb_S291,MDCK,in vitro,extracellular,bulk
PA,248,1825,1,180705B_rec_CP1pPCRb_S291,MDCK,in vitro,extracellular,bulk
PA,258,1937,1,180705B_rec_CP1pPCRb_S291,MDCK,in vitro,extracellular,bulk
PA,260,1815,1,180705B_rec_CP1pPCRb_S291,MDCK,in vitro,extracellular,bulk
PA,261,1887,7,180705B_rec_CP1pPCRb_S291,MDCK,in vitro,extracellular,bulk
PA,264,1804,1,180705B_rec_CP1pPCRb_S291,MDCK,in vitro,extracellular,bulk
PA,269,1509,1,180705B_rec_CP1pPCRb_S291,MDCK,in vitro,extracellular,bulk
PA,270,1549,1,180705B_rec_CP1pPCRb_S291,MDCK,in vitro,extracellular,bulk
PA,283,2043,1,180705B_rec_CP1pPCRb_S291,MDCK,in vitro,extracellular,bulk
PA,287,1877,2,180705B_rec_CP1pPCRb_S291,MDCK,in vitro,extracellular,bulk
PA,289,2055,1,180705B_rec_CP1pPCRb_S291,MDCK,in vitro,extracellular,bulk
PA,291,2048,1,180705B_rec_CP1pPCRb_S291,MDCK,in vitro,extracellular,bulk
PA,292,1938,1,180705B_rec_CP1pPCRb_S291,MDCK,in vitro,extracellular,bulk
PA,297,1945,1,180705B_rec_CP1pPCRb_S291,MDCK,in vitro,extracellular,bulk
PA,301,1608,1,180705B_rec_CP1pPCRb_S291,MDCK,in vitro,extracellular,bulk
PA,305,1973,1,180705B_rec_CP1pPCRb_S291,MDCK,in vitro,extracellular,bulk
PA,309,2198,1,180705B_rec_CP1pPCRb_S291,MDCK,in vitro,extracellular,bulk
PA,311,1870,3,180705B_rec_CP1pPCRb_S291,MDCK,in vitro,extracellular,bulk
PA,312,1780,1,180705B_rec_CP1pPCRb_S291,MDCK,in vitro,extracellular,bulk
PA,312,1871,1816,180705B_rec_CP1pPCRb_S291,MDCK,in vitro,extracellular,bulk
PA,313,1872,9,180705B_rec_CP1pPCRb_S291,MDCK,in vitro,extracellular,bulk
PA,313,1873,1,180705B_rec_CP1pPCRb_S291,MDCK,in vitro,extracellular,bulk
PA,316,1863,1,180705B_rec_CP1pPCRb_S291,MDCK,in vitro,extracellular,bulk
PA,318,1814,1,180705B_rec_CP1pPCRb_S291,MDCK,in vitro,extracellular,bulk
PA,322,1411,2,180705B_rec_CP1pPCRb_S291,MDCK,in vitro,extracellular,bulk
PA,341,470,1,180705B_rec_CP1pPCRb_S291,MDCK,in vitro,extracellular,bulk
PA,352,1999,3,180705B_rec_CP1pPCRb_S291,MDCK,in vitro,extracellular,bulk
PA,353,1797,1,180705B_rec_CP1pPCRb_S291,MDCK,in vitro,extracellular,bulk
PA,353,1937,2,180705B_rec_CP1pPCRb_S291,MDCK,in vitro,extracellular,bulk
PA,355,1669,2,180705B_rec_CP1pPCRb_S291,MDCK,in vitro,extracellular,bulk
PA,357,1482,1,180705B_rec_CP1pPCRb_S291,MDCK,in vitro,extracellular,bulk
PA,357,411,1,180705B_rec_CP1pPCRb_S291,MDCK,in vitro,extracellular,bulk
PA,359,1832,1,180705B_rec_CP1pPCRb_S291,MDCK,in vitro,extracellular,bulk
PA,362,1869,1,180705B_rec_CP1pPCRb_S291,MDCK,in vitro,extracellular,bulk
PA,366,1774,1,180705B_rec_CP1pPCRb_S291,MDCK,in vitro,extracellular,bulk
PA,367,412,2,180705B_rec_CP1pPCRb_S291,MDCK,in vitro,extracellular,bulk
PA,367,452,1,180705B_rec_CP1pPCRb_S291,MDCK,in vitro,extracellular,bulk
PA,370,1716,1,180705B_rec_CP1pPCRb_S291,MDCK,in vitro,extracellular,bulk
PA,374,1774,1,180705B_rec_CP1pPCRb_S291,MDCK,in vitro,extracellular,bulk
PA,376,1873,1,180705B_rec_CP1pPCRb_S291,MDCK,in vitro,extracellular,bulk
PA,380,1882,1,180705B_rec_CP1pPCRb_S291,MDCK,in vitro,extracellular,bulk
PA,381,1883,822,180705B_rec_CP1pPCRb_S291,MDCK,in vitro,extracellular,bulk
PA,382,1884,1,180705B_rec_CP1pPCRb_S291,MDCK,in vitro,extracellular,bulk
PA,385,1705,1,180705B_rec_CP1pPCRb_S291,MDCK,in vitro,extracellular,bulk
PA,386,1710,578,180705B_rec_CP1pPCRb_S291,MDCK,in vitro,extracellular,bulk
PA,387,1711,1,180705B_rec_CP1pPCRb_S291,MDCK,in vitro,extracellular,bulk
PA,389,1598,1,180705B_rec_CP1pPCRb_S291,MDCK,in vitro,extracellular,bulk
PA,390,1716,1,180705B_rec_CP1pPCRb_S291,MDCK,in vitro,extracellular,bulk
PA,398,1504,1,180705B_rec_CP1pPCRb_S291,MDCK,in vitro,extracellular,bulk
PA,399,1665,1,180705B_rec_CP1pPCRb_S291,MDCK,in vitro,extracellular,bulk
PA,399,1838,1,180705B_rec_CP1pPCRb_S291,MDCK,in vitro,extracellular,bulk
PA,405,1622,1,180705B_rec_CP1pPCRb_S291,MDCK,in vitro,extracellular,bulk
PA,411,1868,1,180705B_rec_CP1pPCRb_S291,MDCK,in vitro,extracellular,bulk
PA,413,1604,231,180705B_rec_CP1pPCRb_S291,MDCK,in vitro,extracellular,bulk
PA,413,1844,1,180705B_rec_CP1pPCRb_S291,MDCK,in vitro,extracellular,bulk
PA,423,2056,2,180705B_rec_CP1pPCRb_S291,MDCK,in vitro,extracellular,bulk
PA,427,1709,2,180705B_rec_CP1pPCRb_S291,MDCK,in vitro,extracellular,bulk
PA,430,1772,1,180705B_rec_CP1pPCRb_S291,MDCK,in vitro,extracellular,bulk
PA,433,1799,4,180705B_rec_CP1pPCRb_S291,MDCK,in vitro,extracellular,bulk
PA,437,1749,1,180705B_rec_CP1pPCRb_S291,MDCK,in vitro,extracellular,bulk
PA,445,2053,1,180705B_rec_CP1pPCRb_S291,MDCK,in vitro,extracellular,bulk
PA,450,1697,1,180705B_rec_CP1pPCRb_S291,MDCK,in vitro,extracellular,bulk
PA,451,1623,3,180705B_rec_CP1pPCRb_S291,MDCK,in vitro,extracellular,bulk
PA,460,1444,10,180705B_rec_CP1pPCRb_S291,MDCK,in vitro,extracellular,bulk
PA,475,1675,225,180705B_rec_CP1pPCRb_S291,MDCK,in vitro,extracellular,bulk
PA,476,1365,1,180705B_rec_CP1pPCRb_S291,MDCK,in vitro,extracellular,bulk
PA,492,1621,5,180705B_rec_CP1pPCRb_S291,MDCK,in vitro,extracellular,bulk
PA,499,1460,1,180705B_rec_CP1pPCRb_S291,MDCK,in vitro,extracellular,bulk
PA,501,1704,1,180705B_rec_CP1pPCRb_S291,MDCK,in vitro,extracellular,bulk
PA,504,1797,1,180705B_rec_CP1pPCRb_S291,MDCK,in vitro,extracellular,bulk
PA,520,1817,1,180705B_rec_CP1pPCRb_S291,MDCK,in vitro,extracellular,bulk
PA,520,2090,4,180705B_rec_CP1pPCRb_S291,MDCK,in vitro,extracellular,bulk
PA,524,1489,1,180705B_rec_CP1pPCRb_S291,MDCK,in vitro,extracellular,bulk
PA,532,2083,3,180705B_rec_CP1pPCRb_S291,MDCK,in vitro,extracellular,bulk
PA,534,1583,6,180705B_rec_CP1pPCRb_S291,MDCK,in vitro,extracellular,bulk
PA,538,1748,1,180705B_rec_CP1pPCRb_S291,MDCK,in vitro,extracellular,bulk
PA,539,1403,2,180705B_rec_CP1pPCRb_S291,MDCK,in vitro,extracellular,bulk
PA,553,1431,1,180705B_rec_CP1pPCRb_S291,MDCK,in vitro,extracellular,bulk
PA,554,1450,161,180705B_rec_CP1pPCRb_S291,MDCK,in vitro,extracellular,bulk
PA,555,1709,97,180705B_rec_CP1pPCRb_S291,MDCK,in vitro,extracellular,bulk
PA,557,1710,1,180705B_rec_CP1pPCRb_S291,MDCK,in vitro,extracellular,bulk
PA,571,1756,1,180705B_rec_CP1pPCRb_S291,MDCK,in vitro,extracellular,bulk
PA,581,1373,3,180705B_rec_CP1pPCRb_S291,MDCK,in vitro,extracellular,bulk
PA,583,1452,1,180705B_rec_CP1pPCRb_S291,MDCK,in vitro,extracellular,bulk
PA,587,1829,1,180705B_rec_CP1pPCRb_S291,MDCK,in vitro,extracellular,bulk
PA,595,1408,136,180705B_rec_CP1pPCRb_S291,MDCK,in vitro,extracellular,bulk
PA,595,2120,1,180705B_rec_CP1pPCRb_S291,MDCK,in vitro,extracellular,bulk
PA,604,1121,1,180705B_rec_CP1pPCRb_S291,MDCK,in vitro,extracellular,bulk
PA,610,1395,4,180705B_rec_CP1pPCRb_S291,MDCK,in vitro,extracellular,bulk
PA,629,2097,2,180705B_rec_CP1pPCRb_S291,MDCK,in vitro,extracellular,bulk
PA,630,1333,1,180705B_rec_CP1pPCRb_S291,MDCK,in vitro,extracellular,bulk
PA,642,1197,2,180705B_rec_CP1pPCRb_S291,MDCK,in vitro,extracellular,bulk
PA,643,1865,1,180705B_rec_CP1pPCRb_S291,MDCK,in vitro,extracellular,bulk
PA,655,1402,1,180705B_rec_CP1pPCRb_S291,MDCK,in vitro,extracellular,bulk
PA,655,1460,20,180705B_rec_CP1pPCRb_S291,MDCK,in vitro,extracellular,bulk
PA,707,1159,2,180705B_rec_CP1pPCRb_S291,MDCK,in vitro,extracellular,bulk
PA,746,2083,1,180705B_rec_CP1pPCRb_S291,MDCK,in vitro,extracellular,bulk
PA,750,777,1,180705B_rec_CP1pPCRb_S291,MDCK,in vitro,extracellular,bulk
PA,763,1634,21,180705B_rec_CP1pPCRb_S291,MDCK,in vitro,extracellular,bulk
PA,771,1635,1,180705B_rec_CP1pPCRb_S291,MDCK,in vitro,extracellular,bulk
PA,776,1400,1,180705B_rec_CP1pPCRb_S291,MDCK,in vitro,extracellular,bulk
PA,777,2215,1,180705B_rec_CP1pPCRb_S291,MDCK,in vitro,extracellular,bulk
PA,783,1644,1,180705B_rec_CP1pPCRb_S291,MDCK,in vitro,extracellular,bulk
PA,784,1488,1,180705B_rec_CP1pPCRb_S291,MDCK,in vitro,extracellular,bulk
PA,799,1334,1,180705B_rec_CP1pPCRb_S291,MDCK,in vitro,extracellular,bulk
PA,800,1626,1,180705B_rec_CP1pPCRb_S291,MDCK,in vitro,extracellular,bulk
PA,803,2068,2,180705B_rec_CP1pPCRb_S291,MDCK,in vitro,extracellular,bulk
PA,817,943,1,180705B_rec_CP1pPCRb_S291,MDCK,in vitro,extracellular,bulk
PA,84,2027,306,180705B_rec_CP1pPCRb_S291,MDCK,in vitro,extracellular,bulk
PA,881,977,1,180705B_rec_CP1pPCRb_S291,MDCK,in vitro,extracellular,bulk
PA,886,2106,1,180705B_rec_CP1pPCRb_S291,MDCK,in vitro,extracellular,bulk
PA,905,1080,2,180705B_rec_CP1pPCRb_S291,MDCK,in vitro,extracellular,bulk
PA,905,2100,2,180705B_rec_CP1pPCRb_S291,MDCK,in vitro,extracellular,bulk
PA,91,2030,2,180705B_rec_CP1pPCRb_S291,MDCK,in vitro,extracellular,bulk
PA,930,1667,1,180705B_rec_CP1pPCRb_S291,MDCK,in vitro,extracellular,bulk
PA,948,1189,1,180705B_rec_CP1pPCRb_S291,MDCK,in vitro,extracellular,bulk
PA,980,1955,2,180705B_rec_CP1pPCRb_S291,MDCK,in vitro,extracellular,bulk
HA,1005,1105,1,180705B_rec_CP1pPCRb_S291,MDCK,in vitro,extracellular,bulk
HA,1042,1206,4,180705B_rec_CP1pPCRb_S291,MDCK,in vitro,extracellular,bulk
HA,127,1485,1,180705B_rec_CP1pPCRb_S291,MDCK,in vitro,extracellular,bulk
HA,1283,1353,1,180705B_rec_CP1pPCRb_S291,MDCK,in vitro,extracellular,bulk
HA,1284,1354,14,180705B_rec_CP1pPCRb_S291,MDCK,in vitro,extracellular,bulk
HA,1623,1689,1,180705B_rec_CP1pPCRb_S291,MDCK,in vitro,extracellular,bulk
HA,172,683,2,180705B_rec_CP1pPCRb_S291,MDCK,in vitro,extracellular,bulk
HA,190,704,1,180705B_rec_CP1pPCRb_S291,MDCK,in vitro,extracellular,bulk
HA,212,1365,2,180705B_rec_CP1pPCRb_S291,MDCK,in vitro,extracellular,bulk
HA,234,1467,1,180705B_rec_CP1pPCRb_S291,MDCK,in vitro,extracellular,bulk
HA,249,684,2,180705B_rec_CP1pPCRb_S291,MDCK,in vitro,extracellular,bulk
HA,355,1359,1,180705B_rec_CP1pPCRb_S291,MDCK,in vitro,extracellular,bulk
HA,417,1255,1,180705B_rec_CP1pPCRb_S291,MDCK,in vitro,extracellular,bulk
HA,432,1137,1,180705B_rec_CP1pPCRb_S291,MDCK,in vitro,extracellular,bulk
HA,442,1006,1,180705B_rec_CP1pPCRb_S291,MDCK,in vitro,extracellular,bulk
HA,457,504,1,180705B_rec_CP1pPCRb_S291,MDCK,in vitro,extracellular,bulk
HA,492,1158,1,180705B_rec_CP1pPCRb_S291,MDCK,in vitro,extracellular,bulk
HA,535,566,1,180705B_rec_CP1pPCRb_S291,MDCK,in vitro,extracellular,bulk
HA,541,1353,1,180705B_rec_CP1pPCRb_S291,MDCK,in vitro,extracellular,bulk
HA,547,794,1,180705B_rec_CP1pPCRb_S291,MDCK,in vitro,extracellular,bulk
HA,551,712,1,180705B_rec_CP1pPCRb_S291,MDCK,in vitro,extracellular,bulk
HA,563,1084,1,180705B_rec_CP1pPCRb_S291,MDCK,in vitro,extracellular,bulk
HA,564,853,1,180705B_rec_CP1pPCRb_S291,MDCK,in vitro,extracellular,bulk
HA,570,1439,2,180705B_rec_CP1pPCRb_S291,MDCK,in vitro,extracellular,bulk
HA,593,1576,1,180705B_rec_CP1pPCRb_S291,MDCK,in vitro,extracellular,bulk
HA,594,1426,1,180705B_rec_CP1pPCRb_S291,MDCK,in vitro,extracellular,bulk
HA,594,1514,1,180705B_rec_CP1pPCRb_S291,MDCK,in vitro,extracellular,bulk
HA,647,832,1,180705B_rec_CP1pPCRb_S291,MDCK,in vitro,extracellular,bulk
HA,667,1513,1,180705B_rec_CP1pPCRb_S291,MDCK,in vitro,extracellular,bulk
HA,672,844,1,180705B_rec_CP1pPCRb_S291,MDCK,in vitro,extracellular,bulk
HA,698,1119,17,180705B_rec_CP1pPCRb_S291,MDCK,in vitro,extracellular,bulk
HA,698,747,1,180705B_rec_CP1pPCRb_S291,MDCK,in vitro,extracellular,bulk
HA,704,1120,1,180705B_rec_CP1pPCRb_S291,MDCK,in vitro,extracellular,bulk
HA,705,1204,2,180705B_rec_CP1pPCRb_S291,MDCK,in vitro,extracellular,bulk
HA,706,1007,3,180705B_rec_CP1pPCRb_S291,MDCK,in vitro,extracellular,bulk
HA,718,792,1,180705B_rec_CP1pPCRb_S291,MDCK,in vitro,extracellular,bulk
HA,775,1332,1,180705B_rec_CP1pPCRb_S291,MDCK,in vitro,extracellular,bulk
HA,780,830,1,180705B_rec_CP1pPCRb_S291,MDCK,in vitro,extracellular,bulk
HA,788,863,25,180705B_rec_CP1pPCRb_S291,MDCK,in vitro,extracellular,bulk
HA,78,704,2,180705B_rec_CP1pPCRb_S291,MDCK,in vitro,extracellular,bulk
HA,796,918,1,180705B_rec_CP1pPCRb_S291,MDCK,in vitro,extracellular,bulk
HA,948,1680,1,180705B_rec_CP1pPCRb_S291,MDCK,in vitro,extracellular,bulk
NP,1057,1083,1,180705B_rec_CP1pPCRb_S291,MDCK,in vitro,extracellular,bulk
NP,1102,1224,1,180705B_rec_CP1pPCRb_S291,MDCK,in vitro,extracellular,bulk
NP,114,650,1,180705B_rec_CP1pPCRb_S291,MDCK,in vitro,extracellular,bulk
NP,1161,1226,1,180705B_rec_CP1pPCRb_S291,MDCK,in vitro,extracellular,bulk
NP,1209,1343,1,180705B_rec_CP1pPCRb_S291,MDCK,in vitro,extracellular,bulk
NP,1298,1360,4,180705B_rec_CP1pPCRb_S291,MDCK,in vitro,extracellular,bulk
NP,1309,1343,4,180705B_rec_CP1pPCRb_S291,MDCK,in vitro,extracellular,bulk
NP,131,176,1,180705B_rec_CP1pPCRb_S291,MDCK,in vitro,extracellular,bulk
NP,1367,1491,3,180705B_rec_CP1pPCRb_S291,MDCK,in vitro,extracellular,bulk
NP,1371,1407,2,180705B_rec_CP1pPCRb_S291,MDCK,in vitro,extracellular,bulk
NP,1384,1458,1,180705B_rec_CP1pPCRb_S291,MDCK,in vitro,extracellular,bulk
NP,144,1287,46,180705B_rec_CP1pPCRb_S291,MDCK,in vitro,extracellular,bulk
NP,151,1393,1,180705B_rec_CP1pPCRb_S291,MDCK,in vitro,extracellular,bulk
NP,164,283,1,180705B_rec_CP1pPCRb_S291,MDCK,in vitro,extracellular,bulk
NP,243,479,1,180705B_rec_CP1pPCRb_S291,MDCK,in vitro,extracellular,bulk
NP,252,1253,1,180705B_rec_CP1pPCRb_S291,MDCK,in vitro,extracellular,bulk
NP,267,849,1,180705B_rec_CP1pPCRb_S291,MDCK,in vitro,extracellular,bulk
NP,285,1235,1,180705B_rec_CP1pPCRb_S291,MDCK,in vitro,extracellular,bulk
NP,292,1359,4,180705B_rec_CP1pPCRb_S291,MDCK,in vitro,extracellular,bulk
NP,296,531,1,180705B_rec_CP1pPCRb_S291,MDCK,in vitro,extracellular,bulk
NP,326,670,1,180705B_rec_CP1pPCRb_S291,MDCK,in vitro,extracellular,bulk
NP,356,1397,1,180705B_rec_CP1pPCRb_S291,MDCK,in vitro,extracellular,bulk
NP,363,1354,1,180705B_rec_CP1pPCRb_S291,MDCK,in vitro,extracellular,bulk
NP,394,420,1,180705B_rec_CP1pPCRb_S291,MDCK,in vitro,extracellular,bulk
NP,405,1338,1,180705B_rec_CP1pPCRb_S291,MDCK,in vitro,extracellular,bulk
NP,434,486,4,180705B_rec_CP1pPCRb_S291,MDCK,in vitro,extracellular,bulk
NP,437,1326,3,180705B_rec_CP1pPCRb_S291,MDCK,in vitro,extracellular,bulk
NP,439,1328,11,180705B_rec_CP1pPCRb_S291,MDCK,in vitro,extracellular,bulk
NP,440,1338,13,180705B_rec_CP1pPCRb_S291,MDCK,in vitro,extracellular,bulk
NP,445,1388,1,180705B_rec_CP1pPCRb_S291,MDCK,in vitro,extracellular,bulk
NP,450,1335,1,180705B_rec_CP1pPCRb_S291,MDCK,in vitro,extracellular,bulk
NP,454,1210,1,180705B_rec_CP1pPCRb_S291,MDCK,in vitro,extracellular,bulk
NP,456,1390,1,180705B_rec_CP1pPCRb_S291,MDCK,in vitro,extracellular,bulk
NP,456,1412,1,180705B_rec_CP1pPCRb_S291,MDCK,in vitro,extracellular,bulk
NP,456,482,1,180705B_rec_CP1pPCRb_S291,MDCK,in vitro,extracellular,bulk
NP,462,1338,1,180705B_rec_CP1pPCRb_S291,MDCK,in vitro,extracellular,bulk
NP,464,1327,1,180705B_rec_CP1pPCRb_S291,MDCK,in vitro,extracellular,bulk
NP,481,1390,9,180705B_rec_CP1pPCRb_S291,MDCK,in vitro,extracellular,bulk
NP,481,1412,1,180705B_rec_CP1pPCRb_S291,MDCK,in vitro,extracellular,bulk
NP,481,1499,1,180705B_rec_CP1pPCRb_S291,MDCK,in vitro,extracellular,bulk
NP,481,619,1,180705B_rec_CP1pPCRb_S291,MDCK,in vitro,extracellular,bulk
NP,483,549,3,180705B_rec_CP1pPCRb_S291,MDCK,in vitro,extracellular,bulk
NP,484,1400,17,180705B_rec_CP1pPCRb_S291,MDCK,in vitro,extracellular,bulk
NP,491,1315,1,180705B_rec_CP1pPCRb_S291,MDCK,in vitro,extracellular,bulk
NP,493,1407,1,180705B_rec_CP1pPCRb_S291,MDCK,in vitro,extracellular,bulk
NP,495,1349,1,180705B_rec_CP1pPCRb_S291,MDCK,in vitro,extracellular,bulk
NP,496,1530,1,180705B_rec_CP1pPCRb_S291,MDCK,in vitro,extracellular,bulk
NP,497,1371,1,180705B_rec_CP1pPCRb_S291,MDCK,in vitro,extracellular,bulk
NP,500,693,1,180705B_rec_CP1pPCRb_S291,MDCK,in vitro,extracellular,bulk
NP,523,1325,1,180705B_rec_CP1pPCRb_S291,MDCK,in vitro,extracellular,bulk
NP,524,1161,1,180705B_rec_CP1pPCRb_S291,MDCK,in vitro,extracellular,bulk
NP,525,1038,1,180705B_rec_CP1pPCRb_S291,MDCK,in vitro,extracellular,bulk
NP,526,656,2,180705B_rec_CP1pPCRb_S291,MDCK,in vitro,extracellular,bulk
NP,527,583,3,180705B_rec_CP1pPCRb_S291,MDCK,in vitro,extracellular,bulk
NP,536,1035,1,180705B_rec_CP1pPCRb_S291,MDCK,in vitro,extracellular,bulk
NP,536,1414,3,180705B_rec_CP1pPCRb_S291,MDCK,in vitro,extracellular,bulk
NP,538,799,1,180705B_rec_CP1pPCRb_S291,MDCK,in vitro,extracellular,bulk
NP,539,1383,1,180705B_rec_CP1pPCRb_S291,MDCK,in vitro,extracellular,bulk
NP,541,862,1,180705B_rec_CP1pPCRb_S291,MDCK,in vitro,extracellular,bulk
NP,553,628,8,180705B_rec_CP1pPCRb_S291,MDCK,in vitro,extracellular,bulk
NP,566,857,1,180705B_rec_CP1pPCRb_S291,MDCK,in vitro,extracellular,bulk
NP,582,819,30,180705B_rec_CP1pPCRb_S291,MDCK,in vitro,extracellular,bulk
NP,622,1172,1,180705B_rec_CP1pPCRb_S291,MDCK,in vitro,extracellular,bulk
NP,622,822,1,180705B_rec_CP1pPCRb_S291,MDCK,in vitro,extracellular,bulk
NP,670,1228,1,180705B_rec_CP1pPCRb_S291,MDCK,in vitro,extracellular,bulk
NP,680,1325,1,180705B_rec_CP1pPCRb_S291,MDCK,in vitro,extracellular,bulk
NP,687,1163,1,180705B_rec_CP1pPCRb_S291,MDCK,in vitro,extracellular,bulk
NP,690,1357,1,180705B_rec_CP1pPCRb_S291,MDCK,in vitro,extracellular,bulk
NP,716,1400,1,180705B_rec_CP1pPCRb_S291,MDCK,in vitro,extracellular,bulk
NP,745,1337,1,180705B_rec_CP1pPCRb_S291,MDCK,in vitro,extracellular,bulk
NP,760,1325,3,180705B_rec_CP1pPCRb_S291,MDCK,in vitro,extracellular,bulk
NP,762,1033,1,180705B_rec_CP1pPCRb_S291,MDCK,in vitro,extracellular,bulk
NP,763,1325,1,180705B_rec_CP1pPCRb_S291,MDCK,in vitro,extracellular,bulk
NP,765,819,2,180705B_rec_CP1pPCRb_S291,MDCK,in vitro,extracellular,bulk
NP,766,894,2,180705B_rec_CP1pPCRb_S291,MDCK,in vitro,extracellular,bulk
NP,775,848,1,180705B_rec_CP1pPCRb_S291,MDCK,in vitro,extracellular,bulk
NP,777,848,2,180705B_rec_CP1pPCRb_S291,MDCK,in vitro,extracellular,bulk
NP,779,848,1,180705B_rec_CP1pPCRb_S291,MDCK,in vitro,extracellular,bulk
NP,780,840,1,180705B_rec_CP1pPCRb_S291,MDCK,in vitro,extracellular,bulk
NP,787,831,1,180705B_rec_CP1pPCRb_S291,MDCK,in vitro,extracellular,bulk
NP,791,1424,1,180705B_rec_CP1pPCRb_S291,MDCK,in vitro,extracellular,bulk
NP,793,1171,1,180705B_rec_CP1pPCRb_S291,MDCK,in vitro,extracellular,bulk
NP,831,1417,1,180705B_rec_CP1pPCRb_S291,MDCK,in vitro,extracellular,bulk
NP,846,1007,1,180705B_rec_CP1pPCRb_S291,MDCK,in vitro,extracellular,bulk
NP,86,151,1,180705B_rec_CP1pPCRb_S291,MDCK,in vitro,extracellular,bulk
NP,885,1035,1,180705B_rec_CP1pPCRb_S291,MDCK,in vitro,extracellular,bulk
NP,890,1325,1,180705B_rec_CP1pPCRb_S291,MDCK,in vitro,extracellular,bulk
NP,90,1165,1,180705B_rec_CP1pPCRb_S291,MDCK,in vitro,extracellular,bulk
NP,930,1094,1,180705B_rec_CP1pPCRb_S291,MDCK,in vitro,extracellular,bulk
NP,930,1115,1,180705B_rec_CP1pPCRb_S291,MDCK,in vitro,extracellular,bulk
NP,967,1146,1,180705B_rec_CP1pPCRb_S291,MDCK,in vitro,extracellular,bulk
NP,968,1085,1,180705B_rec_CP1pPCRb_S291,MDCK,in vitro,extracellular,bulk
NP,96,151,1,180705B_rec_CP1pPCRb_S291,MDCK,in vitro,extracellular,bulk
NA,1117,1255,1,180705B_rec_CP1pPCRb_S291,MDCK,in vitro,extracellular,bulk
NA,1123,1166,3,180705B_rec_CP1pPCRb_S291,MDCK,in vitro,extracellular,bulk
NA,113,213,1,180705B_rec_CP1pPCRb_S291,MDCK,in vitro,extracellular,bulk
NA,1140,1228,3,180705B_rec_CP1pPCRb_S291,MDCK,in vitro,extracellular,bulk
NA,1158,1225,1,180705B_rec_CP1pPCRb_S291,MDCK,in vitro,extracellular,bulk
NA,1217,1288,1,180705B_rec_CP1pPCRb_S291,MDCK,in vitro,extracellular,bulk
NA,121,152,2,180705B_rec_CP1pPCRb_S291,MDCK,in vitro,extracellular,bulk
NA,194,960,70,180705B_rec_CP1pPCRb_S291,MDCK,in vitro,extracellular,bulk
NA,200,993,1,180705B_rec_CP1pPCRb_S291,MDCK,in vitro,extracellular,bulk
NA,251,983,1,180705B_rec_CP1pPCRb_S291,MDCK,in vitro,extracellular,bulk
NA,257,841,1,180705B_rec_CP1pPCRb_S291,MDCK,in vitro,extracellular,bulk
NA,269,879,3,180705B_rec_CP1pPCRb_S291,MDCK,in vitro,extracellular,bulk
NA,275,849,2,180705B_rec_CP1pPCRb_S291,MDCK,in vitro,extracellular,bulk
NA,277,1003,17,180705B_rec_CP1pPCRb_S291,MDCK,in vitro,extracellular,bulk
NA,302,1074,1,180705B_rec_CP1pPCRb_S291,MDCK,in vitro,extracellular,bulk
NA,302,983,1,180705B_rec_CP1pPCRb_S291,MDCK,in vitro,extracellular,bulk
NA,344,1043,1,180705B_rec_CP1pPCRb_S291,MDCK,in vitro,extracellular,bulk
NA,345,956,124,180705B_rec_CP1pPCRb_S291,MDCK,in vitro,extracellular,bulk
NA,346,951,134,180705B_rec_CP1pPCRb_S291,MDCK,in vitro,extracellular,bulk
NA,355,966,1,180705B_rec_CP1pPCRb_S291,MDCK,in vitro,extracellular,bulk
NA,369,977,1,180705B_rec_CP1pPCRb_S291,MDCK,in vitro,extracellular,bulk
NA,381,491,1,180705B_rec_CP1pPCRb_S291,MDCK,in vitro,extracellular,bulk
NA,398,1068,2,180705B_rec_CP1pPCRb_S291,MDCK,in vitro,extracellular,bulk
NA,409,491,1,180705B_rec_CP1pPCRb_S291,MDCK,in vitro,extracellular,bulk
NA,413,756,1,180705B_rec_CP1pPCRb_S291,MDCK,in vitro,extracellular,bulk
NA,424,1057,2,180705B_rec_CP1pPCRb_S291,MDCK,in vitro,extracellular,bulk
NA,427,1117,2,180705B_rec_CP1pPCRb_S291,MDCK,in vitro,extracellular,bulk
NA,436,1095,1,180705B_rec_CP1pPCRb_S291,MDCK,in vitro,extracellular,bulk
NA,440,1015,1,180705B_rec_CP1pPCRb_S291,MDCK,in vitro,extracellular,bulk
NA,450,1088,1,180705B_rec_CP1pPCRb_S291,MDCK,in vitro,extracellular,bulk
NA,450,1118,1,180705B_rec_CP1pPCRb_S291,MDCK,in vitro,extracellular,bulk
NA,456,982,1,180705B_rec_CP1pPCRb_S291,MDCK,in vitro,extracellular,bulk
NA,495,1087,1,180705B_rec_CP1pPCRb_S291,MDCK,in vitro,extracellular,bulk
NA,538,971,1,180705B_rec_CP1pPCRb_S291,MDCK,in vitro,extracellular,bulk
NA,571,1093,1,180705B_rec_CP1pPCRb_S291,MDCK,in vitro,extracellular,bulk
NA,577,1001,1,180705B_rec_CP1pPCRb_S291,MDCK,in vitro,extracellular,bulk
NA,629,837,3,180705B_rec_CP1pPCRb_S291,MDCK,in vitro,extracellular,bulk
NA,682,1195,1,180705B_rec_CP1pPCRb_S291,MDCK,in vitro,extracellular,bulk
NA,686,721,1,180705B_rec_CP1pPCRb_S291,MDCK,in vitro,extracellular,bulk
NA,705,997,6,180705B_rec_CP1pPCRb_S291,MDCK,in vitro,extracellular,bulk
NA,709,983,2,180705B_rec_CP1pPCRb_S291,MDCK,in vitro,extracellular,bulk
NA,710,958,1,180705B_rec_CP1pPCRb_S291,MDCK,in vitro,extracellular,bulk
NA,713,986,1,180705B_rec_CP1pPCRb_S291,MDCK,in vitro,extracellular,bulk
NA,716,839,3,180705B_rec_CP1pPCRb_S291,MDCK,in vitro,extracellular,bulk
NA,717,1112,1,180705B_rec_CP1pPCRb_S291,MDCK,in vitro,extracellular,bulk
NA,717,997,3,180705B_rec_CP1pPCRb_S291,MDCK,in vitro,extracellular,bulk
NA,722,1241,2,180705B_rec_CP1pPCRb_S291,MDCK,in vitro,extracellular,bulk
NA,733,771,8,180705B_rec_CP1pPCRb_S291,MDCK,in vitro,extracellular,bulk
NA,784,927,1,180705B_rec_CP1pPCRb_S291,MDCK,in vitro,extracellular,bulk
NA,855,946,2,180705B_rec_CP1pPCRb_S291,MDCK,in vitro,extracellular,bulk
NA,861,972,3,180705B_rec_CP1pPCRb_S291,MDCK,in vitro,extracellular,bulk
NA,865,941,1,180705B_rec_CP1pPCRb_S291,MDCK,in vitro,extracellular,bulk
NA,870,1327,5,180705B_rec_CP1pPCRb_S291,MDCK,in vitro,extracellular,bulk
NA,880,964,1,180705B_rec_CP1pPCRb_S291,MDCK,in vitro,extracellular,bulk
NA,882,1083,1,180705B_rec_CP1pPCRb_S291,MDCK,in vitro,extracellular,bulk
NA,887,1308,1,180705B_rec_CP1pPCRb_S291,MDCK,in vitro,extracellular,bulk
NA,917,1110,1,180705B_rec_CP1pPCRb_S291,MDCK,in vitro,extracellular,bulk
NA,918,1049,4,180705B_rec_CP1pPCRb_S291,MDCK,in vitro,extracellular,bulk
NA,964,1113,2,180705B_rec_CP1pPCRb_S291,MDCK,in vitro,extracellular,bulk
M,121,853,1,180705B_rec_CP1pPCRb_S291,MDCK,in vitro,extracellular,bulk
M,126,741,1,180705B_rec_CP1pPCRb_S291,MDCK,in vitro,extracellular,bulk
M,146,198,1,180705B_rec_CP1pPCRb_S291,MDCK,in vitro,extracellular,bulk
M,150,568,2,180705B_rec_CP1pPCRb_S291,MDCK,in vitro,extracellular,bulk
M,153,512,1,180705B_rec_CP1pPCRb_S291,MDCK,in vitro,extracellular,bulk
M,172,553,1,180705B_rec_CP1pPCRb_S291,MDCK,in vitro,extracellular,bulk
M,179,538,2,180705B_rec_CP1pPCRb_S291,MDCK,in vitro,extracellular,bulk
M,230,765,1,180705B_rec_CP1pPCRb_S291,MDCK,in vitro,extracellular,bulk
M,239,618,1,180705B_rec_CP1pPCRb_S291,MDCK,in vitro,extracellular,bulk
M,243,434,1,180705B_rec_CP1pPCRb_S291,MDCK,in vitro,extracellular,bulk
M,249,530,1,180705B_rec_CP1pPCRb_S291,MDCK,in vitro,extracellular,bulk
M,250,767,1,180705B_rec_CP1pPCRb_S291,MDCK,in vitro,extracellular,bulk
M,255,328,1,180705B_rec_CP1pPCRb_S291,MDCK,in vitro,extracellular,bulk
M,257,298,4,180705B_rec_CP1pPCRb_S291,MDCK,in vitro,extracellular,bulk
M,260,326,1,180705B_rec_CP1pPCRb_S291,MDCK,in vitro,extracellular,bulk
M,313,598,1,180705B_rec_CP1pPCRb_S291,MDCK,in vitro,extracellular,bulk
M,321,712,1,180705B_rec_CP1pPCRb_S291,MDCK,in vitro,extracellular,bulk
M,358,428,1,180705B_rec_CP1pPCRb_S291,MDCK,in vitro,extracellular,bulk
M,359,434,13,180705B_rec_CP1pPCRb_S291,MDCK,in vitro,extracellular,bulk
M,359,761,1,180705B_rec_CP1pPCRb_S291,MDCK,in vitro,extracellular,bulk
M,377,529,1,180705B_rec_CP1pPCRb_S291,MDCK,in vitro,extracellular,bulk
M,394,667,2,180705B_rec_CP1pPCRb_S291,MDCK,in vitro,extracellular,bulk
M,399,823,1,180705B_rec_CP1pPCRb_S291,MDCK,in vitro,extracellular,bulk
M,402,655,13,180705B_rec_CP1pPCRb_S291,MDCK,in vitro,extracellular,bulk
M,412,472,1,180705B_rec_CP1pPCRb_S291,MDCK,in vitro,extracellular,bulk
M,414,463,1,180705B_rec_CP1pPCRb_S291,MDCK,in vitro,extracellular,bulk
M,414,744,1,180705B_rec_CP1pPCRb_S291,MDCK,in vitro,extracellular,bulk
M,414,903,2,180705B_rec_CP1pPCRb_S291,MDCK,in vitro,extracellular,bulk
M,418,513,1,180705B_rec_CP1pPCRb_S291,MDCK,in vitro,extracellular,bulk
M,418,533,1,180705B_rec_CP1pPCRb_S291,MDCK,in vitro,extracellular,bulk
M,427,593,1,180705B_rec_CP1pPCRb_S291,MDCK,in vitro,extracellular,bulk
M,434,762,4,180705B_rec_CP1pPCRb_S291,MDCK,in vitro,extracellular,bulk
M,439,593,1,180705B_rec_CP1pPCRb_S291,MDCK,in vitro,extracellular,bulk
M,442,464,7,180705B_rec_CP1pPCRb_S291,MDCK,in vitro,extracellular,bulk
M,447,543,1,180705B_rec_CP1pPCRb_S291,MDCK,in vitro,extracellular,bulk
M,447,721,6,180705B_rec_CP1pPCRb_S291,MDCK,in vitro,extracellular,bulk
M,457,868,2,180705B_rec_CP1pPCRb_S291,MDCK,in vitro,extracellular,bulk
M,459,636,1,180705B_rec_CP1pPCRb_S291,MDCK,in vitro,extracellular,bulk
M,459,685,1,180705B_rec_CP1pPCRb_S291,MDCK,in vitro,extracellular,bulk
M,462,705,40,180705B_rec_CP1pPCRb_S291,MDCK,in vitro,extracellular,bulk
M,480,553,2,180705B_rec_CP1pPCRb_S291,MDCK,in vitro,extracellular,bulk
M,480,616,2,180705B_rec_CP1pPCRb_S291,MDCK,in vitro,extracellular,bulk
M,485,548,4,180705B_rec_CP1pPCRb_S291,MDCK,in vitro,extracellular,bulk
M,485,560,42,180705B_rec_CP1pPCRb_S291,MDCK,in vitro,extracellular,bulk
M,488,563,8,180705B_rec_CP1pPCRb_S291,MDCK,in vitro,extracellular,bulk
M,490,644,2,180705B_rec_CP1pPCRb_S291,MDCK,in vitro,extracellular,bulk
M,501,578,73,180705B_rec_CP1pPCRb_S291,MDCK,in vitro,extracellular,bulk
M,507,545,1,180705B_rec_CP1pPCRb_S291,MDCK,in vitro,extracellular,bulk
M,521,603,2,180705B_rec_CP1pPCRb_S291,MDCK,in vitro,extracellular,bulk
M,523,665,9,180705B_rec_CP1pPCRb_S291,MDCK,in vitro,extracellular,bulk
M,526,667,1,180705B_rec_CP1pPCRb_S291,MDCK,in vitro,extracellular,bulk
M,526,769,1,180705B_rec_CP1pPCRb_S291,MDCK,in vitro,extracellular,bulk
M,526,801,1,180705B_rec_CP1pPCRb_S291,MDCK,in vitro,extracellular,bulk
M,547,750,1,180705B_rec_CP1pPCRb_S291,MDCK,in vitro,extracellular,bulk
M,563,759,2,180705B_rec_CP1pPCRb_S291,MDCK,in vitro,extracellular,bulk
M,573,922,1,180705B_rec_CP1pPCRb_S291,MDCK,in vitro,extracellular,bulk
M,592,930,1,180705B_rec_CP1pPCRb_S291,MDCK,in vitro,extracellular,bulk
M,602,663,2,180705B_rec_CP1pPCRb_S291,MDCK,in vitro,extracellular,bulk
M,606,709,5,180705B_rec_CP1pPCRb_S291,MDCK,in vitro,extracellular,bulk
M,622,804,1,180705B_rec_CP1pPCRb_S291,MDCK,in vitro,extracellular,bulk
M,623,668,2,180705B_rec_CP1pPCRb_S291,MDCK,in vitro,extracellular,bulk
M,623,740,2,180705B_rec_CP1pPCRb_S291,MDCK,in vitro,extracellular,bulk
M,627,762,2,180705B_rec_CP1pPCRb_S291,MDCK,in vitro,extracellular,bulk
M,627,768,4,180705B_rec_CP1pPCRb_S291,MDCK,in vitro,extracellular,bulk
M,628,924,1,180705B_rec_CP1pPCRb_S291,MDCK,in vitro,extracellular,bulk
M,642,800,1,180705B_rec_CP1pPCRb_S291,MDCK,in vitro,extracellular,bulk
M,643,707,2,180705B_rec_CP1pPCRb_S291,MDCK,in vitro,extracellular,bulk
M,647,711,2,180705B_rec_CP1pPCRb_S291,MDCK,in vitro,extracellular,bulk
M,649,749,1,180705B_rec_CP1pPCRb_S291,MDCK,in vitro,extracellular,bulk
M,652,706,1,180705B_rec_CP1pPCRb_S291,MDCK,in vitro,extracellular,bulk
M,652,743,1,180705B_rec_CP1pPCRb_S291,MDCK,in vitro,extracellular,bulk
M,662,759,1,180705B_rec_CP1pPCRb_S291,MDCK,in vitro,extracellular,bulk
M,667,767,1,180705B_rec_CP1pPCRb_S291,MDCK,in vitro,extracellular,bulk
M,668,708,1,180705B_rec_CP1pPCRb_S291,MDCK,in vitro,extracellular,bulk
M,729,845,1,180705B_rec_CP1pPCRb_S291,MDCK,in vitro,extracellular,bulk
M,738,824,1,180705B_rec_CP1pPCRb_S291,MDCK,in vitro,extracellular,bulk
M,750,776,8,180705B_rec_CP1pPCRb_S291,MDCK,in vitro,extracellular,bulk
M,778,841,1,180705B_rec_CP1pPCRb_S291,MDCK,in vitro,extracellular,bulk
M,783,836,1,180705B_rec_CP1pPCRb_S291,MDCK,in vitro,extracellular,bulk
M,783,863,3,180705B_rec_CP1pPCRb_S291,MDCK,in vitro,extracellular,bulk
M,786,847,2,180705B_rec_CP1pPCRb_S291,MDCK,in vitro,extracellular,bulk
M,80,653,1,180705B_rec_CP1pPCRb_S291,MDCK,in vitro,extracellular,bulk
M,899,934,12,180705B_rec_CP1pPCRb_S291,MDCK,in vitro,extracellular,bulk
NS,110,709,1,180705B_rec_CP1pPCRb_S291,MDCK,in vitro,extracellular,bulk
NS,161,545,1,180705B_rec_CP1pPCRb_S291,MDCK,in vitro,extracellular,bulk
NS,213,422,1,180705B_rec_CP1pPCRb_S291,MDCK,in vitro,extracellular,bulk
NS,223,553,1,180705B_rec_CP1pPCRb_S291,MDCK,in vitro,extracellular,bulk
NS,258,663,1,180705B_rec_CP1pPCRb_S291,MDCK,in vitro,extracellular,bulk
NS,275,310,1,180705B_rec_CP1pPCRb_S291,MDCK,in vitro,extracellular,bulk
NS,284,765,1,180705B_rec_CP1pPCRb_S291,MDCK,in vitro,extracellular,bulk
NS,285,667,1,180705B_rec_CP1pPCRb_S291,MDCK,in vitro,extracellular,bulk
NS,292,534,1,180705B_rec_CP1pPCRb_S291,MDCK,in vitro,extracellular,bulk
NS,292,571,1,180705B_rec_CP1pPCRb_S291,MDCK,in vitro,extracellular,bulk
NS,324,551,3,180705B_rec_CP1pPCRb_S291,MDCK,in vitro,extracellular,bulk
NS,332,447,1,180705B_rec_CP1pPCRb_S291,MDCK,in vitro,extracellular,bulk
NS,336,510,23,180705B_rec_CP1pPCRb_S291,MDCK,in vitro,extracellular,bulk
NS,337,413,1,180705B_rec_CP1pPCRb_S291,MDCK,in vitro,extracellular,bulk
NS,355,407,1,180705B_rec_CP1pPCRb_S291,MDCK,in vitro,extracellular,bulk
NS,357,421,4,180705B_rec_CP1pPCRb_S291,MDCK,in vitro,extracellular,bulk
NS,359,433,3,180705B_rec_CP1pPCRb_S291,MDCK,in vitro,extracellular,bulk
NS,385,589,1,180705B_rec_CP1pPCRb_S291,MDCK,in vitro,extracellular,bulk
NS,392,434,1,180705B_rec_CP1pPCRb_S291,MDCK,in vitro,extracellular,bulk
NS,405,515,1,180705B_rec_CP1pPCRb_S291,MDCK,in vitro,extracellular,bulk
NS,417,539,4,180705B_rec_CP1pPCRb_S291,MDCK,in vitro,extracellular,bulk
NS,439,473,2,180705B_rec_CP1pPCRb_S291,MDCK,in vitro,extracellular,bulk
NS,441,496,1,180705B_rec_CP1pPCRb_S291,MDCK,in vitro,extracellular,bulk
NS,456,481,3,180705B_rec_CP1pPCRb_S291,MDCK,in vitro,extracellular,bulk
NS,462,534,1,180705B_rec_CP1pPCRb_S291,MDCK,in vitro,extracellular,bulk
NS,466,525,1,180705B_rec_CP1pPCRb_S291,MDCK,in vitro,extracellular,bulk
NS,514,668,1,180705B_rec_CP1pPCRb_S291,MDCK,in vitro,extracellular,bulk
NS,52,428,1,180705B_rec_CP1pPCRb_S291,MDCK,in vitro,extracellular,bulk
NS,56,431,2,180705B_rec_CP1pPCRb_S291,MDCK,in vitro,extracellular,bulk
NS,581,610,1,180705B_rec_CP1pPCRb_S291,MDCK,in vitro,extracellular,bulk
NS,626,652,1,180705B_rec_CP1pPCRb_S291,MDCK,in vitro,extracellular,bulk
NS,65,188,1,180705B_rec_CP1pPCRb_S291,MDCK,in vitro,extracellular,bulk
PB2,1023,2104,1,180705B_rec_DP1pPCRb_S292,MDCK,in vitro,extracellular,bulk
PB2,1025,1821,1,180705B_rec_DP1pPCRb_S292,MDCK,in vitro,extracellular,bulk
PB2,1032,1503,1,180705B_rec_DP1pPCRb_S292,MDCK,in vitro,extracellular,bulk
PB2,1057,1951,1,180705B_rec_DP1pPCRb_S292,MDCK,in vitro,extracellular,bulk
PB2,1062,1849,1,180705B_rec_DP1pPCRb_S292,MDCK,in vitro,extracellular,bulk
PB2,106,2067,1,180705B_rec_DP1pPCRb_S292,MDCK,in vitro,extracellular,bulk
PB2,1074,2176,1,180705B_rec_DP1pPCRb_S292,MDCK,in vitro,extracellular,bulk
PB2,1076,2114,1,180705B_rec_DP1pPCRb_S292,MDCK,in vitro,extracellular,bulk
PB2,1084,1937,1,180705B_rec_DP1pPCRb_S292,MDCK,in vitro,extracellular,bulk
PB2,1105,1843,1,180705B_rec_DP1pPCRb_S292,MDCK,in vitro,extracellular,bulk
PB2,1116,1828,2,180705B_rec_DP1pPCRb_S292,MDCK,in vitro,extracellular,bulk
PB2,112,1809,1,180705B_rec_DP1pPCRb_S292,MDCK,in vitro,extracellular,bulk
PB2,115,1800,1,180705B_rec_DP1pPCRb_S292,MDCK,in vitro,extracellular,bulk
PB2,115,2126,3,180705B_rec_DP1pPCRb_S292,MDCK,in vitro,extracellular,bulk
PB2,1189,1462,1,180705B_rec_DP1pPCRb_S292,MDCK,in vitro,extracellular,bulk
PB2,1194,1643,1,180705B_rec_DP1pPCRb_S292,MDCK,in vitro,extracellular,bulk
PB2,1463,1950,1,180705B_rec_DP1pPCRb_S292,MDCK,in vitro,extracellular,bulk
PB2,1469,1958,1,180705B_rec_DP1pPCRb_S292,MDCK,in vitro,extracellular,bulk
PB2,1480,1640,1,180705B_rec_DP1pPCRb_S292,MDCK,in vitro,extracellular,bulk
PB2,1493,1996,1,180705B_rec_DP1pPCRb_S292,MDCK,in vitro,extracellular,bulk
PB2,150,719,1,180705B_rec_DP1pPCRb_S292,MDCK,in vitro,extracellular,bulk
PB2,153,2069,1,180705B_rec_DP1pPCRb_S292,MDCK,in vitro,extracellular,bulk
PB2,1566,1655,1,180705B_rec_DP1pPCRb_S292,MDCK,in vitro,extracellular,bulk
PB2,1631,1942,2,180705B_rec_DP1pPCRb_S292,MDCK,in vitro,extracellular,bulk
PB2,166,2035,1,180705B_rec_DP1pPCRb_S292,MDCK,in vitro,extracellular,bulk
PB2,1717,1742,1,180705B_rec_DP1pPCRb_S292,MDCK,in vitro,extracellular,bulk
PB2,1717,1772,1,180705B_rec_DP1pPCRb_S292,MDCK,in vitro,extracellular,bulk
PB2,1720,1747,1,180705B_rec_DP1pPCRb_S292,MDCK,in vitro,extracellular,bulk
PB2,177,1844,1,180705B_rec_DP1pPCRb_S292,MDCK,in vitro,extracellular,bulk
PB2,1840,1952,1,180705B_rec_DP1pPCRb_S292,MDCK,in vitro,extracellular,bulk
PB2,190,1613,1,180705B_rec_DP1pPCRb_S292,MDCK,in vitro,extracellular,bulk
PB2,2027,2118,1,180705B_rec_DP1pPCRb_S292,MDCK,in vitro,extracellular,bulk
PB2,202,1771,1,180705B_rec_DP1pPCRb_S292,MDCK,in vitro,extracellular,bulk
PB2,2041,2117,1,180705B_rec_DP1pPCRb_S292,MDCK,in vitro,extracellular,bulk
PB2,2045,2082,1,180705B_rec_DP1pPCRb_S292,MDCK,in vitro,extracellular,bulk
PB2,214,2015,1,180705B_rec_DP1pPCRb_S292,MDCK,in vitro,extracellular,bulk
PB2,226,2163,1,180705B_rec_DP1pPCRb_S292,MDCK,in vitro,extracellular,bulk
PB2,229,1175,1,180705B_rec_DP1pPCRb_S292,MDCK,in vitro,extracellular,bulk
PB2,243,1839,2,180705B_rec_DP1pPCRb_S292,MDCK,in vitro,extracellular,bulk
PB2,245,1520,2,180705B_rec_DP1pPCRb_S292,MDCK,in vitro,extracellular,bulk
PB2,245,1862,10,180705B_rec_DP1pPCRb_S292,MDCK,in vitro,extracellular,bulk
PB2,265,1957,1,180705B_rec_DP1pPCRb_S292,MDCK,in vitro,extracellular,bulk
PB2,265,2001,1,180705B_rec_DP1pPCRb_S292,MDCK,in vitro,extracellular,bulk
PB2,285,1995,1,180705B_rec_DP1pPCRb_S292,MDCK,in vitro,extracellular,bulk
PB2,293,2090,1,180705B_rec_DP1pPCRb_S292,MDCK,in vitro,extracellular,bulk
PB2,299,2223,1,180705B_rec_DP1pPCRb_S292,MDCK,in vitro,extracellular,bulk
PB2,307,1932,2,180705B_rec_DP1pPCRb_S292,MDCK,in vitro,extracellular,bulk
PB2,314,1981,2,180705B_rec_DP1pPCRb_S292,MDCK,in vitro,extracellular,bulk
PB2,319,1889,1,180705B_rec_DP1pPCRb_S292,MDCK,in vitro,extracellular,bulk
PB2,327,1920,3,180705B_rec_DP1pPCRb_S292,MDCK,in vitro,extracellular,bulk
PB2,327,1962,1,180705B_rec_DP1pPCRb_S292,MDCK,in vitro,extracellular,bulk
PB2,328,1921,1,180705B_rec_DP1pPCRb_S292,MDCK,in vitro,extracellular,bulk
PB2,329,1924,1,180705B_rec_DP1pPCRb_S292,MDCK,in vitro,extracellular,bulk
PB2,334,1921,2,180705B_rec_DP1pPCRb_S292,MDCK,in vitro,extracellular,bulk
PB2,340,2039,1,180705B_rec_DP1pPCRb_S292,MDCK,in vitro,extracellular,bulk
PB2,359,2001,3,180705B_rec_DP1pPCRb_S292,MDCK,in vitro,extracellular,bulk
PB2,374,2004,2,180705B_rec_DP1pPCRb_S292,MDCK,in vitro,extracellular,bulk
PB2,403,2196,1,180705B_rec_DP1pPCRb_S292,MDCK,in vitro,extracellular,bulk
PB2,407,2015,16,180705B_rec_DP1pPCRb_S292,MDCK,in vitro,extracellular,bulk
PB2,412,1756,1,180705B_rec_DP1pPCRb_S292,MDCK,in vitro,extracellular,bulk
PB2,420,1837,1,180705B_rec_DP1pPCRb_S292,MDCK,in vitro,extracellular,bulk
PB2,421,1856,1,180705B_rec_DP1pPCRb_S292,MDCK,in vitro,extracellular,bulk
PB2,426,1996,12,180705B_rec_DP1pPCRb_S292,MDCK,in vitro,extracellular,bulk
PB2,429,1858,8,180705B_rec_DP1pPCRb_S292,MDCK,in vitro,extracellular,bulk
PB2,436,1874,6,180705B_rec_DP1pPCRb_S292,MDCK,in vitro,extracellular,bulk
PB2,453,1747,1,180705B_rec_DP1pPCRb_S292,MDCK,in vitro,extracellular,bulk
PB2,465,1938,1,180705B_rec_DP1pPCRb_S292,MDCK,in vitro,extracellular,bulk
PB2,489,1929,1,180705B_rec_DP1pPCRb_S292,MDCK,in vitro,extracellular,bulk
PB2,498,1966,2,180705B_rec_DP1pPCRb_S292,MDCK,in vitro,extracellular,bulk
PB2,510,555,1,180705B_rec_DP1pPCRb_S292,MDCK,in vitro,extracellular,bulk
PB2,532,2111,1,180705B_rec_DP1pPCRb_S292,MDCK,in vitro,extracellular,bulk
PB2,547,1642,2,180705B_rec_DP1pPCRb_S292,MDCK,in vitro,extracellular,bulk
PB2,550,1765,1,180705B_rec_DP1pPCRb_S292,MDCK,in vitro,extracellular,bulk
PB2,583,2007,1,180705B_rec_DP1pPCRb_S292,MDCK,in vitro,extracellular,bulk
PB2,602,2130,3,180705B_rec_DP1pPCRb_S292,MDCK,in vitro,extracellular,bulk
PB2,606,1823,1,180705B_rec_DP1pPCRb_S292,MDCK,in vitro,extracellular,bulk
PB2,608,1633,1,180705B_rec_DP1pPCRb_S292,MDCK,in vitro,extracellular,bulk
PB2,624,2118,1,180705B_rec_DP1pPCRb_S292,MDCK,in vitro,extracellular,bulk
PB2,626,1989,6,180705B_rec_DP1pPCRb_S292,MDCK,in vitro,extracellular,bulk
PB2,628,1932,22,180705B_rec_DP1pPCRb_S292,MDCK,in vitro,extracellular,bulk
PB2,638,2047,1,180705B_rec_DP1pPCRb_S292,MDCK,in vitro,extracellular,bulk
PB2,651,2084,1,180705B_rec_DP1pPCRb_S292,MDCK,in vitro,extracellular,bulk
PB2,660,2167,4,180705B_rec_DP1pPCRb_S292,MDCK,in vitro,extracellular,bulk
PB2,661,2120,1,180705B_rec_DP1pPCRb_S292,MDCK,in vitro,extracellular,bulk
PB2,667,2095,1,180705B_rec_DP1pPCRb_S292,MDCK,in vitro,extracellular,bulk
PB2,675,2009,1,180705B_rec_DP1pPCRb_S292,MDCK,in vitro,extracellular,bulk
PB2,676,2138,4,180705B_rec_DP1pPCRb_S292,MDCK,in vitro,extracellular,bulk
PB2,677,1645,1,180705B_rec_DP1pPCRb_S292,MDCK,in vitro,extracellular,bulk
PB2,681,1932,4,180705B_rec_DP1pPCRb_S292,MDCK,in vitro,extracellular,bulk
PB2,681,2113,22,180705B_rec_DP1pPCRb_S292,MDCK,in vitro,extracellular,bulk
PB2,688,1809,1,180705B_rec_DP1pPCRb_S292,MDCK,in vitro,extracellular,bulk
PB2,741,1600,1,180705B_rec_DP1pPCRb_S292,MDCK,in vitro,extracellular,bulk
PB2,746,1741,3,180705B_rec_DP1pPCRb_S292,MDCK,in vitro,extracellular,bulk
PB2,747,2082,20,180705B_rec_DP1pPCRb_S292,MDCK,in vitro,extracellular,bulk
PB2,749,1842,2,180705B_rec_DP1pPCRb_S292,MDCK,in vitro,extracellular,bulk
PB2,752,1548,1,180705B_rec_DP1pPCRb_S292,MDCK,in vitro,extracellular,bulk
PB2,754,1602,4,180705B_rec_DP1pPCRb_S292,MDCK,in vitro,extracellular,bulk
PB2,775,2106,1,180705B_rec_DP1pPCRb_S292,MDCK,in vitro,extracellular,bulk
PB2,838,1765,10,180705B_rec_DP1pPCRb_S292,MDCK,in vitro,extracellular,bulk
PB2,847,1958,1,180705B_rec_DP1pPCRb_S292,MDCK,in vitro,extracellular,bulk
PB2,85,1863,1,180705B_rec_DP1pPCRb_S292,MDCK,in vitro,extracellular,bulk
PB2,879,1847,2,180705B_rec_DP1pPCRb_S292,MDCK,in vitro,extracellular,bulk
PB2,87,1823,2,180705B_rec_DP1pPCRb_S292,MDCK,in vitro,extracellular,bulk
PB2,896,1851,1,180705B_rec_DP1pPCRb_S292,MDCK,in vitro,extracellular,bulk
PB2,928,2125,1,180705B_rec_DP1pPCRb_S292,MDCK,in vitro,extracellular,bulk
PB2,940,2072,1,180705B_rec_DP1pPCRb_S292,MDCK,in vitro,extracellular,bulk
PB2,941,2130,1,180705B_rec_DP1pPCRb_S292,MDCK,in vitro,extracellular,bulk
PB2,956,2140,1,180705B_rec_DP1pPCRb_S292,MDCK,in vitro,extracellular,bulk
PB2,990,1869,1,180705B_rec_DP1pPCRb_S292,MDCK,in vitro,extracellular,bulk
PB1,103,2173,1,180705B_rec_DP1pPCRb_S292,MDCK,in vitro,extracellular,bulk
PB1,1069,1435,1,180705B_rec_DP1pPCRb_S292,MDCK,in vitro,extracellular,bulk
PB1,136,1989,62,180705B_rec_DP1pPCRb_S292,MDCK,in vitro,extracellular,bulk
PB1,1518,1597,1,180705B_rec_DP1pPCRb_S292,MDCK,in vitro,extracellular,bulk
PB1,158,2098,1,180705B_rec_DP1pPCRb_S292,MDCK,in vitro,extracellular,bulk
PB1,162,2158,1,180705B_rec_DP1pPCRb_S292,MDCK,in vitro,extracellular,bulk
PB1,165,2017,11,180705B_rec_DP1pPCRb_S292,MDCK,in vitro,extracellular,bulk
PB1,170,2165,1,180705B_rec_DP1pPCRb_S292,MDCK,in vitro,extracellular,bulk
PB1,1775,1813,1,180705B_rec_DP1pPCRb_S292,MDCK,in vitro,extracellular,bulk
PB1,184,1867,1,180705B_rec_DP1pPCRb_S292,MDCK,in vitro,extracellular,bulk
PB1,186,2146,1,180705B_rec_DP1pPCRb_S292,MDCK,in vitro,extracellular,bulk
PB1,1912,1971,1,180705B_rec_DP1pPCRb_S292,MDCK,in vitro,extracellular,bulk
PB1,193,2057,1,180705B_rec_DP1pPCRb_S292,MDCK,in vitro,extracellular,bulk
PB1,193,2086,2,180705B_rec_DP1pPCRb_S292,MDCK,in vitro,extracellular,bulk
PB1,210,1934,1,180705B_rec_DP1pPCRb_S292,MDCK,in vitro,extracellular,bulk
PB1,227,2076,1,180705B_rec_DP1pPCRb_S292,MDCK,in vitro,extracellular,bulk
PB1,252,2147,1,180705B_rec_DP1pPCRb_S292,MDCK,in vitro,extracellular,bulk
PB1,258,1939,1,180705B_rec_DP1pPCRb_S292,MDCK,in vitro,extracellular,bulk
PB1,261,2149,1,180705B_rec_DP1pPCRb_S292,MDCK,in vitro,extracellular,bulk
PB1,264,1971,1,180705B_rec_DP1pPCRb_S292,MDCK,in vitro,extracellular,bulk
PB1,265,1957,1,180705B_rec_DP1pPCRb_S292,MDCK,in vitro,extracellular,bulk
PB1,269,2105,15,180705B_rec_DP1pPCRb_S292,MDCK,in vitro,extracellular,bulk
PB1,301,539,1,180705B_rec_DP1pPCRb_S292,MDCK,in vitro,extracellular,bulk
PB1,311,2051,1,180705B_rec_DP1pPCRb_S292,MDCK,in vitro,extracellular,bulk
PB1,320,1691,4,180705B_rec_DP1pPCRb_S292,MDCK,in vitro,extracellular,bulk
PB1,320,1906,1,180705B_rec_DP1pPCRb_S292,MDCK,in vitro,extracellular,bulk
PB1,325,1297,1,180705B_rec_DP1pPCRb_S292,MDCK,in vitro,extracellular,bulk
PB1,351,2077,4,180705B_rec_DP1pPCRb_S292,MDCK,in vitro,extracellular,bulk
PB1,352,1861,1,180705B_rec_DP1pPCRb_S292,MDCK,in vitro,extracellular,bulk
PB1,360,1549,1,180705B_rec_DP1pPCRb_S292,MDCK,in vitro,extracellular,bulk
PB1,376,1621,1,180705B_rec_DP1pPCRb_S292,MDCK,in vitro,extracellular,bulk
PB1,383,2172,1,180705B_rec_DP1pPCRb_S292,MDCK,in vitro,extracellular,bulk
PB1,388,2059,1,180705B_rec_DP1pPCRb_S292,MDCK,in vitro,extracellular,bulk
PB1,389,1895,1,180705B_rec_DP1pPCRb_S292,MDCK,in vitro,extracellular,bulk
PB1,390,2103,2,180705B_rec_DP1pPCRb_S292,MDCK,in vitro,extracellular,bulk
PB1,395,1723,1,180705B_rec_DP1pPCRb_S292,MDCK,in vitro,extracellular,bulk
PB1,435,1943,1,180705B_rec_DP1pPCRb_S292,MDCK,in vitro,extracellular,bulk
PB1,435,2150,2,180705B_rec_DP1pPCRb_S292,MDCK,in vitro,extracellular,bulk
PB1,437,1981,3,180705B_rec_DP1pPCRb_S292,MDCK,in vitro,extracellular,bulk
PB1,446,2107,4,180705B_rec_DP1pPCRb_S292,MDCK,in vitro,extracellular,bulk
PB1,451,1545,1,180705B_rec_DP1pPCRb_S292,MDCK,in vitro,extracellular,bulk
PB1,478,1781,1,180705B_rec_DP1pPCRb_S292,MDCK,in vitro,extracellular,bulk
PB1,510,2227,4,180705B_rec_DP1pPCRb_S292,MDCK,in vitro,extracellular,bulk
PB1,518,1683,1,180705B_rec_DP1pPCRb_S292,MDCK,in vitro,extracellular,bulk
PB1,523,1768,1,180705B_rec_DP1pPCRb_S292,MDCK,in vitro,extracellular,bulk
PB1,524,1769,163,180705B_rec_DP1pPCRb_S292,MDCK,in vitro,extracellular,bulk
PB1,526,1729,1,180705B_rec_DP1pPCRb_S292,MDCK,in vitro,extracellular,bulk
PB1,549,1895,1,180705B_rec_DP1pPCRb_S292,MDCK,in vitro,extracellular,bulk
PB1,54,98,1,180705B_rec_DP1pPCRb_S292,MDCK,in vitro,extracellular,bulk
PB1,562,1864,13,180705B_rec_DP1pPCRb_S292,MDCK,in vitro,extracellular,bulk
PB1,56,2087,2,180705B_rec_DP1pPCRb_S292,MDCK,in vitro,extracellular,bulk
PB1,574,1640,1,180705B_rec_DP1pPCRb_S292,MDCK,in vitro,extracellular,bulk
PB1,618,1613,1,180705B_rec_DP1pPCRb_S292,MDCK,in vitro,extracellular,bulk
PB1,629,1723,1,180705B_rec_DP1pPCRb_S292,MDCK,in vitro,extracellular,bulk
PB1,662,1939,5,180705B_rec_DP1pPCRb_S292,MDCK,in vitro,extracellular,bulk
PB1,715,2050,1,180705B_rec_DP1pPCRb_S292,MDCK,in vitro,extracellular,bulk
PB1,718,2103,2,180705B_rec_DP1pPCRb_S292,MDCK,in vitro,extracellular,bulk
PB1,722,2147,1,180705B_rec_DP1pPCRb_S292,MDCK,in vitro,extracellular,bulk
PB1,731,1545,1,180705B_rec_DP1pPCRb_S292,MDCK,in vitro,extracellular,bulk
PB1,740,1808,1,180705B_rec_DP1pPCRb_S292,MDCK,in vitro,extracellular,bulk
PB1,794,822,21,180705B_rec_DP1pPCRb_S292,MDCK,in vitro,extracellular,bulk
PB1,893,1363,1,180705B_rec_DP1pPCRb_S292,MDCK,in vitro,extracellular,bulk
PB1,915,1849,1,180705B_rec_DP1pPCRb_S292,MDCK,in vitro,extracellular,bulk
PB1,961,1044,1,180705B_rec_DP1pPCRb_S292,MDCK,in vitro,extracellular,bulk
PA,102,1894,1,180705B_rec_DP1pPCRb_S292,MDCK,in vitro,extracellular,bulk
PA,110,150,1,180705B_rec_DP1pPCRb_S292,MDCK,in vitro,extracellular,bulk
PA,1315,1353,1,180705B_rec_DP1pPCRb_S292,MDCK,in vitro,extracellular,bulk
PA,137,1455,1,180705B_rec_DP1pPCRb_S292,MDCK,in vitro,extracellular,bulk
PA,139,169,2,180705B_rec_DP1pPCRb_S292,MDCK,in vitro,extracellular,bulk
PA,1507,1549,1,180705B_rec_DP1pPCRb_S292,MDCK,in vitro,extracellular,bulk
PA,1597,2102,1,180705B_rec_DP1pPCRb_S292,MDCK,in vitro,extracellular,bulk
PA,1614,1685,1,180705B_rec_DP1pPCRb_S292,MDCK,in vitro,extracellular,bulk
PA,164,2028,71,180705B_rec_DP1pPCRb_S292,MDCK,in vitro,extracellular,bulk
PA,1654,1714,1,180705B_rec_DP1pPCRb_S292,MDCK,in vitro,extracellular,bulk
PA,1723,1836,2,180705B_rec_DP1pPCRb_S292,MDCK,in vitro,extracellular,bulk
PA,1732,1816,1,180705B_rec_DP1pPCRb_S292,MDCK,in vitro,extracellular,bulk
PA,177,2074,1,180705B_rec_DP1pPCRb_S292,MDCK,in vitro,extracellular,bulk
PA,1811,1888,1,180705B_rec_DP1pPCRb_S292,MDCK,in vitro,extracellular,bulk
PA,1843,1868,1,180705B_rec_DP1pPCRb_S292,MDCK,in vitro,extracellular,bulk
PA,189,1482,1,180705B_rec_DP1pPCRb_S292,MDCK,in vitro,extracellular,bulk
PA,1978,2168,3,180705B_rec_DP1pPCRb_S292,MDCK,in vitro,extracellular,bulk
PA,2005,2075,6,180705B_rec_DP1pPCRb_S292,MDCK,in vitro,extracellular,bulk
PA,2025,2068,1,180705B_rec_DP1pPCRb_S292,MDCK,in vitro,extracellular,bulk
PA,2053,2122,6,180705B_rec_DP1pPCRb_S292,MDCK,in vitro,extracellular,bulk
PA,228,302,2,180705B_rec_DP1pPCRb_S292,MDCK,in vitro,extracellular,bulk
PA,233,2074,6,180705B_rec_DP1pPCRb_S292,MDCK,in vitro,extracellular,bulk
PA,253,1873,1,180705B_rec_DP1pPCRb_S292,MDCK,in vitro,extracellular,bulk
PA,256,1865,1,180705B_rec_DP1pPCRb_S292,MDCK,in vitro,extracellular,bulk
PA,256,1876,129,180705B_rec_DP1pPCRb_S292,MDCK,in vitro,extracellular,bulk
PA,261,1766,7,180705B_rec_DP1pPCRb_S292,MDCK,in vitro,extracellular,bulk
PA,270,1868,1,180705B_rec_DP1pPCRb_S292,MDCK,in vitro,extracellular,bulk
PA,281,1767,8,180705B_rec_DP1pPCRb_S292,MDCK,in vitro,extracellular,bulk
PA,283,2043,1,180705B_rec_DP1pPCRb_S292,MDCK,in vitro,extracellular,bulk
PA,289,2055,1,180705B_rec_DP1pPCRb_S292,MDCK,in vitro,extracellular,bulk
PA,301,1797,2,180705B_rec_DP1pPCRb_S292,MDCK,in vitro,extracellular,bulk
PA,337,1955,1,180705B_rec_DP1pPCRb_S292,MDCK,in vitro,extracellular,bulk
PA,343,1707,1,180705B_rec_DP1pPCRb_S292,MDCK,in vitro,extracellular,bulk
PA,363,1701,2,180705B_rec_DP1pPCRb_S292,MDCK,in vitro,extracellular,bulk
PA,365,1820,1,180705B_rec_DP1pPCRb_S292,MDCK,in vitro,extracellular,bulk
PA,365,1832,166,180705B_rec_DP1pPCRb_S292,MDCK,in vitro,extracellular,bulk
PA,376,414,1,180705B_rec_DP1pPCRb_S292,MDCK,in vitro,extracellular,bulk
PA,386,1949,1,180705B_rec_DP1pPCRb_S292,MDCK,in vitro,extracellular,bulk
PA,390,414,1,180705B_rec_DP1pPCRb_S292,MDCK,in vitro,extracellular,bulk
PA,391,1840,1,180705B_rec_DP1pPCRb_S292,MDCK,in vitro,extracellular,bulk
PA,399,1665,1,180705B_rec_DP1pPCRb_S292,MDCK,in vitro,extracellular,bulk
PA,399,1838,1,180705B_rec_DP1pPCRb_S292,MDCK,in vitro,extracellular,bulk
PA,413,1745,6,180705B_rec_DP1pPCRb_S292,MDCK,in vitro,extracellular,bulk
PA,423,1993,1,180705B_rec_DP1pPCRb_S292,MDCK,in vitro,extracellular,bulk
PA,434,1616,17,180705B_rec_DP1pPCRb_S292,MDCK,in vitro,extracellular,bulk
PA,439,464,1,180705B_rec_DP1pPCRb_S292,MDCK,in vitro,extracellular,bulk
PA,441,1747,1,180705B_rec_DP1pPCRb_S292,MDCK,in vitro,extracellular,bulk
PA,447,1822,1,180705B_rec_DP1pPCRb_S292,MDCK,in vitro,extracellular,bulk
PA,457,1631,2,180705B_rec_DP1pPCRb_S292,MDCK,in vitro,extracellular,bulk
PA,459,1698,7,180705B_rec_DP1pPCRb_S292,MDCK,in vitro,extracellular,bulk
PA,463,1751,1,180705B_rec_DP1pPCRb_S292,MDCK,in vitro,extracellular,bulk
PA,476,1365,2,180705B_rec_DP1pPCRb_S292,MDCK,in vitro,extracellular,bulk
PA,477,1673,1,180705B_rec_DP1pPCRb_S292,MDCK,in vitro,extracellular,bulk
PA,479,1311,1,180705B_rec_DP1pPCRb_S292,MDCK,in vitro,extracellular,bulk
PA,490,1756,1,180705B_rec_DP1pPCRb_S292,MDCK,in vitro,extracellular,bulk
PA,493,1380,238,180705B_rec_DP1pPCRb_S292,MDCK,in vitro,extracellular,bulk
PA,512,1731,1,180705B_rec_DP1pPCRb_S292,MDCK,in vitro,extracellular,bulk
PA,516,1705,2,180705B_rec_DP1pPCRb_S292,MDCK,in vitro,extracellular,bulk
PA,517,1708,1,180705B_rec_DP1pPCRb_S292,MDCK,in vitro,extracellular,bulk
PA,517,1709,1,180705B_rec_DP1pPCRb_S292,MDCK,in vitro,extracellular,bulk
PA,518,1710,3805,180705B_rec_DP1pPCRb_S292,MDCK,in vitro,extracellular,bulk
PA,519,1711,1,180705B_rec_DP1pPCRb_S292,MDCK,in vitro,extracellular,bulk
PA,520,2090,1,180705B_rec_DP1pPCRb_S292,MDCK,in vitro,extracellular,bulk
PA,525,1712,1,180705B_rec_DP1pPCRb_S292,MDCK,in vitro,extracellular,bulk
PA,526,2092,1,180705B_rec_DP1pPCRb_S292,MDCK,in vitro,extracellular,bulk
PA,528,2036,1,180705B_rec_DP1pPCRb_S292,MDCK,in vitro,extracellular,bulk
PA,532,2083,2,180705B_rec_DP1pPCRb_S292,MDCK,in vitro,extracellular,bulk
PA,549,575,1,180705B_rec_DP1pPCRb_S292,MDCK,in vitro,extracellular,bulk
PA,553,1535,1,180705B_rec_DP1pPCRb_S292,MDCK,in vitro,extracellular,bulk
PA,555,1582,1,180705B_rec_DP1pPCRb_S292,MDCK,in vitro,extracellular,bulk
PA,557,2095,1,180705B_rec_DP1pPCRb_S292,MDCK,in vitro,extracellular,bulk
PA,559,1541,3,180705B_rec_DP1pPCRb_S292,MDCK,in vitro,extracellular,bulk
PA,559,1542,942,180705B_rec_DP1pPCRb_S292,MDCK,in vitro,extracellular,bulk
PA,560,1543,5,180705B_rec_DP1pPCRb_S292,MDCK,in vitro,extracellular,bulk
PA,560,1544,2,180705B_rec_DP1pPCRb_S292,MDCK,in vitro,extracellular,bulk
PA,563,1633,15,180705B_rec_DP1pPCRb_S292,MDCK,in vitro,extracellular,bulk
PA,570,1750,1,180705B_rec_DP1pPCRb_S292,MDCK,in vitro,extracellular,bulk
PA,571,1756,1,180705B_rec_DP1pPCRb_S292,MDCK,in vitro,extracellular,bulk
PA,571,729,1,180705B_rec_DP1pPCRb_S292,MDCK,in vitro,extracellular,bulk
PA,572,1690,1,180705B_rec_DP1pPCRb_S292,MDCK,in vitro,extracellular,bulk
PA,574,2083,1,180705B_rec_DP1pPCRb_S292,MDCK,in vitro,extracellular,bulk
PA,576,1566,1,180705B_rec_DP1pPCRb_S292,MDCK,in vitro,extracellular,bulk
PA,579,1549,2,180705B_rec_DP1pPCRb_S292,MDCK,in vitro,extracellular,bulk
PA,581,1373,1,180705B_rec_DP1pPCRb_S292,MDCK,in vitro,extracellular,bulk
PA,581,1714,1,180705B_rec_DP1pPCRb_S292,MDCK,in vitro,extracellular,bulk
PA,587,1829,6,180705B_rec_DP1pPCRb_S292,MDCK,in vitro,extracellular,bulk
PA,595,2120,1,180705B_rec_DP1pPCRb_S292,MDCK,in vitro,extracellular,bulk
PA,598,1671,2,180705B_rec_DP1pPCRb_S292,MDCK,in vitro,extracellular,bulk
PA,618,1514,3,180705B_rec_DP1pPCRb_S292,MDCK,in vitro,extracellular,bulk
PA,625,1500,2,180705B_rec_DP1pPCRb_S292,MDCK,in vitro,extracellular,bulk
PA,636,1644,2,180705B_rec_DP1pPCRb_S292,MDCK,in vitro,extracellular,bulk
PA,637,1707,1,180705B_rec_DP1pPCRb_S292,MDCK,in vitro,extracellular,bulk
PA,642,1624,1,180705B_rec_DP1pPCRb_S292,MDCK,in vitro,extracellular,bulk
PA,643,1147,1,180705B_rec_DP1pPCRb_S292,MDCK,in vitro,extracellular,bulk
PA,646,1757,1,180705B_rec_DP1pPCRb_S292,MDCK,in vitro,extracellular,bulk
PA,647,1760,1144,180705B_rec_DP1pPCRb_S292,MDCK,in vitro,extracellular,bulk
PA,652,1765,2,180705B_rec_DP1pPCRb_S292,MDCK,in vitro,extracellular,bulk
PA,667,1972,1,180705B_rec_DP1pPCRb_S292,MDCK,in vitro,extracellular,bulk
PA,677,1904,1,180705B_rec_DP1pPCRb_S292,MDCK,in vitro,extracellular,bulk
PA,679,1537,1,180705B_rec_DP1pPCRb_S292,MDCK,in vitro,extracellular,bulk
PA,679,1956,1,180705B_rec_DP1pPCRb_S292,MDCK,in vitro,extracellular,bulk
PA,701,2106,1,180705B_rec_DP1pPCRb_S292,MDCK,in vitro,extracellular,bulk
PA,745,1532,1,180705B_rec_DP1pPCRb_S292,MDCK,in vitro,extracellular,bulk
PA,755,2122,1,180705B_rec_DP1pPCRb_S292,MDCK,in vitro,extracellular,bulk
PA,772,1578,2279,180705B_rec_DP1pPCRb_S292,MDCK,in vitro,extracellular,bulk
PA,772,1579,2,180705B_rec_DP1pPCRb_S292,MDCK,in vitro,extracellular,bulk
PA,779,1854,1,180705B_rec_DP1pPCRb_S292,MDCK,in vitro,extracellular,bulk
PA,800,1626,6,180705B_rec_DP1pPCRb_S292,MDCK,in vitro,extracellular,bulk
PA,801,2052,1,180705B_rec_DP1pPCRb_S292,MDCK,in vitro,extracellular,bulk
PA,803,1585,3,180705B_rec_DP1pPCRb_S292,MDCK,in vitro,extracellular,bulk
PA,905,1080,1,180705B_rec_DP1pPCRb_S292,MDCK,in vitro,extracellular,bulk
PA,905,2100,2,180705B_rec_DP1pPCRb_S292,MDCK,in vitro,extracellular,bulk
PA,919,2099,1,180705B_rec_DP1pPCRb_S292,MDCK,in vitro,extracellular,bulk
PA,921,1507,2,180705B_rec_DP1pPCRb_S292,MDCK,in vitro,extracellular,bulk
PA,941,2088,1,180705B_rec_DP1pPCRb_S292,MDCK,in vitro,extracellular,bulk
HA,1149,1622,1,180705B_rec_DP1pPCRb_S292,MDCK,in vitro,extracellular,bulk
HA,124,1279,2,180705B_rec_DP1pPCRb_S292,MDCK,in vitro,extracellular,bulk
HA,1373,1460,1,180705B_rec_DP1pPCRb_S292,MDCK,in vitro,extracellular,bulk
HA,167,1212,1,180705B_rec_DP1pPCRb_S292,MDCK,in vitro,extracellular,bulk
HA,190,704,1,180705B_rec_DP1pPCRb_S292,MDCK,in vitro,extracellular,bulk
HA,212,1310,1,180705B_rec_DP1pPCRb_S292,MDCK,in vitro,extracellular,bulk
HA,256,1162,1,180705B_rec_DP1pPCRb_S292,MDCK,in vitro,extracellular,bulk
HA,282,1270,1,180705B_rec_DP1pPCRb_S292,MDCK,in vitro,extracellular,bulk
HA,292,1276,1,180705B_rec_DP1pPCRb_S292,MDCK,in vitro,extracellular,bulk
HA,293,1267,2,180705B_rec_DP1pPCRb_S292,MDCK,in vitro,extracellular,bulk
HA,296,1280,167,180705B_rec_DP1pPCRb_S292,MDCK,in vitro,extracellular,bulk
HA,351,1308,1,180705B_rec_DP1pPCRb_S292,MDCK,in vitro,extracellular,bulk
HA,352,1509,1,180705B_rec_DP1pPCRb_S292,MDCK,in vitro,extracellular,bulk
HA,355,1359,2,180705B_rec_DP1pPCRb_S292,MDCK,in vitro,extracellular,bulk
HA,389,1064,1,180705B_rec_DP1pPCRb_S292,MDCK,in vitro,extracellular,bulk
HA,391,501,1,180705B_rec_DP1pPCRb_S292,MDCK,in vitro,extracellular,bulk
HA,414,1349,1,180705B_rec_DP1pPCRb_S292,MDCK,in vitro,extracellular,bulk
HA,480,704,1,180705B_rec_DP1pPCRb_S292,MDCK,in vitro,extracellular,bulk
HA,545,1064,1,180705B_rec_DP1pPCRb_S292,MDCK,in vitro,extracellular,bulk
HA,546,1099,1,180705B_rec_DP1pPCRb_S292,MDCK,in vitro,extracellular,bulk
HA,548,1102,1,180705B_rec_DP1pPCRb_S292,MDCK,in vitro,extracellular,bulk
HA,552,878,1,180705B_rec_DP1pPCRb_S292,MDCK,in vitro,extracellular,bulk
HA,564,853,1,180705B_rec_DP1pPCRb_S292,MDCK,in vitro,extracellular,bulk
HA,622,1139,1,180705B_rec_DP1pPCRb_S292,MDCK,in vitro,extracellular,bulk
HA,709,988,1,180705B_rec_DP1pPCRb_S292,MDCK,in vitro,extracellular,bulk
HA,736,1033,23,180705B_rec_DP1pPCRb_S292,MDCK,in vitro,extracellular,bulk
HA,78,704,1,180705B_rec_DP1pPCRb_S292,MDCK,in vitro,extracellular,bulk
HA,85,1352,1,180705B_rec_DP1pPCRb_S292,MDCK,in vitro,extracellular,bulk
HA,932,1155,1,180705B_rec_DP1pPCRb_S292,MDCK,in vitro,extracellular,bulk
NP,1041,1327,1,180705B_rec_DP1pPCRb_S292,MDCK,in vitro,extracellular,bulk
NP,1095,1157,1,180705B_rec_DP1pPCRb_S292,MDCK,in vitro,extracellular,bulk
NP,1121,1245,1,180705B_rec_DP1pPCRb_S292,MDCK,in vitro,extracellular,bulk
NP,1133,1532,1,180705B_rec_DP1pPCRb_S292,MDCK,in vitro,extracellular,bulk
NP,1204,1339,2,180705B_rec_DP1pPCRb_S292,MDCK,in vitro,extracellular,bulk
NP,1220,1409,1,180705B_rec_DP1pPCRb_S292,MDCK,in vitro,extracellular,bulk
NP,1229,1341,1,180705B_rec_DP1pPCRb_S292,MDCK,in vitro,extracellular,bulk
NP,1246,1350,1,180705B_rec_DP1pPCRb_S292,MDCK,in vitro,extracellular,bulk
NP,1268,1331,1,180705B_rec_DP1pPCRb_S292,MDCK,in vitro,extracellular,bulk
NP,1299,1359,1,180705B_rec_DP1pPCRb_S292,MDCK,in vitro,extracellular,bulk
NP,241,1193,1,180705B_rec_DP1pPCRb_S292,MDCK,in vitro,extracellular,bulk
NP,242,1329,14,180705B_rec_DP1pPCRb_S292,MDCK,in vitro,extracellular,bulk
NP,246,425,1,180705B_rec_DP1pPCRb_S292,MDCK,in vitro,extracellular,bulk
NP,286,518,1,180705B_rec_DP1pPCRb_S292,MDCK,in vitro,extracellular,bulk
NP,292,1359,1,180705B_rec_DP1pPCRb_S292,MDCK,in vitro,extracellular,bulk
NP,296,531,2,180705B_rec_DP1pPCRb_S292,MDCK,in vitro,extracellular,bulk
NP,298,908,2,180705B_rec_DP1pPCRb_S292,MDCK,in vitro,extracellular,bulk
NP,311,1135,4,180705B_rec_DP1pPCRb_S292,MDCK,in vitro,extracellular,bulk
NP,333,1210,1,180705B_rec_DP1pPCRb_S292,MDCK,in vitro,extracellular,bulk
NP,356,1397,1,180705B_rec_DP1pPCRb_S292,MDCK,in vitro,extracellular,bulk
NP,357,1103,1,180705B_rec_DP1pPCRb_S292,MDCK,in vitro,extracellular,bulk
NP,357,1338,1,180705B_rec_DP1pPCRb_S292,MDCK,in vitro,extracellular,bulk
NP,405,1338,1,180705B_rec_DP1pPCRb_S292,MDCK,in vitro,extracellular,bulk
NP,414,918,1,180705B_rec_DP1pPCRb_S292,MDCK,in vitro,extracellular,bulk
NP,424,763,1,180705B_rec_DP1pPCRb_S292,MDCK,in vitro,extracellular,bulk
NP,425,617,1,180705B_rec_DP1pPCRb_S292,MDCK,in vitro,extracellular,bulk
NP,434,486,2,180705B_rec_DP1pPCRb_S292,MDCK,in vitro,extracellular,bulk
NP,437,1326,6,180705B_rec_DP1pPCRb_S292,MDCK,in vitro,extracellular,bulk
NP,437,1329,1,180705B_rec_DP1pPCRb_S292,MDCK,in vitro,extracellular,bulk
NP,439,1328,9,180705B_rec_DP1pPCRb_S292,MDCK,in vitro,extracellular,bulk
NP,440,1338,10,180705B_rec_DP1pPCRb_S292,MDCK,in vitro,extracellular,bulk
NP,449,839,1,180705B_rec_DP1pPCRb_S292,MDCK,in vitro,extracellular,bulk
NP,450,542,1,180705B_rec_DP1pPCRb_S292,MDCK,in vitro,extracellular,bulk
NP,456,482,2,180705B_rec_DP1pPCRb_S292,MDCK,in vitro,extracellular,bulk
NP,458,1411,2,180705B_rec_DP1pPCRb_S292,MDCK,in vitro,extracellular,bulk
NP,474,987,1,180705B_rec_DP1pPCRb_S292,MDCK,in vitro,extracellular,bulk
NP,475,1020,1,180705B_rec_DP1pPCRb_S292,MDCK,in vitro,extracellular,bulk
NP,481,1390,11,180705B_rec_DP1pPCRb_S292,MDCK,in vitro,extracellular,bulk
NP,484,1400,6,180705B_rec_DP1pPCRb_S292,MDCK,in vitro,extracellular,bulk
NP,484,726,1,180705B_rec_DP1pPCRb_S292,MDCK,in vitro,extracellular,bulk
NP,486,1025,1,180705B_rec_DP1pPCRb_S292,MDCK,in vitro,extracellular,bulk
NP,487,1418,1,180705B_rec_DP1pPCRb_S292,MDCK,in vitro,extracellular,bulk
NP,493,1407,3,180705B_rec_DP1pPCRb_S292,MDCK,in vitro,extracellular,bulk
NP,495,1246,1,180705B_rec_DP1pPCRb_S292,MDCK,in vitro,extracellular,bulk
NP,495,1349,2,180705B_rec_DP1pPCRb_S292,MDCK,in vitro,extracellular,bulk
NP,496,1410,1,180705B_rec_DP1pPCRb_S292,MDCK,in vitro,extracellular,bulk
NP,506,1445,1,180705B_rec_DP1pPCRb_S292,MDCK,in vitro,extracellular,bulk
NP,508,1447,1,180705B_rec_DP1pPCRb_S292,MDCK,in vitro,extracellular,bulk
NP,511,555,1,180705B_rec_DP1pPCRb_S292,MDCK,in vitro,extracellular,bulk
NP,536,1414,1,180705B_rec_DP1pPCRb_S292,MDCK,in vitro,extracellular,bulk
NP,546,1390,1,180705B_rec_DP1pPCRb_S292,MDCK,in vitro,extracellular,bulk
NP,549,1328,1,180705B_rec_DP1pPCRb_S292,MDCK,in vitro,extracellular,bulk
NP,607,947,1,180705B_rec_DP1pPCRb_S292,MDCK,in vitro,extracellular,bulk
NP,719,766,1,180705B_rec_DP1pPCRb_S292,MDCK,in vitro,extracellular,bulk
NP,731,1341,1,180705B_rec_DP1pPCRb_S292,MDCK,in vitro,extracellular,bulk
NP,743,976,1,180705B_rec_DP1pPCRb_S292,MDCK,in vitro,extracellular,bulk
NP,760,1325,1,180705B_rec_DP1pPCRb_S292,MDCK,in vitro,extracellular,bulk
NP,777,848,1,180705B_rec_DP1pPCRb_S292,MDCK,in vitro,extracellular,bulk
NP,779,846,1,180705B_rec_DP1pPCRb_S292,MDCK,in vitro,extracellular,bulk
NP,779,848,1,180705B_rec_DP1pPCRb_S292,MDCK,in vitro,extracellular,bulk
NP,791,1424,1,180705B_rec_DP1pPCRb_S292,MDCK,in vitro,extracellular,bulk
NP,825,1268,1,180705B_rec_DP1pPCRb_S292,MDCK,in vitro,extracellular,bulk
NP,849,1228,1,180705B_rec_DP1pPCRb_S292,MDCK,in vitro,extracellular,bulk
NP,898,1055,1,180705B_rec_DP1pPCRb_S292,MDCK,in vitro,extracellular,bulk
NP,929,1350,1,180705B_rec_DP1pPCRb_S292,MDCK,in vitro,extracellular,bulk
NP,96,1392,1,180705B_rec_DP1pPCRb_S292,MDCK,in vitro,extracellular,bulk
NP,96,151,1,180705B_rec_DP1pPCRb_S292,MDCK,in vitro,extracellular,bulk
NA,1123,1166,2,180705B_rec_DP1pPCRb_S292,MDCK,in vitro,extracellular,bulk
NA,1129,1292,1,180705B_rec_DP1pPCRb_S292,MDCK,in vitro,extracellular,bulk
NA,1140,1228,4,180705B_rec_DP1pPCRb_S292,MDCK,in vitro,extracellular,bulk
NA,155,1049,1,180705B_rec_DP1pPCRb_S292,MDCK,in vitro,extracellular,bulk
NA,197,1086,1,180705B_rec_DP1pPCRb_S292,MDCK,in vitro,extracellular,bulk
NA,206,542,1,180705B_rec_DP1pPCRb_S292,MDCK,in vitro,extracellular,bulk
NA,234,832,1,180705B_rec_DP1pPCRb_S292,MDCK,in vitro,extracellular,bulk
NA,239,1023,1,180705B_rec_DP1pPCRb_S292,MDCK,in vitro,extracellular,bulk
NA,241,1102,1,180705B_rec_DP1pPCRb_S292,MDCK,in vitro,extracellular,bulk
NA,251,983,2,180705B_rec_DP1pPCRb_S292,MDCK,in vitro,extracellular,bulk
NA,277,1003,15,180705B_rec_DP1pPCRb_S292,MDCK,in vitro,extracellular,bulk
NA,283,848,25,180705B_rec_DP1pPCRb_S292,MDCK,in vitro,extracellular,bulk
NA,299,1084,1,180705B_rec_DP1pPCRb_S292,MDCK,in vitro,extracellular,bulk
NA,302,1074,1,180705B_rec_DP1pPCRb_S292,MDCK,in vitro,extracellular,bulk
NA,329,1104,1,180705B_rec_DP1pPCRb_S292,MDCK,in vitro,extracellular,bulk
NA,350,798,1,180705B_rec_DP1pPCRb_S292,MDCK,in vitro,extracellular,bulk
NA,398,1068,1,180705B_rec_DP1pPCRb_S292,MDCK,in vitro,extracellular,bulk
NA,409,491,1,180705B_rec_DP1pPCRb_S292,MDCK,in vitro,extracellular,bulk
NA,410,1229,1,180705B_rec_DP1pPCRb_S292,MDCK,in vitro,extracellular,bulk
NA,412,1259,1,180705B_rec_DP1pPCRb_S292,MDCK,in vitro,extracellular,bulk
NA,416,1265,1,180705B_rec_DP1pPCRb_S292,MDCK,in vitro,extracellular,bulk
NA,418,448,1,180705B_rec_DP1pPCRb_S292,MDCK,in vitro,extracellular,bulk
NA,424,1057,2,180705B_rec_DP1pPCRb_S292,MDCK,in vitro,extracellular,bulk
NA,426,513,1,180705B_rec_DP1pPCRb_S292,MDCK,in vitro,extracellular,bulk
NA,427,1117,1,180705B_rec_DP1pPCRb_S292,MDCK,in vitro,extracellular,bulk
NA,456,982,1,180705B_rec_DP1pPCRb_S292,MDCK,in vitro,extracellular,bulk
NA,476,956,2,180705B_rec_DP1pPCRb_S292,MDCK,in vitro,extracellular,bulk
NA,566,984,2,180705B_rec_DP1pPCRb_S292,MDCK,in vitro,extracellular,bulk
NA,577,1001,1,180705B_rec_DP1pPCRb_S292,MDCK,in vitro,extracellular,bulk
NA,582,745,13,180705B_rec_DP1pPCRb_S292,MDCK,in vitro,extracellular,bulk
NA,583,791,299,180705B_rec_DP1pPCRb_S292,MDCK,in vitro,extracellular,bulk
NA,584,792,2,180705B_rec_DP1pPCRb_S292,MDCK,in vitro,extracellular,bulk
NA,638,1326,1,180705B_rec_DP1pPCRb_S292,MDCK,in vitro,extracellular,bulk
NA,646,1089,1,180705B_rec_DP1pPCRb_S292,MDCK,in vitro,extracellular,bulk
NA,650,793,1,180705B_rec_DP1pPCRb_S292,MDCK,in vitro,extracellular,bulk
NA,705,964,1,180705B_rec_DP1pPCRb_S292,MDCK,in vitro,extracellular,bulk
NA,705,997,3,180705B_rec_DP1pPCRb_S292,MDCK,in vitro,extracellular,bulk
NA,709,983,1,180705B_rec_DP1pPCRb_S292,MDCK,in vitro,extracellular,bulk
NA,716,839,1,180705B_rec_DP1pPCRb_S292,MDCK,in vitro,extracellular,bulk
NA,717,997,3,180705B_rec_DP1pPCRb_S292,MDCK,in vitro,extracellular,bulk
NA,720,1216,1,180705B_rec_DP1pPCRb_S292,MDCK,in vitro,extracellular,bulk
NA,722,1241,2,180705B_rec_DP1pPCRb_S292,MDCK,in vitro,extracellular,bulk
NA,811,1073,1,180705B_rec_DP1pPCRb_S292,MDCK,in vitro,extracellular,bulk
NA,827,874,1,180705B_rec_DP1pPCRb_S292,MDCK,in vitro,extracellular,bulk
NA,861,972,3,180705B_rec_DP1pPCRb_S292,MDCK,in vitro,extracellular,bulk
NA,880,964,2,180705B_rec_DP1pPCRb_S292,MDCK,in vitro,extracellular,bulk
NA,882,918,1,180705B_rec_DP1pPCRb_S292,MDCK,in vitro,extracellular,bulk
NA,886,955,1,180705B_rec_DP1pPCRb_S292,MDCK,in vitro,extracellular,bulk
NA,916,1052,1,180705B_rec_DP1pPCRb_S292,MDCK,in vitro,extracellular,bulk
NA,918,1049,9,180705B_rec_DP1pPCRb_S292,MDCK,in vitro,extracellular,bulk
NA,965,1053,1,180705B_rec_DP1pPCRb_S292,MDCK,in vitro,extracellular,bulk
M,121,853,2,180705B_rec_DP1pPCRb_S292,MDCK,in vitro,extracellular,bulk
M,146,933,1,180705B_rec_DP1pPCRb_S292,MDCK,in vitro,extracellular,bulk
M,160,759,1,180705B_rec_DP1pPCRb_S292,MDCK,in vitro,extracellular,bulk
M,179,538,2,180705B_rec_DP1pPCRb_S292,MDCK,in vitro,extracellular,bulk
M,244,292,1,180705B_rec_DP1pPCRb_S292,MDCK,in vitro,extracellular,bulk
M,261,728,2,180705B_rec_DP1pPCRb_S292,MDCK,in vitro,extracellular,bulk
M,308,452,1,180705B_rec_DP1pPCRb_S292,MDCK,in vitro,extracellular,bulk
M,357,663,1,180705B_rec_DP1pPCRb_S292,MDCK,in vitro,extracellular,bulk
M,359,434,4,180705B_rec_DP1pPCRb_S292,MDCK,in vitro,extracellular,bulk
M,362,633,2,180705B_rec_DP1pPCRb_S292,MDCK,in vitro,extracellular,bulk
M,370,745,6,180705B_rec_DP1pPCRb_S292,MDCK,in vitro,extracellular,bulk
M,380,405,1,180705B_rec_DP1pPCRb_S292,MDCK,in vitro,extracellular,bulk
M,389,438,1,180705B_rec_DP1pPCRb_S292,MDCK,in vitro,extracellular,bulk
M,390,607,2,180705B_rec_DP1pPCRb_S292,MDCK,in vitro,extracellular,bulk
M,394,667,1,180705B_rec_DP1pPCRb_S292,MDCK,in vitro,extracellular,bulk
M,394,766,1,180705B_rec_DP1pPCRb_S292,MDCK,in vitro,extracellular,bulk
M,398,828,1,180705B_rec_DP1pPCRb_S292,MDCK,in vitro,extracellular,bulk
M,400,462,2,180705B_rec_DP1pPCRb_S292,MDCK,in vitro,extracellular,bulk
M,401,633,1,180705B_rec_DP1pPCRb_S292,MDCK,in vitro,extracellular,bulk
M,409,469,1,180705B_rec_DP1pPCRb_S292,MDCK,in vitro,extracellular,bulk
M,414,903,1,180705B_rec_DP1pPCRb_S292,MDCK,in vitro,extracellular,bulk
M,415,904,1,180705B_rec_DP1pPCRb_S292,MDCK,in vitro,extracellular,bulk
M,426,485,1,180705B_rec_DP1pPCRb_S292,MDCK,in vitro,extracellular,bulk
M,427,741,1,180705B_rec_DP1pPCRb_S292,MDCK,in vitro,extracellular,bulk
M,431,564,2,180705B_rec_DP1pPCRb_S292,MDCK,in vitro,extracellular,bulk
M,432,554,1,180705B_rec_DP1pPCRb_S292,MDCK,in vitro,extracellular,bulk
M,434,762,5,180705B_rec_DP1pPCRb_S292,MDCK,in vitro,extracellular,bulk
M,437,606,1,180705B_rec_DP1pPCRb_S292,MDCK,in vitro,extracellular,bulk
M,475,533,1,180705B_rec_DP1pPCRb_S292,MDCK,in vitro,extracellular,bulk
M,480,553,2,180705B_rec_DP1pPCRb_S292,MDCK,in vitro,extracellular,bulk
M,480,616,1,180705B_rec_DP1pPCRb_S292,MDCK,in vitro,extracellular,bulk
M,484,582,1,180705B_rec_DP1pPCRb_S292,MDCK,in vitro,extracellular,bulk
M,485,560,33,180705B_rec_DP1pPCRb_S292,MDCK,in vitro,extracellular,bulk
M,488,563,9,180705B_rec_DP1pPCRb_S292,MDCK,in vitro,extracellular,bulk
M,490,644,3,180705B_rec_DP1pPCRb_S292,MDCK,in vitro,extracellular,bulk
M,492,768,1,180705B_rec_DP1pPCRb_S292,MDCK,in vitro,extracellular,bulk
M,495,690,1,180705B_rec_DP1pPCRb_S292,MDCK,in vitro,extracellular,bulk
M,500,571,1,180705B_rec_DP1pPCRb_S292,MDCK,in vitro,extracellular,bulk
M,505,603,1,180705B_rec_DP1pPCRb_S292,MDCK,in vitro,extracellular,bulk
M,511,660,1,180705B_rec_DP1pPCRb_S292,MDCK,in vitro,extracellular,bulk
M,511,692,1,180705B_rec_DP1pPCRb_S292,MDCK,in vitro,extracellular,bulk
M,521,603,1,180705B_rec_DP1pPCRb_S292,MDCK,in vitro,extracellular,bulk
M,523,665,6,180705B_rec_DP1pPCRb_S292,MDCK,in vitro,extracellular,bulk
M,526,573,1,180705B_rec_DP1pPCRb_S292,MDCK,in vitro,extracellular,bulk
M,526,667,1,180705B_rec_DP1pPCRb_S292,MDCK,in vitro,extracellular,bulk
M,538,581,1,180705B_rec_DP1pPCRb_S292,MDCK,in vitro,extracellular,bulk
M,556,679,2,180705B_rec_DP1pPCRb_S292,MDCK,in vitro,extracellular,bulk
M,559,616,1,180705B_rec_DP1pPCRb_S292,MDCK,in vitro,extracellular,bulk
M,564,664,1,180705B_rec_DP1pPCRb_S292,MDCK,in vitro,extracellular,bulk
M,566,610,1,180705B_rec_DP1pPCRb_S292,MDCK,in vitro,extracellular,bulk
M,570,670,1,180705B_rec_DP1pPCRb_S292,MDCK,in vitro,extracellular,bulk
M,602,663,1,180705B_rec_DP1pPCRb_S292,MDCK,in vitro,extracellular,bulk
M,603,670,1,180705B_rec_DP1pPCRb_S292,MDCK,in vitro,extracellular,bulk
M,615,785,2,180705B_rec_DP1pPCRb_S292,MDCK,in vitro,extracellular,bulk
M,623,668,2,180705B_rec_DP1pPCRb_S292,MDCK,in vitro,extracellular,bulk
M,623,740,8,180705B_rec_DP1pPCRb_S292,MDCK,in vitro,extracellular,bulk
M,626,740,1,180705B_rec_DP1pPCRb_S292,MDCK,in vitro,extracellular,bulk
M,626,802,1,180705B_rec_DP1pPCRb_S292,MDCK,in vitro,extracellular,bulk
M,627,750,1,180705B_rec_DP1pPCRb_S292,MDCK,in vitro,extracellular,bulk
M,627,768,5,180705B_rec_DP1pPCRb_S292,MDCK,in vitro,extracellular,bulk
M,641,834,1,180705B_rec_DP1pPCRb_S292,MDCK,in vitro,extracellular,bulk
M,643,707,2,180705B_rec_DP1pPCRb_S292,MDCK,in vitro,extracellular,bulk
M,645,736,1,180705B_rec_DP1pPCRb_S292,MDCK,in vitro,extracellular,bulk
M,649,749,1,180705B_rec_DP1pPCRb_S292,MDCK,in vitro,extracellular,bulk
M,652,743,1,180705B_rec_DP1pPCRb_S292,MDCK,in vitro,extracellular,bulk
M,663,710,1,180705B_rec_DP1pPCRb_S292,MDCK,in vitro,extracellular,bulk
M,712,928,1,180705B_rec_DP1pPCRb_S292,MDCK,in vitro,extracellular,bulk
M,725,747,1,180705B_rec_DP1pPCRb_S292,MDCK,in vitro,extracellular,bulk
M,738,824,1,180705B_rec_DP1pPCRb_S292,MDCK,in vitro,extracellular,bulk
M,761,934,1,180705B_rec_DP1pPCRb_S292,MDCK,in vitro,extracellular,bulk
M,778,841,1,180705B_rec_DP1pPCRb_S292,MDCK,in vitro,extracellular,bulk
M,780,860,1,180705B_rec_DP1pPCRb_S292,MDCK,in vitro,extracellular,bulk
M,783,863,2,180705B_rec_DP1pPCRb_S292,MDCK,in vitro,extracellular,bulk
M,786,847,1,180705B_rec_DP1pPCRb_S292,MDCK,in vitro,extracellular,bulk
M,899,934,9,180705B_rec_DP1pPCRb_S292,MDCK,in vitro,extracellular,bulk
M,912,937,1,180705B_rec_DP1pPCRb_S292,MDCK,in vitro,extracellular,bulk
M,914,939,1,180705B_rec_DP1pPCRb_S292,MDCK,in vitro,extracellular,bulk
NS,213,422,1,180705B_rec_DP1pPCRb_S292,MDCK,in vitro,extracellular,bulk
NS,237,471,1,180705B_rec_DP1pPCRb_S292,MDCK,in vitro,extracellular,bulk
NS,267,349,1,180705B_rec_DP1pPCRb_S292,MDCK,in vitro,extracellular,bulk
NS,269,339,1,180705B_rec_DP1pPCRb_S292,MDCK,in vitro,extracellular,bulk
NS,269,345,1,180705B_rec_DP1pPCRb_S292,MDCK,in vitro,extracellular,bulk
NS,270,400,1,180705B_rec_DP1pPCRb_S292,MDCK,in vitro,extracellular,bulk
NS,301,418,1,180705B_rec_DP1pPCRb_S292,MDCK,in vitro,extracellular,bulk
NS,324,551,2,180705B_rec_DP1pPCRb_S292,MDCK,in vitro,extracellular,bulk
NS,356,684,1,180705B_rec_DP1pPCRb_S292,MDCK,in vitro,extracellular,bulk
NS,359,433,9,180705B_rec_DP1pPCRb_S292,MDCK,in vitro,extracellular,bulk
NS,401,487,1,180705B_rec_DP1pPCRb_S292,MDCK,in vitro,extracellular,bulk
NS,416,446,1,180705B_rec_DP1pPCRb_S292,MDCK,in vitro,extracellular,bulk
NS,417,539,4,180705B_rec_DP1pPCRb_S292,MDCK,in vitro,extracellular,bulk
NS,422,445,1,180705B_rec_DP1pPCRb_S292,MDCK,in vitro,extracellular,bulk
NS,423,446,115,180705B_rec_DP1pPCRb_S292,MDCK,in vitro,extracellular,bulk
NS,453,639,1,180705B_rec_DP1pPCRb_S292,MDCK,in vitro,extracellular,bulk
NS,466,537,1,180705B_rec_DP1pPCRb_S292,MDCK,in vitro,extracellular,bulk
NS,52,428,1,180705B_rec_DP1pPCRb_S292,MDCK,in vitro,extracellular,bulk
NS,56,431,5,180705B_rec_DP1pPCRb_S292,MDCK,in vitro,extracellular,bulk
PB2,1011,2110,1,180705B_rec_WTP1pPCRb_S293,MDCK,in vitro,extracellular,bulk
PB2,1020,1977,1,180705B_rec_WTP1pPCRb_S293,MDCK,in vitro,extracellular,bulk
PB2,1025,1821,2,180705B_rec_WTP1pPCRb_S293,MDCK,in vitro,extracellular,bulk
PB2,1033,2108,1,180705B_rec_WTP1pPCRb_S293,MDCK,in vitro,extracellular,bulk
PB2,1046,1094,1,180705B_rec_WTP1pPCRb_S293,MDCK,in vitro,extracellular,bulk
PB2,1070,2124,1,180705B_rec_WTP1pPCRb_S293,MDCK,in vitro,extracellular,bulk
PB2,1094,2085,1,180705B_rec_WTP1pPCRb_S293,MDCK,in vitro,extracellular,bulk
PB2,115,1800,1,180705B_rec_WTP1pPCRb_S293,MDCK,in vitro,extracellular,bulk
PB2,1188,2090,1,180705B_rec_WTP1pPCRb_S293,MDCK,in vitro,extracellular,bulk
PB2,1194,1643,1,180705B_rec_WTP1pPCRb_S293,MDCK,in vitro,extracellular,bulk
PB2,1205,1773,1,180705B_rec_WTP1pPCRb_S293,MDCK,in vitro,extracellular,bulk
PB2,1247,2009,1,180705B_rec_WTP1pPCRb_S293,MDCK,in vitro,extracellular,bulk
PB2,139,1961,1,180705B_rec_WTP1pPCRb_S293,MDCK,in vitro,extracellular,bulk
PB2,1404,1456,1,180705B_rec_WTP1pPCRb_S293,MDCK,in vitro,extracellular,bulk
PB2,1407,1559,1,180705B_rec_WTP1pPCRb_S293,MDCK,in vitro,extracellular,bulk
PB2,1408,1964,1,180705B_rec_WTP1pPCRb_S293,MDCK,in vitro,extracellular,bulk
PB2,1489,2090,1,180705B_rec_WTP1pPCRb_S293,MDCK,in vitro,extracellular,bulk
PB2,148,2137,4,180705B_rec_WTP1pPCRb_S293,MDCK,in vitro,extracellular,bulk
PB2,1524,1938,1,180705B_rec_WTP1pPCRb_S293,MDCK,in vitro,extracellular,bulk
PB2,1607,1651,1,180705B_rec_WTP1pPCRb_S293,MDCK,in vitro,extracellular,bulk
PB2,1683,1809,1,180705B_rec_WTP1pPCRb_S293,MDCK,in vitro,extracellular,bulk
PB2,168,2068,1,180705B_rec_WTP1pPCRb_S293,MDCK,in vitro,extracellular,bulk
PB2,1708,1751,1,180705B_rec_WTP1pPCRb_S293,MDCK,in vitro,extracellular,bulk
PB2,1713,1747,1,180705B_rec_WTP1pPCRb_S293,MDCK,in vitro,extracellular,bulk
PB2,171,1976,1,180705B_rec_WTP1pPCRb_S293,MDCK,in vitro,extracellular,bulk
PB2,171,2057,1,180705B_rec_WTP1pPCRb_S293,MDCK,in vitro,extracellular,bulk
PB2,177,2045,3,180705B_rec_WTP1pPCRb_S293,MDCK,in vitro,extracellular,bulk
PB2,197,1802,1,180705B_rec_WTP1pPCRb_S293,MDCK,in vitro,extracellular,bulk
PB2,2026,2133,2,180705B_rec_WTP1pPCRb_S293,MDCK,in vitro,extracellular,bulk
PB2,2030,2100,1,180705B_rec_WTP1pPCRb_S293,MDCK,in vitro,extracellular,bulk
PB2,2039,2083,2,180705B_rec_WTP1pPCRb_S293,MDCK,in vitro,extracellular,bulk
PB2,2041,2069,1,180705B_rec_WTP1pPCRb_S293,MDCK,in vitro,extracellular,bulk
PB2,2045,2120,1,180705B_rec_WTP1pPCRb_S293,MDCK,in vitro,extracellular,bulk
PB2,2057,2168,1,180705B_rec_WTP1pPCRb_S293,MDCK,in vitro,extracellular,bulk
PB2,205,1808,1,180705B_rec_WTP1pPCRb_S293,MDCK,in vitro,extracellular,bulk
PB2,205,2081,1,180705B_rec_WTP1pPCRb_S293,MDCK,in vitro,extracellular,bulk
PB2,2061,2131,1,180705B_rec_WTP1pPCRb_S293,MDCK,in vitro,extracellular,bulk
PB2,213,1840,1,180705B_rec_WTP1pPCRb_S293,MDCK,in vitro,extracellular,bulk
PB2,216,259,1,180705B_rec_WTP1pPCRb_S293,MDCK,in vitro,extracellular,bulk
PB2,227,1635,2,180705B_rec_WTP1pPCRb_S293,MDCK,in vitro,extracellular,bulk
PB2,228,2057,4,180705B_rec_WTP1pPCRb_S293,MDCK,in vitro,extracellular,bulk
PB2,231,1732,1,180705B_rec_WTP1pPCRb_S293,MDCK,in vitro,extracellular,bulk
PB2,231,2112,1,180705B_rec_WTP1pPCRb_S293,MDCK,in vitro,extracellular,bulk
PB2,233,1656,1,180705B_rec_WTP1pPCRb_S293,MDCK,in vitro,extracellular,bulk
PB2,235,2022,1,180705B_rec_WTP1pPCRb_S293,MDCK,in vitro,extracellular,bulk
PB2,244,1763,1,180705B_rec_WTP1pPCRb_S293,MDCK,in vitro,extracellular,bulk
PB2,251,1855,3,180705B_rec_WTP1pPCRb_S293,MDCK,in vitro,extracellular,bulk
PB2,257,2068,2,180705B_rec_WTP1pPCRb_S293,MDCK,in vitro,extracellular,bulk
PB2,272,2128,1,180705B_rec_WTP1pPCRb_S293,MDCK,in vitro,extracellular,bulk
PB2,273,1953,5,180705B_rec_WTP1pPCRb_S293,MDCK,in vitro,extracellular,bulk
PB2,275,1964,1,180705B_rec_WTP1pPCRb_S293,MDCK,in vitro,extracellular,bulk
PB2,287,2088,1,180705B_rec_WTP1pPCRb_S293,MDCK,in vitro,extracellular,bulk
PB2,295,1817,1,180705B_rec_WTP1pPCRb_S293,MDCK,in vitro,extracellular,bulk
PB2,297,1636,2,180705B_rec_WTP1pPCRb_S293,MDCK,in vitro,extracellular,bulk
PB2,300,1975,1,180705B_rec_WTP1pPCRb_S293,MDCK,in vitro,extracellular,bulk
PB2,300,2230,3,180705B_rec_WTP1pPCRb_S293,MDCK,in vitro,extracellular,bulk
PB2,303,1691,1,180705B_rec_WTP1pPCRb_S293,MDCK,in vitro,extracellular,bulk
PB2,303,1957,1,180705B_rec_WTP1pPCRb_S293,MDCK,in vitro,extracellular,bulk
PB2,307,2113,1,180705B_rec_WTP1pPCRb_S293,MDCK,in vitro,extracellular,bulk
PB2,308,2031,1,180705B_rec_WTP1pPCRb_S293,MDCK,in vitro,extracellular,bulk
PB2,310,2082,1,180705B_rec_WTP1pPCRb_S293,MDCK,in vitro,extracellular,bulk
PB2,310,2120,1,180705B_rec_WTP1pPCRb_S293,MDCK,in vitro,extracellular,bulk
PB2,314,2000,1,180705B_rec_WTP1pPCRb_S293,MDCK,in vitro,extracellular,bulk
PB2,317,2031,1,180705B_rec_WTP1pPCRb_S293,MDCK,in vitro,extracellular,bulk
PB2,321,1979,1,180705B_rec_WTP1pPCRb_S293,MDCK,in vitro,extracellular,bulk
PB2,326,1887,2,180705B_rec_WTP1pPCRb_S293,MDCK,in vitro,extracellular,bulk
PB2,327,1920,6,180705B_rec_WTP1pPCRb_S293,MDCK,in vitro,extracellular,bulk
PB2,328,1921,1,180705B_rec_WTP1pPCRb_S293,MDCK,in vitro,extracellular,bulk
PB2,336,1755,1,180705B_rec_WTP1pPCRb_S293,MDCK,in vitro,extracellular,bulk
PB2,340,2147,1,180705B_rec_WTP1pPCRb_S293,MDCK,in vitro,extracellular,bulk
PB2,343,1587,3,180705B_rec_WTP1pPCRb_S293,MDCK,in vitro,extracellular,bulk
PB2,359,1873,1,180705B_rec_WTP1pPCRb_S293,MDCK,in vitro,extracellular,bulk
PB2,359,1887,1,180705B_rec_WTP1pPCRb_S293,MDCK,in vitro,extracellular,bulk
PB2,372,1890,1,180705B_rec_WTP1pPCRb_S293,MDCK,in vitro,extracellular,bulk
PB2,374,2004,1,180705B_rec_WTP1pPCRb_S293,MDCK,in vitro,extracellular,bulk
PB2,378,2059,1,180705B_rec_WTP1pPCRb_S293,MDCK,in vitro,extracellular,bulk
PB2,397,1766,9,180705B_rec_WTP1pPCRb_S293,MDCK,in vitro,extracellular,bulk
PB2,397,2152,1,180705B_rec_WTP1pPCRb_S293,MDCK,in vitro,extracellular,bulk
PB2,404,2160,1,180705B_rec_WTP1pPCRb_S293,MDCK,in vitro,extracellular,bulk
PB2,416,1827,4,180705B_rec_WTP1pPCRb_S293,MDCK,in vitro,extracellular,bulk
PB2,417,1802,2,180705B_rec_WTP1pPCRb_S293,MDCK,in vitro,extracellular,bulk
PB2,423,1780,1,180705B_rec_WTP1pPCRb_S293,MDCK,in vitro,extracellular,bulk
PB2,428,1830,78,180705B_rec_WTP1pPCRb_S293,MDCK,in vitro,extracellular,bulk
PB2,429,1827,1,180705B_rec_WTP1pPCRb_S293,MDCK,in vitro,extracellular,bulk
PB2,432,1860,1,180705B_rec_WTP1pPCRb_S293,MDCK,in vitro,extracellular,bulk
PB2,433,1709,1,180705B_rec_WTP1pPCRb_S293,MDCK,in vitro,extracellular,bulk
PB2,433,1743,3,180705B_rec_WTP1pPCRb_S293,MDCK,in vitro,extracellular,bulk
PB2,434,1780,9,180705B_rec_WTP1pPCRb_S293,MDCK,in vitro,extracellular,bulk
PB2,434,1827,1,180705B_rec_WTP1pPCRb_S293,MDCK,in vitro,extracellular,bulk
PB2,437,2111,1,180705B_rec_WTP1pPCRb_S293,MDCK,in vitro,extracellular,bulk
PB2,438,1675,1,180705B_rec_WTP1pPCRb_S293,MDCK,in vitro,extracellular,bulk
PB2,438,823,1,180705B_rec_WTP1pPCRb_S293,MDCK,in vitro,extracellular,bulk
PB2,453,1747,2,180705B_rec_WTP1pPCRb_S293,MDCK,in vitro,extracellular,bulk
PB2,454,1781,1,180705B_rec_WTP1pPCRb_S293,MDCK,in vitro,extracellular,bulk
PB2,464,2088,1,180705B_rec_WTP1pPCRb_S293,MDCK,in vitro,extracellular,bulk
PB2,467,1827,5,180705B_rec_WTP1pPCRb_S293,MDCK,in vitro,extracellular,bulk
PB2,470,1750,4,180705B_rec_WTP1pPCRb_S293,MDCK,in vitro,extracellular,bulk
PB2,471,1776,1,180705B_rec_WTP1pPCRb_S293,MDCK,in vitro,extracellular,bulk
PB2,474,1772,1,180705B_rec_WTP1pPCRb_S293,MDCK,in vitro,extracellular,bulk
PB2,478,1781,7,180705B_rec_WTP1pPCRb_S293,MDCK,in vitro,extracellular,bulk
PB2,479,2123,3,180705B_rec_WTP1pPCRb_S293,MDCK,in vitro,extracellular,bulk
PB2,481,1810,1,180705B_rec_WTP1pPCRb_S293,MDCK,in vitro,extracellular,bulk
PB2,489,1929,1,180705B_rec_WTP1pPCRb_S293,MDCK,in vitro,extracellular,bulk
PB2,489,2032,1,180705B_rec_WTP1pPCRb_S293,MDCK,in vitro,extracellular,bulk
PB2,493,1453,1,180705B_rec_WTP1pPCRb_S293,MDCK,in vitro,extracellular,bulk
PB2,493,1663,1,180705B_rec_WTP1pPCRb_S293,MDCK,in vitro,extracellular,bulk
PB2,497,1887,10,180705B_rec_WTP1pPCRb_S293,MDCK,in vitro,extracellular,bulk
PB2,498,1760,1,180705B_rec_WTP1pPCRb_S293,MDCK,in vitro,extracellular,bulk
PB2,509,1777,4,180705B_rec_WTP1pPCRb_S293,MDCK,in vitro,extracellular,bulk
PB2,510,1955,1,180705B_rec_WTP1pPCRb_S293,MDCK,in vitro,extracellular,bulk
PB2,510,555,2,180705B_rec_WTP1pPCRb_S293,MDCK,in vitro,extracellular,bulk
PB2,512,1637,1,180705B_rec_WTP1pPCRb_S293,MDCK,in vitro,extracellular,bulk
PB2,512,1780,1,180705B_rec_WTP1pPCRb_S293,MDCK,in vitro,extracellular,bulk
PB2,516,1730,1,180705B_rec_WTP1pPCRb_S293,MDCK,in vitro,extracellular,bulk
PB2,546,1556,1,180705B_rec_WTP1pPCRb_S293,MDCK,in vitro,extracellular,bulk
PB2,547,1642,2,180705B_rec_WTP1pPCRb_S293,MDCK,in vitro,extracellular,bulk
PB2,554,1780,1,180705B_rec_WTP1pPCRb_S293,MDCK,in vitro,extracellular,bulk
PB2,555,1709,3,180705B_rec_WTP1pPCRb_S293,MDCK,in vitro,extracellular,bulk
PB2,562,1692,1,180705B_rec_WTP1pPCRb_S293,MDCK,in vitro,extracellular,bulk
PB2,564,1627,16,180705B_rec_WTP1pPCRb_S293,MDCK,in vitro,extracellular,bulk
PB2,567,2036,1,180705B_rec_WTP1pPCRb_S293,MDCK,in vitro,extracellular,bulk
PB2,568,1920,1,180705B_rec_WTP1pPCRb_S293,MDCK,in vitro,extracellular,bulk
PB2,575,1627,3,180705B_rec_WTP1pPCRb_S293,MDCK,in vitro,extracellular,bulk
PB2,576,2001,4,180705B_rec_WTP1pPCRb_S293,MDCK,in vitro,extracellular,bulk
PB2,581,2110,7,180705B_rec_WTP1pPCRb_S293,MDCK,in vitro,extracellular,bulk
PB2,602,2130,2,180705B_rec_WTP1pPCRb_S293,MDCK,in vitro,extracellular,bulk
PB2,603,2128,1,180705B_rec_WTP1pPCRb_S293,MDCK,in vitro,extracellular,bulk
PB2,621,1665,1,180705B_rec_WTP1pPCRb_S293,MDCK,in vitro,extracellular,bulk
PB2,621,1887,1,180705B_rec_WTP1pPCRb_S293,MDCK,in vitro,extracellular,bulk
PB2,623,1629,1,180705B_rec_WTP1pPCRb_S293,MDCK,in vitro,extracellular,bulk
PB2,624,2118,1,180705B_rec_WTP1pPCRb_S293,MDCK,in vitro,extracellular,bulk
PB2,626,1886,1,180705B_rec_WTP1pPCRb_S293,MDCK,in vitro,extracellular,bulk
PB2,626,1989,9,180705B_rec_WTP1pPCRb_S293,MDCK,in vitro,extracellular,bulk
PB2,628,1626,1,180705B_rec_WTP1pPCRb_S293,MDCK,in vitro,extracellular,bulk
PB2,628,1932,26,180705B_rec_WTP1pPCRb_S293,MDCK,in vitro,extracellular,bulk
PB2,648,2087,1,180705B_rec_WTP1pPCRb_S293,MDCK,in vitro,extracellular,bulk
PB2,651,2084,1,180705B_rec_WTP1pPCRb_S293,MDCK,in vitro,extracellular,bulk
PB2,652,2137,1,180705B_rec_WTP1pPCRb_S293,MDCK,in vitro,extracellular,bulk
PB2,653,1501,1,180705B_rec_WTP1pPCRb_S293,MDCK,in vitro,extracellular,bulk
PB2,653,1950,1,180705B_rec_WTP1pPCRb_S293,MDCK,in vitro,extracellular,bulk
PB2,655,1952,1,180705B_rec_WTP1pPCRb_S293,MDCK,in vitro,extracellular,bulk
PB2,655,2105,1,180705B_rec_WTP1pPCRb_S293,MDCK,in vitro,extracellular,bulk
PB2,656,1937,1,180705B_rec_WTP1pPCRb_S293,MDCK,in vitro,extracellular,bulk
PB2,657,1605,1,180705B_rec_WTP1pPCRb_S293,MDCK,in vitro,extracellular,bulk
PB2,664,1653,2,180705B_rec_WTP1pPCRb_S293,MDCK,in vitro,extracellular,bulk
PB2,681,1932,9,180705B_rec_WTP1pPCRb_S293,MDCK,in vitro,extracellular,bulk
PB2,681,2113,44,180705B_rec_WTP1pPCRb_S293,MDCK,in vitro,extracellular,bulk
PB2,682,1930,1,180705B_rec_WTP1pPCRb_S293,MDCK,in vitro,extracellular,bulk
PB2,683,1888,1,180705B_rec_WTP1pPCRb_S293,MDCK,in vitro,extracellular,bulk
PB2,686,1992,1,180705B_rec_WTP1pPCRb_S293,MDCK,in vitro,extracellular,bulk
PB2,688,1684,1,180705B_rec_WTP1pPCRb_S293,MDCK,in vitro,extracellular,bulk
PB2,688,1809,2,180705B_rec_WTP1pPCRb_S293,MDCK,in vitro,extracellular,bulk
PB2,68,1206,1,180705B_rec_WTP1pPCRb_S293,MDCK,in vitro,extracellular,bulk
PB2,731,1614,3,180705B_rec_WTP1pPCRb_S293,MDCK,in vitro,extracellular,bulk
PB2,740,1607,1,180705B_rec_WTP1pPCRb_S293,MDCK,in vitro,extracellular,bulk
PB2,741,1600,2,180705B_rec_WTP1pPCRb_S293,MDCK,in vitro,extracellular,bulk
PB2,746,1741,2,180705B_rec_WTP1pPCRb_S293,MDCK,in vitro,extracellular,bulk
PB2,746,815,1,180705B_rec_WTP1pPCRb_S293,MDCK,in vitro,extracellular,bulk
PB2,747,2082,4,180705B_rec_WTP1pPCRb_S293,MDCK,in vitro,extracellular,bulk
PB2,748,2121,1,180705B_rec_WTP1pPCRb_S293,MDCK,in vitro,extracellular,bulk
PB2,749,1853,1,180705B_rec_WTP1pPCRb_S293,MDCK,in vitro,extracellular,bulk
PB2,754,1602,6,180705B_rec_WTP1pPCRb_S293,MDCK,in vitro,extracellular,bulk
PB2,760,1745,1,180705B_rec_WTP1pPCRb_S293,MDCK,in vitro,extracellular,bulk
PB2,766,1991,1,180705B_rec_WTP1pPCRb_S293,MDCK,in vitro,extracellular,bulk
PB2,769,2084,1,180705B_rec_WTP1pPCRb_S293,MDCK,in vitro,extracellular,bulk
PB2,769,2136,1,180705B_rec_WTP1pPCRb_S293,MDCK,in vitro,extracellular,bulk
PB2,794,2102,1,180705B_rec_WTP1pPCRb_S293,MDCK,in vitro,extracellular,bulk
PB2,811,1936,1,180705B_rec_WTP1pPCRb_S293,MDCK,in vitro,extracellular,bulk
PB2,824,1467,4,180705B_rec_WTP1pPCRb_S293,MDCK,in vitro,extracellular,bulk
PB2,838,1765,3,180705B_rec_WTP1pPCRb_S293,MDCK,in vitro,extracellular,bulk
PB2,84,1993,1,180705B_rec_WTP1pPCRb_S293,MDCK,in vitro,extracellular,bulk
PB2,877,1448,1,180705B_rec_WTP1pPCRb_S293,MDCK,in vitro,extracellular,bulk
PB2,879,1847,1,180705B_rec_WTP1pPCRb_S293,MDCK,in vitro,extracellular,bulk
PB2,87,1823,3,180705B_rec_WTP1pPCRb_S293,MDCK,in vitro,extracellular,bulk
PB2,90,2026,1,180705B_rec_WTP1pPCRb_S293,MDCK,in vitro,extracellular,bulk
PB2,928,2102,1,180705B_rec_WTP1pPCRb_S293,MDCK,in vitro,extracellular,bulk
PB2,928,2104,1,180705B_rec_WTP1pPCRb_S293,MDCK,in vitro,extracellular,bulk
PB2,930,1821,1,180705B_rec_WTP1pPCRb_S293,MDCK,in vitro,extracellular,bulk
PB2,93,2139,1,180705B_rec_WTP1pPCRb_S293,MDCK,in vitro,extracellular,bulk
PB2,941,2130,1,180705B_rec_WTP1pPCRb_S293,MDCK,in vitro,extracellular,bulk
PB2,959,2101,1,180705B_rec_WTP1pPCRb_S293,MDCK,in vitro,extracellular,bulk
PB2,982,1605,1,180705B_rec_WTP1pPCRb_S293,MDCK,in vitro,extracellular,bulk
PB2,989,1363,1,180705B_rec_WTP1pPCRb_S293,MDCK,in vitro,extracellular,bulk
PB2,990,1869,3,180705B_rec_WTP1pPCRb_S293,MDCK,in vitro,extracellular,bulk
PB2,999,1992,1,180705B_rec_WTP1pPCRb_S293,MDCK,in vitro,extracellular,bulk
PB1,1044,2002,1,180705B_rec_WTP1pPCRb_S293,MDCK,in vitro,extracellular,bulk
PB1,1061,1118,1,180705B_rec_WTP1pPCRb_S293,MDCK,in vitro,extracellular,bulk
PB1,1081,1867,1,180705B_rec_WTP1pPCRb_S293,MDCK,in vitro,extracellular,bulk
PB1,113,2030,1,180705B_rec_WTP1pPCRb_S293,MDCK,in vitro,extracellular,bulk
PB1,125,2126,1,180705B_rec_WTP1pPCRb_S293,MDCK,in vitro,extracellular,bulk
PB1,126,2110,1,180705B_rec_WTP1pPCRb_S293,MDCK,in vitro,extracellular,bulk
PB1,131,2139,1,180705B_rec_WTP1pPCRb_S293,MDCK,in vitro,extracellular,bulk
PB1,136,2121,2,180705B_rec_WTP1pPCRb_S293,MDCK,in vitro,extracellular,bulk
PB1,136,2166,33,180705B_rec_WTP1pPCRb_S293,MDCK,in vitro,extracellular,bulk
PB1,137,2165,93,180705B_rec_WTP1pPCRb_S293,MDCK,in vitro,extracellular,bulk
PB1,143,2128,5,180705B_rec_WTP1pPCRb_S293,MDCK,in vitro,extracellular,bulk
PB1,148,2110,44,180705B_rec_WTP1pPCRb_S293,MDCK,in vitro,extracellular,bulk
PB1,148,2158,6,180705B_rec_WTP1pPCRb_S293,MDCK,in vitro,extracellular,bulk
PB1,149,2140,1,180705B_rec_WTP1pPCRb_S293,MDCK,in vitro,extracellular,bulk
PB1,156,1924,1,180705B_rec_WTP1pPCRb_S293,MDCK,in vitro,extracellular,bulk
PB1,159,1693,1,180705B_rec_WTP1pPCRb_S293,MDCK,in vitro,extracellular,bulk
PB1,1614,1640,1,180705B_rec_WTP1pPCRb_S293,MDCK,in vitro,extracellular,bulk
PB1,162,2076,2,180705B_rec_WTP1pPCRb_S293,MDCK,in vitro,extracellular,bulk
PB1,164,2091,1,180705B_rec_WTP1pPCRb_S293,MDCK,in vitro,extracellular,bulk
PB1,165,2017,19,180705B_rec_WTP1pPCRb_S293,MDCK,in vitro,extracellular,bulk
PB1,166,2046,23,180705B_rec_WTP1pPCRb_S293,MDCK,in vitro,extracellular,bulk
PB1,167,2105,1,180705B_rec_WTP1pPCRb_S293,MDCK,in vitro,extracellular,bulk
PB1,169,2099,2,180705B_rec_WTP1pPCRb_S293,MDCK,in vitro,extracellular,bulk
PB1,171,2092,1,180705B_rec_WTP1pPCRb_S293,MDCK,in vitro,extracellular,bulk
PB1,174,2056,1,180705B_rec_WTP1pPCRb_S293,MDCK,in vitro,extracellular,bulk
PB1,178,1861,1,180705B_rec_WTP1pPCRb_S293,MDCK,in vitro,extracellular,bulk
PB1,182,1087,1,180705B_rec_WTP1pPCRb_S293,MDCK,in vitro,extracellular,bulk
PB1,1870,1902,49,180705B_rec_WTP1pPCRb_S293,MDCK,in vitro,extracellular,bulk
PB1,1871,1900,1,180705B_rec_WTP1pPCRb_S293,MDCK,in vitro,extracellular,bulk
PB1,187,1742,1,180705B_rec_WTP1pPCRb_S293,MDCK,in vitro,extracellular,bulk
PB1,187,2105,3,180705B_rec_WTP1pPCRb_S293,MDCK,in vitro,extracellular,bulk
PB1,188,2081,5,180705B_rec_WTP1pPCRb_S293,MDCK,in vitro,extracellular,bulk
PB1,190,1995,18,180705B_rec_WTP1pPCRb_S293,MDCK,in vitro,extracellular,bulk
PB1,190,224,1,180705B_rec_WTP1pPCRb_S293,MDCK,in vitro,extracellular,bulk
PB1,193,2086,1,180705B_rec_WTP1pPCRb_S293,MDCK,in vitro,extracellular,bulk
PB1,1947,2101,1,180705B_rec_WTP1pPCRb_S293,MDCK,in vitro,extracellular,bulk
PB1,194,2052,1,180705B_rec_WTP1pPCRb_S293,MDCK,in vitro,extracellular,bulk
PB1,195,2129,6,180705B_rec_WTP1pPCRb_S293,MDCK,in vitro,extracellular,bulk
PB1,1982,2025,28,180705B_rec_WTP1pPCRb_S293,MDCK,in vitro,extracellular,bulk
PB1,205,2117,3,180705B_rec_WTP1pPCRb_S293,MDCK,in vitro,extracellular,bulk
PB1,2069,2120,1,180705B_rec_WTP1pPCRb_S293,MDCK,in vitro,extracellular,bulk
PB1,2078,2106,1,180705B_rec_WTP1pPCRb_S293,MDCK,in vitro,extracellular,bulk
PB1,2084,2110,25,180705B_rec_WTP1pPCRb_S293,MDCK,in vitro,extracellular,bulk
PB1,2085,2111,1,180705B_rec_WTP1pPCRb_S293,MDCK,in vitro,extracellular,bulk
PB1,2098,2140,1,180705B_rec_WTP1pPCRb_S293,MDCK,in vitro,extracellular,bulk
PB1,210,2024,1,180705B_rec_WTP1pPCRb_S293,MDCK,in vitro,extracellular,bulk
PB1,211,1993,1,180705B_rec_WTP1pPCRb_S293,MDCK,in vitro,extracellular,bulk
PB1,212,1550,2,180705B_rec_WTP1pPCRb_S293,MDCK,in vitro,extracellular,bulk
PB1,213,1651,1,180705B_rec_WTP1pPCRb_S293,MDCK,in vitro,extracellular,bulk
PB1,213,2105,1,180705B_rec_WTP1pPCRb_S293,MDCK,in vitro,extracellular,bulk
PB1,2220,2245,1,180705B_rec_WTP1pPCRb_S293,MDCK,in vitro,extracellular,bulk
PB1,223,2110,5,180705B_rec_WTP1pPCRb_S293,MDCK,in vitro,extracellular,bulk
PB1,227,2046,1,180705B_rec_WTP1pPCRb_S293,MDCK,in vitro,extracellular,bulk
PB1,237,1525,1,180705B_rec_WTP1pPCRb_S293,MDCK,in vitro,extracellular,bulk
PB1,240,270,42,180705B_rec_WTP1pPCRb_S293,MDCK,in vitro,extracellular,bulk
PB1,241,2049,1,180705B_rec_WTP1pPCRb_S293,MDCK,in vitro,extracellular,bulk
PB1,243,2053,5,180705B_rec_WTP1pPCRb_S293,MDCK,in vitro,extracellular,bulk
PB1,253,1934,4,180705B_rec_WTP1pPCRb_S293,MDCK,in vitro,extracellular,bulk
PB1,256,1952,1,180705B_rec_WTP1pPCRb_S293,MDCK,in vitro,extracellular,bulk
PB1,257,2186,72,180705B_rec_WTP1pPCRb_S293,MDCK,in vitro,extracellular,bulk
PB1,258,1939,2,180705B_rec_WTP1pPCRb_S293,MDCK,in vitro,extracellular,bulk
PB1,258,2057,1,180705B_rec_WTP1pPCRb_S293,MDCK,in vitro,extracellular,bulk
PB1,261,2149,1,180705B_rec_WTP1pPCRb_S293,MDCK,in vitro,extracellular,bulk
PB1,266,2171,1,180705B_rec_WTP1pPCRb_S293,MDCK,in vitro,extracellular,bulk
PB1,268,1898,1,180705B_rec_WTP1pPCRb_S293,MDCK,in vitro,extracellular,bulk
PB1,271,2179,1,180705B_rec_WTP1pPCRb_S293,MDCK,in vitro,extracellular,bulk
PB1,277,1815,2,180705B_rec_WTP1pPCRb_S293,MDCK,in vitro,extracellular,bulk
PB1,279,1895,1,180705B_rec_WTP1pPCRb_S293,MDCK,in vitro,extracellular,bulk
PB1,284,1973,1,180705B_rec_WTP1pPCRb_S293,MDCK,in vitro,extracellular,bulk
PB1,289,1869,1,180705B_rec_WTP1pPCRb_S293,MDCK,in vitro,extracellular,bulk
PB1,290,1935,1,180705B_rec_WTP1pPCRb_S293,MDCK,in vitro,extracellular,bulk
PB1,292,1524,1,180705B_rec_WTP1pPCRb_S293,MDCK,in vitro,extracellular,bulk
PB1,293,1996,1,180705B_rec_WTP1pPCRb_S293,MDCK,in vitro,extracellular,bulk
PB1,298,2106,1,180705B_rec_WTP1pPCRb_S293,MDCK,in vitro,extracellular,bulk
PB1,299,1933,1,180705B_rec_WTP1pPCRb_S293,MDCK,in vitro,extracellular,bulk
PB1,300,1850,1,180705B_rec_WTP1pPCRb_S293,MDCK,in vitro,extracellular,bulk
PB1,301,1991,2,180705B_rec_WTP1pPCRb_S293,MDCK,in vitro,extracellular,bulk
PB1,305,1905,1,180705B_rec_WTP1pPCRb_S293,MDCK,in vitro,extracellular,bulk
PB1,305,1936,65,180705B_rec_WTP1pPCRb_S293,MDCK,in vitro,extracellular,bulk
PB1,305,1959,1,180705B_rec_WTP1pPCRb_S293,MDCK,in vitro,extracellular,bulk
PB1,306,1921,1,180705B_rec_WTP1pPCRb_S293,MDCK,in vitro,extracellular,bulk
PB1,307,1905,9,180705B_rec_WTP1pPCRb_S293,MDCK,in vitro,extracellular,bulk
PB1,311,2051,1,180705B_rec_WTP1pPCRb_S293,MDCK,in vitro,extracellular,bulk
PB1,314,1881,1,180705B_rec_WTP1pPCRb_S293,MDCK,in vitro,extracellular,bulk
PB1,316,1898,4,180705B_rec_WTP1pPCRb_S293,MDCK,in vitro,extracellular,bulk
PB1,316,2053,1,180705B_rec_WTP1pPCRb_S293,MDCK,in vitro,extracellular,bulk
PB1,316,2070,6,180705B_rec_WTP1pPCRb_S293,MDCK,in vitro,extracellular,bulk
PB1,317,2039,1,180705B_rec_WTP1pPCRb_S293,MDCK,in vitro,extracellular,bulk
PB1,318,1937,1,180705B_rec_WTP1pPCRb_S293,MDCK,in vitro,extracellular,bulk
PB1,318,2020,23,180705B_rec_WTP1pPCRb_S293,MDCK,in vitro,extracellular,bulk
PB1,318,2044,8,180705B_rec_WTP1pPCRb_S293,MDCK,in vitro,extracellular,bulk
PB1,318,2161,1,180705B_rec_WTP1pPCRb_S293,MDCK,in vitro,extracellular,bulk
PB1,320,2030,1,180705B_rec_WTP1pPCRb_S293,MDCK,in vitro,extracellular,bulk
PB1,320,2129,2,180705B_rec_WTP1pPCRb_S293,MDCK,in vitro,extracellular,bulk
PB1,321,1882,1,180705B_rec_WTP1pPCRb_S293,MDCK,in vitro,extracellular,bulk
PB1,321,1896,22,180705B_rec_WTP1pPCRb_S293,MDCK,in vitro,extracellular,bulk
PB1,321,1909,2,180705B_rec_WTP1pPCRb_S293,MDCK,in vitro,extracellular,bulk
PB1,321,1927,1,180705B_rec_WTP1pPCRb_S293,MDCK,in vitro,extracellular,bulk
PB1,321,1935,1,180705B_rec_WTP1pPCRb_S293,MDCK,in vitro,extracellular,bulk
PB1,322,1941,139,180705B_rec_WTP1pPCRb_S293,MDCK,in vitro,extracellular,bulk
PB1,323,2126,1,180705B_rec_WTP1pPCRb_S293,MDCK,in vitro,extracellular,bulk
PB1,324,1975,1,180705B_rec_WTP1pPCRb_S293,MDCK,in vitro,extracellular,bulk
PB1,324,1994,5,180705B_rec_WTP1pPCRb_S293,MDCK,in vitro,extracellular,bulk
PB1,329,1882,49,180705B_rec_WTP1pPCRb_S293,MDCK,in vitro,extracellular,bulk
PB1,330,1941,2,180705B_rec_WTP1pPCRb_S293,MDCK,in vitro,extracellular,bulk
PB1,334,2133,5,180705B_rec_WTP1pPCRb_S293,MDCK,in vitro,extracellular,bulk
PB1,335,2076,1,180705B_rec_WTP1pPCRb_S293,MDCK,in vitro,extracellular,bulk
PB1,338,1918,1,180705B_rec_WTP1pPCRb_S293,MDCK,in vitro,extracellular,bulk
PB1,338,2140,2,180705B_rec_WTP1pPCRb_S293,MDCK,in vitro,extracellular,bulk
PB1,345,1869,3,180705B_rec_WTP1pPCRb_S293,MDCK,in vitro,extracellular,bulk
PB1,345,1927,1,180705B_rec_WTP1pPCRb_S293,MDCK,in vitro,extracellular,bulk
PB1,345,2099,101,180705B_rec_WTP1pPCRb_S293,MDCK,in vitro,extracellular,bulk
PB1,346,1891,3,180705B_rec_WTP1pPCRb_S293,MDCK,in vitro,extracellular,bulk
PB1,346,1910,1,180705B_rec_WTP1pPCRb_S293,MDCK,in vitro,extracellular,bulk
PB1,346,2019,3,180705B_rec_WTP1pPCRb_S293,MDCK,in vitro,extracellular,bulk
PB1,347,1811,2,180705B_rec_WTP1pPCRb_S293,MDCK,in vitro,extracellular,bulk
PB1,347,1892,975,180705B_rec_WTP1pPCRb_S293,MDCK,in vitro,extracellular,bulk
PB1,348,1893,1,180705B_rec_WTP1pPCRb_S293,MDCK,in vitro,extracellular,bulk
PB1,348,1945,1,180705B_rec_WTP1pPCRb_S293,MDCK,in vitro,extracellular,bulk
PB1,351,2077,4,180705B_rec_WTP1pPCRb_S293,MDCK,in vitro,extracellular,bulk
PB1,352,1929,3,180705B_rec_WTP1pPCRb_S293,MDCK,in vitro,extracellular,bulk
PB1,356,1840,42,180705B_rec_WTP1pPCRb_S293,MDCK,in vitro,extracellular,bulk
PB1,359,1822,1,180705B_rec_WTP1pPCRb_S293,MDCK,in vitro,extracellular,bulk
PB1,360,1993,1,180705B_rec_WTP1pPCRb_S293,MDCK,in vitro,extracellular,bulk
PB1,363,1841,1,180705B_rec_WTP1pPCRb_S293,MDCK,in vitro,extracellular,bulk
PB1,363,1917,9,180705B_rec_WTP1pPCRb_S293,MDCK,in vitro,extracellular,bulk
PB1,367,1855,8,180705B_rec_WTP1pPCRb_S293,MDCK,in vitro,extracellular,bulk
PB1,368,1679,5,180705B_rec_WTP1pPCRb_S293,MDCK,in vitro,extracellular,bulk
PB1,368,2137,1,180705B_rec_WTP1pPCRb_S293,MDCK,in vitro,extracellular,bulk
PB1,383,1897,1,180705B_rec_WTP1pPCRb_S293,MDCK,in vitro,extracellular,bulk
PB1,383,1992,1,180705B_rec_WTP1pPCRb_S293,MDCK,in vitro,extracellular,bulk
PB1,386,1902,1,180705B_rec_WTP1pPCRb_S293,MDCK,in vitro,extracellular,bulk
PB1,386,1950,1,180705B_rec_WTP1pPCRb_S293,MDCK,in vitro,extracellular,bulk
PB1,390,2103,2,180705B_rec_WTP1pPCRb_S293,MDCK,in vitro,extracellular,bulk
PB1,400,1811,1,180705B_rec_WTP1pPCRb_S293,MDCK,in vitro,extracellular,bulk
PB1,403,1882,1,180705B_rec_WTP1pPCRb_S293,MDCK,in vitro,extracellular,bulk
PB1,404,1731,1,180705B_rec_WTP1pPCRb_S293,MDCK,in vitro,extracellular,bulk
PB1,406,2143,1,180705B_rec_WTP1pPCRb_S293,MDCK,in vitro,extracellular,bulk
PB1,409,1851,1,180705B_rec_WTP1pPCRb_S293,MDCK,in vitro,extracellular,bulk
PB1,418,1992,1,180705B_rec_WTP1pPCRb_S293,MDCK,in vitro,extracellular,bulk
PB1,423,1826,1,180705B_rec_WTP1pPCRb_S293,MDCK,in vitro,extracellular,bulk
PB1,425,1869,2,180705B_rec_WTP1pPCRb_S293,MDCK,in vitro,extracellular,bulk
PB1,426,1898,1,180705B_rec_WTP1pPCRb_S293,MDCK,in vitro,extracellular,bulk
PB1,426,2049,1,180705B_rec_WTP1pPCRb_S293,MDCK,in vitro,extracellular,bulk
PB1,428,2189,1,180705B_rec_WTP1pPCRb_S293,MDCK,in vitro,extracellular,bulk
PB1,430,1729,114,180705B_rec_WTP1pPCRb_S293,MDCK,in vitro,extracellular,bulk
PB1,431,2069,1,180705B_rec_WTP1pPCRb_S293,MDCK,in vitro,extracellular,bulk
PB1,434,1926,1,180705B_rec_WTP1pPCRb_S293,MDCK,in vitro,extracellular,bulk
PB1,435,2150,1,180705B_rec_WTP1pPCRb_S293,MDCK,in vitro,extracellular,bulk
PB1,437,1981,4,180705B_rec_WTP1pPCRb_S293,MDCK,in vitro,extracellular,bulk
PB1,438,1778,2,180705B_rec_WTP1pPCRb_S293,MDCK,in vitro,extracellular,bulk
PB1,438,1927,1,180705B_rec_WTP1pPCRb_S293,MDCK,in vitro,extracellular,bulk
PB1,439,2022,1,180705B_rec_WTP1pPCRb_S293,MDCK,in vitro,extracellular,bulk
PB1,446,2107,4,180705B_rec_WTP1pPCRb_S293,MDCK,in vitro,extracellular,bulk
PB1,451,1818,1,180705B_rec_WTP1pPCRb_S293,MDCK,in vitro,extracellular,bulk
PB1,451,1994,1,180705B_rec_WTP1pPCRb_S293,MDCK,in vitro,extracellular,bulk
PB1,452,2018,1,180705B_rec_WTP1pPCRb_S293,MDCK,in vitro,extracellular,bulk
PB1,461,1836,1,180705B_rec_WTP1pPCRb_S293,MDCK,in vitro,extracellular,bulk
PB1,485,1864,1,180705B_rec_WTP1pPCRb_S293,MDCK,in vitro,extracellular,bulk
PB1,505,1899,1,180705B_rec_WTP1pPCRb_S293,MDCK,in vitro,extracellular,bulk
PB1,510,2227,4,180705B_rec_WTP1pPCRb_S293,MDCK,in vitro,extracellular,bulk
PB1,516,1753,1,180705B_rec_WTP1pPCRb_S293,MDCK,in vitro,extracellular,bulk
PB1,529,1716,1,180705B_rec_WTP1pPCRb_S293,MDCK,in vitro,extracellular,bulk
PB1,531,1780,1,180705B_rec_WTP1pPCRb_S293,MDCK,in vitro,extracellular,bulk
PB1,535,1754,1,180705B_rec_WTP1pPCRb_S293,MDCK,in vitro,extracellular,bulk
PB1,541,1700,2,180705B_rec_WTP1pPCRb_S293,MDCK,in vitro,extracellular,bulk
PB1,551,1950,2,180705B_rec_WTP1pPCRb_S293,MDCK,in vitro,extracellular,bulk
PB1,552,2087,1,180705B_rec_WTP1pPCRb_S293,MDCK,in vitro,extracellular,bulk
PB1,557,1712,6,180705B_rec_WTP1pPCRb_S293,MDCK,in vitro,extracellular,bulk
PB1,557,2146,1,180705B_rec_WTP1pPCRb_S293,MDCK,in vitro,extracellular,bulk
PB1,55,80,5,180705B_rec_WTP1pPCRb_S293,MDCK,in vitro,extracellular,bulk
PB1,562,1864,13,180705B_rec_WTP1pPCRb_S293,MDCK,in vitro,extracellular,bulk
PB1,564,2173,1,180705B_rec_WTP1pPCRb_S293,MDCK,in vitro,extracellular,bulk
PB1,566,1818,3,180705B_rec_WTP1pPCRb_S293,MDCK,in vitro,extracellular,bulk
PB1,567,1640,1,180705B_rec_WTP1pPCRb_S293,MDCK,in vitro,extracellular,bulk
PB1,568,1679,1,180705B_rec_WTP1pPCRb_S293,MDCK,in vitro,extracellular,bulk
PB1,573,1728,1,180705B_rec_WTP1pPCRb_S293,MDCK,in vitro,extracellular,bulk
PB1,578,1747,2,180705B_rec_WTP1pPCRb_S293,MDCK,in vitro,extracellular,bulk
PB1,578,1918,1,180705B_rec_WTP1pPCRb_S293,MDCK,in vitro,extracellular,bulk
PB1,584,2168,1,180705B_rec_WTP1pPCRb_S293,MDCK,in vitro,extracellular,bulk
PB1,629,1723,1,180705B_rec_WTP1pPCRb_S293,MDCK,in vitro,extracellular,bulk
PB1,638,1951,1,180705B_rec_WTP1pPCRb_S293,MDCK,in vitro,extracellular,bulk
PB1,642,1614,1,180705B_rec_WTP1pPCRb_S293,MDCK,in vitro,extracellular,bulk
PB1,651,1850,1,180705B_rec_WTP1pPCRb_S293,MDCK,in vitro,extracellular,bulk
PB1,65,93,2,180705B_rec_WTP1pPCRb_S293,MDCK,in vitro,extracellular,bulk
PB1,662,1939,4,180705B_rec_WTP1pPCRb_S293,MDCK,in vitro,extracellular,bulk
PB1,666,2087,1,180705B_rec_WTP1pPCRb_S293,MDCK,in vitro,extracellular,bulk
PB1,68,1971,2,180705B_rec_WTP1pPCRb_S293,MDCK,in vitro,extracellular,bulk
PB1,68,2091,4,180705B_rec_WTP1pPCRb_S293,MDCK,in vitro,extracellular,bulk
PB1,690,1556,1,180705B_rec_WTP1pPCRb_S293,MDCK,in vitro,extracellular,bulk
PB1,701,1499,7,180705B_rec_WTP1pPCRb_S293,MDCK,in vitro,extracellular,bulk
PB1,719,1848,1,180705B_rec_WTP1pPCRb_S293,MDCK,in vitro,extracellular,bulk
PB1,728,1867,1,180705B_rec_WTP1pPCRb_S293,MDCK,in vitro,extracellular,bulk
PB1,740,1808,3,180705B_rec_WTP1pPCRb_S293,MDCK,in vitro,extracellular,bulk
PB1,76,2129,16,180705B_rec_WTP1pPCRb_S293,MDCK,in vitro,extracellular,bulk
PB1,781,1542,2,180705B_rec_WTP1pPCRb_S293,MDCK,in vitro,extracellular,bulk
PB1,893,1363,2,180705B_rec_WTP1pPCRb_S293,MDCK,in vitro,extracellular,bulk
PB1,90,2112,4,180705B_rec_WTP1pPCRb_S293,MDCK,in vitro,extracellular,bulk
PB1,99,2061,4,180705B_rec_WTP1pPCRb_S293,MDCK,in vitro,extracellular,bulk
PA,102,2006,10,180705B_rec_WTP1pPCRb_S293,MDCK,in vitro,extracellular,bulk
PA,1050,1647,1,180705B_rec_WTP1pPCRb_S293,MDCK,in vitro,extracellular,bulk
PA,1078,1658,1,180705B_rec_WTP1pPCRb_S293,MDCK,in vitro,extracellular,bulk
PA,1130,2081,1,180705B_rec_WTP1pPCRb_S293,MDCK,in vitro,extracellular,bulk
PA,1169,2070,1,180705B_rec_WTP1pPCRb_S293,MDCK,in vitro,extracellular,bulk
PA,1200,1488,1,180705B_rec_WTP1pPCRb_S293,MDCK,in vitro,extracellular,bulk
PA,1205,1349,1,180705B_rec_WTP1pPCRb_S293,MDCK,in vitro,extracellular,bulk
PA,120,1922,1,180705B_rec_WTP1pPCRb_S293,MDCK,in vitro,extracellular,bulk
PA,121,2074,35,180705B_rec_WTP1pPCRb_S293,MDCK,in vitro,extracellular,bulk
PA,1236,1279,1,180705B_rec_WTP1pPCRb_S293,MDCK,in vitro,extracellular,bulk
PA,133,1874,1,180705B_rec_WTP1pPCRb_S293,MDCK,in vitro,extracellular,bulk
PA,1386,1939,1,180705B_rec_WTP1pPCRb_S293,MDCK,in vitro,extracellular,bulk
PA,138,1952,13,180705B_rec_WTP1pPCRb_S293,MDCK,in vitro,extracellular,bulk
PA,139,1946,4,180705B_rec_WTP1pPCRb_S293,MDCK,in vitro,extracellular,bulk
PA,1481,2049,1,180705B_rec_WTP1pPCRb_S293,MDCK,in vitro,extracellular,bulk
PA,156,2006,1,180705B_rec_WTP1pPCRb_S293,MDCK,in vitro,extracellular,bulk
PA,157,2026,26,180705B_rec_WTP1pPCRb_S293,MDCK,in vitro,extracellular,bulk
PA,161,2001,8,180705B_rec_WTP1pPCRb_S293,MDCK,in vitro,extracellular,bulk
PA,161,2022,1,180705B_rec_WTP1pPCRb_S293,MDCK,in vitro,extracellular,bulk
PA,162,1980,1,180705B_rec_WTP1pPCRb_S293,MDCK,in vitro,extracellular,bulk
PA,170,1960,1,180705B_rec_WTP1pPCRb_S293,MDCK,in vitro,extracellular,bulk
PA,1726,2049,1,180705B_rec_WTP1pPCRb_S293,MDCK,in vitro,extracellular,bulk
PA,177,1975,1,180705B_rec_WTP1pPCRb_S293,MDCK,in vitro,extracellular,bulk
PA,178,1919,2,180705B_rec_WTP1pPCRb_S293,MDCK,in vitro,extracellular,bulk
PA,179,1794,1,180705B_rec_WTP1pPCRb_S293,MDCK,in vitro,extracellular,bulk
PA,179,1893,6,180705B_rec_WTP1pPCRb_S293,MDCK,in vitro,extracellular,bulk
PA,180,2026,2,180705B_rec_WTP1pPCRb_S293,MDCK,in vitro,extracellular,bulk
PA,183,1915,3,180705B_rec_WTP1pPCRb_S293,MDCK,in vitro,extracellular,bulk
PA,183,1980,5,180705B_rec_WTP1pPCRb_S293,MDCK,in vitro,extracellular,bulk
PA,1868,1965,1,180705B_rec_WTP1pPCRb_S293,MDCK,in vitro,extracellular,bulk
PA,1908,2103,1,180705B_rec_WTP1pPCRb_S293,MDCK,in vitro,extracellular,bulk
PA,192,1837,1,180705B_rec_WTP1pPCRb_S293,MDCK,in vitro,extracellular,bulk
PA,194,1860,1,180705B_rec_WTP1pPCRb_S293,MDCK,in vitro,extracellular,bulk
PA,194,2027,2,180705B_rec_WTP1pPCRb_S293,MDCK,in vitro,extracellular,bulk
PA,2009,2151,1,180705B_rec_WTP1pPCRb_S293,MDCK,in vitro,extracellular,bulk
PA,2025,2141,1,180705B_rec_WTP1pPCRb_S293,MDCK,in vitro,extracellular,bulk
PA,203,1933,6,180705B_rec_WTP1pPCRb_S293,MDCK,in vitro,extracellular,bulk
PA,204,1908,1,180705B_rec_WTP1pPCRb_S293,MDCK,in vitro,extracellular,bulk
PA,204,1960,1,180705B_rec_WTP1pPCRb_S293,MDCK,in vitro,extracellular,bulk
PA,205,2063,1,180705B_rec_WTP1pPCRb_S293,MDCK,in vitro,extracellular,bulk
PA,207,1945,22,180705B_rec_WTP1pPCRb_S293,MDCK,in vitro,extracellular,bulk
PA,207,1951,2,180705B_rec_WTP1pPCRb_S293,MDCK,in vitro,extracellular,bulk
PA,207,1960,2,180705B_rec_WTP1pPCRb_S293,MDCK,in vitro,extracellular,bulk
PA,210,1980,10,180705B_rec_WTP1pPCRb_S293,MDCK,in vitro,extracellular,bulk
PA,211,263,1,180705B_rec_WTP1pPCRb_S293,MDCK,in vitro,extracellular,bulk
PA,212,1926,1,180705B_rec_WTP1pPCRb_S293,MDCK,in vitro,extracellular,bulk
PA,215,1942,1,180705B_rec_WTP1pPCRb_S293,MDCK,in vitro,extracellular,bulk
PA,228,1922,13,180705B_rec_WTP1pPCRb_S293,MDCK,in vitro,extracellular,bulk
PA,233,1957,1,180705B_rec_WTP1pPCRb_S293,MDCK,in vitro,extracellular,bulk
PA,234,1937,8,180705B_rec_WTP1pPCRb_S293,MDCK,in vitro,extracellular,bulk
PA,234,1974,1,180705B_rec_WTP1pPCRb_S293,MDCK,in vitro,extracellular,bulk
PA,242,1624,1,180705B_rec_WTP1pPCRb_S293,MDCK,in vitro,extracellular,bulk
PA,243,1938,1,180705B_rec_WTP1pPCRb_S293,MDCK,in vitro,extracellular,bulk
PA,245,1913,2,180705B_rec_WTP1pPCRb_S293,MDCK,in vitro,extracellular,bulk
PA,245,1945,395,180705B_rec_WTP1pPCRb_S293,MDCK,in vitro,extracellular,bulk
PA,245,2011,9,180705B_rec_WTP1pPCRb_S293,MDCK,in vitro,extracellular,bulk
PA,246,1780,1,180705B_rec_WTP1pPCRb_S293,MDCK,in vitro,extracellular,bulk
PA,248,1967,2,180705B_rec_WTP1pPCRb_S293,MDCK,in vitro,extracellular,bulk
PA,249,1865,1,180705B_rec_WTP1pPCRb_S293,MDCK,in vitro,extracellular,bulk
PA,251,1944,2,180705B_rec_WTP1pPCRb_S293,MDCK,in vitro,extracellular,bulk
PA,258,1893,2,180705B_rec_WTP1pPCRb_S293,MDCK,in vitro,extracellular,bulk
PA,258,1903,89,180705B_rec_WTP1pPCRb_S293,MDCK,in vitro,extracellular,bulk
PA,260,1452,1,180705B_rec_WTP1pPCRb_S293,MDCK,in vitro,extracellular,bulk
PA,260,1917,2,180705B_rec_WTP1pPCRb_S293,MDCK,in vitro,extracellular,bulk
PA,264,1804,2,180705B_rec_WTP1pPCRb_S293,MDCK,in vitro,extracellular,bulk
PA,272,1836,12,180705B_rec_WTP1pPCRb_S293,MDCK,in vitro,extracellular,bulk
PA,274,1827,1,180705B_rec_WTP1pPCRb_S293,MDCK,in vitro,extracellular,bulk
PA,276,1882,165,180705B_rec_WTP1pPCRb_S293,MDCK,in vitro,extracellular,bulk
PA,278,1884,1,180705B_rec_WTP1pPCRb_S293,MDCK,in vitro,extracellular,bulk
PA,27,1750,1,180705B_rec_WTP1pPCRb_S293,MDCK,in vitro,extracellular,bulk
PA,285,1884,1,180705B_rec_WTP1pPCRb_S293,MDCK,in vitro,extracellular,bulk
PA,285,1885,1,180705B_rec_WTP1pPCRb_S293,MDCK,in vitro,extracellular,bulk
PA,285,1920,316,180705B_rec_WTP1pPCRb_S293,MDCK,in vitro,extracellular,bulk
PA,287,1901,1,180705B_rec_WTP1pPCRb_S293,MDCK,in vitro,extracellular,bulk
PA,290,1813,1,180705B_rec_WTP1pPCRb_S293,MDCK,in vitro,extracellular,bulk
PA,291,1712,1,180705B_rec_WTP1pPCRb_S293,MDCK,in vitro,extracellular,bulk
PA,295,1850,1,180705B_rec_WTP1pPCRb_S293,MDCK,in vitro,extracellular,bulk
PA,296,1809,1,180705B_rec_WTP1pPCRb_S293,MDCK,in vitro,extracellular,bulk
PA,301,1842,254,180705B_rec_WTP1pPCRb_S293,MDCK,in vitro,extracellular,bulk
PA,303,1754,1,180705B_rec_WTP1pPCRb_S293,MDCK,in vitro,extracellular,bulk
PA,304,1794,2,180705B_rec_WTP1pPCRb_S293,MDCK,in vitro,extracellular,bulk
PA,306,1830,1,180705B_rec_WTP1pPCRb_S293,MDCK,in vitro,extracellular,bulk
PA,309,1668,1,180705B_rec_WTP1pPCRb_S293,MDCK,in vitro,extracellular,bulk
PA,313,1726,1,180705B_rec_WTP1pPCRb_S293,MDCK,in vitro,extracellular,bulk
PA,313,1844,2,180705B_rec_WTP1pPCRb_S293,MDCK,in vitro,extracellular,bulk
PA,330,1840,1,180705B_rec_WTP1pPCRb_S293,MDCK,in vitro,extracellular,bulk
PA,348,1741,1,180705B_rec_WTP1pPCRb_S293,MDCK,in vitro,extracellular,bulk
PA,351,1762,1,180705B_rec_WTP1pPCRb_S293,MDCK,in vitro,extracellular,bulk
PA,354,1867,1,180705B_rec_WTP1pPCRb_S293,MDCK,in vitro,extracellular,bulk
PA,354,376,1,180705B_rec_WTP1pPCRb_S293,MDCK,in vitro,extracellular,bulk
PA,355,1976,2,180705B_rec_WTP1pPCRb_S293,MDCK,in vitro,extracellular,bulk
PA,357,1792,2,180705B_rec_WTP1pPCRb_S293,MDCK,in vitro,extracellular,bulk
PA,358,1813,2,180705B_rec_WTP1pPCRb_S293,MDCK,in vitro,extracellular,bulk
PA,364,1605,1,180705B_rec_WTP1pPCRb_S293,MDCK,in vitro,extracellular,bulk
PA,366,1761,1,180705B_rec_WTP1pPCRb_S293,MDCK,in vitro,extracellular,bulk
PA,368,1700,94,180705B_rec_WTP1pPCRb_S293,MDCK,in vitro,extracellular,bulk
PA,368,1751,1,180705B_rec_WTP1pPCRb_S293,MDCK,in vitro,extracellular,bulk
PA,378,1698,1,180705B_rec_WTP1pPCRb_S293,MDCK,in vitro,extracellular,bulk
PA,389,1712,1,180705B_rec_WTP1pPCRb_S293,MDCK,in vitro,extracellular,bulk
PA,389,1774,1,180705B_rec_WTP1pPCRb_S293,MDCK,in vitro,extracellular,bulk
PA,389,1823,1,180705B_rec_WTP1pPCRb_S293,MDCK,in vitro,extracellular,bulk
PA,390,1716,1,180705B_rec_WTP1pPCRb_S293,MDCK,in vitro,extracellular,bulk
PA,390,1808,1,180705B_rec_WTP1pPCRb_S293,MDCK,in vitro,extracellular,bulk
PA,390,1893,1,180705B_rec_WTP1pPCRb_S293,MDCK,in vitro,extracellular,bulk
PA,391,1753,14,180705B_rec_WTP1pPCRb_S293,MDCK,in vitro,extracellular,bulk
PA,393,1761,1,180705B_rec_WTP1pPCRb_S293,MDCK,in vitro,extracellular,bulk
PA,398,1697,16,180705B_rec_WTP1pPCRb_S293,MDCK,in vitro,extracellular,bulk
PA,401,1840,1,180705B_rec_WTP1pPCRb_S293,MDCK,in vitro,extracellular,bulk
PA,404,1807,1,180705B_rec_WTP1pPCRb_S293,MDCK,in vitro,extracellular,bulk
PA,410,1754,1,180705B_rec_WTP1pPCRb_S293,MDCK,in vitro,extracellular,bulk
PA,412,1648,1,180705B_rec_WTP1pPCRb_S293,MDCK,in vitro,extracellular,bulk
PA,412,1717,13,180705B_rec_WTP1pPCRb_S293,MDCK,in vitro,extracellular,bulk
PA,413,1815,3,180705B_rec_WTP1pPCRb_S293,MDCK,in vitro,extracellular,bulk
PA,423,2056,1,180705B_rec_WTP1pPCRb_S293,MDCK,in vitro,extracellular,bulk
PA,430,1527,1,180705B_rec_WTP1pPCRb_S293,MDCK,in vitro,extracellular,bulk
PA,433,1733,1,180705B_rec_WTP1pPCRb_S293,MDCK,in vitro,extracellular,bulk
PA,449,1839,1,180705B_rec_WTP1pPCRb_S293,MDCK,in vitro,extracellular,bulk
PA,451,1732,18,180705B_rec_WTP1pPCRb_S293,MDCK,in vitro,extracellular,bulk
PA,457,1631,1,180705B_rec_WTP1pPCRb_S293,MDCK,in vitro,extracellular,bulk
PA,472,2028,1,180705B_rec_WTP1pPCRb_S293,MDCK,in vitro,extracellular,bulk
PA,488,551,1,180705B_rec_WTP1pPCRb_S293,MDCK,in vitro,extracellular,bulk
PA,491,573,1,180705B_rec_WTP1pPCRb_S293,MDCK,in vitro,extracellular,bulk
PA,516,1600,1,180705B_rec_WTP1pPCRb_S293,MDCK,in vitro,extracellular,bulk
PA,518,1821,1,180705B_rec_WTP1pPCRb_S293,MDCK,in vitro,extracellular,bulk
PA,520,2090,1,180705B_rec_WTP1pPCRb_S293,MDCK,in vitro,extracellular,bulk
PA,525,1459,1,180705B_rec_WTP1pPCRb_S293,MDCK,in vitro,extracellular,bulk
PA,526,2092,2,180705B_rec_WTP1pPCRb_S293,MDCK,in vitro,extracellular,bulk
PA,528,2036,1,180705B_rec_WTP1pPCRb_S293,MDCK,in vitro,extracellular,bulk
PA,532,2083,5,180705B_rec_WTP1pPCRb_S293,MDCK,in vitro,extracellular,bulk
PA,536,1617,1,180705B_rec_WTP1pPCRb_S293,MDCK,in vitro,extracellular,bulk
PA,536,1731,1,180705B_rec_WTP1pPCRb_S293,MDCK,in vitro,extracellular,bulk
PA,571,1756,1,180705B_rec_WTP1pPCRb_S293,MDCK,in vitro,extracellular,bulk
PA,574,2083,1,180705B_rec_WTP1pPCRb_S293,MDCK,in vitro,extracellular,bulk
PA,581,1373,1,180705B_rec_WTP1pPCRb_S293,MDCK,in vitro,extracellular,bulk
PA,583,1884,1,180705B_rec_WTP1pPCRb_S293,MDCK,in vitro,extracellular,bulk
PA,586,1637,1,180705B_rec_WTP1pPCRb_S293,MDCK,in vitro,extracellular,bulk
PA,590,2063,2,180705B_rec_WTP1pPCRb_S293,MDCK,in vitro,extracellular,bulk
PA,600,1744,5,180705B_rec_WTP1pPCRb_S293,MDCK,in vitro,extracellular,bulk
PA,625,2049,1,180705B_rec_WTP1pPCRb_S293,MDCK,in vitro,extracellular,bulk
PA,628,1594,1,180705B_rec_WTP1pPCRb_S293,MDCK,in vitro,extracellular,bulk
PA,636,1423,2,180705B_rec_WTP1pPCRb_S293,MDCK,in vitro,extracellular,bulk
PA,648,1579,1,180705B_rec_WTP1pPCRb_S293,MDCK,in vitro,extracellular,bulk
PA,64,1814,1,180705B_rec_WTP1pPCRb_S293,MDCK,in vitro,extracellular,bulk
PA,663,1092,1,180705B_rec_WTP1pPCRb_S293,MDCK,in vitro,extracellular,bulk
PA,667,1972,1,180705B_rec_WTP1pPCRb_S293,MDCK,in vitro,extracellular,bulk
PA,753,1072,1,180705B_rec_WTP1pPCRb_S293,MDCK,in vitro,extracellular,bulk
PA,82,2075,1,180705B_rec_WTP1pPCRb_S293,MDCK,in vitro,extracellular,bulk
PA,855,1653,1,180705B_rec_WTP1pPCRb_S293,MDCK,in vitro,extracellular,bulk
PA,858,2035,1,180705B_rec_WTP1pPCRb_S293,MDCK,in vitro,extracellular,bulk
PA,903,2172,1,180705B_rec_WTP1pPCRb_S293,MDCK,in vitro,extracellular,bulk
PA,905,1080,1,180705B_rec_WTP1pPCRb_S293,MDCK,in vitro,extracellular,bulk
PA,905,2100,3,180705B_rec_WTP1pPCRb_S293,MDCK,in vitro,extracellular,bulk
PA,906,1725,1,180705B_rec_WTP1pPCRb_S293,MDCK,in vitro,extracellular,bulk
PA,910,987,1,180705B_rec_WTP1pPCRb_S293,MDCK,in vitro,extracellular,bulk
PA,921,1507,1,180705B_rec_WTP1pPCRb_S293,MDCK,in vitro,extracellular,bulk
PA,941,2088,1,180705B_rec_WTP1pPCRb_S293,MDCK,in vitro,extracellular,bulk
PA,97,1810,1,180705B_rec_WTP1pPCRb_S293,MDCK,in vitro,extracellular,bulk
PA,986,1616,1,180705B_rec_WTP1pPCRb_S293,MDCK,in vitro,extracellular,bulk
HA,1005,1105,2,180705B_rec_WTP1pPCRb_S293,MDCK,in vitro,extracellular,bulk
HA,128,1534,1,180705B_rec_WTP1pPCRb_S293,MDCK,in vitro,extracellular,bulk
HA,162,304,1,180705B_rec_WTP1pPCRb_S293,MDCK,in vitro,extracellular,bulk
HA,190,704,2,180705B_rec_WTP1pPCRb_S293,MDCK,in vitro,extracellular,bulk
HA,211,1448,16,180705B_rec_WTP1pPCRb_S293,MDCK,in vitro,extracellular,bulk
HA,233,1447,14,180705B_rec_WTP1pPCRb_S293,MDCK,in vitro,extracellular,bulk
HA,277,1348,1,180705B_rec_WTP1pPCRb_S293,MDCK,in vitro,extracellular,bulk
HA,345,1405,1,180705B_rec_WTP1pPCRb_S293,MDCK,in vitro,extracellular,bulk
HA,348,707,1,180705B_rec_WTP1pPCRb_S293,MDCK,in vitro,extracellular,bulk
HA,350,599,1,180705B_rec_WTP1pPCRb_S293,MDCK,in vitro,extracellular,bulk
HA,436,1393,1,180705B_rec_WTP1pPCRb_S293,MDCK,in vitro,extracellular,bulk
HA,480,704,1,180705B_rec_WTP1pPCRb_S293,MDCK,in vitro,extracellular,bulk
HA,524,1072,1,180705B_rec_WTP1pPCRb_S293,MDCK,in vitro,extracellular,bulk
HA,535,566,1,180705B_rec_WTP1pPCRb_S293,MDCK,in vitro,extracellular,bulk
HA,541,1412,1,180705B_rec_WTP1pPCRb_S293,MDCK,in vitro,extracellular,bulk
HA,545,811,1,180705B_rec_WTP1pPCRb_S293,MDCK,in vitro,extracellular,bulk
HA,547,794,1,180705B_rec_WTP1pPCRb_S293,MDCK,in vitro,extracellular,bulk
HA,548,1102,1,180705B_rec_WTP1pPCRb_S293,MDCK,in vitro,extracellular,bulk
HA,593,1576,1,180705B_rec_WTP1pPCRb_S293,MDCK,in vitro,extracellular,bulk
HA,690,728,1,180705B_rec_WTP1pPCRb_S293,MDCK,in vitro,extracellular,bulk
HA,722,786,1,180705B_rec_WTP1pPCRb_S293,MDCK,in vitro,extracellular,bulk
HA,723,982,1,180705B_rec_WTP1pPCRb_S293,MDCK,in vitro,extracellular,bulk
HA,800,856,1,180705B_rec_WTP1pPCRb_S293,MDCK,in vitro,extracellular,bulk
HA,835,901,1,180705B_rec_WTP1pPCRb_S293,MDCK,in vitro,extracellular,bulk
HA,864,1072,1,180705B_rec_WTP1pPCRb_S293,MDCK,in vitro,extracellular,bulk
HA,907,1519,1,180705B_rec_WTP1pPCRb_S293,MDCK,in vitro,extracellular,bulk
HA,917,1494,1,180705B_rec_WTP1pPCRb_S293,MDCK,in vitro,extracellular,bulk
HA,93,142,1,180705B_rec_WTP1pPCRb_S293,MDCK,in vitro,extracellular,bulk
HA,943,1202,1,180705B_rec_WTP1pPCRb_S293,MDCK,in vitro,extracellular,bulk
NP,1081,1443,1,180705B_rec_WTP1pPCRb_S293,MDCK,in vitro,extracellular,bulk
NP,1098,1454,1,180705B_rec_WTP1pPCRb_S293,MDCK,in vitro,extracellular,bulk
NP,1115,1341,1,180705B_rec_WTP1pPCRb_S293,MDCK,in vitro,extracellular,bulk
NP,1133,1532,1,180705B_rec_WTP1pPCRb_S293,MDCK,in vitro,extracellular,bulk
NP,1167,1189,1,180705B_rec_WTP1pPCRb_S293,MDCK,in vitro,extracellular,bulk
NP,1169,1225,1,180705B_rec_WTP1pPCRb_S293,MDCK,in vitro,extracellular,bulk
NP,1204,1339,1,180705B_rec_WTP1pPCRb_S293,MDCK,in vitro,extracellular,bulk
NP,127,1331,1,180705B_rec_WTP1pPCRb_S293,MDCK,in vitro,extracellular,bulk
NP,1283,1323,1,180705B_rec_WTP1pPCRb_S293,MDCK,in vitro,extracellular,bulk
NP,1367,1491,1,180705B_rec_WTP1pPCRb_S293,MDCK,in vitro,extracellular,bulk
NP,153,1353,2,180705B_rec_WTP1pPCRb_S293,MDCK,in vitro,extracellular,bulk
NP,251,1446,1,180705B_rec_WTP1pPCRb_S293,MDCK,in vitro,extracellular,bulk
NP,261,1309,1,180705B_rec_WTP1pPCRb_S293,MDCK,in vitro,extracellular,bulk
NP,296,531,4,180705B_rec_WTP1pPCRb_S293,MDCK,in vitro,extracellular,bulk
NP,326,670,1,180705B_rec_WTP1pPCRb_S293,MDCK,in vitro,extracellular,bulk
NP,356,1397,1,180705B_rec_WTP1pPCRb_S293,MDCK,in vitro,extracellular,bulk
NP,360,1227,1,180705B_rec_WTP1pPCRb_S293,MDCK,in vitro,extracellular,bulk
NP,404,1052,1,180705B_rec_WTP1pPCRb_S293,MDCK,in vitro,extracellular,bulk
NP,425,617,1,180705B_rec_WTP1pPCRb_S293,MDCK,in vitro,extracellular,bulk
NP,430,1168,1,180705B_rec_WTP1pPCRb_S293,MDCK,in vitro,extracellular,bulk
NP,432,549,1,180705B_rec_WTP1pPCRb_S293,MDCK,in vitro,extracellular,bulk
NP,434,486,1,180705B_rec_WTP1pPCRb_S293,MDCK,in vitro,extracellular,bulk
NP,437,1326,3,180705B_rec_WTP1pPCRb_S293,MDCK,in vitro,extracellular,bulk
NP,439,1328,14,180705B_rec_WTP1pPCRb_S293,MDCK,in vitro,extracellular,bulk
NP,439,1387,1,180705B_rec_WTP1pPCRb_S293,MDCK,in vitro,extracellular,bulk
NP,440,1338,8,180705B_rec_WTP1pPCRb_S293,MDCK,in vitro,extracellular,bulk
NP,446,1363,1,180705B_rec_WTP1pPCRb_S293,MDCK,in vitro,extracellular,bulk
NP,449,1285,1,180705B_rec_WTP1pPCRb_S293,MDCK,in vitro,extracellular,bulk
NP,456,1390,1,180705B_rec_WTP1pPCRb_S293,MDCK,in vitro,extracellular,bulk
NP,456,482,1,180705B_rec_WTP1pPCRb_S293,MDCK,in vitro,extracellular,bulk
NP,456,547,1,180705B_rec_WTP1pPCRb_S293,MDCK,in vitro,extracellular,bulk
NP,461,833,1,180705B_rec_WTP1pPCRb_S293,MDCK,in vitro,extracellular,bulk
NP,461,874,2,180705B_rec_WTP1pPCRb_S293,MDCK,in vitro,extracellular,bulk
NP,462,1338,1,180705B_rec_WTP1pPCRb_S293,MDCK,in vitro,extracellular,bulk
NP,462,1424,1,180705B_rec_WTP1pPCRb_S293,MDCK,in vitro,extracellular,bulk
NP,464,1327,1,180705B_rec_WTP1pPCRb_S293,MDCK,in vitro,extracellular,bulk
NP,475,845,1,180705B_rec_WTP1pPCRb_S293,MDCK,in vitro,extracellular,bulk
NP,478,1039,1,180705B_rec_WTP1pPCRb_S293,MDCK,in vitro,extracellular,bulk
NP,481,1390,15,180705B_rec_WTP1pPCRb_S293,MDCK,in vitro,extracellular,bulk
NP,481,1412,3,180705B_rec_WTP1pPCRb_S293,MDCK,in vitro,extracellular,bulk
NP,481,619,1,180705B_rec_WTP1pPCRb_S293,MDCK,in vitro,extracellular,bulk
NP,484,1400,12,180705B_rec_WTP1pPCRb_S293,MDCK,in vitro,extracellular,bulk
NP,491,1260,1,180705B_rec_WTP1pPCRb_S293,MDCK,in vitro,extracellular,bulk
NP,493,1407,2,180705B_rec_WTP1pPCRb_S293,MDCK,in vitro,extracellular,bulk
NP,495,1246,2,180705B_rec_WTP1pPCRb_S293,MDCK,in vitro,extracellular,bulk
NP,496,1410,1,180705B_rec_WTP1pPCRb_S293,MDCK,in vitro,extracellular,bulk
NP,506,1445,3,180705B_rec_WTP1pPCRb_S293,MDCK,in vitro,extracellular,bulk
NP,512,1451,1,180705B_rec_WTP1pPCRb_S293,MDCK,in vitro,extracellular,bulk
NP,512,806,1,180705B_rec_WTP1pPCRb_S293,MDCK,in vitro,extracellular,bulk
NP,526,894,1,180705B_rec_WTP1pPCRb_S293,MDCK,in vitro,extracellular,bulk
NP,538,1054,2,180705B_rec_WTP1pPCRb_S293,MDCK,in vitro,extracellular,bulk
NP,541,862,1,180705B_rec_WTP1pPCRb_S293,MDCK,in vitro,extracellular,bulk
NP,546,1390,1,180705B_rec_WTP1pPCRb_S293,MDCK,in vitro,extracellular,bulk
NP,549,1328,2,180705B_rec_WTP1pPCRb_S293,MDCK,in vitro,extracellular,bulk
NP,552,830,1,180705B_rec_WTP1pPCRb_S293,MDCK,in vitro,extracellular,bulk
NP,574,833,1,180705B_rec_WTP1pPCRb_S293,MDCK,in vitro,extracellular,bulk
NP,592,1328,2,180705B_rec_WTP1pPCRb_S293,MDCK,in vitro,extracellular,bulk
NP,607,845,1,180705B_rec_WTP1pPCRb_S293,MDCK,in vitro,extracellular,bulk
NP,622,1172,1,180705B_rec_WTP1pPCRb_S293,MDCK,in vitro,extracellular,bulk
NP,669,1163,1,180705B_rec_WTP1pPCRb_S293,MDCK,in vitro,extracellular,bulk
NP,680,1325,1,180705B_rec_WTP1pPCRb_S293,MDCK,in vitro,extracellular,bulk
NP,685,709,1,180705B_rec_WTP1pPCRb_S293,MDCK,in vitro,extracellular,bulk
NP,695,766,1,180705B_rec_WTP1pPCRb_S293,MDCK,in vitro,extracellular,bulk
NP,760,1325,1,180705B_rec_WTP1pPCRb_S293,MDCK,in vitro,extracellular,bulk
NP,765,911,1,180705B_rec_WTP1pPCRb_S293,MDCK,in vitro,extracellular,bulk
NP,775,848,2,180705B_rec_WTP1pPCRb_S293,MDCK,in vitro,extracellular,bulk
NP,779,1226,1,180705B_rec_WTP1pPCRb_S293,MDCK,in vitro,extracellular,bulk
NP,779,848,3,180705B_rec_WTP1pPCRb_S293,MDCK,in vitro,extracellular,bulk
NP,791,1424,1,180705B_rec_WTP1pPCRb_S293,MDCK,in vitro,extracellular,bulk
NP,799,1055,1,180705B_rec_WTP1pPCRb_S293,MDCK,in vitro,extracellular,bulk
NP,812,1068,1,180705B_rec_WTP1pPCRb_S293,MDCK,in vitro,extracellular,bulk
NP,825,1330,1,180705B_rec_WTP1pPCRb_S293,MDCK,in vitro,extracellular,bulk
NP,831,1417,4,180705B_rec_WTP1pPCRb_S293,MDCK,in vitro,extracellular,bulk
NP,834,1057,1,180705B_rec_WTP1pPCRb_S293,MDCK,in vitro,extracellular,bulk
NP,849,1228,1,180705B_rec_WTP1pPCRb_S293,MDCK,in vitro,extracellular,bulk
NP,86,151,1,180705B_rec_WTP1pPCRb_S293,MDCK,in vitro,extracellular,bulk
NP,930,1115,1,180705B_rec_WTP1pPCRb_S293,MDCK,in vitro,extracellular,bulk
NP,967,1146,2,180705B_rec_WTP1pPCRb_S293,MDCK,in vitro,extracellular,bulk
NP,96,151,2,180705B_rec_WTP1pPCRb_S293,MDCK,in vitro,extracellular,bulk
NA,1123,1166,4,180705B_rec_WTP1pPCRb_S293,MDCK,in vitro,extracellular,bulk
NA,1140,1228,3,180705B_rec_WTP1pPCRb_S293,MDCK,in vitro,extracellular,bulk
NA,1228,1269,1,180705B_rec_WTP1pPCRb_S293,MDCK,in vitro,extracellular,bulk
NA,197,1086,3,180705B_rec_WTP1pPCRb_S293,MDCK,in vitro,extracellular,bulk
NA,200,993,1,180705B_rec_WTP1pPCRb_S293,MDCK,in vitro,extracellular,bulk
NA,201,542,1,180705B_rec_WTP1pPCRb_S293,MDCK,in vitro,extracellular,bulk
NA,214,240,1,180705B_rec_WTP1pPCRb_S293,MDCK,in vitro,extracellular,bulk
NA,230,874,1,180705B_rec_WTP1pPCRb_S293,MDCK,in vitro,extracellular,bulk
NA,232,876,2,180705B_rec_WTP1pPCRb_S293,MDCK,in vitro,extracellular,bulk
NA,248,320,1,180705B_rec_WTP1pPCRb_S293,MDCK,in vitro,extracellular,bulk
NA,251,983,2,180705B_rec_WTP1pPCRb_S293,MDCK,in vitro,extracellular,bulk
NA,265,540,1,180705B_rec_WTP1pPCRb_S293,MDCK,in vitro,extracellular,bulk
NA,277,1003,14,180705B_rec_WTP1pPCRb_S293,MDCK,in vitro,extracellular,bulk
NA,300,1133,1,180705B_rec_WTP1pPCRb_S293,MDCK,in vitro,extracellular,bulk
NA,302,1074,1,180705B_rec_WTP1pPCRb_S293,MDCK,in vitro,extracellular,bulk
NA,309,1104,1,180705B_rec_WTP1pPCRb_S293,MDCK,in vitro,extracellular,bulk
NA,317,1045,1,180705B_rec_WTP1pPCRb_S293,MDCK,in vitro,extracellular,bulk
NA,345,1072,1,180705B_rec_WTP1pPCRb_S293,MDCK,in vitro,extracellular,bulk
NA,355,966,1,180705B_rec_WTP1pPCRb_S293,MDCK,in vitro,extracellular,bulk
NA,398,1068,1,180705B_rec_WTP1pPCRb_S293,MDCK,in vitro,extracellular,bulk
NA,423,998,1,180705B_rec_WTP1pPCRb_S293,MDCK,in vitro,extracellular,bulk
NA,427,1117,3,180705B_rec_WTP1pPCRb_S293,MDCK,in vitro,extracellular,bulk
NA,475,812,1,180705B_rec_WTP1pPCRb_S293,MDCK,in vitro,extracellular,bulk
NA,495,1087,1,180705B_rec_WTP1pPCRb_S293,MDCK,in vitro,extracellular,bulk
NA,503,1245,1,180705B_rec_WTP1pPCRb_S293,MDCK,in vitro,extracellular,bulk
NA,531,1097,1,180705B_rec_WTP1pPCRb_S293,MDCK,in vitro,extracellular,bulk
NA,542,724,1,180705B_rec_WTP1pPCRb_S293,MDCK,in vitro,extracellular,bulk
NA,566,984,1,180705B_rec_WTP1pPCRb_S293,MDCK,in vitro,extracellular,bulk
NA,571,1093,2,180705B_rec_WTP1pPCRb_S293,MDCK,in vitro,extracellular,bulk
NA,646,1089,1,180705B_rec_WTP1pPCRb_S293,MDCK,in vitro,extracellular,bulk
NA,709,983,2,180705B_rec_WTP1pPCRb_S293,MDCK,in vitro,extracellular,bulk
NA,716,839,3,180705B_rec_WTP1pPCRb_S293,MDCK,in vitro,extracellular,bulk
NA,722,1241,2,180705B_rec_WTP1pPCRb_S293,MDCK,in vitro,extracellular,bulk
NA,811,1073,2,180705B_rec_WTP1pPCRb_S293,MDCK,in vitro,extracellular,bulk
NA,835,930,1,180705B_rec_WTP1pPCRb_S293,MDCK,in vitro,extracellular,bulk
NA,852,1089,1,180705B_rec_WTP1pPCRb_S293,MDCK,in vitro,extracellular,bulk
NA,853,1120,1,180705B_rec_WTP1pPCRb_S293,MDCK,in vitro,extracellular,bulk
NA,859,1006,1,180705B_rec_WTP1pPCRb_S293,MDCK,in vitro,extracellular,bulk
NA,861,972,3,180705B_rec_WTP1pPCRb_S293,MDCK,in vitro,extracellular,bulk
NA,882,934,1,180705B_rec_WTP1pPCRb_S293,MDCK,in vitro,extracellular,bulk
NA,886,955,1,180705B_rec_WTP1pPCRb_S293,MDCK,in vitro,extracellular,bulk
NA,931,1292,1,180705B_rec_WTP1pPCRb_S293,MDCK,in vitro,extracellular,bulk
NA,963,1081,1,180705B_rec_WTP1pPCRb_S293,MDCK,in vitro,extracellular,bulk
NA,964,998,1,180705B_rec_WTP1pPCRb_S293,MDCK,in vitro,extracellular,bulk
M,125,802,1,180705B_rec_WTP1pPCRb_S293,MDCK,in vitro,extracellular,bulk
M,153,692,1,180705B_rec_WTP1pPCRb_S293,MDCK,in vitro,extracellular,bulk
M,163,591,1,180705B_rec_WTP1pPCRb_S293,MDCK,in vitro,extracellular,bulk
M,164,586,1,180705B_rec_WTP1pPCRb_S293,MDCK,in vitro,extracellular,bulk
M,170,310,1,180705B_rec_WTP1pPCRb_S293,MDCK,in vitro,extracellular,bulk
M,179,538,3,180705B_rec_WTP1pPCRb_S293,MDCK,in vitro,extracellular,bulk
M,184,649,1,180705B_rec_WTP1pPCRb_S293,MDCK,in vitro,extracellular,bulk
M,235,316,1,180705B_rec_WTP1pPCRb_S293,MDCK,in vitro,extracellular,bulk
M,245,287,1,180705B_rec_WTP1pPCRb_S293,MDCK,in vitro,extracellular,bulk
M,250,767,1,180705B_rec_WTP1pPCRb_S293,MDCK,in vitro,extracellular,bulk
M,262,879,1,180705B_rec_WTP1pPCRb_S293,MDCK,in vitro,extracellular,bulk
M,274,644,1,180705B_rec_WTP1pPCRb_S293,MDCK,in vitro,extracellular,bulk
M,295,756,1,180705B_rec_WTP1pPCRb_S293,MDCK,in vitro,extracellular,bulk
M,342,935,1,180705B_rec_WTP1pPCRb_S293,MDCK,in vitro,extracellular,bulk
M,359,434,14,180705B_rec_WTP1pPCRb_S293,MDCK,in vitro,extracellular,bulk
M,359,761,1,180705B_rec_WTP1pPCRb_S293,MDCK,in vitro,extracellular,bulk
M,360,436,1,180705B_rec_WTP1pPCRb_S293,MDCK,in vitro,extracellular,bulk
M,361,743,1,180705B_rec_WTP1pPCRb_S293,MDCK,in vitro,extracellular,bulk
M,362,633,3,180705B_rec_WTP1pPCRb_S293,MDCK,in vitro,extracellular,bulk
M,370,745,1,180705B_rec_WTP1pPCRb_S293,MDCK,in vitro,extracellular,bulk
M,370,884,1,180705B_rec_WTP1pPCRb_S293,MDCK,in vitro,extracellular,bulk
M,371,514,1,180705B_rec_WTP1pPCRb_S293,MDCK,in vitro,extracellular,bulk
M,389,492,1,180705B_rec_WTP1pPCRb_S293,MDCK,in vitro,extracellular,bulk
M,394,667,1,180705B_rec_WTP1pPCRb_S293,MDCK,in vitro,extracellular,bulk
M,398,828,1,180705B_rec_WTP1pPCRb_S293,MDCK,in vitro,extracellular,bulk
M,402,500,1,180705B_rec_WTP1pPCRb_S293,MDCK,in vitro,extracellular,bulk
M,408,456,1,180705B_rec_WTP1pPCRb_S293,MDCK,in vitro,extracellular,bulk
M,411,433,1,180705B_rec_WTP1pPCRb_S293,MDCK,in vitro,extracellular,bulk
M,411,686,1,180705B_rec_WTP1pPCRb_S293,MDCK,in vitro,extracellular,bulk
M,411,760,2,180705B_rec_WTP1pPCRb_S293,MDCK,in vitro,extracellular,bulk
M,414,744,1,180705B_rec_WTP1pPCRb_S293,MDCK,in vitro,extracellular,bulk
M,414,903,1,180705B_rec_WTP1pPCRb_S293,MDCK,in vitro,extracellular,bulk
M,417,692,1,180705B_rec_WTP1pPCRb_S293,MDCK,in vitro,extracellular,bulk
M,426,559,2,180705B_rec_WTP1pPCRb_S293,MDCK,in vitro,extracellular,bulk
M,427,656,1,180705B_rec_WTP1pPCRb_S293,MDCK,in vitro,extracellular,bulk
M,431,564,3,180705B_rec_WTP1pPCRb_S293,MDCK,in vitro,extracellular,bulk
M,434,762,7,180705B_rec_WTP1pPCRb_S293,MDCK,in vitro,extracellular,bulk
M,434,934,1,180705B_rec_WTP1pPCRb_S293,MDCK,in vitro,extracellular,bulk
M,435,901,1,180705B_rec_WTP1pPCRb_S293,MDCK,in vitro,extracellular,bulk
M,446,491,1,180705B_rec_WTP1pPCRb_S293,MDCK,in vitro,extracellular,bulk
M,480,553,4,180705B_rec_WTP1pPCRb_S293,MDCK,in vitro,extracellular,bulk
M,480,616,4,180705B_rec_WTP1pPCRb_S293,MDCK,in vitro,extracellular,bulk
M,481,598,1,180705B_rec_WTP1pPCRb_S293,MDCK,in vitro,extracellular,bulk
M,485,548,1,180705B_rec_WTP1pPCRb_S293,MDCK,in vitro,extracellular,bulk
M,485,560,44,180705B_rec_WTP1pPCRb_S293,MDCK,in vitro,extracellular,bulk
M,488,563,9,180705B_rec_WTP1pPCRb_S293,MDCK,in vitro,extracellular,bulk
M,490,644,2,180705B_rec_WTP1pPCRb_S293,MDCK,in vitro,extracellular,bulk
M,491,802,1,180705B_rec_WTP1pPCRb_S293,MDCK,in vitro,extracellular,bulk
M,501,626,1,180705B_rec_WTP1pPCRb_S293,MDCK,in vitro,extracellular,bulk
M,513,547,5,180705B_rec_WTP1pPCRb_S293,MDCK,in vitro,extracellular,bulk
M,521,603,2,180705B_rec_WTP1pPCRb_S293,MDCK,in vitro,extracellular,bulk
M,523,665,10,180705B_rec_WTP1pPCRb_S293,MDCK,in vitro,extracellular,bulk
M,547,628,1,180705B_rec_WTP1pPCRb_S293,MDCK,in vitro,extracellular,bulk
M,564,710,1,180705B_rec_WTP1pPCRb_S293,MDCK,in vitro,extracellular,bulk
M,573,922,2,180705B_rec_WTP1pPCRb_S293,MDCK,in vitro,extracellular,bulk
M,594,637,1,180705B_rec_WTP1pPCRb_S293,MDCK,in vitro,extracellular,bulk
M,596,753,1,180705B_rec_WTP1pPCRb_S293,MDCK,in vitro,extracellular,bulk
M,597,667,1,180705B_rec_WTP1pPCRb_S293,MDCK,in vitro,extracellular,bulk
M,600,807,1,180705B_rec_WTP1pPCRb_S293,MDCK,in vitro,extracellular,bulk
M,602,663,2,180705B_rec_WTP1pPCRb_S293,MDCK,in vitro,extracellular,bulk
M,606,709,6,180705B_rec_WTP1pPCRb_S293,MDCK,in vitro,extracellular,bulk
M,614,836,1,180705B_rec_WTP1pPCRb_S293,MDCK,in vitro,extracellular,bulk
M,622,804,1,180705B_rec_WTP1pPCRb_S293,MDCK,in vitro,extracellular,bulk
M,623,668,4,180705B_rec_WTP1pPCRb_S293,MDCK,in vitro,extracellular,bulk
M,623,767,1,180705B_rec_WTP1pPCRb_S293,MDCK,in vitro,extracellular,bulk
M,625,804,1,180705B_rec_WTP1pPCRb_S293,MDCK,in vitro,extracellular,bulk
M,627,768,6,180705B_rec_WTP1pPCRb_S293,MDCK,in vitro,extracellular,bulk
M,633,682,1,180705B_rec_WTP1pPCRb_S293,MDCK,in vitro,extracellular,bulk
M,642,823,1,180705B_rec_WTP1pPCRb_S293,MDCK,in vitro,extracellular,bulk
M,643,707,3,180705B_rec_WTP1pPCRb_S293,MDCK,in vitro,extracellular,bulk
M,646,704,2,180705B_rec_WTP1pPCRb_S293,MDCK,in vitro,extracellular,bulk
M,647,711,5,180705B_rec_WTP1pPCRb_S293,MDCK,in vitro,extracellular,bulk
M,649,749,1,180705B_rec_WTP1pPCRb_S293,MDCK,in vitro,extracellular,bulk
M,652,743,2,180705B_rec_WTP1pPCRb_S293,MDCK,in vitro,extracellular,bulk
M,661,734,1,180705B_rec_WTP1pPCRb_S293,MDCK,in vitro,extracellular,bulk
M,665,706,1,180705B_rec_WTP1pPCRb_S293,MDCK,in vitro,extracellular,bulk
M,667,767,3,180705B_rec_WTP1pPCRb_S293,MDCK,in vitro,extracellular,bulk
M,669,742,1,180705B_rec_WTP1pPCRb_S293,MDCK,in vitro,extracellular,bulk
M,761,934,2,180705B_rec_WTP1pPCRb_S293,MDCK,in vitro,extracellular,bulk
M,766,802,1,180705B_rec_WTP1pPCRb_S293,MDCK,in vitro,extracellular,bulk
M,899,934,10,180705B_rec_WTP1pPCRb_S293,MDCK,in vitro,extracellular,bulk
NS,105,408,1,180705B_rec_WTP1pPCRb_S293,MDCK,in vitro,extracellular,bulk
NS,175,458,1,180705B_rec_WTP1pPCRb_S293,MDCK,in vitro,extracellular,bulk
NS,191,425,1,180705B_rec_WTP1pPCRb_S293,MDCK,in vitro,extracellular,bulk
NS,214,353,1,180705B_rec_WTP1pPCRb_S293,MDCK,in vitro,extracellular,bulk
NS,242,407,1,180705B_rec_WTP1pPCRb_S293,MDCK,in vitro,extracellular,bulk
NS,252,544,4,180705B_rec_WTP1pPCRb_S293,MDCK,in vitro,extracellular,bulk
NS,269,345,2,180705B_rec_WTP1pPCRb_S293,MDCK,in vitro,extracellular,bulk
NS,270,400,1,180705B_rec_WTP1pPCRb_S293,MDCK,in vitro,extracellular,bulk
NS,337,410,1,180705B_rec_WTP1pPCRb_S293,MDCK,in vitro,extracellular,bulk
NS,337,413,2,180705B_rec_WTP1pPCRb_S293,MDCK,in vitro,extracellular,bulk
NS,343,572,1,180705B_rec_WTP1pPCRb_S293,MDCK,in vitro,extracellular,bulk
NS,344,399,1,180705B_rec_WTP1pPCRb_S293,MDCK,in vitro,extracellular,bulk
NS,355,407,1,180705B_rec_WTP1pPCRb_S293,MDCK,in vitro,extracellular,bulk
NS,357,421,2,180705B_rec_WTP1pPCRb_S293,MDCK,in vitro,extracellular,bulk
NS,359,433,6,180705B_rec_WTP1pPCRb_S293,MDCK,in vitro,extracellular,bulk
NS,359,477,1,180705B_rec_WTP1pPCRb_S293,MDCK,in vitro,extracellular,bulk
NS,389,431,1,180705B_rec_WTP1pPCRb_S293,MDCK,in vitro,extracellular,bulk
NS,400,452,1,180705B_rec_WTP1pPCRb_S293,MDCK,in vitro,extracellular,bulk
NS,417,539,7,180705B_rec_WTP1pPCRb_S293,MDCK,in vitro,extracellular,bulk
NS,421,557,1,180705B_rec_WTP1pPCRb_S293,MDCK,in vitro,extracellular,bulk
NS,427,582,1,180705B_rec_WTP1pPCRb_S293,MDCK,in vitro,extracellular,bulk
NS,429,510,1,180705B_rec_WTP1pPCRb_S293,MDCK,in vitro,extracellular,bulk
NS,453,639,2,180705B_rec_WTP1pPCRb_S293,MDCK,in vitro,extracellular,bulk
NS,481,542,1,180705B_rec_WTP1pPCRb_S293,MDCK,in vitro,extracellular,bulk
NS,52,428,2,180705B_rec_WTP1pPCRb_S293,MDCK,in vitro,extracellular,bulk
NS,55,592,1,180705B_rec_WTP1pPCRb_S293,MDCK,in vitro,extracellular,bulk
NS,56,431,6,180705B_rec_WTP1pPCRb_S293,MDCK,in vitro,extracellular,bulk
NS,87,554,1,180705B_rec_WTP1pPCRb_S293,MDCK,in vitro,extracellular,bulk
